seq_id,moment,camera,system,user
0,0,DL,FR,P01
0,2500,DL,FR,P01
0,5000,DL,FR,P01
0,12500,DL,FR,P01
0,15000,DL,FR,P01
0,17500,DL,FR,P01
0,20000,DL,FR,P01
0,40000,DL,FR,P01
0,60000,DL,FR,P01
0,72500,DL,FR,P01
0,75000,DL,FR,P01
0,90000,DL,FR,P01
0,97500,DL,FR,P01
0,102500,DL,FR,P01
0,105000,DL,FR,P01
0,107500,DL,FR,P01
0,115000,DL,FR,P01
0,120000,DL,FR,P01
0,142500,DL,FR,P01
0,145000,DL,FR,P01
0,147500,DL,FR,P01
0,150000,DL,FR,P01
0,157500,DL,FR,P01
0,160000,DL,FR,P01
0,162500,DL,FR,P01
0,165000,DL,FR,P01
0,167500,DL,FR,P01
0,180000,DL,FR,P01
0,182500,DL,FR,P01
0,185000,DL,FR,P01
0,187500,DL,FR,P01
0,190000,DL,FR,P01
0,192500,DL,FR,P01
0,195000,DL,FR,P01
0,197500,DL,FR,P01
0,200000,DL,FR,P01
0,210000,DL,FR,P01
0,212500,DL,FR,P01
0,215000,DL,FR,P01
0,217500,DL,FR,P01
0,220000,DL,FR,P01
0,222500,DL,FR,P01
0,225000,DL,FR,P01
0,227500,DL,FR,P01
0,230000,DL,FR,P01
0,232500,DL,FR,P01
0,237500,DL,FR,P01
0,260000,DL,FR,P01
0,262500,DL,FR,P01
0,265000,DL,FR,P01
0,267500,DL,FR,P01
0,270000,DL,FR,P01
0,272500,DL,FR,P01
0,275000,DL,FR,P01
0,282500,DL,FR,P01
0,285000,DL,FR,P01
0,287500,DL,FR,P01
0,290000,DL,FR,P01
0,292500,DL,FR,P01
0,295000,DL,FR,P01
0,300000,DL,FR,P01
0,302500,DL,FR,P01
0,307500,DL,FR,P01
0,312500,DL,FR,P01
0,315000,DL,FR,P01
0,317500,DL,FR,P01
0,320000,DL,FR,P01
0,362500,DL,FR,P01
0,367500,DL,FR,P01
0,370000,DL,FR,P01
0,372500,DL,FR,P01
0,375000,DL,FR,P01
0,377500,DL,FR,P01
0,380000,DL,FR,P01
0,382500,DL,FR,P01
0,385000,DL,FR,P01
0,387500,DL,FR,P01
0,390000,DL,FR,P01
0,392500,DL,FR,P01
0,395000,DL,FR,P01
0,397500,DL,FR,P01
0,400000,DL,FR,P01
0,402500,DL,FR,P01
0,405000,DL,FR,P01
0,415000,DL,FR,P01
0,417500,DL,FR,P01
0,420000,DL,FR,P01
0,422500,DL,FR,P01
0,425000,DL,FR,P01
0,427500,DL,FR,P01
0,430000,DL,FR,P01
0,432500,DL,FR,P01
0,435000,DL,FR,P01
0,437500,DL,FR,P01
0,442500,DL,FR,P01
0,445000,DL,FR,P01
0,447500,DL,FR,P01
0,450000,DL,FR,P01
0,452500,DL,FR,P01
0,455000,DL,FR,P01
0,457500,DL,FR,P01
0,460000,DL,FR,P01
0,462500,DL,FR,P01
0,465000,DL,FR,P01
0,467500,DL,FR,P01
0,470000,DL,FR,P01
0,472500,DL,FR,P01
0,475000,DL,FR,P01
0,477500,DL,FR,P01
0,480000,DL,FR,P01
0,482500,DL,FR,P01
0,485000,DL,FR,P01
0,487500,DL,FR,P01
0,490000,DL,FR,P01
0,492500,DL,FR,P01
0,495000,DL,FR,P01
0,500000,DL,FR,P01
0,502500,DL,FR,P01
0,505000,DL,FR,P01
0,510000,DL,FR,P01
0,512500,DL,FR,P01
0,515000,DL,FR,P01
0,517500,DL,FR,P01
0,522500,DL,FR,P01
0,525000,DL,FR,P01
0,527500,DL,FR,P01
0,530000,DL,FR,P01
0,532500,DL,FR,P01
0,550000,DL,FR,P01
0,552500,DL,FR,P01
0,555000,DL,FR,P01
0,557500,DL,FR,P01
0,565000,DL,FR,P01
0,567500,DL,FR,P01
0,572500,DL,FR,P01
0,575000,DL,FR,P01
0,577500,DL,FR,P01
0,580000,DL,FR,P01
0,582500,DL,FR,P01
0,585000,DL,FR,P01
0,587500,DL,FR,P01
0,590000,DL,FR,P01
0,592500,DL,FR,P01
0,595000,DL,FR,P01
0,597500,DL,FR,P01
0,600000,DL,FR,P01
0,602500,DL,FR,P01
0,615000,DL,FR,P01
0,617500,DL,FR,P01
0,625000,DL,FR,P01
0,627500,DL,FR,P01
0,637500,DL,FR,P01
0,640000,DL,FR,P01
0,642500,DL,FR,P01
0,645000,DL,FR,P01
0,650000,DL,FR,P01
0,662500,DL,FR,P01
0,667500,DL,FR,P01
0,670000,DL,FR,P01
0,672500,DL,FR,P01
0,675000,DL,FR,P01
0,677500,DL,FR,P01
0,685000,DL,FR,P01
0,687500,DL,FR,P01
0,690000,DL,FR,P01
0,692500,DL,FR,P01
0,695000,DL,FR,P01
0,697500,DL,FR,P01
0,700000,DL,FR,P01
0,702500,DL,FR,P01
0,705000,DL,FR,P01
0,707500,DL,FR,P01
0,710000,DL,FR,P01
0,712500,DL,FR,P01
0,715000,DL,FR,P01
0,717500,DL,FR,P01
0,720000,DL,FR,P01
0,722500,DL,FR,P01
0,727500,DL,FR,P01
0,730000,DL,FR,P01
0,735000,DL,FR,P01
0,737500,DL,FR,P01
0,740000,DL,FR,P01
0,742500,DL,FR,P01
0,745000,DL,FR,P01
0,747500,DL,FR,P01
0,750000,DL,FR,P01
0,752500,DL,FR,P01
0,755000,DL,FR,P01
0,757500,DL,FR,P01
0,760000,DL,FR,P01
0,767500,DL,FR,P01
0,772500,DL,FR,P01
0,777500,DL,FR,P01
0,787500,DL,FR,P01
0,790000,DL,FR,P01
0,792500,DL,FR,P01
0,800000,DL,FR,P01
0,807500,DL,FR,P01
0,810000,DL,FR,P01
0,812500,DL,FR,P01
0,815000,DL,FR,P01
0,817500,DL,FR,P01
0,820000,DL,FR,P01
0,822500,DL,FR,P01
0,842500,DL,FR,P01
0,845000,DL,FR,P01
0,852500,DL,FR,P01
0,872500,DL,FR,P01
0,875000,DL,FR,P01
0,877500,DL,FR,P01
0,880000,DL,FR,P01
0,882500,DL,FR,P01
0,885000,DL,FR,P01
0,887500,DL,FR,P01
0,890000,DL,FR,P01
0,892500,DL,FR,P01
0,895000,DL,FR,P01
0,897500,DL,FR,P01
0,900000,DL,FR,P01
0,902500,DL,FR,P01
0,905000,DL,FR,P01
0,907500,DL,FR,P01
0,910000,DL,FR,P01
0,912500,DL,FR,P01
0,915000,DL,FR,P01
0,917500,DL,FR,P01
0,920000,DL,FR,P01
0,922500,DL,FR,P01
0,925000,DL,FR,P01
0,927500,DL,FR,P01
0,930000,DL,FR,P01
0,932500,DL,FR,P01
0,935000,DL,FR,P01
0,937500,DL,FR,P01
0,940000,DL,FR,P01
0,942500,DL,FR,P01
0,945000,DL,FR,P01
0,947500,DL,FR,P01
0,950000,DL,FR,P01
0,952500,DL,FR,P01
0,955000,DL,FR,P01
0,957500,DL,FR,P01
0,960000,DL,FR,P01
0,962500,DL,FR,P01
0,965000,DL,FR,P01
0,967500,DL,FR,P01
0,970000,DL,FR,P01
0,972500,DL,FR,P01
0,975000,DL,FR,P01
0,977500,DL,FR,P01
0,980000,DL,FR,P01
0,982500,DL,FR,P01
0,985000,DL,FR,P01
0,987500,DL,FR,P01
0,990000,DL,FR,P01
0,992500,DL,FR,P01
0,995000,DL,FR,P01
0,997500,DL,FR,P01
0,1000000,DL,FR,P01
0,1022500,DL,FR,P01
0,1025000,DL,FR,P01
0,1027500,DL,FR,P01
0,1030000,DL,FR,P01
0,1032500,DL,FR,P01
0,1035000,DL,FR,P01
0,1037500,DL,FR,P01
0,1040000,DL,FR,P01
0,1042500,DL,FR,P01
0,1045000,DL,FR,P01
0,1047500,DL,FR,P01
0,1050000,DL,FR,P01
0,1052500,DL,FR,P01
0,1055000,DL,FR,P01
0,1057500,DL,FR,P01
0,1060000,DL,FR,P01
0,1062500,DL,FR,P01
0,1065000,DL,FR,P01
0,1102500,DL,FR,P01
0,1105000,DL,FR,P01
0,1107500,DL,FR,P01
0,1117500,DL,FR,P01
0,1120000,DL,FR,P01
0,1122500,DL,FR,P01
0,1125000,DL,FR,P01
0,1130000,DL,FR,P01
0,1132500,DL,FR,P01
0,1140000,DL,FR,P01
0,1142500,DL,FR,P01
0,1145000,DL,FR,P01
0,1147500,DL,FR,P01
0,1150000,DL,FR,P01
0,1152500,DL,FR,P01
0,1155000,DL,FR,P01
0,1157500,DL,FR,P01
0,1177500,DL,FR,P01
1,2500,DL,LU,P01
1,5000,DL,LU,P01
1,7500,DL,LU,P01
1,10000,DL,LU,P01
1,12500,DL,LU,P01
1,15000,DL,LU,P01
1,17500,DL,LU,P01
1,20000,DL,LU,P01
1,25000,DL,LU,P01
1,32500,DL,LU,P01
1,35000,DL,LU,P01
1,57500,DL,LU,P01
1,70000,DL,LU,P01
1,72500,DL,LU,P01
1,75000,DL,LU,P01
1,77500,DL,LU,P01
1,82500,DL,LU,P01
1,85000,DL,LU,P01
1,87500,DL,LU,P01
1,95000,DL,LU,P01
1,102500,DL,LU,P01
1,105000,DL,LU,P01
1,117500,DL,LU,P01
1,227500,DL,LU,P01
1,230000,DL,LU,P01
1,232500,DL,LU,P01
1,235000,DL,LU,P01
1,237500,DL,LU,P01
1,240000,DL,LU,P01
1,242500,DL,LU,P01
1,245000,DL,LU,P01
1,247500,DL,LU,P01
1,250000,DL,LU,P01
1,252500,DL,LU,P01
1,255000,DL,LU,P01
1,257500,DL,LU,P01
1,260000,DL,LU,P01
1,262500,DL,LU,P01
1,265000,DL,LU,P01
1,267500,DL,LU,P01
1,270000,DL,LU,P01
1,272500,DL,LU,P01
1,275000,DL,LU,P01
1,277500,DL,LU,P01
1,332500,DL,LU,P01
1,335000,DL,LU,P01
1,347500,DL,LU,P01
1,350000,DL,LU,P01
1,355000,DL,LU,P01
1,357500,DL,LU,P01
1,360000,DL,LU,P01
1,362500,DL,LU,P01
1,365000,DL,LU,P01
1,367500,DL,LU,P01
1,370000,DL,LU,P01
1,372500,DL,LU,P01
1,375000,DL,LU,P01
1,377500,DL,LU,P01
1,380000,DL,LU,P01
1,382500,DL,LU,P01
1,385000,DL,LU,P01
1,387500,DL,LU,P01
1,430000,DL,LU,P01
1,435000,DL,LU,P01
1,437500,DL,LU,P01
1,440000,DL,LU,P01
1,442500,DL,LU,P01
1,445000,DL,LU,P01
1,447500,DL,LU,P01
1,450000,DL,LU,P01
1,452500,DL,LU,P01
1,455000,DL,LU,P01
1,457500,DL,LU,P01
1,460000,DL,LU,P01
1,477500,DL,LU,P01
1,480000,DL,LU,P01
1,482500,DL,LU,P01
1,485000,DL,LU,P01
1,487500,DL,LU,P01
1,490000,DL,LU,P01
1,492500,DL,LU,P01
1,500000,DL,LU,P01
1,502500,DL,LU,P01
1,507500,DL,LU,P01
1,510000,DL,LU,P01
1,512500,DL,LU,P01
1,515000,DL,LU,P01
1,517500,DL,LU,P01
1,520000,DL,LU,P01
1,522500,DL,LU,P01
1,525000,DL,LU,P01
1,527500,DL,LU,P01
1,552500,DL,LU,P01
1,555000,DL,LU,P01
1,557500,DL,LU,P01
1,562500,DL,LU,P01
1,565000,DL,LU,P01
1,567500,DL,LU,P01
1,570000,DL,LU,P01
1,572500,DL,LU,P01
1,575000,DL,LU,P01
1,577500,DL,LU,P01
1,580000,DL,LU,P01
1,582500,DL,LU,P01
1,585000,DL,LU,P01
1,587500,DL,LU,P01
1,590000,DL,LU,P01
1,592500,DL,LU,P01
1,595000,DL,LU,P01
1,597500,DL,LU,P01
1,600000,DL,LU,P01
1,607500,DL,LU,P01
1,610000,DL,LU,P01
1,612500,DL,LU,P01
1,617500,DL,LU,P01
1,622500,DL,LU,P01
1,625000,DL,LU,P01
1,635000,DL,LU,P01
1,637500,DL,LU,P01
1,640000,DL,LU,P01
1,642500,DL,LU,P01
1,645000,DL,LU,P01
1,647500,DL,LU,P01
1,650000,DL,LU,P01
1,660000,DL,LU,P01
1,662500,DL,LU,P01
1,665000,DL,LU,P01
1,670000,DL,LU,P01
1,675000,DL,LU,P01
1,677500,DL,LU,P01
1,680000,DL,LU,P01
1,687500,DL,LU,P01
1,692500,DL,LU,P01
1,705000,DL,LU,P01
1,710000,DL,LU,P01
1,712500,DL,LU,P01
1,715000,DL,LU,P01
1,717500,DL,LU,P01
1,720000,DL,LU,P01
1,722500,DL,LU,P01
1,725000,DL,LU,P01
1,727500,DL,LU,P01
1,730000,DL,LU,P01
1,732500,DL,LU,P01
1,735000,DL,LU,P01
1,737500,DL,LU,P01
1,740000,DL,LU,P01
1,747500,DL,LU,P01
1,750000,DL,LU,P01
1,752500,DL,LU,P01
1,755000,DL,LU,P01
1,757500,DL,LU,P01
1,760000,DL,LU,P01
1,762500,DL,LU,P01
1,765000,DL,LU,P01
1,800000,DL,LU,P01
1,802500,DL,LU,P01
1,805000,DL,LU,P01
1,807500,DL,LU,P01
1,810000,DL,LU,P01
1,812500,DL,LU,P01
1,815000,DL,LU,P01
1,817500,DL,LU,P01
1,820000,DL,LU,P01
1,822500,DL,LU,P01
1,825000,DL,LU,P01
1,827500,DL,LU,P01
1,830000,DL,LU,P01
1,832500,DL,LU,P01
1,835000,DL,LU,P01
1,837500,DL,LU,P01
1,840000,DL,LU,P01
1,842500,DL,LU,P01
1,845000,DL,LU,P01
1,847500,DL,LU,P01
1,850000,DL,LU,P01
1,852500,DL,LU,P01
1,855000,DL,LU,P01
1,857500,DL,LU,P01
1,860000,DL,LU,P01
1,862500,DL,LU,P01
1,865000,DL,LU,P01
1,867500,DL,LU,P01
1,870000,DL,LU,P01
1,872500,DL,LU,P01
1,875000,DL,LU,P01
1,877500,DL,LU,P01
1,880000,DL,LU,P01
1,882500,DL,LU,P01
1,885000,DL,LU,P01
1,887500,DL,LU,P01
1,890000,DL,LU,P01
1,892500,DL,LU,P01
1,895000,DL,LU,P01
1,897500,DL,LU,P01
1,900000,DL,LU,P01
1,902500,DL,LU,P01
1,905000,DL,LU,P01
1,907500,DL,LU,P01
1,910000,DL,LU,P01
1,912500,DL,LU,P01
1,915000,DL,LU,P01
1,917500,DL,LU,P01
1,920000,DL,LU,P01
1,922500,DL,LU,P01
1,925000,DL,LU,P01
1,927500,DL,LU,P01
1,930000,DL,LU,P01
1,932500,DL,LU,P01
1,935000,DL,LU,P01
1,937500,DL,LU,P01
1,940000,DL,LU,P01
1,942500,DL,LU,P01
1,945000,DL,LU,P01
1,947500,DL,LU,P01
1,950000,DL,LU,P01
1,952500,DL,LU,P01
1,955000,DL,LU,P01
1,957500,DL,LU,P01
1,960000,DL,LU,P01
1,962500,DL,LU,P01
1,965000,DL,LU,P01
1,967500,DL,LU,P01
1,970000,DL,LU,P01
1,972500,DL,LU,P01
1,975000,DL,LU,P01
1,977500,DL,LU,P01
1,980000,DL,LU,P01
1,982500,DL,LU,P01
1,985000,DL,LU,P01
1,987500,DL,LU,P01
1,990000,DL,LU,P01
1,992500,DL,LU,P01
1,995000,DL,LU,P01
1,997500,DL,LU,P01
1,1000000,DL,LU,P01
1,1002500,DL,LU,P01
1,1005000,DL,LU,P01
1,1007500,DL,LU,P01
1,1010000,DL,LU,P01
1,1012500,DL,LU,P01
1,1015000,DL,LU,P01
1,1017500,DL,LU,P01
1,1020000,DL,LU,P01
1,1022500,DL,LU,P01
1,1025000,DL,LU,P01
1,1027500,DL,LU,P01
1,1030000,DL,LU,P01
1,1032500,DL,LU,P01
1,1035000,DL,LU,P01
1,1037500,DL,LU,P01
1,1040000,DL,LU,P01
1,1042500,DL,LU,P01
1,1045000,DL,LU,P01
1,1047500,DL,LU,P01
1,1050000,DL,LU,P01
1,1052500,DL,LU,P01
1,1055000,DL,LU,P01
1,1057500,DL,LU,P01
1,1060000,DL,LU,P01
1,1062500,DL,LU,P01
1,1065000,DL,LU,P01
1,1067500,DL,LU,P01
1,1070000,DL,LU,P01
1,1072500,DL,LU,P01
1,1075000,DL,LU,P01
1,1077500,DL,LU,P01
1,1080000,DL,LU,P01
1,1082500,DL,LU,P01
1,1085000,DL,LU,P01
1,1087500,DL,LU,P01
1,1090000,DL,LU,P01
1,1092500,DL,LU,P01
1,1095000,DL,LU,P01
1,1097500,DL,LU,P01
1,1100000,DL,LU,P01
1,1102500,DL,LU,P01
1,1105000,DL,LU,P01
1,1107500,DL,LU,P01
1,1110000,DL,LU,P01
1,1112500,DL,LU,P01
1,1115000,DL,LU,P01
1,1117500,DL,LU,P01
1,1120000,DL,LU,P01
1,1122500,DL,LU,P01
1,1125000,DL,LU,P01
1,1127500,DL,LU,P01
1,1130000,DL,LU,P01
1,1132500,DL,LU,P01
1,1135000,DL,LU,P01
1,1137500,DL,LU,P01
1,1140000,DL,LU,P01
1,1142500,DL,LU,P01
1,1145000,DL,LU,P01
1,1147500,DL,LU,P01
1,1150000,DL,LU,P01
1,1152500,DL,LU,P01
1,1155000,DL,LU,P01
1,1157500,DL,LU,P01
1,1160000,DL,LU,P01
1,1162500,DL,LU,P01
1,1165000,DL,LU,P01
1,1167500,DL,LU,P01
1,1170000,DL,LU,P01
1,1172500,DL,LU,P01
1,1175000,DL,LU,P01
1,1177500,DL,LU,P01
2,0,DL,XP,P01
2,2500,DL,XP,P01
2,7500,DL,XP,P01
2,10000,DL,XP,P01
2,12500,DL,XP,P01
2,15000,DL,XP,P01
2,17500,DL,XP,P01
2,20000,DL,XP,P01
2,25000,DL,XP,P01
2,27500,DL,XP,P01
2,72500,DL,XP,P01
2,105000,DL,XP,P01
2,107500,DL,XP,P01
2,110000,DL,XP,P01
2,112500,DL,XP,P01
2,115000,DL,XP,P01
2,117500,DL,XP,P01
2,120000,DL,XP,P01
2,122500,DL,XP,P01
2,125000,DL,XP,P01
2,127500,DL,XP,P01
2,130000,DL,XP,P01
2,132500,DL,XP,P01
2,135000,DL,XP,P01
2,137500,DL,XP,P01
2,140000,DL,XP,P01
2,142500,DL,XP,P01
2,145000,DL,XP,P01
2,147500,DL,XP,P01
2,150000,DL,XP,P01
2,152500,DL,XP,P01
2,155000,DL,XP,P01
2,157500,DL,XP,P01
2,160000,DL,XP,P01
2,162500,DL,XP,P01
2,165000,DL,XP,P01
2,167500,DL,XP,P01
2,170000,DL,XP,P01
2,172500,DL,XP,P01
2,192500,DL,XP,P01
2,195000,DL,XP,P01
2,197500,DL,XP,P01
2,200000,DL,XP,P01
2,202500,DL,XP,P01
2,205000,DL,XP,P01
2,262500,DL,XP,P01
2,265000,DL,XP,P01
2,267500,DL,XP,P01
2,270000,DL,XP,P01
2,272500,DL,XP,P01
2,275000,DL,XP,P01
2,277500,DL,XP,P01
2,280000,DL,XP,P01
2,317500,DL,XP,P01
2,320000,DL,XP,P01
2,322500,DL,XP,P01
2,325000,DL,XP,P01
2,327500,DL,XP,P01
2,337500,DL,XP,P01
2,347500,DL,XP,P01
2,352500,DL,XP,P01
2,355000,DL,XP,P01
2,357500,DL,XP,P01
2,360000,DL,XP,P01
2,362500,DL,XP,P01
2,410000,DL,XP,P01
2,412500,DL,XP,P01
2,415000,DL,XP,P01
2,417500,DL,XP,P01
2,420000,DL,XP,P01
2,422500,DL,XP,P01
2,425000,DL,XP,P01
2,427500,DL,XP,P01
2,430000,DL,XP,P01
2,432500,DL,XP,P01
2,435000,DL,XP,P01
2,437500,DL,XP,P01
2,440000,DL,XP,P01
2,442500,DL,XP,P01
2,455000,DL,XP,P01
2,457500,DL,XP,P01
2,460000,DL,XP,P01
2,462500,DL,XP,P01
2,465000,DL,XP,P01
2,467500,DL,XP,P01
2,470000,DL,XP,P01
2,472500,DL,XP,P01
2,475000,DL,XP,P01
2,477500,DL,XP,P01
2,480000,DL,XP,P01
2,482500,DL,XP,P01
2,485000,DL,XP,P01
2,487500,DL,XP,P01
2,490000,DL,XP,P01
2,492500,DL,XP,P01
2,497500,DL,XP,P01
2,500000,DL,XP,P01
2,502500,DL,XP,P01
2,505000,DL,XP,P01
2,507500,DL,XP,P01
2,510000,DL,XP,P01
2,512500,DL,XP,P01
2,515000,DL,XP,P01
2,517500,DL,XP,P01
2,520000,DL,XP,P01
2,522500,DL,XP,P01
2,525000,DL,XP,P01
2,527500,DL,XP,P01
2,530000,DL,XP,P01
2,532500,DL,XP,P01
2,535000,DL,XP,P01
2,537500,DL,XP,P01
2,540000,DL,XP,P01
2,542500,DL,XP,P01
2,545000,DL,XP,P01
2,547500,DL,XP,P01
2,550000,DL,XP,P01
2,552500,DL,XP,P01
2,555000,DL,XP,P01
2,557500,DL,XP,P01
2,560000,DL,XP,P01
2,562500,DL,XP,P01
2,565000,DL,XP,P01
2,567500,DL,XP,P01
2,570000,DL,XP,P01
2,572500,DL,XP,P01
2,575000,DL,XP,P01
2,580000,DL,XP,P01
2,582500,DL,XP,P01
2,585000,DL,XP,P01
2,587500,DL,XP,P01
2,590000,DL,XP,P01
2,592500,DL,XP,P01
2,595000,DL,XP,P01
2,597500,DL,XP,P01
2,600000,DL,XP,P01
2,602500,DL,XP,P01
2,605000,DL,XP,P01
2,607500,DL,XP,P01
2,610000,DL,XP,P01
2,612500,DL,XP,P01
2,615000,DL,XP,P01
2,617500,DL,XP,P01
2,625000,DL,XP,P01
2,627500,DL,XP,P01
2,630000,DL,XP,P01
2,632500,DL,XP,P01
2,635000,DL,XP,P01
2,637500,DL,XP,P01
2,647500,DL,XP,P01
2,650000,DL,XP,P01
2,652500,DL,XP,P01
2,655000,DL,XP,P01
2,657500,DL,XP,P01
2,660000,DL,XP,P01
2,662500,DL,XP,P01
2,665000,DL,XP,P01
2,667500,DL,XP,P01
2,670000,DL,XP,P01
2,672500,DL,XP,P01
2,675000,DL,XP,P01
2,677500,DL,XP,P01
2,680000,DL,XP,P01
2,682500,DL,XP,P01
2,685000,DL,XP,P01
2,687500,DL,XP,P01
2,690000,DL,XP,P01
2,692500,DL,XP,P01
2,695000,DL,XP,P01
2,697500,DL,XP,P01
2,700000,DL,XP,P01
2,702500,DL,XP,P01
2,705000,DL,XP,P01
2,707500,DL,XP,P01
2,710000,DL,XP,P01
2,712500,DL,XP,P01
2,715000,DL,XP,P01
2,717500,DL,XP,P01
2,720000,DL,XP,P01
2,725000,DL,XP,P01
2,727500,DL,XP,P01
2,730000,DL,XP,P01
2,732500,DL,XP,P01
2,735000,DL,XP,P01
2,737500,DL,XP,P01
2,740000,DL,XP,P01
2,742500,DL,XP,P01
2,745000,DL,XP,P01
2,747500,DL,XP,P01
2,750000,DL,XP,P01
2,752500,DL,XP,P01
2,755000,DL,XP,P01
2,757500,DL,XP,P01
2,760000,DL,XP,P01
2,762500,DL,XP,P01
2,765000,DL,XP,P01
2,767500,DL,XP,P01
2,770000,DL,XP,P01
2,772500,DL,XP,P01
2,775000,DL,XP,P01
2,777500,DL,XP,P01
2,780000,DL,XP,P01
2,782500,DL,XP,P01
2,785000,DL,XP,P01
2,787500,DL,XP,P01
2,790000,DL,XP,P01
2,792500,DL,XP,P01
2,795000,DL,XP,P01
2,797500,DL,XP,P01
2,800000,DL,XP,P01
2,802500,DL,XP,P01
2,805000,DL,XP,P01
2,807500,DL,XP,P01
2,820000,DL,XP,P01
2,822500,DL,XP,P01
2,825000,DL,XP,P01
2,827500,DL,XP,P01
2,830000,DL,XP,P01
2,832500,DL,XP,P01
2,950000,DL,XP,P01
2,952500,DL,XP,P01
2,1022500,DL,XP,P01
2,1025000,DL,XP,P01
2,1027500,DL,XP,P01
2,1122500,DL,XP,P01
2,1132500,DL,XP,P01
2,1135000,DL,XP,P01
2,1137500,DL,XP,P01
2,1140000,DL,XP,P01
2,1142500,DL,XP,P01
2,1147500,DL,XP,P01
2,1150000,DL,XP,P01
2,1160000,DL,XP,P01
3,0,DR,FR,P01
3,2500,DR,FR,P01
3,5000,DR,FR,P01
3,12500,DR,FR,P01
3,15000,DR,FR,P01
3,17500,DR,FR,P01
3,30000,DR,FR,P01
3,40000,DR,FR,P01
3,95000,DR,FR,P01
3,107500,DR,FR,P01
3,110000,DR,FR,P01
3,112500,DR,FR,P01
3,145000,DR,FR,P01
3,147500,DR,FR,P01
3,150000,DR,FR,P01
3,152500,DR,FR,P01
3,155000,DR,FR,P01
3,157500,DR,FR,P01
3,160000,DR,FR,P01
3,162500,DR,FR,P01
3,165000,DR,FR,P01
3,167500,DR,FR,P01
3,170000,DR,FR,P01
3,172500,DR,FR,P01
3,175000,DR,FR,P01
3,177500,DR,FR,P01
3,180000,DR,FR,P01
3,182500,DR,FR,P01
3,185000,DR,FR,P01
3,187500,DR,FR,P01
3,190000,DR,FR,P01
3,192500,DR,FR,P01
3,195000,DR,FR,P01
3,197500,DR,FR,P01
3,200000,DR,FR,P01
3,205000,DR,FR,P01
3,207500,DR,FR,P01
3,210000,DR,FR,P01
3,212500,DR,FR,P01
3,215000,DR,FR,P01
3,217500,DR,FR,P01
3,220000,DR,FR,P01
3,222500,DR,FR,P01
3,225000,DR,FR,P01
3,227500,DR,FR,P01
3,230000,DR,FR,P01
3,232500,DR,FR,P01
3,235000,DR,FR,P01
3,237500,DR,FR,P01
3,240000,DR,FR,P01
3,242500,DR,FR,P01
3,245000,DR,FR,P01
3,247500,DR,FR,P01
3,262500,DR,FR,P01
3,265000,DR,FR,P01
3,267500,DR,FR,P01
3,270000,DR,FR,P01
3,272500,DR,FR,P01
3,275000,DR,FR,P01
3,277500,DR,FR,P01
3,280000,DR,FR,P01
3,282500,DR,FR,P01
3,285000,DR,FR,P01
3,287500,DR,FR,P01
3,290000,DR,FR,P01
3,302500,DR,FR,P01
3,305000,DR,FR,P01
3,307500,DR,FR,P01
3,310000,DR,FR,P01
3,312500,DR,FR,P01
3,315000,DR,FR,P01
3,317500,DR,FR,P01
3,362500,DR,FR,P01
3,370000,DR,FR,P01
3,375000,DR,FR,P01
3,382500,DR,FR,P01
3,385000,DR,FR,P01
3,387500,DR,FR,P01
3,390000,DR,FR,P01
3,392500,DR,FR,P01
3,395000,DR,FR,P01
3,397500,DR,FR,P01
3,400000,DR,FR,P01
3,402500,DR,FR,P01
3,405000,DR,FR,P01
3,407500,DR,FR,P01
3,412500,DR,FR,P01
3,415000,DR,FR,P01
3,427500,DR,FR,P01
3,430000,DR,FR,P01
3,435000,DR,FR,P01
3,440000,DR,FR,P01
3,442500,DR,FR,P01
3,445000,DR,FR,P01
3,455000,DR,FR,P01
3,457500,DR,FR,P01
3,462500,DR,FR,P01
3,465000,DR,FR,P01
3,467500,DR,FR,P01
3,470000,DR,FR,P01
3,472500,DR,FR,P01
3,475000,DR,FR,P01
3,477500,DR,FR,P01
3,480000,DR,FR,P01
3,482500,DR,FR,P01
3,485000,DR,FR,P01
3,505000,DR,FR,P01
3,507500,DR,FR,P01
3,510000,DR,FR,P01
3,512500,DR,FR,P01
3,515000,DR,FR,P01
3,517500,DR,FR,P01
3,520000,DR,FR,P01
3,522500,DR,FR,P01
3,525000,DR,FR,P01
3,527500,DR,FR,P01
3,537500,DR,FR,P01
3,552500,DR,FR,P01
3,555000,DR,FR,P01
3,557500,DR,FR,P01
3,560000,DR,FR,P01
3,565000,DR,FR,P01
3,577500,DR,FR,P01
3,582500,DR,FR,P01
3,585000,DR,FR,P01
3,595000,DR,FR,P01
3,597500,DR,FR,P01
3,612500,DR,FR,P01
3,615000,DR,FR,P01
3,617500,DR,FR,P01
3,637500,DR,FR,P01
3,642500,DR,FR,P01
3,645000,DR,FR,P01
3,647500,DR,FR,P01
3,650000,DR,FR,P01
3,660000,DR,FR,P01
3,662500,DR,FR,P01
3,670000,DR,FR,P01
3,675000,DR,FR,P01
3,677500,DR,FR,P01
3,710000,DR,FR,P01
3,712500,DR,FR,P01
3,715000,DR,FR,P01
3,717500,DR,FR,P01
3,720000,DR,FR,P01
3,722500,DR,FR,P01
3,725000,DR,FR,P01
3,727500,DR,FR,P01
3,730000,DR,FR,P01
3,732500,DR,FR,P01
3,735000,DR,FR,P01
3,737500,DR,FR,P01
3,740000,DR,FR,P01
3,742500,DR,FR,P01
3,745000,DR,FR,P01
3,747500,DR,FR,P01
3,750000,DR,FR,P01
3,752500,DR,FR,P01
3,755000,DR,FR,P01
3,757500,DR,FR,P01
3,760000,DR,FR,P01
3,762500,DR,FR,P01
3,800000,DR,FR,P01
3,802500,DR,FR,P01
3,807500,DR,FR,P01
3,810000,DR,FR,P01
3,812500,DR,FR,P01
3,815000,DR,FR,P01
3,817500,DR,FR,P01
3,820000,DR,FR,P01
3,822500,DR,FR,P01
3,825000,DR,FR,P01
3,827500,DR,FR,P01
3,830000,DR,FR,P01
3,832500,DR,FR,P01
3,835000,DR,FR,P01
3,837500,DR,FR,P01
3,840000,DR,FR,P01
3,842500,DR,FR,P01
3,845000,DR,FR,P01
3,847500,DR,FR,P01
3,850000,DR,FR,P01
3,852500,DR,FR,P01
3,855000,DR,FR,P01
3,857500,DR,FR,P01
3,860000,DR,FR,P01
3,862500,DR,FR,P01
3,865000,DR,FR,P01
3,867500,DR,FR,P01
3,870000,DR,FR,P01
3,872500,DR,FR,P01
3,915000,DR,FR,P01
3,925000,DR,FR,P01
3,950000,DR,FR,P01
3,952500,DR,FR,P01
3,955000,DR,FR,P01
3,957500,DR,FR,P01
3,960000,DR,FR,P01
3,962500,DR,FR,P01
3,965000,DR,FR,P01
3,967500,DR,FR,P01
3,970000,DR,FR,P01
3,972500,DR,FR,P01
3,975000,DR,FR,P01
3,977500,DR,FR,P01
3,980000,DR,FR,P01
3,982500,DR,FR,P01
3,985000,DR,FR,P01
3,987500,DR,FR,P01
3,990000,DR,FR,P01
3,1035000,DR,FR,P01
3,1037500,DR,FR,P01
3,1040000,DR,FR,P01
3,1042500,DR,FR,P01
3,1045000,DR,FR,P01
3,1047500,DR,FR,P01
3,1050000,DR,FR,P01
3,1052500,DR,FR,P01
3,1055000,DR,FR,P01
3,1057500,DR,FR,P01
3,1060000,DR,FR,P01
3,1062500,DR,FR,P01
3,1065000,DR,FR,P01
3,1067500,DR,FR,P01
3,1070000,DR,FR,P01
3,1112500,DR,FR,P01
3,1115000,DR,FR,P01
3,1117500,DR,FR,P01
3,1120000,DR,FR,P01
3,1122500,DR,FR,P01
3,1177500,DR,FR,P01
4,12500,DR,LU,P01
4,15000,DR,LU,P01
4,17500,DR,LU,P01
4,20000,DR,LU,P01
4,22500,DR,LU,P01
4,62500,DR,LU,P01
4,67500,DR,LU,P01
4,70000,DR,LU,P01
4,72500,DR,LU,P01
4,75000,DR,LU,P01
4,77500,DR,LU,P01
4,97500,DR,LU,P01
4,100000,DR,LU,P01
4,102500,DR,LU,P01
4,105000,DR,LU,P01
4,227500,DR,LU,P01
4,230000,DR,LU,P01
4,232500,DR,LU,P01
4,235000,DR,LU,P01
4,237500,DR,LU,P01
4,240000,DR,LU,P01
4,242500,DR,LU,P01
4,245000,DR,LU,P01
4,247500,DR,LU,P01
4,250000,DR,LU,P01
4,252500,DR,LU,P01
4,255000,DR,LU,P01
4,257500,DR,LU,P01
4,260000,DR,LU,P01
4,262500,DR,LU,P01
4,265000,DR,LU,P01
4,267500,DR,LU,P01
4,270000,DR,LU,P01
4,272500,DR,LU,P01
4,275000,DR,LU,P01
4,277500,DR,LU,P01
4,327500,DR,LU,P01
4,330000,DR,LU,P01
4,335000,DR,LU,P01
4,355000,DR,LU,P01
4,360000,DR,LU,P01
4,362500,DR,LU,P01
4,365000,DR,LU,P01
4,367500,DR,LU,P01
4,370000,DR,LU,P01
4,372500,DR,LU,P01
4,375000,DR,LU,P01
4,377500,DR,LU,P01
4,380000,DR,LU,P01
4,382500,DR,LU,P01
4,385000,DR,LU,P01
4,407500,DR,LU,P01
4,410000,DR,LU,P01
4,412500,DR,LU,P01
4,415000,DR,LU,P01
4,417500,DR,LU,P01
4,435000,DR,LU,P01
4,440000,DR,LU,P01
4,442500,DR,LU,P01
4,445000,DR,LU,P01
4,447500,DR,LU,P01
4,450000,DR,LU,P01
4,452500,DR,LU,P01
4,462500,DR,LU,P01
4,465000,DR,LU,P01
4,467500,DR,LU,P01
4,470000,DR,LU,P01
4,472500,DR,LU,P01
4,475000,DR,LU,P01
4,477500,DR,LU,P01
4,480000,DR,LU,P01
4,482500,DR,LU,P01
4,485000,DR,LU,P01
4,487500,DR,LU,P01
4,490000,DR,LU,P01
4,492500,DR,LU,P01
4,497500,DR,LU,P01
4,500000,DR,LU,P01
4,502500,DR,LU,P01
4,505000,DR,LU,P01
4,507500,DR,LU,P01
4,510000,DR,LU,P01
4,512500,DR,LU,P01
4,515000,DR,LU,P01
4,517500,DR,LU,P01
4,520000,DR,LU,P01
4,522500,DR,LU,P01
4,525000,DR,LU,P01
4,527500,DR,LU,P01
4,530000,DR,LU,P01
4,532500,DR,LU,P01
4,535000,DR,LU,P01
4,537500,DR,LU,P01
4,540000,DR,LU,P01
4,542500,DR,LU,P01
4,545000,DR,LU,P01
4,547500,DR,LU,P01
4,550000,DR,LU,P01
4,567500,DR,LU,P01
4,570000,DR,LU,P01
4,572500,DR,LU,P01
4,575000,DR,LU,P01
4,577500,DR,LU,P01
4,580000,DR,LU,P01
4,582500,DR,LU,P01
4,597500,DR,LU,P01
4,600000,DR,LU,P01
4,610000,DR,LU,P01
4,612500,DR,LU,P01
4,615000,DR,LU,P01
4,617500,DR,LU,P01
4,622500,DR,LU,P01
4,625000,DR,LU,P01
4,635000,DR,LU,P01
4,637500,DR,LU,P01
4,640000,DR,LU,P01
4,642500,DR,LU,P01
4,645000,DR,LU,P01
4,647500,DR,LU,P01
4,650000,DR,LU,P01
4,652500,DR,LU,P01
4,662500,DR,LU,P01
4,667500,DR,LU,P01
4,670000,DR,LU,P01
4,672500,DR,LU,P01
4,675000,DR,LU,P01
4,677500,DR,LU,P01
4,697500,DR,LU,P01
4,700000,DR,LU,P01
4,702500,DR,LU,P01
4,705000,DR,LU,P01
4,707500,DR,LU,P01
4,720000,DR,LU,P01
4,725000,DR,LU,P01
4,727500,DR,LU,P01
4,730000,DR,LU,P01
4,737500,DR,LU,P01
4,740000,DR,LU,P01
4,742500,DR,LU,P01
4,745000,DR,LU,P01
4,747500,DR,LU,P01
4,750000,DR,LU,P01
4,752500,DR,LU,P01
4,755000,DR,LU,P01
4,757500,DR,LU,P01
4,760000,DR,LU,P01
4,762500,DR,LU,P01
4,765000,DR,LU,P01
4,767500,DR,LU,P01
4,770000,DR,LU,P01
4,772500,DR,LU,P01
4,775000,DR,LU,P01
4,777500,DR,LU,P01
4,780000,DR,LU,P01
4,782500,DR,LU,P01
4,797500,DR,LU,P01
4,800000,DR,LU,P01
4,802500,DR,LU,P01
4,805000,DR,LU,P01
4,807500,DR,LU,P01
4,810000,DR,LU,P01
4,812500,DR,LU,P01
4,815000,DR,LU,P01
4,817500,DR,LU,P01
4,820000,DR,LU,P01
4,822500,DR,LU,P01
4,825000,DR,LU,P01
4,827500,DR,LU,P01
4,830000,DR,LU,P01
4,832500,DR,LU,P01
4,835000,DR,LU,P01
4,837500,DR,LU,P01
4,840000,DR,LU,P01
4,842500,DR,LU,P01
4,845000,DR,LU,P01
4,847500,DR,LU,P01
4,850000,DR,LU,P01
4,852500,DR,LU,P01
4,855000,DR,LU,P01
4,857500,DR,LU,P01
4,860000,DR,LU,P01
4,862500,DR,LU,P01
4,865000,DR,LU,P01
4,867500,DR,LU,P01
4,870000,DR,LU,P01
4,872500,DR,LU,P01
4,875000,DR,LU,P01
4,877500,DR,LU,P01
4,880000,DR,LU,P01
4,882500,DR,LU,P01
4,885000,DR,LU,P01
4,887500,DR,LU,P01
4,890000,DR,LU,P01
4,892500,DR,LU,P01
4,895000,DR,LU,P01
4,897500,DR,LU,P01
4,900000,DR,LU,P01
4,902500,DR,LU,P01
4,905000,DR,LU,P01
4,907500,DR,LU,P01
4,910000,DR,LU,P01
4,912500,DR,LU,P01
4,915000,DR,LU,P01
4,917500,DR,LU,P01
4,920000,DR,LU,P01
4,922500,DR,LU,P01
4,925000,DR,LU,P01
4,927500,DR,LU,P01
4,930000,DR,LU,P01
4,932500,DR,LU,P01
4,935000,DR,LU,P01
4,937500,DR,LU,P01
4,940000,DR,LU,P01
4,942500,DR,LU,P01
4,945000,DR,LU,P01
4,947500,DR,LU,P01
4,950000,DR,LU,P01
5,15000,DR,XP,P01
5,17500,DR,XP,P01
5,20000,DR,XP,P01
5,25000,DR,XP,P01
5,70000,DR,XP,P01
5,72500,DR,XP,P01
5,190000,DR,XP,P01
5,192500,DR,XP,P01
5,230000,DR,XP,P01
5,232500,DR,XP,P01
5,235000,DR,XP,P01
5,237500,DR,XP,P01
5,240000,DR,XP,P01
5,242500,DR,XP,P01
5,245000,DR,XP,P01
5,247500,DR,XP,P01
5,250000,DR,XP,P01
5,252500,DR,XP,P01
5,255000,DR,XP,P01
5,257500,DR,XP,P01
5,260000,DR,XP,P01
5,262500,DR,XP,P01
5,265000,DR,XP,P01
5,267500,DR,XP,P01
5,270000,DR,XP,P01
5,272500,DR,XP,P01
5,275000,DR,XP,P01
5,277500,DR,XP,P01
5,280000,DR,XP,P01
5,282500,DR,XP,P01
5,290000,DR,XP,P01
5,292500,DR,XP,P01
5,295000,DR,XP,P01
5,297500,DR,XP,P01
5,300000,DR,XP,P01
5,302500,DR,XP,P01
5,305000,DR,XP,P01
5,307500,DR,XP,P01
5,310000,DR,XP,P01
5,312500,DR,XP,P01
5,315000,DR,XP,P01
5,317500,DR,XP,P01
5,320000,DR,XP,P01
5,322500,DR,XP,P01
5,325000,DR,XP,P01
5,327500,DR,XP,P01
5,330000,DR,XP,P01
5,335000,DR,XP,P01
5,337500,DR,XP,P01
5,427500,DR,XP,P01
5,430000,DR,XP,P01
5,432500,DR,XP,P01
5,435000,DR,XP,P01
5,552500,DR,XP,P01
5,555000,DR,XP,P01
5,570000,DR,XP,P01
5,572500,DR,XP,P01
5,575000,DR,XP,P01
5,577500,DR,XP,P01
5,580000,DR,XP,P01
5,582500,DR,XP,P01
5,585000,DR,XP,P01
5,587500,DR,XP,P01
5,590000,DR,XP,P01
5,592500,DR,XP,P01
5,595000,DR,XP,P01
5,597500,DR,XP,P01
5,600000,DR,XP,P01
5,602500,DR,XP,P01
5,605000,DR,XP,P01
5,607500,DR,XP,P01
5,610000,DR,XP,P01
5,612500,DR,XP,P01
5,615000,DR,XP,P01
5,617500,DR,XP,P01
5,620000,DR,XP,P01
5,622500,DR,XP,P01
5,625000,DR,XP,P01
5,627500,DR,XP,P01
5,630000,DR,XP,P01
5,632500,DR,XP,P01
5,635000,DR,XP,P01
5,637500,DR,XP,P01
5,640000,DR,XP,P01
5,642500,DR,XP,P01
5,645000,DR,XP,P01
5,647500,DR,XP,P01
5,650000,DR,XP,P01
5,652500,DR,XP,P01
5,655000,DR,XP,P01
5,657500,DR,XP,P01
5,660000,DR,XP,P01
5,662500,DR,XP,P01
5,665000,DR,XP,P01
5,667500,DR,XP,P01
5,670000,DR,XP,P01
5,672500,DR,XP,P01
5,675000,DR,XP,P01
5,677500,DR,XP,P01
5,680000,DR,XP,P01
5,682500,DR,XP,P01
5,685000,DR,XP,P01
5,687500,DR,XP,P01
5,690000,DR,XP,P01
5,692500,DR,XP,P01
5,695000,DR,XP,P01
5,697500,DR,XP,P01
5,700000,DR,XP,P01
5,702500,DR,XP,P01
5,705000,DR,XP,P01
5,707500,DR,XP,P01
5,710000,DR,XP,P01
5,712500,DR,XP,P01
5,715000,DR,XP,P01
5,717500,DR,XP,P01
5,720000,DR,XP,P01
5,722500,DR,XP,P01
5,725000,DR,XP,P01
5,727500,DR,XP,P01
5,730000,DR,XP,P01
5,732500,DR,XP,P01
6,0,UL,FR,P01
6,2500,UL,FR,P01
6,5000,UL,FR,P01
6,12500,UL,FR,P01
6,22500,UL,FR,P01
6,25000,UL,FR,P01
6,27500,UL,FR,P01
6,30000,UL,FR,P01
6,32500,UL,FR,P01
6,35000,UL,FR,P01
6,37500,UL,FR,P01
6,40000,UL,FR,P01
6,42500,UL,FR,P01
6,45000,UL,FR,P01
6,47500,UL,FR,P01
6,50000,UL,FR,P01
6,52500,UL,FR,P01
6,57500,UL,FR,P01
6,60000,UL,FR,P01
6,62500,UL,FR,P01
6,65000,UL,FR,P01
6,67500,UL,FR,P01
6,70000,UL,FR,P01
6,72500,UL,FR,P01
6,75000,UL,FR,P01
6,80000,UL,FR,P01
6,85000,UL,FR,P01
6,87500,UL,FR,P01
6,90000,UL,FR,P01
6,92500,UL,FR,P01
6,102500,UL,FR,P01
6,105000,UL,FR,P01
6,107500,UL,FR,P01
6,110000,UL,FR,P01
6,112500,UL,FR,P01
6,115000,UL,FR,P01
6,117500,UL,FR,P01
6,130000,UL,FR,P01
6,132500,UL,FR,P01
6,135000,UL,FR,P01
6,137500,UL,FR,P01
6,140000,UL,FR,P01
6,167500,UL,FR,P01
6,170000,UL,FR,P01
6,200000,UL,FR,P01
6,202500,UL,FR,P01
6,212500,UL,FR,P01
6,215000,UL,FR,P01
6,217500,UL,FR,P01
6,220000,UL,FR,P01
6,227500,UL,FR,P01
6,235000,UL,FR,P01
6,240000,UL,FR,P01
6,242500,UL,FR,P01
6,247500,UL,FR,P01
6,260000,UL,FR,P01
6,262500,UL,FR,P01
6,265000,UL,FR,P01
6,267500,UL,FR,P01
6,270000,UL,FR,P01
6,272500,UL,FR,P01
6,275000,UL,FR,P01
6,307500,UL,FR,P01
6,315000,UL,FR,P01
6,317500,UL,FR,P01
6,377500,UL,FR,P01
6,382500,UL,FR,P01
6,385000,UL,FR,P01
6,390000,UL,FR,P01
6,392500,UL,FR,P01
6,395000,UL,FR,P01
6,397500,UL,FR,P01
6,400000,UL,FR,P01
6,430000,UL,FR,P01
6,432500,UL,FR,P01
6,435000,UL,FR,P01
6,437500,UL,FR,P01
6,440000,UL,FR,P01
6,442500,UL,FR,P01
6,482500,UL,FR,P01
6,492500,UL,FR,P01
6,525000,UL,FR,P01
6,532500,UL,FR,P01
6,542500,UL,FR,P01
6,545000,UL,FR,P01
6,565000,UL,FR,P01
6,582500,UL,FR,P01
6,585000,UL,FR,P01
6,592500,UL,FR,P01
6,595000,UL,FR,P01
6,597500,UL,FR,P01
6,602500,UL,FR,P01
6,605000,UL,FR,P01
6,607500,UL,FR,P01
6,610000,UL,FR,P01
6,617500,UL,FR,P01
6,620000,UL,FR,P01
6,627500,UL,FR,P01
6,630000,UL,FR,P01
6,632500,UL,FR,P01
6,647500,UL,FR,P01
6,660000,UL,FR,P01
6,662500,UL,FR,P01
6,665000,UL,FR,P01
6,667500,UL,FR,P01
6,672500,UL,FR,P01
6,677500,UL,FR,P01
6,680000,UL,FR,P01
6,715000,UL,FR,P01
6,717500,UL,FR,P01
6,720000,UL,FR,P01
6,722500,UL,FR,P01
6,732500,UL,FR,P01
6,735000,UL,FR,P01
6,817500,UL,FR,P01
6,827500,UL,FR,P01
6,830000,UL,FR,P01
6,832500,UL,FR,P01
6,835000,UL,FR,P01
6,872500,UL,FR,P01
6,875000,UL,FR,P01
6,877500,UL,FR,P01
6,880000,UL,FR,P01
6,882500,UL,FR,P01
6,895000,UL,FR,P01
6,897500,UL,FR,P01
6,900000,UL,FR,P01
6,902500,UL,FR,P01
6,905000,UL,FR,P01
6,907500,UL,FR,P01
6,910000,UL,FR,P01
6,912500,UL,FR,P01
6,915000,UL,FR,P01
6,917500,UL,FR,P01
6,942500,UL,FR,P01
6,945000,UL,FR,P01
6,947500,UL,FR,P01
6,950000,UL,FR,P01
6,955000,UL,FR,P01
6,957500,UL,FR,P01
6,960000,UL,FR,P01
6,962500,UL,FR,P01
6,967500,UL,FR,P01
6,970000,UL,FR,P01
6,972500,UL,FR,P01
6,975000,UL,FR,P01
6,977500,UL,FR,P01
6,980000,UL,FR,P01
6,992500,UL,FR,P01
6,995000,UL,FR,P01
6,997500,UL,FR,P01
6,1000000,UL,FR,P01
6,1010000,UL,FR,P01
6,1020000,UL,FR,P01
6,1022500,UL,FR,P01
6,1025000,UL,FR,P01
6,1027500,UL,FR,P01
6,1032500,UL,FR,P01
6,1035000,UL,FR,P01
6,1037500,UL,FR,P01
6,1055000,UL,FR,P01
6,1057500,UL,FR,P01
6,1060000,UL,FR,P01
6,1062500,UL,FR,P01
6,1105000,UL,FR,P01
6,1125000,UL,FR,P01
6,1127500,UL,FR,P01
6,1130000,UL,FR,P01
6,1135000,UL,FR,P01
6,1137500,UL,FR,P01
6,1140000,UL,FR,P01
6,1142500,UL,FR,P01
6,1145000,UL,FR,P01
6,1147500,UL,FR,P01
6,1150000,UL,FR,P01
6,1152500,UL,FR,P01
6,1155000,UL,FR,P01
6,1157500,UL,FR,P01
7,12500,UL,LU,P01
7,15000,UL,LU,P01
7,17500,UL,LU,P01
7,102500,UL,LU,P01
7,120000,UL,LU,P01
7,147500,UL,LU,P01
7,152500,UL,LU,P01
7,155000,UL,LU,P01
7,172500,UL,LU,P01
7,175000,UL,LU,P01
7,177500,UL,LU,P01
7,180000,UL,LU,P01
7,182500,UL,LU,P01
7,185000,UL,LU,P01
7,187500,UL,LU,P01
7,190000,UL,LU,P01
7,192500,UL,LU,P01
7,220000,UL,LU,P01
7,225000,UL,LU,P01
7,227500,UL,LU,P01
7,237500,UL,LU,P01
7,260000,UL,LU,P01
7,265000,UL,LU,P01
7,277500,UL,LU,P01
7,280000,UL,LU,P01
7,287500,UL,LU,P01
7,290000,UL,LU,P01
7,292500,UL,LU,P01
7,295000,UL,LU,P01
7,297500,UL,LU,P01
7,300000,UL,LU,P01
7,302500,UL,LU,P01
7,307500,UL,LU,P01
7,310000,UL,LU,P01
7,317500,UL,LU,P01
7,325000,UL,LU,P01
7,327500,UL,LU,P01
7,332500,UL,LU,P01
7,350000,UL,LU,P01
7,352500,UL,LU,P01
7,357500,UL,LU,P01
7,360000,UL,LU,P01
7,362500,UL,LU,P01
7,365000,UL,LU,P01
7,367500,UL,LU,P01
7,370000,UL,LU,P01
7,372500,UL,LU,P01
7,375000,UL,LU,P01
7,377500,UL,LU,P01
7,380000,UL,LU,P01
7,387500,UL,LU,P01
7,390000,UL,LU,P01
7,392500,UL,LU,P01
7,395000,UL,LU,P01
7,397500,UL,LU,P01
7,400000,UL,LU,P01
7,402500,UL,LU,P01
7,405000,UL,LU,P01
7,415000,UL,LU,P01
7,417500,UL,LU,P01
7,420000,UL,LU,P01
7,422500,UL,LU,P01
7,425000,UL,LU,P01
7,427500,UL,LU,P01
7,430000,UL,LU,P01
7,435000,UL,LU,P01
7,440000,UL,LU,P01
7,452500,UL,LU,P01
7,455000,UL,LU,P01
7,460000,UL,LU,P01
7,462500,UL,LU,P01
7,465000,UL,LU,P01
7,467500,UL,LU,P01
7,470000,UL,LU,P01
7,472500,UL,LU,P01
7,475000,UL,LU,P01
7,477500,UL,LU,P01
7,480000,UL,LU,P01
7,482500,UL,LU,P01
7,485000,UL,LU,P01
7,500000,UL,LU,P01
7,502500,UL,LU,P01
7,505000,UL,LU,P01
7,507500,UL,LU,P01
7,510000,UL,LU,P01
7,512500,UL,LU,P01
7,515000,UL,LU,P01
7,517500,UL,LU,P01
7,525000,UL,LU,P01
7,537500,UL,LU,P01
7,540000,UL,LU,P01
7,557500,UL,LU,P01
7,560000,UL,LU,P01
7,562500,UL,LU,P01
7,565000,UL,LU,P01
7,570000,UL,LU,P01
7,575000,UL,LU,P01
7,577500,UL,LU,P01
7,580000,UL,LU,P01
7,585000,UL,LU,P01
7,597500,UL,LU,P01
7,600000,UL,LU,P01
7,610000,UL,LU,P01
7,612500,UL,LU,P01
7,615000,UL,LU,P01
7,617500,UL,LU,P01
7,622500,UL,LU,P01
7,625000,UL,LU,P01
7,635000,UL,LU,P01
7,637500,UL,LU,P01
7,647500,UL,LU,P01
7,650000,UL,LU,P01
7,657500,UL,LU,P01
7,660000,UL,LU,P01
7,662500,UL,LU,P01
7,677500,UL,LU,P01
7,680000,UL,LU,P01
7,690000,UL,LU,P01
7,707500,UL,LU,P01
7,715000,UL,LU,P01
7,720000,UL,LU,P01
7,737500,UL,LU,P01
7,740000,UL,LU,P01
7,742500,UL,LU,P01
7,745000,UL,LU,P01
7,747500,UL,LU,P01
7,750000,UL,LU,P01
7,752500,UL,LU,P01
7,757500,UL,LU,P01
7,760000,UL,LU,P01
7,762500,UL,LU,P01
7,765000,UL,LU,P01
7,767500,UL,LU,P01
7,770000,UL,LU,P01
7,772500,UL,LU,P01
7,775000,UL,LU,P01
7,777500,UL,LU,P01
7,780000,UL,LU,P01
7,782500,UL,LU,P01
7,785000,UL,LU,P01
7,800000,UL,LU,P01
7,802500,UL,LU,P01
7,805000,UL,LU,P01
7,807500,UL,LU,P01
7,810000,UL,LU,P01
7,812500,UL,LU,P01
7,872500,UL,LU,P01
7,942500,UL,LU,P01
7,945000,UL,LU,P01
7,947500,UL,LU,P01
7,950000,UL,LU,P01
7,952500,UL,LU,P01
7,957500,UL,LU,P01
7,982500,UL,LU,P01
7,985000,UL,LU,P01
7,987500,UL,LU,P01
7,990000,UL,LU,P01
7,992500,UL,LU,P01
7,995000,UL,LU,P01
7,997500,UL,LU,P01
7,1000000,UL,LU,P01
7,1002500,UL,LU,P01
7,1005000,UL,LU,P01
7,1012500,UL,LU,P01
7,1030000,UL,LU,P01
7,1037500,UL,LU,P01
7,1040000,UL,LU,P01
7,1042500,UL,LU,P01
7,1045000,UL,LU,P01
7,1047500,UL,LU,P01
7,1050000,UL,LU,P01
7,1052500,UL,LU,P01
7,1062500,UL,LU,P01
7,1065000,UL,LU,P01
7,1067500,UL,LU,P01
7,1070000,UL,LU,P01
7,1072500,UL,LU,P01
7,1075000,UL,LU,P01
7,1077500,UL,LU,P01
7,1080000,UL,LU,P01
7,1082500,UL,LU,P01
7,1085000,UL,LU,P01
7,1087500,UL,LU,P01
7,1090000,UL,LU,P01
7,1092500,UL,LU,P01
7,1095000,UL,LU,P01
7,1097500,UL,LU,P01
7,1100000,UL,LU,P01
7,1102500,UL,LU,P01
7,1107500,UL,LU,P01
7,1117500,UL,LU,P01
7,1120000,UL,LU,P01
7,1122500,UL,LU,P01
7,1125000,UL,LU,P01
7,1127500,UL,LU,P01
7,1132500,UL,LU,P01
7,1142500,UL,LU,P01
7,1167500,UL,LU,P01
7,1172500,UL,LU,P01
7,1177500,UL,LU,P01
8,15000,UL,XP,P01
8,17500,UL,XP,P01
8,22500,UL,XP,P01
8,25000,UL,XP,P01
8,27500,UL,XP,P01
8,32500,UL,XP,P01
8,40000,UL,XP,P01
8,47500,UL,XP,P01
8,50000,UL,XP,P01
8,62500,UL,XP,P01
8,70000,UL,XP,P01
8,72500,UL,XP,P01
8,75000,UL,XP,P01
8,82500,UL,XP,P01
8,102500,UL,XP,P01
8,105000,UL,XP,P01
8,107500,UL,XP,P01
8,137500,UL,XP,P01
8,140000,UL,XP,P01
8,167500,UL,XP,P01
8,170000,UL,XP,P01
8,182500,UL,XP,P01
8,185000,UL,XP,P01
8,187500,UL,XP,P01
8,192500,UL,XP,P01
8,197500,UL,XP,P01
8,205000,UL,XP,P01
8,207500,UL,XP,P01
8,210000,UL,XP,P01
8,212500,UL,XP,P01
8,215000,UL,XP,P01
8,217500,UL,XP,P01
8,220000,UL,XP,P01
8,222500,UL,XP,P01
8,225000,UL,XP,P01
8,230000,UL,XP,P01
8,235000,UL,XP,P01
8,237500,UL,XP,P01
8,245000,UL,XP,P01
8,247500,UL,XP,P01
8,250000,UL,XP,P01
8,252500,UL,XP,P01
8,255000,UL,XP,P01
8,257500,UL,XP,P01
8,260000,UL,XP,P01
8,262500,UL,XP,P01
8,265000,UL,XP,P01
8,267500,UL,XP,P01
8,270000,UL,XP,P01
8,277500,UL,XP,P01
8,280000,UL,XP,P01
8,282500,UL,XP,P01
8,285000,UL,XP,P01
8,287500,UL,XP,P01
8,290000,UL,XP,P01
8,295000,UL,XP,P01
8,297500,UL,XP,P01
8,300000,UL,XP,P01
8,302500,UL,XP,P01
8,307500,UL,XP,P01
8,310000,UL,XP,P01
8,312500,UL,XP,P01
8,315000,UL,XP,P01
8,317500,UL,XP,P01
8,320000,UL,XP,P01
8,322500,UL,XP,P01
8,325000,UL,XP,P01
8,327500,UL,XP,P01
8,330000,UL,XP,P01
8,332500,UL,XP,P01
8,335000,UL,XP,P01
8,337500,UL,XP,P01
8,340000,UL,XP,P01
8,342500,UL,XP,P01
8,345000,UL,XP,P01
8,347500,UL,XP,P01
8,350000,UL,XP,P01
8,352500,UL,XP,P01
8,355000,UL,XP,P01
8,357500,UL,XP,P01
8,360000,UL,XP,P01
8,362500,UL,XP,P01
8,365000,UL,XP,P01
8,367500,UL,XP,P01
8,370000,UL,XP,P01
8,372500,UL,XP,P01
8,375000,UL,XP,P01
8,377500,UL,XP,P01
8,380000,UL,XP,P01
8,382500,UL,XP,P01
8,385000,UL,XP,P01
8,387500,UL,XP,P01
8,390000,UL,XP,P01
8,392500,UL,XP,P01
8,395000,UL,XP,P01
8,397500,UL,XP,P01
8,400000,UL,XP,P01
8,402500,UL,XP,P01
8,405000,UL,XP,P01
8,407500,UL,XP,P01
8,410000,UL,XP,P01
8,412500,UL,XP,P01
8,415000,UL,XP,P01
8,417500,UL,XP,P01
8,420000,UL,XP,P01
8,422500,UL,XP,P01
8,425000,UL,XP,P01
8,427500,UL,XP,P01
8,430000,UL,XP,P01
8,432500,UL,XP,P01
8,435000,UL,XP,P01
8,440000,UL,XP,P01
8,442500,UL,XP,P01
8,445000,UL,XP,P01
8,447500,UL,XP,P01
8,450000,UL,XP,P01
8,470000,UL,XP,P01
8,482500,UL,XP,P01
8,487500,UL,XP,P01
8,490000,UL,XP,P01
8,495000,UL,XP,P01
8,502500,UL,XP,P01
8,522500,UL,XP,P01
8,525000,UL,XP,P01
8,527500,UL,XP,P01
8,535000,UL,XP,P01
8,537500,UL,XP,P01
8,540000,UL,XP,P01
8,542500,UL,XP,P01
8,545000,UL,XP,P01
8,547500,UL,XP,P01
8,550000,UL,XP,P01
8,552500,UL,XP,P01
8,555000,UL,XP,P01
8,557500,UL,XP,P01
8,562500,UL,XP,P01
8,567500,UL,XP,P01
8,570000,UL,XP,P01
8,582500,UL,XP,P01
8,585000,UL,XP,P01
8,587500,UL,XP,P01
8,590000,UL,XP,P01
8,592500,UL,XP,P01
8,595000,UL,XP,P01
8,597500,UL,XP,P01
8,602500,UL,XP,P01
8,605000,UL,XP,P01
8,607500,UL,XP,P01
8,610000,UL,XP,P01
8,617500,UL,XP,P01
8,620000,UL,XP,P01
8,622500,UL,XP,P01
8,632500,UL,XP,P01
8,637500,UL,XP,P01
8,640000,UL,XP,P01
8,642500,UL,XP,P01
8,647500,UL,XP,P01
8,652500,UL,XP,P01
8,660000,UL,XP,P01
8,662500,UL,XP,P01
8,665000,UL,XP,P01
8,667500,UL,XP,P01
8,670000,UL,XP,P01
8,677500,UL,XP,P01
8,682500,UL,XP,P01
8,685000,UL,XP,P01
8,692500,UL,XP,P01
8,695000,UL,XP,P01
8,697500,UL,XP,P01
8,700000,UL,XP,P01
8,702500,UL,XP,P01
8,705000,UL,XP,P01
8,707500,UL,XP,P01
8,710000,UL,XP,P01
8,712500,UL,XP,P01
8,715000,UL,XP,P01
8,717500,UL,XP,P01
8,720000,UL,XP,P01
8,722500,UL,XP,P01
8,725000,UL,XP,P01
8,727500,UL,XP,P01
8,730000,UL,XP,P01
8,732500,UL,XP,P01
8,735000,UL,XP,P01
8,755000,UL,XP,P01
8,757500,UL,XP,P01
8,760000,UL,XP,P01
8,762500,UL,XP,P01
8,765000,UL,XP,P01
8,767500,UL,XP,P01
8,770000,UL,XP,P01
8,772500,UL,XP,P01
8,775000,UL,XP,P01
8,790000,UL,XP,P01
8,792500,UL,XP,P01
8,795000,UL,XP,P01
8,832500,UL,XP,P01
8,842500,UL,XP,P01
8,845000,UL,XP,P01
8,847500,UL,XP,P01
8,850000,UL,XP,P01
8,852500,UL,XP,P01
8,855000,UL,XP,P01
8,857500,UL,XP,P01
8,860000,UL,XP,P01
8,862500,UL,XP,P01
8,865000,UL,XP,P01
8,867500,UL,XP,P01
8,870000,UL,XP,P01
8,872500,UL,XP,P01
8,875000,UL,XP,P01
8,877500,UL,XP,P01
8,880000,UL,XP,P01
8,882500,UL,XP,P01
8,885000,UL,XP,P01
8,887500,UL,XP,P01
8,890000,UL,XP,P01
8,892500,UL,XP,P01
8,900000,UL,XP,P01
8,902500,UL,XP,P01
8,905000,UL,XP,P01
8,907500,UL,XP,P01
8,910000,UL,XP,P01
8,912500,UL,XP,P01
8,922500,UL,XP,P01
8,925000,UL,XP,P01
8,927500,UL,XP,P01
8,930000,UL,XP,P01
8,935000,UL,XP,P01
8,937500,UL,XP,P01
8,940000,UL,XP,P01
8,942500,UL,XP,P01
8,957500,UL,XP,P01
8,962500,UL,XP,P01
8,965000,UL,XP,P01
8,992500,UL,XP,P01
8,995000,UL,XP,P01
8,997500,UL,XP,P01
8,1000000,UL,XP,P01
8,1002500,UL,XP,P01
8,1005000,UL,XP,P01
8,1007500,UL,XP,P01
8,1010000,UL,XP,P01
8,1012500,UL,XP,P01
8,1017500,UL,XP,P01
8,1020000,UL,XP,P01
8,1022500,UL,XP,P01
8,1025000,UL,XP,P01
8,1047500,UL,XP,P01
8,1050000,UL,XP,P01
8,1052500,UL,XP,P01
8,1055000,UL,XP,P01
8,1057500,UL,XP,P01
8,1060000,UL,XP,P01
8,1062500,UL,XP,P01
8,1065000,UL,XP,P01
8,1067500,UL,XP,P01
8,1070000,UL,XP,P01
8,1072500,UL,XP,P01
8,1075000,UL,XP,P01
8,1077500,UL,XP,P01
8,1080000,UL,XP,P01
8,1082500,UL,XP,P01
8,1102500,UL,XP,P01
8,1105000,UL,XP,P01
8,1107500,UL,XP,P01
8,1110000,UL,XP,P01
8,1112500,UL,XP,P01
8,1115000,UL,XP,P01
8,1117500,UL,XP,P01
8,1120000,UL,XP,P01
8,1125000,UL,XP,P01
8,1127500,UL,XP,P01
8,1130000,UL,XP,P01
8,1137500,UL,XP,P01
8,1140000,UL,XP,P01
8,1142500,UL,XP,P01
8,1145000,UL,XP,P01
8,1147500,UL,XP,P01
8,1150000,UL,XP,P01
8,1152500,UL,XP,P01
8,1155000,UL,XP,P01
8,1157500,UL,XP,P01
8,1160000,UL,XP,P01
8,1162500,UL,XP,P01
8,1165000,UL,XP,P01
8,1167500,UL,XP,P01
8,1170000,UL,XP,P01
8,1172500,UL,XP,P01
8,1175000,UL,XP,P01
9,0,UR,FR,P01
9,2500,UR,FR,P01
9,5000,UR,FR,P01
9,7500,UR,FR,P01
9,10000,UR,FR,P01
9,15000,UR,FR,P01
9,20000,UR,FR,P01
9,22500,UR,FR,P01
9,25000,UR,FR,P01
9,27500,UR,FR,P01
9,30000,UR,FR,P01
9,32500,UR,FR,P01
9,35000,UR,FR,P01
9,37500,UR,FR,P01
9,40000,UR,FR,P01
9,42500,UR,FR,P01
9,45000,UR,FR,P01
9,47500,UR,FR,P01
9,50000,UR,FR,P01
9,52500,UR,FR,P01
9,57500,UR,FR,P01
9,60000,UR,FR,P01
9,62500,UR,FR,P01
9,65000,UR,FR,P01
9,67500,UR,FR,P01
9,70000,UR,FR,P01
9,72500,UR,FR,P01
9,75000,UR,FR,P01
9,77500,UR,FR,P01
9,80000,UR,FR,P01
9,82500,UR,FR,P01
9,85000,UR,FR,P01
9,87500,UR,FR,P01
9,90000,UR,FR,P01
9,92500,UR,FR,P01
9,95000,UR,FR,P01
9,102500,UR,FR,P01
9,105000,UR,FR,P01
9,107500,UR,FR,P01
9,110000,UR,FR,P01
9,112500,UR,FR,P01
9,115000,UR,FR,P01
9,117500,UR,FR,P01
9,120000,UR,FR,P01
9,130000,UR,FR,P01
9,132500,UR,FR,P01
9,135000,UR,FR,P01
9,137500,UR,FR,P01
9,140000,UR,FR,P01
9,167500,UR,FR,P01
9,170000,UR,FR,P01
9,175000,UR,FR,P01
9,180000,UR,FR,P01
9,182500,UR,FR,P01
9,185000,UR,FR,P01
9,187500,UR,FR,P01
9,190000,UR,FR,P01
9,200000,UR,FR,P01
9,202500,UR,FR,P01
9,205000,UR,FR,P01
9,207500,UR,FR,P01
9,222500,UR,FR,P01
9,227500,UR,FR,P01
9,232500,UR,FR,P01
9,235000,UR,FR,P01
9,240000,UR,FR,P01
9,242500,UR,FR,P01
9,247500,UR,FR,P01
9,250000,UR,FR,P01
9,260000,UR,FR,P01
9,262500,UR,FR,P01
9,265000,UR,FR,P01
9,270000,UR,FR,P01
9,272500,UR,FR,P01
9,275000,UR,FR,P01
9,290000,UR,FR,P01
9,307500,UR,FR,P01
9,312500,UR,FR,P01
9,315000,UR,FR,P01
9,317500,UR,FR,P01
9,385000,UR,FR,P01
9,390000,UR,FR,P01
9,392500,UR,FR,P01
9,395000,UR,FR,P01
9,397500,UR,FR,P01
9,400000,UR,FR,P01
9,402500,UR,FR,P01
9,405000,UR,FR,P01
9,407500,UR,FR,P01
9,410000,UR,FR,P01
9,412500,UR,FR,P01
9,430000,UR,FR,P01
9,432500,UR,FR,P01
9,435000,UR,FR,P01
9,442500,UR,FR,P01
9,462500,UR,FR,P01
9,470000,UR,FR,P01
9,492500,UR,FR,P01
9,495000,UR,FR,P01
9,497500,UR,FR,P01
9,500000,UR,FR,P01
9,502500,UR,FR,P01
9,507500,UR,FR,P01
9,510000,UR,FR,P01
9,540000,UR,FR,P01
9,542500,UR,FR,P01
9,545000,UR,FR,P01
9,547500,UR,FR,P01
9,582500,UR,FR,P01
9,585000,UR,FR,P01
9,587500,UR,FR,P01
9,590000,UR,FR,P01
9,592500,UR,FR,P01
9,595000,UR,FR,P01
9,597500,UR,FR,P01
9,602500,UR,FR,P01
9,605000,UR,FR,P01
9,607500,UR,FR,P01
9,610000,UR,FR,P01
9,617500,UR,FR,P01
9,620000,UR,FR,P01
9,627500,UR,FR,P01
9,630000,UR,FR,P01
9,632500,UR,FR,P01
9,637500,UR,FR,P01
9,647500,UR,FR,P01
9,660000,UR,FR,P01
9,662500,UR,FR,P01
9,665000,UR,FR,P01
9,667500,UR,FR,P01
9,677500,UR,FR,P01
9,715000,UR,FR,P01
9,717500,UR,FR,P01
9,720000,UR,FR,P01
9,722500,UR,FR,P01
9,730000,UR,FR,P01
9,732500,UR,FR,P01
9,735000,UR,FR,P01
9,820000,UR,FR,P01
9,822500,UR,FR,P01
9,825000,UR,FR,P01
9,827500,UR,FR,P01
9,830000,UR,FR,P01
9,832500,UR,FR,P01
9,840000,UR,FR,P01
9,842500,UR,FR,P01
9,845000,UR,FR,P01
9,847500,UR,FR,P01
9,850000,UR,FR,P01
9,852500,UR,FR,P01
9,855000,UR,FR,P01
9,857500,UR,FR,P01
9,860000,UR,FR,P01
9,862500,UR,FR,P01
9,865000,UR,FR,P01
9,867500,UR,FR,P01
9,870000,UR,FR,P01
9,872500,UR,FR,P01
9,875000,UR,FR,P01
9,877500,UR,FR,P01
9,880000,UR,FR,P01
9,882500,UR,FR,P01
9,885000,UR,FR,P01
9,887500,UR,FR,P01
9,890000,UR,FR,P01
9,895000,UR,FR,P01
9,897500,UR,FR,P01
9,900000,UR,FR,P01
9,902500,UR,FR,P01
9,905000,UR,FR,P01
9,907500,UR,FR,P01
9,910000,UR,FR,P01
9,912500,UR,FR,P01
9,915000,UR,FR,P01
9,917500,UR,FR,P01
9,920000,UR,FR,P01
9,922500,UR,FR,P01
9,925000,UR,FR,P01
9,927500,UR,FR,P01
9,930000,UR,FR,P01
9,932500,UR,FR,P01
9,935000,UR,FR,P01
9,942500,UR,FR,P01
9,945000,UR,FR,P01
9,947500,UR,FR,P01
9,950000,UR,FR,P01
9,955000,UR,FR,P01
9,957500,UR,FR,P01
9,960000,UR,FR,P01
9,962500,UR,FR,P01
9,965000,UR,FR,P01
9,970000,UR,FR,P01
9,992500,UR,FR,P01
9,995000,UR,FR,P01
9,997500,UR,FR,P01
9,1000000,UR,FR,P01
9,1002500,UR,FR,P01
9,1005000,UR,FR,P01
9,1007500,UR,FR,P01
9,1010000,UR,FR,P01
9,1012500,UR,FR,P01
9,1015000,UR,FR,P01
9,1017500,UR,FR,P01
9,1020000,UR,FR,P01
9,1022500,UR,FR,P01
9,1025000,UR,FR,P01
9,1027500,UR,FR,P01
9,1030000,UR,FR,P01
9,1032500,UR,FR,P01
9,1035000,UR,FR,P01
9,1037500,UR,FR,P01
9,1040000,UR,FR,P01
9,1055000,UR,FR,P01
9,1057500,UR,FR,P01
9,1060000,UR,FR,P01
9,1062500,UR,FR,P01
9,1065000,UR,FR,P01
9,1067500,UR,FR,P01
9,1070000,UR,FR,P01
9,1072500,UR,FR,P01
9,1075000,UR,FR,P01
9,1077500,UR,FR,P01
9,1080000,UR,FR,P01
9,1082500,UR,FR,P01
9,1085000,UR,FR,P01
9,1087500,UR,FR,P01
9,1090000,UR,FR,P01
9,1092500,UR,FR,P01
9,1095000,UR,FR,P01
9,1097500,UR,FR,P01
9,1100000,UR,FR,P01
9,1102500,UR,FR,P01
9,1105000,UR,FR,P01
9,1107500,UR,FR,P01
9,1110000,UR,FR,P01
9,1115000,UR,FR,P01
9,1117500,UR,FR,P01
9,1120000,UR,FR,P01
9,1127500,UR,FR,P01
9,1130000,UR,FR,P01
9,1135000,UR,FR,P01
9,1137500,UR,FR,P01
9,1142500,UR,FR,P01
9,1145000,UR,FR,P01
9,1147500,UR,FR,P01
9,1150000,UR,FR,P01
9,1152500,UR,FR,P01
9,1155000,UR,FR,P01
9,1157500,UR,FR,P01
9,1160000,UR,FR,P01
9,1162500,UR,FR,P01
9,1165000,UR,FR,P01
9,1167500,UR,FR,P01
9,1170000,UR,FR,P01
9,1172500,UR,FR,P01
9,1175000,UR,FR,P01
9,1177500,UR,FR,P01
10,0,UR,LU,P01
10,15000,UR,LU,P01
10,60000,UR,LU,P01
10,72500,UR,LU,P01
10,145000,UR,LU,P01
10,147500,UR,LU,P01
10,150000,UR,LU,P01
10,152500,UR,LU,P01
10,155000,UR,LU,P01
10,157500,UR,LU,P01
10,160000,UR,LU,P01
10,162500,UR,LU,P01
10,172500,UR,LU,P01
10,175000,UR,LU,P01
10,177500,UR,LU,P01
10,180000,UR,LU,P01
10,182500,UR,LU,P01
10,185000,UR,LU,P01
10,187500,UR,LU,P01
10,190000,UR,LU,P01
10,192500,UR,LU,P01
10,195000,UR,LU,P01
10,212500,UR,LU,P01
10,215000,UR,LU,P01
10,217500,UR,LU,P01
10,220000,UR,LU,P01
10,225000,UR,LU,P01
10,227500,UR,LU,P01
10,235000,UR,LU,P01
10,237500,UR,LU,P01
10,242500,UR,LU,P01
10,245000,UR,LU,P01
10,265000,UR,LU,P01
10,277500,UR,LU,P01
10,280000,UR,LU,P01
10,282500,UR,LU,P01
10,292500,UR,LU,P01
10,295000,UR,LU,P01
10,297500,UR,LU,P01
10,300000,UR,LU,P01
10,302500,UR,LU,P01
10,305000,UR,LU,P01
10,307500,UR,LU,P01
10,317500,UR,LU,P01
10,327500,UR,LU,P01
10,332500,UR,LU,P01
10,335000,UR,LU,P01
10,342500,UR,LU,P01
10,345000,UR,LU,P01
10,352500,UR,LU,P01
10,355000,UR,LU,P01
10,357500,UR,LU,P01
10,360000,UR,LU,P01
10,362500,UR,LU,P01
10,365000,UR,LU,P01
10,367500,UR,LU,P01
10,370000,UR,LU,P01
10,372500,UR,LU,P01
10,375000,UR,LU,P01
10,377500,UR,LU,P01
10,380000,UR,LU,P01
10,385000,UR,LU,P01
10,387500,UR,LU,P01
10,390000,UR,LU,P01
10,392500,UR,LU,P01
10,395000,UR,LU,P01
10,397500,UR,LU,P01
10,400000,UR,LU,P01
10,402500,UR,LU,P01
10,405000,UR,LU,P01
10,407500,UR,LU,P01
10,415000,UR,LU,P01
10,417500,UR,LU,P01
10,420000,UR,LU,P01
10,422500,UR,LU,P01
10,425000,UR,LU,P01
10,427500,UR,LU,P01
10,430000,UR,LU,P01
10,435000,UR,LU,P01
10,437500,UR,LU,P01
10,440000,UR,LU,P01
10,442500,UR,LU,P01
10,447500,UR,LU,P01
10,450000,UR,LU,P01
10,452500,UR,LU,P01
10,462500,UR,LU,P01
10,465000,UR,LU,P01
10,467500,UR,LU,P01
10,470000,UR,LU,P01
10,472500,UR,LU,P01
10,475000,UR,LU,P01
10,477500,UR,LU,P01
10,480000,UR,LU,P01
10,500000,UR,LU,P01
10,502500,UR,LU,P01
10,512500,UR,LU,P01
10,515000,UR,LU,P01
10,517500,UR,LU,P01
10,525000,UR,LU,P01
10,540000,UR,LU,P01
10,552500,UR,LU,P01
10,557500,UR,LU,P01
10,560000,UR,LU,P01
10,562500,UR,LU,P01
10,565000,UR,LU,P01
10,567500,UR,LU,P01
10,570000,UR,LU,P01
10,572500,UR,LU,P01
10,575000,UR,LU,P01
10,577500,UR,LU,P01
10,580000,UR,LU,P01
10,585000,UR,LU,P01
10,597500,UR,LU,P01
10,600000,UR,LU,P01
10,610000,UR,LU,P01
10,612500,UR,LU,P01
10,615000,UR,LU,P01
10,617500,UR,LU,P01
10,622500,UR,LU,P01
10,625000,UR,LU,P01
10,635000,UR,LU,P01
10,637500,UR,LU,P01
10,640000,UR,LU,P01
10,642500,UR,LU,P01
10,645000,UR,LU,P01
10,647500,UR,LU,P01
10,660000,UR,LU,P01
10,662500,UR,LU,P01
10,667500,UR,LU,P01
10,670000,UR,LU,P01
10,677500,UR,LU,P01
10,680000,UR,LU,P01
10,690000,UR,LU,P01
10,692500,UR,LU,P01
10,710000,UR,LU,P01
10,720000,UR,LU,P01
10,725000,UR,LU,P01
10,732500,UR,LU,P01
10,737500,UR,LU,P01
10,740000,UR,LU,P01
10,742500,UR,LU,P01
10,745000,UR,LU,P01
10,750000,UR,LU,P01
10,752500,UR,LU,P01
10,757500,UR,LU,P01
10,760000,UR,LU,P01
10,762500,UR,LU,P01
10,765000,UR,LU,P01
10,767500,UR,LU,P01
10,770000,UR,LU,P01
10,772500,UR,LU,P01
10,775000,UR,LU,P01
10,777500,UR,LU,P01
10,780000,UR,LU,P01
10,782500,UR,LU,P01
10,785000,UR,LU,P01
10,787500,UR,LU,P01
10,800000,UR,LU,P01
10,802500,UR,LU,P01
10,805000,UR,LU,P01
10,807500,UR,LU,P01
10,810000,UR,LU,P01
10,812500,UR,LU,P01
10,815000,UR,LU,P01
10,820000,UR,LU,P01
10,822500,UR,LU,P01
10,825000,UR,LU,P01
10,827500,UR,LU,P01
10,830000,UR,LU,P01
10,832500,UR,LU,P01
10,835000,UR,LU,P01
10,842500,UR,LU,P01
10,872500,UR,LU,P01
10,907500,UR,LU,P01
10,932500,UR,LU,P01
10,935000,UR,LU,P01
10,950000,UR,LU,P01
10,952500,UR,LU,P01
10,982500,UR,LU,P01
10,985000,UR,LU,P01
10,987500,UR,LU,P01
10,990000,UR,LU,P01
10,992500,UR,LU,P01
10,995000,UR,LU,P01
10,997500,UR,LU,P01
10,1000000,UR,LU,P01
10,1002500,UR,LU,P01
10,1005000,UR,LU,P01
10,1007500,UR,LU,P01
10,1010000,UR,LU,P01
10,1012500,UR,LU,P01
10,1017500,UR,LU,P01
10,1020000,UR,LU,P01
10,1027500,UR,LU,P01
10,1037500,UR,LU,P01
10,1042500,UR,LU,P01
10,1045000,UR,LU,P01
10,1047500,UR,LU,P01
10,1062500,UR,LU,P01
10,1070000,UR,LU,P01
10,1072500,UR,LU,P01
10,1075000,UR,LU,P01
10,1077500,UR,LU,P01
10,1080000,UR,LU,P01
10,1082500,UR,LU,P01
10,1085000,UR,LU,P01
10,1102500,UR,LU,P01
10,1117500,UR,LU,P01
10,1122500,UR,LU,P01
10,1125000,UR,LU,P01
10,1132500,UR,LU,P01
10,1177500,UR,LU,P01
11,0,UR,XP,P01
11,7500,UR,XP,P01
11,10000,UR,XP,P01
11,12500,UR,XP,P01
11,15000,UR,XP,P01
11,17500,UR,XP,P01
11,20000,UR,XP,P01
11,22500,UR,XP,P01
11,25000,UR,XP,P01
11,27500,UR,XP,P01
11,30000,UR,XP,P01
11,32500,UR,XP,P01
11,35000,UR,XP,P01
11,37500,UR,XP,P01
11,40000,UR,XP,P01
11,42500,UR,XP,P01
11,45000,UR,XP,P01
11,47500,UR,XP,P01
11,50000,UR,XP,P01
11,55000,UR,XP,P01
11,60000,UR,XP,P01
11,62500,UR,XP,P01
11,65000,UR,XP,P01
11,70000,UR,XP,P01
11,72500,UR,XP,P01
11,75000,UR,XP,P01
11,77500,UR,XP,P01
11,80000,UR,XP,P01
11,82500,UR,XP,P01
11,85000,UR,XP,P01
11,87500,UR,XP,P01
11,92500,UR,XP,P01
11,97500,UR,XP,P01
11,102500,UR,XP,P01
11,105000,UR,XP,P01
11,107500,UR,XP,P01
11,115000,UR,XP,P01
11,117500,UR,XP,P01
11,132500,UR,XP,P01
11,135000,UR,XP,P01
11,137500,UR,XP,P01
11,140000,UR,XP,P01
11,142500,UR,XP,P01
11,145000,UR,XP,P01
11,147500,UR,XP,P01
11,150000,UR,XP,P01
11,155000,UR,XP,P01
11,162500,UR,XP,P01
11,167500,UR,XP,P01
11,170000,UR,XP,P01
11,175000,UR,XP,P01
11,180000,UR,XP,P01
11,182500,UR,XP,P01
11,185000,UR,XP,P01
11,187500,UR,XP,P01
11,190000,UR,XP,P01
11,195000,UR,XP,P01
11,197500,UR,XP,P01
11,200000,UR,XP,P01
11,202500,UR,XP,P01
11,207500,UR,XP,P01
11,212500,UR,XP,P01
11,215000,UR,XP,P01
11,217500,UR,XP,P01
11,220000,UR,XP,P01
11,222500,UR,XP,P01
11,225000,UR,XP,P01
11,227500,UR,XP,P01
11,232500,UR,XP,P01
11,235000,UR,XP,P01
11,237500,UR,XP,P01
11,240000,UR,XP,P01
11,242500,UR,XP,P01
11,245000,UR,XP,P01
11,252500,UR,XP,P01
11,255000,UR,XP,P01
11,257500,UR,XP,P01
11,260000,UR,XP,P01
11,262500,UR,XP,P01
11,265000,UR,XP,P01
11,267500,UR,XP,P01
11,270000,UR,XP,P01
11,272500,UR,XP,P01
11,275000,UR,XP,P01
11,277500,UR,XP,P01
11,280000,UR,XP,P01
11,282500,UR,XP,P01
11,285000,UR,XP,P01
11,287500,UR,XP,P01
11,290000,UR,XP,P01
11,292500,UR,XP,P01
11,295000,UR,XP,P01
11,297500,UR,XP,P01
11,300000,UR,XP,P01
11,302500,UR,XP,P01
11,305000,UR,XP,P01
11,307500,UR,XP,P01
11,310000,UR,XP,P01
11,312500,UR,XP,P01
11,315000,UR,XP,P01
11,317500,UR,XP,P01
11,320000,UR,XP,P01
11,322500,UR,XP,P01
11,325000,UR,XP,P01
11,327500,UR,XP,P01
11,330000,UR,XP,P01
11,332500,UR,XP,P01
11,335000,UR,XP,P01
11,337500,UR,XP,P01
11,350000,UR,XP,P01
11,352500,UR,XP,P01
11,355000,UR,XP,P01
11,357500,UR,XP,P01
11,360000,UR,XP,P01
11,362500,UR,XP,P01
11,365000,UR,XP,P01
11,367500,UR,XP,P01
11,370000,UR,XP,P01
11,372500,UR,XP,P01
11,375000,UR,XP,P01
11,377500,UR,XP,P01
11,380000,UR,XP,P01
11,382500,UR,XP,P01
11,385000,UR,XP,P01
11,387500,UR,XP,P01
11,390000,UR,XP,P01
11,395000,UR,XP,P01
11,397500,UR,XP,P01
11,400000,UR,XP,P01
11,405000,UR,XP,P01
11,407500,UR,XP,P01
11,417500,UR,XP,P01
11,420000,UR,XP,P01
11,422500,UR,XP,P01
11,425000,UR,XP,P01
11,427500,UR,XP,P01
11,430000,UR,XP,P01
11,432500,UR,XP,P01
11,435000,UR,XP,P01
11,437500,UR,XP,P01
11,440000,UR,XP,P01
11,442500,UR,XP,P01
11,445000,UR,XP,P01
11,462500,UR,XP,P01
11,465000,UR,XP,P01
11,470000,UR,XP,P01
11,472500,UR,XP,P01
11,477500,UR,XP,P01
11,480000,UR,XP,P01
11,482500,UR,XP,P01
11,485000,UR,XP,P01
11,487500,UR,XP,P01
11,490000,UR,XP,P01
11,492500,UR,XP,P01
11,497500,UR,XP,P01
11,500000,UR,XP,P01
11,502500,UR,XP,P01
11,505000,UR,XP,P01
11,507500,UR,XP,P01
11,510000,UR,XP,P01
11,512500,UR,XP,P01
11,520000,UR,XP,P01
11,522500,UR,XP,P01
11,525000,UR,XP,P01
11,532500,UR,XP,P01
11,537500,UR,XP,P01
11,540000,UR,XP,P01
11,542500,UR,XP,P01
11,545000,UR,XP,P01
11,547500,UR,XP,P01
11,550000,UR,XP,P01
11,552500,UR,XP,P01
11,555000,UR,XP,P01
11,557500,UR,XP,P01
11,560000,UR,XP,P01
11,562500,UR,XP,P01
11,580000,UR,XP,P01
11,582500,UR,XP,P01
11,585000,UR,XP,P01
11,597500,UR,XP,P01
11,600000,UR,XP,P01
11,602500,UR,XP,P01
11,605000,UR,XP,P01
11,607500,UR,XP,P01
11,610000,UR,XP,P01
11,612500,UR,XP,P01
11,617500,UR,XP,P01
11,620000,UR,XP,P01
11,622500,UR,XP,P01
11,625000,UR,XP,P01
11,632500,UR,XP,P01
11,635000,UR,XP,P01
11,637500,UR,XP,P01
11,640000,UR,XP,P01
11,642500,UR,XP,P01
11,645000,UR,XP,P01
11,647500,UR,XP,P01
11,660000,UR,XP,P01
11,662500,UR,XP,P01
11,665000,UR,XP,P01
11,667500,UR,XP,P01
11,670000,UR,XP,P01
11,672500,UR,XP,P01
11,675000,UR,XP,P01
11,677500,UR,XP,P01
11,682500,UR,XP,P01
11,687500,UR,XP,P01
11,690000,UR,XP,P01
11,692500,UR,XP,P01
11,695000,UR,XP,P01
11,697500,UR,XP,P01
11,700000,UR,XP,P01
11,702500,UR,XP,P01
11,707500,UR,XP,P01
11,710000,UR,XP,P01
11,715000,UR,XP,P01
11,720000,UR,XP,P01
11,722500,UR,XP,P01
11,725000,UR,XP,P01
11,727500,UR,XP,P01
11,732500,UR,XP,P01
11,750000,UR,XP,P01
11,752500,UR,XP,P01
11,757500,UR,XP,P01
11,760000,UR,XP,P01
11,762500,UR,XP,P01
11,765000,UR,XP,P01
11,767500,UR,XP,P01
11,770000,UR,XP,P01
11,772500,UR,XP,P01
11,775000,UR,XP,P01
11,777500,UR,XP,P01
11,780000,UR,XP,P01
11,782500,UR,XP,P01
11,785000,UR,XP,P01
11,790000,UR,XP,P01
11,792500,UR,XP,P01
11,795000,UR,XP,P01
11,797500,UR,XP,P01
11,800000,UR,XP,P01
11,802500,UR,XP,P01
11,805000,UR,XP,P01
11,815000,UR,XP,P01
11,820000,UR,XP,P01
11,822500,UR,XP,P01
11,825000,UR,XP,P01
11,827500,UR,XP,P01
11,830000,UR,XP,P01
11,832500,UR,XP,P01
11,837500,UR,XP,P01
11,840000,UR,XP,P01
11,842500,UR,XP,P01
11,845000,UR,XP,P01
11,847500,UR,XP,P01
11,850000,UR,XP,P01
11,852500,UR,XP,P01
11,855000,UR,XP,P01
11,857500,UR,XP,P01
11,860000,UR,XP,P01
11,862500,UR,XP,P01
11,865000,UR,XP,P01
11,867500,UR,XP,P01
11,870000,UR,XP,P01
11,875000,UR,XP,P01
11,877500,UR,XP,P01
11,880000,UR,XP,P01
11,882500,UR,XP,P01
11,885000,UR,XP,P01
11,887500,UR,XP,P01
11,890000,UR,XP,P01
11,892500,UR,XP,P01
11,895000,UR,XP,P01
11,902500,UR,XP,P01
11,905000,UR,XP,P01
11,907500,UR,XP,P01
11,910000,UR,XP,P01
11,912500,UR,XP,P01
11,915000,UR,XP,P01
11,917500,UR,XP,P01
11,920000,UR,XP,P01
11,922500,UR,XP,P01
11,925000,UR,XP,P01
11,927500,UR,XP,P01
11,935000,UR,XP,P01
11,937500,UR,XP,P01
11,952500,UR,XP,P01
11,955000,UR,XP,P01
11,957500,UR,XP,P01
11,960000,UR,XP,P01
11,962500,UR,XP,P01
11,965000,UR,XP,P01
11,967500,UR,XP,P01
11,970000,UR,XP,P01
11,972500,UR,XP,P01
11,975000,UR,XP,P01
11,977500,UR,XP,P01
11,980000,UR,XP,P01
11,992500,UR,XP,P01
11,995000,UR,XP,P01
11,997500,UR,XP,P01
11,1000000,UR,XP,P01
11,1002500,UR,XP,P01
11,1005000,UR,XP,P01
11,1015000,UR,XP,P01
11,1017500,UR,XP,P01
11,1020000,UR,XP,P01
11,1022500,UR,XP,P01
11,1025000,UR,XP,P01
11,1027500,UR,XP,P01
11,1032500,UR,XP,P01
11,1035000,UR,XP,P01
11,1037500,UR,XP,P01
11,1040000,UR,XP,P01
11,1042500,UR,XP,P01
11,1047500,UR,XP,P01
11,1050000,UR,XP,P01
11,1052500,UR,XP,P01
11,1055000,UR,XP,P01
11,1057500,UR,XP,P01
11,1060000,UR,XP,P01
11,1062500,UR,XP,P01
11,1102500,UR,XP,P01
11,1107500,UR,XP,P01
11,1110000,UR,XP,P01
11,1112500,UR,XP,P01
11,1115000,UR,XP,P01
11,1117500,UR,XP,P01
11,1120000,UR,XP,P01
11,1122500,UR,XP,P01
11,1130000,UR,XP,P01
11,1135000,UR,XP,P01
11,1137500,UR,XP,P01
11,1140000,UR,XP,P01
11,1142500,UR,XP,P01
11,1145000,UR,XP,P01
11,1147500,UR,XP,P01
11,1150000,UR,XP,P01
11,1152500,UR,XP,P01
11,1155000,UR,XP,P01
11,1157500,UR,XP,P01
11,1160000,UR,XP,P01
11,1162500,UR,XP,P01
12,0,DL,FR,P02
12,2500,DL,FR,P02
12,5000,DL,FR,P02
12,7500,DL,FR,P02
12,10000,DL,FR,P02
12,12500,DL,FR,P02
12,15000,DL,FR,P02
12,17500,DL,FR,P02
12,20000,DL,FR,P02
12,22500,DL,FR,P02
12,25000,DL,FR,P02
12,27500,DL,FR,P02
12,30000,DL,FR,P02
12,32500,DL,FR,P02
12,35000,DL,FR,P02
12,37500,DL,FR,P02
12,40000,DL,FR,P02
12,42500,DL,FR,P02
12,45000,DL,FR,P02
12,47500,DL,FR,P02
12,50000,DL,FR,P02
12,52500,DL,FR,P02
12,55000,DL,FR,P02
12,57500,DL,FR,P02
12,60000,DL,FR,P02
12,62500,DL,FR,P02
12,65000,DL,FR,P02
12,67500,DL,FR,P02
12,70000,DL,FR,P02
12,72500,DL,FR,P02
12,75000,DL,FR,P02
12,77500,DL,FR,P02
12,80000,DL,FR,P02
12,82500,DL,FR,P02
12,85000,DL,FR,P02
12,87500,DL,FR,P02
12,90000,DL,FR,P02
12,92500,DL,FR,P02
12,95000,DL,FR,P02
12,97500,DL,FR,P02
12,100000,DL,FR,P02
12,102500,DL,FR,P02
12,105000,DL,FR,P02
12,107500,DL,FR,P02
12,110000,DL,FR,P02
12,112500,DL,FR,P02
12,115000,DL,FR,P02
12,117500,DL,FR,P02
12,120000,DL,FR,P02
12,122500,DL,FR,P02
12,125000,DL,FR,P02
12,127500,DL,FR,P02
12,130000,DL,FR,P02
12,132500,DL,FR,P02
12,135000,DL,FR,P02
12,137500,DL,FR,P02
12,140000,DL,FR,P02
12,142500,DL,FR,P02
12,145000,DL,FR,P02
12,147500,DL,FR,P02
12,150000,DL,FR,P02
12,152500,DL,FR,P02
12,155000,DL,FR,P02
12,157500,DL,FR,P02
12,160000,DL,FR,P02
12,162500,DL,FR,P02
12,165000,DL,FR,P02
12,167500,DL,FR,P02
12,170000,DL,FR,P02
12,172500,DL,FR,P02
12,175000,DL,FR,P02
12,177500,DL,FR,P02
12,180000,DL,FR,P02
12,182500,DL,FR,P02
12,185000,DL,FR,P02
12,187500,DL,FR,P02
12,190000,DL,FR,P02
12,192500,DL,FR,P02
12,195000,DL,FR,P02
12,197500,DL,FR,P02
12,200000,DL,FR,P02
12,202500,DL,FR,P02
12,205000,DL,FR,P02
12,207500,DL,FR,P02
12,210000,DL,FR,P02
12,212500,DL,FR,P02
12,215000,DL,FR,P02
12,217500,DL,FR,P02
12,220000,DL,FR,P02
12,222500,DL,FR,P02
12,225000,DL,FR,P02
12,227500,DL,FR,P02
12,230000,DL,FR,P02
12,232500,DL,FR,P02
12,235000,DL,FR,P02
12,237500,DL,FR,P02
12,240000,DL,FR,P02
12,242500,DL,FR,P02
12,245000,DL,FR,P02
12,247500,DL,FR,P02
12,250000,DL,FR,P02
12,252500,DL,FR,P02
12,255000,DL,FR,P02
12,257500,DL,FR,P02
12,260000,DL,FR,P02
12,262500,DL,FR,P02
12,265000,DL,FR,P02
12,267500,DL,FR,P02
12,270000,DL,FR,P02
12,272500,DL,FR,P02
12,275000,DL,FR,P02
12,277500,DL,FR,P02
12,280000,DL,FR,P02
12,282500,DL,FR,P02
12,285000,DL,FR,P02
12,287500,DL,FR,P02
12,290000,DL,FR,P02
12,292500,DL,FR,P02
12,295000,DL,FR,P02
12,297500,DL,FR,P02
12,300000,DL,FR,P02
12,302500,DL,FR,P02
12,305000,DL,FR,P02
12,307500,DL,FR,P02
12,310000,DL,FR,P02
12,312500,DL,FR,P02
12,315000,DL,FR,P02
12,317500,DL,FR,P02
12,320000,DL,FR,P02
12,322500,DL,FR,P02
12,325000,DL,FR,P02
12,327500,DL,FR,P02
12,330000,DL,FR,P02
12,332500,DL,FR,P02
12,335000,DL,FR,P02
12,337500,DL,FR,P02
12,340000,DL,FR,P02
12,342500,DL,FR,P02
12,345000,DL,FR,P02
12,347500,DL,FR,P02
12,350000,DL,FR,P02
12,352500,DL,FR,P02
12,355000,DL,FR,P02
12,357500,DL,FR,P02
12,360000,DL,FR,P02
12,362500,DL,FR,P02
12,365000,DL,FR,P02
12,367500,DL,FR,P02
12,370000,DL,FR,P02
12,372500,DL,FR,P02
12,375000,DL,FR,P02
12,377500,DL,FR,P02
12,380000,DL,FR,P02
12,382500,DL,FR,P02
12,385000,DL,FR,P02
12,387500,DL,FR,P02
12,390000,DL,FR,P02
12,392500,DL,FR,P02
12,395000,DL,FR,P02
12,397500,DL,FR,P02
12,400000,DL,FR,P02
12,402500,DL,FR,P02
12,405000,DL,FR,P02
12,407500,DL,FR,P02
12,410000,DL,FR,P02
12,412500,DL,FR,P02
12,415000,DL,FR,P02
12,417500,DL,FR,P02
12,420000,DL,FR,P02
12,422500,DL,FR,P02
12,425000,DL,FR,P02
12,427500,DL,FR,P02
12,430000,DL,FR,P02
12,432500,DL,FR,P02
12,435000,DL,FR,P02
12,437500,DL,FR,P02
12,440000,DL,FR,P02
12,442500,DL,FR,P02
12,445000,DL,FR,P02
12,447500,DL,FR,P02
12,450000,DL,FR,P02
12,452500,DL,FR,P02
12,455000,DL,FR,P02
12,457500,DL,FR,P02
12,460000,DL,FR,P02
12,462500,DL,FR,P02
12,465000,DL,FR,P02
12,467500,DL,FR,P02
12,470000,DL,FR,P02
12,472500,DL,FR,P02
12,475000,DL,FR,P02
12,477500,DL,FR,P02
12,480000,DL,FR,P02
12,482500,DL,FR,P02
12,485000,DL,FR,P02
12,487500,DL,FR,P02
12,490000,DL,FR,P02
12,492500,DL,FR,P02
12,495000,DL,FR,P02
12,497500,DL,FR,P02
12,500000,DL,FR,P02
12,502500,DL,FR,P02
12,505000,DL,FR,P02
12,507500,DL,FR,P02
12,510000,DL,FR,P02
12,512500,DL,FR,P02
12,515000,DL,FR,P02
12,517500,DL,FR,P02
12,520000,DL,FR,P02
12,522500,DL,FR,P02
12,525000,DL,FR,P02
12,527500,DL,FR,P02
12,530000,DL,FR,P02
12,532500,DL,FR,P02
12,535000,DL,FR,P02
12,537500,DL,FR,P02
12,540000,DL,FR,P02
12,542500,DL,FR,P02
12,545000,DL,FR,P02
12,547500,DL,FR,P02
12,550000,DL,FR,P02
12,552500,DL,FR,P02
12,555000,DL,FR,P02
12,557500,DL,FR,P02
12,560000,DL,FR,P02
12,562500,DL,FR,P02
12,565000,DL,FR,P02
12,567500,DL,FR,P02
12,570000,DL,FR,P02
12,572500,DL,FR,P02
12,575000,DL,FR,P02
12,577500,DL,FR,P02
12,580000,DL,FR,P02
12,582500,DL,FR,P02
12,585000,DL,FR,P02
12,587500,DL,FR,P02
12,590000,DL,FR,P02
12,592500,DL,FR,P02
12,595000,DL,FR,P02
12,597500,DL,FR,P02
12,600000,DL,FR,P02
12,602500,DL,FR,P02
12,605000,DL,FR,P02
12,607500,DL,FR,P02
12,610000,DL,FR,P02
12,612500,DL,FR,P02
12,615000,DL,FR,P02
12,617500,DL,FR,P02
12,620000,DL,FR,P02
12,622500,DL,FR,P02
12,625000,DL,FR,P02
12,627500,DL,FR,P02
12,630000,DL,FR,P02
12,632500,DL,FR,P02
12,635000,DL,FR,P02
12,637500,DL,FR,P02
12,640000,DL,FR,P02
12,642500,DL,FR,P02
12,645000,DL,FR,P02
12,647500,DL,FR,P02
12,650000,DL,FR,P02
12,652500,DL,FR,P02
12,655000,DL,FR,P02
12,657500,DL,FR,P02
12,660000,DL,FR,P02
12,662500,DL,FR,P02
12,665000,DL,FR,P02
12,667500,DL,FR,P02
12,670000,DL,FR,P02
12,672500,DL,FR,P02
12,675000,DL,FR,P02
12,677500,DL,FR,P02
12,680000,DL,FR,P02
12,682500,DL,FR,P02
12,685000,DL,FR,P02
12,687500,DL,FR,P02
12,690000,DL,FR,P02
12,692500,DL,FR,P02
12,695000,DL,FR,P02
12,697500,DL,FR,P02
12,700000,DL,FR,P02
12,702500,DL,FR,P02
12,705000,DL,FR,P02
12,707500,DL,FR,P02
12,710000,DL,FR,P02
12,712500,DL,FR,P02
12,715000,DL,FR,P02
12,717500,DL,FR,P02
12,720000,DL,FR,P02
12,722500,DL,FR,P02
12,725000,DL,FR,P02
12,727500,DL,FR,P02
12,730000,DL,FR,P02
12,732500,DL,FR,P02
12,735000,DL,FR,P02
12,737500,DL,FR,P02
12,740000,DL,FR,P02
12,742500,DL,FR,P02
12,745000,DL,FR,P02
12,747500,DL,FR,P02
12,750000,DL,FR,P02
12,752500,DL,FR,P02
12,755000,DL,FR,P02
12,757500,DL,FR,P02
12,760000,DL,FR,P02
12,762500,DL,FR,P02
12,765000,DL,FR,P02
12,767500,DL,FR,P02
12,770000,DL,FR,P02
12,772500,DL,FR,P02
12,775000,DL,FR,P02
12,777500,DL,FR,P02
12,780000,DL,FR,P02
12,782500,DL,FR,P02
12,785000,DL,FR,P02
12,787500,DL,FR,P02
12,790000,DL,FR,P02
12,792500,DL,FR,P02
12,795000,DL,FR,P02
12,797500,DL,FR,P02
12,800000,DL,FR,P02
12,802500,DL,FR,P02
12,805000,DL,FR,P02
12,807500,DL,FR,P02
12,810000,DL,FR,P02
12,812500,DL,FR,P02
12,815000,DL,FR,P02
12,817500,DL,FR,P02
12,820000,DL,FR,P02
12,822500,DL,FR,P02
12,825000,DL,FR,P02
12,827500,DL,FR,P02
12,830000,DL,FR,P02
12,832500,DL,FR,P02
12,835000,DL,FR,P02
12,837500,DL,FR,P02
12,840000,DL,FR,P02
12,842500,DL,FR,P02
12,845000,DL,FR,P02
12,847500,DL,FR,P02
12,850000,DL,FR,P02
12,852500,DL,FR,P02
12,855000,DL,FR,P02
12,857500,DL,FR,P02
12,860000,DL,FR,P02
12,862500,DL,FR,P02
12,865000,DL,FR,P02
12,867500,DL,FR,P02
12,870000,DL,FR,P02
12,872500,DL,FR,P02
12,875000,DL,FR,P02
12,877500,DL,FR,P02
12,880000,DL,FR,P02
12,882500,DL,FR,P02
12,885000,DL,FR,P02
12,887500,DL,FR,P02
12,890000,DL,FR,P02
12,892500,DL,FR,P02
12,897500,DL,FR,P02
12,900000,DL,FR,P02
12,902500,DL,FR,P02
12,905000,DL,FR,P02
12,907500,DL,FR,P02
12,910000,DL,FR,P02
12,912500,DL,FR,P02
12,915000,DL,FR,P02
12,917500,DL,FR,P02
12,920000,DL,FR,P02
12,922500,DL,FR,P02
12,925000,DL,FR,P02
12,927500,DL,FR,P02
12,930000,DL,FR,P02
12,932500,DL,FR,P02
12,935000,DL,FR,P02
12,937500,DL,FR,P02
12,940000,DL,FR,P02
12,942500,DL,FR,P02
12,945000,DL,FR,P02
12,947500,DL,FR,P02
12,950000,DL,FR,P02
12,952500,DL,FR,P02
12,955000,DL,FR,P02
12,957500,DL,FR,P02
12,960000,DL,FR,P02
12,962500,DL,FR,P02
12,965000,DL,FR,P02
12,967500,DL,FR,P02
12,970000,DL,FR,P02
12,972500,DL,FR,P02
12,975000,DL,FR,P02
12,977500,DL,FR,P02
12,980000,DL,FR,P02
12,982500,DL,FR,P02
12,985000,DL,FR,P02
12,987500,DL,FR,P02
12,990000,DL,FR,P02
12,992500,DL,FR,P02
12,995000,DL,FR,P02
12,997500,DL,FR,P02
12,1000000,DL,FR,P02
12,1002500,DL,FR,P02
12,1005000,DL,FR,P02
12,1007500,DL,FR,P02
12,1010000,DL,FR,P02
12,1012500,DL,FR,P02
12,1015000,DL,FR,P02
12,1017500,DL,FR,P02
12,1020000,DL,FR,P02
12,1022500,DL,FR,P02
12,1025000,DL,FR,P02
12,1027500,DL,FR,P02
12,1030000,DL,FR,P02
12,1032500,DL,FR,P02
12,1035000,DL,FR,P02
12,1037500,DL,FR,P02
12,1040000,DL,FR,P02
12,1042500,DL,FR,P02
12,1045000,DL,FR,P02
12,1047500,DL,FR,P02
12,1050000,DL,FR,P02
12,1052500,DL,FR,P02
12,1055000,DL,FR,P02
12,1057500,DL,FR,P02
12,1060000,DL,FR,P02
12,1062500,DL,FR,P02
12,1065000,DL,FR,P02
12,1067500,DL,FR,P02
12,1070000,DL,FR,P02
12,1072500,DL,FR,P02
12,1075000,DL,FR,P02
12,1077500,DL,FR,P02
12,1080000,DL,FR,P02
12,1082500,DL,FR,P02
12,1085000,DL,FR,P02
12,1087500,DL,FR,P02
12,1090000,DL,FR,P02
12,1092500,DL,FR,P02
12,1095000,DL,FR,P02
12,1097500,DL,FR,P02
12,1100000,DL,FR,P02
12,1102500,DL,FR,P02
12,1105000,DL,FR,P02
12,1107500,DL,FR,P02
12,1110000,DL,FR,P02
12,1112500,DL,FR,P02
12,1115000,DL,FR,P02
12,1117500,DL,FR,P02
12,1120000,DL,FR,P02
12,1122500,DL,FR,P02
12,1125000,DL,FR,P02
12,1127500,DL,FR,P02
12,1130000,DL,FR,P02
12,1132500,DL,FR,P02
12,1135000,DL,FR,P02
12,1137500,DL,FR,P02
12,1140000,DL,FR,P02
13,0,DL,LU,P02
13,2500,DL,LU,P02
13,10000,DL,LU,P02
13,12500,DL,LU,P02
13,15000,DL,LU,P02
13,17500,DL,LU,P02
13,20000,DL,LU,P02
13,25000,DL,LU,P02
13,35000,DL,LU,P02
13,37500,DL,LU,P02
13,40000,DL,LU,P02
13,42500,DL,LU,P02
13,45000,DL,LU,P02
13,50000,DL,LU,P02
13,52500,DL,LU,P02
13,55000,DL,LU,P02
13,57500,DL,LU,P02
13,60000,DL,LU,P02
13,62500,DL,LU,P02
13,65000,DL,LU,P02
13,70000,DL,LU,P02
13,72500,DL,LU,P02
13,75000,DL,LU,P02
13,77500,DL,LU,P02
13,80000,DL,LU,P02
13,82500,DL,LU,P02
13,85000,DL,LU,P02
13,87500,DL,LU,P02
13,90000,DL,LU,P02
13,95000,DL,LU,P02
13,97500,DL,LU,P02
13,100000,DL,LU,P02
13,102500,DL,LU,P02
13,105000,DL,LU,P02
13,107500,DL,LU,P02
13,110000,DL,LU,P02
13,112500,DL,LU,P02
13,115000,DL,LU,P02
13,117500,DL,LU,P02
13,120000,DL,LU,P02
13,122500,DL,LU,P02
13,130000,DL,LU,P02
13,137500,DL,LU,P02
13,142500,DL,LU,P02
13,147500,DL,LU,P02
13,150000,DL,LU,P02
13,160000,DL,LU,P02
13,167500,DL,LU,P02
13,175000,DL,LU,P02
13,180000,DL,LU,P02
13,190000,DL,LU,P02
13,200000,DL,LU,P02
13,202500,DL,LU,P02
13,205000,DL,LU,P02
13,207500,DL,LU,P02
13,220000,DL,LU,P02
13,225000,DL,LU,P02
13,227500,DL,LU,P02
13,230000,DL,LU,P02
13,235000,DL,LU,P02
13,245000,DL,LU,P02
13,255000,DL,LU,P02
13,262500,DL,LU,P02
13,265000,DL,LU,P02
13,272500,DL,LU,P02
13,275000,DL,LU,P02
13,285000,DL,LU,P02
13,295000,DL,LU,P02
13,300000,DL,LU,P02
13,302500,DL,LU,P02
13,327500,DL,LU,P02
13,330000,DL,LU,P02
13,332500,DL,LU,P02
13,335000,DL,LU,P02
13,337500,DL,LU,P02
13,340000,DL,LU,P02
13,342500,DL,LU,P02
13,345000,DL,LU,P02
13,347500,DL,LU,P02
13,352500,DL,LU,P02
13,357500,DL,LU,P02
13,365000,DL,LU,P02
13,370000,DL,LU,P02
13,372500,DL,LU,P02
13,375000,DL,LU,P02
13,377500,DL,LU,P02
13,380000,DL,LU,P02
13,382500,DL,LU,P02
13,385000,DL,LU,P02
13,387500,DL,LU,P02
13,397500,DL,LU,P02
13,400000,DL,LU,P02
13,412500,DL,LU,P02
13,415000,DL,LU,P02
13,420000,DL,LU,P02
13,422500,DL,LU,P02
13,430000,DL,LU,P02
13,432500,DL,LU,P02
13,435000,DL,LU,P02
13,437500,DL,LU,P02
13,440000,DL,LU,P02
13,442500,DL,LU,P02
13,445000,DL,LU,P02
13,447500,DL,LU,P02
13,450000,DL,LU,P02
13,452500,DL,LU,P02
13,472500,DL,LU,P02
13,480000,DL,LU,P02
13,482500,DL,LU,P02
13,487500,DL,LU,P02
13,490000,DL,LU,P02
13,492500,DL,LU,P02
13,495000,DL,LU,P02
13,497500,DL,LU,P02
13,500000,DL,LU,P02
13,502500,DL,LU,P02
13,505000,DL,LU,P02
13,507500,DL,LU,P02
13,510000,DL,LU,P02
13,517500,DL,LU,P02
13,520000,DL,LU,P02
13,522500,DL,LU,P02
13,525000,DL,LU,P02
13,527500,DL,LU,P02
13,537500,DL,LU,P02
13,540000,DL,LU,P02
13,542500,DL,LU,P02
13,547500,DL,LU,P02
13,552500,DL,LU,P02
13,555000,DL,LU,P02
13,557500,DL,LU,P02
13,560000,DL,LU,P02
13,562500,DL,LU,P02
13,565000,DL,LU,P02
13,567500,DL,LU,P02
13,570000,DL,LU,P02
13,572500,DL,LU,P02
13,575000,DL,LU,P02
13,577500,DL,LU,P02
13,580000,DL,LU,P02
13,590000,DL,LU,P02
13,602500,DL,LU,P02
13,605000,DL,LU,P02
13,607500,DL,LU,P02
13,610000,DL,LU,P02
13,617500,DL,LU,P02
13,622500,DL,LU,P02
13,630000,DL,LU,P02
13,632500,DL,LU,P02
13,642500,DL,LU,P02
13,645000,DL,LU,P02
13,650000,DL,LU,P02
13,652500,DL,LU,P02
13,655000,DL,LU,P02
13,657500,DL,LU,P02
13,660000,DL,LU,P02
13,662500,DL,LU,P02
13,670000,DL,LU,P02
13,672500,DL,LU,P02
13,680000,DL,LU,P02
13,685000,DL,LU,P02
13,687500,DL,LU,P02
13,690000,DL,LU,P02
13,702500,DL,LU,P02
13,725000,DL,LU,P02
13,727500,DL,LU,P02
13,730000,DL,LU,P02
13,735000,DL,LU,P02
13,740000,DL,LU,P02
13,742500,DL,LU,P02
13,745000,DL,LU,P02
13,755000,DL,LU,P02
13,757500,DL,LU,P02
13,760000,DL,LU,P02
13,762500,DL,LU,P02
13,765000,DL,LU,P02
13,767500,DL,LU,P02
13,775000,DL,LU,P02
13,790000,DL,LU,P02
13,795000,DL,LU,P02
13,797500,DL,LU,P02
13,802500,DL,LU,P02
13,805000,DL,LU,P02
13,807500,DL,LU,P02
13,810000,DL,LU,P02
13,812500,DL,LU,P02
13,815000,DL,LU,P02
13,820000,DL,LU,P02
13,822500,DL,LU,P02
13,825000,DL,LU,P02
13,837500,DL,LU,P02
13,840000,DL,LU,P02
13,845000,DL,LU,P02
13,847500,DL,LU,P02
13,850000,DL,LU,P02
13,852500,DL,LU,P02
13,855000,DL,LU,P02
13,857500,DL,LU,P02
13,860000,DL,LU,P02
13,862500,DL,LU,P02
13,865000,DL,LU,P02
13,870000,DL,LU,P02
13,880000,DL,LU,P02
13,882500,DL,LU,P02
13,890000,DL,LU,P02
13,892500,DL,LU,P02
13,895000,DL,LU,P02
13,900000,DL,LU,P02
13,905000,DL,LU,P02
13,907500,DL,LU,P02
13,910000,DL,LU,P02
13,912500,DL,LU,P02
13,922500,DL,LU,P02
13,925000,DL,LU,P02
13,932500,DL,LU,P02
13,935000,DL,LU,P02
13,937500,DL,LU,P02
13,940000,DL,LU,P02
13,950000,DL,LU,P02
13,952500,DL,LU,P02
13,955000,DL,LU,P02
13,957500,DL,LU,P02
13,960000,DL,LU,P02
13,962500,DL,LU,P02
13,965000,DL,LU,P02
13,967500,DL,LU,P02
13,970000,DL,LU,P02
13,972500,DL,LU,P02
13,975000,DL,LU,P02
13,977500,DL,LU,P02
13,980000,DL,LU,P02
13,982500,DL,LU,P02
13,985000,DL,LU,P02
13,987500,DL,LU,P02
13,990000,DL,LU,P02
13,992500,DL,LU,P02
13,995000,DL,LU,P02
13,997500,DL,LU,P02
13,1005000,DL,LU,P02
13,1007500,DL,LU,P02
13,1010000,DL,LU,P02
13,1012500,DL,LU,P02
13,1015000,DL,LU,P02
13,1017500,DL,LU,P02
13,1020000,DL,LU,P02
13,1022500,DL,LU,P02
13,1025000,DL,LU,P02
13,1027500,DL,LU,P02
13,1030000,DL,LU,P02
13,1032500,DL,LU,P02
13,1035000,DL,LU,P02
13,1037500,DL,LU,P02
13,1040000,DL,LU,P02
13,1042500,DL,LU,P02
13,1057500,DL,LU,P02
13,1072500,DL,LU,P02
13,1075000,DL,LU,P02
13,1080000,DL,LU,P02
13,1082500,DL,LU,P02
13,1085000,DL,LU,P02
13,1087500,DL,LU,P02
13,1090000,DL,LU,P02
13,1092500,DL,LU,P02
13,1095000,DL,LU,P02
13,1097500,DL,LU,P02
13,1100000,DL,LU,P02
13,1110000,DL,LU,P02
13,1112500,DL,LU,P02
13,1115000,DL,LU,P02
13,1117500,DL,LU,P02
13,1120000,DL,LU,P02
13,1122500,DL,LU,P02
13,1127500,DL,LU,P02
13,1130000,DL,LU,P02
13,1132500,DL,LU,P02
13,1140000,DL,LU,P02
14,2500,DL,XP,P02
14,5000,DL,XP,P02
14,7500,DL,XP,P02
14,10000,DL,XP,P02
14,12500,DL,XP,P02
14,15000,DL,XP,P02
14,17500,DL,XP,P02
14,20000,DL,XP,P02
14,22500,DL,XP,P02
14,25000,DL,XP,P02
14,27500,DL,XP,P02
14,30000,DL,XP,P02
14,32500,DL,XP,P02
14,35000,DL,XP,P02
14,37500,DL,XP,P02
14,40000,DL,XP,P02
14,42500,DL,XP,P02
14,45000,DL,XP,P02
14,47500,DL,XP,P02
14,50000,DL,XP,P02
14,52500,DL,XP,P02
14,55000,DL,XP,P02
14,57500,DL,XP,P02
14,60000,DL,XP,P02
14,62500,DL,XP,P02
14,65000,DL,XP,P02
14,67500,DL,XP,P02
14,70000,DL,XP,P02
14,72500,DL,XP,P02
14,75000,DL,XP,P02
14,77500,DL,XP,P02
14,80000,DL,XP,P02
14,82500,DL,XP,P02
14,85000,DL,XP,P02
14,87500,DL,XP,P02
14,90000,DL,XP,P02
14,92500,DL,XP,P02
14,95000,DL,XP,P02
14,97500,DL,XP,P02
14,100000,DL,XP,P02
14,102500,DL,XP,P02
14,105000,DL,XP,P02
14,107500,DL,XP,P02
14,110000,DL,XP,P02
14,112500,DL,XP,P02
14,115000,DL,XP,P02
14,117500,DL,XP,P02
14,120000,DL,XP,P02
14,122500,DL,XP,P02
14,125000,DL,XP,P02
14,127500,DL,XP,P02
14,130000,DL,XP,P02
14,132500,DL,XP,P02
14,135000,DL,XP,P02
14,137500,DL,XP,P02
14,140000,DL,XP,P02
14,142500,DL,XP,P02
14,145000,DL,XP,P02
14,147500,DL,XP,P02
14,150000,DL,XP,P02
14,152500,DL,XP,P02
14,155000,DL,XP,P02
14,157500,DL,XP,P02
14,160000,DL,XP,P02
14,162500,DL,XP,P02
14,165000,DL,XP,P02
14,167500,DL,XP,P02
14,170000,DL,XP,P02
14,172500,DL,XP,P02
14,175000,DL,XP,P02
14,177500,DL,XP,P02
14,180000,DL,XP,P02
14,182500,DL,XP,P02
14,185000,DL,XP,P02
14,187500,DL,XP,P02
14,190000,DL,XP,P02
14,192500,DL,XP,P02
14,195000,DL,XP,P02
14,197500,DL,XP,P02
14,200000,DL,XP,P02
14,202500,DL,XP,P02
14,205000,DL,XP,P02
14,207500,DL,XP,P02
14,212500,DL,XP,P02
14,215000,DL,XP,P02
14,217500,DL,XP,P02
14,220000,DL,XP,P02
14,222500,DL,XP,P02
14,225000,DL,XP,P02
14,227500,DL,XP,P02
14,230000,DL,XP,P02
14,232500,DL,XP,P02
14,235000,DL,XP,P02
14,237500,DL,XP,P02
14,240000,DL,XP,P02
14,242500,DL,XP,P02
14,245000,DL,XP,P02
14,247500,DL,XP,P02
14,250000,DL,XP,P02
14,252500,DL,XP,P02
14,255000,DL,XP,P02
14,257500,DL,XP,P02
14,260000,DL,XP,P02
14,262500,DL,XP,P02
14,265000,DL,XP,P02
14,267500,DL,XP,P02
14,270000,DL,XP,P02
14,272500,DL,XP,P02
14,275000,DL,XP,P02
14,277500,DL,XP,P02
14,280000,DL,XP,P02
14,282500,DL,XP,P02
14,285000,DL,XP,P02
14,287500,DL,XP,P02
14,290000,DL,XP,P02
14,292500,DL,XP,P02
14,295000,DL,XP,P02
14,297500,DL,XP,P02
14,300000,DL,XP,P02
14,302500,DL,XP,P02
14,305000,DL,XP,P02
14,307500,DL,XP,P02
14,310000,DL,XP,P02
14,312500,DL,XP,P02
14,315000,DL,XP,P02
14,317500,DL,XP,P02
14,320000,DL,XP,P02
14,322500,DL,XP,P02
14,325000,DL,XP,P02
14,327500,DL,XP,P02
14,330000,DL,XP,P02
14,332500,DL,XP,P02
14,335000,DL,XP,P02
14,337500,DL,XP,P02
14,340000,DL,XP,P02
14,342500,DL,XP,P02
14,345000,DL,XP,P02
14,347500,DL,XP,P02
14,350000,DL,XP,P02
14,352500,DL,XP,P02
14,355000,DL,XP,P02
14,357500,DL,XP,P02
14,360000,DL,XP,P02
14,362500,DL,XP,P02
14,365000,DL,XP,P02
14,367500,DL,XP,P02
14,370000,DL,XP,P02
14,372500,DL,XP,P02
14,375000,DL,XP,P02
14,377500,DL,XP,P02
14,380000,DL,XP,P02
14,382500,DL,XP,P02
14,385000,DL,XP,P02
14,387500,DL,XP,P02
14,390000,DL,XP,P02
14,392500,DL,XP,P02
14,395000,DL,XP,P02
14,397500,DL,XP,P02
14,400000,DL,XP,P02
14,402500,DL,XP,P02
14,405000,DL,XP,P02
14,407500,DL,XP,P02
14,410000,DL,XP,P02
14,412500,DL,XP,P02
14,415000,DL,XP,P02
14,417500,DL,XP,P02
14,420000,DL,XP,P02
14,422500,DL,XP,P02
14,425000,DL,XP,P02
14,427500,DL,XP,P02
14,430000,DL,XP,P02
14,432500,DL,XP,P02
14,435000,DL,XP,P02
14,437500,DL,XP,P02
14,440000,DL,XP,P02
14,442500,DL,XP,P02
14,445000,DL,XP,P02
14,447500,DL,XP,P02
14,450000,DL,XP,P02
14,452500,DL,XP,P02
14,455000,DL,XP,P02
14,457500,DL,XP,P02
14,460000,DL,XP,P02
14,462500,DL,XP,P02
14,465000,DL,XP,P02
14,467500,DL,XP,P02
14,470000,DL,XP,P02
14,472500,DL,XP,P02
14,475000,DL,XP,P02
14,477500,DL,XP,P02
14,480000,DL,XP,P02
14,482500,DL,XP,P02
14,485000,DL,XP,P02
14,487500,DL,XP,P02
14,490000,DL,XP,P02
14,492500,DL,XP,P02
14,495000,DL,XP,P02
14,497500,DL,XP,P02
14,500000,DL,XP,P02
14,502500,DL,XP,P02
14,505000,DL,XP,P02
14,507500,DL,XP,P02
14,510000,DL,XP,P02
14,512500,DL,XP,P02
14,515000,DL,XP,P02
14,517500,DL,XP,P02
14,520000,DL,XP,P02
14,522500,DL,XP,P02
14,525000,DL,XP,P02
14,527500,DL,XP,P02
14,530000,DL,XP,P02
14,532500,DL,XP,P02
14,535000,DL,XP,P02
14,537500,DL,XP,P02
14,540000,DL,XP,P02
14,542500,DL,XP,P02
14,545000,DL,XP,P02
14,547500,DL,XP,P02
14,550000,DL,XP,P02
14,552500,DL,XP,P02
14,555000,DL,XP,P02
14,557500,DL,XP,P02
14,560000,DL,XP,P02
14,562500,DL,XP,P02
14,565000,DL,XP,P02
14,567500,DL,XP,P02
14,570000,DL,XP,P02
14,572500,DL,XP,P02
14,575000,DL,XP,P02
14,577500,DL,XP,P02
14,580000,DL,XP,P02
14,582500,DL,XP,P02
14,585000,DL,XP,P02
14,587500,DL,XP,P02
14,590000,DL,XP,P02
14,592500,DL,XP,P02
14,595000,DL,XP,P02
14,597500,DL,XP,P02
14,600000,DL,XP,P02
14,602500,DL,XP,P02
14,605000,DL,XP,P02
14,607500,DL,XP,P02
14,610000,DL,XP,P02
14,612500,DL,XP,P02
14,615000,DL,XP,P02
14,617500,DL,XP,P02
14,620000,DL,XP,P02
14,622500,DL,XP,P02
14,625000,DL,XP,P02
14,627500,DL,XP,P02
14,630000,DL,XP,P02
14,632500,DL,XP,P02
14,635000,DL,XP,P02
14,637500,DL,XP,P02
14,640000,DL,XP,P02
14,642500,DL,XP,P02
14,645000,DL,XP,P02
14,647500,DL,XP,P02
14,650000,DL,XP,P02
14,652500,DL,XP,P02
14,655000,DL,XP,P02
14,657500,DL,XP,P02
14,660000,DL,XP,P02
14,662500,DL,XP,P02
14,665000,DL,XP,P02
14,667500,DL,XP,P02
14,670000,DL,XP,P02
14,672500,DL,XP,P02
14,675000,DL,XP,P02
14,677500,DL,XP,P02
14,680000,DL,XP,P02
14,682500,DL,XP,P02
14,685000,DL,XP,P02
14,687500,DL,XP,P02
14,690000,DL,XP,P02
14,692500,DL,XP,P02
14,695000,DL,XP,P02
14,697500,DL,XP,P02
14,700000,DL,XP,P02
14,702500,DL,XP,P02
14,705000,DL,XP,P02
14,707500,DL,XP,P02
14,710000,DL,XP,P02
14,712500,DL,XP,P02
14,715000,DL,XP,P02
14,717500,DL,XP,P02
14,720000,DL,XP,P02
14,722500,DL,XP,P02
14,725000,DL,XP,P02
14,727500,DL,XP,P02
14,730000,DL,XP,P02
14,732500,DL,XP,P02
14,735000,DL,XP,P02
14,737500,DL,XP,P02
14,740000,DL,XP,P02
14,742500,DL,XP,P02
14,745000,DL,XP,P02
14,747500,DL,XP,P02
14,750000,DL,XP,P02
14,752500,DL,XP,P02
14,755000,DL,XP,P02
14,757500,DL,XP,P02
14,760000,DL,XP,P02
14,762500,DL,XP,P02
14,765000,DL,XP,P02
14,767500,DL,XP,P02
14,770000,DL,XP,P02
14,772500,DL,XP,P02
14,775000,DL,XP,P02
14,777500,DL,XP,P02
14,780000,DL,XP,P02
14,782500,DL,XP,P02
14,785000,DL,XP,P02
14,787500,DL,XP,P02
14,790000,DL,XP,P02
14,792500,DL,XP,P02
14,795000,DL,XP,P02
14,797500,DL,XP,P02
14,800000,DL,XP,P02
14,802500,DL,XP,P02
14,805000,DL,XP,P02
14,807500,DL,XP,P02
14,810000,DL,XP,P02
14,812500,DL,XP,P02
14,815000,DL,XP,P02
14,817500,DL,XP,P02
14,820000,DL,XP,P02
14,822500,DL,XP,P02
14,825000,DL,XP,P02
14,827500,DL,XP,P02
14,830000,DL,XP,P02
14,832500,DL,XP,P02
14,835000,DL,XP,P02
14,837500,DL,XP,P02
14,840000,DL,XP,P02
14,842500,DL,XP,P02
14,845000,DL,XP,P02
14,847500,DL,XP,P02
14,850000,DL,XP,P02
14,852500,DL,XP,P02
14,855000,DL,XP,P02
14,857500,DL,XP,P02
14,860000,DL,XP,P02
14,862500,DL,XP,P02
14,865000,DL,XP,P02
14,867500,DL,XP,P02
14,870000,DL,XP,P02
14,872500,DL,XP,P02
14,875000,DL,XP,P02
14,877500,DL,XP,P02
14,880000,DL,XP,P02
14,882500,DL,XP,P02
14,885000,DL,XP,P02
14,887500,DL,XP,P02
14,890000,DL,XP,P02
14,892500,DL,XP,P02
14,895000,DL,XP,P02
14,897500,DL,XP,P02
14,900000,DL,XP,P02
14,902500,DL,XP,P02
14,905000,DL,XP,P02
14,907500,DL,XP,P02
14,910000,DL,XP,P02
14,912500,DL,XP,P02
14,915000,DL,XP,P02
14,917500,DL,XP,P02
14,920000,DL,XP,P02
14,922500,DL,XP,P02
14,925000,DL,XP,P02
14,927500,DL,XP,P02
14,930000,DL,XP,P02
14,932500,DL,XP,P02
14,935000,DL,XP,P02
14,942500,DL,XP,P02
14,945000,DL,XP,P02
14,947500,DL,XP,P02
14,950000,DL,XP,P02
14,952500,DL,XP,P02
14,955000,DL,XP,P02
14,957500,DL,XP,P02
14,960000,DL,XP,P02
14,962500,DL,XP,P02
14,965000,DL,XP,P02
14,967500,DL,XP,P02
14,970000,DL,XP,P02
14,972500,DL,XP,P02
14,975000,DL,XP,P02
14,977500,DL,XP,P02
14,980000,DL,XP,P02
14,982500,DL,XP,P02
14,985000,DL,XP,P02
14,987500,DL,XP,P02
14,990000,DL,XP,P02
14,992500,DL,XP,P02
14,995000,DL,XP,P02
14,997500,DL,XP,P02
14,1000000,DL,XP,P02
14,1002500,DL,XP,P02
14,1005000,DL,XP,P02
14,1007500,DL,XP,P02
14,1010000,DL,XP,P02
14,1012500,DL,XP,P02
14,1015000,DL,XP,P02
14,1017500,DL,XP,P02
14,1020000,DL,XP,P02
14,1022500,DL,XP,P02
14,1025000,DL,XP,P02
14,1027500,DL,XP,P02
14,1030000,DL,XP,P02
14,1032500,DL,XP,P02
14,1035000,DL,XP,P02
14,1037500,DL,XP,P02
14,1040000,DL,XP,P02
14,1042500,DL,XP,P02
14,1045000,DL,XP,P02
14,1047500,DL,XP,P02
14,1050000,DL,XP,P02
14,1052500,DL,XP,P02
14,1055000,DL,XP,P02
14,1057500,DL,XP,P02
14,1060000,DL,XP,P02
14,1062500,DL,XP,P02
14,1065000,DL,XP,P02
14,1067500,DL,XP,P02
14,1070000,DL,XP,P02
14,1072500,DL,XP,P02
14,1075000,DL,XP,P02
14,1077500,DL,XP,P02
14,1080000,DL,XP,P02
14,1082500,DL,XP,P02
14,1085000,DL,XP,P02
14,1087500,DL,XP,P02
14,1090000,DL,XP,P02
14,1092500,DL,XP,P02
14,1095000,DL,XP,P02
14,1097500,DL,XP,P02
14,1100000,DL,XP,P02
14,1102500,DL,XP,P02
14,1105000,DL,XP,P02
14,1107500,DL,XP,P02
14,1110000,DL,XP,P02
14,1112500,DL,XP,P02
14,1115000,DL,XP,P02
14,1117500,DL,XP,P02
14,1120000,DL,XP,P02
14,1122500,DL,XP,P02
14,1125000,DL,XP,P02
14,1127500,DL,XP,P02
14,1130000,DL,XP,P02
14,1132500,DL,XP,P02
14,1135000,DL,XP,P02
14,1137500,DL,XP,P02
14,1140000,DL,XP,P02
15,0,DR,FR,P02
15,2500,DR,FR,P02
15,5000,DR,FR,P02
15,7500,DR,FR,P02
15,10000,DR,FR,P02
15,12500,DR,FR,P02
15,15000,DR,FR,P02
15,17500,DR,FR,P02
15,20000,DR,FR,P02
15,22500,DR,FR,P02
15,25000,DR,FR,P02
15,27500,DR,FR,P02
15,30000,DR,FR,P02
15,32500,DR,FR,P02
15,35000,DR,FR,P02
15,37500,DR,FR,P02
15,40000,DR,FR,P02
15,42500,DR,FR,P02
15,45000,DR,FR,P02
15,47500,DR,FR,P02
15,50000,DR,FR,P02
15,52500,DR,FR,P02
15,55000,DR,FR,P02
15,57500,DR,FR,P02
15,60000,DR,FR,P02
15,62500,DR,FR,P02
15,65000,DR,FR,P02
15,67500,DR,FR,P02
15,70000,DR,FR,P02
15,72500,DR,FR,P02
15,75000,DR,FR,P02
15,77500,DR,FR,P02
15,80000,DR,FR,P02
15,82500,DR,FR,P02
15,85000,DR,FR,P02
15,87500,DR,FR,P02
15,90000,DR,FR,P02
15,92500,DR,FR,P02
15,95000,DR,FR,P02
15,97500,DR,FR,P02
15,100000,DR,FR,P02
15,102500,DR,FR,P02
15,105000,DR,FR,P02
15,107500,DR,FR,P02
15,110000,DR,FR,P02
15,112500,DR,FR,P02
15,115000,DR,FR,P02
15,117500,DR,FR,P02
15,120000,DR,FR,P02
15,122500,DR,FR,P02
15,125000,DR,FR,P02
15,127500,DR,FR,P02
15,130000,DR,FR,P02
15,132500,DR,FR,P02
15,135000,DR,FR,P02
15,137500,DR,FR,P02
15,140000,DR,FR,P02
15,142500,DR,FR,P02
15,145000,DR,FR,P02
15,147500,DR,FR,P02
15,150000,DR,FR,P02
15,152500,DR,FR,P02
15,155000,DR,FR,P02
15,157500,DR,FR,P02
15,160000,DR,FR,P02
15,162500,DR,FR,P02
15,165000,DR,FR,P02
15,167500,DR,FR,P02
15,170000,DR,FR,P02
15,172500,DR,FR,P02
15,175000,DR,FR,P02
15,177500,DR,FR,P02
15,180000,DR,FR,P02
15,182500,DR,FR,P02
15,185000,DR,FR,P02
15,187500,DR,FR,P02
15,190000,DR,FR,P02
15,192500,DR,FR,P02
15,195000,DR,FR,P02
15,197500,DR,FR,P02
15,200000,DR,FR,P02
15,202500,DR,FR,P02
15,205000,DR,FR,P02
15,207500,DR,FR,P02
15,210000,DR,FR,P02
15,212500,DR,FR,P02
15,215000,DR,FR,P02
15,217500,DR,FR,P02
15,220000,DR,FR,P02
15,222500,DR,FR,P02
15,225000,DR,FR,P02
15,227500,DR,FR,P02
15,230000,DR,FR,P02
15,232500,DR,FR,P02
15,235000,DR,FR,P02
15,237500,DR,FR,P02
15,240000,DR,FR,P02
15,242500,DR,FR,P02
15,245000,DR,FR,P02
15,247500,DR,FR,P02
15,250000,DR,FR,P02
15,252500,DR,FR,P02
15,255000,DR,FR,P02
15,257500,DR,FR,P02
15,260000,DR,FR,P02
15,262500,DR,FR,P02
15,265000,DR,FR,P02
15,267500,DR,FR,P02
15,270000,DR,FR,P02
15,272500,DR,FR,P02
15,275000,DR,FR,P02
15,277500,DR,FR,P02
15,280000,DR,FR,P02
15,282500,DR,FR,P02
15,285000,DR,FR,P02
15,287500,DR,FR,P02
15,290000,DR,FR,P02
15,292500,DR,FR,P02
15,295000,DR,FR,P02
15,297500,DR,FR,P02
15,300000,DR,FR,P02
15,302500,DR,FR,P02
15,305000,DR,FR,P02
15,307500,DR,FR,P02
15,310000,DR,FR,P02
15,312500,DR,FR,P02
15,315000,DR,FR,P02
15,317500,DR,FR,P02
15,320000,DR,FR,P02
15,322500,DR,FR,P02
15,325000,DR,FR,P02
15,327500,DR,FR,P02
15,330000,DR,FR,P02
15,332500,DR,FR,P02
15,335000,DR,FR,P02
15,337500,DR,FR,P02
15,340000,DR,FR,P02
15,342500,DR,FR,P02
15,345000,DR,FR,P02
15,347500,DR,FR,P02
15,350000,DR,FR,P02
15,352500,DR,FR,P02
15,355000,DR,FR,P02
15,357500,DR,FR,P02
15,360000,DR,FR,P02
15,362500,DR,FR,P02
15,365000,DR,FR,P02
15,367500,DR,FR,P02
15,370000,DR,FR,P02
15,372500,DR,FR,P02
15,375000,DR,FR,P02
15,377500,DR,FR,P02
15,380000,DR,FR,P02
15,382500,DR,FR,P02
15,385000,DR,FR,P02
15,387500,DR,FR,P02
15,390000,DR,FR,P02
15,392500,DR,FR,P02
15,395000,DR,FR,P02
15,397500,DR,FR,P02
15,400000,DR,FR,P02
15,402500,DR,FR,P02
15,405000,DR,FR,P02
15,407500,DR,FR,P02
15,410000,DR,FR,P02
15,412500,DR,FR,P02
15,415000,DR,FR,P02
15,417500,DR,FR,P02
15,420000,DR,FR,P02
15,422500,DR,FR,P02
15,425000,DR,FR,P02
15,427500,DR,FR,P02
15,430000,DR,FR,P02
15,432500,DR,FR,P02
15,435000,DR,FR,P02
15,437500,DR,FR,P02
15,440000,DR,FR,P02
15,442500,DR,FR,P02
15,445000,DR,FR,P02
15,447500,DR,FR,P02
15,450000,DR,FR,P02
15,452500,DR,FR,P02
15,455000,DR,FR,P02
15,457500,DR,FR,P02
15,460000,DR,FR,P02
15,462500,DR,FR,P02
15,465000,DR,FR,P02
15,467500,DR,FR,P02
15,470000,DR,FR,P02
15,472500,DR,FR,P02
15,475000,DR,FR,P02
15,477500,DR,FR,P02
15,480000,DR,FR,P02
15,482500,DR,FR,P02
15,485000,DR,FR,P02
15,487500,DR,FR,P02
15,490000,DR,FR,P02
15,492500,DR,FR,P02
15,495000,DR,FR,P02
15,497500,DR,FR,P02
15,500000,DR,FR,P02
15,502500,DR,FR,P02
15,505000,DR,FR,P02
15,507500,DR,FR,P02
15,510000,DR,FR,P02
15,512500,DR,FR,P02
15,515000,DR,FR,P02
15,517500,DR,FR,P02
15,520000,DR,FR,P02
15,522500,DR,FR,P02
15,525000,DR,FR,P02
15,527500,DR,FR,P02
15,530000,DR,FR,P02
15,532500,DR,FR,P02
15,535000,DR,FR,P02
15,537500,DR,FR,P02
15,540000,DR,FR,P02
15,542500,DR,FR,P02
15,545000,DR,FR,P02
15,547500,DR,FR,P02
15,550000,DR,FR,P02
15,552500,DR,FR,P02
15,555000,DR,FR,P02
15,557500,DR,FR,P02
15,560000,DR,FR,P02
15,562500,DR,FR,P02
15,565000,DR,FR,P02
15,567500,DR,FR,P02
15,570000,DR,FR,P02
15,572500,DR,FR,P02
15,575000,DR,FR,P02
15,577500,DR,FR,P02
15,580000,DR,FR,P02
15,582500,DR,FR,P02
15,585000,DR,FR,P02
15,587500,DR,FR,P02
15,590000,DR,FR,P02
15,592500,DR,FR,P02
15,595000,DR,FR,P02
15,597500,DR,FR,P02
15,600000,DR,FR,P02
15,602500,DR,FR,P02
15,605000,DR,FR,P02
15,607500,DR,FR,P02
15,610000,DR,FR,P02
15,612500,DR,FR,P02
15,615000,DR,FR,P02
15,617500,DR,FR,P02
15,620000,DR,FR,P02
15,622500,DR,FR,P02
15,625000,DR,FR,P02
15,627500,DR,FR,P02
15,630000,DR,FR,P02
15,632500,DR,FR,P02
15,635000,DR,FR,P02
15,637500,DR,FR,P02
15,640000,DR,FR,P02
15,642500,DR,FR,P02
15,645000,DR,FR,P02
15,647500,DR,FR,P02
15,650000,DR,FR,P02
15,652500,DR,FR,P02
15,655000,DR,FR,P02
15,657500,DR,FR,P02
15,660000,DR,FR,P02
15,662500,DR,FR,P02
15,665000,DR,FR,P02
15,667500,DR,FR,P02
15,670000,DR,FR,P02
15,672500,DR,FR,P02
15,675000,DR,FR,P02
15,677500,DR,FR,P02
15,680000,DR,FR,P02
15,682500,DR,FR,P02
15,685000,DR,FR,P02
15,687500,DR,FR,P02
15,690000,DR,FR,P02
15,692500,DR,FR,P02
15,695000,DR,FR,P02
15,697500,DR,FR,P02
15,700000,DR,FR,P02
15,702500,DR,FR,P02
15,705000,DR,FR,P02
15,707500,DR,FR,P02
15,710000,DR,FR,P02
15,712500,DR,FR,P02
15,715000,DR,FR,P02
15,717500,DR,FR,P02
15,720000,DR,FR,P02
15,722500,DR,FR,P02
15,725000,DR,FR,P02
15,727500,DR,FR,P02
15,730000,DR,FR,P02
15,732500,DR,FR,P02
15,735000,DR,FR,P02
15,737500,DR,FR,P02
15,740000,DR,FR,P02
15,742500,DR,FR,P02
15,745000,DR,FR,P02
15,747500,DR,FR,P02
15,750000,DR,FR,P02
15,752500,DR,FR,P02
15,755000,DR,FR,P02
15,757500,DR,FR,P02
15,760000,DR,FR,P02
15,762500,DR,FR,P02
15,765000,DR,FR,P02
15,767500,DR,FR,P02
15,770000,DR,FR,P02
15,772500,DR,FR,P02
15,775000,DR,FR,P02
15,777500,DR,FR,P02
15,780000,DR,FR,P02
15,782500,DR,FR,P02
15,785000,DR,FR,P02
15,787500,DR,FR,P02
15,790000,DR,FR,P02
15,792500,DR,FR,P02
15,795000,DR,FR,P02
15,797500,DR,FR,P02
15,800000,DR,FR,P02
15,802500,DR,FR,P02
15,805000,DR,FR,P02
15,807500,DR,FR,P02
15,810000,DR,FR,P02
15,812500,DR,FR,P02
15,815000,DR,FR,P02
15,817500,DR,FR,P02
15,820000,DR,FR,P02
15,822500,DR,FR,P02
15,825000,DR,FR,P02
15,827500,DR,FR,P02
15,830000,DR,FR,P02
15,832500,DR,FR,P02
15,835000,DR,FR,P02
15,837500,DR,FR,P02
15,840000,DR,FR,P02
15,842500,DR,FR,P02
15,845000,DR,FR,P02
15,847500,DR,FR,P02
15,850000,DR,FR,P02
15,852500,DR,FR,P02
15,855000,DR,FR,P02
15,857500,DR,FR,P02
15,860000,DR,FR,P02
15,862500,DR,FR,P02
15,865000,DR,FR,P02
15,867500,DR,FR,P02
15,870000,DR,FR,P02
15,872500,DR,FR,P02
15,875000,DR,FR,P02
15,877500,DR,FR,P02
15,880000,DR,FR,P02
15,882500,DR,FR,P02
15,885000,DR,FR,P02
15,887500,DR,FR,P02
15,890000,DR,FR,P02
15,892500,DR,FR,P02
15,897500,DR,FR,P02
15,900000,DR,FR,P02
15,902500,DR,FR,P02
15,905000,DR,FR,P02
15,907500,DR,FR,P02
15,910000,DR,FR,P02
15,912500,DR,FR,P02
15,915000,DR,FR,P02
15,917500,DR,FR,P02
15,920000,DR,FR,P02
15,922500,DR,FR,P02
15,925000,DR,FR,P02
15,927500,DR,FR,P02
15,930000,DR,FR,P02
15,932500,DR,FR,P02
15,935000,DR,FR,P02
15,937500,DR,FR,P02
15,940000,DR,FR,P02
15,942500,DR,FR,P02
15,945000,DR,FR,P02
15,947500,DR,FR,P02
15,950000,DR,FR,P02
15,952500,DR,FR,P02
15,955000,DR,FR,P02
15,957500,DR,FR,P02
15,960000,DR,FR,P02
15,962500,DR,FR,P02
15,965000,DR,FR,P02
15,967500,DR,FR,P02
15,970000,DR,FR,P02
15,972500,DR,FR,P02
15,975000,DR,FR,P02
15,977500,DR,FR,P02
15,980000,DR,FR,P02
15,982500,DR,FR,P02
15,985000,DR,FR,P02
15,987500,DR,FR,P02
15,990000,DR,FR,P02
15,992500,DR,FR,P02
15,995000,DR,FR,P02
15,997500,DR,FR,P02
15,1000000,DR,FR,P02
15,1002500,DR,FR,P02
15,1005000,DR,FR,P02
15,1007500,DR,FR,P02
15,1010000,DR,FR,P02
15,1012500,DR,FR,P02
15,1015000,DR,FR,P02
15,1017500,DR,FR,P02
15,1020000,DR,FR,P02
15,1022500,DR,FR,P02
15,1025000,DR,FR,P02
15,1027500,DR,FR,P02
15,1030000,DR,FR,P02
15,1032500,DR,FR,P02
15,1035000,DR,FR,P02
15,1037500,DR,FR,P02
15,1040000,DR,FR,P02
15,1042500,DR,FR,P02
15,1045000,DR,FR,P02
15,1047500,DR,FR,P02
15,1050000,DR,FR,P02
15,1052500,DR,FR,P02
15,1055000,DR,FR,P02
15,1057500,DR,FR,P02
15,1060000,DR,FR,P02
15,1062500,DR,FR,P02
15,1065000,DR,FR,P02
15,1067500,DR,FR,P02
15,1070000,DR,FR,P02
15,1072500,DR,FR,P02
15,1075000,DR,FR,P02
15,1077500,DR,FR,P02
15,1080000,DR,FR,P02
15,1082500,DR,FR,P02
15,1085000,DR,FR,P02
15,1087500,DR,FR,P02
15,1090000,DR,FR,P02
15,1092500,DR,FR,P02
15,1095000,DR,FR,P02
15,1097500,DR,FR,P02
15,1100000,DR,FR,P02
15,1102500,DR,FR,P02
15,1105000,DR,FR,P02
15,1107500,DR,FR,P02
15,1110000,DR,FR,P02
15,1112500,DR,FR,P02
15,1115000,DR,FR,P02
15,1117500,DR,FR,P02
15,1120000,DR,FR,P02
15,1122500,DR,FR,P02
15,1125000,DR,FR,P02
15,1127500,DR,FR,P02
15,1130000,DR,FR,P02
15,1132500,DR,FR,P02
15,1135000,DR,FR,P02
15,1137500,DR,FR,P02
15,1140000,DR,FR,P02
16,0,DR,LU,P02
16,2500,DR,LU,P02
16,10000,DR,LU,P02
16,12500,DR,LU,P02
16,17500,DR,LU,P02
16,20000,DR,LU,P02
16,22500,DR,LU,P02
16,25000,DR,LU,P02
16,27500,DR,LU,P02
16,30000,DR,LU,P02
16,32500,DR,LU,P02
16,35000,DR,LU,P02
16,37500,DR,LU,P02
16,40000,DR,LU,P02
16,42500,DR,LU,P02
16,45000,DR,LU,P02
16,47500,DR,LU,P02
16,50000,DR,LU,P02
16,52500,DR,LU,P02
16,55000,DR,LU,P02
16,57500,DR,LU,P02
16,60000,DR,LU,P02
16,62500,DR,LU,P02
16,65000,DR,LU,P02
16,72500,DR,LU,P02
16,75000,DR,LU,P02
16,77500,DR,LU,P02
16,80000,DR,LU,P02
16,82500,DR,LU,P02
16,85000,DR,LU,P02
16,87500,DR,LU,P02
16,90000,DR,LU,P02
16,92500,DR,LU,P02
16,95000,DR,LU,P02
16,97500,DR,LU,P02
16,100000,DR,LU,P02
16,102500,DR,LU,P02
16,105000,DR,LU,P02
16,107500,DR,LU,P02
16,110000,DR,LU,P02
16,112500,DR,LU,P02
16,115000,DR,LU,P02
16,117500,DR,LU,P02
16,122500,DR,LU,P02
16,135000,DR,LU,P02
16,137500,DR,LU,P02
16,140000,DR,LU,P02
16,142500,DR,LU,P02
16,145000,DR,LU,P02
16,147500,DR,LU,P02
16,150000,DR,LU,P02
16,152500,DR,LU,P02
16,155000,DR,LU,P02
16,160000,DR,LU,P02
16,162500,DR,LU,P02
16,165000,DR,LU,P02
16,167500,DR,LU,P02
16,170000,DR,LU,P02
16,172500,DR,LU,P02
16,175000,DR,LU,P02
16,177500,DR,LU,P02
16,180000,DR,LU,P02
16,182500,DR,LU,P02
16,185000,DR,LU,P02
16,187500,DR,LU,P02
16,190000,DR,LU,P02
16,192500,DR,LU,P02
16,195000,DR,LU,P02
16,197500,DR,LU,P02
16,200000,DR,LU,P02
16,202500,DR,LU,P02
16,205000,DR,LU,P02
16,207500,DR,LU,P02
16,222500,DR,LU,P02
16,225000,DR,LU,P02
16,227500,DR,LU,P02
16,230000,DR,LU,P02
16,232500,DR,LU,P02
16,235000,DR,LU,P02
16,237500,DR,LU,P02
16,247500,DR,LU,P02
16,250000,DR,LU,P02
16,252500,DR,LU,P02
16,255000,DR,LU,P02
16,257500,DR,LU,P02
16,260000,DR,LU,P02
16,262500,DR,LU,P02
16,265000,DR,LU,P02
16,267500,DR,LU,P02
16,277500,DR,LU,P02
16,285000,DR,LU,P02
16,290000,DR,LU,P02
16,292500,DR,LU,P02
16,295000,DR,LU,P02
16,297500,DR,LU,P02
16,300000,DR,LU,P02
16,302500,DR,LU,P02
16,305000,DR,LU,P02
16,307500,DR,LU,P02
16,310000,DR,LU,P02
16,312500,DR,LU,P02
16,315000,DR,LU,P02
16,317500,DR,LU,P02
16,320000,DR,LU,P02
16,322500,DR,LU,P02
16,325000,DR,LU,P02
16,327500,DR,LU,P02
16,330000,DR,LU,P02
16,332500,DR,LU,P02
16,335000,DR,LU,P02
16,337500,DR,LU,P02
16,340000,DR,LU,P02
16,342500,DR,LU,P02
16,345000,DR,LU,P02
16,347500,DR,LU,P02
16,350000,DR,LU,P02
16,352500,DR,LU,P02
16,355000,DR,LU,P02
16,360000,DR,LU,P02
16,362500,DR,LU,P02
16,365000,DR,LU,P02
16,367500,DR,LU,P02
16,370000,DR,LU,P02
16,372500,DR,LU,P02
16,375000,DR,LU,P02
16,380000,DR,LU,P02
16,392500,DR,LU,P02
16,395000,DR,LU,P02
16,397500,DR,LU,P02
16,400000,DR,LU,P02
16,402500,DR,LU,P02
16,405000,DR,LU,P02
16,407500,DR,LU,P02
16,410000,DR,LU,P02
16,412500,DR,LU,P02
16,415000,DR,LU,P02
16,417500,DR,LU,P02
16,422500,DR,LU,P02
16,427500,DR,LU,P02
16,430000,DR,LU,P02
16,432500,DR,LU,P02
16,437500,DR,LU,P02
16,440000,DR,LU,P02
16,442500,DR,LU,P02
16,450000,DR,LU,P02
16,465000,DR,LU,P02
16,467500,DR,LU,P02
16,470000,DR,LU,P02
16,472500,DR,LU,P02
16,475000,DR,LU,P02
16,477500,DR,LU,P02
16,480000,DR,LU,P02
16,482500,DR,LU,P02
16,485000,DR,LU,P02
16,487500,DR,LU,P02
16,490000,DR,LU,P02
16,492500,DR,LU,P02
16,495000,DR,LU,P02
16,497500,DR,LU,P02
16,500000,DR,LU,P02
16,502500,DR,LU,P02
16,505000,DR,LU,P02
16,507500,DR,LU,P02
16,510000,DR,LU,P02
16,512500,DR,LU,P02
16,515000,DR,LU,P02
16,517500,DR,LU,P02
16,520000,DR,LU,P02
16,522500,DR,LU,P02
16,525000,DR,LU,P02
16,527500,DR,LU,P02
16,530000,DR,LU,P02
16,532500,DR,LU,P02
16,535000,DR,LU,P02
16,540000,DR,LU,P02
16,542500,DR,LU,P02
16,545000,DR,LU,P02
16,547500,DR,LU,P02
16,550000,DR,LU,P02
16,555000,DR,LU,P02
16,557500,DR,LU,P02
16,560000,DR,LU,P02
16,562500,DR,LU,P02
16,565000,DR,LU,P02
16,572500,DR,LU,P02
16,575000,DR,LU,P02
16,577500,DR,LU,P02
16,595000,DR,LU,P02
16,597500,DR,LU,P02
16,600000,DR,LU,P02
16,602500,DR,LU,P02
16,605000,DR,LU,P02
16,607500,DR,LU,P02
16,610000,DR,LU,P02
16,612500,DR,LU,P02
16,615000,DR,LU,P02
16,617500,DR,LU,P02
16,622500,DR,LU,P02
16,625000,DR,LU,P02
16,627500,DR,LU,P02
16,630000,DR,LU,P02
16,632500,DR,LU,P02
16,635000,DR,LU,P02
16,640000,DR,LU,P02
16,642500,DR,LU,P02
16,645000,DR,LU,P02
16,647500,DR,LU,P02
16,650000,DR,LU,P02
16,652500,DR,LU,P02
16,655000,DR,LU,P02
16,657500,DR,LU,P02
16,660000,DR,LU,P02
16,670000,DR,LU,P02
16,675000,DR,LU,P02
16,680000,DR,LU,P02
16,682500,DR,LU,P02
16,685000,DR,LU,P02
16,695000,DR,LU,P02
16,697500,DR,LU,P02
16,700000,DR,LU,P02
16,702500,DR,LU,P02
16,725000,DR,LU,P02
16,727500,DR,LU,P02
16,730000,DR,LU,P02
16,742500,DR,LU,P02
16,745000,DR,LU,P02
16,747500,DR,LU,P02
16,750000,DR,LU,P02
16,752500,DR,LU,P02
16,755000,DR,LU,P02
16,757500,DR,LU,P02
16,760000,DR,LU,P02
16,762500,DR,LU,P02
16,765000,DR,LU,P02
16,767500,DR,LU,P02
16,770000,DR,LU,P02
16,772500,DR,LU,P02
16,775000,DR,LU,P02
16,777500,DR,LU,P02
16,787500,DR,LU,P02
16,790000,DR,LU,P02
16,792500,DR,LU,P02
16,795000,DR,LU,P02
16,797500,DR,LU,P02
16,800000,DR,LU,P02
16,802500,DR,LU,P02
16,805000,DR,LU,P02
16,807500,DR,LU,P02
16,810000,DR,LU,P02
16,812500,DR,LU,P02
16,815000,DR,LU,P02
16,817500,DR,LU,P02
16,820000,DR,LU,P02
16,822500,DR,LU,P02
16,825000,DR,LU,P02
16,827500,DR,LU,P02
16,830000,DR,LU,P02
16,832500,DR,LU,P02
16,835000,DR,LU,P02
16,837500,DR,LU,P02
16,840000,DR,LU,P02
16,842500,DR,LU,P02
16,845000,DR,LU,P02
16,847500,DR,LU,P02
16,850000,DR,LU,P02
16,852500,DR,LU,P02
16,855000,DR,LU,P02
16,860000,DR,LU,P02
16,862500,DR,LU,P02
16,865000,DR,LU,P02
16,867500,DR,LU,P02
16,870000,DR,LU,P02
16,872500,DR,LU,P02
16,875000,DR,LU,P02
16,877500,DR,LU,P02
16,880000,DR,LU,P02
16,882500,DR,LU,P02
16,885000,DR,LU,P02
16,887500,DR,LU,P02
16,890000,DR,LU,P02
16,900000,DR,LU,P02
16,902500,DR,LU,P02
16,905000,DR,LU,P02
16,907500,DR,LU,P02
16,910000,DR,LU,P02
16,912500,DR,LU,P02
16,917500,DR,LU,P02
16,920000,DR,LU,P02
16,922500,DR,LU,P02
16,925000,DR,LU,P02
16,927500,DR,LU,P02
16,930000,DR,LU,P02
16,932500,DR,LU,P02
16,935000,DR,LU,P02
16,937500,DR,LU,P02
16,940000,DR,LU,P02
16,942500,DR,LU,P02
16,945000,DR,LU,P02
16,947500,DR,LU,P02
16,950000,DR,LU,P02
16,952500,DR,LU,P02
16,955000,DR,LU,P02
16,957500,DR,LU,P02
16,960000,DR,LU,P02
16,962500,DR,LU,P02
16,965000,DR,LU,P02
16,970000,DR,LU,P02
16,972500,DR,LU,P02
16,975000,DR,LU,P02
16,982500,DR,LU,P02
16,985000,DR,LU,P02
16,997500,DR,LU,P02
16,1000000,DR,LU,P02
16,1002500,DR,LU,P02
16,1005000,DR,LU,P02
16,1010000,DR,LU,P02
16,1012500,DR,LU,P02
16,1015000,DR,LU,P02
16,1017500,DR,LU,P02
16,1020000,DR,LU,P02
16,1022500,DR,LU,P02
16,1025000,DR,LU,P02
16,1027500,DR,LU,P02
16,1030000,DR,LU,P02
16,1032500,DR,LU,P02
16,1035000,DR,LU,P02
16,1040000,DR,LU,P02
16,1042500,DR,LU,P02
16,1045000,DR,LU,P02
16,1047500,DR,LU,P02
16,1050000,DR,LU,P02
16,1052500,DR,LU,P02
16,1055000,DR,LU,P02
16,1057500,DR,LU,P02
16,1060000,DR,LU,P02
16,1062500,DR,LU,P02
16,1067500,DR,LU,P02
16,1070000,DR,LU,P02
16,1072500,DR,LU,P02
16,1075000,DR,LU,P02
16,1080000,DR,LU,P02
16,1082500,DR,LU,P02
16,1085000,DR,LU,P02
16,1087500,DR,LU,P02
16,1090000,DR,LU,P02
16,1092500,DR,LU,P02
16,1095000,DR,LU,P02
16,1097500,DR,LU,P02
16,1100000,DR,LU,P02
16,1102500,DR,LU,P02
16,1105000,DR,LU,P02
16,1107500,DR,LU,P02
16,1110000,DR,LU,P02
16,1112500,DR,LU,P02
16,1115000,DR,LU,P02
16,1117500,DR,LU,P02
16,1120000,DR,LU,P02
16,1122500,DR,LU,P02
16,1125000,DR,LU,P02
16,1127500,DR,LU,P02
16,1130000,DR,LU,P02
16,1132500,DR,LU,P02
16,1140000,DR,LU,P02
17,2500,DR,XP,P02
17,5000,DR,XP,P02
17,7500,DR,XP,P02
17,10000,DR,XP,P02
17,12500,DR,XP,P02
17,15000,DR,XP,P02
17,17500,DR,XP,P02
17,20000,DR,XP,P02
17,22500,DR,XP,P02
17,25000,DR,XP,P02
17,27500,DR,XP,P02
17,30000,DR,XP,P02
17,32500,DR,XP,P02
17,35000,DR,XP,P02
17,37500,DR,XP,P02
17,45000,DR,XP,P02
17,47500,DR,XP,P02
17,50000,DR,XP,P02
17,52500,DR,XP,P02
17,55000,DR,XP,P02
17,57500,DR,XP,P02
17,60000,DR,XP,P02
17,62500,DR,XP,P02
17,65000,DR,XP,P02
17,67500,DR,XP,P02
17,70000,DR,XP,P02
17,72500,DR,XP,P02
17,75000,DR,XP,P02
17,77500,DR,XP,P02
17,80000,DR,XP,P02
17,82500,DR,XP,P02
17,85000,DR,XP,P02
17,87500,DR,XP,P02
17,90000,DR,XP,P02
17,92500,DR,XP,P02
17,95000,DR,XP,P02
17,97500,DR,XP,P02
17,100000,DR,XP,P02
17,102500,DR,XP,P02
17,105000,DR,XP,P02
17,107500,DR,XP,P02
17,115000,DR,XP,P02
17,117500,DR,XP,P02
17,120000,DR,XP,P02
17,122500,DR,XP,P02
17,125000,DR,XP,P02
17,127500,DR,XP,P02
17,130000,DR,XP,P02
17,132500,DR,XP,P02
17,135000,DR,XP,P02
17,137500,DR,XP,P02
17,140000,DR,XP,P02
17,142500,DR,XP,P02
17,145000,DR,XP,P02
17,147500,DR,XP,P02
17,150000,DR,XP,P02
17,152500,DR,XP,P02
17,155000,DR,XP,P02
17,157500,DR,XP,P02
17,160000,DR,XP,P02
17,162500,DR,XP,P02
17,165000,DR,XP,P02
17,167500,DR,XP,P02
17,170000,DR,XP,P02
17,172500,DR,XP,P02
17,175000,DR,XP,P02
17,177500,DR,XP,P02
17,182500,DR,XP,P02
17,185000,DR,XP,P02
17,192500,DR,XP,P02
17,195000,DR,XP,P02
17,197500,DR,XP,P02
17,200000,DR,XP,P02
17,202500,DR,XP,P02
17,205000,DR,XP,P02
17,207500,DR,XP,P02
17,212500,DR,XP,P02
17,217500,DR,XP,P02
17,220000,DR,XP,P02
17,222500,DR,XP,P02
17,225000,DR,XP,P02
17,230000,DR,XP,P02
17,232500,DR,XP,P02
17,235000,DR,XP,P02
17,245000,DR,XP,P02
17,250000,DR,XP,P02
17,252500,DR,XP,P02
17,255000,DR,XP,P02
17,257500,DR,XP,P02
17,262500,DR,XP,P02
17,265000,DR,XP,P02
17,267500,DR,XP,P02
17,270000,DR,XP,P02
17,272500,DR,XP,P02
17,275000,DR,XP,P02
17,277500,DR,XP,P02
17,282500,DR,XP,P02
17,285000,DR,XP,P02
17,287500,DR,XP,P02
17,290000,DR,XP,P02
17,300000,DR,XP,P02
17,317500,DR,XP,P02
17,320000,DR,XP,P02
17,322500,DR,XP,P02
17,325000,DR,XP,P02
17,327500,DR,XP,P02
17,330000,DR,XP,P02
17,332500,DR,XP,P02
17,335000,DR,XP,P02
17,337500,DR,XP,P02
17,340000,DR,XP,P02
17,342500,DR,XP,P02
17,345000,DR,XP,P02
17,347500,DR,XP,P02
17,350000,DR,XP,P02
17,352500,DR,XP,P02
17,355000,DR,XP,P02
17,357500,DR,XP,P02
17,360000,DR,XP,P02
17,362500,DR,XP,P02
17,365000,DR,XP,P02
17,367500,DR,XP,P02
17,370000,DR,XP,P02
17,372500,DR,XP,P02
17,375000,DR,XP,P02
17,377500,DR,XP,P02
17,380000,DR,XP,P02
17,382500,DR,XP,P02
17,385000,DR,XP,P02
17,387500,DR,XP,P02
17,390000,DR,XP,P02
17,392500,DR,XP,P02
17,395000,DR,XP,P02
17,415000,DR,XP,P02
17,422500,DR,XP,P02
17,425000,DR,XP,P02
17,427500,DR,XP,P02
17,430000,DR,XP,P02
17,450000,DR,XP,P02
17,452500,DR,XP,P02
17,455000,DR,XP,P02
17,470000,DR,XP,P02
17,480000,DR,XP,P02
17,482500,DR,XP,P02
17,485000,DR,XP,P02
17,487500,DR,XP,P02
17,505000,DR,XP,P02
17,512500,DR,XP,P02
17,515000,DR,XP,P02
17,517500,DR,XP,P02
17,522500,DR,XP,P02
17,525000,DR,XP,P02
17,527500,DR,XP,P02
17,535000,DR,XP,P02
17,540000,DR,XP,P02
17,542500,DR,XP,P02
17,552500,DR,XP,P02
17,555000,DR,XP,P02
17,557500,DR,XP,P02
17,562500,DR,XP,P02
17,567500,DR,XP,P02
17,570000,DR,XP,P02
17,572500,DR,XP,P02
17,575000,DR,XP,P02
17,577500,DR,XP,P02
17,580000,DR,XP,P02
17,582500,DR,XP,P02
17,585000,DR,XP,P02
17,587500,DR,XP,P02
17,590000,DR,XP,P02
17,595000,DR,XP,P02
17,597500,DR,XP,P02
17,602500,DR,XP,P02
17,605000,DR,XP,P02
17,607500,DR,XP,P02
17,610000,DR,XP,P02
17,615000,DR,XP,P02
17,617500,DR,XP,P02
17,622500,DR,XP,P02
17,625000,DR,XP,P02
17,627500,DR,XP,P02
17,632500,DR,XP,P02
17,635000,DR,XP,P02
17,637500,DR,XP,P02
17,640000,DR,XP,P02
17,642500,DR,XP,P02
17,647500,DR,XP,P02
17,652500,DR,XP,P02
17,655000,DR,XP,P02
17,657500,DR,XP,P02
17,660000,DR,XP,P02
17,670000,DR,XP,P02
17,677500,DR,XP,P02
17,680000,DR,XP,P02
17,685000,DR,XP,P02
17,687500,DR,XP,P02
17,695000,DR,XP,P02
17,697500,DR,XP,P02
17,700000,DR,XP,P02
17,712500,DR,XP,P02
17,722500,DR,XP,P02
17,725000,DR,XP,P02
17,727500,DR,XP,P02
17,730000,DR,XP,P02
17,742500,DR,XP,P02
17,745000,DR,XP,P02
17,747500,DR,XP,P02
17,752500,DR,XP,P02
17,755000,DR,XP,P02
17,757500,DR,XP,P02
17,765000,DR,XP,P02
17,767500,DR,XP,P02
17,770000,DR,XP,P02
17,772500,DR,XP,P02
17,775000,DR,XP,P02
17,777500,DR,XP,P02
17,780000,DR,XP,P02
17,782500,DR,XP,P02
17,785000,DR,XP,P02
17,787500,DR,XP,P02
17,790000,DR,XP,P02
17,792500,DR,XP,P02
17,795000,DR,XP,P02
17,797500,DR,XP,P02
17,805000,DR,XP,P02
17,807500,DR,XP,P02
17,810000,DR,XP,P02
17,812500,DR,XP,P02
17,820000,DR,XP,P02
17,822500,DR,XP,P02
17,825000,DR,XP,P02
17,827500,DR,XP,P02
17,830000,DR,XP,P02
17,835000,DR,XP,P02
17,837500,DR,XP,P02
17,840000,DR,XP,P02
17,845000,DR,XP,P02
17,847500,DR,XP,P02
17,850000,DR,XP,P02
17,852500,DR,XP,P02
17,855000,DR,XP,P02
17,865000,DR,XP,P02
17,867500,DR,XP,P02
17,870000,DR,XP,P02
17,872500,DR,XP,P02
17,875000,DR,XP,P02
17,877500,DR,XP,P02
17,880000,DR,XP,P02
17,882500,DR,XP,P02
17,885000,DR,XP,P02
17,887500,DR,XP,P02
17,890000,DR,XP,P02
17,892500,DR,XP,P02
17,895000,DR,XP,P02
17,897500,DR,XP,P02
17,900000,DR,XP,P02
17,902500,DR,XP,P02
17,905000,DR,XP,P02
17,907500,DR,XP,P02
17,910000,DR,XP,P02
17,912500,DR,XP,P02
17,915000,DR,XP,P02
17,917500,DR,XP,P02
17,920000,DR,XP,P02
17,922500,DR,XP,P02
17,925000,DR,XP,P02
17,927500,DR,XP,P02
17,930000,DR,XP,P02
17,932500,DR,XP,P02
17,935000,DR,XP,P02
17,937500,DR,XP,P02
17,940000,DR,XP,P02
17,942500,DR,XP,P02
17,945000,DR,XP,P02
17,947500,DR,XP,P02
17,950000,DR,XP,P02
17,952500,DR,XP,P02
17,955000,DR,XP,P02
17,957500,DR,XP,P02
17,960000,DR,XP,P02
17,962500,DR,XP,P02
17,965000,DR,XP,P02
17,967500,DR,XP,P02
17,970000,DR,XP,P02
17,972500,DR,XP,P02
17,975000,DR,XP,P02
17,977500,DR,XP,P02
17,980000,DR,XP,P02
17,982500,DR,XP,P02
17,985000,DR,XP,P02
17,987500,DR,XP,P02
17,990000,DR,XP,P02
17,992500,DR,XP,P02
17,995000,DR,XP,P02
17,997500,DR,XP,P02
17,1000000,DR,XP,P02
17,1005000,DR,XP,P02
17,1007500,DR,XP,P02
17,1010000,DR,XP,P02
17,1012500,DR,XP,P02
17,1015000,DR,XP,P02
17,1017500,DR,XP,P02
17,1020000,DR,XP,P02
17,1022500,DR,XP,P02
17,1025000,DR,XP,P02
17,1027500,DR,XP,P02
17,1030000,DR,XP,P02
17,1032500,DR,XP,P02
17,1035000,DR,XP,P02
17,1037500,DR,XP,P02
17,1040000,DR,XP,P02
17,1042500,DR,XP,P02
17,1045000,DR,XP,P02
17,1047500,DR,XP,P02
17,1050000,DR,XP,P02
17,1052500,DR,XP,P02
17,1055000,DR,XP,P02
17,1057500,DR,XP,P02
17,1060000,DR,XP,P02
17,1062500,DR,XP,P02
17,1065000,DR,XP,P02
17,1067500,DR,XP,P02
17,1072500,DR,XP,P02
17,1075000,DR,XP,P02
17,1077500,DR,XP,P02
17,1080000,DR,XP,P02
17,1082500,DR,XP,P02
17,1085000,DR,XP,P02
17,1087500,DR,XP,P02
17,1090000,DR,XP,P02
17,1092500,DR,XP,P02
17,1095000,DR,XP,P02
17,1097500,DR,XP,P02
17,1100000,DR,XP,P02
17,1102500,DR,XP,P02
17,1105000,DR,XP,P02
17,1107500,DR,XP,P02
17,1110000,DR,XP,P02
17,1112500,DR,XP,P02
17,1115000,DR,XP,P02
17,1117500,DR,XP,P02
17,1120000,DR,XP,P02
17,1122500,DR,XP,P02
17,1125000,DR,XP,P02
17,1137500,DR,XP,P02
17,1140000,DR,XP,P02
18,0,UL,FR,P02
18,2500,UL,FR,P02
18,5000,UL,FR,P02
18,10000,UL,FR,P02
18,12500,UL,FR,P02
18,15000,UL,FR,P02
18,17500,UL,FR,P02
18,20000,UL,FR,P02
18,22500,UL,FR,P02
18,25000,UL,FR,P02
18,27500,UL,FR,P02
18,30000,UL,FR,P02
18,32500,UL,FR,P02
18,35000,UL,FR,P02
18,37500,UL,FR,P02
18,40000,UL,FR,P02
18,42500,UL,FR,P02
18,45000,UL,FR,P02
18,47500,UL,FR,P02
18,50000,UL,FR,P02
18,52500,UL,FR,P02
18,55000,UL,FR,P02
18,57500,UL,FR,P02
18,60000,UL,FR,P02
18,62500,UL,FR,P02
18,65000,UL,FR,P02
18,67500,UL,FR,P02
18,70000,UL,FR,P02
18,72500,UL,FR,P02
18,75000,UL,FR,P02
18,77500,UL,FR,P02
18,80000,UL,FR,P02
18,82500,UL,FR,P02
18,85000,UL,FR,P02
18,87500,UL,FR,P02
18,90000,UL,FR,P02
18,92500,UL,FR,P02
18,95000,UL,FR,P02
18,97500,UL,FR,P02
18,100000,UL,FR,P02
18,102500,UL,FR,P02
18,105000,UL,FR,P02
18,107500,UL,FR,P02
18,110000,UL,FR,P02
18,117500,UL,FR,P02
18,120000,UL,FR,P02
18,122500,UL,FR,P02
18,125000,UL,FR,P02
18,127500,UL,FR,P02
18,130000,UL,FR,P02
18,132500,UL,FR,P02
18,135000,UL,FR,P02
18,137500,UL,FR,P02
18,140000,UL,FR,P02
18,142500,UL,FR,P02
18,145000,UL,FR,P02
18,147500,UL,FR,P02
18,152500,UL,FR,P02
18,155000,UL,FR,P02
18,157500,UL,FR,P02
18,160000,UL,FR,P02
18,162500,UL,FR,P02
18,165000,UL,FR,P02
18,167500,UL,FR,P02
18,170000,UL,FR,P02
18,172500,UL,FR,P02
18,175000,UL,FR,P02
18,177500,UL,FR,P02
18,180000,UL,FR,P02
18,187500,UL,FR,P02
18,190000,UL,FR,P02
18,192500,UL,FR,P02
18,195000,UL,FR,P02
18,197500,UL,FR,P02
18,200000,UL,FR,P02
18,202500,UL,FR,P02
18,205000,UL,FR,P02
18,207500,UL,FR,P02
18,210000,UL,FR,P02
18,212500,UL,FR,P02
18,215000,UL,FR,P02
18,217500,UL,FR,P02
18,220000,UL,FR,P02
18,222500,UL,FR,P02
18,225000,UL,FR,P02
18,227500,UL,FR,P02
18,230000,UL,FR,P02
18,232500,UL,FR,P02
18,235000,UL,FR,P02
18,237500,UL,FR,P02
18,240000,UL,FR,P02
18,242500,UL,FR,P02
18,245000,UL,FR,P02
18,250000,UL,FR,P02
18,252500,UL,FR,P02
18,257500,UL,FR,P02
18,260000,UL,FR,P02
18,262500,UL,FR,P02
18,265000,UL,FR,P02
18,267500,UL,FR,P02
18,270000,UL,FR,P02
18,272500,UL,FR,P02
18,275000,UL,FR,P02
18,277500,UL,FR,P02
18,280000,UL,FR,P02
18,282500,UL,FR,P02
18,285000,UL,FR,P02
18,287500,UL,FR,P02
18,290000,UL,FR,P02
18,292500,UL,FR,P02
18,295000,UL,FR,P02
18,297500,UL,FR,P02
18,300000,UL,FR,P02
18,302500,UL,FR,P02
18,305000,UL,FR,P02
18,307500,UL,FR,P02
18,310000,UL,FR,P02
18,312500,UL,FR,P02
18,315000,UL,FR,P02
18,317500,UL,FR,P02
18,320000,UL,FR,P02
18,322500,UL,FR,P02
18,325000,UL,FR,P02
18,327500,UL,FR,P02
18,330000,UL,FR,P02
18,332500,UL,FR,P02
18,335000,UL,FR,P02
18,337500,UL,FR,P02
18,340000,UL,FR,P02
18,342500,UL,FR,P02
18,345000,UL,FR,P02
18,347500,UL,FR,P02
18,350000,UL,FR,P02
18,355000,UL,FR,P02
18,360000,UL,FR,P02
18,362500,UL,FR,P02
18,365000,UL,FR,P02
18,367500,UL,FR,P02
18,370000,UL,FR,P02
18,375000,UL,FR,P02
18,382500,UL,FR,P02
18,387500,UL,FR,P02
18,390000,UL,FR,P02
18,392500,UL,FR,P02
18,395000,UL,FR,P02
18,400000,UL,FR,P02
18,402500,UL,FR,P02
18,405000,UL,FR,P02
18,407500,UL,FR,P02
18,410000,UL,FR,P02
18,412500,UL,FR,P02
18,415000,UL,FR,P02
18,417500,UL,FR,P02
18,420000,UL,FR,P02
18,422500,UL,FR,P02
18,425000,UL,FR,P02
18,430000,UL,FR,P02
18,432500,UL,FR,P02
18,435000,UL,FR,P02
18,437500,UL,FR,P02
18,440000,UL,FR,P02
18,442500,UL,FR,P02
18,445000,UL,FR,P02
18,447500,UL,FR,P02
18,450000,UL,FR,P02
18,455000,UL,FR,P02
18,457500,UL,FR,P02
18,460000,UL,FR,P02
18,462500,UL,FR,P02
18,465000,UL,FR,P02
18,467500,UL,FR,P02
18,470000,UL,FR,P02
18,472500,UL,FR,P02
18,475000,UL,FR,P02
18,477500,UL,FR,P02
18,482500,UL,FR,P02
18,485000,UL,FR,P02
18,487500,UL,FR,P02
18,490000,UL,FR,P02
18,492500,UL,FR,P02
18,495000,UL,FR,P02
18,497500,UL,FR,P02
18,500000,UL,FR,P02
18,502500,UL,FR,P02
18,505000,UL,FR,P02
18,507500,UL,FR,P02
18,510000,UL,FR,P02
18,512500,UL,FR,P02
18,515000,UL,FR,P02
18,517500,UL,FR,P02
18,520000,UL,FR,P02
18,522500,UL,FR,P02
18,525000,UL,FR,P02
18,527500,UL,FR,P02
18,530000,UL,FR,P02
18,532500,UL,FR,P02
18,535000,UL,FR,P02
18,537500,UL,FR,P02
18,540000,UL,FR,P02
18,542500,UL,FR,P02
18,550000,UL,FR,P02
18,552500,UL,FR,P02
18,555000,UL,FR,P02
18,557500,UL,FR,P02
18,560000,UL,FR,P02
18,562500,UL,FR,P02
18,565000,UL,FR,P02
18,567500,UL,FR,P02
18,570000,UL,FR,P02
18,575000,UL,FR,P02
18,577500,UL,FR,P02
18,580000,UL,FR,P02
18,582500,UL,FR,P02
18,585000,UL,FR,P02
18,587500,UL,FR,P02
18,592500,UL,FR,P02
18,595000,UL,FR,P02
18,597500,UL,FR,P02
18,600000,UL,FR,P02
18,602500,UL,FR,P02
18,607500,UL,FR,P02
18,610000,UL,FR,P02
18,612500,UL,FR,P02
18,617500,UL,FR,P02
18,620000,UL,FR,P02
18,622500,UL,FR,P02
18,625000,UL,FR,P02
18,627500,UL,FR,P02
18,630000,UL,FR,P02
18,632500,UL,FR,P02
18,635000,UL,FR,P02
18,637500,UL,FR,P02
18,640000,UL,FR,P02
18,642500,UL,FR,P02
18,645000,UL,FR,P02
18,650000,UL,FR,P02
18,655000,UL,FR,P02
18,657500,UL,FR,P02
18,660000,UL,FR,P02
18,662500,UL,FR,P02
18,665000,UL,FR,P02
18,667500,UL,FR,P02
18,670000,UL,FR,P02
18,675000,UL,FR,P02
18,677500,UL,FR,P02
18,680000,UL,FR,P02
18,682500,UL,FR,P02
18,685000,UL,FR,P02
18,687500,UL,FR,P02
18,690000,UL,FR,P02
18,692500,UL,FR,P02
18,695000,UL,FR,P02
18,700000,UL,FR,P02
18,702500,UL,FR,P02
18,705000,UL,FR,P02
18,707500,UL,FR,P02
18,717500,UL,FR,P02
18,720000,UL,FR,P02
18,722500,UL,FR,P02
18,725000,UL,FR,P02
18,727500,UL,FR,P02
18,730000,UL,FR,P02
18,732500,UL,FR,P02
18,735000,UL,FR,P02
18,737500,UL,FR,P02
18,740000,UL,FR,P02
18,742500,UL,FR,P02
18,745000,UL,FR,P02
18,752500,UL,FR,P02
18,757500,UL,FR,P02
18,760000,UL,FR,P02
18,762500,UL,FR,P02
18,765000,UL,FR,P02
18,767500,UL,FR,P02
18,770000,UL,FR,P02
18,772500,UL,FR,P02
18,777500,UL,FR,P02
18,780000,UL,FR,P02
18,782500,UL,FR,P02
18,785000,UL,FR,P02
18,787500,UL,FR,P02
18,790000,UL,FR,P02
18,792500,UL,FR,P02
18,795000,UL,FR,P02
18,797500,UL,FR,P02
18,800000,UL,FR,P02
18,802500,UL,FR,P02
18,805000,UL,FR,P02
18,810000,UL,FR,P02
18,812500,UL,FR,P02
18,815000,UL,FR,P02
18,817500,UL,FR,P02
18,820000,UL,FR,P02
18,825000,UL,FR,P02
18,835000,UL,FR,P02
18,840000,UL,FR,P02
18,842500,UL,FR,P02
18,845000,UL,FR,P02
18,850000,UL,FR,P02
18,852500,UL,FR,P02
18,855000,UL,FR,P02
18,857500,UL,FR,P02
18,860000,UL,FR,P02
18,862500,UL,FR,P02
18,865000,UL,FR,P02
18,867500,UL,FR,P02
18,870000,UL,FR,P02
18,872500,UL,FR,P02
18,875000,UL,FR,P02
18,877500,UL,FR,P02
18,880000,UL,FR,P02
18,882500,UL,FR,P02
18,890000,UL,FR,P02
18,892500,UL,FR,P02
18,895000,UL,FR,P02
18,897500,UL,FR,P02
18,900000,UL,FR,P02
18,902500,UL,FR,P02
18,905000,UL,FR,P02
18,907500,UL,FR,P02
18,910000,UL,FR,P02
18,912500,UL,FR,P02
18,915000,UL,FR,P02
18,917500,UL,FR,P02
18,920000,UL,FR,P02
18,922500,UL,FR,P02
18,925000,UL,FR,P02
18,927500,UL,FR,P02
18,930000,UL,FR,P02
18,932500,UL,FR,P02
18,935000,UL,FR,P02
18,937500,UL,FR,P02
18,942500,UL,FR,P02
18,945000,UL,FR,P02
18,947500,UL,FR,P02
18,952500,UL,FR,P02
18,955000,UL,FR,P02
18,957500,UL,FR,P02
18,960000,UL,FR,P02
18,962500,UL,FR,P02
18,965000,UL,FR,P02
18,967500,UL,FR,P02
18,970000,UL,FR,P02
18,972500,UL,FR,P02
18,975000,UL,FR,P02
18,977500,UL,FR,P02
18,980000,UL,FR,P02
18,982500,UL,FR,P02
18,985000,UL,FR,P02
18,987500,UL,FR,P02
18,990000,UL,FR,P02
18,992500,UL,FR,P02
18,995000,UL,FR,P02
18,997500,UL,FR,P02
18,1000000,UL,FR,P02
18,1002500,UL,FR,P02
18,1005000,UL,FR,P02
18,1007500,UL,FR,P02
18,1010000,UL,FR,P02
18,1012500,UL,FR,P02
18,1015000,UL,FR,P02
18,1017500,UL,FR,P02
18,1020000,UL,FR,P02
18,1022500,UL,FR,P02
18,1025000,UL,FR,P02
18,1027500,UL,FR,P02
18,1030000,UL,FR,P02
18,1035000,UL,FR,P02
18,1037500,UL,FR,P02
18,1040000,UL,FR,P02
18,1042500,UL,FR,P02
18,1045000,UL,FR,P02
18,1047500,UL,FR,P02
18,1050000,UL,FR,P02
18,1052500,UL,FR,P02
18,1055000,UL,FR,P02
18,1057500,UL,FR,P02
18,1060000,UL,FR,P02
18,1062500,UL,FR,P02
18,1065000,UL,FR,P02
18,1067500,UL,FR,P02
18,1070000,UL,FR,P02
18,1072500,UL,FR,P02
18,1075000,UL,FR,P02
18,1080000,UL,FR,P02
18,1082500,UL,FR,P02
18,1085000,UL,FR,P02
18,1087500,UL,FR,P02
18,1090000,UL,FR,P02
18,1092500,UL,FR,P02
18,1095000,UL,FR,P02
18,1097500,UL,FR,P02
18,1100000,UL,FR,P02
18,1102500,UL,FR,P02
18,1105000,UL,FR,P02
18,1107500,UL,FR,P02
18,1115000,UL,FR,P02
18,1117500,UL,FR,P02
18,1120000,UL,FR,P02
18,1122500,UL,FR,P02
18,1125000,UL,FR,P02
18,1127500,UL,FR,P02
18,1130000,UL,FR,P02
18,1132500,UL,FR,P02
18,1135000,UL,FR,P02
18,1137500,UL,FR,P02
18,1140000,UL,FR,P02
19,2500,UL,LU,P02
19,5000,UL,LU,P02
19,7500,UL,LU,P02
19,10000,UL,LU,P02
19,15000,UL,LU,P02
19,17500,UL,LU,P02
19,25000,UL,LU,P02
19,27500,UL,LU,P02
19,30000,UL,LU,P02
19,35000,UL,LU,P02
19,40000,UL,LU,P02
19,42500,UL,LU,P02
19,47500,UL,LU,P02
19,50000,UL,LU,P02
19,52500,UL,LU,P02
19,57500,UL,LU,P02
19,62500,UL,LU,P02
19,70000,UL,LU,P02
19,72500,UL,LU,P02
19,75000,UL,LU,P02
19,85000,UL,LU,P02
19,87500,UL,LU,P02
19,95000,UL,LU,P02
19,102500,UL,LU,P02
19,105000,UL,LU,P02
19,107500,UL,LU,P02
19,110000,UL,LU,P02
19,112500,UL,LU,P02
19,115000,UL,LU,P02
19,120000,UL,LU,P02
19,130000,UL,LU,P02
19,132500,UL,LU,P02
19,135000,UL,LU,P02
19,147500,UL,LU,P02
19,150000,UL,LU,P02
19,152500,UL,LU,P02
19,155000,UL,LU,P02
19,157500,UL,LU,P02
19,160000,UL,LU,P02
19,180000,UL,LU,P02
19,182500,UL,LU,P02
19,185000,UL,LU,P02
19,192500,UL,LU,P02
19,195000,UL,LU,P02
19,197500,UL,LU,P02
19,200000,UL,LU,P02
19,202500,UL,LU,P02
19,205000,UL,LU,P02
19,207500,UL,LU,P02
19,212500,UL,LU,P02
19,217500,UL,LU,P02
19,220000,UL,LU,P02
19,225000,UL,LU,P02
19,227500,UL,LU,P02
19,230000,UL,LU,P02
19,232500,UL,LU,P02
19,235000,UL,LU,P02
19,237500,UL,LU,P02
19,245000,UL,LU,P02
19,247500,UL,LU,P02
19,250000,UL,LU,P02
19,252500,UL,LU,P02
19,255000,UL,LU,P02
19,262500,UL,LU,P02
19,265000,UL,LU,P02
19,270000,UL,LU,P02
19,272500,UL,LU,P02
19,285000,UL,LU,P02
19,287500,UL,LU,P02
19,300000,UL,LU,P02
19,302500,UL,LU,P02
19,305000,UL,LU,P02
19,315000,UL,LU,P02
19,317500,UL,LU,P02
19,320000,UL,LU,P02
19,322500,UL,LU,P02
19,325000,UL,LU,P02
19,327500,UL,LU,P02
19,337500,UL,LU,P02
19,340000,UL,LU,P02
19,347500,UL,LU,P02
19,352500,UL,LU,P02
19,355000,UL,LU,P02
19,357500,UL,LU,P02
19,360000,UL,LU,P02
19,362500,UL,LU,P02
19,367500,UL,LU,P02
19,370000,UL,LU,P02
19,375000,UL,LU,P02
19,377500,UL,LU,P02
19,380000,UL,LU,P02
19,382500,UL,LU,P02
19,385000,UL,LU,P02
19,387500,UL,LU,P02
19,390000,UL,LU,P02
19,392500,UL,LU,P02
19,395000,UL,LU,P02
19,397500,UL,LU,P02
19,412500,UL,LU,P02
19,415000,UL,LU,P02
19,417500,UL,LU,P02
19,420000,UL,LU,P02
19,422500,UL,LU,P02
19,425000,UL,LU,P02
19,427500,UL,LU,P02
19,430000,UL,LU,P02
19,432500,UL,LU,P02
19,442500,UL,LU,P02
19,445000,UL,LU,P02
19,447500,UL,LU,P02
19,450000,UL,LU,P02
19,452500,UL,LU,P02
19,455000,UL,LU,P02
19,457500,UL,LU,P02
19,460000,UL,LU,P02
19,462500,UL,LU,P02
19,467500,UL,LU,P02
19,470000,UL,LU,P02
19,480000,UL,LU,P02
19,482500,UL,LU,P02
19,485000,UL,LU,P02
19,487500,UL,LU,P02
19,497500,UL,LU,P02
19,502500,UL,LU,P02
19,505000,UL,LU,P02
19,507500,UL,LU,P02
19,510000,UL,LU,P02
19,515000,UL,LU,P02
19,517500,UL,LU,P02
19,520000,UL,LU,P02
19,522500,UL,LU,P02
19,527500,UL,LU,P02
19,530000,UL,LU,P02
19,535000,UL,LU,P02
19,537500,UL,LU,P02
19,540000,UL,LU,P02
19,545000,UL,LU,P02
19,547500,UL,LU,P02
19,550000,UL,LU,P02
19,552500,UL,LU,P02
19,555000,UL,LU,P02
19,557500,UL,LU,P02
19,562500,UL,LU,P02
19,565000,UL,LU,P02
19,567500,UL,LU,P02
19,570000,UL,LU,P02
19,572500,UL,LU,P02
19,575000,UL,LU,P02
19,577500,UL,LU,P02
19,582500,UL,LU,P02
19,587500,UL,LU,P02
19,590000,UL,LU,P02
19,592500,UL,LU,P02
19,595000,UL,LU,P02
19,597500,UL,LU,P02
19,602500,UL,LU,P02
19,605000,UL,LU,P02
19,607500,UL,LU,P02
19,610000,UL,LU,P02
19,612500,UL,LU,P02
19,615000,UL,LU,P02
19,617500,UL,LU,P02
19,620000,UL,LU,P02
19,622500,UL,LU,P02
19,625000,UL,LU,P02
19,627500,UL,LU,P02
19,630000,UL,LU,P02
19,632500,UL,LU,P02
19,635000,UL,LU,P02
19,637500,UL,LU,P02
19,640000,UL,LU,P02
19,642500,UL,LU,P02
19,645000,UL,LU,P02
19,647500,UL,LU,P02
19,650000,UL,LU,P02
19,652500,UL,LU,P02
19,655000,UL,LU,P02
19,657500,UL,LU,P02
19,660000,UL,LU,P02
19,662500,UL,LU,P02
19,665000,UL,LU,P02
19,667500,UL,LU,P02
19,670000,UL,LU,P02
19,677500,UL,LU,P02
19,680000,UL,LU,P02
19,682500,UL,LU,P02
19,685000,UL,LU,P02
19,687500,UL,LU,P02
19,690000,UL,LU,P02
19,692500,UL,LU,P02
19,695000,UL,LU,P02
19,697500,UL,LU,P02
19,700000,UL,LU,P02
19,702500,UL,LU,P02
19,705000,UL,LU,P02
19,707500,UL,LU,P02
19,710000,UL,LU,P02
19,712500,UL,LU,P02
19,715000,UL,LU,P02
19,717500,UL,LU,P02
19,720000,UL,LU,P02
19,722500,UL,LU,P02
19,725000,UL,LU,P02
19,727500,UL,LU,P02
19,730000,UL,LU,P02
19,732500,UL,LU,P02
19,735000,UL,LU,P02
19,737500,UL,LU,P02
19,740000,UL,LU,P02
19,742500,UL,LU,P02
19,745000,UL,LU,P02
19,755000,UL,LU,P02
19,757500,UL,LU,P02
19,762500,UL,LU,P02
19,765000,UL,LU,P02
19,767500,UL,LU,P02
19,772500,UL,LU,P02
19,782500,UL,LU,P02
19,785000,UL,LU,P02
19,787500,UL,LU,P02
19,795000,UL,LU,P02
19,797500,UL,LU,P02
19,802500,UL,LU,P02
19,805000,UL,LU,P02
19,807500,UL,LU,P02
19,810000,UL,LU,P02
19,812500,UL,LU,P02
19,817500,UL,LU,P02
19,820000,UL,LU,P02
19,822500,UL,LU,P02
19,825000,UL,LU,P02
19,835000,UL,LU,P02
19,837500,UL,LU,P02
19,845000,UL,LU,P02
19,847500,UL,LU,P02
19,852500,UL,LU,P02
19,855000,UL,LU,P02
19,857500,UL,LU,P02
19,860000,UL,LU,P02
19,862500,UL,LU,P02
19,865000,UL,LU,P02
19,867500,UL,LU,P02
19,872500,UL,LU,P02
19,875000,UL,LU,P02
19,877500,UL,LU,P02
19,880000,UL,LU,P02
19,882500,UL,LU,P02
19,890000,UL,LU,P02
19,892500,UL,LU,P02
19,895000,UL,LU,P02
19,897500,UL,LU,P02
19,900000,UL,LU,P02
19,902500,UL,LU,P02
19,905000,UL,LU,P02
19,907500,UL,LU,P02
19,910000,UL,LU,P02
19,915000,UL,LU,P02
19,917500,UL,LU,P02
19,920000,UL,LU,P02
19,927500,UL,LU,P02
19,932500,UL,LU,P02
19,935000,UL,LU,P02
19,937500,UL,LU,P02
19,940000,UL,LU,P02
19,942500,UL,LU,P02
19,947500,UL,LU,P02
19,950000,UL,LU,P02
19,952500,UL,LU,P02
19,955000,UL,LU,P02
19,957500,UL,LU,P02
19,960000,UL,LU,P02
19,962500,UL,LU,P02
19,965000,UL,LU,P02
19,967500,UL,LU,P02
19,970000,UL,LU,P02
19,987500,UL,LU,P02
19,990000,UL,LU,P02
19,997500,UL,LU,P02
19,1000000,UL,LU,P02
19,1002500,UL,LU,P02
19,1005000,UL,LU,P02
19,1007500,UL,LU,P02
19,1012500,UL,LU,P02
19,1020000,UL,LU,P02
19,1025000,UL,LU,P02
19,1027500,UL,LU,P02
19,1030000,UL,LU,P02
19,1032500,UL,LU,P02
19,1037500,UL,LU,P02
19,1040000,UL,LU,P02
19,1042500,UL,LU,P02
19,1055000,UL,LU,P02
19,1057500,UL,LU,P02
19,1067500,UL,LU,P02
19,1070000,UL,LU,P02
19,1075000,UL,LU,P02
19,1080000,UL,LU,P02
19,1097500,UL,LU,P02
19,1100000,UL,LU,P02
19,1102500,UL,LU,P02
19,1117500,UL,LU,P02
19,1120000,UL,LU,P02
19,1122500,UL,LU,P02
19,1125000,UL,LU,P02
19,1127500,UL,LU,P02
19,1130000,UL,LU,P02
19,1132500,UL,LU,P02
19,1135000,UL,LU,P02
19,1137500,UL,LU,P02
20,0,UL,XP,P02
20,5000,UL,XP,P02
20,7500,UL,XP,P02
20,10000,UL,XP,P02
20,12500,UL,XP,P02
20,15000,UL,XP,P02
20,17500,UL,XP,P02
20,20000,UL,XP,P02
20,22500,UL,XP,P02
20,25000,UL,XP,P02
20,27500,UL,XP,P02
20,30000,UL,XP,P02
20,32500,UL,XP,P02
20,40000,UL,XP,P02
20,42500,UL,XP,P02
20,45000,UL,XP,P02
20,47500,UL,XP,P02
20,50000,UL,XP,P02
20,55000,UL,XP,P02
20,57500,UL,XP,P02
20,60000,UL,XP,P02
20,62500,UL,XP,P02
20,67500,UL,XP,P02
20,70000,UL,XP,P02
20,72500,UL,XP,P02
20,75000,UL,XP,P02
20,77500,UL,XP,P02
20,80000,UL,XP,P02
20,82500,UL,XP,P02
20,85000,UL,XP,P02
20,87500,UL,XP,P02
20,90000,UL,XP,P02
20,92500,UL,XP,P02
20,95000,UL,XP,P02
20,97500,UL,XP,P02
20,102500,UL,XP,P02
20,105000,UL,XP,P02
20,107500,UL,XP,P02
20,112500,UL,XP,P02
20,115000,UL,XP,P02
20,117500,UL,XP,P02
20,120000,UL,XP,P02
20,122500,UL,XP,P02
20,125000,UL,XP,P02
20,127500,UL,XP,P02
20,130000,UL,XP,P02
20,132500,UL,XP,P02
20,135000,UL,XP,P02
20,137500,UL,XP,P02
20,140000,UL,XP,P02
20,142500,UL,XP,P02
20,145000,UL,XP,P02
20,147500,UL,XP,P02
20,150000,UL,XP,P02
20,152500,UL,XP,P02
20,155000,UL,XP,P02
20,157500,UL,XP,P02
20,160000,UL,XP,P02
20,162500,UL,XP,P02
20,165000,UL,XP,P02
20,167500,UL,XP,P02
20,170000,UL,XP,P02
20,172500,UL,XP,P02
20,175000,UL,XP,P02
20,177500,UL,XP,P02
20,180000,UL,XP,P02
20,182500,UL,XP,P02
20,185000,UL,XP,P02
20,187500,UL,XP,P02
20,190000,UL,XP,P02
20,192500,UL,XP,P02
20,195000,UL,XP,P02
20,197500,UL,XP,P02
20,200000,UL,XP,P02
20,202500,UL,XP,P02
20,205000,UL,XP,P02
20,207500,UL,XP,P02
20,212500,UL,XP,P02
20,215000,UL,XP,P02
20,217500,UL,XP,P02
20,220000,UL,XP,P02
20,222500,UL,XP,P02
20,225000,UL,XP,P02
20,227500,UL,XP,P02
20,230000,UL,XP,P02
20,232500,UL,XP,P02
20,235000,UL,XP,P02
20,237500,UL,XP,P02
20,240000,UL,XP,P02
20,242500,UL,XP,P02
20,245000,UL,XP,P02
20,247500,UL,XP,P02
20,250000,UL,XP,P02
20,252500,UL,XP,P02
20,255000,UL,XP,P02
20,257500,UL,XP,P02
20,260000,UL,XP,P02
20,262500,UL,XP,P02
20,265000,UL,XP,P02
20,267500,UL,XP,P02
20,270000,UL,XP,P02
20,272500,UL,XP,P02
20,275000,UL,XP,P02
20,277500,UL,XP,P02
20,282500,UL,XP,P02
20,285000,UL,XP,P02
20,287500,UL,XP,P02
20,290000,UL,XP,P02
20,292500,UL,XP,P02
20,295000,UL,XP,P02
20,297500,UL,XP,P02
20,300000,UL,XP,P02
20,302500,UL,XP,P02
20,305000,UL,XP,P02
20,307500,UL,XP,P02
20,310000,UL,XP,P02
20,312500,UL,XP,P02
20,315000,UL,XP,P02
20,317500,UL,XP,P02
20,320000,UL,XP,P02
20,322500,UL,XP,P02
20,325000,UL,XP,P02
20,327500,UL,XP,P02
20,330000,UL,XP,P02
20,332500,UL,XP,P02
20,335000,UL,XP,P02
20,337500,UL,XP,P02
20,340000,UL,XP,P02
20,342500,UL,XP,P02
20,345000,UL,XP,P02
20,347500,UL,XP,P02
20,350000,UL,XP,P02
20,352500,UL,XP,P02
20,355000,UL,XP,P02
20,357500,UL,XP,P02
20,360000,UL,XP,P02
20,362500,UL,XP,P02
20,365000,UL,XP,P02
20,367500,UL,XP,P02
20,370000,UL,XP,P02
20,372500,UL,XP,P02
20,375000,UL,XP,P02
20,377500,UL,XP,P02
20,380000,UL,XP,P02
20,382500,UL,XP,P02
20,385000,UL,XP,P02
20,387500,UL,XP,P02
20,390000,UL,XP,P02
20,392500,UL,XP,P02
20,395000,UL,XP,P02
20,397500,UL,XP,P02
20,400000,UL,XP,P02
20,402500,UL,XP,P02
20,405000,UL,XP,P02
20,407500,UL,XP,P02
20,410000,UL,XP,P02
20,412500,UL,XP,P02
20,415000,UL,XP,P02
20,417500,UL,XP,P02
20,420000,UL,XP,P02
20,422500,UL,XP,P02
20,425000,UL,XP,P02
20,427500,UL,XP,P02
20,430000,UL,XP,P02
20,432500,UL,XP,P02
20,435000,UL,XP,P02
20,437500,UL,XP,P02
20,440000,UL,XP,P02
20,442500,UL,XP,P02
20,445000,UL,XP,P02
20,447500,UL,XP,P02
20,450000,UL,XP,P02
20,452500,UL,XP,P02
20,455000,UL,XP,P02
20,457500,UL,XP,P02
20,460000,UL,XP,P02
20,462500,UL,XP,P02
20,465000,UL,XP,P02
20,467500,UL,XP,P02
20,470000,UL,XP,P02
20,472500,UL,XP,P02
20,475000,UL,XP,P02
20,477500,UL,XP,P02
20,480000,UL,XP,P02
20,482500,UL,XP,P02
20,485000,UL,XP,P02
20,487500,UL,XP,P02
20,490000,UL,XP,P02
20,492500,UL,XP,P02
20,495000,UL,XP,P02
20,497500,UL,XP,P02
20,500000,UL,XP,P02
20,502500,UL,XP,P02
20,505000,UL,XP,P02
20,507500,UL,XP,P02
20,510000,UL,XP,P02
20,512500,UL,XP,P02
20,515000,UL,XP,P02
20,517500,UL,XP,P02
20,520000,UL,XP,P02
20,522500,UL,XP,P02
20,525000,UL,XP,P02
20,527500,UL,XP,P02
20,530000,UL,XP,P02
20,532500,UL,XP,P02
20,535000,UL,XP,P02
20,537500,UL,XP,P02
20,540000,UL,XP,P02
20,542500,UL,XP,P02
20,545000,UL,XP,P02
20,547500,UL,XP,P02
20,552500,UL,XP,P02
20,555000,UL,XP,P02
20,557500,UL,XP,P02
20,560000,UL,XP,P02
20,562500,UL,XP,P02
20,565000,UL,XP,P02
20,567500,UL,XP,P02
20,570000,UL,XP,P02
20,572500,UL,XP,P02
20,575000,UL,XP,P02
20,577500,UL,XP,P02
20,580000,UL,XP,P02
20,582500,UL,XP,P02
20,585000,UL,XP,P02
20,587500,UL,XP,P02
20,590000,UL,XP,P02
20,592500,UL,XP,P02
20,595000,UL,XP,P02
20,597500,UL,XP,P02
20,600000,UL,XP,P02
20,602500,UL,XP,P02
20,605000,UL,XP,P02
20,607500,UL,XP,P02
20,610000,UL,XP,P02
20,612500,UL,XP,P02
20,615000,UL,XP,P02
20,617500,UL,XP,P02
20,620000,UL,XP,P02
20,622500,UL,XP,P02
20,625000,UL,XP,P02
20,627500,UL,XP,P02
20,630000,UL,XP,P02
20,632500,UL,XP,P02
20,635000,UL,XP,P02
20,637500,UL,XP,P02
20,640000,UL,XP,P02
20,642500,UL,XP,P02
20,645000,UL,XP,P02
20,647500,UL,XP,P02
20,650000,UL,XP,P02
20,652500,UL,XP,P02
20,655000,UL,XP,P02
20,657500,UL,XP,P02
20,660000,UL,XP,P02
20,662500,UL,XP,P02
20,667500,UL,XP,P02
20,670000,UL,XP,P02
20,672500,UL,XP,P02
20,677500,UL,XP,P02
20,680000,UL,XP,P02
20,682500,UL,XP,P02
20,685000,UL,XP,P02
20,687500,UL,XP,P02
20,690000,UL,XP,P02
20,692500,UL,XP,P02
20,695000,UL,XP,P02
20,697500,UL,XP,P02
20,700000,UL,XP,P02
20,702500,UL,XP,P02
20,707500,UL,XP,P02
20,710000,UL,XP,P02
20,712500,UL,XP,P02
20,715000,UL,XP,P02
20,717500,UL,XP,P02
20,720000,UL,XP,P02
20,722500,UL,XP,P02
20,725000,UL,XP,P02
20,727500,UL,XP,P02
20,730000,UL,XP,P02
20,732500,UL,XP,P02
20,735000,UL,XP,P02
20,737500,UL,XP,P02
20,740000,UL,XP,P02
20,742500,UL,XP,P02
20,745000,UL,XP,P02
20,762500,UL,XP,P02
20,772500,UL,XP,P02
20,775000,UL,XP,P02
20,777500,UL,XP,P02
20,780000,UL,XP,P02
20,782500,UL,XP,P02
20,785000,UL,XP,P02
20,787500,UL,XP,P02
20,792500,UL,XP,P02
20,795000,UL,XP,P02
20,805000,UL,XP,P02
20,810000,UL,XP,P02
20,812500,UL,XP,P02
20,815000,UL,XP,P02
20,840000,UL,XP,P02
20,842500,UL,XP,P02
20,845000,UL,XP,P02
20,847500,UL,XP,P02
20,850000,UL,XP,P02
20,852500,UL,XP,P02
20,855000,UL,XP,P02
20,857500,UL,XP,P02
20,860000,UL,XP,P02
20,865000,UL,XP,P02
20,867500,UL,XP,P02
20,870000,UL,XP,P02
20,872500,UL,XP,P02
20,875000,UL,XP,P02
20,877500,UL,XP,P02
20,880000,UL,XP,P02
20,882500,UL,XP,P02
20,890000,UL,XP,P02
20,892500,UL,XP,P02
20,895000,UL,XP,P02
20,902500,UL,XP,P02
20,905000,UL,XP,P02
20,907500,UL,XP,P02
20,910000,UL,XP,P02
20,912500,UL,XP,P02
20,915000,UL,XP,P02
20,917500,UL,XP,P02
20,920000,UL,XP,P02
20,922500,UL,XP,P02
20,925000,UL,XP,P02
20,927500,UL,XP,P02
20,930000,UL,XP,P02
20,932500,UL,XP,P02
20,935000,UL,XP,P02
20,937500,UL,XP,P02
20,942500,UL,XP,P02
20,945000,UL,XP,P02
20,947500,UL,XP,P02
20,950000,UL,XP,P02
20,957500,UL,XP,P02
20,960000,UL,XP,P02
20,962500,UL,XP,P02
20,965000,UL,XP,P02
20,967500,UL,XP,P02
20,970000,UL,XP,P02
20,972500,UL,XP,P02
20,975000,UL,XP,P02
20,992500,UL,XP,P02
20,995000,UL,XP,P02
20,997500,UL,XP,P02
20,1000000,UL,XP,P02
20,1002500,UL,XP,P02
20,1005000,UL,XP,P02
20,1007500,UL,XP,P02
20,1010000,UL,XP,P02
20,1012500,UL,XP,P02
20,1015000,UL,XP,P02
20,1017500,UL,XP,P02
20,1020000,UL,XP,P02
20,1022500,UL,XP,P02
20,1030000,UL,XP,P02
20,1032500,UL,XP,P02
20,1040000,UL,XP,P02
20,1042500,UL,XP,P02
20,1045000,UL,XP,P02
20,1047500,UL,XP,P02
20,1050000,UL,XP,P02
20,1052500,UL,XP,P02
20,1055000,UL,XP,P02
20,1057500,UL,XP,P02
20,1060000,UL,XP,P02
20,1062500,UL,XP,P02
20,1065000,UL,XP,P02
20,1067500,UL,XP,P02
20,1070000,UL,XP,P02
20,1072500,UL,XP,P02
20,1075000,UL,XP,P02
20,1077500,UL,XP,P02
20,1080000,UL,XP,P02
20,1082500,UL,XP,P02
20,1085000,UL,XP,P02
20,1087500,UL,XP,P02
20,1090000,UL,XP,P02
20,1092500,UL,XP,P02
20,1095000,UL,XP,P02
20,1097500,UL,XP,P02
20,1100000,UL,XP,P02
20,1102500,UL,XP,P02
20,1105000,UL,XP,P02
20,1107500,UL,XP,P02
20,1110000,UL,XP,P02
20,1115000,UL,XP,P02
20,1117500,UL,XP,P02
20,1120000,UL,XP,P02
20,1122500,UL,XP,P02
20,1125000,UL,XP,P02
20,1127500,UL,XP,P02
20,1130000,UL,XP,P02
20,1132500,UL,XP,P02
20,1135000,UL,XP,P02
20,1137500,UL,XP,P02
20,1140000,UL,XP,P02
21,0,UR,FR,P02
21,10000,UR,FR,P02
21,12500,UR,FR,P02
21,15000,UR,FR,P02
21,17500,UR,FR,P02
21,20000,UR,FR,P02
21,22500,UR,FR,P02
21,25000,UR,FR,P02
21,27500,UR,FR,P02
21,30000,UR,FR,P02
21,32500,UR,FR,P02
21,35000,UR,FR,P02
21,37500,UR,FR,P02
21,40000,UR,FR,P02
21,42500,UR,FR,P02
21,45000,UR,FR,P02
21,47500,UR,FR,P02
21,50000,UR,FR,P02
21,52500,UR,FR,P02
21,55000,UR,FR,P02
21,57500,UR,FR,P02
21,60000,UR,FR,P02
21,62500,UR,FR,P02
21,67500,UR,FR,P02
21,70000,UR,FR,P02
21,72500,UR,FR,P02
21,75000,UR,FR,P02
21,77500,UR,FR,P02
21,80000,UR,FR,P02
21,82500,UR,FR,P02
21,85000,UR,FR,P02
21,87500,UR,FR,P02
21,90000,UR,FR,P02
21,92500,UR,FR,P02
21,95000,UR,FR,P02
21,97500,UR,FR,P02
21,100000,UR,FR,P02
21,102500,UR,FR,P02
21,105000,UR,FR,P02
21,107500,UR,FR,P02
21,110000,UR,FR,P02
21,117500,UR,FR,P02
21,120000,UR,FR,P02
21,122500,UR,FR,P02
21,125000,UR,FR,P02
21,127500,UR,FR,P02
21,130000,UR,FR,P02
21,132500,UR,FR,P02
21,135000,UR,FR,P02
21,137500,UR,FR,P02
21,140000,UR,FR,P02
21,142500,UR,FR,P02
21,145000,UR,FR,P02
21,147500,UR,FR,P02
21,150000,UR,FR,P02
21,152500,UR,FR,P02
21,155000,UR,FR,P02
21,157500,UR,FR,P02
21,160000,UR,FR,P02
21,162500,UR,FR,P02
21,165000,UR,FR,P02
21,167500,UR,FR,P02
21,170000,UR,FR,P02
21,172500,UR,FR,P02
21,175000,UR,FR,P02
21,177500,UR,FR,P02
21,180000,UR,FR,P02
21,182500,UR,FR,P02
21,185000,UR,FR,P02
21,187500,UR,FR,P02
21,190000,UR,FR,P02
21,192500,UR,FR,P02
21,195000,UR,FR,P02
21,197500,UR,FR,P02
21,200000,UR,FR,P02
21,202500,UR,FR,P02
21,205000,UR,FR,P02
21,207500,UR,FR,P02
21,210000,UR,FR,P02
21,212500,UR,FR,P02
21,215000,UR,FR,P02
21,217500,UR,FR,P02
21,220000,UR,FR,P02
21,222500,UR,FR,P02
21,225000,UR,FR,P02
21,227500,UR,FR,P02
21,230000,UR,FR,P02
21,232500,UR,FR,P02
21,235000,UR,FR,P02
21,237500,UR,FR,P02
21,240000,UR,FR,P02
21,242500,UR,FR,P02
21,245000,UR,FR,P02
21,250000,UR,FR,P02
21,252500,UR,FR,P02
21,255000,UR,FR,P02
21,257500,UR,FR,P02
21,260000,UR,FR,P02
21,262500,UR,FR,P02
21,265000,UR,FR,P02
21,267500,UR,FR,P02
21,275000,UR,FR,P02
21,277500,UR,FR,P02
21,280000,UR,FR,P02
21,282500,UR,FR,P02
21,285000,UR,FR,P02
21,287500,UR,FR,P02
21,290000,UR,FR,P02
21,292500,UR,FR,P02
21,295000,UR,FR,P02
21,297500,UR,FR,P02
21,300000,UR,FR,P02
21,302500,UR,FR,P02
21,305000,UR,FR,P02
21,307500,UR,FR,P02
21,310000,UR,FR,P02
21,312500,UR,FR,P02
21,315000,UR,FR,P02
21,317500,UR,FR,P02
21,320000,UR,FR,P02
21,322500,UR,FR,P02
21,325000,UR,FR,P02
21,327500,UR,FR,P02
21,330000,UR,FR,P02
21,332500,UR,FR,P02
21,335000,UR,FR,P02
21,337500,UR,FR,P02
21,340000,UR,FR,P02
21,342500,UR,FR,P02
21,345000,UR,FR,P02
21,347500,UR,FR,P02
21,350000,UR,FR,P02
21,352500,UR,FR,P02
21,355000,UR,FR,P02
21,360000,UR,FR,P02
21,362500,UR,FR,P02
21,365000,UR,FR,P02
21,367500,UR,FR,P02
21,370000,UR,FR,P02
21,372500,UR,FR,P02
21,375000,UR,FR,P02
21,377500,UR,FR,P02
21,380000,UR,FR,P02
21,390000,UR,FR,P02
21,392500,UR,FR,P02
21,397500,UR,FR,P02
21,400000,UR,FR,P02
21,402500,UR,FR,P02
21,405000,UR,FR,P02
21,407500,UR,FR,P02
21,410000,UR,FR,P02
21,412500,UR,FR,P02
21,415000,UR,FR,P02
21,417500,UR,FR,P02
21,420000,UR,FR,P02
21,422500,UR,FR,P02
21,425000,UR,FR,P02
21,430000,UR,FR,P02
21,432500,UR,FR,P02
21,435000,UR,FR,P02
21,437500,UR,FR,P02
21,440000,UR,FR,P02
21,442500,UR,FR,P02
21,445000,UR,FR,P02
21,447500,UR,FR,P02
21,450000,UR,FR,P02
21,452500,UR,FR,P02
21,455000,UR,FR,P02
21,457500,UR,FR,P02
21,460000,UR,FR,P02
21,462500,UR,FR,P02
21,465000,UR,FR,P02
21,467500,UR,FR,P02
21,470000,UR,FR,P02
21,472500,UR,FR,P02
21,475000,UR,FR,P02
21,477500,UR,FR,P02
21,482500,UR,FR,P02
21,485000,UR,FR,P02
21,487500,UR,FR,P02
21,490000,UR,FR,P02
21,492500,UR,FR,P02
21,495000,UR,FR,P02
21,497500,UR,FR,P02
21,500000,UR,FR,P02
21,502500,UR,FR,P02
21,505000,UR,FR,P02
21,507500,UR,FR,P02
21,510000,UR,FR,P02
21,512500,UR,FR,P02
21,515000,UR,FR,P02
21,517500,UR,FR,P02
21,520000,UR,FR,P02
21,522500,UR,FR,P02
21,525000,UR,FR,P02
21,527500,UR,FR,P02
21,530000,UR,FR,P02
21,532500,UR,FR,P02
21,535000,UR,FR,P02
21,537500,UR,FR,P02
21,540000,UR,FR,P02
21,542500,UR,FR,P02
21,547500,UR,FR,P02
21,550000,UR,FR,P02
21,552500,UR,FR,P02
21,555000,UR,FR,P02
21,557500,UR,FR,P02
21,560000,UR,FR,P02
21,562500,UR,FR,P02
21,565000,UR,FR,P02
21,567500,UR,FR,P02
21,570000,UR,FR,P02
21,572500,UR,FR,P02
21,575000,UR,FR,P02
21,577500,UR,FR,P02
21,580000,UR,FR,P02
21,582500,UR,FR,P02
21,585000,UR,FR,P02
21,587500,UR,FR,P02
21,590000,UR,FR,P02
21,592500,UR,FR,P02
21,595000,UR,FR,P02
21,597500,UR,FR,P02
21,600000,UR,FR,P02
21,602500,UR,FR,P02
21,605000,UR,FR,P02
21,607500,UR,FR,P02
21,610000,UR,FR,P02
21,612500,UR,FR,P02
21,617500,UR,FR,P02
21,620000,UR,FR,P02
21,622500,UR,FR,P02
21,625000,UR,FR,P02
21,627500,UR,FR,P02
21,630000,UR,FR,P02
21,632500,UR,FR,P02
21,635000,UR,FR,P02
21,637500,UR,FR,P02
21,640000,UR,FR,P02
21,642500,UR,FR,P02
21,645000,UR,FR,P02
21,647500,UR,FR,P02
21,655000,UR,FR,P02
21,657500,UR,FR,P02
21,660000,UR,FR,P02
21,662500,UR,FR,P02
21,665000,UR,FR,P02
21,667500,UR,FR,P02
21,670000,UR,FR,P02
21,672500,UR,FR,P02
21,675000,UR,FR,P02
21,677500,UR,FR,P02
21,680000,UR,FR,P02
21,682500,UR,FR,P02
21,685000,UR,FR,P02
21,687500,UR,FR,P02
21,690000,UR,FR,P02
21,692500,UR,FR,P02
21,695000,UR,FR,P02
21,700000,UR,FR,P02
21,702500,UR,FR,P02
21,705000,UR,FR,P02
21,707500,UR,FR,P02
21,715000,UR,FR,P02
21,717500,UR,FR,P02
21,720000,UR,FR,P02
21,722500,UR,FR,P02
21,725000,UR,FR,P02
21,727500,UR,FR,P02
21,730000,UR,FR,P02
21,732500,UR,FR,P02
21,735000,UR,FR,P02
21,737500,UR,FR,P02
21,740000,UR,FR,P02
21,742500,UR,FR,P02
21,745000,UR,FR,P02
21,750000,UR,FR,P02
21,752500,UR,FR,P02
21,760000,UR,FR,P02
21,767500,UR,FR,P02
21,770000,UR,FR,P02
21,772500,UR,FR,P02
21,775000,UR,FR,P02
21,777500,UR,FR,P02
21,780000,UR,FR,P02
21,782500,UR,FR,P02
21,785000,UR,FR,P02
21,787500,UR,FR,P02
21,790000,UR,FR,P02
21,795000,UR,FR,P02
21,800000,UR,FR,P02
21,802500,UR,FR,P02
21,805000,UR,FR,P02
21,810000,UR,FR,P02
21,812500,UR,FR,P02
21,815000,UR,FR,P02
21,820000,UR,FR,P02
21,825000,UR,FR,P02
21,840000,UR,FR,P02
21,842500,UR,FR,P02
21,845000,UR,FR,P02
21,847500,UR,FR,P02
21,850000,UR,FR,P02
21,852500,UR,FR,P02
21,855000,UR,FR,P02
21,857500,UR,FR,P02
21,860000,UR,FR,P02
21,862500,UR,FR,P02
21,865000,UR,FR,P02
21,867500,UR,FR,P02
21,870000,UR,FR,P02
21,872500,UR,FR,P02
21,875000,UR,FR,P02
21,877500,UR,FR,P02
21,880000,UR,FR,P02
21,882500,UR,FR,P02
21,885000,UR,FR,P02
21,887500,UR,FR,P02
21,890000,UR,FR,P02
21,892500,UR,FR,P02
21,895000,UR,FR,P02
21,897500,UR,FR,P02
21,900000,UR,FR,P02
21,902500,UR,FR,P02
21,905000,UR,FR,P02
21,907500,UR,FR,P02
21,910000,UR,FR,P02
21,912500,UR,FR,P02
21,915000,UR,FR,P02
21,917500,UR,FR,P02
21,920000,UR,FR,P02
21,922500,UR,FR,P02
21,925000,UR,FR,P02
21,927500,UR,FR,P02
21,930000,UR,FR,P02
21,932500,UR,FR,P02
21,935000,UR,FR,P02
21,937500,UR,FR,P02
21,940000,UR,FR,P02
21,942500,UR,FR,P02
21,945000,UR,FR,P02
21,947500,UR,FR,P02
21,950000,UR,FR,P02
21,952500,UR,FR,P02
21,955000,UR,FR,P02
21,957500,UR,FR,P02
21,960000,UR,FR,P02
21,962500,UR,FR,P02
21,965000,UR,FR,P02
21,967500,UR,FR,P02
21,970000,UR,FR,P02
21,972500,UR,FR,P02
21,975000,UR,FR,P02
21,977500,UR,FR,P02
21,980000,UR,FR,P02
21,982500,UR,FR,P02
21,985000,UR,FR,P02
21,987500,UR,FR,P02
21,990000,UR,FR,P02
21,992500,UR,FR,P02
21,995000,UR,FR,P02
21,997500,UR,FR,P02
21,1000000,UR,FR,P02
21,1002500,UR,FR,P02
21,1005000,UR,FR,P02
21,1007500,UR,FR,P02
21,1010000,UR,FR,P02
21,1012500,UR,FR,P02
21,1015000,UR,FR,P02
21,1017500,UR,FR,P02
21,1020000,UR,FR,P02
21,1022500,UR,FR,P02
21,1025000,UR,FR,P02
21,1027500,UR,FR,P02
21,1030000,UR,FR,P02
21,1032500,UR,FR,P02
21,1035000,UR,FR,P02
21,1037500,UR,FR,P02
21,1040000,UR,FR,P02
21,1042500,UR,FR,P02
21,1045000,UR,FR,P02
21,1047500,UR,FR,P02
21,1050000,UR,FR,P02
21,1052500,UR,FR,P02
21,1055000,UR,FR,P02
21,1060000,UR,FR,P02
21,1062500,UR,FR,P02
21,1065000,UR,FR,P02
21,1067500,UR,FR,P02
21,1070000,UR,FR,P02
21,1072500,UR,FR,P02
21,1075000,UR,FR,P02
21,1077500,UR,FR,P02
21,1080000,UR,FR,P02
21,1082500,UR,FR,P02
21,1085000,UR,FR,P02
21,1087500,UR,FR,P02
21,1090000,UR,FR,P02
21,1092500,UR,FR,P02
21,1095000,UR,FR,P02
21,1097500,UR,FR,P02
21,1100000,UR,FR,P02
21,1102500,UR,FR,P02
21,1105000,UR,FR,P02
21,1107500,UR,FR,P02
21,1110000,UR,FR,P02
21,1112500,UR,FR,P02
21,1115000,UR,FR,P02
21,1117500,UR,FR,P02
21,1120000,UR,FR,P02
21,1122500,UR,FR,P02
21,1125000,UR,FR,P02
21,1127500,UR,FR,P02
21,1130000,UR,FR,P02
21,1132500,UR,FR,P02
21,1135000,UR,FR,P02
21,1137500,UR,FR,P02
21,1140000,UR,FR,P02
22,2500,UR,LU,P02
22,5000,UR,LU,P02
22,10000,UR,LU,P02
22,12500,UR,LU,P02
22,15000,UR,LU,P02
22,17500,UR,LU,P02
22,20000,UR,LU,P02
22,22500,UR,LU,P02
22,25000,UR,LU,P02
22,27500,UR,LU,P02
22,30000,UR,LU,P02
22,32500,UR,LU,P02
22,35000,UR,LU,P02
22,37500,UR,LU,P02
22,42500,UR,LU,P02
22,45000,UR,LU,P02
22,47500,UR,LU,P02
22,50000,UR,LU,P02
22,55000,UR,LU,P02
22,57500,UR,LU,P02
22,62500,UR,LU,P02
22,65000,UR,LU,P02
22,70000,UR,LU,P02
22,72500,UR,LU,P02
22,75000,UR,LU,P02
22,77500,UR,LU,P02
22,85000,UR,LU,P02
22,87500,UR,LU,P02
22,90000,UR,LU,P02
22,92500,UR,LU,P02
22,95000,UR,LU,P02
22,102500,UR,LU,P02
22,105000,UR,LU,P02
22,107500,UR,LU,P02
22,117500,UR,LU,P02
22,130000,UR,LU,P02
22,132500,UR,LU,P02
22,135000,UR,LU,P02
22,142500,UR,LU,P02
22,147500,UR,LU,P02
22,150000,UR,LU,P02
22,152500,UR,LU,P02
22,155000,UR,LU,P02
22,157500,UR,LU,P02
22,160000,UR,LU,P02
22,165000,UR,LU,P02
22,167500,UR,LU,P02
22,170000,UR,LU,P02
22,172500,UR,LU,P02
22,175000,UR,LU,P02
22,177500,UR,LU,P02
22,180000,UR,LU,P02
22,190000,UR,LU,P02
22,192500,UR,LU,P02
22,195000,UR,LU,P02
22,197500,UR,LU,P02
22,200000,UR,LU,P02
22,202500,UR,LU,P02
22,205000,UR,LU,P02
22,207500,UR,LU,P02
22,212500,UR,LU,P02
22,217500,UR,LU,P02
22,220000,UR,LU,P02
22,222500,UR,LU,P02
22,225000,UR,LU,P02
22,227500,UR,LU,P02
22,230000,UR,LU,P02
22,232500,UR,LU,P02
22,235000,UR,LU,P02
22,245000,UR,LU,P02
22,247500,UR,LU,P02
22,250000,UR,LU,P02
22,252500,UR,LU,P02
22,255000,UR,LU,P02
22,262500,UR,LU,P02
22,265000,UR,LU,P02
22,267500,UR,LU,P02
22,270000,UR,LU,P02
22,272500,UR,LU,P02
22,275000,UR,LU,P02
22,277500,UR,LU,P02
22,282500,UR,LU,P02
22,285000,UR,LU,P02
22,287500,UR,LU,P02
22,300000,UR,LU,P02
22,305000,UR,LU,P02
22,307500,UR,LU,P02
22,310000,UR,LU,P02
22,312500,UR,LU,P02
22,315000,UR,LU,P02
22,317500,UR,LU,P02
22,320000,UR,LU,P02
22,322500,UR,LU,P02
22,325000,UR,LU,P02
22,327500,UR,LU,P02
22,335000,UR,LU,P02
22,337500,UR,LU,P02
22,340000,UR,LU,P02
22,345000,UR,LU,P02
22,347500,UR,LU,P02
22,352500,UR,LU,P02
22,355000,UR,LU,P02
22,357500,UR,LU,P02
22,360000,UR,LU,P02
22,362500,UR,LU,P02
22,367500,UR,LU,P02
22,370000,UR,LU,P02
22,375000,UR,LU,P02
22,377500,UR,LU,P02
22,380000,UR,LU,P02
22,382500,UR,LU,P02
22,385000,UR,LU,P02
22,387500,UR,LU,P02
22,390000,UR,LU,P02
22,392500,UR,LU,P02
22,395000,UR,LU,P02
22,397500,UR,LU,P02
22,400000,UR,LU,P02
22,402500,UR,LU,P02
22,405000,UR,LU,P02
22,407500,UR,LU,P02
22,410000,UR,LU,P02
22,412500,UR,LU,P02
22,415000,UR,LU,P02
22,417500,UR,LU,P02
22,420000,UR,LU,P02
22,422500,UR,LU,P02
22,425000,UR,LU,P02
22,427500,UR,LU,P02
22,430000,UR,LU,P02
22,432500,UR,LU,P02
22,435000,UR,LU,P02
22,437500,UR,LU,P02
22,440000,UR,LU,P02
22,442500,UR,LU,P02
22,445000,UR,LU,P02
22,447500,UR,LU,P02
22,450000,UR,LU,P02
22,452500,UR,LU,P02
22,455000,UR,LU,P02
22,462500,UR,LU,P02
22,467500,UR,LU,P02
22,470000,UR,LU,P02
22,472500,UR,LU,P02
22,480000,UR,LU,P02
22,482500,UR,LU,P02
22,485000,UR,LU,P02
22,487500,UR,LU,P02
22,490000,UR,LU,P02
22,495000,UR,LU,P02
22,497500,UR,LU,P02
22,500000,UR,LU,P02
22,502500,UR,LU,P02
22,505000,UR,LU,P02
22,507500,UR,LU,P02
22,510000,UR,LU,P02
22,515000,UR,LU,P02
22,517500,UR,LU,P02
22,520000,UR,LU,P02
22,522500,UR,LU,P02
22,525000,UR,LU,P02
22,527500,UR,LU,P02
22,530000,UR,LU,P02
22,532500,UR,LU,P02
22,535000,UR,LU,P02
22,537500,UR,LU,P02
22,545000,UR,LU,P02
22,547500,UR,LU,P02
22,550000,UR,LU,P02
22,552500,UR,LU,P02
22,555000,UR,LU,P02
22,557500,UR,LU,P02
22,562500,UR,LU,P02
22,565000,UR,LU,P02
22,567500,UR,LU,P02
22,570000,UR,LU,P02
22,572500,UR,LU,P02
22,575000,UR,LU,P02
22,577500,UR,LU,P02
22,587500,UR,LU,P02
22,590000,UR,LU,P02
22,592500,UR,LU,P02
22,595000,UR,LU,P02
22,597500,UR,LU,P02
22,600000,UR,LU,P02
22,602500,UR,LU,P02
22,605000,UR,LU,P02
22,607500,UR,LU,P02
22,610000,UR,LU,P02
22,612500,UR,LU,P02
22,615000,UR,LU,P02
22,617500,UR,LU,P02
22,620000,UR,LU,P02
22,622500,UR,LU,P02
22,625000,UR,LU,P02
22,627500,UR,LU,P02
22,630000,UR,LU,P02
22,632500,UR,LU,P02
22,635000,UR,LU,P02
22,637500,UR,LU,P02
22,640000,UR,LU,P02
22,642500,UR,LU,P02
22,645000,UR,LU,P02
22,647500,UR,LU,P02
22,650000,UR,LU,P02
22,652500,UR,LU,P02
22,655000,UR,LU,P02
22,657500,UR,LU,P02
22,660000,UR,LU,P02
22,662500,UR,LU,P02
22,665000,UR,LU,P02
22,667500,UR,LU,P02
22,670000,UR,LU,P02
22,675000,UR,LU,P02
22,680000,UR,LU,P02
22,682500,UR,LU,P02
22,685000,UR,LU,P02
22,687500,UR,LU,P02
22,690000,UR,LU,P02
22,695000,UR,LU,P02
22,697500,UR,LU,P02
22,700000,UR,LU,P02
22,702500,UR,LU,P02
22,707500,UR,LU,P02
22,710000,UR,LU,P02
22,715000,UR,LU,P02
22,717500,UR,LU,P02
22,720000,UR,LU,P02
22,722500,UR,LU,P02
22,725000,UR,LU,P02
22,727500,UR,LU,P02
22,730000,UR,LU,P02
22,732500,UR,LU,P02
22,735000,UR,LU,P02
22,737500,UR,LU,P02
22,740000,UR,LU,P02
22,742500,UR,LU,P02
22,747500,UR,LU,P02
22,750000,UR,LU,P02
22,755000,UR,LU,P02
22,757500,UR,LU,P02
22,760000,UR,LU,P02
22,762500,UR,LU,P02
22,765000,UR,LU,P02
22,767500,UR,LU,P02
22,770000,UR,LU,P02
22,772500,UR,LU,P02
22,777500,UR,LU,P02
22,780000,UR,LU,P02
22,782500,UR,LU,P02
22,785000,UR,LU,P02
22,787500,UR,LU,P02
22,792500,UR,LU,P02
22,795000,UR,LU,P02
22,797500,UR,LU,P02
22,802500,UR,LU,P02
22,805000,UR,LU,P02
22,807500,UR,LU,P02
22,810000,UR,LU,P02
22,820000,UR,LU,P02
22,822500,UR,LU,P02
22,825000,UR,LU,P02
22,837500,UR,LU,P02
22,840000,UR,LU,P02
22,842500,UR,LU,P02
22,845000,UR,LU,P02
22,847500,UR,LU,P02
22,852500,UR,LU,P02
22,855000,UR,LU,P02
22,857500,UR,LU,P02
22,860000,UR,LU,P02
22,862500,UR,LU,P02
22,865000,UR,LU,P02
22,875000,UR,LU,P02
22,877500,UR,LU,P02
22,880000,UR,LU,P02
22,882500,UR,LU,P02
22,890000,UR,LU,P02
22,892500,UR,LU,P02
22,895000,UR,LU,P02
22,897500,UR,LU,P02
22,900000,UR,LU,P02
22,902500,UR,LU,P02
22,905000,UR,LU,P02
22,907500,UR,LU,P02
22,910000,UR,LU,P02
22,912500,UR,LU,P02
22,915000,UR,LU,P02
22,917500,UR,LU,P02
22,920000,UR,LU,P02
22,922500,UR,LU,P02
22,925000,UR,LU,P02
22,927500,UR,LU,P02
22,930000,UR,LU,P02
22,932500,UR,LU,P02
22,935000,UR,LU,P02
22,937500,UR,LU,P02
22,940000,UR,LU,P02
22,942500,UR,LU,P02
22,945000,UR,LU,P02
22,947500,UR,LU,P02
22,950000,UR,LU,P02
22,952500,UR,LU,P02
22,955000,UR,LU,P02
22,957500,UR,LU,P02
22,960000,UR,LU,P02
22,962500,UR,LU,P02
22,965000,UR,LU,P02
22,967500,UR,LU,P02
22,970000,UR,LU,P02
22,972500,UR,LU,P02
22,975000,UR,LU,P02
22,987500,UR,LU,P02
22,990000,UR,LU,P02
22,1000000,UR,LU,P02
22,1005000,UR,LU,P02
22,1010000,UR,LU,P02
22,1012500,UR,LU,P02
22,1020000,UR,LU,P02
22,1025000,UR,LU,P02
22,1027500,UR,LU,P02
22,1030000,UR,LU,P02
22,1032500,UR,LU,P02
22,1042500,UR,LU,P02
22,1055000,UR,LU,P02
22,1057500,UR,LU,P02
22,1065000,UR,LU,P02
22,1067500,UR,LU,P02
22,1070000,UR,LU,P02
22,1075000,UR,LU,P02
22,1077500,UR,LU,P02
22,1080000,UR,LU,P02
22,1082500,UR,LU,P02
22,1085000,UR,LU,P02
22,1087500,UR,LU,P02
22,1090000,UR,LU,P02
22,1097500,UR,LU,P02
22,1100000,UR,LU,P02
22,1102500,UR,LU,P02
22,1105000,UR,LU,P02
22,1107500,UR,LU,P02
22,1110000,UR,LU,P02
22,1112500,UR,LU,P02
22,1120000,UR,LU,P02
22,1122500,UR,LU,P02
22,1125000,UR,LU,P02
22,1127500,UR,LU,P02
22,1135000,UR,LU,P02
23,0,UR,XP,P02
23,2500,UR,XP,P02
23,5000,UR,XP,P02
23,7500,UR,XP,P02
23,10000,UR,XP,P02
23,12500,UR,XP,P02
23,15000,UR,XP,P02
23,17500,UR,XP,P02
23,20000,UR,XP,P02
23,22500,UR,XP,P02
23,25000,UR,XP,P02
23,27500,UR,XP,P02
23,30000,UR,XP,P02
23,32500,UR,XP,P02
23,37500,UR,XP,P02
23,40000,UR,XP,P02
23,42500,UR,XP,P02
23,45000,UR,XP,P02
23,47500,UR,XP,P02
23,50000,UR,XP,P02
23,52500,UR,XP,P02
23,55000,UR,XP,P02
23,57500,UR,XP,P02
23,60000,UR,XP,P02
23,62500,UR,XP,P02
23,65000,UR,XP,P02
23,67500,UR,XP,P02
23,70000,UR,XP,P02
23,72500,UR,XP,P02
23,75000,UR,XP,P02
23,77500,UR,XP,P02
23,80000,UR,XP,P02
23,82500,UR,XP,P02
23,85000,UR,XP,P02
23,87500,UR,XP,P02
23,90000,UR,XP,P02
23,92500,UR,XP,P02
23,95000,UR,XP,P02
23,97500,UR,XP,P02
23,105000,UR,XP,P02
23,107500,UR,XP,P02
23,110000,UR,XP,P02
23,112500,UR,XP,P02
23,115000,UR,XP,P02
23,117500,UR,XP,P02
23,120000,UR,XP,P02
23,122500,UR,XP,P02
23,125000,UR,XP,P02
23,127500,UR,XP,P02
23,130000,UR,XP,P02
23,132500,UR,XP,P02
23,135000,UR,XP,P02
23,137500,UR,XP,P02
23,140000,UR,XP,P02
23,142500,UR,XP,P02
23,145000,UR,XP,P02
23,147500,UR,XP,P02
23,150000,UR,XP,P02
23,152500,UR,XP,P02
23,160000,UR,XP,P02
23,162500,UR,XP,P02
23,167500,UR,XP,P02
23,170000,UR,XP,P02
23,172500,UR,XP,P02
23,175000,UR,XP,P02
23,177500,UR,XP,P02
23,180000,UR,XP,P02
23,182500,UR,XP,P02
23,185000,UR,XP,P02
23,187500,UR,XP,P02
23,190000,UR,XP,P02
23,192500,UR,XP,P02
23,195000,UR,XP,P02
23,197500,UR,XP,P02
23,200000,UR,XP,P02
23,202500,UR,XP,P02
23,205000,UR,XP,P02
23,207500,UR,XP,P02
23,210000,UR,XP,P02
23,212500,UR,XP,P02
23,215000,UR,XP,P02
23,217500,UR,XP,P02
23,220000,UR,XP,P02
23,222500,UR,XP,P02
23,225000,UR,XP,P02
23,227500,UR,XP,P02
23,230000,UR,XP,P02
23,232500,UR,XP,P02
23,235000,UR,XP,P02
23,237500,UR,XP,P02
23,240000,UR,XP,P02
23,242500,UR,XP,P02
23,245000,UR,XP,P02
23,247500,UR,XP,P02
23,250000,UR,XP,P02
23,252500,UR,XP,P02
23,255000,UR,XP,P02
23,257500,UR,XP,P02
23,260000,UR,XP,P02
23,262500,UR,XP,P02
23,265000,UR,XP,P02
23,267500,UR,XP,P02
23,270000,UR,XP,P02
23,272500,UR,XP,P02
23,275000,UR,XP,P02
23,277500,UR,XP,P02
23,280000,UR,XP,P02
23,282500,UR,XP,P02
23,285000,UR,XP,P02
23,287500,UR,XP,P02
23,290000,UR,XP,P02
23,292500,UR,XP,P02
23,295000,UR,XP,P02
23,297500,UR,XP,P02
23,300000,UR,XP,P02
23,302500,UR,XP,P02
23,305000,UR,XP,P02
23,307500,UR,XP,P02
23,310000,UR,XP,P02
23,312500,UR,XP,P02
23,315000,UR,XP,P02
23,317500,UR,XP,P02
23,320000,UR,XP,P02
23,322500,UR,XP,P02
23,325000,UR,XP,P02
23,327500,UR,XP,P02
23,330000,UR,XP,P02
23,332500,UR,XP,P02
23,335000,UR,XP,P02
23,337500,UR,XP,P02
23,340000,UR,XP,P02
23,342500,UR,XP,P02
23,345000,UR,XP,P02
23,347500,UR,XP,P02
23,350000,UR,XP,P02
23,352500,UR,XP,P02
23,355000,UR,XP,P02
23,357500,UR,XP,P02
23,360000,UR,XP,P02
23,362500,UR,XP,P02
23,365000,UR,XP,P02
23,367500,UR,XP,P02
23,370000,UR,XP,P02
23,372500,UR,XP,P02
23,375000,UR,XP,P02
23,377500,UR,XP,P02
23,380000,UR,XP,P02
23,382500,UR,XP,P02
23,385000,UR,XP,P02
23,387500,UR,XP,P02
23,390000,UR,XP,P02
23,392500,UR,XP,P02
23,395000,UR,XP,P02
23,397500,UR,XP,P02
23,400000,UR,XP,P02
23,402500,UR,XP,P02
23,405000,UR,XP,P02
23,407500,UR,XP,P02
23,410000,UR,XP,P02
23,412500,UR,XP,P02
23,415000,UR,XP,P02
23,417500,UR,XP,P02
23,420000,UR,XP,P02
23,422500,UR,XP,P02
23,425000,UR,XP,P02
23,427500,UR,XP,P02
23,430000,UR,XP,P02
23,432500,UR,XP,P02
23,435000,UR,XP,P02
23,437500,UR,XP,P02
23,440000,UR,XP,P02
23,442500,UR,XP,P02
23,445000,UR,XP,P02
23,447500,UR,XP,P02
23,450000,UR,XP,P02
23,452500,UR,XP,P02
23,455000,UR,XP,P02
23,457500,UR,XP,P02
23,460000,UR,XP,P02
23,462500,UR,XP,P02
23,465000,UR,XP,P02
23,467500,UR,XP,P02
23,470000,UR,XP,P02
23,472500,UR,XP,P02
23,475000,UR,XP,P02
23,477500,UR,XP,P02
23,480000,UR,XP,P02
23,482500,UR,XP,P02
23,485000,UR,XP,P02
23,487500,UR,XP,P02
23,490000,UR,XP,P02
23,492500,UR,XP,P02
23,495000,UR,XP,P02
23,497500,UR,XP,P02
23,500000,UR,XP,P02
23,502500,UR,XP,P02
23,505000,UR,XP,P02
23,507500,UR,XP,P02
23,510000,UR,XP,P02
23,512500,UR,XP,P02
23,515000,UR,XP,P02
23,517500,UR,XP,P02
23,520000,UR,XP,P02
23,522500,UR,XP,P02
23,525000,UR,XP,P02
23,527500,UR,XP,P02
23,530000,UR,XP,P02
23,532500,UR,XP,P02
23,535000,UR,XP,P02
23,537500,UR,XP,P02
23,540000,UR,XP,P02
23,542500,UR,XP,P02
23,545000,UR,XP,P02
23,547500,UR,XP,P02
23,550000,UR,XP,P02
23,552500,UR,XP,P02
23,555000,UR,XP,P02
23,557500,UR,XP,P02
23,560000,UR,XP,P02
23,562500,UR,XP,P02
23,565000,UR,XP,P02
23,567500,UR,XP,P02
23,570000,UR,XP,P02
23,572500,UR,XP,P02
23,575000,UR,XP,P02
23,577500,UR,XP,P02
23,580000,UR,XP,P02
23,582500,UR,XP,P02
23,585000,UR,XP,P02
23,587500,UR,XP,P02
23,590000,UR,XP,P02
23,592500,UR,XP,P02
23,595000,UR,XP,P02
23,597500,UR,XP,P02
23,600000,UR,XP,P02
23,602500,UR,XP,P02
23,605000,UR,XP,P02
23,607500,UR,XP,P02
23,610000,UR,XP,P02
23,612500,UR,XP,P02
23,615000,UR,XP,P02
23,617500,UR,XP,P02
23,620000,UR,XP,P02
23,622500,UR,XP,P02
23,625000,UR,XP,P02
23,627500,UR,XP,P02
23,630000,UR,XP,P02
23,632500,UR,XP,P02
23,635000,UR,XP,P02
23,637500,UR,XP,P02
23,640000,UR,XP,P02
23,642500,UR,XP,P02
23,645000,UR,XP,P02
23,647500,UR,XP,P02
23,650000,UR,XP,P02
23,652500,UR,XP,P02
23,655000,UR,XP,P02
23,657500,UR,XP,P02
23,660000,UR,XP,P02
23,662500,UR,XP,P02
23,665000,UR,XP,P02
23,667500,UR,XP,P02
23,670000,UR,XP,P02
23,672500,UR,XP,P02
23,675000,UR,XP,P02
23,677500,UR,XP,P02
23,680000,UR,XP,P02
23,682500,UR,XP,P02
23,685000,UR,XP,P02
23,687500,UR,XP,P02
23,690000,UR,XP,P02
23,692500,UR,XP,P02
23,695000,UR,XP,P02
23,697500,UR,XP,P02
23,700000,UR,XP,P02
23,702500,UR,XP,P02
23,705000,UR,XP,P02
23,707500,UR,XP,P02
23,710000,UR,XP,P02
23,712500,UR,XP,P02
23,715000,UR,XP,P02
23,717500,UR,XP,P02
23,720000,UR,XP,P02
23,722500,UR,XP,P02
23,725000,UR,XP,P02
23,727500,UR,XP,P02
23,730000,UR,XP,P02
23,732500,UR,XP,P02
23,735000,UR,XP,P02
23,737500,UR,XP,P02
23,740000,UR,XP,P02
23,742500,UR,XP,P02
23,745000,UR,XP,P02
23,747500,UR,XP,P02
23,750000,UR,XP,P02
23,752500,UR,XP,P02
23,755000,UR,XP,P02
23,757500,UR,XP,P02
23,760000,UR,XP,P02
23,762500,UR,XP,P02
23,765000,UR,XP,P02
23,767500,UR,XP,P02
23,770000,UR,XP,P02
23,772500,UR,XP,P02
23,775000,UR,XP,P02
23,777500,UR,XP,P02
23,780000,UR,XP,P02
23,782500,UR,XP,P02
23,785000,UR,XP,P02
23,790000,UR,XP,P02
23,795000,UR,XP,P02
23,797500,UR,XP,P02
23,800000,UR,XP,P02
23,802500,UR,XP,P02
23,805000,UR,XP,P02
23,807500,UR,XP,P02
23,810000,UR,XP,P02
23,812500,UR,XP,P02
23,815000,UR,XP,P02
23,817500,UR,XP,P02
23,820000,UR,XP,P02
23,822500,UR,XP,P02
23,825000,UR,XP,P02
23,827500,UR,XP,P02
23,830000,UR,XP,P02
23,832500,UR,XP,P02
23,835000,UR,XP,P02
23,837500,UR,XP,P02
23,840000,UR,XP,P02
23,842500,UR,XP,P02
23,845000,UR,XP,P02
23,847500,UR,XP,P02
23,850000,UR,XP,P02
23,857500,UR,XP,P02
23,860000,UR,XP,P02
23,862500,UR,XP,P02
23,865000,UR,XP,P02
23,867500,UR,XP,P02
23,870000,UR,XP,P02
23,872500,UR,XP,P02
23,875000,UR,XP,P02
23,877500,UR,XP,P02
23,880000,UR,XP,P02
23,882500,UR,XP,P02
23,885000,UR,XP,P02
23,887500,UR,XP,P02
23,890000,UR,XP,P02
23,892500,UR,XP,P02
23,895000,UR,XP,P02
23,897500,UR,XP,P02
23,900000,UR,XP,P02
23,902500,UR,XP,P02
23,905000,UR,XP,P02
23,907500,UR,XP,P02
23,910000,UR,XP,P02
23,912500,UR,XP,P02
23,915000,UR,XP,P02
23,917500,UR,XP,P02
23,920000,UR,XP,P02
23,922500,UR,XP,P02
23,925000,UR,XP,P02
23,927500,UR,XP,P02
23,930000,UR,XP,P02
23,932500,UR,XP,P02
23,935000,UR,XP,P02
23,937500,UR,XP,P02
23,940000,UR,XP,P02
23,942500,UR,XP,P02
23,945000,UR,XP,P02
23,947500,UR,XP,P02
23,950000,UR,XP,P02
23,957500,UR,XP,P02
23,960000,UR,XP,P02
23,962500,UR,XP,P02
23,965000,UR,XP,P02
23,967500,UR,XP,P02
23,970000,UR,XP,P02
23,972500,UR,XP,P02
23,975000,UR,XP,P02
23,985000,UR,XP,P02
23,987500,UR,XP,P02
23,990000,UR,XP,P02
23,992500,UR,XP,P02
23,995000,UR,XP,P02
23,997500,UR,XP,P02
23,1000000,UR,XP,P02
23,1002500,UR,XP,P02
23,1005000,UR,XP,P02
23,1007500,UR,XP,P02
23,1010000,UR,XP,P02
23,1012500,UR,XP,P02
23,1015000,UR,XP,P02
23,1017500,UR,XP,P02
23,1020000,UR,XP,P02
23,1022500,UR,XP,P02
23,1025000,UR,XP,P02
23,1030000,UR,XP,P02
23,1032500,UR,XP,P02
23,1035000,UR,XP,P02
23,1037500,UR,XP,P02
23,1040000,UR,XP,P02
23,1042500,UR,XP,P02
23,1045000,UR,XP,P02
23,1047500,UR,XP,P02
23,1050000,UR,XP,P02
23,1052500,UR,XP,P02
23,1055000,UR,XP,P02
23,1057500,UR,XP,P02
23,1060000,UR,XP,P02
23,1062500,UR,XP,P02
23,1065000,UR,XP,P02
23,1067500,UR,XP,P02
23,1070000,UR,XP,P02
23,1072500,UR,XP,P02
23,1075000,UR,XP,P02
23,1077500,UR,XP,P02
23,1080000,UR,XP,P02
23,1082500,UR,XP,P02
23,1085000,UR,XP,P02
23,1087500,UR,XP,P02
23,1090000,UR,XP,P02
23,1092500,UR,XP,P02
23,1095000,UR,XP,P02
23,1097500,UR,XP,P02
23,1100000,UR,XP,P02
23,1102500,UR,XP,P02
23,1105000,UR,XP,P02
23,1107500,UR,XP,P02
23,1110000,UR,XP,P02
23,1112500,UR,XP,P02
23,1115000,UR,XP,P02
23,1117500,UR,XP,P02
23,1120000,UR,XP,P02
23,1122500,UR,XP,P02
23,1125000,UR,XP,P02
23,1127500,UR,XP,P02
23,1130000,UR,XP,P02
23,1132500,UR,XP,P02
23,1135000,UR,XP,P02
23,1137500,UR,XP,P02
23,1140000,UR,XP,P02
24,2500,DL,FR,P03
24,5000,DL,FR,P03
24,7500,DL,FR,P03
24,47500,DL,FR,P03
24,62500,DL,FR,P03
24,70000,DL,FR,P03
24,77500,DL,FR,P03
24,80000,DL,FR,P03
24,82500,DL,FR,P03
24,85000,DL,FR,P03
24,87500,DL,FR,P03
24,155000,DL,FR,P03
24,157500,DL,FR,P03
24,160000,DL,FR,P03
24,192500,DL,FR,P03
24,195000,DL,FR,P03
24,267500,DL,FR,P03
24,270000,DL,FR,P03
24,345000,DL,FR,P03
24,412500,DL,FR,P03
24,422500,DL,FR,P03
24,702500,DL,FR,P03
24,705000,DL,FR,P03
24,707500,DL,FR,P03
24,710000,DL,FR,P03
24,712500,DL,FR,P03
24,715000,DL,FR,P03
24,717500,DL,FR,P03
24,805000,DL,FR,P03
24,807500,DL,FR,P03
24,830000,DL,FR,P03
24,872500,DL,FR,P03
24,875000,DL,FR,P03
24,877500,DL,FR,P03
24,935000,DL,FR,P03
24,950000,DL,FR,P03
24,965000,DL,FR,P03
24,980000,DL,FR,P03
24,990000,DL,FR,P03
24,997500,DL,FR,P03
24,1117500,DL,FR,P03
24,1120000,DL,FR,P03
24,1122500,DL,FR,P03
24,1130000,DL,FR,P03
24,1132500,DL,FR,P03
24,1145000,DL,FR,P03
24,1185000,DL,FR,P03
24,1202500,DL,FR,P03
24,1247500,DL,FR,P03
24,1250000,DL,FR,P03
25,0,DL,LU,P03
25,2500,DL,LU,P03
25,5000,DL,LU,P03
25,7500,DL,LU,P03
25,10000,DL,LU,P03
25,12500,DL,LU,P03
25,15000,DL,LU,P03
25,17500,DL,LU,P03
25,20000,DL,LU,P03
25,22500,DL,LU,P03
25,25000,DL,LU,P03
25,27500,DL,LU,P03
25,30000,DL,LU,P03
25,32500,DL,LU,P03
25,35000,DL,LU,P03
25,37500,DL,LU,P03
25,40000,DL,LU,P03
25,42500,DL,LU,P03
25,47500,DL,LU,P03
25,50000,DL,LU,P03
25,52500,DL,LU,P03
25,55000,DL,LU,P03
25,57500,DL,LU,P03
25,60000,DL,LU,P03
25,62500,DL,LU,P03
25,65000,DL,LU,P03
25,67500,DL,LU,P03
25,70000,DL,LU,P03
25,72500,DL,LU,P03
25,75000,DL,LU,P03
25,77500,DL,LU,P03
25,80000,DL,LU,P03
25,82500,DL,LU,P03
25,85000,DL,LU,P03
25,87500,DL,LU,P03
25,90000,DL,LU,P03
25,92500,DL,LU,P03
25,95000,DL,LU,P03
25,97500,DL,LU,P03
25,100000,DL,LU,P03
25,102500,DL,LU,P03
25,105000,DL,LU,P03
25,107500,DL,LU,P03
25,110000,DL,LU,P03
25,112500,DL,LU,P03
25,115000,DL,LU,P03
25,117500,DL,LU,P03
25,120000,DL,LU,P03
25,122500,DL,LU,P03
25,125000,DL,LU,P03
25,127500,DL,LU,P03
25,130000,DL,LU,P03
25,132500,DL,LU,P03
25,135000,DL,LU,P03
25,137500,DL,LU,P03
25,140000,DL,LU,P03
25,142500,DL,LU,P03
25,145000,DL,LU,P03
25,147500,DL,LU,P03
25,150000,DL,LU,P03
25,152500,DL,LU,P03
25,155000,DL,LU,P03
25,157500,DL,LU,P03
25,160000,DL,LU,P03
25,162500,DL,LU,P03
25,165000,DL,LU,P03
25,167500,DL,LU,P03
25,170000,DL,LU,P03
25,172500,DL,LU,P03
25,175000,DL,LU,P03
25,177500,DL,LU,P03
25,180000,DL,LU,P03
25,182500,DL,LU,P03
25,185000,DL,LU,P03
25,187500,DL,LU,P03
25,190000,DL,LU,P03
25,192500,DL,LU,P03
25,195000,DL,LU,P03
25,197500,DL,LU,P03
25,200000,DL,LU,P03
25,202500,DL,LU,P03
25,205000,DL,LU,P03
25,207500,DL,LU,P03
25,210000,DL,LU,P03
25,212500,DL,LU,P03
25,215000,DL,LU,P03
25,217500,DL,LU,P03
25,220000,DL,LU,P03
25,222500,DL,LU,P03
25,225000,DL,LU,P03
25,227500,DL,LU,P03
25,230000,DL,LU,P03
25,232500,DL,LU,P03
25,235000,DL,LU,P03
25,237500,DL,LU,P03
25,240000,DL,LU,P03
25,242500,DL,LU,P03
25,245000,DL,LU,P03
25,247500,DL,LU,P03
25,250000,DL,LU,P03
25,252500,DL,LU,P03
25,255000,DL,LU,P03
25,257500,DL,LU,P03
25,260000,DL,LU,P03
25,262500,DL,LU,P03
25,265000,DL,LU,P03
25,267500,DL,LU,P03
25,270000,DL,LU,P03
25,272500,DL,LU,P03
25,275000,DL,LU,P03
25,277500,DL,LU,P03
25,280000,DL,LU,P03
25,342500,DL,LU,P03
25,345000,DL,LU,P03
25,347500,DL,LU,P03
25,350000,DL,LU,P03
25,352500,DL,LU,P03
25,355000,DL,LU,P03
25,357500,DL,LU,P03
25,360000,DL,LU,P03
25,362500,DL,LU,P03
25,365000,DL,LU,P03
25,367500,DL,LU,P03
25,370000,DL,LU,P03
25,372500,DL,LU,P03
25,377500,DL,LU,P03
25,380000,DL,LU,P03
25,397500,DL,LU,P03
25,400000,DL,LU,P03
25,402500,DL,LU,P03
25,405000,DL,LU,P03
25,407500,DL,LU,P03
25,410000,DL,LU,P03
25,412500,DL,LU,P03
25,415000,DL,LU,P03
25,417500,DL,LU,P03
25,420000,DL,LU,P03
25,422500,DL,LU,P03
25,425000,DL,LU,P03
25,427500,DL,LU,P03
25,430000,DL,LU,P03
25,432500,DL,LU,P03
25,435000,DL,LU,P03
25,437500,DL,LU,P03
25,440000,DL,LU,P03
25,442500,DL,LU,P03
25,445000,DL,LU,P03
25,447500,DL,LU,P03
25,450000,DL,LU,P03
25,452500,DL,LU,P03
25,455000,DL,LU,P03
25,457500,DL,LU,P03
25,460000,DL,LU,P03
25,462500,DL,LU,P03
25,465000,DL,LU,P03
25,467500,DL,LU,P03
25,470000,DL,LU,P03
25,472500,DL,LU,P03
25,475000,DL,LU,P03
25,477500,DL,LU,P03
25,480000,DL,LU,P03
25,482500,DL,LU,P03
25,485000,DL,LU,P03
25,487500,DL,LU,P03
25,490000,DL,LU,P03
25,492500,DL,LU,P03
25,495000,DL,LU,P03
25,497500,DL,LU,P03
25,500000,DL,LU,P03
25,502500,DL,LU,P03
25,505000,DL,LU,P03
25,507500,DL,LU,P03
25,510000,DL,LU,P03
25,512500,DL,LU,P03
25,515000,DL,LU,P03
25,517500,DL,LU,P03
25,520000,DL,LU,P03
25,522500,DL,LU,P03
25,525000,DL,LU,P03
25,527500,DL,LU,P03
25,530000,DL,LU,P03
25,532500,DL,LU,P03
25,535000,DL,LU,P03
25,537500,DL,LU,P03
25,540000,DL,LU,P03
25,542500,DL,LU,P03
25,545000,DL,LU,P03
25,547500,DL,LU,P03
25,550000,DL,LU,P03
25,552500,DL,LU,P03
25,555000,DL,LU,P03
25,557500,DL,LU,P03
25,560000,DL,LU,P03
25,562500,DL,LU,P03
25,565000,DL,LU,P03
25,567500,DL,LU,P03
25,570000,DL,LU,P03
25,572500,DL,LU,P03
25,575000,DL,LU,P03
25,577500,DL,LU,P03
25,625000,DL,LU,P03
25,627500,DL,LU,P03
25,630000,DL,LU,P03
25,640000,DL,LU,P03
25,642500,DL,LU,P03
25,645000,DL,LU,P03
25,647500,DL,LU,P03
25,650000,DL,LU,P03
25,652500,DL,LU,P03
25,655000,DL,LU,P03
25,657500,DL,LU,P03
25,660000,DL,LU,P03
25,662500,DL,LU,P03
25,665000,DL,LU,P03
25,667500,DL,LU,P03
25,670000,DL,LU,P03
25,672500,DL,LU,P03
25,675000,DL,LU,P03
25,695000,DL,LU,P03
25,697500,DL,LU,P03
25,700000,DL,LU,P03
25,702500,DL,LU,P03
25,705000,DL,LU,P03
25,707500,DL,LU,P03
25,710000,DL,LU,P03
25,712500,DL,LU,P03
25,715000,DL,LU,P03
25,717500,DL,LU,P03
25,720000,DL,LU,P03
25,722500,DL,LU,P03
25,725000,DL,LU,P03
25,727500,DL,LU,P03
25,730000,DL,LU,P03
25,732500,DL,LU,P03
25,735000,DL,LU,P03
25,737500,DL,LU,P03
25,740000,DL,LU,P03
25,742500,DL,LU,P03
25,745000,DL,LU,P03
25,747500,DL,LU,P03
25,750000,DL,LU,P03
25,752500,DL,LU,P03
25,755000,DL,LU,P03
25,757500,DL,LU,P03
25,760000,DL,LU,P03
25,762500,DL,LU,P03
25,765000,DL,LU,P03
25,767500,DL,LU,P03
25,770000,DL,LU,P03
25,772500,DL,LU,P03
25,775000,DL,LU,P03
25,777500,DL,LU,P03
25,780000,DL,LU,P03
25,782500,DL,LU,P03
25,785000,DL,LU,P03
25,787500,DL,LU,P03
25,790000,DL,LU,P03
25,792500,DL,LU,P03
25,795000,DL,LU,P03
25,797500,DL,LU,P03
25,800000,DL,LU,P03
25,802500,DL,LU,P03
25,805000,DL,LU,P03
25,807500,DL,LU,P03
25,810000,DL,LU,P03
25,812500,DL,LU,P03
25,815000,DL,LU,P03
25,817500,DL,LU,P03
25,820000,DL,LU,P03
25,822500,DL,LU,P03
25,825000,DL,LU,P03
25,827500,DL,LU,P03
25,830000,DL,LU,P03
25,832500,DL,LU,P03
25,835000,DL,LU,P03
25,837500,DL,LU,P03
25,840000,DL,LU,P03
25,842500,DL,LU,P03
25,845000,DL,LU,P03
25,847500,DL,LU,P03
25,850000,DL,LU,P03
25,852500,DL,LU,P03
25,860000,DL,LU,P03
25,862500,DL,LU,P03
25,865000,DL,LU,P03
25,867500,DL,LU,P03
25,870000,DL,LU,P03
25,872500,DL,LU,P03
25,875000,DL,LU,P03
25,877500,DL,LU,P03
25,880000,DL,LU,P03
25,882500,DL,LU,P03
25,885000,DL,LU,P03
25,887500,DL,LU,P03
25,890000,DL,LU,P03
25,892500,DL,LU,P03
25,895000,DL,LU,P03
25,897500,DL,LU,P03
25,900000,DL,LU,P03
25,902500,DL,LU,P03
25,905000,DL,LU,P03
25,907500,DL,LU,P03
25,910000,DL,LU,P03
25,912500,DL,LU,P03
25,915000,DL,LU,P03
25,917500,DL,LU,P03
25,920000,DL,LU,P03
25,925000,DL,LU,P03
25,937500,DL,LU,P03
25,940000,DL,LU,P03
25,942500,DL,LU,P03
25,947500,DL,LU,P03
25,950000,DL,LU,P03
25,952500,DL,LU,P03
25,955000,DL,LU,P03
25,957500,DL,LU,P03
25,960000,DL,LU,P03
25,962500,DL,LU,P03
25,965000,DL,LU,P03
25,967500,DL,LU,P03
25,970000,DL,LU,P03
25,972500,DL,LU,P03
25,975000,DL,LU,P03
25,977500,DL,LU,P03
25,980000,DL,LU,P03
25,982500,DL,LU,P03
25,985000,DL,LU,P03
25,987500,DL,LU,P03
25,990000,DL,LU,P03
25,992500,DL,LU,P03
25,995000,DL,LU,P03
25,997500,DL,LU,P03
25,1000000,DL,LU,P03
25,1002500,DL,LU,P03
25,1005000,DL,LU,P03
25,1030000,DL,LU,P03
25,1032500,DL,LU,P03
25,1035000,DL,LU,P03
25,1037500,DL,LU,P03
25,1040000,DL,LU,P03
25,1042500,DL,LU,P03
25,1045000,DL,LU,P03
25,1047500,DL,LU,P03
25,1050000,DL,LU,P03
25,1052500,DL,LU,P03
25,1055000,DL,LU,P03
25,1057500,DL,LU,P03
25,1060000,DL,LU,P03
25,1062500,DL,LU,P03
25,1065000,DL,LU,P03
25,1067500,DL,LU,P03
25,1070000,DL,LU,P03
25,1072500,DL,LU,P03
25,1075000,DL,LU,P03
25,1077500,DL,LU,P03
25,1080000,DL,LU,P03
25,1082500,DL,LU,P03
25,1085000,DL,LU,P03
25,1087500,DL,LU,P03
25,1090000,DL,LU,P03
25,1092500,DL,LU,P03
25,1095000,DL,LU,P03
25,1097500,DL,LU,P03
25,1100000,DL,LU,P03
25,1102500,DL,LU,P03
25,1105000,DL,LU,P03
25,1107500,DL,LU,P03
25,1110000,DL,LU,P03
25,1112500,DL,LU,P03
25,1115000,DL,LU,P03
25,1117500,DL,LU,P03
25,1120000,DL,LU,P03
25,1122500,DL,LU,P03
25,1125000,DL,LU,P03
25,1127500,DL,LU,P03
25,1130000,DL,LU,P03
25,1132500,DL,LU,P03
25,1135000,DL,LU,P03
25,1137500,DL,LU,P03
25,1140000,DL,LU,P03
25,1142500,DL,LU,P03
25,1145000,DL,LU,P03
25,1147500,DL,LU,P03
25,1150000,DL,LU,P03
25,1152500,DL,LU,P03
25,1155000,DL,LU,P03
25,1157500,DL,LU,P03
25,1160000,DL,LU,P03
25,1162500,DL,LU,P03
25,1165000,DL,LU,P03
25,1167500,DL,LU,P03
25,1170000,DL,LU,P03
25,1172500,DL,LU,P03
25,1175000,DL,LU,P03
25,1177500,DL,LU,P03
25,1180000,DL,LU,P03
25,1182500,DL,LU,P03
25,1185000,DL,LU,P03
25,1187500,DL,LU,P03
25,1190000,DL,LU,P03
25,1192500,DL,LU,P03
25,1195000,DL,LU,P03
25,1197500,DL,LU,P03
25,1200000,DL,LU,P03
25,1202500,DL,LU,P03
25,1205000,DL,LU,P03
25,1207500,DL,LU,P03
25,1210000,DL,LU,P03
25,1212500,DL,LU,P03
25,1215000,DL,LU,P03
25,1217500,DL,LU,P03
25,1220000,DL,LU,P03
25,1222500,DL,LU,P03
25,1225000,DL,LU,P03
25,1227500,DL,LU,P03
25,1230000,DL,LU,P03
25,1232500,DL,LU,P03
25,1235000,DL,LU,P03
25,1237500,DL,LU,P03
25,1240000,DL,LU,P03
25,1242500,DL,LU,P03
25,1245000,DL,LU,P03
25,1247500,DL,LU,P03
25,1250000,DL,LU,P03
25,1252500,DL,LU,P03
26,0,DL,XP,P03
26,2500,DL,XP,P03
26,5000,DL,XP,P03
26,7500,DL,XP,P03
26,10000,DL,XP,P03
26,12500,DL,XP,P03
26,15000,DL,XP,P03
26,17500,DL,XP,P03
26,20000,DL,XP,P03
26,22500,DL,XP,P03
26,25000,DL,XP,P03
26,27500,DL,XP,P03
26,30000,DL,XP,P03
26,32500,DL,XP,P03
26,35000,DL,XP,P03
26,37500,DL,XP,P03
26,40000,DL,XP,P03
26,42500,DL,XP,P03
26,45000,DL,XP,P03
26,47500,DL,XP,P03
26,50000,DL,XP,P03
26,52500,DL,XP,P03
26,55000,DL,XP,P03
26,57500,DL,XP,P03
26,60000,DL,XP,P03
26,62500,DL,XP,P03
26,65000,DL,XP,P03
26,67500,DL,XP,P03
26,70000,DL,XP,P03
26,72500,DL,XP,P03
26,75000,DL,XP,P03
26,77500,DL,XP,P03
26,80000,DL,XP,P03
26,82500,DL,XP,P03
26,85000,DL,XP,P03
26,87500,DL,XP,P03
26,90000,DL,XP,P03
26,92500,DL,XP,P03
26,95000,DL,XP,P03
26,97500,DL,XP,P03
26,100000,DL,XP,P03
26,102500,DL,XP,P03
26,105000,DL,XP,P03
26,107500,DL,XP,P03
26,110000,DL,XP,P03
26,112500,DL,XP,P03
26,115000,DL,XP,P03
26,117500,DL,XP,P03
26,120000,DL,XP,P03
26,122500,DL,XP,P03
26,125000,DL,XP,P03
26,127500,DL,XP,P03
26,130000,DL,XP,P03
26,132500,DL,XP,P03
26,135000,DL,XP,P03
26,137500,DL,XP,P03
26,140000,DL,XP,P03
26,142500,DL,XP,P03
26,145000,DL,XP,P03
26,147500,DL,XP,P03
26,150000,DL,XP,P03
26,152500,DL,XP,P03
26,155000,DL,XP,P03
26,157500,DL,XP,P03
26,160000,DL,XP,P03
26,162500,DL,XP,P03
26,165000,DL,XP,P03
26,167500,DL,XP,P03
26,170000,DL,XP,P03
26,172500,DL,XP,P03
26,175000,DL,XP,P03
26,177500,DL,XP,P03
26,180000,DL,XP,P03
26,182500,DL,XP,P03
26,185000,DL,XP,P03
26,187500,DL,XP,P03
26,190000,DL,XP,P03
26,192500,DL,XP,P03
26,195000,DL,XP,P03
26,197500,DL,XP,P03
26,200000,DL,XP,P03
26,202500,DL,XP,P03
26,205000,DL,XP,P03
26,207500,DL,XP,P03
26,210000,DL,XP,P03
26,212500,DL,XP,P03
26,215000,DL,XP,P03
26,217500,DL,XP,P03
26,220000,DL,XP,P03
26,222500,DL,XP,P03
26,225000,DL,XP,P03
26,227500,DL,XP,P03
26,230000,DL,XP,P03
26,232500,DL,XP,P03
26,235000,DL,XP,P03
26,237500,DL,XP,P03
26,240000,DL,XP,P03
26,242500,DL,XP,P03
26,245000,DL,XP,P03
26,247500,DL,XP,P03
26,250000,DL,XP,P03
26,252500,DL,XP,P03
26,255000,DL,XP,P03
26,257500,DL,XP,P03
26,260000,DL,XP,P03
26,262500,DL,XP,P03
26,265000,DL,XP,P03
26,267500,DL,XP,P03
26,270000,DL,XP,P03
26,272500,DL,XP,P03
26,275000,DL,XP,P03
26,277500,DL,XP,P03
26,280000,DL,XP,P03
26,282500,DL,XP,P03
26,285000,DL,XP,P03
26,287500,DL,XP,P03
26,290000,DL,XP,P03
26,292500,DL,XP,P03
26,295000,DL,XP,P03
26,297500,DL,XP,P03
26,300000,DL,XP,P03
26,302500,DL,XP,P03
26,305000,DL,XP,P03
26,307500,DL,XP,P03
26,310000,DL,XP,P03
26,312500,DL,XP,P03
26,315000,DL,XP,P03
26,317500,DL,XP,P03
26,320000,DL,XP,P03
26,322500,DL,XP,P03
26,325000,DL,XP,P03
26,327500,DL,XP,P03
26,330000,DL,XP,P03
26,332500,DL,XP,P03
26,335000,DL,XP,P03
26,337500,DL,XP,P03
26,340000,DL,XP,P03
26,342500,DL,XP,P03
26,345000,DL,XP,P03
26,347500,DL,XP,P03
26,350000,DL,XP,P03
26,352500,DL,XP,P03
26,355000,DL,XP,P03
26,357500,DL,XP,P03
26,360000,DL,XP,P03
26,362500,DL,XP,P03
26,365000,DL,XP,P03
26,367500,DL,XP,P03
26,370000,DL,XP,P03
26,372500,DL,XP,P03
26,375000,DL,XP,P03
26,377500,DL,XP,P03
26,380000,DL,XP,P03
26,382500,DL,XP,P03
26,385000,DL,XP,P03
26,387500,DL,XP,P03
26,390000,DL,XP,P03
26,392500,DL,XP,P03
26,395000,DL,XP,P03
26,397500,DL,XP,P03
26,400000,DL,XP,P03
26,402500,DL,XP,P03
26,405000,DL,XP,P03
26,407500,DL,XP,P03
26,410000,DL,XP,P03
26,412500,DL,XP,P03
26,415000,DL,XP,P03
26,417500,DL,XP,P03
26,420000,DL,XP,P03
26,422500,DL,XP,P03
26,425000,DL,XP,P03
26,427500,DL,XP,P03
26,430000,DL,XP,P03
26,432500,DL,XP,P03
26,435000,DL,XP,P03
26,437500,DL,XP,P03
26,440000,DL,XP,P03
26,442500,DL,XP,P03
26,445000,DL,XP,P03
26,447500,DL,XP,P03
26,450000,DL,XP,P03
26,452500,DL,XP,P03
26,455000,DL,XP,P03
26,457500,DL,XP,P03
26,460000,DL,XP,P03
26,462500,DL,XP,P03
26,465000,DL,XP,P03
26,467500,DL,XP,P03
26,470000,DL,XP,P03
26,472500,DL,XP,P03
26,475000,DL,XP,P03
26,477500,DL,XP,P03
26,480000,DL,XP,P03
26,482500,DL,XP,P03
26,485000,DL,XP,P03
26,487500,DL,XP,P03
26,490000,DL,XP,P03
26,492500,DL,XP,P03
26,495000,DL,XP,P03
26,497500,DL,XP,P03
26,500000,DL,XP,P03
26,502500,DL,XP,P03
26,505000,DL,XP,P03
26,507500,DL,XP,P03
26,510000,DL,XP,P03
26,512500,DL,XP,P03
26,515000,DL,XP,P03
26,517500,DL,XP,P03
26,520000,DL,XP,P03
26,522500,DL,XP,P03
26,525000,DL,XP,P03
26,527500,DL,XP,P03
26,530000,DL,XP,P03
26,532500,DL,XP,P03
26,535000,DL,XP,P03
26,537500,DL,XP,P03
26,540000,DL,XP,P03
26,542500,DL,XP,P03
26,545000,DL,XP,P03
26,547500,DL,XP,P03
26,550000,DL,XP,P03
26,552500,DL,XP,P03
26,555000,DL,XP,P03
26,557500,DL,XP,P03
26,560000,DL,XP,P03
26,562500,DL,XP,P03
26,565000,DL,XP,P03
26,567500,DL,XP,P03
26,570000,DL,XP,P03
26,572500,DL,XP,P03
26,575000,DL,XP,P03
26,577500,DL,XP,P03
26,580000,DL,XP,P03
26,582500,DL,XP,P03
26,585000,DL,XP,P03
26,587500,DL,XP,P03
26,590000,DL,XP,P03
26,592500,DL,XP,P03
26,595000,DL,XP,P03
26,597500,DL,XP,P03
26,600000,DL,XP,P03
26,602500,DL,XP,P03
26,605000,DL,XP,P03
26,607500,DL,XP,P03
26,610000,DL,XP,P03
26,612500,DL,XP,P03
26,615000,DL,XP,P03
26,617500,DL,XP,P03
26,620000,DL,XP,P03
26,622500,DL,XP,P03
26,625000,DL,XP,P03
26,627500,DL,XP,P03
26,630000,DL,XP,P03
26,632500,DL,XP,P03
26,635000,DL,XP,P03
26,637500,DL,XP,P03
26,640000,DL,XP,P03
26,642500,DL,XP,P03
26,645000,DL,XP,P03
26,647500,DL,XP,P03
26,650000,DL,XP,P03
26,652500,DL,XP,P03
26,655000,DL,XP,P03
26,657500,DL,XP,P03
26,660000,DL,XP,P03
26,662500,DL,XP,P03
26,665000,DL,XP,P03
26,667500,DL,XP,P03
26,670000,DL,XP,P03
26,672500,DL,XP,P03
26,675000,DL,XP,P03
26,677500,DL,XP,P03
26,680000,DL,XP,P03
26,682500,DL,XP,P03
26,685000,DL,XP,P03
26,687500,DL,XP,P03
26,690000,DL,XP,P03
26,692500,DL,XP,P03
26,695000,DL,XP,P03
26,697500,DL,XP,P03
26,700000,DL,XP,P03
26,702500,DL,XP,P03
26,705000,DL,XP,P03
26,707500,DL,XP,P03
26,710000,DL,XP,P03
26,712500,DL,XP,P03
26,715000,DL,XP,P03
26,717500,DL,XP,P03
26,720000,DL,XP,P03
26,722500,DL,XP,P03
26,725000,DL,XP,P03
26,727500,DL,XP,P03
26,730000,DL,XP,P03
26,732500,DL,XP,P03
26,735000,DL,XP,P03
26,737500,DL,XP,P03
26,740000,DL,XP,P03
26,742500,DL,XP,P03
26,745000,DL,XP,P03
26,747500,DL,XP,P03
26,750000,DL,XP,P03
26,752500,DL,XP,P03
26,755000,DL,XP,P03
26,757500,DL,XP,P03
26,760000,DL,XP,P03
26,762500,DL,XP,P03
26,765000,DL,XP,P03
26,767500,DL,XP,P03
26,770000,DL,XP,P03
26,772500,DL,XP,P03
26,775000,DL,XP,P03
26,777500,DL,XP,P03
26,780000,DL,XP,P03
26,782500,DL,XP,P03
26,785000,DL,XP,P03
26,787500,DL,XP,P03
26,790000,DL,XP,P03
26,792500,DL,XP,P03
26,795000,DL,XP,P03
26,797500,DL,XP,P03
26,800000,DL,XP,P03
26,802500,DL,XP,P03
26,805000,DL,XP,P03
26,807500,DL,XP,P03
26,810000,DL,XP,P03
26,812500,DL,XP,P03
26,815000,DL,XP,P03
26,817500,DL,XP,P03
26,820000,DL,XP,P03
26,822500,DL,XP,P03
26,825000,DL,XP,P03
26,827500,DL,XP,P03
26,830000,DL,XP,P03
26,832500,DL,XP,P03
26,835000,DL,XP,P03
26,837500,DL,XP,P03
26,840000,DL,XP,P03
26,842500,DL,XP,P03
26,845000,DL,XP,P03
26,847500,DL,XP,P03
26,850000,DL,XP,P03
26,852500,DL,XP,P03
26,855000,DL,XP,P03
26,857500,DL,XP,P03
26,860000,DL,XP,P03
26,862500,DL,XP,P03
26,865000,DL,XP,P03
26,867500,DL,XP,P03
26,870000,DL,XP,P03
26,872500,DL,XP,P03
26,875000,DL,XP,P03
26,877500,DL,XP,P03
26,880000,DL,XP,P03
26,882500,DL,XP,P03
26,885000,DL,XP,P03
26,887500,DL,XP,P03
26,890000,DL,XP,P03
26,892500,DL,XP,P03
26,895000,DL,XP,P03
26,897500,DL,XP,P03
26,900000,DL,XP,P03
26,902500,DL,XP,P03
26,905000,DL,XP,P03
26,907500,DL,XP,P03
26,910000,DL,XP,P03
26,912500,DL,XP,P03
26,915000,DL,XP,P03
26,917500,DL,XP,P03
26,920000,DL,XP,P03
26,922500,DL,XP,P03
26,980000,DL,XP,P03
26,982500,DL,XP,P03
26,985000,DL,XP,P03
26,987500,DL,XP,P03
26,990000,DL,XP,P03
26,992500,DL,XP,P03
26,995000,DL,XP,P03
26,997500,DL,XP,P03
26,1000000,DL,XP,P03
26,1002500,DL,XP,P03
26,1005000,DL,XP,P03
26,1007500,DL,XP,P03
26,1010000,DL,XP,P03
26,1012500,DL,XP,P03
26,1015000,DL,XP,P03
26,1017500,DL,XP,P03
26,1020000,DL,XP,P03
26,1022500,DL,XP,P03
26,1025000,DL,XP,P03
26,1027500,DL,XP,P03
26,1030000,DL,XP,P03
26,1032500,DL,XP,P03
26,1035000,DL,XP,P03
26,1037500,DL,XP,P03
26,1040000,DL,XP,P03
26,1042500,DL,XP,P03
26,1045000,DL,XP,P03
26,1047500,DL,XP,P03
26,1050000,DL,XP,P03
26,1052500,DL,XP,P03
26,1055000,DL,XP,P03
26,1057500,DL,XP,P03
26,1060000,DL,XP,P03
26,1062500,DL,XP,P03
26,1065000,DL,XP,P03
26,1092500,DL,XP,P03
26,1095000,DL,XP,P03
26,1097500,DL,XP,P03
26,1100000,DL,XP,P03
26,1102500,DL,XP,P03
26,1105000,DL,XP,P03
26,1107500,DL,XP,P03
26,1110000,DL,XP,P03
26,1112500,DL,XP,P03
26,1115000,DL,XP,P03
26,1117500,DL,XP,P03
26,1120000,DL,XP,P03
26,1122500,DL,XP,P03
26,1125000,DL,XP,P03
26,1127500,DL,XP,P03
26,1130000,DL,XP,P03
26,1132500,DL,XP,P03
26,1135000,DL,XP,P03
26,1137500,DL,XP,P03
26,1140000,DL,XP,P03
26,1142500,DL,XP,P03
26,1145000,DL,XP,P03
26,1147500,DL,XP,P03
26,1150000,DL,XP,P03
26,1152500,DL,XP,P03
26,1155000,DL,XP,P03
26,1157500,DL,XP,P03
26,1160000,DL,XP,P03
26,1162500,DL,XP,P03
26,1165000,DL,XP,P03
26,1167500,DL,XP,P03
26,1170000,DL,XP,P03
26,1172500,DL,XP,P03
26,1175000,DL,XP,P03
26,1177500,DL,XP,P03
26,1180000,DL,XP,P03
26,1182500,DL,XP,P03
26,1185000,DL,XP,P03
26,1187500,DL,XP,P03
26,1190000,DL,XP,P03
26,1192500,DL,XP,P03
26,1195000,DL,XP,P03
26,1197500,DL,XP,P03
26,1200000,DL,XP,P03
26,1202500,DL,XP,P03
26,1205000,DL,XP,P03
26,1207500,DL,XP,P03
26,1210000,DL,XP,P03
26,1212500,DL,XP,P03
26,1215000,DL,XP,P03
26,1217500,DL,XP,P03
26,1220000,DL,XP,P03
26,1222500,DL,XP,P03
26,1225000,DL,XP,P03
26,1227500,DL,XP,P03
26,1230000,DL,XP,P03
26,1232500,DL,XP,P03
26,1235000,DL,XP,P03
26,1237500,DL,XP,P03
26,1240000,DL,XP,P03
26,1242500,DL,XP,P03
26,1245000,DL,XP,P03
26,1247500,DL,XP,P03
27,2500,DR,FR,P03
27,5000,DR,FR,P03
27,7500,DR,FR,P03
27,10000,DR,FR,P03
27,12500,DR,FR,P03
27,52500,DR,FR,P03
27,55000,DR,FR,P03
27,70000,DR,FR,P03
27,77500,DR,FR,P03
27,80000,DR,FR,P03
27,82500,DR,FR,P03
27,85000,DR,FR,P03
27,87500,DR,FR,P03
27,90000,DR,FR,P03
27,100000,DR,FR,P03
27,157500,DR,FR,P03
27,192500,DR,FR,P03
27,292500,DR,FR,P03
27,410000,DR,FR,P03
27,412500,DR,FR,P03
27,422500,DR,FR,P03
27,557500,DR,FR,P03
27,705000,DR,FR,P03
27,707500,DR,FR,P03
27,802500,DR,FR,P03
27,805000,DR,FR,P03
27,872500,DR,FR,P03
27,875000,DR,FR,P03
27,877500,DR,FR,P03
27,880000,DR,FR,P03
27,882500,DR,FR,P03
27,885000,DR,FR,P03
27,887500,DR,FR,P03
27,890000,DR,FR,P03
27,892500,DR,FR,P03
27,895000,DR,FR,P03
27,897500,DR,FR,P03
27,900000,DR,FR,P03
27,902500,DR,FR,P03
27,905000,DR,FR,P03
27,907500,DR,FR,P03
27,910000,DR,FR,P03
27,912500,DR,FR,P03
27,915000,DR,FR,P03
27,942500,DR,FR,P03
27,950000,DR,FR,P03
27,962500,DR,FR,P03
27,965000,DR,FR,P03
27,1075000,DR,FR,P03
27,1120000,DR,FR,P03
27,1122500,DR,FR,P03
27,1127500,DR,FR,P03
27,1130000,DR,FR,P03
27,1132500,DR,FR,P03
27,1140000,DR,FR,P03
27,1202500,DR,FR,P03
27,1242500,DR,FR,P03
27,1245000,DR,FR,P03
27,1247500,DR,FR,P03
27,1250000,DR,FR,P03
28,0,DR,LU,P03
28,2500,DR,LU,P03
28,5000,DR,LU,P03
28,7500,DR,LU,P03
28,10000,DR,LU,P03
28,12500,DR,LU,P03
28,15000,DR,LU,P03
28,17500,DR,LU,P03
28,20000,DR,LU,P03
28,22500,DR,LU,P03
28,25000,DR,LU,P03
28,27500,DR,LU,P03
28,30000,DR,LU,P03
28,32500,DR,LU,P03
28,35000,DR,LU,P03
28,37500,DR,LU,P03
28,40000,DR,LU,P03
28,42500,DR,LU,P03
28,45000,DR,LU,P03
28,47500,DR,LU,P03
28,50000,DR,LU,P03
28,52500,DR,LU,P03
28,55000,DR,LU,P03
28,57500,DR,LU,P03
28,60000,DR,LU,P03
28,62500,DR,LU,P03
28,65000,DR,LU,P03
28,67500,DR,LU,P03
28,70000,DR,LU,P03
28,72500,DR,LU,P03
28,75000,DR,LU,P03
28,77500,DR,LU,P03
28,80000,DR,LU,P03
28,82500,DR,LU,P03
28,85000,DR,LU,P03
28,87500,DR,LU,P03
28,90000,DR,LU,P03
28,92500,DR,LU,P03
28,97500,DR,LU,P03
28,100000,DR,LU,P03
28,102500,DR,LU,P03
28,105000,DR,LU,P03
28,107500,DR,LU,P03
28,110000,DR,LU,P03
28,112500,DR,LU,P03
28,115000,DR,LU,P03
28,117500,DR,LU,P03
28,120000,DR,LU,P03
28,122500,DR,LU,P03
28,125000,DR,LU,P03
28,127500,DR,LU,P03
28,130000,DR,LU,P03
28,132500,DR,LU,P03
28,135000,DR,LU,P03
28,137500,DR,LU,P03
28,140000,DR,LU,P03
28,142500,DR,LU,P03
28,145000,DR,LU,P03
28,147500,DR,LU,P03
28,150000,DR,LU,P03
28,152500,DR,LU,P03
28,155000,DR,LU,P03
28,157500,DR,LU,P03
28,160000,DR,LU,P03
28,162500,DR,LU,P03
28,165000,DR,LU,P03
28,167500,DR,LU,P03
28,172500,DR,LU,P03
28,175000,DR,LU,P03
28,177500,DR,LU,P03
28,180000,DR,LU,P03
28,182500,DR,LU,P03
28,185000,DR,LU,P03
28,187500,DR,LU,P03
28,195000,DR,LU,P03
28,197500,DR,LU,P03
28,200000,DR,LU,P03
28,202500,DR,LU,P03
28,205000,DR,LU,P03
28,207500,DR,LU,P03
28,210000,DR,LU,P03
28,212500,DR,LU,P03
28,215000,DR,LU,P03
28,217500,DR,LU,P03
28,220000,DR,LU,P03
28,222500,DR,LU,P03
28,225000,DR,LU,P03
28,227500,DR,LU,P03
28,230000,DR,LU,P03
28,232500,DR,LU,P03
28,235000,DR,LU,P03
28,237500,DR,LU,P03
28,240000,DR,LU,P03
28,242500,DR,LU,P03
28,245000,DR,LU,P03
28,247500,DR,LU,P03
28,250000,DR,LU,P03
28,252500,DR,LU,P03
28,255000,DR,LU,P03
28,257500,DR,LU,P03
28,260000,DR,LU,P03
28,262500,DR,LU,P03
28,265000,DR,LU,P03
28,267500,DR,LU,P03
28,270000,DR,LU,P03
28,272500,DR,LU,P03
28,275000,DR,LU,P03
28,277500,DR,LU,P03
28,280000,DR,LU,P03
28,282500,DR,LU,P03
28,285000,DR,LU,P03
28,287500,DR,LU,P03
28,290000,DR,LU,P03
28,292500,DR,LU,P03
28,295000,DR,LU,P03
28,297500,DR,LU,P03
28,300000,DR,LU,P03
28,302500,DR,LU,P03
28,305000,DR,LU,P03
28,307500,DR,LU,P03
28,310000,DR,LU,P03
28,312500,DR,LU,P03
28,315000,DR,LU,P03
28,317500,DR,LU,P03
28,320000,DR,LU,P03
28,322500,DR,LU,P03
28,325000,DR,LU,P03
28,327500,DR,LU,P03
28,330000,DR,LU,P03
28,332500,DR,LU,P03
28,335000,DR,LU,P03
28,337500,DR,LU,P03
28,340000,DR,LU,P03
28,342500,DR,LU,P03
28,345000,DR,LU,P03
28,347500,DR,LU,P03
28,350000,DR,LU,P03
28,352500,DR,LU,P03
28,355000,DR,LU,P03
28,357500,DR,LU,P03
28,360000,DR,LU,P03
28,362500,DR,LU,P03
28,365000,DR,LU,P03
28,385000,DR,LU,P03
28,387500,DR,LU,P03
28,390000,DR,LU,P03
28,392500,DR,LU,P03
28,395000,DR,LU,P03
28,397500,DR,LU,P03
28,400000,DR,LU,P03
28,402500,DR,LU,P03
28,405000,DR,LU,P03
28,407500,DR,LU,P03
28,417500,DR,LU,P03
28,420000,DR,LU,P03
28,422500,DR,LU,P03
28,425000,DR,LU,P03
28,427500,DR,LU,P03
28,430000,DR,LU,P03
28,432500,DR,LU,P03
28,435000,DR,LU,P03
28,437500,DR,LU,P03
28,440000,DR,LU,P03
28,442500,DR,LU,P03
28,445000,DR,LU,P03
28,447500,DR,LU,P03
28,450000,DR,LU,P03
28,455000,DR,LU,P03
28,457500,DR,LU,P03
28,460000,DR,LU,P03
28,462500,DR,LU,P03
28,465000,DR,LU,P03
28,467500,DR,LU,P03
28,470000,DR,LU,P03
28,472500,DR,LU,P03
28,475000,DR,LU,P03
28,477500,DR,LU,P03
28,480000,DR,LU,P03
28,482500,DR,LU,P03
28,485000,DR,LU,P03
28,487500,DR,LU,P03
28,490000,DR,LU,P03
28,492500,DR,LU,P03
28,495000,DR,LU,P03
28,497500,DR,LU,P03
28,500000,DR,LU,P03
28,502500,DR,LU,P03
28,505000,DR,LU,P03
28,507500,DR,LU,P03
28,510000,DR,LU,P03
28,512500,DR,LU,P03
28,515000,DR,LU,P03
28,517500,DR,LU,P03
28,520000,DR,LU,P03
28,522500,DR,LU,P03
28,525000,DR,LU,P03
28,527500,DR,LU,P03
28,530000,DR,LU,P03
28,532500,DR,LU,P03
28,535000,DR,LU,P03
28,537500,DR,LU,P03
28,540000,DR,LU,P03
28,542500,DR,LU,P03
28,570000,DR,LU,P03
28,615000,DR,LU,P03
28,630000,DR,LU,P03
28,632500,DR,LU,P03
28,635000,DR,LU,P03
28,637500,DR,LU,P03
28,640000,DR,LU,P03
28,642500,DR,LU,P03
28,645000,DR,LU,P03
28,647500,DR,LU,P03
28,650000,DR,LU,P03
28,652500,DR,LU,P03
28,655000,DR,LU,P03
28,657500,DR,LU,P03
28,660000,DR,LU,P03
28,662500,DR,LU,P03
28,665000,DR,LU,P03
28,667500,DR,LU,P03
28,670000,DR,LU,P03
28,672500,DR,LU,P03
28,675000,DR,LU,P03
28,677500,DR,LU,P03
28,680000,DR,LU,P03
28,682500,DR,LU,P03
28,685000,DR,LU,P03
28,687500,DR,LU,P03
28,702500,DR,LU,P03
28,705000,DR,LU,P03
28,707500,DR,LU,P03
28,710000,DR,LU,P03
28,712500,DR,LU,P03
28,715000,DR,LU,P03
28,717500,DR,LU,P03
28,720000,DR,LU,P03
28,722500,DR,LU,P03
28,725000,DR,LU,P03
28,730000,DR,LU,P03
28,752500,DR,LU,P03
28,757500,DR,LU,P03
28,760000,DR,LU,P03
28,762500,DR,LU,P03
28,765000,DR,LU,P03
28,767500,DR,LU,P03
28,770000,DR,LU,P03
28,772500,DR,LU,P03
28,775000,DR,LU,P03
28,777500,DR,LU,P03
28,780000,DR,LU,P03
28,782500,DR,LU,P03
28,785000,DR,LU,P03
28,787500,DR,LU,P03
28,790000,DR,LU,P03
28,792500,DR,LU,P03
28,795000,DR,LU,P03
28,797500,DR,LU,P03
28,800000,DR,LU,P03
28,802500,DR,LU,P03
28,805000,DR,LU,P03
28,810000,DR,LU,P03
28,812500,DR,LU,P03
28,815000,DR,LU,P03
28,817500,DR,LU,P03
28,820000,DR,LU,P03
28,827500,DR,LU,P03
28,835000,DR,LU,P03
28,837500,DR,LU,P03
28,840000,DR,LU,P03
28,845000,DR,LU,P03
28,847500,DR,LU,P03
28,865000,DR,LU,P03
28,867500,DR,LU,P03
28,877500,DR,LU,P03
28,880000,DR,LU,P03
28,882500,DR,LU,P03
28,885000,DR,LU,P03
28,887500,DR,LU,P03
28,890000,DR,LU,P03
28,892500,DR,LU,P03
28,895000,DR,LU,P03
28,897500,DR,LU,P03
28,900000,DR,LU,P03
28,902500,DR,LU,P03
28,905000,DR,LU,P03
28,907500,DR,LU,P03
28,910000,DR,LU,P03
28,912500,DR,LU,P03
28,915000,DR,LU,P03
28,917500,DR,LU,P03
28,920000,DR,LU,P03
28,922500,DR,LU,P03
28,930000,DR,LU,P03
28,937500,DR,LU,P03
28,942500,DR,LU,P03
28,945000,DR,LU,P03
28,947500,DR,LU,P03
28,950000,DR,LU,P03
28,952500,DR,LU,P03
28,955000,DR,LU,P03
28,957500,DR,LU,P03
28,960000,DR,LU,P03
28,962500,DR,LU,P03
28,965000,DR,LU,P03
28,967500,DR,LU,P03
28,970000,DR,LU,P03
28,972500,DR,LU,P03
28,975000,DR,LU,P03
28,977500,DR,LU,P03
28,980000,DR,LU,P03
28,982500,DR,LU,P03
28,985000,DR,LU,P03
28,987500,DR,LU,P03
28,990000,DR,LU,P03
28,992500,DR,LU,P03
28,995000,DR,LU,P03
28,997500,DR,LU,P03
28,1000000,DR,LU,P03
28,1002500,DR,LU,P03
28,1005000,DR,LU,P03
28,1007500,DR,LU,P03
28,1010000,DR,LU,P03
28,1012500,DR,LU,P03
28,1015000,DR,LU,P03
28,1017500,DR,LU,P03
28,1020000,DR,LU,P03
28,1022500,DR,LU,P03
28,1025000,DR,LU,P03
28,1027500,DR,LU,P03
28,1030000,DR,LU,P03
28,1035000,DR,LU,P03
28,1037500,DR,LU,P03
28,1040000,DR,LU,P03
28,1042500,DR,LU,P03
28,1045000,DR,LU,P03
28,1047500,DR,LU,P03
28,1050000,DR,LU,P03
28,1065000,DR,LU,P03
28,1067500,DR,LU,P03
28,1070000,DR,LU,P03
28,1072500,DR,LU,P03
28,1077500,DR,LU,P03
28,1080000,DR,LU,P03
28,1082500,DR,LU,P03
28,1085000,DR,LU,P03
28,1087500,DR,LU,P03
28,1090000,DR,LU,P03
28,1092500,DR,LU,P03
28,1095000,DR,LU,P03
28,1097500,DR,LU,P03
28,1100000,DR,LU,P03
28,1102500,DR,LU,P03
28,1105000,DR,LU,P03
28,1107500,DR,LU,P03
28,1110000,DR,LU,P03
28,1112500,DR,LU,P03
28,1115000,DR,LU,P03
28,1117500,DR,LU,P03
28,1120000,DR,LU,P03
28,1122500,DR,LU,P03
28,1125000,DR,LU,P03
28,1127500,DR,LU,P03
28,1130000,DR,LU,P03
28,1132500,DR,LU,P03
28,1135000,DR,LU,P03
28,1137500,DR,LU,P03
28,1140000,DR,LU,P03
28,1142500,DR,LU,P03
28,1145000,DR,LU,P03
28,1147500,DR,LU,P03
28,1150000,DR,LU,P03
28,1152500,DR,LU,P03
28,1155000,DR,LU,P03
28,1157500,DR,LU,P03
28,1160000,DR,LU,P03
28,1162500,DR,LU,P03
28,1165000,DR,LU,P03
28,1167500,DR,LU,P03
28,1170000,DR,LU,P03
28,1172500,DR,LU,P03
28,1175000,DR,LU,P03
28,1177500,DR,LU,P03
28,1180000,DR,LU,P03
28,1182500,DR,LU,P03
28,1185000,DR,LU,P03
28,1187500,DR,LU,P03
28,1190000,DR,LU,P03
28,1192500,DR,LU,P03
28,1195000,DR,LU,P03
28,1197500,DR,LU,P03
28,1200000,DR,LU,P03
28,1202500,DR,LU,P03
28,1205000,DR,LU,P03
28,1207500,DR,LU,P03
28,1210000,DR,LU,P03
28,1212500,DR,LU,P03
28,1215000,DR,LU,P03
28,1217500,DR,LU,P03
28,1220000,DR,LU,P03
28,1222500,DR,LU,P03
28,1225000,DR,LU,P03
28,1227500,DR,LU,P03
28,1230000,DR,LU,P03
28,1232500,DR,LU,P03
28,1235000,DR,LU,P03
28,1237500,DR,LU,P03
28,1240000,DR,LU,P03
28,1242500,DR,LU,P03
28,1245000,DR,LU,P03
28,1247500,DR,LU,P03
28,1250000,DR,LU,P03
28,1252500,DR,LU,P03
29,0,DR,XP,P03
29,2500,DR,XP,P03
29,5000,DR,XP,P03
29,7500,DR,XP,P03
29,10000,DR,XP,P03
29,12500,DR,XP,P03
29,17500,DR,XP,P03
29,25000,DR,XP,P03
29,32500,DR,XP,P03
29,35000,DR,XP,P03
29,37500,DR,XP,P03
29,40000,DR,XP,P03
29,42500,DR,XP,P03
29,45000,DR,XP,P03
29,47500,DR,XP,P03
29,50000,DR,XP,P03
29,52500,DR,XP,P03
29,67500,DR,XP,P03
29,70000,DR,XP,P03
29,72500,DR,XP,P03
29,75000,DR,XP,P03
29,77500,DR,XP,P03
29,80000,DR,XP,P03
29,87500,DR,XP,P03
29,95000,DR,XP,P03
29,102500,DR,XP,P03
29,110000,DR,XP,P03
29,112500,DR,XP,P03
29,115000,DR,XP,P03
29,117500,DR,XP,P03
29,120000,DR,XP,P03
29,122500,DR,XP,P03
29,125000,DR,XP,P03
29,127500,DR,XP,P03
29,130000,DR,XP,P03
29,132500,DR,XP,P03
29,137500,DR,XP,P03
29,140000,DR,XP,P03
29,145000,DR,XP,P03
29,147500,DR,XP,P03
29,150000,DR,XP,P03
29,152500,DR,XP,P03
29,155000,DR,XP,P03
29,157500,DR,XP,P03
29,160000,DR,XP,P03
29,162500,DR,XP,P03
29,165000,DR,XP,P03
29,167500,DR,XP,P03
29,170000,DR,XP,P03
29,172500,DR,XP,P03
29,175000,DR,XP,P03
29,177500,DR,XP,P03
29,180000,DR,XP,P03
29,182500,DR,XP,P03
29,185000,DR,XP,P03
29,187500,DR,XP,P03
29,190000,DR,XP,P03
29,192500,DR,XP,P03
29,195000,DR,XP,P03
29,197500,DR,XP,P03
29,217500,DR,XP,P03
29,220000,DR,XP,P03
29,222500,DR,XP,P03
29,225000,DR,XP,P03
29,252500,DR,XP,P03
29,255000,DR,XP,P03
29,257500,DR,XP,P03
29,260000,DR,XP,P03
29,262500,DR,XP,P03
29,265000,DR,XP,P03
29,292500,DR,XP,P03
29,295000,DR,XP,P03
29,297500,DR,XP,P03
29,300000,DR,XP,P03
29,302500,DR,XP,P03
29,305000,DR,XP,P03
29,307500,DR,XP,P03
29,362500,DR,XP,P03
29,365000,DR,XP,P03
29,367500,DR,XP,P03
29,370000,DR,XP,P03
29,375000,DR,XP,P03
29,377500,DR,XP,P03
29,457500,DR,XP,P03
29,460000,DR,XP,P03
29,462500,DR,XP,P03
29,465000,DR,XP,P03
29,470000,DR,XP,P03
29,807500,DR,XP,P03
29,810000,DR,XP,P03
29,812500,DR,XP,P03
29,815000,DR,XP,P03
29,817500,DR,XP,P03
29,820000,DR,XP,P03
29,822500,DR,XP,P03
29,825000,DR,XP,P03
29,827500,DR,XP,P03
29,830000,DR,XP,P03
29,832500,DR,XP,P03
29,842500,DR,XP,P03
29,845000,DR,XP,P03
29,847500,DR,XP,P03
29,850000,DR,XP,P03
29,852500,DR,XP,P03
29,855000,DR,XP,P03
29,857500,DR,XP,P03
29,860000,DR,XP,P03
29,862500,DR,XP,P03
29,865000,DR,XP,P03
29,870000,DR,XP,P03
29,872500,DR,XP,P03
29,875000,DR,XP,P03
29,877500,DR,XP,P03
29,880000,DR,XP,P03
29,882500,DR,XP,P03
29,885000,DR,XP,P03
29,887500,DR,XP,P03
29,890000,DR,XP,P03
29,892500,DR,XP,P03
29,895000,DR,XP,P03
29,897500,DR,XP,P03
29,900000,DR,XP,P03
29,910000,DR,XP,P03
29,917500,DR,XP,P03
29,920000,DR,XP,P03
29,922500,DR,XP,P03
29,925000,DR,XP,P03
29,927500,DR,XP,P03
29,932500,DR,XP,P03
29,935000,DR,XP,P03
29,937500,DR,XP,P03
29,940000,DR,XP,P03
29,942500,DR,XP,P03
29,945000,DR,XP,P03
29,947500,DR,XP,P03
29,950000,DR,XP,P03
29,952500,DR,XP,P03
29,955000,DR,XP,P03
29,957500,DR,XP,P03
29,960000,DR,XP,P03
29,962500,DR,XP,P03
29,965000,DR,XP,P03
29,967500,DR,XP,P03
29,970000,DR,XP,P03
29,972500,DR,XP,P03
29,975000,DR,XP,P03
29,977500,DR,XP,P03
29,980000,DR,XP,P03
29,982500,DR,XP,P03
29,985000,DR,XP,P03
29,987500,DR,XP,P03
29,990000,DR,XP,P03
29,992500,DR,XP,P03
29,995000,DR,XP,P03
29,997500,DR,XP,P03
29,1000000,DR,XP,P03
29,1002500,DR,XP,P03
29,1005000,DR,XP,P03
29,1007500,DR,XP,P03
29,1010000,DR,XP,P03
29,1012500,DR,XP,P03
29,1015000,DR,XP,P03
29,1017500,DR,XP,P03
29,1020000,DR,XP,P03
29,1022500,DR,XP,P03
29,1025000,DR,XP,P03
29,1027500,DR,XP,P03
29,1030000,DR,XP,P03
29,1032500,DR,XP,P03
29,1035000,DR,XP,P03
29,1037500,DR,XP,P03
29,1040000,DR,XP,P03
29,1042500,DR,XP,P03
29,1045000,DR,XP,P03
29,1047500,DR,XP,P03
29,1050000,DR,XP,P03
29,1052500,DR,XP,P03
29,1055000,DR,XP,P03
29,1057500,DR,XP,P03
29,1060000,DR,XP,P03
29,1062500,DR,XP,P03
29,1065000,DR,XP,P03
29,1067500,DR,XP,P03
29,1070000,DR,XP,P03
29,1072500,DR,XP,P03
29,1075000,DR,XP,P03
29,1077500,DR,XP,P03
29,1082500,DR,XP,P03
29,1085000,DR,XP,P03
29,1087500,DR,XP,P03
29,1090000,DR,XP,P03
29,1092500,DR,XP,P03
29,1095000,DR,XP,P03
29,1097500,DR,XP,P03
29,1100000,DR,XP,P03
29,1102500,DR,XP,P03
29,1105000,DR,XP,P03
29,1107500,DR,XP,P03
29,1110000,DR,XP,P03
29,1112500,DR,XP,P03
29,1115000,DR,XP,P03
29,1117500,DR,XP,P03
29,1122500,DR,XP,P03
29,1130000,DR,XP,P03
29,1132500,DR,XP,P03
29,1135000,DR,XP,P03
29,1137500,DR,XP,P03
29,1140000,DR,XP,P03
29,1142500,DR,XP,P03
29,1145000,DR,XP,P03
29,1147500,DR,XP,P03
29,1150000,DR,XP,P03
29,1152500,DR,XP,P03
29,1155000,DR,XP,P03
29,1157500,DR,XP,P03
29,1160000,DR,XP,P03
29,1162500,DR,XP,P03
29,1165000,DR,XP,P03
29,1167500,DR,XP,P03
29,1170000,DR,XP,P03
29,1172500,DR,XP,P03
29,1175000,DR,XP,P03
29,1177500,DR,XP,P03
29,1180000,DR,XP,P03
29,1182500,DR,XP,P03
29,1185000,DR,XP,P03
29,1187500,DR,XP,P03
29,1190000,DR,XP,P03
29,1192500,DR,XP,P03
29,1195000,DR,XP,P03
29,1197500,DR,XP,P03
29,1200000,DR,XP,P03
29,1202500,DR,XP,P03
29,1205000,DR,XP,P03
29,1207500,DR,XP,P03
29,1210000,DR,XP,P03
29,1212500,DR,XP,P03
29,1215000,DR,XP,P03
29,1217500,DR,XP,P03
29,1220000,DR,XP,P03
29,1222500,DR,XP,P03
29,1225000,DR,XP,P03
29,1227500,DR,XP,P03
29,1230000,DR,XP,P03
29,1232500,DR,XP,P03
29,1235000,DR,XP,P03
29,1237500,DR,XP,P03
29,1240000,DR,XP,P03
29,1242500,DR,XP,P03
29,1245000,DR,XP,P03
29,1247500,DR,XP,P03
29,1250000,DR,XP,P03
29,1252500,DR,XP,P03
30,10000,UL,FR,P03
30,12500,UL,FR,P03
30,15000,UL,FR,P03
30,17500,UL,FR,P03
30,20000,UL,FR,P03
30,22500,UL,FR,P03
30,25000,UL,FR,P03
30,27500,UL,FR,P03
30,30000,UL,FR,P03
30,32500,UL,FR,P03
30,35000,UL,FR,P03
30,37500,UL,FR,P03
30,40000,UL,FR,P03
30,42500,UL,FR,P03
30,45000,UL,FR,P03
30,47500,UL,FR,P03
30,70000,UL,FR,P03
30,75000,UL,FR,P03
30,77500,UL,FR,P03
30,80000,UL,FR,P03
30,82500,UL,FR,P03
30,85000,UL,FR,P03
30,87500,UL,FR,P03
30,90000,UL,FR,P03
30,92500,UL,FR,P03
30,95000,UL,FR,P03
30,100000,UL,FR,P03
30,102500,UL,FR,P03
30,105000,UL,FR,P03
30,175000,UL,FR,P03
30,177500,UL,FR,P03
30,232500,UL,FR,P03
30,242500,UL,FR,P03
30,245000,UL,FR,P03
30,247500,UL,FR,P03
30,250000,UL,FR,P03
30,520000,UL,FR,P03
30,645000,UL,FR,P03
30,647500,UL,FR,P03
30,650000,UL,FR,P03
30,652500,UL,FR,P03
30,852500,UL,FR,P03
30,880000,UL,FR,P03
30,882500,UL,FR,P03
30,962500,UL,FR,P03
30,965000,UL,FR,P03
30,1030000,UL,FR,P03
30,1032500,UL,FR,P03
30,1035000,UL,FR,P03
30,1037500,UL,FR,P03
30,1040000,UL,FR,P03
30,1045000,UL,FR,P03
30,1072500,UL,FR,P03
30,1080000,UL,FR,P03
30,1082500,UL,FR,P03
30,1085000,UL,FR,P03
30,1097500,UL,FR,P03
30,1100000,UL,FR,P03
30,1102500,UL,FR,P03
30,1105000,UL,FR,P03
30,1107500,UL,FR,P03
30,1110000,UL,FR,P03
30,1112500,UL,FR,P03
30,1117500,UL,FR,P03
30,1120000,UL,FR,P03
30,1122500,UL,FR,P03
30,1125000,UL,FR,P03
30,1127500,UL,FR,P03
30,1130000,UL,FR,P03
30,1132500,UL,FR,P03
30,1135000,UL,FR,P03
30,1137500,UL,FR,P03
30,1140000,UL,FR,P03
30,1150000,UL,FR,P03
30,1160000,UL,FR,P03
30,1182500,UL,FR,P03
30,1185000,UL,FR,P03
30,1187500,UL,FR,P03
30,1190000,UL,FR,P03
30,1192500,UL,FR,P03
30,1195000,UL,FR,P03
30,1197500,UL,FR,P03
30,1200000,UL,FR,P03
30,1202500,UL,FR,P03
30,1205000,UL,FR,P03
30,1207500,UL,FR,P03
30,1210000,UL,FR,P03
30,1212500,UL,FR,P03
30,1215000,UL,FR,P03
30,1217500,UL,FR,P03
30,1220000,UL,FR,P03
30,1222500,UL,FR,P03
30,1225000,UL,FR,P03
30,1240000,UL,FR,P03
30,1242500,UL,FR,P03
30,1245000,UL,FR,P03
30,1247500,UL,FR,P03
30,1250000,UL,FR,P03
30,1252500,UL,FR,P03
31,7500,UL,LU,P03
31,10000,UL,LU,P03
31,12500,UL,LU,P03
31,30000,UL,LU,P03
31,32500,UL,LU,P03
31,35000,UL,LU,P03
31,37500,UL,LU,P03
31,40000,UL,LU,P03
31,47500,UL,LU,P03
31,50000,UL,LU,P03
31,52500,UL,LU,P03
31,55000,UL,LU,P03
31,57500,UL,LU,P03
31,60000,UL,LU,P03
31,62500,UL,LU,P03
31,67500,UL,LU,P03
31,70000,UL,LU,P03
31,77500,UL,LU,P03
31,80000,UL,LU,P03
31,82500,UL,LU,P03
31,87500,UL,LU,P03
31,152500,UL,LU,P03
31,155000,UL,LU,P03
31,162500,UL,LU,P03
31,172500,UL,LU,P03
31,192500,UL,LU,P03
31,195000,UL,LU,P03
31,197500,UL,LU,P03
31,200000,UL,LU,P03
31,202500,UL,LU,P03
31,205000,UL,LU,P03
31,207500,UL,LU,P03
31,210000,UL,LU,P03
31,212500,UL,LU,P03
31,215000,UL,LU,P03
31,217500,UL,LU,P03
31,220000,UL,LU,P03
31,222500,UL,LU,P03
31,225000,UL,LU,P03
31,252500,UL,LU,P03
31,255000,UL,LU,P03
31,257500,UL,LU,P03
31,260000,UL,LU,P03
31,262500,UL,LU,P03
31,265000,UL,LU,P03
31,277500,UL,LU,P03
31,280000,UL,LU,P03
31,282500,UL,LU,P03
31,285000,UL,LU,P03
31,287500,UL,LU,P03
31,290000,UL,LU,P03
31,292500,UL,LU,P03
31,295000,UL,LU,P03
31,297500,UL,LU,P03
31,300000,UL,LU,P03
31,302500,UL,LU,P03
31,305000,UL,LU,P03
31,307500,UL,LU,P03
31,310000,UL,LU,P03
31,312500,UL,LU,P03
31,315000,UL,LU,P03
31,317500,UL,LU,P03
31,320000,UL,LU,P03
31,322500,UL,LU,P03
31,325000,UL,LU,P03
31,327500,UL,LU,P03
31,330000,UL,LU,P03
31,332500,UL,LU,P03
31,335000,UL,LU,P03
31,337500,UL,LU,P03
31,340000,UL,LU,P03
31,342500,UL,LU,P03
31,347500,UL,LU,P03
31,350000,UL,LU,P03
31,357500,UL,LU,P03
31,362500,UL,LU,P03
31,365000,UL,LU,P03
31,367500,UL,LU,P03
31,370000,UL,LU,P03
31,372500,UL,LU,P03
31,375000,UL,LU,P03
31,377500,UL,LU,P03
31,380000,UL,LU,P03
31,382500,UL,LU,P03
31,385000,UL,LU,P03
31,387500,UL,LU,P03
31,390000,UL,LU,P03
31,392500,UL,LU,P03
31,395000,UL,LU,P03
31,397500,UL,LU,P03
31,400000,UL,LU,P03
31,402500,UL,LU,P03
31,405000,UL,LU,P03
31,407500,UL,LU,P03
31,410000,UL,LU,P03
31,422500,UL,LU,P03
31,425000,UL,LU,P03
31,427500,UL,LU,P03
31,437500,UL,LU,P03
31,445000,UL,LU,P03
31,447500,UL,LU,P03
31,450000,UL,LU,P03
31,452500,UL,LU,P03
31,455000,UL,LU,P03
31,457500,UL,LU,P03
31,460000,UL,LU,P03
31,462500,UL,LU,P03
31,465000,UL,LU,P03
31,467500,UL,LU,P03
31,470000,UL,LU,P03
31,477500,UL,LU,P03
31,480000,UL,LU,P03
31,482500,UL,LU,P03
31,485000,UL,LU,P03
31,487500,UL,LU,P03
31,490000,UL,LU,P03
31,492500,UL,LU,P03
31,495000,UL,LU,P03
31,497500,UL,LU,P03
31,500000,UL,LU,P03
31,502500,UL,LU,P03
31,505000,UL,LU,P03
31,507500,UL,LU,P03
31,510000,UL,LU,P03
31,512500,UL,LU,P03
31,515000,UL,LU,P03
31,517500,UL,LU,P03
31,520000,UL,LU,P03
31,522500,UL,LU,P03
31,525000,UL,LU,P03
31,527500,UL,LU,P03
31,530000,UL,LU,P03
31,532500,UL,LU,P03
31,535000,UL,LU,P03
31,537500,UL,LU,P03
31,540000,UL,LU,P03
31,542500,UL,LU,P03
31,545000,UL,LU,P03
31,547500,UL,LU,P03
31,550000,UL,LU,P03
31,552500,UL,LU,P03
31,555000,UL,LU,P03
31,557500,UL,LU,P03
31,560000,UL,LU,P03
31,562500,UL,LU,P03
31,565000,UL,LU,P03
31,567500,UL,LU,P03
31,570000,UL,LU,P03
31,572500,UL,LU,P03
31,577500,UL,LU,P03
31,580000,UL,LU,P03
31,582500,UL,LU,P03
31,585000,UL,LU,P03
31,587500,UL,LU,P03
31,590000,UL,LU,P03
31,592500,UL,LU,P03
31,595000,UL,LU,P03
31,597500,UL,LU,P03
31,600000,UL,LU,P03
31,602500,UL,LU,P03
31,605000,UL,LU,P03
31,607500,UL,LU,P03
31,610000,UL,LU,P03
31,612500,UL,LU,P03
31,615000,UL,LU,P03
31,617500,UL,LU,P03
31,620000,UL,LU,P03
31,622500,UL,LU,P03
31,625000,UL,LU,P03
31,627500,UL,LU,P03
31,630000,UL,LU,P03
31,632500,UL,LU,P03
31,635000,UL,LU,P03
31,637500,UL,LU,P03
31,640000,UL,LU,P03
31,642500,UL,LU,P03
31,657500,UL,LU,P03
31,660000,UL,LU,P03
31,662500,UL,LU,P03
31,665000,UL,LU,P03
31,667500,UL,LU,P03
31,670000,UL,LU,P03
31,672500,UL,LU,P03
31,675000,UL,LU,P03
31,677500,UL,LU,P03
31,680000,UL,LU,P03
31,682500,UL,LU,P03
31,685000,UL,LU,P03
31,687500,UL,LU,P03
31,690000,UL,LU,P03
31,692500,UL,LU,P03
31,695000,UL,LU,P03
31,697500,UL,LU,P03
31,700000,UL,LU,P03
31,702500,UL,LU,P03
31,707500,UL,LU,P03
31,710000,UL,LU,P03
31,712500,UL,LU,P03
31,717500,UL,LU,P03
31,720000,UL,LU,P03
31,722500,UL,LU,P03
31,725000,UL,LU,P03
31,727500,UL,LU,P03
31,730000,UL,LU,P03
31,732500,UL,LU,P03
31,735000,UL,LU,P03
31,737500,UL,LU,P03
31,740000,UL,LU,P03
31,742500,UL,LU,P03
31,745000,UL,LU,P03
31,747500,UL,LU,P03
31,750000,UL,LU,P03
31,752500,UL,LU,P03
31,755000,UL,LU,P03
31,757500,UL,LU,P03
31,762500,UL,LU,P03
31,767500,UL,LU,P03
31,770000,UL,LU,P03
31,772500,UL,LU,P03
31,775000,UL,LU,P03
31,777500,UL,LU,P03
31,780000,UL,LU,P03
31,782500,UL,LU,P03
31,785000,UL,LU,P03
31,787500,UL,LU,P03
31,790000,UL,LU,P03
31,792500,UL,LU,P03
31,795000,UL,LU,P03
31,797500,UL,LU,P03
31,800000,UL,LU,P03
31,802500,UL,LU,P03
31,805000,UL,LU,P03
31,807500,UL,LU,P03
31,810000,UL,LU,P03
31,812500,UL,LU,P03
31,815000,UL,LU,P03
31,817500,UL,LU,P03
31,820000,UL,LU,P03
31,822500,UL,LU,P03
31,825000,UL,LU,P03
31,827500,UL,LU,P03
31,830000,UL,LU,P03
31,832500,UL,LU,P03
31,835000,UL,LU,P03
31,837500,UL,LU,P03
31,840000,UL,LU,P03
31,842500,UL,LU,P03
31,845000,UL,LU,P03
31,847500,UL,LU,P03
31,850000,UL,LU,P03
31,852500,UL,LU,P03
31,855000,UL,LU,P03
31,857500,UL,LU,P03
31,860000,UL,LU,P03
31,862500,UL,LU,P03
31,865000,UL,LU,P03
31,867500,UL,LU,P03
31,870000,UL,LU,P03
31,872500,UL,LU,P03
31,920000,UL,LU,P03
31,922500,UL,LU,P03
31,925000,UL,LU,P03
31,927500,UL,LU,P03
31,930000,UL,LU,P03
31,932500,UL,LU,P03
31,935000,UL,LU,P03
31,937500,UL,LU,P03
31,940000,UL,LU,P03
31,942500,UL,LU,P03
31,945000,UL,LU,P03
31,947500,UL,LU,P03
31,960000,UL,LU,P03
31,965000,UL,LU,P03
31,967500,UL,LU,P03
31,970000,UL,LU,P03
31,972500,UL,LU,P03
31,975000,UL,LU,P03
31,977500,UL,LU,P03
31,980000,UL,LU,P03
31,982500,UL,LU,P03
31,985000,UL,LU,P03
31,987500,UL,LU,P03
31,990000,UL,LU,P03
31,992500,UL,LU,P03
31,995000,UL,LU,P03
31,997500,UL,LU,P03
31,1000000,UL,LU,P03
31,1002500,UL,LU,P03
31,1005000,UL,LU,P03
31,1007500,UL,LU,P03
31,1010000,UL,LU,P03
31,1012500,UL,LU,P03
31,1020000,UL,LU,P03
31,1027500,UL,LU,P03
31,1035000,UL,LU,P03
31,1040000,UL,LU,P03
31,1047500,UL,LU,P03
31,1052500,UL,LU,P03
31,1055000,UL,LU,P03
31,1057500,UL,LU,P03
31,1060000,UL,LU,P03
31,1062500,UL,LU,P03
31,1065000,UL,LU,P03
31,1067500,UL,LU,P03
31,1070000,UL,LU,P03
31,1072500,UL,LU,P03
31,1082500,UL,LU,P03
31,1085000,UL,LU,P03
31,1087500,UL,LU,P03
31,1090000,UL,LU,P03
31,1092500,UL,LU,P03
31,1120000,UL,LU,P03
31,1122500,UL,LU,P03
31,1125000,UL,LU,P03
31,1127500,UL,LU,P03
31,1130000,UL,LU,P03
31,1132500,UL,LU,P03
31,1140000,UL,LU,P03
31,1187500,UL,LU,P03
31,1190000,UL,LU,P03
31,1192500,UL,LU,P03
31,1195000,UL,LU,P03
31,1197500,UL,LU,P03
31,1200000,UL,LU,P03
31,1202500,UL,LU,P03
31,1227500,UL,LU,P03
31,1230000,UL,LU,P03
31,1232500,UL,LU,P03
31,1235000,UL,LU,P03
31,1237500,UL,LU,P03
31,1240000,UL,LU,P03
31,1242500,UL,LU,P03
31,1245000,UL,LU,P03
31,1247500,UL,LU,P03
31,1250000,UL,LU,P03
32,0,UL,XP,P03
32,5000,UL,XP,P03
32,10000,UL,XP,P03
32,15000,UL,XP,P03
32,27500,UL,XP,P03
32,42500,UL,XP,P03
32,45000,UL,XP,P03
32,67500,UL,XP,P03
32,70000,UL,XP,P03
32,77500,UL,XP,P03
32,80000,UL,XP,P03
32,82500,UL,XP,P03
32,87500,UL,XP,P03
32,92500,UL,XP,P03
32,100000,UL,XP,P03
32,102500,UL,XP,P03
32,105000,UL,XP,P03
32,120000,UL,XP,P03
32,160000,UL,XP,P03
32,192500,UL,XP,P03
32,195000,UL,XP,P03
32,217500,UL,XP,P03
32,227500,UL,XP,P03
32,257500,UL,XP,P03
32,260000,UL,XP,P03
32,262500,UL,XP,P03
32,270000,UL,XP,P03
32,272500,UL,XP,P03
32,275000,UL,XP,P03
32,285000,UL,XP,P03
32,287500,UL,XP,P03
32,290000,UL,XP,P03
32,292500,UL,XP,P03
32,295000,UL,XP,P03
32,297500,UL,XP,P03
32,300000,UL,XP,P03
32,302500,UL,XP,P03
32,307500,UL,XP,P03
32,312500,UL,XP,P03
32,315000,UL,XP,P03
32,317500,UL,XP,P03
32,322500,UL,XP,P03
32,337500,UL,XP,P03
32,347500,UL,XP,P03
32,350000,UL,XP,P03
32,352500,UL,XP,P03
32,372500,UL,XP,P03
32,375000,UL,XP,P03
32,377500,UL,XP,P03
32,380000,UL,XP,P03
32,382500,UL,XP,P03
32,385000,UL,XP,P03
32,387500,UL,XP,P03
32,390000,UL,XP,P03
32,392500,UL,XP,P03
32,395000,UL,XP,P03
32,397500,UL,XP,P03
32,400000,UL,XP,P03
32,435000,UL,XP,P03
32,437500,UL,XP,P03
32,445000,UL,XP,P03
32,447500,UL,XP,P03
32,450000,UL,XP,P03
32,545000,UL,XP,P03
32,567500,UL,XP,P03
32,602500,UL,XP,P03
32,605000,UL,XP,P03
32,607500,UL,XP,P03
32,610000,UL,XP,P03
32,612500,UL,XP,P03
32,615000,UL,XP,P03
32,617500,UL,XP,P03
32,620000,UL,XP,P03
32,622500,UL,XP,P03
32,625000,UL,XP,P03
32,627500,UL,XP,P03
32,630000,UL,XP,P03
32,632500,UL,XP,P03
32,662500,UL,XP,P03
32,677500,UL,XP,P03
32,680000,UL,XP,P03
32,682500,UL,XP,P03
32,685000,UL,XP,P03
32,725000,UL,XP,P03
32,755000,UL,XP,P03
32,757500,UL,XP,P03
32,797500,UL,XP,P03
32,875000,UL,XP,P03
32,877500,UL,XP,P03
32,925000,UL,XP,P03
32,927500,UL,XP,P03
32,930000,UL,XP,P03
32,932500,UL,XP,P03
32,940000,UL,XP,P03
32,962500,UL,XP,P03
32,980000,UL,XP,P03
32,992500,UL,XP,P03
32,997500,UL,XP,P03
32,1017500,UL,XP,P03
32,1020000,UL,XP,P03
32,1022500,UL,XP,P03
32,1025000,UL,XP,P03
32,1027500,UL,XP,P03
32,1030000,UL,XP,P03
32,1032500,UL,XP,P03
32,1035000,UL,XP,P03
32,1037500,UL,XP,P03
32,1040000,UL,XP,P03
32,1042500,UL,XP,P03
32,1045000,UL,XP,P03
32,1047500,UL,XP,P03
32,1050000,UL,XP,P03
32,1095000,UL,XP,P03
32,1097500,UL,XP,P03
32,1100000,UL,XP,P03
32,1102500,UL,XP,P03
32,1105000,UL,XP,P03
32,1107500,UL,XP,P03
32,1110000,UL,XP,P03
32,1112500,UL,XP,P03
32,1115000,UL,XP,P03
32,1117500,UL,XP,P03
32,1120000,UL,XP,P03
32,1122500,UL,XP,P03
32,1125000,UL,XP,P03
32,1127500,UL,XP,P03
32,1130000,UL,XP,P03
32,1132500,UL,XP,P03
32,1135000,UL,XP,P03
32,1140000,UL,XP,P03
32,1147500,UL,XP,P03
32,1150000,UL,XP,P03
32,1152500,UL,XP,P03
32,1155000,UL,XP,P03
32,1157500,UL,XP,P03
32,1160000,UL,XP,P03
32,1162500,UL,XP,P03
32,1165000,UL,XP,P03
32,1167500,UL,XP,P03
32,1170000,UL,XP,P03
32,1172500,UL,XP,P03
32,1175000,UL,XP,P03
32,1177500,UL,XP,P03
32,1180000,UL,XP,P03
32,1190000,UL,XP,P03
32,1195000,UL,XP,P03
32,1197500,UL,XP,P03
32,1200000,UL,XP,P03
32,1202500,UL,XP,P03
32,1205000,UL,XP,P03
32,1207500,UL,XP,P03
32,1210000,UL,XP,P03
32,1212500,UL,XP,P03
32,1215000,UL,XP,P03
32,1217500,UL,XP,P03
32,1220000,UL,XP,P03
32,1222500,UL,XP,P03
32,1225000,UL,XP,P03
32,1227500,UL,XP,P03
32,1230000,UL,XP,P03
32,1232500,UL,XP,P03
32,1235000,UL,XP,P03
32,1237500,UL,XP,P03
32,1240000,UL,XP,P03
32,1242500,UL,XP,P03
32,1250000,UL,XP,P03
33,10000,UR,FR,P03
33,12500,UR,FR,P03
33,15000,UR,FR,P03
33,17500,UR,FR,P03
33,20000,UR,FR,P03
33,22500,UR,FR,P03
33,25000,UR,FR,P03
33,27500,UR,FR,P03
33,30000,UR,FR,P03
33,32500,UR,FR,P03
33,35000,UR,FR,P03
33,37500,UR,FR,P03
33,40000,UR,FR,P03
33,42500,UR,FR,P03
33,45000,UR,FR,P03
33,47500,UR,FR,P03
33,70000,UR,FR,P03
33,72500,UR,FR,P03
33,75000,UR,FR,P03
33,77500,UR,FR,P03
33,80000,UR,FR,P03
33,82500,UR,FR,P03
33,85000,UR,FR,P03
33,87500,UR,FR,P03
33,90000,UR,FR,P03
33,92500,UR,FR,P03
33,95000,UR,FR,P03
33,100000,UR,FR,P03
33,102500,UR,FR,P03
33,105000,UR,FR,P03
33,120000,UR,FR,P03
33,175000,UR,FR,P03
33,177500,UR,FR,P03
33,197500,UR,FR,P03
33,232500,UR,FR,P03
33,240000,UR,FR,P03
33,242500,UR,FR,P03
33,245000,UR,FR,P03
33,247500,UR,FR,P03
33,270000,UR,FR,P03
33,272500,UR,FR,P03
33,352500,UR,FR,P03
33,472500,UR,FR,P03
33,475000,UR,FR,P03
33,477500,UR,FR,P03
33,480000,UR,FR,P03
33,482500,UR,FR,P03
33,492500,UR,FR,P03
33,495000,UR,FR,P03
33,517500,UR,FR,P03
33,520000,UR,FR,P03
33,522500,UR,FR,P03
33,525000,UR,FR,P03
33,527500,UR,FR,P03
33,530000,UR,FR,P03
33,532500,UR,FR,P03
33,535000,UR,FR,P03
33,537500,UR,FR,P03
33,540000,UR,FR,P03
33,547500,UR,FR,P03
33,550000,UR,FR,P03
33,555000,UR,FR,P03
33,557500,UR,FR,P03
33,560000,UR,FR,P03
33,565000,UR,FR,P03
33,567500,UR,FR,P03
33,570000,UR,FR,P03
33,572500,UR,FR,P03
33,575000,UR,FR,P03
33,577500,UR,FR,P03
33,640000,UR,FR,P03
33,642500,UR,FR,P03
33,645000,UR,FR,P03
33,647500,UR,FR,P03
33,650000,UR,FR,P03
33,652500,UR,FR,P03
33,655000,UR,FR,P03
33,657500,UR,FR,P03
33,662500,UR,FR,P03
33,665000,UR,FR,P03
33,667500,UR,FR,P03
33,670000,UR,FR,P03
33,672500,UR,FR,P03
33,675000,UR,FR,P03
33,705000,UR,FR,P03
33,707500,UR,FR,P03
33,710000,UR,FR,P03
33,712500,UR,FR,P03
33,720000,UR,FR,P03
33,722500,UR,FR,P03
33,852500,UR,FR,P03
33,855000,UR,FR,P03
33,860000,UR,FR,P03
33,880000,UR,FR,P03
33,882500,UR,FR,P03
33,885000,UR,FR,P03
33,887500,UR,FR,P03
33,890000,UR,FR,P03
33,892500,UR,FR,P03
33,895000,UR,FR,P03
33,897500,UR,FR,P03
33,900000,UR,FR,P03
33,902500,UR,FR,P03
33,905000,UR,FR,P03
33,907500,UR,FR,P03
33,910000,UR,FR,P03
33,912500,UR,FR,P03
33,915000,UR,FR,P03
33,962500,UR,FR,P03
33,980000,UR,FR,P03
33,990000,UR,FR,P03
33,992500,UR,FR,P03
33,995000,UR,FR,P03
33,997500,UR,FR,P03
33,1007500,UR,FR,P03
33,1010000,UR,FR,P03
33,1015000,UR,FR,P03
33,1017500,UR,FR,P03
33,1020000,UR,FR,P03
33,1022500,UR,FR,P03
33,1025000,UR,FR,P03
33,1027500,UR,FR,P03
33,1030000,UR,FR,P03
33,1032500,UR,FR,P03
33,1045000,UR,FR,P03
33,1072500,UR,FR,P03
33,1080000,UR,FR,P03
33,1082500,UR,FR,P03
33,1085000,UR,FR,P03
33,1097500,UR,FR,P03
33,1100000,UR,FR,P03
33,1102500,UR,FR,P03
33,1105000,UR,FR,P03
33,1107500,UR,FR,P03
33,1110000,UR,FR,P03
33,1112500,UR,FR,P03
33,1117500,UR,FR,P03
33,1120000,UR,FR,P03
33,1122500,UR,FR,P03
33,1125000,UR,FR,P03
33,1127500,UR,FR,P03
33,1130000,UR,FR,P03
33,1132500,UR,FR,P03
33,1135000,UR,FR,P03
33,1137500,UR,FR,P03
33,1140000,UR,FR,P03
33,1147500,UR,FR,P03
33,1150000,UR,FR,P03
33,1152500,UR,FR,P03
33,1155000,UR,FR,P03
33,1157500,UR,FR,P03
33,1160000,UR,FR,P03
33,1162500,UR,FR,P03
33,1165000,UR,FR,P03
33,1167500,UR,FR,P03
33,1170000,UR,FR,P03
33,1172500,UR,FR,P03
33,1175000,UR,FR,P03
33,1177500,UR,FR,P03
33,1180000,UR,FR,P03
33,1182500,UR,FR,P03
33,1185000,UR,FR,P03
33,1187500,UR,FR,P03
33,1190000,UR,FR,P03
33,1192500,UR,FR,P03
33,1195000,UR,FR,P03
33,1197500,UR,FR,P03
33,1200000,UR,FR,P03
33,1202500,UR,FR,P03
33,1205000,UR,FR,P03
33,1207500,UR,FR,P03
33,1210000,UR,FR,P03
33,1212500,UR,FR,P03
33,1215000,UR,FR,P03
33,1217500,UR,FR,P03
33,1220000,UR,FR,P03
33,1222500,UR,FR,P03
33,1225000,UR,FR,P03
33,1230000,UR,FR,P03
33,1232500,UR,FR,P03
33,1235000,UR,FR,P03
33,1240000,UR,FR,P03
33,1242500,UR,FR,P03
33,1245000,UR,FR,P03
33,1247500,UR,FR,P03
33,1250000,UR,FR,P03
33,1252500,UR,FR,P03
34,5000,UR,LU,P03
34,7500,UR,LU,P03
34,10000,UR,LU,P03
34,12500,UR,LU,P03
34,30000,UR,LU,P03
34,47500,UR,LU,P03
34,50000,UR,LU,P03
34,52500,UR,LU,P03
34,55000,UR,LU,P03
34,57500,UR,LU,P03
34,60000,UR,LU,P03
34,62500,UR,LU,P03
34,65000,UR,LU,P03
34,70000,UR,LU,P03
34,80000,UR,LU,P03
34,87500,UR,LU,P03
34,122500,UR,LU,P03
34,137500,UR,LU,P03
34,140000,UR,LU,P03
34,145000,UR,LU,P03
34,147500,UR,LU,P03
34,150000,UR,LU,P03
34,152500,UR,LU,P03
34,155000,UR,LU,P03
34,162500,UR,LU,P03
34,165000,UR,LU,P03
34,167500,UR,LU,P03
34,170000,UR,LU,P03
34,172500,UR,LU,P03
34,175000,UR,LU,P03
34,182500,UR,LU,P03
34,185000,UR,LU,P03
34,187500,UR,LU,P03
34,190000,UR,LU,P03
34,192500,UR,LU,P03
34,195000,UR,LU,P03
34,197500,UR,LU,P03
34,200000,UR,LU,P03
34,202500,UR,LU,P03
34,205000,UR,LU,P03
34,207500,UR,LU,P03
34,210000,UR,LU,P03
34,212500,UR,LU,P03
34,215000,UR,LU,P03
34,217500,UR,LU,P03
34,220000,UR,LU,P03
34,222500,UR,LU,P03
34,225000,UR,LU,P03
34,227500,UR,LU,P03
34,252500,UR,LU,P03
34,255000,UR,LU,P03
34,257500,UR,LU,P03
34,260000,UR,LU,P03
34,262500,UR,LU,P03
34,265000,UR,LU,P03
34,267500,UR,LU,P03
34,277500,UR,LU,P03
34,280000,UR,LU,P03
34,282500,UR,LU,P03
34,285000,UR,LU,P03
34,287500,UR,LU,P03
34,290000,UR,LU,P03
34,292500,UR,LU,P03
34,295000,UR,LU,P03
34,297500,UR,LU,P03
34,300000,UR,LU,P03
34,302500,UR,LU,P03
34,305000,UR,LU,P03
34,307500,UR,LU,P03
34,310000,UR,LU,P03
34,312500,UR,LU,P03
34,315000,UR,LU,P03
34,317500,UR,LU,P03
34,320000,UR,LU,P03
34,322500,UR,LU,P03
34,325000,UR,LU,P03
34,327500,UR,LU,P03
34,330000,UR,LU,P03
34,332500,UR,LU,P03
34,335000,UR,LU,P03
34,337500,UR,LU,P03
34,340000,UR,LU,P03
34,342500,UR,LU,P03
34,345000,UR,LU,P03
34,347500,UR,LU,P03
34,350000,UR,LU,P03
34,352500,UR,LU,P03
34,372500,UR,LU,P03
34,375000,UR,LU,P03
34,377500,UR,LU,P03
34,380000,UR,LU,P03
34,382500,UR,LU,P03
34,385000,UR,LU,P03
34,387500,UR,LU,P03
34,390000,UR,LU,P03
34,392500,UR,LU,P03
34,395000,UR,LU,P03
34,397500,UR,LU,P03
34,400000,UR,LU,P03
34,405000,UR,LU,P03
34,407500,UR,LU,P03
34,410000,UR,LU,P03
34,412500,UR,LU,P03
34,415000,UR,LU,P03
34,417500,UR,LU,P03
34,420000,UR,LU,P03
34,422500,UR,LU,P03
34,425000,UR,LU,P03
34,427500,UR,LU,P03
34,430000,UR,LU,P03
34,445000,UR,LU,P03
34,447500,UR,LU,P03
34,450000,UR,LU,P03
34,452500,UR,LU,P03
34,455000,UR,LU,P03
34,457500,UR,LU,P03
34,460000,UR,LU,P03
34,462500,UR,LU,P03
34,465000,UR,LU,P03
34,467500,UR,LU,P03
34,470000,UR,LU,P03
34,472500,UR,LU,P03
34,475000,UR,LU,P03
34,477500,UR,LU,P03
34,480000,UR,LU,P03
34,482500,UR,LU,P03
34,485000,UR,LU,P03
34,487500,UR,LU,P03
34,490000,UR,LU,P03
34,492500,UR,LU,P03
34,495000,UR,LU,P03
34,497500,UR,LU,P03
34,500000,UR,LU,P03
34,502500,UR,LU,P03
34,505000,UR,LU,P03
34,507500,UR,LU,P03
34,510000,UR,LU,P03
34,512500,UR,LU,P03
34,515000,UR,LU,P03
34,517500,UR,LU,P03
34,520000,UR,LU,P03
34,557500,UR,LU,P03
34,560000,UR,LU,P03
34,567500,UR,LU,P03
34,572500,UR,LU,P03
34,575000,UR,LU,P03
34,577500,UR,LU,P03
34,580000,UR,LU,P03
34,582500,UR,LU,P03
34,585000,UR,LU,P03
34,587500,UR,LU,P03
34,590000,UR,LU,P03
34,592500,UR,LU,P03
34,595000,UR,LU,P03
34,597500,UR,LU,P03
34,600000,UR,LU,P03
34,602500,UR,LU,P03
34,605000,UR,LU,P03
34,607500,UR,LU,P03
34,610000,UR,LU,P03
34,612500,UR,LU,P03
34,615000,UR,LU,P03
34,617500,UR,LU,P03
34,620000,UR,LU,P03
34,622500,UR,LU,P03
34,625000,UR,LU,P03
34,627500,UR,LU,P03
34,630000,UR,LU,P03
34,632500,UR,LU,P03
34,635000,UR,LU,P03
34,637500,UR,LU,P03
34,640000,UR,LU,P03
34,642500,UR,LU,P03
34,655000,UR,LU,P03
34,657500,UR,LU,P03
34,660000,UR,LU,P03
34,662500,UR,LU,P03
34,665000,UR,LU,P03
34,667500,UR,LU,P03
34,670000,UR,LU,P03
34,672500,UR,LU,P03
34,675000,UR,LU,P03
34,677500,UR,LU,P03
34,680000,UR,LU,P03
34,682500,UR,LU,P03
34,685000,UR,LU,P03
34,687500,UR,LU,P03
34,690000,UR,LU,P03
34,692500,UR,LU,P03
34,695000,UR,LU,P03
34,697500,UR,LU,P03
34,700000,UR,LU,P03
34,702500,UR,LU,P03
34,705000,UR,LU,P03
34,707500,UR,LU,P03
34,710000,UR,LU,P03
34,712500,UR,LU,P03
34,715000,UR,LU,P03
34,717500,UR,LU,P03
34,720000,UR,LU,P03
34,722500,UR,LU,P03
34,725000,UR,LU,P03
34,727500,UR,LU,P03
34,730000,UR,LU,P03
34,732500,UR,LU,P03
34,735000,UR,LU,P03
34,737500,UR,LU,P03
34,740000,UR,LU,P03
34,742500,UR,LU,P03
34,745000,UR,LU,P03
34,747500,UR,LU,P03
34,750000,UR,LU,P03
34,752500,UR,LU,P03
34,755000,UR,LU,P03
34,757500,UR,LU,P03
34,760000,UR,LU,P03
34,762500,UR,LU,P03
34,765000,UR,LU,P03
34,767500,UR,LU,P03
34,770000,UR,LU,P03
34,772500,UR,LU,P03
34,775000,UR,LU,P03
34,777500,UR,LU,P03
34,780000,UR,LU,P03
34,782500,UR,LU,P03
34,785000,UR,LU,P03
34,787500,UR,LU,P03
34,790000,UR,LU,P03
34,792500,UR,LU,P03
34,795000,UR,LU,P03
34,797500,UR,LU,P03
34,800000,UR,LU,P03
34,805000,UR,LU,P03
34,807500,UR,LU,P03
34,810000,UR,LU,P03
34,812500,UR,LU,P03
34,815000,UR,LU,P03
34,817500,UR,LU,P03
34,820000,UR,LU,P03
34,822500,UR,LU,P03
34,825000,UR,LU,P03
34,827500,UR,LU,P03
34,830000,UR,LU,P03
34,832500,UR,LU,P03
34,835000,UR,LU,P03
34,837500,UR,LU,P03
34,840000,UR,LU,P03
34,842500,UR,LU,P03
34,845000,UR,LU,P03
34,847500,UR,LU,P03
34,850000,UR,LU,P03
34,852500,UR,LU,P03
34,855000,UR,LU,P03
34,857500,UR,LU,P03
34,860000,UR,LU,P03
34,862500,UR,LU,P03
34,865000,UR,LU,P03
34,867500,UR,LU,P03
34,870000,UR,LU,P03
34,872500,UR,LU,P03
34,917500,UR,LU,P03
34,920000,UR,LU,P03
34,922500,UR,LU,P03
34,925000,UR,LU,P03
34,927500,UR,LU,P03
34,930000,UR,LU,P03
34,932500,UR,LU,P03
34,935000,UR,LU,P03
34,937500,UR,LU,P03
34,940000,UR,LU,P03
34,942500,UR,LU,P03
34,945000,UR,LU,P03
34,947500,UR,LU,P03
34,955000,UR,LU,P03
34,962500,UR,LU,P03
34,965000,UR,LU,P03
34,967500,UR,LU,P03
34,970000,UR,LU,P03
34,972500,UR,LU,P03
34,975000,UR,LU,P03
34,977500,UR,LU,P03
34,980000,UR,LU,P03
34,982500,UR,LU,P03
34,985000,UR,LU,P03
34,987500,UR,LU,P03
34,990000,UR,LU,P03
34,992500,UR,LU,P03
34,995000,UR,LU,P03
34,997500,UR,LU,P03
34,1000000,UR,LU,P03
34,1002500,UR,LU,P03
34,1005000,UR,LU,P03
34,1007500,UR,LU,P03
34,1010000,UR,LU,P03
34,1012500,UR,LU,P03
34,1015000,UR,LU,P03
34,1017500,UR,LU,P03
34,1020000,UR,LU,P03
34,1022500,UR,LU,P03
34,1025000,UR,LU,P03
34,1027500,UR,LU,P03
34,1030000,UR,LU,P03
34,1032500,UR,LU,P03
34,1035000,UR,LU,P03
34,1037500,UR,LU,P03
34,1040000,UR,LU,P03
34,1042500,UR,LU,P03
34,1045000,UR,LU,P03
34,1047500,UR,LU,P03
34,1050000,UR,LU,P03
34,1052500,UR,LU,P03
34,1055000,UR,LU,P03
34,1057500,UR,LU,P03
34,1060000,UR,LU,P03
34,1062500,UR,LU,P03
34,1065000,UR,LU,P03
34,1067500,UR,LU,P03
34,1080000,UR,LU,P03
34,1082500,UR,LU,P03
34,1085000,UR,LU,P03
34,1087500,UR,LU,P03
34,1090000,UR,LU,P03
34,1092500,UR,LU,P03
34,1095000,UR,LU,P03
34,1105000,UR,LU,P03
34,1110000,UR,LU,P03
34,1117500,UR,LU,P03
34,1122500,UR,LU,P03
34,1125000,UR,LU,P03
34,1127500,UR,LU,P03
34,1130000,UR,LU,P03
34,1132500,UR,LU,P03
34,1140000,UR,LU,P03
34,1142500,UR,LU,P03
34,1145000,UR,LU,P03
34,1147500,UR,LU,P03
34,1150000,UR,LU,P03
34,1152500,UR,LU,P03
34,1177500,UR,LU,P03
34,1182500,UR,LU,P03
34,1185000,UR,LU,P03
34,1187500,UR,LU,P03
34,1195000,UR,LU,P03
34,1205000,UR,LU,P03
34,1210000,UR,LU,P03
34,1212500,UR,LU,P03
34,1215000,UR,LU,P03
34,1217500,UR,LU,P03
34,1220000,UR,LU,P03
34,1222500,UR,LU,P03
34,1225000,UR,LU,P03
34,1227500,UR,LU,P03
34,1230000,UR,LU,P03
34,1232500,UR,LU,P03
34,1235000,UR,LU,P03
34,1237500,UR,LU,P03
34,1240000,UR,LU,P03
34,1242500,UR,LU,P03
34,1247500,UR,LU,P03
35,10000,UR,XP,P03
35,12500,UR,XP,P03
35,62500,UR,XP,P03
35,70000,UR,XP,P03
35,72500,UR,XP,P03
35,75000,UR,XP,P03
35,77500,UR,XP,P03
35,80000,UR,XP,P03
35,82500,UR,XP,P03
35,87500,UR,XP,P03
35,90000,UR,XP,P03
35,95000,UR,XP,P03
35,97500,UR,XP,P03
35,100000,UR,XP,P03
35,102500,UR,XP,P03
35,217500,UR,XP,P03
35,267500,UR,XP,P03
35,405000,UR,XP,P03
35,450000,UR,XP,P03
35,455000,UR,XP,P03
35,462500,UR,XP,P03
35,465000,UR,XP,P03
35,467500,UR,XP,P03
35,487500,UR,XP,P03
35,490000,UR,XP,P03
35,492500,UR,XP,P03
35,495000,UR,XP,P03
35,497500,UR,XP,P03
35,500000,UR,XP,P03
35,505000,UR,XP,P03
35,507500,UR,XP,P03
35,510000,UR,XP,P03
35,512500,UR,XP,P03
35,515000,UR,XP,P03
35,517500,UR,XP,P03
35,527500,UR,XP,P03
35,530000,UR,XP,P03
35,532500,UR,XP,P03
35,535000,UR,XP,P03
35,537500,UR,XP,P03
35,540000,UR,XP,P03
35,542500,UR,XP,P03
35,545000,UR,XP,P03
35,547500,UR,XP,P03
35,550000,UR,XP,P03
35,552500,UR,XP,P03
35,555000,UR,XP,P03
35,557500,UR,XP,P03
35,560000,UR,XP,P03
35,562500,UR,XP,P03
35,565000,UR,XP,P03
35,567500,UR,XP,P03
35,570000,UR,XP,P03
35,572500,UR,XP,P03
35,575000,UR,XP,P03
35,577500,UR,XP,P03
35,602500,UR,XP,P03
35,605000,UR,XP,P03
35,607500,UR,XP,P03
35,610000,UR,XP,P03
35,612500,UR,XP,P03
35,615000,UR,XP,P03
35,617500,UR,XP,P03
35,620000,UR,XP,P03
35,622500,UR,XP,P03
35,625000,UR,XP,P03
35,627500,UR,XP,P03
35,630000,UR,XP,P03
35,632500,UR,XP,P03
35,647500,UR,XP,P03
35,650000,UR,XP,P03
35,652500,UR,XP,P03
35,655000,UR,XP,P03
35,657500,UR,XP,P03
35,660000,UR,XP,P03
35,662500,UR,XP,P03
35,665000,UR,XP,P03
35,667500,UR,XP,P03
35,670000,UR,XP,P03
35,672500,UR,XP,P03
35,677500,UR,XP,P03
35,720000,UR,XP,P03
35,725000,UR,XP,P03
35,727500,UR,XP,P03
35,730000,UR,XP,P03
35,732500,UR,XP,P03
35,735000,UR,XP,P03
35,737500,UR,XP,P03
35,740000,UR,XP,P03
35,742500,UR,XP,P03
35,745000,UR,XP,P03
35,747500,UR,XP,P03
35,750000,UR,XP,P03
35,752500,UR,XP,P03
35,755000,UR,XP,P03
35,757500,UR,XP,P03
35,760000,UR,XP,P03
35,762500,UR,XP,P03
35,765000,UR,XP,P03
35,767500,UR,XP,P03
35,770000,UR,XP,P03
35,772500,UR,XP,P03
35,775000,UR,XP,P03
35,777500,UR,XP,P03
35,780000,UR,XP,P03
35,782500,UR,XP,P03
35,785000,UR,XP,P03
35,787500,UR,XP,P03
35,790000,UR,XP,P03
35,792500,UR,XP,P03
35,795000,UR,XP,P03
35,797500,UR,XP,P03
35,800000,UR,XP,P03
35,802500,UR,XP,P03
35,805000,UR,XP,P03
35,810000,UR,XP,P03
35,827500,UR,XP,P03
35,832500,UR,XP,P03
35,835000,UR,XP,P03
35,837500,UR,XP,P03
35,840000,UR,XP,P03
35,842500,UR,XP,P03
35,845000,UR,XP,P03
35,847500,UR,XP,P03
35,850000,UR,XP,P03
35,852500,UR,XP,P03
35,855000,UR,XP,P03
35,857500,UR,XP,P03
35,860000,UR,XP,P03
35,862500,UR,XP,P03
35,865000,UR,XP,P03
35,867500,UR,XP,P03
35,870000,UR,XP,P03
35,872500,UR,XP,P03
35,877500,UR,XP,P03
35,902500,UR,XP,P03
35,905000,UR,XP,P03
35,907500,UR,XP,P03
35,910000,UR,XP,P03
35,912500,UR,XP,P03
35,915000,UR,XP,P03
35,917500,UR,XP,P03
35,920000,UR,XP,P03
35,922500,UR,XP,P03
35,932500,UR,XP,P03
35,935000,UR,XP,P03
35,945000,UR,XP,P03
35,947500,UR,XP,P03
35,955000,UR,XP,P03
35,960000,UR,XP,P03
35,962500,UR,XP,P03
35,965000,UR,XP,P03
35,967500,UR,XP,P03
35,970000,UR,XP,P03
35,972500,UR,XP,P03
35,975000,UR,XP,P03
35,977500,UR,XP,P03
35,980000,UR,XP,P03
35,982500,UR,XP,P03
35,985000,UR,XP,P03
35,987500,UR,XP,P03
35,990000,UR,XP,P03
35,992500,UR,XP,P03
35,995000,UR,XP,P03
35,997500,UR,XP,P03
35,1000000,UR,XP,P03
35,1002500,UR,XP,P03
35,1005000,UR,XP,P03
35,1007500,UR,XP,P03
35,1010000,UR,XP,P03
35,1012500,UR,XP,P03
35,1015000,UR,XP,P03
35,1017500,UR,XP,P03
35,1020000,UR,XP,P03
35,1022500,UR,XP,P03
35,1025000,UR,XP,P03
35,1027500,UR,XP,P03
35,1030000,UR,XP,P03
35,1032500,UR,XP,P03
35,1035000,UR,XP,P03
35,1037500,UR,XP,P03
35,1040000,UR,XP,P03
35,1042500,UR,XP,P03
35,1045000,UR,XP,P03
35,1047500,UR,XP,P03
35,1050000,UR,XP,P03
35,1052500,UR,XP,P03
35,1055000,UR,XP,P03
35,1057500,UR,XP,P03
35,1060000,UR,XP,P03
35,1062500,UR,XP,P03
35,1065000,UR,XP,P03
35,1070000,UR,XP,P03
35,1072500,UR,XP,P03
35,1077500,UR,XP,P03
35,1080000,UR,XP,P03
35,1082500,UR,XP,P03
35,1085000,UR,XP,P03
35,1087500,UR,XP,P03
35,1090000,UR,XP,P03
35,1092500,UR,XP,P03
35,1095000,UR,XP,P03
35,1097500,UR,XP,P03
35,1100000,UR,XP,P03
35,1102500,UR,XP,P03
35,1105000,UR,XP,P03
35,1107500,UR,XP,P03
35,1110000,UR,XP,P03
35,1112500,UR,XP,P03
35,1117500,UR,XP,P03
35,1120000,UR,XP,P03
35,1122500,UR,XP,P03
35,1130000,UR,XP,P03
35,1132500,UR,XP,P03
35,1135000,UR,XP,P03
35,1185000,UR,XP,P03
35,1195000,UR,XP,P03
35,1197500,UR,XP,P03
35,1200000,UR,XP,P03
35,1202500,UR,XP,P03
35,1205000,UR,XP,P03
35,1207500,UR,XP,P03
35,1210000,UR,XP,P03
35,1212500,UR,XP,P03
35,1215000,UR,XP,P03
35,1217500,UR,XP,P03
35,1220000,UR,XP,P03
35,1222500,UR,XP,P03
35,1225000,UR,XP,P03
35,1237500,UR,XP,P03
35,1240000,UR,XP,P03
35,1242500,UR,XP,P03
35,1245000,UR,XP,P03
35,1247500,UR,XP,P03
36,0,DL,FR,P04
36,25000,DL,FR,P04
36,65000,DL,FR,P04
36,67500,DL,FR,P04
36,70000,DL,FR,P04
36,97500,DL,FR,P04
36,100000,DL,FR,P04
36,117500,DL,FR,P04
36,135000,DL,FR,P04
36,137500,DL,FR,P04
36,140000,DL,FR,P04
36,142500,DL,FR,P04
36,145000,DL,FR,P04
36,147500,DL,FR,P04
36,192500,DL,FR,P04
36,200000,DL,FR,P04
36,202500,DL,FR,P04
36,205000,DL,FR,P04
36,207500,DL,FR,P04
36,210000,DL,FR,P04
36,235000,DL,FR,P04
36,315000,DL,FR,P04
36,347500,DL,FR,P04
36,370000,DL,FR,P04
36,450000,DL,FR,P04
36,452500,DL,FR,P04
36,460000,DL,FR,P04
36,462500,DL,FR,P04
36,465000,DL,FR,P04
36,467500,DL,FR,P04
36,470000,DL,FR,P04
36,472500,DL,FR,P04
36,475000,DL,FR,P04
36,500000,DL,FR,P04
36,547500,DL,FR,P04
36,682500,DL,FR,P04
36,685000,DL,FR,P04
36,690000,DL,FR,P04
36,705000,DL,FR,P04
36,707500,DL,FR,P04
36,710000,DL,FR,P04
36,712500,DL,FR,P04
36,737500,DL,FR,P04
36,915000,DL,FR,P04
36,942500,DL,FR,P04
36,1100000,DL,FR,P04
36,1107500,DL,FR,P04
37,0,DL,LU,P04
37,2500,DL,LU,P04
37,7500,DL,LU,P04
37,12500,DL,LU,P04
37,20000,DL,LU,P04
37,25000,DL,LU,P04
37,27500,DL,LU,P04
37,32500,DL,LU,P04
37,35000,DL,LU,P04
37,37500,DL,LU,P04
37,40000,DL,LU,P04
37,42500,DL,LU,P04
37,47500,DL,LU,P04
37,65000,DL,LU,P04
37,67500,DL,LU,P04
37,77500,DL,LU,P04
37,137500,DL,LU,P04
37,140000,DL,LU,P04
37,142500,DL,LU,P04
37,145000,DL,LU,P04
37,147500,DL,LU,P04
37,150000,DL,LU,P04
37,152500,DL,LU,P04
37,157500,DL,LU,P04
37,160000,DL,LU,P04
37,162500,DL,LU,P04
37,165000,DL,LU,P04
37,167500,DL,LU,P04
37,170000,DL,LU,P04
37,175000,DL,LU,P04
37,180000,DL,LU,P04
37,182500,DL,LU,P04
37,185000,DL,LU,P04
37,192500,DL,LU,P04
37,195000,DL,LU,P04
37,197500,DL,LU,P04
37,200000,DL,LU,P04
37,202500,DL,LU,P04
37,205000,DL,LU,P04
37,207500,DL,LU,P04
37,210000,DL,LU,P04
37,217500,DL,LU,P04
37,220000,DL,LU,P04
37,225000,DL,LU,P04
37,270000,DL,LU,P04
37,272500,DL,LU,P04
37,275000,DL,LU,P04
37,302500,DL,LU,P04
37,370000,DL,LU,P04
37,395000,DL,LU,P04
37,397500,DL,LU,P04
37,400000,DL,LU,P04
37,402500,DL,LU,P04
37,460000,DL,LU,P04
37,462500,DL,LU,P04
37,465000,DL,LU,P04
37,495000,DL,LU,P04
37,670000,DL,LU,P04
37,677500,DL,LU,P04
37,680000,DL,LU,P04
37,682500,DL,LU,P04
37,685000,DL,LU,P04
37,747500,DL,LU,P04
37,850000,DL,LU,P04
37,852500,DL,LU,P04
37,855000,DL,LU,P04
37,857500,DL,LU,P04
38,0,DL,XP,P04
38,2500,DL,XP,P04
38,5000,DL,XP,P04
38,7500,DL,XP,P04
38,10000,DL,XP,P04
38,12500,DL,XP,P04
38,15000,DL,XP,P04
38,17500,DL,XP,P04
38,20000,DL,XP,P04
38,22500,DL,XP,P04
38,25000,DL,XP,P04
38,27500,DL,XP,P04
38,30000,DL,XP,P04
38,32500,DL,XP,P04
38,35000,DL,XP,P04
38,37500,DL,XP,P04
38,40000,DL,XP,P04
38,42500,DL,XP,P04
38,45000,DL,XP,P04
38,47500,DL,XP,P04
38,50000,DL,XP,P04
38,52500,DL,XP,P04
38,55000,DL,XP,P04
38,57500,DL,XP,P04
38,60000,DL,XP,P04
38,62500,DL,XP,P04
38,65000,DL,XP,P04
38,67500,DL,XP,P04
38,70000,DL,XP,P04
38,72500,DL,XP,P04
38,75000,DL,XP,P04
38,77500,DL,XP,P04
38,80000,DL,XP,P04
38,82500,DL,XP,P04
38,85000,DL,XP,P04
38,87500,DL,XP,P04
38,90000,DL,XP,P04
38,92500,DL,XP,P04
38,95000,DL,XP,P04
38,97500,DL,XP,P04
38,100000,DL,XP,P04
38,102500,DL,XP,P04
38,105000,DL,XP,P04
38,107500,DL,XP,P04
38,110000,DL,XP,P04
38,112500,DL,XP,P04
38,115000,DL,XP,P04
38,117500,DL,XP,P04
38,120000,DL,XP,P04
38,122500,DL,XP,P04
38,125000,DL,XP,P04
38,127500,DL,XP,P04
38,130000,DL,XP,P04
38,132500,DL,XP,P04
38,135000,DL,XP,P04
38,137500,DL,XP,P04
38,140000,DL,XP,P04
38,142500,DL,XP,P04
38,145000,DL,XP,P04
38,147500,DL,XP,P04
38,150000,DL,XP,P04
38,152500,DL,XP,P04
38,155000,DL,XP,P04
38,157500,DL,XP,P04
38,160000,DL,XP,P04
38,162500,DL,XP,P04
38,165000,DL,XP,P04
38,167500,DL,XP,P04
38,170000,DL,XP,P04
38,172500,DL,XP,P04
38,175000,DL,XP,P04
38,177500,DL,XP,P04
38,180000,DL,XP,P04
38,182500,DL,XP,P04
38,185000,DL,XP,P04
38,187500,DL,XP,P04
38,190000,DL,XP,P04
38,192500,DL,XP,P04
38,195000,DL,XP,P04
38,197500,DL,XP,P04
38,200000,DL,XP,P04
38,202500,DL,XP,P04
38,205000,DL,XP,P04
38,207500,DL,XP,P04
38,210000,DL,XP,P04
38,212500,DL,XP,P04
38,215000,DL,XP,P04
38,217500,DL,XP,P04
38,220000,DL,XP,P04
38,222500,DL,XP,P04
38,225000,DL,XP,P04
38,227500,DL,XP,P04
38,230000,DL,XP,P04
38,232500,DL,XP,P04
38,235000,DL,XP,P04
38,237500,DL,XP,P04
38,240000,DL,XP,P04
38,242500,DL,XP,P04
38,245000,DL,XP,P04
38,247500,DL,XP,P04
38,250000,DL,XP,P04
38,252500,DL,XP,P04
38,255000,DL,XP,P04
38,257500,DL,XP,P04
38,260000,DL,XP,P04
38,262500,DL,XP,P04
38,265000,DL,XP,P04
38,267500,DL,XP,P04
38,270000,DL,XP,P04
38,272500,DL,XP,P04
38,275000,DL,XP,P04
38,277500,DL,XP,P04
38,280000,DL,XP,P04
38,282500,DL,XP,P04
38,285000,DL,XP,P04
38,287500,DL,XP,P04
38,290000,DL,XP,P04
38,292500,DL,XP,P04
38,295000,DL,XP,P04
38,297500,DL,XP,P04
38,300000,DL,XP,P04
38,302500,DL,XP,P04
38,305000,DL,XP,P04
38,307500,DL,XP,P04
38,310000,DL,XP,P04
38,312500,DL,XP,P04
38,315000,DL,XP,P04
38,317500,DL,XP,P04
38,320000,DL,XP,P04
38,322500,DL,XP,P04
38,325000,DL,XP,P04
38,327500,DL,XP,P04
38,330000,DL,XP,P04
38,332500,DL,XP,P04
38,335000,DL,XP,P04
38,337500,DL,XP,P04
38,340000,DL,XP,P04
38,342500,DL,XP,P04
38,345000,DL,XP,P04
38,347500,DL,XP,P04
38,350000,DL,XP,P04
38,352500,DL,XP,P04
38,355000,DL,XP,P04
38,357500,DL,XP,P04
38,360000,DL,XP,P04
38,362500,DL,XP,P04
38,365000,DL,XP,P04
38,367500,DL,XP,P04
38,370000,DL,XP,P04
38,372500,DL,XP,P04
38,375000,DL,XP,P04
38,377500,DL,XP,P04
38,380000,DL,XP,P04
38,382500,DL,XP,P04
38,385000,DL,XP,P04
38,387500,DL,XP,P04
38,390000,DL,XP,P04
38,392500,DL,XP,P04
38,395000,DL,XP,P04
38,397500,DL,XP,P04
38,400000,DL,XP,P04
38,402500,DL,XP,P04
38,405000,DL,XP,P04
38,407500,DL,XP,P04
38,410000,DL,XP,P04
38,412500,DL,XP,P04
38,415000,DL,XP,P04
38,417500,DL,XP,P04
38,420000,DL,XP,P04
38,422500,DL,XP,P04
38,425000,DL,XP,P04
38,427500,DL,XP,P04
38,430000,DL,XP,P04
38,432500,DL,XP,P04
38,435000,DL,XP,P04
38,437500,DL,XP,P04
38,440000,DL,XP,P04
38,442500,DL,XP,P04
38,445000,DL,XP,P04
38,447500,DL,XP,P04
38,450000,DL,XP,P04
38,452500,DL,XP,P04
38,455000,DL,XP,P04
38,457500,DL,XP,P04
38,460000,DL,XP,P04
38,462500,DL,XP,P04
38,465000,DL,XP,P04
38,467500,DL,XP,P04
38,470000,DL,XP,P04
38,472500,DL,XP,P04
38,475000,DL,XP,P04
38,477500,DL,XP,P04
38,480000,DL,XP,P04
38,482500,DL,XP,P04
38,485000,DL,XP,P04
38,487500,DL,XP,P04
38,490000,DL,XP,P04
38,492500,DL,XP,P04
38,495000,DL,XP,P04
38,497500,DL,XP,P04
38,500000,DL,XP,P04
38,502500,DL,XP,P04
38,505000,DL,XP,P04
38,507500,DL,XP,P04
38,510000,DL,XP,P04
38,512500,DL,XP,P04
38,515000,DL,XP,P04
38,517500,DL,XP,P04
38,520000,DL,XP,P04
38,522500,DL,XP,P04
38,525000,DL,XP,P04
38,527500,DL,XP,P04
38,530000,DL,XP,P04
38,532500,DL,XP,P04
38,535000,DL,XP,P04
38,537500,DL,XP,P04
38,540000,DL,XP,P04
38,542500,DL,XP,P04
38,545000,DL,XP,P04
38,547500,DL,XP,P04
38,550000,DL,XP,P04
38,552500,DL,XP,P04
38,555000,DL,XP,P04
38,557500,DL,XP,P04
38,560000,DL,XP,P04
38,562500,DL,XP,P04
38,565000,DL,XP,P04
38,567500,DL,XP,P04
38,570000,DL,XP,P04
38,572500,DL,XP,P04
38,575000,DL,XP,P04
38,577500,DL,XP,P04
38,580000,DL,XP,P04
38,582500,DL,XP,P04
38,585000,DL,XP,P04
38,587500,DL,XP,P04
38,590000,DL,XP,P04
38,592500,DL,XP,P04
38,595000,DL,XP,P04
38,597500,DL,XP,P04
38,600000,DL,XP,P04
38,602500,DL,XP,P04
38,605000,DL,XP,P04
38,607500,DL,XP,P04
38,610000,DL,XP,P04
38,612500,DL,XP,P04
38,615000,DL,XP,P04
38,617500,DL,XP,P04
38,620000,DL,XP,P04
38,622500,DL,XP,P04
38,625000,DL,XP,P04
38,627500,DL,XP,P04
38,630000,DL,XP,P04
38,632500,DL,XP,P04
38,635000,DL,XP,P04
38,637500,DL,XP,P04
38,640000,DL,XP,P04
38,642500,DL,XP,P04
38,645000,DL,XP,P04
38,647500,DL,XP,P04
38,650000,DL,XP,P04
38,652500,DL,XP,P04
38,655000,DL,XP,P04
38,657500,DL,XP,P04
38,660000,DL,XP,P04
38,662500,DL,XP,P04
38,665000,DL,XP,P04
38,667500,DL,XP,P04
38,670000,DL,XP,P04
38,672500,DL,XP,P04
38,675000,DL,XP,P04
38,677500,DL,XP,P04
38,680000,DL,XP,P04
38,682500,DL,XP,P04
38,685000,DL,XP,P04
38,687500,DL,XP,P04
38,690000,DL,XP,P04
38,692500,DL,XP,P04
38,695000,DL,XP,P04
38,697500,DL,XP,P04
38,700000,DL,XP,P04
38,702500,DL,XP,P04
38,705000,DL,XP,P04
38,707500,DL,XP,P04
38,710000,DL,XP,P04
38,712500,DL,XP,P04
38,715000,DL,XP,P04
38,717500,DL,XP,P04
38,720000,DL,XP,P04
38,722500,DL,XP,P04
38,725000,DL,XP,P04
38,727500,DL,XP,P04
38,730000,DL,XP,P04
38,732500,DL,XP,P04
38,735000,DL,XP,P04
38,737500,DL,XP,P04
38,740000,DL,XP,P04
38,742500,DL,XP,P04
38,745000,DL,XP,P04
38,747500,DL,XP,P04
38,750000,DL,XP,P04
38,752500,DL,XP,P04
38,755000,DL,XP,P04
38,757500,DL,XP,P04
38,760000,DL,XP,P04
38,762500,DL,XP,P04
38,765000,DL,XP,P04
38,767500,DL,XP,P04
38,770000,DL,XP,P04
38,772500,DL,XP,P04
38,775000,DL,XP,P04
38,777500,DL,XP,P04
38,780000,DL,XP,P04
38,782500,DL,XP,P04
38,785000,DL,XP,P04
38,787500,DL,XP,P04
38,790000,DL,XP,P04
38,792500,DL,XP,P04
38,795000,DL,XP,P04
38,797500,DL,XP,P04
38,800000,DL,XP,P04
38,802500,DL,XP,P04
38,805000,DL,XP,P04
38,807500,DL,XP,P04
38,810000,DL,XP,P04
38,812500,DL,XP,P04
38,815000,DL,XP,P04
38,817500,DL,XP,P04
38,820000,DL,XP,P04
38,822500,DL,XP,P04
38,825000,DL,XP,P04
38,827500,DL,XP,P04
38,830000,DL,XP,P04
38,832500,DL,XP,P04
38,835000,DL,XP,P04
38,837500,DL,XP,P04
38,840000,DL,XP,P04
38,842500,DL,XP,P04
38,845000,DL,XP,P04
38,847500,DL,XP,P04
38,850000,DL,XP,P04
38,852500,DL,XP,P04
38,855000,DL,XP,P04
38,857500,DL,XP,P04
38,860000,DL,XP,P04
38,862500,DL,XP,P04
38,865000,DL,XP,P04
38,867500,DL,XP,P04
38,870000,DL,XP,P04
38,872500,DL,XP,P04
38,875000,DL,XP,P04
38,877500,DL,XP,P04
38,880000,DL,XP,P04
38,882500,DL,XP,P04
38,885000,DL,XP,P04
38,887500,DL,XP,P04
38,890000,DL,XP,P04
38,892500,DL,XP,P04
38,895000,DL,XP,P04
38,897500,DL,XP,P04
38,900000,DL,XP,P04
38,902500,DL,XP,P04
38,905000,DL,XP,P04
38,907500,DL,XP,P04
38,910000,DL,XP,P04
38,912500,DL,XP,P04
38,915000,DL,XP,P04
38,917500,DL,XP,P04
38,920000,DL,XP,P04
38,922500,DL,XP,P04
38,925000,DL,XP,P04
38,927500,DL,XP,P04
38,930000,DL,XP,P04
38,932500,DL,XP,P04
38,935000,DL,XP,P04
38,937500,DL,XP,P04
38,940000,DL,XP,P04
38,942500,DL,XP,P04
38,945000,DL,XP,P04
38,947500,DL,XP,P04
38,950000,DL,XP,P04
38,952500,DL,XP,P04
38,955000,DL,XP,P04
38,957500,DL,XP,P04
38,960000,DL,XP,P04
38,962500,DL,XP,P04
38,965000,DL,XP,P04
38,967500,DL,XP,P04
38,970000,DL,XP,P04
38,972500,DL,XP,P04
38,975000,DL,XP,P04
38,977500,DL,XP,P04
38,980000,DL,XP,P04
38,982500,DL,XP,P04
38,985000,DL,XP,P04
38,987500,DL,XP,P04
38,990000,DL,XP,P04
38,992500,DL,XP,P04
38,995000,DL,XP,P04
38,997500,DL,XP,P04
38,1000000,DL,XP,P04
38,1002500,DL,XP,P04
38,1005000,DL,XP,P04
38,1007500,DL,XP,P04
38,1010000,DL,XP,P04
38,1012500,DL,XP,P04
38,1015000,DL,XP,P04
38,1017500,DL,XP,P04
38,1020000,DL,XP,P04
38,1022500,DL,XP,P04
38,1025000,DL,XP,P04
38,1027500,DL,XP,P04
38,1030000,DL,XP,P04
38,1032500,DL,XP,P04
38,1035000,DL,XP,P04
38,1037500,DL,XP,P04
38,1040000,DL,XP,P04
38,1042500,DL,XP,P04
38,1045000,DL,XP,P04
38,1047500,DL,XP,P04
38,1050000,DL,XP,P04
38,1052500,DL,XP,P04
38,1055000,DL,XP,P04
38,1057500,DL,XP,P04
38,1060000,DL,XP,P04
38,1062500,DL,XP,P04
38,1065000,DL,XP,P04
38,1067500,DL,XP,P04
38,1070000,DL,XP,P04
38,1072500,DL,XP,P04
38,1075000,DL,XP,P04
38,1077500,DL,XP,P04
38,1080000,DL,XP,P04
38,1082500,DL,XP,P04
38,1085000,DL,XP,P04
38,1087500,DL,XP,P04
38,1090000,DL,XP,P04
38,1092500,DL,XP,P04
38,1095000,DL,XP,P04
38,1097500,DL,XP,P04
38,1100000,DL,XP,P04
38,1102500,DL,XP,P04
38,1105000,DL,XP,P04
38,1107500,DL,XP,P04
38,1110000,DL,XP,P04
38,1112500,DL,XP,P04
38,1115000,DL,XP,P04
38,1117500,DL,XP,P04
38,1120000,DL,XP,P04
38,1122500,DL,XP,P04
38,1125000,DL,XP,P04
38,1127500,DL,XP,P04
38,1130000,DL,XP,P04
38,1132500,DL,XP,P04
38,1135000,DL,XP,P04
38,1137500,DL,XP,P04
38,1140000,DL,XP,P04
38,1142500,DL,XP,P04
38,1145000,DL,XP,P04
38,1147500,DL,XP,P04
38,1150000,DL,XP,P04
38,1152500,DL,XP,P04
38,1155000,DL,XP,P04
38,1157500,DL,XP,P04
38,1160000,DL,XP,P04
38,1162500,DL,XP,P04
38,1165000,DL,XP,P04
38,1167500,DL,XP,P04
38,1170000,DL,XP,P04
38,1172500,DL,XP,P04
38,1175000,DL,XP,P04
38,1177500,DL,XP,P04
38,1180000,DL,XP,P04
38,1182500,DL,XP,P04
38,1185000,DL,XP,P04
38,1187500,DL,XP,P04
38,1190000,DL,XP,P04
38,1192500,DL,XP,P04
38,1195000,DL,XP,P04
38,1197500,DL,XP,P04
38,1200000,DL,XP,P04
38,1202500,DL,XP,P04
38,1205000,DL,XP,P04
38,1207500,DL,XP,P04
38,1210000,DL,XP,P04
38,1212500,DL,XP,P04
38,1215000,DL,XP,P04
38,1217500,DL,XP,P04
38,1220000,DL,XP,P04
38,1222500,DL,XP,P04
38,1225000,DL,XP,P04
38,1227500,DL,XP,P04
38,1230000,DL,XP,P04
38,1232500,DL,XP,P04
38,1235000,DL,XP,P04
38,1237500,DL,XP,P04
38,1240000,DL,XP,P04
38,1242500,DL,XP,P04
38,1245000,DL,XP,P04
38,1247500,DL,XP,P04
39,0,DR,FR,P04
39,2500,DR,FR,P04
39,25000,DR,FR,P04
39,27500,DR,FR,P04
39,32500,DR,FR,P04
39,67500,DR,FR,P04
39,95000,DR,FR,P04
39,97500,DR,FR,P04
39,100000,DR,FR,P04
39,102500,DR,FR,P04
39,135000,DR,FR,P04
39,137500,DR,FR,P04
39,140000,DR,FR,P04
39,142500,DR,FR,P04
39,145000,DR,FR,P04
39,147500,DR,FR,P04
39,150000,DR,FR,P04
39,160000,DR,FR,P04
39,167500,DR,FR,P04
39,170000,DR,FR,P04
39,172500,DR,FR,P04
39,175000,DR,FR,P04
39,177500,DR,FR,P04
39,180000,DR,FR,P04
39,182500,DR,FR,P04
39,185000,DR,FR,P04
39,187500,DR,FR,P04
39,192500,DR,FR,P04
39,195000,DR,FR,P04
39,197500,DR,FR,P04
39,200000,DR,FR,P04
39,202500,DR,FR,P04
39,205000,DR,FR,P04
39,207500,DR,FR,P04
39,210000,DR,FR,P04
39,212500,DR,FR,P04
39,215000,DR,FR,P04
39,217500,DR,FR,P04
39,220000,DR,FR,P04
39,222500,DR,FR,P04
39,225000,DR,FR,P04
39,370000,DR,FR,P04
39,372500,DR,FR,P04
39,375000,DR,FR,P04
39,377500,DR,FR,P04
39,380000,DR,FR,P04
39,385000,DR,FR,P04
39,387500,DR,FR,P04
39,390000,DR,FR,P04
39,392500,DR,FR,P04
39,395000,DR,FR,P04
39,397500,DR,FR,P04
39,400000,DR,FR,P04
39,405000,DR,FR,P04
39,460000,DR,FR,P04
39,462500,DR,FR,P04
39,465000,DR,FR,P04
39,467500,DR,FR,P04
39,470000,DR,FR,P04
39,472500,DR,FR,P04
39,475000,DR,FR,P04
39,547500,DR,FR,P04
39,550000,DR,FR,P04
39,575000,DR,FR,P04
39,580000,DR,FR,P04
39,670000,DR,FR,P04
39,685000,DR,FR,P04
39,690000,DR,FR,P04
39,692500,DR,FR,P04
39,697500,DR,FR,P04
39,705000,DR,FR,P04
39,707500,DR,FR,P04
39,710000,DR,FR,P04
39,712500,DR,FR,P04
39,715000,DR,FR,P04
39,717500,DR,FR,P04
39,725000,DR,FR,P04
39,727500,DR,FR,P04
39,737500,DR,FR,P04
39,767500,DR,FR,P04
39,970000,DR,FR,P04
39,985000,DR,FR,P04
39,990000,DR,FR,P04
39,1097500,DR,FR,P04
40,0,DR,LU,P04
40,2500,DR,LU,P04
40,5000,DR,LU,P04
40,20000,DR,LU,P04
40,22500,DR,LU,P04
40,25000,DR,LU,P04
40,27500,DR,LU,P04
40,30000,DR,LU,P04
40,32500,DR,LU,P04
40,35000,DR,LU,P04
40,45000,DR,LU,P04
40,137500,DR,LU,P04
40,140000,DR,LU,P04
40,142500,DR,LU,P04
40,145000,DR,LU,P04
40,147500,DR,LU,P04
40,150000,DR,LU,P04
40,152500,DR,LU,P04
40,155000,DR,LU,P04
40,157500,DR,LU,P04
40,160000,DR,LU,P04
40,162500,DR,LU,P04
40,165000,DR,LU,P04
40,167500,DR,LU,P04
40,207500,DR,LU,P04
40,212500,DR,LU,P04
40,217500,DR,LU,P04
40,220000,DR,LU,P04
40,222500,DR,LU,P04
40,227500,DR,LU,P04
40,237500,DR,LU,P04
40,295000,DR,LU,P04
40,315000,DR,LU,P04
40,370000,DR,LU,P04
40,372500,DR,LU,P04
40,375000,DR,LU,P04
40,377500,DR,LU,P04
40,380000,DR,LU,P04
40,382500,DR,LU,P04
40,385000,DR,LU,P04
40,387500,DR,LU,P04
40,390000,DR,LU,P04
40,392500,DR,LU,P04
40,395000,DR,LU,P04
40,397500,DR,LU,P04
40,400000,DR,LU,P04
40,405000,DR,LU,P04
40,440000,DR,LU,P04
40,460000,DR,LU,P04
40,462500,DR,LU,P04
40,465000,DR,LU,P04
40,467500,DR,LU,P04
40,470000,DR,LU,P04
40,472500,DR,LU,P04
40,475000,DR,LU,P04
40,477500,DR,LU,P04
40,480000,DR,LU,P04
40,482500,DR,LU,P04
40,485000,DR,LU,P04
40,487500,DR,LU,P04
40,497500,DR,LU,P04
40,500000,DR,LU,P04
40,547500,DR,LU,P04
40,580000,DR,LU,P04
40,602500,DR,LU,P04
40,672500,DR,LU,P04
40,675000,DR,LU,P04
40,682500,DR,LU,P04
40,685000,DR,LU,P04
40,690000,DR,LU,P04
40,692500,DR,LU,P04
40,695000,DR,LU,P04
40,697500,DR,LU,P04
40,700000,DR,LU,P04
40,702500,DR,LU,P04
40,705000,DR,LU,P04
40,707500,DR,LU,P04
40,710000,DR,LU,P04
40,712500,DR,LU,P04
40,715000,DR,LU,P04
40,717500,DR,LU,P04
40,720000,DR,LU,P04
40,722500,DR,LU,P04
40,725000,DR,LU,P04
40,727500,DR,LU,P04
40,730000,DR,LU,P04
40,732500,DR,LU,P04
40,735000,DR,LU,P04
40,737500,DR,LU,P04
40,740000,DR,LU,P04
40,747500,DR,LU,P04
40,750000,DR,LU,P04
40,825000,DR,LU,P04
40,827500,DR,LU,P04
40,830000,DR,LU,P04
40,832500,DR,LU,P04
40,835000,DR,LU,P04
40,837500,DR,LU,P04
40,840000,DR,LU,P04
40,847500,DR,LU,P04
40,905000,DR,LU,P04
40,935000,DR,LU,P04
40,970000,DR,LU,P04
40,985000,DR,LU,P04
40,990000,DR,LU,P04
40,1055000,DR,LU,P04
41,0,DR,XP,P04
41,2500,DR,XP,P04
41,5000,DR,XP,P04
41,7500,DR,XP,P04
41,10000,DR,XP,P04
41,12500,DR,XP,P04
41,15000,DR,XP,P04
41,17500,DR,XP,P04
41,20000,DR,XP,P04
41,22500,DR,XP,P04
41,25000,DR,XP,P04
41,27500,DR,XP,P04
41,30000,DR,XP,P04
41,32500,DR,XP,P04
41,35000,DR,XP,P04
41,37500,DR,XP,P04
41,40000,DR,XP,P04
41,42500,DR,XP,P04
41,45000,DR,XP,P04
41,47500,DR,XP,P04
41,50000,DR,XP,P04
41,52500,DR,XP,P04
41,55000,DR,XP,P04
41,57500,DR,XP,P04
41,60000,DR,XP,P04
41,62500,DR,XP,P04
41,65000,DR,XP,P04
41,67500,DR,XP,P04
41,70000,DR,XP,P04
41,72500,DR,XP,P04
41,75000,DR,XP,P04
41,77500,DR,XP,P04
41,80000,DR,XP,P04
41,82500,DR,XP,P04
41,85000,DR,XP,P04
41,87500,DR,XP,P04
41,90000,DR,XP,P04
41,92500,DR,XP,P04
41,95000,DR,XP,P04
41,97500,DR,XP,P04
41,100000,DR,XP,P04
41,102500,DR,XP,P04
41,105000,DR,XP,P04
41,107500,DR,XP,P04
41,110000,DR,XP,P04
41,112500,DR,XP,P04
41,115000,DR,XP,P04
41,117500,DR,XP,P04
41,120000,DR,XP,P04
41,122500,DR,XP,P04
41,125000,DR,XP,P04
41,127500,DR,XP,P04
41,130000,DR,XP,P04
41,132500,DR,XP,P04
41,135000,DR,XP,P04
41,137500,DR,XP,P04
41,140000,DR,XP,P04
41,142500,DR,XP,P04
41,145000,DR,XP,P04
41,147500,DR,XP,P04
41,150000,DR,XP,P04
41,152500,DR,XP,P04
41,155000,DR,XP,P04
41,157500,DR,XP,P04
41,160000,DR,XP,P04
41,162500,DR,XP,P04
41,165000,DR,XP,P04
41,167500,DR,XP,P04
41,177500,DR,XP,P04
41,185000,DR,XP,P04
41,187500,DR,XP,P04
41,190000,DR,XP,P04
41,192500,DR,XP,P04
41,195000,DR,XP,P04
41,197500,DR,XP,P04
41,200000,DR,XP,P04
41,202500,DR,XP,P04
41,205000,DR,XP,P04
41,207500,DR,XP,P04
41,210000,DR,XP,P04
41,212500,DR,XP,P04
41,215000,DR,XP,P04
41,217500,DR,XP,P04
41,220000,DR,XP,P04
41,222500,DR,XP,P04
41,225000,DR,XP,P04
41,227500,DR,XP,P04
41,230000,DR,XP,P04
41,232500,DR,XP,P04
41,235000,DR,XP,P04
41,237500,DR,XP,P04
41,240000,DR,XP,P04
41,242500,DR,XP,P04
41,245000,DR,XP,P04
41,247500,DR,XP,P04
41,250000,DR,XP,P04
41,252500,DR,XP,P04
41,255000,DR,XP,P04
41,257500,DR,XP,P04
41,260000,DR,XP,P04
41,262500,DR,XP,P04
41,265000,DR,XP,P04
41,267500,DR,XP,P04
41,270000,DR,XP,P04
41,272500,DR,XP,P04
41,275000,DR,XP,P04
41,277500,DR,XP,P04
41,280000,DR,XP,P04
41,282500,DR,XP,P04
41,285000,DR,XP,P04
41,287500,DR,XP,P04
41,290000,DR,XP,P04
41,292500,DR,XP,P04
41,295000,DR,XP,P04
41,297500,DR,XP,P04
41,300000,DR,XP,P04
41,302500,DR,XP,P04
41,305000,DR,XP,P04
41,307500,DR,XP,P04
41,310000,DR,XP,P04
41,312500,DR,XP,P04
41,315000,DR,XP,P04
41,317500,DR,XP,P04
41,320000,DR,XP,P04
41,322500,DR,XP,P04
41,325000,DR,XP,P04
41,327500,DR,XP,P04
41,330000,DR,XP,P04
41,332500,DR,XP,P04
41,335000,DR,XP,P04
41,337500,DR,XP,P04
41,340000,DR,XP,P04
41,342500,DR,XP,P04
41,345000,DR,XP,P04
41,347500,DR,XP,P04
41,350000,DR,XP,P04
41,352500,DR,XP,P04
41,355000,DR,XP,P04
41,357500,DR,XP,P04
41,360000,DR,XP,P04
41,362500,DR,XP,P04
41,365000,DR,XP,P04
41,367500,DR,XP,P04
41,370000,DR,XP,P04
41,372500,DR,XP,P04
41,375000,DR,XP,P04
41,377500,DR,XP,P04
41,380000,DR,XP,P04
41,382500,DR,XP,P04
41,385000,DR,XP,P04
41,387500,DR,XP,P04
41,390000,DR,XP,P04
41,392500,DR,XP,P04
41,395000,DR,XP,P04
41,397500,DR,XP,P04
41,400000,DR,XP,P04
41,402500,DR,XP,P04
41,405000,DR,XP,P04
41,407500,DR,XP,P04
41,410000,DR,XP,P04
41,412500,DR,XP,P04
41,415000,DR,XP,P04
41,417500,DR,XP,P04
41,420000,DR,XP,P04
41,422500,DR,XP,P04
41,425000,DR,XP,P04
41,427500,DR,XP,P04
41,430000,DR,XP,P04
41,432500,DR,XP,P04
41,435000,DR,XP,P04
41,437500,DR,XP,P04
41,440000,DR,XP,P04
41,442500,DR,XP,P04
41,445000,DR,XP,P04
41,447500,DR,XP,P04
41,450000,DR,XP,P04
41,452500,DR,XP,P04
41,455000,DR,XP,P04
41,457500,DR,XP,P04
41,460000,DR,XP,P04
41,462500,DR,XP,P04
41,465000,DR,XP,P04
41,467500,DR,XP,P04
41,470000,DR,XP,P04
41,472500,DR,XP,P04
41,475000,DR,XP,P04
41,477500,DR,XP,P04
41,480000,DR,XP,P04
41,482500,DR,XP,P04
41,485000,DR,XP,P04
41,487500,DR,XP,P04
41,490000,DR,XP,P04
41,492500,DR,XP,P04
41,495000,DR,XP,P04
41,497500,DR,XP,P04
41,500000,DR,XP,P04
41,502500,DR,XP,P04
41,505000,DR,XP,P04
41,507500,DR,XP,P04
41,510000,DR,XP,P04
41,512500,DR,XP,P04
41,515000,DR,XP,P04
41,517500,DR,XP,P04
41,520000,DR,XP,P04
41,525000,DR,XP,P04
41,527500,DR,XP,P04
41,530000,DR,XP,P04
41,532500,DR,XP,P04
41,535000,DR,XP,P04
41,537500,DR,XP,P04
41,540000,DR,XP,P04
41,580000,DR,XP,P04
41,602500,DR,XP,P04
41,605000,DR,XP,P04
41,607500,DR,XP,P04
41,610000,DR,XP,P04
41,612500,DR,XP,P04
41,615000,DR,XP,P04
41,617500,DR,XP,P04
41,620000,DR,XP,P04
41,622500,DR,XP,P04
41,625000,DR,XP,P04
41,627500,DR,XP,P04
41,630000,DR,XP,P04
41,632500,DR,XP,P04
41,635000,DR,XP,P04
41,637500,DR,XP,P04
41,640000,DR,XP,P04
41,647500,DR,XP,P04
41,650000,DR,XP,P04
41,652500,DR,XP,P04
41,655000,DR,XP,P04
41,657500,DR,XP,P04
41,660000,DR,XP,P04
41,662500,DR,XP,P04
41,665000,DR,XP,P04
41,667500,DR,XP,P04
41,670000,DR,XP,P04
41,672500,DR,XP,P04
41,675000,DR,XP,P04
41,677500,DR,XP,P04
41,682500,DR,XP,P04
41,685000,DR,XP,P04
41,687500,DR,XP,P04
41,690000,DR,XP,P04
41,692500,DR,XP,P04
41,695000,DR,XP,P04
41,697500,DR,XP,P04
41,700000,DR,XP,P04
41,702500,DR,XP,P04
41,705000,DR,XP,P04
41,707500,DR,XP,P04
41,710000,DR,XP,P04
41,712500,DR,XP,P04
41,715000,DR,XP,P04
41,717500,DR,XP,P04
41,720000,DR,XP,P04
41,722500,DR,XP,P04
41,725000,DR,XP,P04
41,727500,DR,XP,P04
41,730000,DR,XP,P04
41,732500,DR,XP,P04
41,735000,DR,XP,P04
41,737500,DR,XP,P04
41,740000,DR,XP,P04
41,742500,DR,XP,P04
41,745000,DR,XP,P04
41,752500,DR,XP,P04
41,755000,DR,XP,P04
41,757500,DR,XP,P04
41,760000,DR,XP,P04
41,767500,DR,XP,P04
41,775000,DR,XP,P04
41,780000,DR,XP,P04
41,782500,DR,XP,P04
41,785000,DR,XP,P04
41,787500,DR,XP,P04
41,802500,DR,XP,P04
41,805000,DR,XP,P04
41,807500,DR,XP,P04
41,812500,DR,XP,P04
41,825000,DR,XP,P04
41,827500,DR,XP,P04
41,835000,DR,XP,P04
41,840000,DR,XP,P04
41,842500,DR,XP,P04
41,845000,DR,XP,P04
41,847500,DR,XP,P04
41,852500,DR,XP,P04
41,855000,DR,XP,P04
41,857500,DR,XP,P04
41,860000,DR,XP,P04
41,862500,DR,XP,P04
41,865000,DR,XP,P04
41,867500,DR,XP,P04
41,870000,DR,XP,P04
41,872500,DR,XP,P04
41,875000,DR,XP,P04
41,877500,DR,XP,P04
41,882500,DR,XP,P04
41,885000,DR,XP,P04
41,887500,DR,XP,P04
41,890000,DR,XP,P04
41,892500,DR,XP,P04
41,895000,DR,XP,P04
41,897500,DR,XP,P04
41,900000,DR,XP,P04
41,902500,DR,XP,P04
41,905000,DR,XP,P04
41,907500,DR,XP,P04
41,910000,DR,XP,P04
41,912500,DR,XP,P04
41,915000,DR,XP,P04
41,917500,DR,XP,P04
41,920000,DR,XP,P04
41,922500,DR,XP,P04
41,925000,DR,XP,P04
41,927500,DR,XP,P04
41,930000,DR,XP,P04
41,932500,DR,XP,P04
41,935000,DR,XP,P04
41,937500,DR,XP,P04
41,940000,DR,XP,P04
41,942500,DR,XP,P04
41,945000,DR,XP,P04
41,947500,DR,XP,P04
41,950000,DR,XP,P04
41,952500,DR,XP,P04
41,955000,DR,XP,P04
41,957500,DR,XP,P04
41,960000,DR,XP,P04
41,962500,DR,XP,P04
41,965000,DR,XP,P04
41,967500,DR,XP,P04
41,970000,DR,XP,P04
41,972500,DR,XP,P04
41,975000,DR,XP,P04
41,977500,DR,XP,P04
41,980000,DR,XP,P04
41,982500,DR,XP,P04
41,985000,DR,XP,P04
41,987500,DR,XP,P04
41,990000,DR,XP,P04
41,992500,DR,XP,P04
41,995000,DR,XP,P04
41,997500,DR,XP,P04
41,1000000,DR,XP,P04
41,1002500,DR,XP,P04
41,1005000,DR,XP,P04
41,1007500,DR,XP,P04
41,1010000,DR,XP,P04
41,1012500,DR,XP,P04
41,1015000,DR,XP,P04
41,1017500,DR,XP,P04
41,1020000,DR,XP,P04
41,1022500,DR,XP,P04
41,1025000,DR,XP,P04
41,1027500,DR,XP,P04
41,1030000,DR,XP,P04
41,1032500,DR,XP,P04
41,1035000,DR,XP,P04
41,1037500,DR,XP,P04
41,1040000,DR,XP,P04
41,1042500,DR,XP,P04
41,1045000,DR,XP,P04
41,1047500,DR,XP,P04
41,1050000,DR,XP,P04
41,1052500,DR,XP,P04
41,1055000,DR,XP,P04
41,1057500,DR,XP,P04
41,1060000,DR,XP,P04
41,1062500,DR,XP,P04
41,1065000,DR,XP,P04
41,1067500,DR,XP,P04
41,1070000,DR,XP,P04
41,1072500,DR,XP,P04
41,1075000,DR,XP,P04
41,1077500,DR,XP,P04
41,1080000,DR,XP,P04
41,1082500,DR,XP,P04
41,1085000,DR,XP,P04
41,1087500,DR,XP,P04
41,1090000,DR,XP,P04
41,1092500,DR,XP,P04
41,1095000,DR,XP,P04
41,1097500,DR,XP,P04
41,1100000,DR,XP,P04
41,1102500,DR,XP,P04
41,1105000,DR,XP,P04
41,1107500,DR,XP,P04
41,1110000,DR,XP,P04
41,1112500,DR,XP,P04
41,1115000,DR,XP,P04
41,1117500,DR,XP,P04
41,1120000,DR,XP,P04
41,1122500,DR,XP,P04
41,1125000,DR,XP,P04
41,1127500,DR,XP,P04
41,1130000,DR,XP,P04
41,1132500,DR,XP,P04
41,1135000,DR,XP,P04
41,1137500,DR,XP,P04
41,1140000,DR,XP,P04
41,1142500,DR,XP,P04
41,1145000,DR,XP,P04
41,1147500,DR,XP,P04
41,1150000,DR,XP,P04
41,1152500,DR,XP,P04
41,1155000,DR,XP,P04
41,1157500,DR,XP,P04
41,1160000,DR,XP,P04
41,1162500,DR,XP,P04
41,1165000,DR,XP,P04
41,1167500,DR,XP,P04
41,1170000,DR,XP,P04
41,1172500,DR,XP,P04
41,1175000,DR,XP,P04
41,1177500,DR,XP,P04
41,1180000,DR,XP,P04
41,1182500,DR,XP,P04
41,1185000,DR,XP,P04
41,1187500,DR,XP,P04
41,1190000,DR,XP,P04
41,1192500,DR,XP,P04
41,1195000,DR,XP,P04
41,1197500,DR,XP,P04
41,1200000,DR,XP,P04
41,1202500,DR,XP,P04
41,1205000,DR,XP,P04
41,1207500,DR,XP,P04
41,1210000,DR,XP,P04
41,1212500,DR,XP,P04
41,1215000,DR,XP,P04
41,1217500,DR,XP,P04
41,1220000,DR,XP,P04
41,1222500,DR,XP,P04
41,1225000,DR,XP,P04
41,1227500,DR,XP,P04
41,1230000,DR,XP,P04
41,1232500,DR,XP,P04
41,1235000,DR,XP,P04
41,1237500,DR,XP,P04
41,1240000,DR,XP,P04
41,1242500,DR,XP,P04
41,1245000,DR,XP,P04
41,1247500,DR,XP,P04
42,0,UL,FR,P04
42,2500,UL,FR,P04
42,5000,UL,FR,P04
42,12500,UL,FR,P04
42,25000,UL,FR,P04
42,30000,UL,FR,P04
42,32500,UL,FR,P04
42,137500,UL,FR,P04
42,140000,UL,FR,P04
42,142500,UL,FR,P04
42,145000,UL,FR,P04
42,147500,UL,FR,P04
42,150000,UL,FR,P04
42,152500,UL,FR,P04
42,155000,UL,FR,P04
42,157500,UL,FR,P04
42,160000,UL,FR,P04
42,162500,UL,FR,P04
42,165000,UL,FR,P04
42,167500,UL,FR,P04
42,172500,UL,FR,P04
42,175000,UL,FR,P04
42,177500,UL,FR,P04
42,180000,UL,FR,P04
42,182500,UL,FR,P04
42,185000,UL,FR,P04
42,192500,UL,FR,P04
42,202500,UL,FR,P04
42,205000,UL,FR,P04
42,207500,UL,FR,P04
42,210000,UL,FR,P04
42,220000,UL,FR,P04
42,232500,UL,FR,P04
42,235000,UL,FR,P04
42,305000,UL,FR,P04
42,362500,UL,FR,P04
42,370000,UL,FR,P04
42,415000,UL,FR,P04
42,417500,UL,FR,P04
42,420000,UL,FR,P04
42,422500,UL,FR,P04
42,425000,UL,FR,P04
42,427500,UL,FR,P04
42,430000,UL,FR,P04
42,432500,UL,FR,P04
42,435000,UL,FR,P04
42,437500,UL,FR,P04
42,440000,UL,FR,P04
42,442500,UL,FR,P04
42,445000,UL,FR,P04
42,447500,UL,FR,P04
42,450000,UL,FR,P04
42,452500,UL,FR,P04
42,455000,UL,FR,P04
42,457500,UL,FR,P04
42,465000,UL,FR,P04
42,467500,UL,FR,P04
42,470000,UL,FR,P04
42,472500,UL,FR,P04
42,490000,UL,FR,P04
42,497500,UL,FR,P04
42,500000,UL,FR,P04
42,502500,UL,FR,P04
42,505000,UL,FR,P04
42,507500,UL,FR,P04
42,510000,UL,FR,P04
42,512500,UL,FR,P04
42,515000,UL,FR,P04
42,517500,UL,FR,P04
42,520000,UL,FR,P04
42,522500,UL,FR,P04
42,525000,UL,FR,P04
42,527500,UL,FR,P04
42,530000,UL,FR,P04
42,532500,UL,FR,P04
42,535000,UL,FR,P04
42,537500,UL,FR,P04
42,540000,UL,FR,P04
42,542500,UL,FR,P04
42,545000,UL,FR,P04
42,547500,UL,FR,P04
42,557500,UL,FR,P04
42,560000,UL,FR,P04
42,562500,UL,FR,P04
42,565000,UL,FR,P04
42,572500,UL,FR,P04
42,577500,UL,FR,P04
42,580000,UL,FR,P04
42,582500,UL,FR,P04
42,585000,UL,FR,P04
42,590000,UL,FR,P04
42,592500,UL,FR,P04
42,595000,UL,FR,P04
42,597500,UL,FR,P04
42,602500,UL,FR,P04
42,605000,UL,FR,P04
42,607500,UL,FR,P04
42,610000,UL,FR,P04
42,612500,UL,FR,P04
42,615000,UL,FR,P04
42,620000,UL,FR,P04
42,622500,UL,FR,P04
42,625000,UL,FR,P04
42,640000,UL,FR,P04
42,642500,UL,FR,P04
42,645000,UL,FR,P04
42,647500,UL,FR,P04
42,650000,UL,FR,P04
42,652500,UL,FR,P04
42,655000,UL,FR,P04
42,657500,UL,FR,P04
42,660000,UL,FR,P04
42,662500,UL,FR,P04
42,667500,UL,FR,P04
42,677500,UL,FR,P04
42,680000,UL,FR,P04
42,682500,UL,FR,P04
42,685000,UL,FR,P04
42,687500,UL,FR,P04
42,690000,UL,FR,P04
42,720000,UL,FR,P04
42,740000,UL,FR,P04
42,742500,UL,FR,P04
42,745000,UL,FR,P04
42,747500,UL,FR,P04
42,750000,UL,FR,P04
42,752500,UL,FR,P04
42,755000,UL,FR,P04
42,757500,UL,FR,P04
42,760000,UL,FR,P04
42,770000,UL,FR,P04
42,772500,UL,FR,P04
42,775000,UL,FR,P04
42,777500,UL,FR,P04
42,780000,UL,FR,P04
42,782500,UL,FR,P04
42,785000,UL,FR,P04
42,787500,UL,FR,P04
42,790000,UL,FR,P04
42,792500,UL,FR,P04
42,795000,UL,FR,P04
42,797500,UL,FR,P04
42,800000,UL,FR,P04
42,802500,UL,FR,P04
42,805000,UL,FR,P04
42,807500,UL,FR,P04
42,810000,UL,FR,P04
42,812500,UL,FR,P04
42,860000,UL,FR,P04
42,882500,UL,FR,P04
42,885000,UL,FR,P04
42,887500,UL,FR,P04
42,895000,UL,FR,P04
42,900000,UL,FR,P04
42,957500,UL,FR,P04
42,965000,UL,FR,P04
42,1015000,UL,FR,P04
42,1097500,UL,FR,P04
43,7500,UL,LU,P04
43,10000,UL,LU,P04
43,20000,UL,LU,P04
43,25000,UL,LU,P04
43,27500,UL,LU,P04
43,30000,UL,LU,P04
43,62500,UL,LU,P04
43,130000,UL,LU,P04
43,137500,UL,LU,P04
43,140000,UL,LU,P04
43,142500,UL,LU,P04
43,145000,UL,LU,P04
43,147500,UL,LU,P04
43,150000,UL,LU,P04
43,167500,UL,LU,P04
43,180000,UL,LU,P04
43,182500,UL,LU,P04
43,210000,UL,LU,P04
43,220000,UL,LU,P04
43,267500,UL,LU,P04
43,315000,UL,LU,P04
43,342500,UL,LU,P04
43,345000,UL,LU,P04
43,347500,UL,LU,P04
43,357500,UL,LU,P04
43,360000,UL,LU,P04
43,362500,UL,LU,P04
43,365000,UL,LU,P04
43,367500,UL,LU,P04
43,370000,UL,LU,P04
43,385000,UL,LU,P04
43,387500,UL,LU,P04
43,460000,UL,LU,P04
43,462500,UL,LU,P04
43,465000,UL,LU,P04
43,467500,UL,LU,P04
43,470000,UL,LU,P04
43,472500,UL,LU,P04
43,475000,UL,LU,P04
43,480000,UL,LU,P04
43,485000,UL,LU,P04
43,580000,UL,LU,P04
43,632500,UL,LU,P04
43,635000,UL,LU,P04
43,682500,UL,LU,P04
43,685000,UL,LU,P04
43,690000,UL,LU,P04
43,710000,UL,LU,P04
43,742500,UL,LU,P04
43,745000,UL,LU,P04
43,747500,UL,LU,P04
43,815000,UL,LU,P04
43,817500,UL,LU,P04
43,822500,UL,LU,P04
43,825000,UL,LU,P04
43,827500,UL,LU,P04
43,830000,UL,LU,P04
43,832500,UL,LU,P04
43,877500,UL,LU,P04
43,880000,UL,LU,P04
43,897500,UL,LU,P04
43,905000,UL,LU,P04
43,922500,UL,LU,P04
43,925000,UL,LU,P04
43,932500,UL,LU,P04
43,935000,UL,LU,P04
43,1022500,UL,LU,P04
43,1117500,UL,LU,P04
44,0,UL,XP,P04
44,2500,UL,XP,P04
44,5000,UL,XP,P04
44,12500,UL,XP,P04
44,17500,UL,XP,P04
44,22500,UL,XP,P04
44,25000,UL,XP,P04
44,27500,UL,XP,P04
44,32500,UL,XP,P04
44,47500,UL,XP,P04
44,100000,UL,XP,P04
44,135000,UL,XP,P04
44,137500,UL,XP,P04
44,140000,UL,XP,P04
44,142500,UL,XP,P04
44,145000,UL,XP,P04
44,147500,UL,XP,P04
44,150000,UL,XP,P04
44,152500,UL,XP,P04
44,155000,UL,XP,P04
44,157500,UL,XP,P04
44,160000,UL,XP,P04
44,162500,UL,XP,P04
44,165000,UL,XP,P04
44,167500,UL,XP,P04
44,170000,UL,XP,P04
44,172500,UL,XP,P04
44,175000,UL,XP,P04
44,177500,UL,XP,P04
44,180000,UL,XP,P04
44,182500,UL,XP,P04
44,185000,UL,XP,P04
44,187500,UL,XP,P04
44,190000,UL,XP,P04
44,192500,UL,XP,P04
44,195000,UL,XP,P04
44,202500,UL,XP,P04
44,205000,UL,XP,P04
44,207500,UL,XP,P04
44,210000,UL,XP,P04
44,212500,UL,XP,P04
44,215000,UL,XP,P04
44,217500,UL,XP,P04
44,220000,UL,XP,P04
44,222500,UL,XP,P04
44,225000,UL,XP,P04
44,227500,UL,XP,P04
44,230000,UL,XP,P04
44,235000,UL,XP,P04
44,305000,UL,XP,P04
44,315000,UL,XP,P04
44,360000,UL,XP,P04
44,370000,UL,XP,P04
44,372500,UL,XP,P04
44,375000,UL,XP,P04
44,377500,UL,XP,P04
44,385000,UL,XP,P04
44,407500,UL,XP,P04
44,440000,UL,XP,P04
44,460000,UL,XP,P04
44,462500,UL,XP,P04
44,465000,UL,XP,P04
44,467500,UL,XP,P04
44,470000,UL,XP,P04
44,472500,UL,XP,P04
44,475000,UL,XP,P04
44,477500,UL,XP,P04
44,480000,UL,XP,P04
44,482500,UL,XP,P04
44,485000,UL,XP,P04
44,487500,UL,XP,P04
44,490000,UL,XP,P04
44,492500,UL,XP,P04
44,497500,UL,XP,P04
44,545000,UL,XP,P04
44,547500,UL,XP,P04
44,550000,UL,XP,P04
44,552500,UL,XP,P04
44,555000,UL,XP,P04
44,557500,UL,XP,P04
44,560000,UL,XP,P04
44,562500,UL,XP,P04
44,565000,UL,XP,P04
44,567500,UL,XP,P04
44,570000,UL,XP,P04
44,572500,UL,XP,P04
44,575000,UL,XP,P04
44,577500,UL,XP,P04
44,580000,UL,XP,P04
44,602500,UL,XP,P04
44,667500,UL,XP,P04
44,670000,UL,XP,P04
44,672500,UL,XP,P04
44,682500,UL,XP,P04
44,685000,UL,XP,P04
44,690000,UL,XP,P04
44,692500,UL,XP,P04
44,695000,UL,XP,P04
44,697500,UL,XP,P04
44,700000,UL,XP,P04
44,702500,UL,XP,P04
44,705000,UL,XP,P04
44,707500,UL,XP,P04
44,710000,UL,XP,P04
44,712500,UL,XP,P04
44,715000,UL,XP,P04
44,717500,UL,XP,P04
44,720000,UL,XP,P04
44,722500,UL,XP,P04
44,725000,UL,XP,P04
44,727500,UL,XP,P04
44,730000,UL,XP,P04
44,732500,UL,XP,P04
44,735000,UL,XP,P04
44,737500,UL,XP,P04
44,740000,UL,XP,P04
44,742500,UL,XP,P04
44,745000,UL,XP,P04
44,747500,UL,XP,P04
44,750000,UL,XP,P04
44,825000,UL,XP,P04
44,827500,UL,XP,P04
44,830000,UL,XP,P04
44,835000,UL,XP,P04
44,975000,UL,XP,P04
44,977500,UL,XP,P04
44,985000,UL,XP,P04
44,987500,UL,XP,P04
44,992500,UL,XP,P04
44,1097500,UL,XP,P04
44,1107500,UL,XP,P04
45,0,UR,FR,P04
45,2500,UR,FR,P04
45,5000,UR,FR,P04
45,7500,UR,FR,P04
45,10000,UR,FR,P04
45,12500,UR,FR,P04
45,35000,UR,FR,P04
45,42500,UR,FR,P04
45,45000,UR,FR,P04
45,50000,UR,FR,P04
45,62500,UR,FR,P04
45,65000,UR,FR,P04
45,67500,UR,FR,P04
45,95000,UR,FR,P04
45,97500,UR,FR,P04
45,100000,UR,FR,P04
45,102500,UR,FR,P04
45,122500,UR,FR,P04
45,125000,UR,FR,P04
45,137500,UR,FR,P04
45,140000,UR,FR,P04
45,142500,UR,FR,P04
45,145000,UR,FR,P04
45,147500,UR,FR,P04
45,150000,UR,FR,P04
45,152500,UR,FR,P04
45,155000,UR,FR,P04
45,157500,UR,FR,P04
45,160000,UR,FR,P04
45,162500,UR,FR,P04
45,165000,UR,FR,P04
45,167500,UR,FR,P04
45,170000,UR,FR,P04
45,172500,UR,FR,P04
45,175000,UR,FR,P04
45,177500,UR,FR,P04
45,180000,UR,FR,P04
45,182500,UR,FR,P04
45,185000,UR,FR,P04
45,187500,UR,FR,P04
45,190000,UR,FR,P04
45,192500,UR,FR,P04
45,195000,UR,FR,P04
45,202500,UR,FR,P04
45,205000,UR,FR,P04
45,207500,UR,FR,P04
45,210000,UR,FR,P04
45,215000,UR,FR,P04
45,217500,UR,FR,P04
45,220000,UR,FR,P04
45,222500,UR,FR,P04
45,227500,UR,FR,P04
45,235000,UR,FR,P04
45,237500,UR,FR,P04
45,242500,UR,FR,P04
45,245000,UR,FR,P04
45,247500,UR,FR,P04
45,250000,UR,FR,P04
45,252500,UR,FR,P04
45,255000,UR,FR,P04
45,257500,UR,FR,P04
45,260000,UR,FR,P04
45,262500,UR,FR,P04
45,265000,UR,FR,P04
45,267500,UR,FR,P04
45,305000,UR,FR,P04
45,307500,UR,FR,P04
45,310000,UR,FR,P04
45,312500,UR,FR,P04
45,315000,UR,FR,P04
45,317500,UR,FR,P04
45,320000,UR,FR,P04
45,322500,UR,FR,P04
45,325000,UR,FR,P04
45,327500,UR,FR,P04
45,330000,UR,FR,P04
45,332500,UR,FR,P04
45,335000,UR,FR,P04
45,337500,UR,FR,P04
45,340000,UR,FR,P04
45,342500,UR,FR,P04
45,345000,UR,FR,P04
45,347500,UR,FR,P04
45,350000,UR,FR,P04
45,352500,UR,FR,P04
45,355000,UR,FR,P04
45,357500,UR,FR,P04
45,360000,UR,FR,P04
45,362500,UR,FR,P04
45,365000,UR,FR,P04
45,367500,UR,FR,P04
45,405000,UR,FR,P04
45,410000,UR,FR,P04
45,412500,UR,FR,P04
45,415000,UR,FR,P04
45,417500,UR,FR,P04
45,420000,UR,FR,P04
45,422500,UR,FR,P04
45,425000,UR,FR,P04
45,427500,UR,FR,P04
45,430000,UR,FR,P04
45,432500,UR,FR,P04
45,435000,UR,FR,P04
45,437500,UR,FR,P04
45,440000,UR,FR,P04
45,442500,UR,FR,P04
45,445000,UR,FR,P04
45,447500,UR,FR,P04
45,450000,UR,FR,P04
45,452500,UR,FR,P04
45,455000,UR,FR,P04
45,457500,UR,FR,P04
45,460000,UR,FR,P04
45,467500,UR,FR,P04
45,475000,UR,FR,P04
45,477500,UR,FR,P04
45,480000,UR,FR,P04
45,482500,UR,FR,P04
45,485000,UR,FR,P04
45,490000,UR,FR,P04
45,492500,UR,FR,P04
45,495000,UR,FR,P04
45,497500,UR,FR,P04
45,502500,UR,FR,P04
45,505000,UR,FR,P04
45,507500,UR,FR,P04
45,510000,UR,FR,P04
45,512500,UR,FR,P04
45,515000,UR,FR,P04
45,517500,UR,FR,P04
45,520000,UR,FR,P04
45,522500,UR,FR,P04
45,525000,UR,FR,P04
45,527500,UR,FR,P04
45,530000,UR,FR,P04
45,532500,UR,FR,P04
45,535000,UR,FR,P04
45,537500,UR,FR,P04
45,540000,UR,FR,P04
45,542500,UR,FR,P04
45,545000,UR,FR,P04
45,547500,UR,FR,P04
45,550000,UR,FR,P04
45,552500,UR,FR,P04
45,555000,UR,FR,P04
45,557500,UR,FR,P04
45,560000,UR,FR,P04
45,562500,UR,FR,P04
45,565000,UR,FR,P04
45,567500,UR,FR,P04
45,570000,UR,FR,P04
45,572500,UR,FR,P04
45,575000,UR,FR,P04
45,577500,UR,FR,P04
45,580000,UR,FR,P04
45,582500,UR,FR,P04
45,585000,UR,FR,P04
45,587500,UR,FR,P04
45,590000,UR,FR,P04
45,592500,UR,FR,P04
45,595000,UR,FR,P04
45,597500,UR,FR,P04
45,600000,UR,FR,P04
45,602500,UR,FR,P04
45,605000,UR,FR,P04
45,607500,UR,FR,P04
45,610000,UR,FR,P04
45,612500,UR,FR,P04
45,615000,UR,FR,P04
45,620000,UR,FR,P04
45,622500,UR,FR,P04
45,625000,UR,FR,P04
45,630000,UR,FR,P04
45,632500,UR,FR,P04
45,635000,UR,FR,P04
45,637500,UR,FR,P04
45,640000,UR,FR,P04
45,642500,UR,FR,P04
45,645000,UR,FR,P04
45,647500,UR,FR,P04
45,650000,UR,FR,P04
45,652500,UR,FR,P04
45,655000,UR,FR,P04
45,657500,UR,FR,P04
45,660000,UR,FR,P04
45,662500,UR,FR,P04
45,665000,UR,FR,P04
45,667500,UR,FR,P04
45,677500,UR,FR,P04
45,680000,UR,FR,P04
45,682500,UR,FR,P04
45,685000,UR,FR,P04
45,687500,UR,FR,P04
45,690000,UR,FR,P04
45,697500,UR,FR,P04
45,705000,UR,FR,P04
45,707500,UR,FR,P04
45,710000,UR,FR,P04
45,712500,UR,FR,P04
45,715000,UR,FR,P04
45,717500,UR,FR,P04
45,720000,UR,FR,P04
45,722500,UR,FR,P04
45,725000,UR,FR,P04
45,727500,UR,FR,P04
45,737500,UR,FR,P04
45,740000,UR,FR,P04
45,742500,UR,FR,P04
45,745000,UR,FR,P04
45,747500,UR,FR,P04
45,750000,UR,FR,P04
45,752500,UR,FR,P04
45,755000,UR,FR,P04
45,757500,UR,FR,P04
45,760000,UR,FR,P04
45,762500,UR,FR,P04
45,767500,UR,FR,P04
45,770000,UR,FR,P04
45,772500,UR,FR,P04
45,775000,UR,FR,P04
45,777500,UR,FR,P04
45,780000,UR,FR,P04
45,782500,UR,FR,P04
45,785000,UR,FR,P04
45,787500,UR,FR,P04
45,790000,UR,FR,P04
45,792500,UR,FR,P04
45,795000,UR,FR,P04
45,797500,UR,FR,P04
45,800000,UR,FR,P04
45,802500,UR,FR,P04
45,805000,UR,FR,P04
45,812500,UR,FR,P04
45,815000,UR,FR,P04
45,817500,UR,FR,P04
45,820000,UR,FR,P04
45,822500,UR,FR,P04
45,830000,UR,FR,P04
45,860000,UR,FR,P04
45,862500,UR,FR,P04
45,865000,UR,FR,P04
45,867500,UR,FR,P04
45,872500,UR,FR,P04
45,877500,UR,FR,P04
45,880000,UR,FR,P04
45,882500,UR,FR,P04
45,885000,UR,FR,P04
45,887500,UR,FR,P04
45,890000,UR,FR,P04
45,892500,UR,FR,P04
45,895000,UR,FR,P04
45,897500,UR,FR,P04
45,905000,UR,FR,P04
45,915000,UR,FR,P04
45,925000,UR,FR,P04
45,927500,UR,FR,P04
45,930000,UR,FR,P04
45,932500,UR,FR,P04
45,935000,UR,FR,P04
45,937500,UR,FR,P04
45,940000,UR,FR,P04
45,942500,UR,FR,P04
45,957500,UR,FR,P04
45,960000,UR,FR,P04
45,985000,UR,FR,P04
45,990000,UR,FR,P04
45,992500,UR,FR,P04
45,1007500,UR,FR,P04
45,1010000,UR,FR,P04
45,1015000,UR,FR,P04
45,1017500,UR,FR,P04
45,1032500,UR,FR,P04
45,1035000,UR,FR,P04
45,1037500,UR,FR,P04
45,1040000,UR,FR,P04
45,1045000,UR,FR,P04
45,1047500,UR,FR,P04
45,1050000,UR,FR,P04
45,1100000,UR,FR,P04
45,1105000,UR,FR,P04
45,1107500,UR,FR,P04
45,1110000,UR,FR,P04
45,1122500,UR,FR,P04
45,1125000,UR,FR,P04
45,1127500,UR,FR,P04
45,1162500,UR,FR,P04
45,1165000,UR,FR,P04
45,1167500,UR,FR,P04
45,1170000,UR,FR,P04
45,1215000,UR,FR,P04
45,1217500,UR,FR,P04
45,1220000,UR,FR,P04
45,1222500,UR,FR,P04
45,1225000,UR,FR,P04
45,1227500,UR,FR,P04
46,7500,UR,LU,P04
46,10000,UR,LU,P04
46,25000,UR,LU,P04
46,27500,UR,LU,P04
46,95000,UR,LU,P04
46,122500,UR,LU,P04
46,125000,UR,LU,P04
46,137500,UR,LU,P04
46,140000,UR,LU,P04
46,142500,UR,LU,P04
46,145000,UR,LU,P04
46,147500,UR,LU,P04
46,167500,UR,LU,P04
46,315000,UR,LU,P04
46,337500,UR,LU,P04
46,340000,UR,LU,P04
46,342500,UR,LU,P04
46,345000,UR,LU,P04
46,350000,UR,LU,P04
46,370000,UR,LU,P04
46,460000,UR,LU,P04
46,462500,UR,LU,P04
46,465000,UR,LU,P04
46,467500,UR,LU,P04
46,470000,UR,LU,P04
46,472500,UR,LU,P04
46,475000,UR,LU,P04
46,580000,UR,LU,P04
46,630000,UR,LU,P04
46,632500,UR,LU,P04
46,635000,UR,LU,P04
46,637500,UR,LU,P04
46,682500,UR,LU,P04
46,685000,UR,LU,P04
46,690000,UR,LU,P04
46,720000,UR,LU,P04
46,747500,UR,LU,P04
46,762500,UR,LU,P04
46,815000,UR,LU,P04
46,822500,UR,LU,P04
46,825000,UR,LU,P04
46,827500,UR,LU,P04
46,830000,UR,LU,P04
46,887500,UR,LU,P04
46,912500,UR,LU,P04
46,922500,UR,LU,P04
46,932500,UR,LU,P04
46,987500,UR,LU,P04
47,0,UR,XP,P04
47,2500,UR,XP,P04
47,5000,UR,XP,P04
47,7500,UR,XP,P04
47,10000,UR,XP,P04
47,12500,UR,XP,P04
47,20000,UR,XP,P04
47,22500,UR,XP,P04
47,25000,UR,XP,P04
47,27500,UR,XP,P04
47,30000,UR,XP,P04
47,32500,UR,XP,P04
47,35000,UR,XP,P04
47,37500,UR,XP,P04
47,40000,UR,XP,P04
47,42500,UR,XP,P04
47,45000,UR,XP,P04
47,47500,UR,XP,P04
47,60000,UR,XP,P04
47,65000,UR,XP,P04
47,67500,UR,XP,P04
47,70000,UR,XP,P04
47,72500,UR,XP,P04
47,90000,UR,XP,P04
47,95000,UR,XP,P04
47,107500,UR,XP,P04
47,115000,UR,XP,P04
47,120000,UR,XP,P04
47,122500,UR,XP,P04
47,125000,UR,XP,P04
47,127500,UR,XP,P04
47,130000,UR,XP,P04
47,135000,UR,XP,P04
47,137500,UR,XP,P04
47,140000,UR,XP,P04
47,142500,UR,XP,P04
47,145000,UR,XP,P04
47,147500,UR,XP,P04
47,150000,UR,XP,P04
47,152500,UR,XP,P04
47,155000,UR,XP,P04
47,157500,UR,XP,P04
47,160000,UR,XP,P04
47,162500,UR,XP,P04
47,165000,UR,XP,P04
47,167500,UR,XP,P04
47,170000,UR,XP,P04
47,172500,UR,XP,P04
47,175000,UR,XP,P04
47,177500,UR,XP,P04
47,180000,UR,XP,P04
47,182500,UR,XP,P04
47,185000,UR,XP,P04
47,187500,UR,XP,P04
47,190000,UR,XP,P04
47,192500,UR,XP,P04
47,195000,UR,XP,P04
47,202500,UR,XP,P04
47,205000,UR,XP,P04
47,207500,UR,XP,P04
47,210000,UR,XP,P04
47,217500,UR,XP,P04
47,220000,UR,XP,P04
47,222500,UR,XP,P04
47,225000,UR,XP,P04
47,227500,UR,XP,P04
47,230000,UR,XP,P04
47,232500,UR,XP,P04
47,235000,UR,XP,P04
47,237500,UR,XP,P04
47,240000,UR,XP,P04
47,242500,UR,XP,P04
47,252500,UR,XP,P04
47,255000,UR,XP,P04
47,257500,UR,XP,P04
47,260000,UR,XP,P04
47,262500,UR,XP,P04
47,265000,UR,XP,P04
47,267500,UR,XP,P04
47,272500,UR,XP,P04
47,275000,UR,XP,P04
47,280000,UR,XP,P04
47,282500,UR,XP,P04
47,290000,UR,XP,P04
47,292500,UR,XP,P04
47,295000,UR,XP,P04
47,297500,UR,XP,P04
47,300000,UR,XP,P04
47,305000,UR,XP,P04
47,307500,UR,XP,P04
47,310000,UR,XP,P04
47,312500,UR,XP,P04
47,315000,UR,XP,P04
47,317500,UR,XP,P04
47,320000,UR,XP,P04
47,322500,UR,XP,P04
47,325000,UR,XP,P04
47,327500,UR,XP,P04
47,330000,UR,XP,P04
47,332500,UR,XP,P04
47,345000,UR,XP,P04
47,347500,UR,XP,P04
47,350000,UR,XP,P04
47,352500,UR,XP,P04
47,355000,UR,XP,P04
47,357500,UR,XP,P04
47,360000,UR,XP,P04
47,362500,UR,XP,P04
47,365000,UR,XP,P04
47,367500,UR,XP,P04
47,370000,UR,XP,P04
47,387500,UR,XP,P04
47,390000,UR,XP,P04
47,392500,UR,XP,P04
47,395000,UR,XP,P04
47,397500,UR,XP,P04
47,407500,UR,XP,P04
47,410000,UR,XP,P04
47,412500,UR,XP,P04
47,415000,UR,XP,P04
47,417500,UR,XP,P04
47,420000,UR,XP,P04
47,422500,UR,XP,P04
47,425000,UR,XP,P04
47,427500,UR,XP,P04
47,430000,UR,XP,P04
47,432500,UR,XP,P04
47,435000,UR,XP,P04
47,437500,UR,XP,P04
47,440000,UR,XP,P04
47,442500,UR,XP,P04
47,445000,UR,XP,P04
47,447500,UR,XP,P04
47,450000,UR,XP,P04
47,452500,UR,XP,P04
47,455000,UR,XP,P04
47,457500,UR,XP,P04
47,460000,UR,XP,P04
47,462500,UR,XP,P04
47,465000,UR,XP,P04
47,467500,UR,XP,P04
47,470000,UR,XP,P04
47,472500,UR,XP,P04
47,475000,UR,XP,P04
47,477500,UR,XP,P04
47,480000,UR,XP,P04
47,482500,UR,XP,P04
47,485000,UR,XP,P04
47,487500,UR,XP,P04
47,490000,UR,XP,P04
47,492500,UR,XP,P04
47,495000,UR,XP,P04
47,497500,UR,XP,P04
47,500000,UR,XP,P04
47,502500,UR,XP,P04
47,505000,UR,XP,P04
47,507500,UR,XP,P04
47,510000,UR,XP,P04
47,512500,UR,XP,P04
47,515000,UR,XP,P04
47,517500,UR,XP,P04
47,520000,UR,XP,P04
47,522500,UR,XP,P04
47,525000,UR,XP,P04
47,527500,UR,XP,P04
47,530000,UR,XP,P04
47,532500,UR,XP,P04
47,535000,UR,XP,P04
47,540000,UR,XP,P04
47,542500,UR,XP,P04
47,545000,UR,XP,P04
47,547500,UR,XP,P04
47,550000,UR,XP,P04
47,552500,UR,XP,P04
47,555000,UR,XP,P04
47,557500,UR,XP,P04
47,560000,UR,XP,P04
47,562500,UR,XP,P04
47,565000,UR,XP,P04
47,567500,UR,XP,P04
47,570000,UR,XP,P04
47,572500,UR,XP,P04
47,575000,UR,XP,P04
47,577500,UR,XP,P04
47,580000,UR,XP,P04
47,582500,UR,XP,P04
47,585000,UR,XP,P04
47,587500,UR,XP,P04
47,590000,UR,XP,P04
47,592500,UR,XP,P04
47,595000,UR,XP,P04
47,597500,UR,XP,P04
47,600000,UR,XP,P04
47,602500,UR,XP,P04
47,605000,UR,XP,P04
47,607500,UR,XP,P04
47,610000,UR,XP,P04
47,612500,UR,XP,P04
47,615000,UR,XP,P04
47,640000,UR,XP,P04
47,642500,UR,XP,P04
47,645000,UR,XP,P04
47,647500,UR,XP,P04
47,650000,UR,XP,P04
47,652500,UR,XP,P04
47,655000,UR,XP,P04
47,657500,UR,XP,P04
47,660000,UR,XP,P04
47,662500,UR,XP,P04
47,665000,UR,XP,P04
47,667500,UR,XP,P04
47,670000,UR,XP,P04
47,672500,UR,XP,P04
47,675000,UR,XP,P04
47,677500,UR,XP,P04
47,682500,UR,XP,P04
47,685000,UR,XP,P04
47,687500,UR,XP,P04
47,690000,UR,XP,P04
47,692500,UR,XP,P04
47,695000,UR,XP,P04
47,705000,UR,XP,P04
47,707500,UR,XP,P04
47,710000,UR,XP,P04
47,715000,UR,XP,P04
47,730000,UR,XP,P04
47,732500,UR,XP,P04
47,735000,UR,XP,P04
47,737500,UR,XP,P04
47,740000,UR,XP,P04
47,742500,UR,XP,P04
47,745000,UR,XP,P04
47,747500,UR,XP,P04
47,750000,UR,XP,P04
47,752500,UR,XP,P04
47,755000,UR,XP,P04
47,757500,UR,XP,P04
47,760000,UR,XP,P04
47,765000,UR,XP,P04
47,767500,UR,XP,P04
47,770000,UR,XP,P04
47,772500,UR,XP,P04
47,775000,UR,XP,P04
47,777500,UR,XP,P04
47,780000,UR,XP,P04
47,782500,UR,XP,P04
47,785000,UR,XP,P04
47,787500,UR,XP,P04
47,790000,UR,XP,P04
47,792500,UR,XP,P04
47,797500,UR,XP,P04
47,800000,UR,XP,P04
47,802500,UR,XP,P04
47,805000,UR,XP,P04
47,810000,UR,XP,P04
47,812500,UR,XP,P04
47,815000,UR,XP,P04
47,817500,UR,XP,P04
47,820000,UR,XP,P04
47,822500,UR,XP,P04
47,825000,UR,XP,P04
47,827500,UR,XP,P04
47,830000,UR,XP,P04
47,832500,UR,XP,P04
47,835000,UR,XP,P04
47,837500,UR,XP,P04
47,840000,UR,XP,P04
47,842500,UR,XP,P04
47,845000,UR,XP,P04
47,847500,UR,XP,P04
47,850000,UR,XP,P04
47,852500,UR,XP,P04
47,855000,UR,XP,P04
47,857500,UR,XP,P04
47,860000,UR,XP,P04
47,865000,UR,XP,P04
47,867500,UR,XP,P04
47,870000,UR,XP,P04
47,872500,UR,XP,P04
47,875000,UR,XP,P04
47,877500,UR,XP,P04
47,880000,UR,XP,P04
47,882500,UR,XP,P04
47,885000,UR,XP,P04
47,887500,UR,XP,P04
47,890000,UR,XP,P04
47,892500,UR,XP,P04
47,895000,UR,XP,P04
47,897500,UR,XP,P04
47,900000,UR,XP,P04
47,902500,UR,XP,P04
47,910000,UR,XP,P04
47,912500,UR,XP,P04
47,922500,UR,XP,P04
47,925000,UR,XP,P04
47,927500,UR,XP,P04
47,930000,UR,XP,P04
47,932500,UR,XP,P04
47,935000,UR,XP,P04
47,937500,UR,XP,P04
47,940000,UR,XP,P04
47,942500,UR,XP,P04
47,957500,UR,XP,P04
47,960000,UR,XP,P04
47,962500,UR,XP,P04
47,965000,UR,XP,P04
47,967500,UR,XP,P04
47,970000,UR,XP,P04
47,975000,UR,XP,P04
47,977500,UR,XP,P04
47,980000,UR,XP,P04
47,982500,UR,XP,P04
47,985000,UR,XP,P04
47,987500,UR,XP,P04
47,990000,UR,XP,P04
47,992500,UR,XP,P04
47,995000,UR,XP,P04
47,997500,UR,XP,P04
47,1000000,UR,XP,P04
47,1002500,UR,XP,P04
47,1005000,UR,XP,P04
47,1007500,UR,XP,P04
47,1010000,UR,XP,P04
47,1012500,UR,XP,P04
47,1015000,UR,XP,P04
47,1017500,UR,XP,P04
47,1020000,UR,XP,P04
47,1022500,UR,XP,P04
47,1025000,UR,XP,P04
47,1030000,UR,XP,P04
47,1032500,UR,XP,P04
47,1037500,UR,XP,P04
47,1050000,UR,XP,P04
47,1052500,UR,XP,P04
47,1055000,UR,XP,P04
47,1057500,UR,XP,P04
47,1060000,UR,XP,P04
47,1082500,UR,XP,P04
47,1085000,UR,XP,P04
47,1087500,UR,XP,P04
47,1090000,UR,XP,P04
47,1092500,UR,XP,P04
47,1095000,UR,XP,P04
47,1097500,UR,XP,P04
47,1100000,UR,XP,P04
47,1102500,UR,XP,P04
47,1105000,UR,XP,P04
47,1107500,UR,XP,P04
47,1110000,UR,XP,P04
47,1112500,UR,XP,P04
47,1115000,UR,XP,P04
47,1117500,UR,XP,P04
47,1120000,UR,XP,P04
47,1122500,UR,XP,P04
47,1125000,UR,XP,P04
47,1127500,UR,XP,P04
47,1130000,UR,XP,P04
47,1132500,UR,XP,P04
47,1135000,UR,XP,P04
47,1137500,UR,XP,P04
47,1140000,UR,XP,P04
47,1142500,UR,XP,P04
47,1145000,UR,XP,P04
47,1147500,UR,XP,P04
47,1150000,UR,XP,P04
47,1152500,UR,XP,P04
47,1155000,UR,XP,P04
47,1157500,UR,XP,P04
47,1160000,UR,XP,P04
47,1162500,UR,XP,P04
47,1165000,UR,XP,P04
47,1167500,UR,XP,P04
47,1170000,UR,XP,P04
47,1172500,UR,XP,P04
47,1175000,UR,XP,P04
47,1177500,UR,XP,P04
47,1180000,UR,XP,P04
47,1182500,UR,XP,P04
47,1185000,UR,XP,P04
47,1187500,UR,XP,P04
47,1190000,UR,XP,P04
47,1192500,UR,XP,P04
47,1195000,UR,XP,P04
47,1197500,UR,XP,P04
47,1200000,UR,XP,P04
47,1202500,UR,XP,P04
47,1205000,UR,XP,P04
47,1207500,UR,XP,P04
47,1210000,UR,XP,P04
47,1212500,UR,XP,P04
47,1215000,UR,XP,P04
47,1217500,UR,XP,P04
47,1220000,UR,XP,P04
47,1222500,UR,XP,P04
47,1225000,UR,XP,P04
47,1227500,UR,XP,P04
47,1230000,UR,XP,P04
47,1232500,UR,XP,P04
47,1235000,UR,XP,P04
47,1237500,UR,XP,P04
47,1240000,UR,XP,P04
47,1242500,UR,XP,P04
47,1245000,UR,XP,P04
47,1247500,UR,XP,P04
48,0,DL,FR,P05
48,2500,DL,FR,P05
48,5000,DL,FR,P05
48,12500,DL,FR,P05
48,15000,DL,FR,P05
48,35000,DL,FR,P05
48,42500,DL,FR,P05
48,67500,DL,FR,P05
48,85000,DL,FR,P05
48,135000,DL,FR,P05
48,137500,DL,FR,P05
48,152500,DL,FR,P05
48,155000,DL,FR,P05
48,157500,DL,FR,P05
48,160000,DL,FR,P05
48,162500,DL,FR,P05
48,170000,DL,FR,P05
48,187500,DL,FR,P05
48,190000,DL,FR,P05
48,210000,DL,FR,P05
48,212500,DL,FR,P05
48,230000,DL,FR,P05
48,237500,DL,FR,P05
48,240000,DL,FR,P05
48,245000,DL,FR,P05
48,265000,DL,FR,P05
48,282500,DL,FR,P05
48,285000,DL,FR,P05
48,292500,DL,FR,P05
48,295000,DL,FR,P05
48,317500,DL,FR,P05
48,320000,DL,FR,P05
48,342500,DL,FR,P05
48,352500,DL,FR,P05
48,355000,DL,FR,P05
48,397500,DL,FR,P05
48,405000,DL,FR,P05
48,417500,DL,FR,P05
48,437500,DL,FR,P05
48,440000,DL,FR,P05
48,442500,DL,FR,P05
48,450000,DL,FR,P05
48,452500,DL,FR,P05
48,462500,DL,FR,P05
48,475000,DL,FR,P05
48,477500,DL,FR,P05
48,480000,DL,FR,P05
48,482500,DL,FR,P05
48,485000,DL,FR,P05
48,487500,DL,FR,P05
48,495000,DL,FR,P05
48,497500,DL,FR,P05
48,500000,DL,FR,P05
48,502500,DL,FR,P05
48,505000,DL,FR,P05
48,507500,DL,FR,P05
48,510000,DL,FR,P05
48,535000,DL,FR,P05
48,537500,DL,FR,P05
48,540000,DL,FR,P05
48,542500,DL,FR,P05
48,547500,DL,FR,P05
48,557500,DL,FR,P05
48,560000,DL,FR,P05
48,567500,DL,FR,P05
48,570000,DL,FR,P05
48,577500,DL,FR,P05
48,580000,DL,FR,P05
48,582500,DL,FR,P05
48,597500,DL,FR,P05
48,630000,DL,FR,P05
48,635000,DL,FR,P05
48,642500,DL,FR,P05
48,645000,DL,FR,P05
48,647500,DL,FR,P05
48,652500,DL,FR,P05
48,665000,DL,FR,P05
48,667500,DL,FR,P05
48,672500,DL,FR,P05
48,677500,DL,FR,P05
48,697500,DL,FR,P05
48,705000,DL,FR,P05
48,715000,DL,FR,P05
48,717500,DL,FR,P05
48,720000,DL,FR,P05
48,722500,DL,FR,P05
48,725000,DL,FR,P05
48,727500,DL,FR,P05
48,730000,DL,FR,P05
48,732500,DL,FR,P05
48,737500,DL,FR,P05
48,740000,DL,FR,P05
48,742500,DL,FR,P05
48,745000,DL,FR,P05
48,752500,DL,FR,P05
48,755000,DL,FR,P05
48,757500,DL,FR,P05
48,762500,DL,FR,P05
48,765000,DL,FR,P05
48,777500,DL,FR,P05
48,780000,DL,FR,P05
48,782500,DL,FR,P05
48,785000,DL,FR,P05
48,787500,DL,FR,P05
48,790000,DL,FR,P05
48,792500,DL,FR,P05
48,795000,DL,FR,P05
48,797500,DL,FR,P05
48,800000,DL,FR,P05
48,802500,DL,FR,P05
48,805000,DL,FR,P05
48,857500,DL,FR,P05
48,877500,DL,FR,P05
48,880000,DL,FR,P05
48,882500,DL,FR,P05
48,885000,DL,FR,P05
48,887500,DL,FR,P05
48,892500,DL,FR,P05
48,895000,DL,FR,P05
48,897500,DL,FR,P05
48,900000,DL,FR,P05
48,902500,DL,FR,P05
48,907500,DL,FR,P05
48,910000,DL,FR,P05
48,917500,DL,FR,P05
48,925000,DL,FR,P05
48,942500,DL,FR,P05
48,945000,DL,FR,P05
48,947500,DL,FR,P05
48,950000,DL,FR,P05
48,952500,DL,FR,P05
48,955000,DL,FR,P05
48,957500,DL,FR,P05
48,960000,DL,FR,P05
48,962500,DL,FR,P05
48,980000,DL,FR,P05
48,982500,DL,FR,P05
48,985000,DL,FR,P05
48,987500,DL,FR,P05
48,990000,DL,FR,P05
48,992500,DL,FR,P05
48,995000,DL,FR,P05
48,997500,DL,FR,P05
48,1000000,DL,FR,P05
48,1002500,DL,FR,P05
48,1005000,DL,FR,P05
48,1010000,DL,FR,P05
48,1012500,DL,FR,P05
48,1015000,DL,FR,P05
48,1017500,DL,FR,P05
48,1020000,DL,FR,P05
48,1022500,DL,FR,P05
48,1030000,DL,FR,P05
48,1032500,DL,FR,P05
48,1037500,DL,FR,P05
48,1042500,DL,FR,P05
48,1055000,DL,FR,P05
48,1072500,DL,FR,P05
48,1075000,DL,FR,P05
48,1077500,DL,FR,P05
48,1080000,DL,FR,P05
48,1082500,DL,FR,P05
48,1085000,DL,FR,P05
48,1087500,DL,FR,P05
48,1090000,DL,FR,P05
48,1092500,DL,FR,P05
48,1095000,DL,FR,P05
48,1097500,DL,FR,P05
48,1100000,DL,FR,P05
48,1102500,DL,FR,P05
48,1105000,DL,FR,P05
48,1107500,DL,FR,P05
48,1110000,DL,FR,P05
48,1112500,DL,FR,P05
49,0,DL,LU,P05
49,2500,DL,LU,P05
49,5000,DL,LU,P05
49,7500,DL,LU,P05
49,10000,DL,LU,P05
49,12500,DL,LU,P05
49,17500,DL,LU,P05
49,20000,DL,LU,P05
49,22500,DL,LU,P05
49,25000,DL,LU,P05
49,27500,DL,LU,P05
49,30000,DL,LU,P05
49,32500,DL,LU,P05
49,35000,DL,LU,P05
49,37500,DL,LU,P05
49,40000,DL,LU,P05
49,42500,DL,LU,P05
49,45000,DL,LU,P05
49,47500,DL,LU,P05
49,52500,DL,LU,P05
49,55000,DL,LU,P05
49,60000,DL,LU,P05
49,62500,DL,LU,P05
49,65000,DL,LU,P05
49,67500,DL,LU,P05
49,70000,DL,LU,P05
49,77500,DL,LU,P05
49,80000,DL,LU,P05
49,82500,DL,LU,P05
49,85000,DL,LU,P05
49,87500,DL,LU,P05
49,97500,DL,LU,P05
49,100000,DL,LU,P05
49,102500,DL,LU,P05
49,105000,DL,LU,P05
49,115000,DL,LU,P05
49,117500,DL,LU,P05
49,120000,DL,LU,P05
49,122500,DL,LU,P05
49,125000,DL,LU,P05
49,130000,DL,LU,P05
49,132500,DL,LU,P05
49,135000,DL,LU,P05
49,137500,DL,LU,P05
49,140000,DL,LU,P05
49,142500,DL,LU,P05
49,145000,DL,LU,P05
49,147500,DL,LU,P05
49,160000,DL,LU,P05
49,162500,DL,LU,P05
49,165000,DL,LU,P05
49,167500,DL,LU,P05
49,170000,DL,LU,P05
49,172500,DL,LU,P05
49,175000,DL,LU,P05
49,177500,DL,LU,P05
49,180000,DL,LU,P05
49,182500,DL,LU,P05
49,185000,DL,LU,P05
49,187500,DL,LU,P05
49,190000,DL,LU,P05
49,207500,DL,LU,P05
49,210000,DL,LU,P05
49,215000,DL,LU,P05
49,217500,DL,LU,P05
49,225000,DL,LU,P05
49,227500,DL,LU,P05
49,230000,DL,LU,P05
49,232500,DL,LU,P05
49,235000,DL,LU,P05
49,237500,DL,LU,P05
49,240000,DL,LU,P05
49,242500,DL,LU,P05
49,245000,DL,LU,P05
49,270000,DL,LU,P05
49,272500,DL,LU,P05
49,275000,DL,LU,P05
49,277500,DL,LU,P05
49,280000,DL,LU,P05
49,282500,DL,LU,P05
49,285000,DL,LU,P05
49,287500,DL,LU,P05
49,290000,DL,LU,P05
49,292500,DL,LU,P05
49,295000,DL,LU,P05
49,325000,DL,LU,P05
49,327500,DL,LU,P05
49,330000,DL,LU,P05
49,332500,DL,LU,P05
49,335000,DL,LU,P05
49,337500,DL,LU,P05
49,340000,DL,LU,P05
49,345000,DL,LU,P05
49,347500,DL,LU,P05
49,367500,DL,LU,P05
49,372500,DL,LU,P05
49,377500,DL,LU,P05
49,380000,DL,LU,P05
49,382500,DL,LU,P05
49,385000,DL,LU,P05
49,387500,DL,LU,P05
49,390000,DL,LU,P05
49,392500,DL,LU,P05
49,395000,DL,LU,P05
49,400000,DL,LU,P05
49,402500,DL,LU,P05
49,405000,DL,LU,P05
49,407500,DL,LU,P05
49,410000,DL,LU,P05
49,412500,DL,LU,P05
49,415000,DL,LU,P05
49,420000,DL,LU,P05
49,422500,DL,LU,P05
49,432500,DL,LU,P05
49,437500,DL,LU,P05
49,440000,DL,LU,P05
49,442500,DL,LU,P05
49,445000,DL,LU,P05
49,447500,DL,LU,P05
49,450000,DL,LU,P05
49,455000,DL,LU,P05
49,457500,DL,LU,P05
49,460000,DL,LU,P05
49,462500,DL,LU,P05
49,465000,DL,LU,P05
49,467500,DL,LU,P05
49,470000,DL,LU,P05
49,472500,DL,LU,P05
49,475000,DL,LU,P05
49,477500,DL,LU,P05
49,482500,DL,LU,P05
49,512500,DL,LU,P05
49,515000,DL,LU,P05
49,517500,DL,LU,P05
49,520000,DL,LU,P05
49,522500,DL,LU,P05
49,527500,DL,LU,P05
49,540000,DL,LU,P05
49,542500,DL,LU,P05
49,547500,DL,LU,P05
49,550000,DL,LU,P05
49,552500,DL,LU,P05
49,555000,DL,LU,P05
49,557500,DL,LU,P05
49,562500,DL,LU,P05
49,570000,DL,LU,P05
49,572500,DL,LU,P05
49,575000,DL,LU,P05
49,577500,DL,LU,P05
49,580000,DL,LU,P05
49,582500,DL,LU,P05
49,585000,DL,LU,P05
49,587500,DL,LU,P05
49,590000,DL,LU,P05
49,592500,DL,LU,P05
49,595000,DL,LU,P05
49,600000,DL,LU,P05
49,602500,DL,LU,P05
49,605000,DL,LU,P05
49,607500,DL,LU,P05
49,622500,DL,LU,P05
49,625000,DL,LU,P05
49,627500,DL,LU,P05
49,630000,DL,LU,P05
49,632500,DL,LU,P05
49,635000,DL,LU,P05
49,652500,DL,LU,P05
49,655000,DL,LU,P05
49,657500,DL,LU,P05
49,660000,DL,LU,P05
49,662500,DL,LU,P05
49,665000,DL,LU,P05
49,667500,DL,LU,P05
49,677500,DL,LU,P05
49,692500,DL,LU,P05
49,695000,DL,LU,P05
49,697500,DL,LU,P05
49,700000,DL,LU,P05
49,702500,DL,LU,P05
49,705000,DL,LU,P05
49,707500,DL,LU,P05
49,710000,DL,LU,P05
49,715000,DL,LU,P05
49,717500,DL,LU,P05
49,720000,DL,LU,P05
49,722500,DL,LU,P05
49,725000,DL,LU,P05
49,727500,DL,LU,P05
49,730000,DL,LU,P05
49,752500,DL,LU,P05
49,755000,DL,LU,P05
49,760000,DL,LU,P05
49,762500,DL,LU,P05
49,765000,DL,LU,P05
49,775000,DL,LU,P05
49,777500,DL,LU,P05
49,780000,DL,LU,P05
49,782500,DL,LU,P05
49,785000,DL,LU,P05
49,787500,DL,LU,P05
49,790000,DL,LU,P05
49,792500,DL,LU,P05
49,795000,DL,LU,P05
49,797500,DL,LU,P05
49,800000,DL,LU,P05
49,802500,DL,LU,P05
49,805000,DL,LU,P05
49,807500,DL,LU,P05
49,810000,DL,LU,P05
49,812500,DL,LU,P05
49,815000,DL,LU,P05
49,817500,DL,LU,P05
49,820000,DL,LU,P05
49,822500,DL,LU,P05
49,825000,DL,LU,P05
49,827500,DL,LU,P05
49,830000,DL,LU,P05
49,832500,DL,LU,P05
49,835000,DL,LU,P05
49,837500,DL,LU,P05
49,840000,DL,LU,P05
49,842500,DL,LU,P05
49,845000,DL,LU,P05
49,847500,DL,LU,P05
49,850000,DL,LU,P05
49,852500,DL,LU,P05
49,855000,DL,LU,P05
49,867500,DL,LU,P05
49,870000,DL,LU,P05
49,872500,DL,LU,P05
49,875000,DL,LU,P05
49,877500,DL,LU,P05
49,880000,DL,LU,P05
49,882500,DL,LU,P05
49,885000,DL,LU,P05
49,887500,DL,LU,P05
49,890000,DL,LU,P05
49,892500,DL,LU,P05
49,897500,DL,LU,P05
49,900000,DL,LU,P05
49,902500,DL,LU,P05
49,905000,DL,LU,P05
49,907500,DL,LU,P05
49,910000,DL,LU,P05
49,912500,DL,LU,P05
49,915000,DL,LU,P05
49,917500,DL,LU,P05
49,920000,DL,LU,P05
49,922500,DL,LU,P05
49,925000,DL,LU,P05
49,927500,DL,LU,P05
49,930000,DL,LU,P05
49,932500,DL,LU,P05
49,940000,DL,LU,P05
49,942500,DL,LU,P05
49,945000,DL,LU,P05
49,947500,DL,LU,P05
49,957500,DL,LU,P05
49,975000,DL,LU,P05
49,977500,DL,LU,P05
49,980000,DL,LU,P05
49,982500,DL,LU,P05
49,985000,DL,LU,P05
49,987500,DL,LU,P05
49,990000,DL,LU,P05
49,992500,DL,LU,P05
49,997500,DL,LU,P05
49,1000000,DL,LU,P05
49,1020000,DL,LU,P05
49,1022500,DL,LU,P05
49,1030000,DL,LU,P05
49,1032500,DL,LU,P05
49,1035000,DL,LU,P05
49,1047500,DL,LU,P05
49,1050000,DL,LU,P05
49,1052500,DL,LU,P05
49,1062500,DL,LU,P05
49,1065000,DL,LU,P05
49,1067500,DL,LU,P05
49,1072500,DL,LU,P05
49,1075000,DL,LU,P05
49,1077500,DL,LU,P05
49,1080000,DL,LU,P05
49,1082500,DL,LU,P05
49,1085000,DL,LU,P05
49,1092500,DL,LU,P05
49,1095000,DL,LU,P05
49,1097500,DL,LU,P05
49,1100000,DL,LU,P05
49,1102500,DL,LU,P05
49,1105000,DL,LU,P05
49,1112500,DL,LU,P05
50,0,DL,XP,P05
50,2500,DL,XP,P05
50,5000,DL,XP,P05
50,7500,DL,XP,P05
50,10000,DL,XP,P05
50,12500,DL,XP,P05
50,15000,DL,XP,P05
50,17500,DL,XP,P05
50,20000,DL,XP,P05
50,25000,DL,XP,P05
50,27500,DL,XP,P05
50,30000,DL,XP,P05
50,32500,DL,XP,P05
50,35000,DL,XP,P05
50,37500,DL,XP,P05
50,40000,DL,XP,P05
50,42500,DL,XP,P05
50,45000,DL,XP,P05
50,47500,DL,XP,P05
50,50000,DL,XP,P05
50,52500,DL,XP,P05
50,55000,DL,XP,P05
50,57500,DL,XP,P05
50,60000,DL,XP,P05
50,62500,DL,XP,P05
50,65000,DL,XP,P05
50,70000,DL,XP,P05
50,72500,DL,XP,P05
50,75000,DL,XP,P05
50,77500,DL,XP,P05
50,80000,DL,XP,P05
50,82500,DL,XP,P05
50,85000,DL,XP,P05
50,87500,DL,XP,P05
50,90000,DL,XP,P05
50,92500,DL,XP,P05
50,95000,DL,XP,P05
50,97500,DL,XP,P05
50,100000,DL,XP,P05
50,102500,DL,XP,P05
50,105000,DL,XP,P05
50,107500,DL,XP,P05
50,110000,DL,XP,P05
50,112500,DL,XP,P05
50,115000,DL,XP,P05
50,117500,DL,XP,P05
50,120000,DL,XP,P05
50,122500,DL,XP,P05
50,125000,DL,XP,P05
50,127500,DL,XP,P05
50,130000,DL,XP,P05
50,132500,DL,XP,P05
50,140000,DL,XP,P05
50,142500,DL,XP,P05
50,145000,DL,XP,P05
50,147500,DL,XP,P05
50,150000,DL,XP,P05
50,152500,DL,XP,P05
50,155000,DL,XP,P05
50,157500,DL,XP,P05
50,160000,DL,XP,P05
50,162500,DL,XP,P05
50,165000,DL,XP,P05
50,167500,DL,XP,P05
50,170000,DL,XP,P05
50,172500,DL,XP,P05
50,175000,DL,XP,P05
50,177500,DL,XP,P05
50,180000,DL,XP,P05
50,182500,DL,XP,P05
50,185000,DL,XP,P05
50,187500,DL,XP,P05
50,190000,DL,XP,P05
50,192500,DL,XP,P05
50,195000,DL,XP,P05
50,197500,DL,XP,P05
50,200000,DL,XP,P05
50,202500,DL,XP,P05
50,205000,DL,XP,P05
50,212500,DL,XP,P05
50,215000,DL,XP,P05
50,217500,DL,XP,P05
50,220000,DL,XP,P05
50,222500,DL,XP,P05
50,225000,DL,XP,P05
50,227500,DL,XP,P05
50,230000,DL,XP,P05
50,232500,DL,XP,P05
50,235000,DL,XP,P05
50,237500,DL,XP,P05
50,240000,DL,XP,P05
50,245000,DL,XP,P05
50,247500,DL,XP,P05
50,250000,DL,XP,P05
50,252500,DL,XP,P05
50,255000,DL,XP,P05
50,257500,DL,XP,P05
50,260000,DL,XP,P05
50,262500,DL,XP,P05
50,265000,DL,XP,P05
50,267500,DL,XP,P05
50,270000,DL,XP,P05
50,272500,DL,XP,P05
50,275000,DL,XP,P05
50,277500,DL,XP,P05
50,280000,DL,XP,P05
50,282500,DL,XP,P05
50,285000,DL,XP,P05
50,287500,DL,XP,P05
50,290000,DL,XP,P05
50,292500,DL,XP,P05
50,295000,DL,XP,P05
50,342500,DL,XP,P05
50,345000,DL,XP,P05
50,347500,DL,XP,P05
50,350000,DL,XP,P05
50,352500,DL,XP,P05
50,355000,DL,XP,P05
50,357500,DL,XP,P05
50,360000,DL,XP,P05
50,362500,DL,XP,P05
50,365000,DL,XP,P05
50,367500,DL,XP,P05
50,370000,DL,XP,P05
50,372500,DL,XP,P05
50,375000,DL,XP,P05
50,377500,DL,XP,P05
50,380000,DL,XP,P05
50,382500,DL,XP,P05
50,385000,DL,XP,P05
50,387500,DL,XP,P05
50,390000,DL,XP,P05
50,392500,DL,XP,P05
50,395000,DL,XP,P05
50,397500,DL,XP,P05
50,400000,DL,XP,P05
50,402500,DL,XP,P05
50,405000,DL,XP,P05
50,407500,DL,XP,P05
50,410000,DL,XP,P05
50,412500,DL,XP,P05
50,415000,DL,XP,P05
50,417500,DL,XP,P05
50,420000,DL,XP,P05
50,422500,DL,XP,P05
50,425000,DL,XP,P05
50,427500,DL,XP,P05
50,430000,DL,XP,P05
50,432500,DL,XP,P05
50,435000,DL,XP,P05
50,437500,DL,XP,P05
50,440000,DL,XP,P05
50,442500,DL,XP,P05
50,445000,DL,XP,P05
50,447500,DL,XP,P05
50,450000,DL,XP,P05
50,452500,DL,XP,P05
50,455000,DL,XP,P05
50,457500,DL,XP,P05
50,460000,DL,XP,P05
50,462500,DL,XP,P05
50,465000,DL,XP,P05
50,467500,DL,XP,P05
50,470000,DL,XP,P05
50,472500,DL,XP,P05
50,475000,DL,XP,P05
50,480000,DL,XP,P05
50,482500,DL,XP,P05
50,485000,DL,XP,P05
50,487500,DL,XP,P05
50,490000,DL,XP,P05
50,492500,DL,XP,P05
50,495000,DL,XP,P05
50,497500,DL,XP,P05
50,500000,DL,XP,P05
50,502500,DL,XP,P05
50,505000,DL,XP,P05
50,507500,DL,XP,P05
50,510000,DL,XP,P05
50,512500,DL,XP,P05
50,515000,DL,XP,P05
50,517500,DL,XP,P05
50,520000,DL,XP,P05
50,522500,DL,XP,P05
50,525000,DL,XP,P05
50,527500,DL,XP,P05
50,530000,DL,XP,P05
50,532500,DL,XP,P05
50,535000,DL,XP,P05
50,540000,DL,XP,P05
50,542500,DL,XP,P05
50,545000,DL,XP,P05
50,562500,DL,XP,P05
50,565000,DL,XP,P05
50,567500,DL,XP,P05
50,570000,DL,XP,P05
50,572500,DL,XP,P05
50,575000,DL,XP,P05
50,577500,DL,XP,P05
50,580000,DL,XP,P05
50,582500,DL,XP,P05
50,585000,DL,XP,P05
50,590000,DL,XP,P05
50,592500,DL,XP,P05
50,595000,DL,XP,P05
50,597500,DL,XP,P05
50,600000,DL,XP,P05
50,602500,DL,XP,P05
50,605000,DL,XP,P05
50,607500,DL,XP,P05
50,610000,DL,XP,P05
50,612500,DL,XP,P05
50,615000,DL,XP,P05
50,617500,DL,XP,P05
50,620000,DL,XP,P05
50,622500,DL,XP,P05
50,625000,DL,XP,P05
50,627500,DL,XP,P05
50,630000,DL,XP,P05
50,632500,DL,XP,P05
50,635000,DL,XP,P05
50,652500,DL,XP,P05
50,655000,DL,XP,P05
50,657500,DL,XP,P05
50,660000,DL,XP,P05
50,662500,DL,XP,P05
50,665000,DL,XP,P05
50,670000,DL,XP,P05
50,672500,DL,XP,P05
50,675000,DL,XP,P05
50,677500,DL,XP,P05
50,697500,DL,XP,P05
50,700000,DL,XP,P05
50,702500,DL,XP,P05
50,705000,DL,XP,P05
50,707500,DL,XP,P05
50,710000,DL,XP,P05
50,712500,DL,XP,P05
50,715000,DL,XP,P05
50,717500,DL,XP,P05
50,720000,DL,XP,P05
50,722500,DL,XP,P05
50,725000,DL,XP,P05
50,727500,DL,XP,P05
50,742500,DL,XP,P05
50,752500,DL,XP,P05
50,755000,DL,XP,P05
50,777500,DL,XP,P05
50,780000,DL,XP,P05
50,782500,DL,XP,P05
50,785000,DL,XP,P05
50,787500,DL,XP,P05
50,790000,DL,XP,P05
50,792500,DL,XP,P05
50,795000,DL,XP,P05
50,797500,DL,XP,P05
50,800000,DL,XP,P05
50,802500,DL,XP,P05
50,805000,DL,XP,P05
50,807500,DL,XP,P05
50,810000,DL,XP,P05
50,812500,DL,XP,P05
50,815000,DL,XP,P05
50,817500,DL,XP,P05
50,820000,DL,XP,P05
50,822500,DL,XP,P05
50,825000,DL,XP,P05
50,827500,DL,XP,P05
50,830000,DL,XP,P05
50,832500,DL,XP,P05
50,835000,DL,XP,P05
50,837500,DL,XP,P05
50,840000,DL,XP,P05
50,842500,DL,XP,P05
50,845000,DL,XP,P05
50,847500,DL,XP,P05
50,850000,DL,XP,P05
50,852500,DL,XP,P05
50,855000,DL,XP,P05
50,857500,DL,XP,P05
50,860000,DL,XP,P05
50,862500,DL,XP,P05
50,865000,DL,XP,P05
50,867500,DL,XP,P05
50,870000,DL,XP,P05
50,872500,DL,XP,P05
50,875000,DL,XP,P05
50,877500,DL,XP,P05
50,880000,DL,XP,P05
50,882500,DL,XP,P05
50,885000,DL,XP,P05
50,887500,DL,XP,P05
50,890000,DL,XP,P05
50,892500,DL,XP,P05
50,895000,DL,XP,P05
50,897500,DL,XP,P05
50,900000,DL,XP,P05
50,902500,DL,XP,P05
50,905000,DL,XP,P05
50,907500,DL,XP,P05
50,910000,DL,XP,P05
50,912500,DL,XP,P05
50,915000,DL,XP,P05
50,917500,DL,XP,P05
50,920000,DL,XP,P05
50,922500,DL,XP,P05
50,925000,DL,XP,P05
50,927500,DL,XP,P05
50,930000,DL,XP,P05
50,932500,DL,XP,P05
50,935000,DL,XP,P05
50,937500,DL,XP,P05
50,940000,DL,XP,P05
50,945000,DL,XP,P05
50,947500,DL,XP,P05
50,950000,DL,XP,P05
50,952500,DL,XP,P05
50,957500,DL,XP,P05
50,1037500,DL,XP,P05
50,1040000,DL,XP,P05
50,1042500,DL,XP,P05
50,1045000,DL,XP,P05
50,1047500,DL,XP,P05
50,1050000,DL,XP,P05
50,1052500,DL,XP,P05
50,1055000,DL,XP,P05
50,1057500,DL,XP,P05
50,1072500,DL,XP,P05
50,1075000,DL,XP,P05
50,1077500,DL,XP,P05
50,1080000,DL,XP,P05
50,1082500,DL,XP,P05
50,1085000,DL,XP,P05
50,1087500,DL,XP,P05
50,1090000,DL,XP,P05
50,1092500,DL,XP,P05
50,1095000,DL,XP,P05
50,1097500,DL,XP,P05
50,1100000,DL,XP,P05
50,1102500,DL,XP,P05
50,1105000,DL,XP,P05
50,1107500,DL,XP,P05
50,1110000,DL,XP,P05
50,1112500,DL,XP,P05
51,0,DR,FR,P05
51,2500,DR,FR,P05
51,5000,DR,FR,P05
51,7500,DR,FR,P05
51,65000,DR,FR,P05
51,135000,DR,FR,P05
51,137500,DR,FR,P05
51,160000,DR,FR,P05
51,205000,DR,FR,P05
51,210000,DR,FR,P05
51,212500,DR,FR,P05
51,220000,DR,FR,P05
51,230000,DR,FR,P05
51,235000,DR,FR,P05
51,237500,DR,FR,P05
51,240000,DR,FR,P05
51,245000,DR,FR,P05
51,265000,DR,FR,P05
51,292500,DR,FR,P05
51,295000,DR,FR,P05
51,342500,DR,FR,P05
51,450000,DR,FR,P05
51,452500,DR,FR,P05
51,462500,DR,FR,P05
51,465000,DR,FR,P05
51,470000,DR,FR,P05
51,477500,DR,FR,P05
51,480000,DR,FR,P05
51,482500,DR,FR,P05
51,485000,DR,FR,P05
51,487500,DR,FR,P05
51,495000,DR,FR,P05
51,497500,DR,FR,P05
51,502500,DR,FR,P05
51,505000,DR,FR,P05
51,510000,DR,FR,P05
51,512500,DR,FR,P05
51,517500,DR,FR,P05
51,520000,DR,FR,P05
51,522500,DR,FR,P05
51,530000,DR,FR,P05
51,532500,DR,FR,P05
51,535000,DR,FR,P05
51,537500,DR,FR,P05
51,540000,DR,FR,P05
51,542500,DR,FR,P05
51,545000,DR,FR,P05
51,547500,DR,FR,P05
51,560000,DR,FR,P05
51,562500,DR,FR,P05
51,575000,DR,FR,P05
51,577500,DR,FR,P05
51,580000,DR,FR,P05
51,632500,DR,FR,P05
51,635000,DR,FR,P05
51,637500,DR,FR,P05
51,667500,DR,FR,P05
51,672500,DR,FR,P05
51,677500,DR,FR,P05
51,695000,DR,FR,P05
51,707500,DR,FR,P05
51,710000,DR,FR,P05
51,715000,DR,FR,P05
51,717500,DR,FR,P05
51,720000,DR,FR,P05
51,725000,DR,FR,P05
51,727500,DR,FR,P05
51,730000,DR,FR,P05
51,732500,DR,FR,P05
51,735000,DR,FR,P05
51,737500,DR,FR,P05
51,740000,DR,FR,P05
51,752500,DR,FR,P05
51,755000,DR,FR,P05
51,757500,DR,FR,P05
51,762500,DR,FR,P05
51,765000,DR,FR,P05
51,772500,DR,FR,P05
51,775000,DR,FR,P05
51,777500,DR,FR,P05
51,780000,DR,FR,P05
51,782500,DR,FR,P05
51,797500,DR,FR,P05
51,802500,DR,FR,P05
51,805000,DR,FR,P05
51,822500,DR,FR,P05
51,825000,DR,FR,P05
51,857500,DR,FR,P05
51,860000,DR,FR,P05
51,877500,DR,FR,P05
51,880000,DR,FR,P05
51,882500,DR,FR,P05
51,885000,DR,FR,P05
51,887500,DR,FR,P05
51,892500,DR,FR,P05
51,897500,DR,FR,P05
51,942500,DR,FR,P05
51,945000,DR,FR,P05
51,947500,DR,FR,P05
51,950000,DR,FR,P05
51,952500,DR,FR,P05
51,955000,DR,FR,P05
51,957500,DR,FR,P05
51,960000,DR,FR,P05
51,965000,DR,FR,P05
51,967500,DR,FR,P05
51,980000,DR,FR,P05
51,982500,DR,FR,P05
51,985000,DR,FR,P05
51,987500,DR,FR,P05
51,990000,DR,FR,P05
51,992500,DR,FR,P05
51,995000,DR,FR,P05
51,997500,DR,FR,P05
51,1000000,DR,FR,P05
51,1002500,DR,FR,P05
51,1005000,DR,FR,P05
51,1007500,DR,FR,P05
51,1010000,DR,FR,P05
51,1012500,DR,FR,P05
51,1015000,DR,FR,P05
51,1017500,DR,FR,P05
51,1020000,DR,FR,P05
51,1022500,DR,FR,P05
51,1025000,DR,FR,P05
51,1030000,DR,FR,P05
51,1032500,DR,FR,P05
51,1055000,DR,FR,P05
51,1057500,DR,FR,P05
51,1072500,DR,FR,P05
51,1075000,DR,FR,P05
51,1077500,DR,FR,P05
51,1080000,DR,FR,P05
51,1082500,DR,FR,P05
51,1085000,DR,FR,P05
51,1087500,DR,FR,P05
51,1090000,DR,FR,P05
51,1092500,DR,FR,P05
51,1095000,DR,FR,P05
51,1097500,DR,FR,P05
51,1105000,DR,FR,P05
51,1112500,DR,FR,P05
52,0,DR,LU,P05
52,2500,DR,LU,P05
52,5000,DR,LU,P05
52,7500,DR,LU,P05
52,10000,DR,LU,P05
52,12500,DR,LU,P05
52,15000,DR,LU,P05
52,17500,DR,LU,P05
52,20000,DR,LU,P05
52,22500,DR,LU,P05
52,25000,DR,LU,P05
52,27500,DR,LU,P05
52,30000,DR,LU,P05
52,37500,DR,LU,P05
52,40000,DR,LU,P05
52,47500,DR,LU,P05
52,50000,DR,LU,P05
52,52500,DR,LU,P05
52,55000,DR,LU,P05
52,57500,DR,LU,P05
52,60000,DR,LU,P05
52,67500,DR,LU,P05
52,70000,DR,LU,P05
52,72500,DR,LU,P05
52,75000,DR,LU,P05
52,77500,DR,LU,P05
52,80000,DR,LU,P05
52,82500,DR,LU,P05
52,85000,DR,LU,P05
52,87500,DR,LU,P05
52,90000,DR,LU,P05
52,92500,DR,LU,P05
52,95000,DR,LU,P05
52,97500,DR,LU,P05
52,100000,DR,LU,P05
52,102500,DR,LU,P05
52,105000,DR,LU,P05
52,107500,DR,LU,P05
52,117500,DR,LU,P05
52,120000,DR,LU,P05
52,122500,DR,LU,P05
52,125000,DR,LU,P05
52,127500,DR,LU,P05
52,130000,DR,LU,P05
52,132500,DR,LU,P05
52,135000,DR,LU,P05
52,137500,DR,LU,P05
52,140000,DR,LU,P05
52,142500,DR,LU,P05
52,145000,DR,LU,P05
52,147500,DR,LU,P05
52,150000,DR,LU,P05
52,152500,DR,LU,P05
52,155000,DR,LU,P05
52,157500,DR,LU,P05
52,160000,DR,LU,P05
52,172500,DR,LU,P05
52,175000,DR,LU,P05
52,182500,DR,LU,P05
52,185000,DR,LU,P05
52,187500,DR,LU,P05
52,200000,DR,LU,P05
52,202500,DR,LU,P05
52,205000,DR,LU,P05
52,217500,DR,LU,P05
52,245000,DR,LU,P05
52,247500,DR,LU,P05
52,257500,DR,LU,P05
52,262500,DR,LU,P05
52,275000,DR,LU,P05
52,285000,DR,LU,P05
52,287500,DR,LU,P05
52,292500,DR,LU,P05
52,295000,DR,LU,P05
52,297500,DR,LU,P05
52,300000,DR,LU,P05
52,302500,DR,LU,P05
52,305000,DR,LU,P05
52,307500,DR,LU,P05
52,310000,DR,LU,P05
52,325000,DR,LU,P05
52,327500,DR,LU,P05
52,335000,DR,LU,P05
52,337500,DR,LU,P05
52,340000,DR,LU,P05
52,355000,DR,LU,P05
52,372500,DR,LU,P05
52,382500,DR,LU,P05
52,387500,DR,LU,P05
52,390000,DR,LU,P05
52,392500,DR,LU,P05
52,397500,DR,LU,P05
52,400000,DR,LU,P05
52,402500,DR,LU,P05
52,405000,DR,LU,P05
52,407500,DR,LU,P05
52,410000,DR,LU,P05
52,412500,DR,LU,P05
52,415000,DR,LU,P05
52,417500,DR,LU,P05
52,420000,DR,LU,P05
52,422500,DR,LU,P05
52,425000,DR,LU,P05
52,455000,DR,LU,P05
52,457500,DR,LU,P05
52,462500,DR,LU,P05
52,465000,DR,LU,P05
52,467500,DR,LU,P05
52,470000,DR,LU,P05
52,472500,DR,LU,P05
52,477500,DR,LU,P05
52,487500,DR,LU,P05
52,490000,DR,LU,P05
52,492500,DR,LU,P05
52,495000,DR,LU,P05
52,497500,DR,LU,P05
52,500000,DR,LU,P05
52,502500,DR,LU,P05
52,505000,DR,LU,P05
52,507500,DR,LU,P05
52,510000,DR,LU,P05
52,512500,DR,LU,P05
52,520000,DR,LU,P05
52,545000,DR,LU,P05
52,547500,DR,LU,P05
52,562500,DR,LU,P05
52,565000,DR,LU,P05
52,567500,DR,LU,P05
52,570000,DR,LU,P05
52,595000,DR,LU,P05
52,597500,DR,LU,P05
52,612500,DR,LU,P05
52,615000,DR,LU,P05
52,620000,DR,LU,P05
52,622500,DR,LU,P05
52,625000,DR,LU,P05
52,627500,DR,LU,P05
52,630000,DR,LU,P05
52,632500,DR,LU,P05
52,635000,DR,LU,P05
52,637500,DR,LU,P05
52,657500,DR,LU,P05
52,660000,DR,LU,P05
52,662500,DR,LU,P05
52,665000,DR,LU,P05
52,675000,DR,LU,P05
52,677500,DR,LU,P05
52,697500,DR,LU,P05
52,700000,DR,LU,P05
52,702500,DR,LU,P05
52,705000,DR,LU,P05
52,707500,DR,LU,P05
52,712500,DR,LU,P05
52,717500,DR,LU,P05
52,720000,DR,LU,P05
52,722500,DR,LU,P05
52,725000,DR,LU,P05
52,727500,DR,LU,P05
52,730000,DR,LU,P05
52,732500,DR,LU,P05
52,735000,DR,LU,P05
52,752500,DR,LU,P05
52,755000,DR,LU,P05
52,765000,DR,LU,P05
52,767500,DR,LU,P05
52,770000,DR,LU,P05
52,772500,DR,LU,P05
52,775000,DR,LU,P05
52,777500,DR,LU,P05
52,780000,DR,LU,P05
52,782500,DR,LU,P05
52,785000,DR,LU,P05
52,787500,DR,LU,P05
52,790000,DR,LU,P05
52,792500,DR,LU,P05
52,795000,DR,LU,P05
52,797500,DR,LU,P05
52,800000,DR,LU,P05
52,802500,DR,LU,P05
52,805000,DR,LU,P05
52,807500,DR,LU,P05
52,810000,DR,LU,P05
52,812500,DR,LU,P05
52,815000,DR,LU,P05
52,817500,DR,LU,P05
52,820000,DR,LU,P05
52,822500,DR,LU,P05
52,825000,DR,LU,P05
52,827500,DR,LU,P05
52,830000,DR,LU,P05
52,832500,DR,LU,P05
52,835000,DR,LU,P05
52,837500,DR,LU,P05
52,840000,DR,LU,P05
52,842500,DR,LU,P05
52,845000,DR,LU,P05
52,847500,DR,LU,P05
52,850000,DR,LU,P05
52,852500,DR,LU,P05
52,855000,DR,LU,P05
52,857500,DR,LU,P05
52,860000,DR,LU,P05
52,862500,DR,LU,P05
52,867500,DR,LU,P05
52,870000,DR,LU,P05
52,872500,DR,LU,P05
52,875000,DR,LU,P05
52,877500,DR,LU,P05
52,880000,DR,LU,P05
52,882500,DR,LU,P05
52,885000,DR,LU,P05
52,887500,DR,LU,P05
52,892500,DR,LU,P05
52,897500,DR,LU,P05
52,900000,DR,LU,P05
52,902500,DR,LU,P05
52,905000,DR,LU,P05
52,907500,DR,LU,P05
52,910000,DR,LU,P05
52,922500,DR,LU,P05
52,930000,DR,LU,P05
52,932500,DR,LU,P05
52,935000,DR,LU,P05
52,940000,DR,LU,P05
52,942500,DR,LU,P05
52,945000,DR,LU,P05
52,947500,DR,LU,P05
52,950000,DR,LU,P05
52,952500,DR,LU,P05
52,955000,DR,LU,P05
52,957500,DR,LU,P05
52,960000,DR,LU,P05
52,962500,DR,LU,P05
52,965000,DR,LU,P05
52,967500,DR,LU,P05
52,970000,DR,LU,P05
52,972500,DR,LU,P05
52,980000,DR,LU,P05
52,982500,DR,LU,P05
52,985000,DR,LU,P05
52,987500,DR,LU,P05
52,990000,DR,LU,P05
52,992500,DR,LU,P05
52,997500,DR,LU,P05
52,1000000,DR,LU,P05
52,1002500,DR,LU,P05
52,1005000,DR,LU,P05
52,1007500,DR,LU,P05
52,1010000,DR,LU,P05
52,1012500,DR,LU,P05
52,1015000,DR,LU,P05
52,1017500,DR,LU,P05
52,1020000,DR,LU,P05
52,1022500,DR,LU,P05
52,1025000,DR,LU,P05
52,1027500,DR,LU,P05
52,1030000,DR,LU,P05
52,1032500,DR,LU,P05
52,1035000,DR,LU,P05
52,1047500,DR,LU,P05
52,1050000,DR,LU,P05
52,1052500,DR,LU,P05
52,1055000,DR,LU,P05
52,1067500,DR,LU,P05
52,1070000,DR,LU,P05
52,1072500,DR,LU,P05
52,1075000,DR,LU,P05
52,1077500,DR,LU,P05
52,1080000,DR,LU,P05
52,1082500,DR,LU,P05
52,1085000,DR,LU,P05
52,1087500,DR,LU,P05
52,1090000,DR,LU,P05
52,1092500,DR,LU,P05
52,1095000,DR,LU,P05
52,1097500,DR,LU,P05
52,1100000,DR,LU,P05
52,1102500,DR,LU,P05
52,1105000,DR,LU,P05
52,1107500,DR,LU,P05
52,1110000,DR,LU,P05
52,1112500,DR,LU,P05
53,0,DR,XP,P05
53,2500,DR,XP,P05
53,5000,DR,XP,P05
53,17500,DR,XP,P05
53,22500,DR,XP,P05
53,27500,DR,XP,P05
53,40000,DR,XP,P05
53,42500,DR,XP,P05
53,57500,DR,XP,P05
53,72500,DR,XP,P05
53,75000,DR,XP,P05
53,97500,DR,XP,P05
53,100000,DR,XP,P05
53,102500,DR,XP,P05
53,107500,DR,XP,P05
53,127500,DR,XP,P05
53,162500,DR,XP,P05
53,165000,DR,XP,P05
53,167500,DR,XP,P05
53,170000,DR,XP,P05
53,240000,DR,XP,P05
53,355000,DR,XP,P05
53,487500,DR,XP,P05
53,490000,DR,XP,P05
53,537500,DR,XP,P05
53,677500,DR,XP,P05
53,717500,DR,XP,P05
53,720000,DR,XP,P05
53,722500,DR,XP,P05
53,725000,DR,XP,P05
53,732500,DR,XP,P05
53,752500,DR,XP,P05
53,877500,DR,XP,P05
53,880000,DR,XP,P05
53,882500,DR,XP,P05
53,897500,DR,XP,P05
53,905000,DR,XP,P05
53,907500,DR,XP,P05
53,910000,DR,XP,P05
53,912500,DR,XP,P05
53,915000,DR,XP,P05
53,917500,DR,XP,P05
53,947500,DR,XP,P05
53,950000,DR,XP,P05
53,952500,DR,XP,P05
53,955000,DR,XP,P05
53,957500,DR,XP,P05
53,960000,DR,XP,P05
53,962500,DR,XP,P05
53,965000,DR,XP,P05
53,967500,DR,XP,P05
53,970000,DR,XP,P05
53,972500,DR,XP,P05
53,975000,DR,XP,P05
53,977500,DR,XP,P05
53,1032500,DR,XP,P05
54,0,UL,FR,P05
54,2500,UL,FR,P05
54,12500,UL,FR,P05
54,35000,UL,FR,P05
54,37500,UL,FR,P05
54,40000,UL,FR,P05
54,42500,UL,FR,P05
54,45000,UL,FR,P05
54,47500,UL,FR,P05
54,52500,UL,FR,P05
54,55000,UL,FR,P05
54,57500,UL,FR,P05
54,60000,UL,FR,P05
54,62500,UL,FR,P05
54,65000,UL,FR,P05
54,67500,UL,FR,P05
54,70000,UL,FR,P05
54,72500,UL,FR,P05
54,75000,UL,FR,P05
54,77500,UL,FR,P05
54,80000,UL,FR,P05
54,82500,UL,FR,P05
54,85000,UL,FR,P05
54,87500,UL,FR,P05
54,90000,UL,FR,P05
54,95000,UL,FR,P05
54,97500,UL,FR,P05
54,105000,UL,FR,P05
54,107500,UL,FR,P05
54,117500,UL,FR,P05
54,120000,UL,FR,P05
54,122500,UL,FR,P05
54,125000,UL,FR,P05
54,127500,UL,FR,P05
54,132500,UL,FR,P05
54,135000,UL,FR,P05
54,140000,UL,FR,P05
54,152500,UL,FR,P05
54,155000,UL,FR,P05
54,157500,UL,FR,P05
54,165000,UL,FR,P05
54,167500,UL,FR,P05
54,170000,UL,FR,P05
54,185000,UL,FR,P05
54,187500,UL,FR,P05
54,190000,UL,FR,P05
54,192500,UL,FR,P05
54,202500,UL,FR,P05
54,205000,UL,FR,P05
54,207500,UL,FR,P05
54,210000,UL,FR,P05
54,212500,UL,FR,P05
54,215000,UL,FR,P05
54,217500,UL,FR,P05
54,227500,UL,FR,P05
54,232500,UL,FR,P05
54,235000,UL,FR,P05
54,240000,UL,FR,P05
54,242500,UL,FR,P05
54,245000,UL,FR,P05
54,247500,UL,FR,P05
54,252500,UL,FR,P05
54,255000,UL,FR,P05
54,257500,UL,FR,P05
54,265000,UL,FR,P05
54,267500,UL,FR,P05
54,270000,UL,FR,P05
54,272500,UL,FR,P05
54,275000,UL,FR,P05
54,277500,UL,FR,P05
54,282500,UL,FR,P05
54,285000,UL,FR,P05
54,287500,UL,FR,P05
54,292500,UL,FR,P05
54,295000,UL,FR,P05
54,312500,UL,FR,P05
54,337500,UL,FR,P05
54,347500,UL,FR,P05
54,350000,UL,FR,P05
54,352500,UL,FR,P05
54,360000,UL,FR,P05
54,362500,UL,FR,P05
54,365000,UL,FR,P05
54,367500,UL,FR,P05
54,370000,UL,FR,P05
54,372500,UL,FR,P05
54,380000,UL,FR,P05
54,382500,UL,FR,P05
54,385000,UL,FR,P05
54,387500,UL,FR,P05
54,390000,UL,FR,P05
54,392500,UL,FR,P05
54,395000,UL,FR,P05
54,397500,UL,FR,P05
54,400000,UL,FR,P05
54,402500,UL,FR,P05
54,405000,UL,FR,P05
54,407500,UL,FR,P05
54,410000,UL,FR,P05
54,412500,UL,FR,P05
54,415000,UL,FR,P05
54,417500,UL,FR,P05
54,420000,UL,FR,P05
54,422500,UL,FR,P05
54,437500,UL,FR,P05
54,442500,UL,FR,P05
54,445000,UL,FR,P05
54,447500,UL,FR,P05
54,450000,UL,FR,P05
54,452500,UL,FR,P05
54,455000,UL,FR,P05
54,457500,UL,FR,P05
54,460000,UL,FR,P05
54,465000,UL,FR,P05
54,467500,UL,FR,P05
54,470000,UL,FR,P05
54,472500,UL,FR,P05
54,475000,UL,FR,P05
54,487500,UL,FR,P05
54,490000,UL,FR,P05
54,492500,UL,FR,P05
54,495000,UL,FR,P05
54,497500,UL,FR,P05
54,500000,UL,FR,P05
54,502500,UL,FR,P05
54,505000,UL,FR,P05
54,507500,UL,FR,P05
54,510000,UL,FR,P05
54,512500,UL,FR,P05
54,535000,UL,FR,P05
54,537500,UL,FR,P05
54,542500,UL,FR,P05
54,545000,UL,FR,P05
54,547500,UL,FR,P05
54,552500,UL,FR,P05
54,570000,UL,FR,P05
54,572500,UL,FR,P05
54,575000,UL,FR,P05
54,577500,UL,FR,P05
54,580000,UL,FR,P05
54,582500,UL,FR,P05
54,585000,UL,FR,P05
54,587500,UL,FR,P05
54,590000,UL,FR,P05
54,592500,UL,FR,P05
54,597500,UL,FR,P05
54,602500,UL,FR,P05
54,605000,UL,FR,P05
54,607500,UL,FR,P05
54,612500,UL,FR,P05
54,615000,UL,FR,P05
54,617500,UL,FR,P05
54,620000,UL,FR,P05
54,622500,UL,FR,P05
54,625000,UL,FR,P05
54,627500,UL,FR,P05
54,630000,UL,FR,P05
54,655000,UL,FR,P05
54,657500,UL,FR,P05
54,660000,UL,FR,P05
54,662500,UL,FR,P05
54,665000,UL,FR,P05
54,667500,UL,FR,P05
54,670000,UL,FR,P05
54,672500,UL,FR,P05
54,675000,UL,FR,P05
54,677500,UL,FR,P05
54,697500,UL,FR,P05
54,700000,UL,FR,P05
54,702500,UL,FR,P05
54,705000,UL,FR,P05
54,715000,UL,FR,P05
54,725000,UL,FR,P05
54,727500,UL,FR,P05
54,735000,UL,FR,P05
54,742500,UL,FR,P05
54,745000,UL,FR,P05
54,747500,UL,FR,P05
54,750000,UL,FR,P05
54,752500,UL,FR,P05
54,755000,UL,FR,P05
54,757500,UL,FR,P05
54,762500,UL,FR,P05
54,765000,UL,FR,P05
54,767500,UL,FR,P05
54,770000,UL,FR,P05
54,772500,UL,FR,P05
54,777500,UL,FR,P05
54,782500,UL,FR,P05
54,787500,UL,FR,P05
54,790000,UL,FR,P05
54,792500,UL,FR,P05
54,795000,UL,FR,P05
54,797500,UL,FR,P05
54,800000,UL,FR,P05
54,805000,UL,FR,P05
54,807500,UL,FR,P05
54,810000,UL,FR,P05
54,812500,UL,FR,P05
54,815000,UL,FR,P05
54,817500,UL,FR,P05
54,820000,UL,FR,P05
54,822500,UL,FR,P05
54,825000,UL,FR,P05
54,827500,UL,FR,P05
54,830000,UL,FR,P05
54,832500,UL,FR,P05
54,835000,UL,FR,P05
54,837500,UL,FR,P05
54,840000,UL,FR,P05
54,842500,UL,FR,P05
54,845000,UL,FR,P05
54,847500,UL,FR,P05
54,850000,UL,FR,P05
54,852500,UL,FR,P05
54,855000,UL,FR,P05
54,857500,UL,FR,P05
54,860000,UL,FR,P05
54,862500,UL,FR,P05
54,865000,UL,FR,P05
54,867500,UL,FR,P05
54,870000,UL,FR,P05
54,872500,UL,FR,P05
54,875000,UL,FR,P05
54,877500,UL,FR,P05
54,880000,UL,FR,P05
54,882500,UL,FR,P05
54,885000,UL,FR,P05
54,887500,UL,FR,P05
54,890000,UL,FR,P05
54,897500,UL,FR,P05
54,900000,UL,FR,P05
54,902500,UL,FR,P05
54,905000,UL,FR,P05
54,907500,UL,FR,P05
54,910000,UL,FR,P05
54,912500,UL,FR,P05
54,915000,UL,FR,P05
54,917500,UL,FR,P05
54,920000,UL,FR,P05
54,922500,UL,FR,P05
54,925000,UL,FR,P05
54,927500,UL,FR,P05
54,930000,UL,FR,P05
54,932500,UL,FR,P05
54,942500,UL,FR,P05
54,945000,UL,FR,P05
54,947500,UL,FR,P05
54,950000,UL,FR,P05
54,957500,UL,FR,P05
54,960000,UL,FR,P05
54,962500,UL,FR,P05
54,965000,UL,FR,P05
54,967500,UL,FR,P05
54,980000,UL,FR,P05
54,982500,UL,FR,P05
54,985000,UL,FR,P05
54,987500,UL,FR,P05
54,992500,UL,FR,P05
54,995000,UL,FR,P05
54,997500,UL,FR,P05
54,1000000,UL,FR,P05
54,1002500,UL,FR,P05
54,1005000,UL,FR,P05
54,1010000,UL,FR,P05
54,1012500,UL,FR,P05
54,1015000,UL,FR,P05
54,1017500,UL,FR,P05
54,1020000,UL,FR,P05
54,1022500,UL,FR,P05
54,1025000,UL,FR,P05
54,1027500,UL,FR,P05
54,1030000,UL,FR,P05
54,1032500,UL,FR,P05
54,1035000,UL,FR,P05
54,1042500,UL,FR,P05
54,1045000,UL,FR,P05
54,1047500,UL,FR,P05
54,1057500,UL,FR,P05
54,1060000,UL,FR,P05
54,1062500,UL,FR,P05
54,1065000,UL,FR,P05
54,1067500,UL,FR,P05
54,1070000,UL,FR,P05
54,1072500,UL,FR,P05
54,1075000,UL,FR,P05
54,1077500,UL,FR,P05
54,1080000,UL,FR,P05
54,1082500,UL,FR,P05
54,1085000,UL,FR,P05
54,1087500,UL,FR,P05
54,1090000,UL,FR,P05
54,1092500,UL,FR,P05
54,1095000,UL,FR,P05
54,1097500,UL,FR,P05
54,1100000,UL,FR,P05
54,1102500,UL,FR,P05
54,1105000,UL,FR,P05
54,1107500,UL,FR,P05
54,1110000,UL,FR,P05
54,1112500,UL,FR,P05
55,0,UL,LU,P05
55,2500,UL,LU,P05
55,5000,UL,LU,P05
55,7500,UL,LU,P05
55,10000,UL,LU,P05
55,12500,UL,LU,P05
55,15000,UL,LU,P05
55,17500,UL,LU,P05
55,25000,UL,LU,P05
55,27500,UL,LU,P05
55,37500,UL,LU,P05
55,40000,UL,LU,P05
55,50000,UL,LU,P05
55,55000,UL,LU,P05
55,60000,UL,LU,P05
55,67500,UL,LU,P05
55,72500,UL,LU,P05
55,75000,UL,LU,P05
55,77500,UL,LU,P05
55,87500,UL,LU,P05
55,90000,UL,LU,P05
55,92500,UL,LU,P05
55,95000,UL,LU,P05
55,97500,UL,LU,P05
55,100000,UL,LU,P05
55,102500,UL,LU,P05
55,105000,UL,LU,P05
55,107500,UL,LU,P05
55,117500,UL,LU,P05
55,120000,UL,LU,P05
55,122500,UL,LU,P05
55,125000,UL,LU,P05
55,127500,UL,LU,P05
55,130000,UL,LU,P05
55,132500,UL,LU,P05
55,142500,UL,LU,P05
55,145000,UL,LU,P05
55,147500,UL,LU,P05
55,172500,UL,LU,P05
55,175000,UL,LU,P05
55,190000,UL,LU,P05
55,200000,UL,LU,P05
55,202500,UL,LU,P05
55,205000,UL,LU,P05
55,220000,UL,LU,P05
55,240000,UL,LU,P05
55,245000,UL,LU,P05
55,247500,UL,LU,P05
55,270000,UL,LU,P05
55,285000,UL,LU,P05
55,292500,UL,LU,P05
55,295000,UL,LU,P05
55,315000,UL,LU,P05
55,317500,UL,LU,P05
55,320000,UL,LU,P05
55,355000,UL,LU,P05
55,397500,UL,LU,P05
55,400000,UL,LU,P05
55,402500,UL,LU,P05
55,405000,UL,LU,P05
55,407500,UL,LU,P05
55,410000,UL,LU,P05
55,412500,UL,LU,P05
55,415000,UL,LU,P05
55,417500,UL,LU,P05
55,440000,UL,LU,P05
55,455000,UL,LU,P05
55,457500,UL,LU,P05
55,460000,UL,LU,P05
55,467500,UL,LU,P05
55,470000,UL,LU,P05
55,475000,UL,LU,P05
55,490000,UL,LU,P05
55,492500,UL,LU,P05
55,535000,UL,LU,P05
55,537500,UL,LU,P05
55,545000,UL,LU,P05
55,562500,UL,LU,P05
55,577500,UL,LU,P05
55,580000,UL,LU,P05
55,582500,UL,LU,P05
55,595000,UL,LU,P05
55,610000,UL,LU,P05
55,612500,UL,LU,P05
55,620000,UL,LU,P05
55,622500,UL,LU,P05
55,625000,UL,LU,P05
55,672500,UL,LU,P05
55,675000,UL,LU,P05
55,677500,UL,LU,P05
55,712500,UL,LU,P05
55,717500,UL,LU,P05
55,720000,UL,LU,P05
55,722500,UL,LU,P05
55,725000,UL,LU,P05
55,730000,UL,LU,P05
55,732500,UL,LU,P05
55,752500,UL,LU,P05
55,755000,UL,LU,P05
55,762500,UL,LU,P05
55,765000,UL,LU,P05
55,767500,UL,LU,P05
55,770000,UL,LU,P05
55,772500,UL,LU,P05
55,780000,UL,LU,P05
55,825000,UL,LU,P05
55,867500,UL,LU,P05
55,870000,UL,LU,P05
55,877500,UL,LU,P05
55,880000,UL,LU,P05
55,882500,UL,LU,P05
55,885000,UL,LU,P05
55,892500,UL,LU,P05
55,895000,UL,LU,P05
55,907500,UL,LU,P05
55,935000,UL,LU,P05
55,937500,UL,LU,P05
55,940000,UL,LU,P05
55,942500,UL,LU,P05
55,945000,UL,LU,P05
55,947500,UL,LU,P05
55,950000,UL,LU,P05
55,952500,UL,LU,P05
55,955000,UL,LU,P05
55,980000,UL,LU,P05
55,992500,UL,LU,P05
55,995000,UL,LU,P05
55,997500,UL,LU,P05
55,1000000,UL,LU,P05
55,1002500,UL,LU,P05
55,1005000,UL,LU,P05
55,1007500,UL,LU,P05
55,1010000,UL,LU,P05
55,1012500,UL,LU,P05
55,1015000,UL,LU,P05
55,1017500,UL,LU,P05
55,1020000,UL,LU,P05
55,1035000,UL,LU,P05
55,1055000,UL,LU,P05
55,1057500,UL,LU,P05
55,1072500,UL,LU,P05
55,1075000,UL,LU,P05
55,1077500,UL,LU,P05
55,1080000,UL,LU,P05
55,1085000,UL,LU,P05
55,1087500,UL,LU,P05
55,1090000,UL,LU,P05
55,1092500,UL,LU,P05
55,1095000,UL,LU,P05
55,1097500,UL,LU,P05
56,0,UL,XP,P05
56,2500,UL,XP,P05
56,5000,UL,XP,P05
56,7500,UL,XP,P05
56,10000,UL,XP,P05
56,12500,UL,XP,P05
56,15000,UL,XP,P05
56,17500,UL,XP,P05
56,20000,UL,XP,P05
56,22500,UL,XP,P05
56,25000,UL,XP,P05
56,27500,UL,XP,P05
56,30000,UL,XP,P05
56,32500,UL,XP,P05
56,35000,UL,XP,P05
56,37500,UL,XP,P05
56,40000,UL,XP,P05
56,42500,UL,XP,P05
56,45000,UL,XP,P05
56,47500,UL,XP,P05
56,50000,UL,XP,P05
56,52500,UL,XP,P05
56,57500,UL,XP,P05
56,60000,UL,XP,P05
56,62500,UL,XP,P05
56,65000,UL,XP,P05
56,67500,UL,XP,P05
56,70000,UL,XP,P05
56,77500,UL,XP,P05
56,80000,UL,XP,P05
56,82500,UL,XP,P05
56,100000,UL,XP,P05
56,102500,UL,XP,P05
56,105000,UL,XP,P05
56,110000,UL,XP,P05
56,112500,UL,XP,P05
56,115000,UL,XP,P05
56,117500,UL,XP,P05
56,132500,UL,XP,P05
56,135000,UL,XP,P05
56,137500,UL,XP,P05
56,140000,UL,XP,P05
56,147500,UL,XP,P05
56,150000,UL,XP,P05
56,152500,UL,XP,P05
56,160000,UL,XP,P05
56,162500,UL,XP,P05
56,165000,UL,XP,P05
56,167500,UL,XP,P05
56,170000,UL,XP,P05
56,172500,UL,XP,P05
56,175000,UL,XP,P05
56,177500,UL,XP,P05
56,182500,UL,XP,P05
56,187500,UL,XP,P05
56,190000,UL,XP,P05
56,192500,UL,XP,P05
56,197500,UL,XP,P05
56,200000,UL,XP,P05
56,205000,UL,XP,P05
56,207500,UL,XP,P05
56,210000,UL,XP,P05
56,212500,UL,XP,P05
56,215000,UL,XP,P05
56,217500,UL,XP,P05
56,220000,UL,XP,P05
56,222500,UL,XP,P05
56,225000,UL,XP,P05
56,227500,UL,XP,P05
56,230000,UL,XP,P05
56,232500,UL,XP,P05
56,235000,UL,XP,P05
56,237500,UL,XP,P05
56,240000,UL,XP,P05
56,242500,UL,XP,P05
56,245000,UL,XP,P05
56,247500,UL,XP,P05
56,250000,UL,XP,P05
56,260000,UL,XP,P05
56,262500,UL,XP,P05
56,265000,UL,XP,P05
56,267500,UL,XP,P05
56,270000,UL,XP,P05
56,272500,UL,XP,P05
56,275000,UL,XP,P05
56,277500,UL,XP,P05
56,280000,UL,XP,P05
56,282500,UL,XP,P05
56,285000,UL,XP,P05
56,287500,UL,XP,P05
56,290000,UL,XP,P05
56,292500,UL,XP,P05
56,295000,UL,XP,P05
56,300000,UL,XP,P05
56,302500,UL,XP,P05
56,305000,UL,XP,P05
56,307500,UL,XP,P05
56,310000,UL,XP,P05
56,312500,UL,XP,P05
56,317500,UL,XP,P05
56,320000,UL,XP,P05
56,322500,UL,XP,P05
56,325000,UL,XP,P05
56,327500,UL,XP,P05
56,330000,UL,XP,P05
56,332500,UL,XP,P05
56,335000,UL,XP,P05
56,337500,UL,XP,P05
56,340000,UL,XP,P05
56,342500,UL,XP,P05
56,345000,UL,XP,P05
56,347500,UL,XP,P05
56,350000,UL,XP,P05
56,352500,UL,XP,P05
56,355000,UL,XP,P05
56,357500,UL,XP,P05
56,360000,UL,XP,P05
56,362500,UL,XP,P05
56,365000,UL,XP,P05
56,367500,UL,XP,P05
56,370000,UL,XP,P05
56,372500,UL,XP,P05
56,375000,UL,XP,P05
56,377500,UL,XP,P05
56,380000,UL,XP,P05
56,382500,UL,XP,P05
56,385000,UL,XP,P05
56,387500,UL,XP,P05
56,390000,UL,XP,P05
56,392500,UL,XP,P05
56,395000,UL,XP,P05
56,397500,UL,XP,P05
56,400000,UL,XP,P05
56,402500,UL,XP,P05
56,405000,UL,XP,P05
56,407500,UL,XP,P05
56,410000,UL,XP,P05
56,412500,UL,XP,P05
56,415000,UL,XP,P05
56,417500,UL,XP,P05
56,420000,UL,XP,P05
56,422500,UL,XP,P05
56,427500,UL,XP,P05
56,430000,UL,XP,P05
56,432500,UL,XP,P05
56,435000,UL,XP,P05
56,437500,UL,XP,P05
56,440000,UL,XP,P05
56,442500,UL,XP,P05
56,445000,UL,XP,P05
56,447500,UL,XP,P05
56,450000,UL,XP,P05
56,452500,UL,XP,P05
56,455000,UL,XP,P05
56,457500,UL,XP,P05
56,460000,UL,XP,P05
56,462500,UL,XP,P05
56,465000,UL,XP,P05
56,467500,UL,XP,P05
56,470000,UL,XP,P05
56,472500,UL,XP,P05
56,475000,UL,XP,P05
56,477500,UL,XP,P05
56,480000,UL,XP,P05
56,482500,UL,XP,P05
56,485000,UL,XP,P05
56,487500,UL,XP,P05
56,490000,UL,XP,P05
56,492500,UL,XP,P05
56,495000,UL,XP,P05
56,497500,UL,XP,P05
56,500000,UL,XP,P05
56,502500,UL,XP,P05
56,505000,UL,XP,P05
56,507500,UL,XP,P05
56,510000,UL,XP,P05
56,512500,UL,XP,P05
56,515000,UL,XP,P05
56,517500,UL,XP,P05
56,520000,UL,XP,P05
56,522500,UL,XP,P05
56,525000,UL,XP,P05
56,527500,UL,XP,P05
56,530000,UL,XP,P05
56,532500,UL,XP,P05
56,535000,UL,XP,P05
56,537500,UL,XP,P05
56,540000,UL,XP,P05
56,542500,UL,XP,P05
56,545000,UL,XP,P05
56,547500,UL,XP,P05
56,550000,UL,XP,P05
56,552500,UL,XP,P05
56,555000,UL,XP,P05
56,557500,UL,XP,P05
56,560000,UL,XP,P05
56,562500,UL,XP,P05
56,565000,UL,XP,P05
56,567500,UL,XP,P05
56,570000,UL,XP,P05
56,572500,UL,XP,P05
56,575000,UL,XP,P05
56,577500,UL,XP,P05
56,580000,UL,XP,P05
56,582500,UL,XP,P05
56,585000,UL,XP,P05
56,587500,UL,XP,P05
56,590000,UL,XP,P05
56,592500,UL,XP,P05
56,595000,UL,XP,P05
56,597500,UL,XP,P05
56,600000,UL,XP,P05
56,602500,UL,XP,P05
56,605000,UL,XP,P05
56,607500,UL,XP,P05
56,610000,UL,XP,P05
56,612500,UL,XP,P05
56,615000,UL,XP,P05
56,617500,UL,XP,P05
56,620000,UL,XP,P05
56,622500,UL,XP,P05
56,625000,UL,XP,P05
56,627500,UL,XP,P05
56,630000,UL,XP,P05
56,632500,UL,XP,P05
56,642500,UL,XP,P05
56,645000,UL,XP,P05
56,650000,UL,XP,P05
56,652500,UL,XP,P05
56,657500,UL,XP,P05
56,660000,UL,XP,P05
56,662500,UL,XP,P05
56,665000,UL,XP,P05
56,667500,UL,XP,P05
56,670000,UL,XP,P05
56,672500,UL,XP,P05
56,675000,UL,XP,P05
56,677500,UL,XP,P05
56,680000,UL,XP,P05
56,682500,UL,XP,P05
56,685000,UL,XP,P05
56,687500,UL,XP,P05
56,690000,UL,XP,P05
56,692500,UL,XP,P05
56,695000,UL,XP,P05
56,697500,UL,XP,P05
56,700000,UL,XP,P05
56,702500,UL,XP,P05
56,705000,UL,XP,P05
56,715000,UL,XP,P05
56,717500,UL,XP,P05
56,722500,UL,XP,P05
56,725000,UL,XP,P05
56,727500,UL,XP,P05
56,735000,UL,XP,P05
56,737500,UL,XP,P05
56,740000,UL,XP,P05
56,742500,UL,XP,P05
56,745000,UL,XP,P05
56,747500,UL,XP,P05
56,750000,UL,XP,P05
56,752500,UL,XP,P05
56,755000,UL,XP,P05
56,757500,UL,XP,P05
56,762500,UL,XP,P05
56,765000,UL,XP,P05
56,780000,UL,XP,P05
56,785000,UL,XP,P05
56,787500,UL,XP,P05
56,790000,UL,XP,P05
56,792500,UL,XP,P05
56,795000,UL,XP,P05
56,797500,UL,XP,P05
56,800000,UL,XP,P05
56,802500,UL,XP,P05
56,810000,UL,XP,P05
56,822500,UL,XP,P05
56,835000,UL,XP,P05
56,837500,UL,XP,P05
56,845000,UL,XP,P05
56,847500,UL,XP,P05
56,850000,UL,XP,P05
56,857500,UL,XP,P05
56,860000,UL,XP,P05
56,867500,UL,XP,P05
56,877500,UL,XP,P05
56,880000,UL,XP,P05
56,882500,UL,XP,P05
56,885000,UL,XP,P05
56,887500,UL,XP,P05
56,892500,UL,XP,P05
56,897500,UL,XP,P05
56,900000,UL,XP,P05
56,902500,UL,XP,P05
56,905000,UL,XP,P05
56,907500,UL,XP,P05
56,910000,UL,XP,P05
56,912500,UL,XP,P05
56,915000,UL,XP,P05
56,917500,UL,XP,P05
56,920000,UL,XP,P05
56,925000,UL,XP,P05
56,927500,UL,XP,P05
56,930000,UL,XP,P05
56,935000,UL,XP,P05
56,942500,UL,XP,P05
56,945000,UL,XP,P05
56,947500,UL,XP,P05
56,950000,UL,XP,P05
56,952500,UL,XP,P05
56,955000,UL,XP,P05
56,970000,UL,XP,P05
56,975000,UL,XP,P05
56,977500,UL,XP,P05
56,980000,UL,XP,P05
56,982500,UL,XP,P05
56,985000,UL,XP,P05
56,987500,UL,XP,P05
56,990000,UL,XP,P05
56,992500,UL,XP,P05
56,997500,UL,XP,P05
56,1000000,UL,XP,P05
56,1005000,UL,XP,P05
56,1007500,UL,XP,P05
56,1010000,UL,XP,P05
56,1012500,UL,XP,P05
56,1015000,UL,XP,P05
56,1017500,UL,XP,P05
56,1020000,UL,XP,P05
56,1022500,UL,XP,P05
56,1025000,UL,XP,P05
56,1027500,UL,XP,P05
56,1030000,UL,XP,P05
56,1032500,UL,XP,P05
56,1037500,UL,XP,P05
56,1040000,UL,XP,P05
56,1042500,UL,XP,P05
56,1045000,UL,XP,P05
56,1047500,UL,XP,P05
56,1055000,UL,XP,P05
56,1067500,UL,XP,P05
56,1072500,UL,XP,P05
56,1075000,UL,XP,P05
56,1080000,UL,XP,P05
56,1082500,UL,XP,P05
56,1085000,UL,XP,P05
56,1087500,UL,XP,P05
56,1090000,UL,XP,P05
56,1092500,UL,XP,P05
56,1095000,UL,XP,P05
56,1105000,UL,XP,P05
57,0,UR,FR,P05
57,2500,UR,FR,P05
57,7500,UR,FR,P05
57,37500,UR,FR,P05
57,40000,UR,FR,P05
57,42500,UR,FR,P05
57,50000,UR,FR,P05
57,52500,UR,FR,P05
57,55000,UR,FR,P05
57,57500,UR,FR,P05
57,60000,UR,FR,P05
57,62500,UR,FR,P05
57,65000,UR,FR,P05
57,67500,UR,FR,P05
57,70000,UR,FR,P05
57,72500,UR,FR,P05
57,75000,UR,FR,P05
57,80000,UR,FR,P05
57,82500,UR,FR,P05
57,85000,UR,FR,P05
57,95000,UR,FR,P05
57,105000,UR,FR,P05
57,107500,UR,FR,P05
57,120000,UR,FR,P05
57,122500,UR,FR,P05
57,125000,UR,FR,P05
57,127500,UR,FR,P05
57,132500,UR,FR,P05
57,135000,UR,FR,P05
57,140000,UR,FR,P05
57,147500,UR,FR,P05
57,165000,UR,FR,P05
57,167500,UR,FR,P05
57,170000,UR,FR,P05
57,187500,UR,FR,P05
57,190000,UR,FR,P05
57,195000,UR,FR,P05
57,197500,UR,FR,P05
57,200000,UR,FR,P05
57,202500,UR,FR,P05
57,205000,UR,FR,P05
57,207500,UR,FR,P05
57,210000,UR,FR,P05
57,215000,UR,FR,P05
57,217500,UR,FR,P05
57,227500,UR,FR,P05
57,232500,UR,FR,P05
57,235000,UR,FR,P05
57,240000,UR,FR,P05
57,242500,UR,FR,P05
57,245000,UR,FR,P05
57,247500,UR,FR,P05
57,250000,UR,FR,P05
57,252500,UR,FR,P05
57,255000,UR,FR,P05
57,257500,UR,FR,P05
57,260000,UR,FR,P05
57,262500,UR,FR,P05
57,265000,UR,FR,P05
57,270000,UR,FR,P05
57,272500,UR,FR,P05
57,275000,UR,FR,P05
57,277500,UR,FR,P05
57,280000,UR,FR,P05
57,285000,UR,FR,P05
57,287500,UR,FR,P05
57,290000,UR,FR,P05
57,292500,UR,FR,P05
57,295000,UR,FR,P05
57,297500,UR,FR,P05
57,300000,UR,FR,P05
57,302500,UR,FR,P05
57,305000,UR,FR,P05
57,307500,UR,FR,P05
57,310000,UR,FR,P05
57,312500,UR,FR,P05
57,315000,UR,FR,P05
57,317500,UR,FR,P05
57,320000,UR,FR,P05
57,325000,UR,FR,P05
57,327500,UR,FR,P05
57,330000,UR,FR,P05
57,332500,UR,FR,P05
57,335000,UR,FR,P05
57,337500,UR,FR,P05
57,340000,UR,FR,P05
57,342500,UR,FR,P05
57,345000,UR,FR,P05
57,347500,UR,FR,P05
57,350000,UR,FR,P05
57,352500,UR,FR,P05
57,355000,UR,FR,P05
57,360000,UR,FR,P05
57,362500,UR,FR,P05
57,365000,UR,FR,P05
57,367500,UR,FR,P05
57,370000,UR,FR,P05
57,372500,UR,FR,P05
57,380000,UR,FR,P05
57,382500,UR,FR,P05
57,385000,UR,FR,P05
57,387500,UR,FR,P05
57,390000,UR,FR,P05
57,392500,UR,FR,P05
57,395000,UR,FR,P05
57,397500,UR,FR,P05
57,400000,UR,FR,P05
57,402500,UR,FR,P05
57,405000,UR,FR,P05
57,407500,UR,FR,P05
57,410000,UR,FR,P05
57,412500,UR,FR,P05
57,415000,UR,FR,P05
57,417500,UR,FR,P05
57,420000,UR,FR,P05
57,430000,UR,FR,P05
57,432500,UR,FR,P05
57,442500,UR,FR,P05
57,445000,UR,FR,P05
57,447500,UR,FR,P05
57,450000,UR,FR,P05
57,452500,UR,FR,P05
57,455000,UR,FR,P05
57,457500,UR,FR,P05
57,460000,UR,FR,P05
57,465000,UR,FR,P05
57,467500,UR,FR,P05
57,470000,UR,FR,P05
57,472500,UR,FR,P05
57,475000,UR,FR,P05
57,487500,UR,FR,P05
57,490000,UR,FR,P05
57,492500,UR,FR,P05
57,495000,UR,FR,P05
57,497500,UR,FR,P05
57,500000,UR,FR,P05
57,502500,UR,FR,P05
57,505000,UR,FR,P05
57,507500,UR,FR,P05
57,510000,UR,FR,P05
57,512500,UR,FR,P05
57,515000,UR,FR,P05
57,520000,UR,FR,P05
57,522500,UR,FR,P05
57,525000,UR,FR,P05
57,527500,UR,FR,P05
57,535000,UR,FR,P05
57,537500,UR,FR,P05
57,540000,UR,FR,P05
57,542500,UR,FR,P05
57,545000,UR,FR,P05
57,547500,UR,FR,P05
57,550000,UR,FR,P05
57,552500,UR,FR,P05
57,555000,UR,FR,P05
57,557500,UR,FR,P05
57,560000,UR,FR,P05
57,570000,UR,FR,P05
57,572500,UR,FR,P05
57,575000,UR,FR,P05
57,577500,UR,FR,P05
57,580000,UR,FR,P05
57,582500,UR,FR,P05
57,585000,UR,FR,P05
57,587500,UR,FR,P05
57,590000,UR,FR,P05
57,592500,UR,FR,P05
57,595000,UR,FR,P05
57,597500,UR,FR,P05
57,600000,UR,FR,P05
57,602500,UR,FR,P05
57,605000,UR,FR,P05
57,607500,UR,FR,P05
57,610000,UR,FR,P05
57,612500,UR,FR,P05
57,615000,UR,FR,P05
57,617500,UR,FR,P05
57,620000,UR,FR,P05
57,622500,UR,FR,P05
57,625000,UR,FR,P05
57,627500,UR,FR,P05
57,630000,UR,FR,P05
57,655000,UR,FR,P05
57,657500,UR,FR,P05
57,660000,UR,FR,P05
57,662500,UR,FR,P05
57,665000,UR,FR,P05
57,667500,UR,FR,P05
57,670000,UR,FR,P05
57,672500,UR,FR,P05
57,675000,UR,FR,P05
57,677500,UR,FR,P05
57,680000,UR,FR,P05
57,682500,UR,FR,P05
57,685000,UR,FR,P05
57,687500,UR,FR,P05
57,690000,UR,FR,P05
57,692500,UR,FR,P05
57,695000,UR,FR,P05
57,697500,UR,FR,P05
57,700000,UR,FR,P05
57,702500,UR,FR,P05
57,705000,UR,FR,P05
57,707500,UR,FR,P05
57,720000,UR,FR,P05
57,725000,UR,FR,P05
57,727500,UR,FR,P05
57,730000,UR,FR,P05
57,732500,UR,FR,P05
57,735000,UR,FR,P05
57,740000,UR,FR,P05
57,742500,UR,FR,P05
57,745000,UR,FR,P05
57,747500,UR,FR,P05
57,750000,UR,FR,P05
57,752500,UR,FR,P05
57,755000,UR,FR,P05
57,760000,UR,FR,P05
57,762500,UR,FR,P05
57,765000,UR,FR,P05
57,767500,UR,FR,P05
57,770000,UR,FR,P05
57,772500,UR,FR,P05
57,775000,UR,FR,P05
57,780000,UR,FR,P05
57,782500,UR,FR,P05
57,785000,UR,FR,P05
57,787500,UR,FR,P05
57,790000,UR,FR,P05
57,792500,UR,FR,P05
57,795000,UR,FR,P05
57,797500,UR,FR,P05
57,800000,UR,FR,P05
57,807500,UR,FR,P05
57,810000,UR,FR,P05
57,812500,UR,FR,P05
57,815000,UR,FR,P05
57,817500,UR,FR,P05
57,820000,UR,FR,P05
57,822500,UR,FR,P05
57,830000,UR,FR,P05
57,832500,UR,FR,P05
57,835000,UR,FR,P05
57,837500,UR,FR,P05
57,840000,UR,FR,P05
57,842500,UR,FR,P05
57,845000,UR,FR,P05
57,847500,UR,FR,P05
57,850000,UR,FR,P05
57,852500,UR,FR,P05
57,855000,UR,FR,P05
57,857500,UR,FR,P05
57,860000,UR,FR,P05
57,862500,UR,FR,P05
57,865000,UR,FR,P05
57,867500,UR,FR,P05
57,870000,UR,FR,P05
57,872500,UR,FR,P05
57,875000,UR,FR,P05
57,877500,UR,FR,P05
57,880000,UR,FR,P05
57,882500,UR,FR,P05
57,885000,UR,FR,P05
57,887500,UR,FR,P05
57,890000,UR,FR,P05
57,897500,UR,FR,P05
57,900000,UR,FR,P05
57,902500,UR,FR,P05
57,907500,UR,FR,P05
57,910000,UR,FR,P05
57,915000,UR,FR,P05
57,917500,UR,FR,P05
57,922500,UR,FR,P05
57,925000,UR,FR,P05
57,927500,UR,FR,P05
57,930000,UR,FR,P05
57,932500,UR,FR,P05
57,935000,UR,FR,P05
57,937500,UR,FR,P05
57,940000,UR,FR,P05
57,942500,UR,FR,P05
57,945000,UR,FR,P05
57,947500,UR,FR,P05
57,950000,UR,FR,P05
57,957500,UR,FR,P05
57,960000,UR,FR,P05
57,962500,UR,FR,P05
57,965000,UR,FR,P05
57,967500,UR,FR,P05
57,980000,UR,FR,P05
57,982500,UR,FR,P05
57,985000,UR,FR,P05
57,987500,UR,FR,P05
57,990000,UR,FR,P05
57,992500,UR,FR,P05
57,995000,UR,FR,P05
57,997500,UR,FR,P05
57,1000000,UR,FR,P05
57,1002500,UR,FR,P05
57,1005000,UR,FR,P05
57,1007500,UR,FR,P05
57,1010000,UR,FR,P05
57,1012500,UR,FR,P05
57,1015000,UR,FR,P05
57,1017500,UR,FR,P05
57,1020000,UR,FR,P05
57,1022500,UR,FR,P05
57,1025000,UR,FR,P05
57,1027500,UR,FR,P05
57,1030000,UR,FR,P05
57,1032500,UR,FR,P05
57,1035000,UR,FR,P05
57,1037500,UR,FR,P05
57,1040000,UR,FR,P05
57,1042500,UR,FR,P05
57,1045000,UR,FR,P05
57,1047500,UR,FR,P05
57,1050000,UR,FR,P05
57,1052500,UR,FR,P05
57,1055000,UR,FR,P05
57,1057500,UR,FR,P05
57,1060000,UR,FR,P05
57,1062500,UR,FR,P05
57,1065000,UR,FR,P05
57,1067500,UR,FR,P05
57,1070000,UR,FR,P05
57,1072500,UR,FR,P05
57,1075000,UR,FR,P05
57,1077500,UR,FR,P05
57,1080000,UR,FR,P05
57,1082500,UR,FR,P05
57,1085000,UR,FR,P05
57,1087500,UR,FR,P05
57,1090000,UR,FR,P05
57,1092500,UR,FR,P05
57,1095000,UR,FR,P05
57,1097500,UR,FR,P05
57,1100000,UR,FR,P05
57,1102500,UR,FR,P05
57,1105000,UR,FR,P05
57,1107500,UR,FR,P05
57,1110000,UR,FR,P05
57,1112500,UR,FR,P05
58,0,UR,LU,P05
58,2500,UR,LU,P05
58,5000,UR,LU,P05
58,7500,UR,LU,P05
58,10000,UR,LU,P05
58,12500,UR,LU,P05
58,15000,UR,LU,P05
58,40000,UR,LU,P05
58,55000,UR,LU,P05
58,57500,UR,LU,P05
58,60000,UR,LU,P05
58,72500,UR,LU,P05
58,75000,UR,LU,P05
58,77500,UR,LU,P05
58,90000,UR,LU,P05
58,92500,UR,LU,P05
58,95000,UR,LU,P05
58,97500,UR,LU,P05
58,100000,UR,LU,P05
58,102500,UR,LU,P05
58,105000,UR,LU,P05
58,107500,UR,LU,P05
58,122500,UR,LU,P05
58,125000,UR,LU,P05
58,127500,UR,LU,P05
58,130000,UR,LU,P05
58,145000,UR,LU,P05
58,155000,UR,LU,P05
58,157500,UR,LU,P05
58,172500,UR,LU,P05
58,187500,UR,LU,P05
58,190000,UR,LU,P05
58,200000,UR,LU,P05
58,202500,UR,LU,P05
58,205000,UR,LU,P05
58,207500,UR,LU,P05
58,210000,UR,LU,P05
58,212500,UR,LU,P05
58,220000,UR,LU,P05
58,222500,UR,LU,P05
58,240000,UR,LU,P05
58,242500,UR,LU,P05
58,247500,UR,LU,P05
58,270000,UR,LU,P05
58,285000,UR,LU,P05
58,292500,UR,LU,P05
58,295000,UR,LU,P05
58,312500,UR,LU,P05
58,315000,UR,LU,P05
58,317500,UR,LU,P05
58,320000,UR,LU,P05
58,355000,UR,LU,P05
58,397500,UR,LU,P05
58,400000,UR,LU,P05
58,402500,UR,LU,P05
58,405000,UR,LU,P05
58,407500,UR,LU,P05
58,410000,UR,LU,P05
58,412500,UR,LU,P05
58,415000,UR,LU,P05
58,417500,UR,LU,P05
58,455000,UR,LU,P05
58,457500,UR,LU,P05
58,467500,UR,LU,P05
58,470000,UR,LU,P05
58,490000,UR,LU,P05
58,492500,UR,LU,P05
58,495000,UR,LU,P05
58,497500,UR,LU,P05
58,500000,UR,LU,P05
58,502500,UR,LU,P05
58,505000,UR,LU,P05
58,507500,UR,LU,P05
58,510000,UR,LU,P05
58,512500,UR,LU,P05
58,535000,UR,LU,P05
58,537500,UR,LU,P05
58,542500,UR,LU,P05
58,545000,UR,LU,P05
58,547500,UR,LU,P05
58,580000,UR,LU,P05
58,582500,UR,LU,P05
58,610000,UR,LU,P05
58,612500,UR,LU,P05
58,615000,UR,LU,P05
58,617500,UR,LU,P05
58,620000,UR,LU,P05
58,622500,UR,LU,P05
58,672500,UR,LU,P05
58,675000,UR,LU,P05
58,677500,UR,LU,P05
58,707500,UR,LU,P05
58,712500,UR,LU,P05
58,715000,UR,LU,P05
58,717500,UR,LU,P05
58,720000,UR,LU,P05
58,722500,UR,LU,P05
58,725000,UR,LU,P05
58,727500,UR,LU,P05
58,730000,UR,LU,P05
58,732500,UR,LU,P05
58,752500,UR,LU,P05
58,755000,UR,LU,P05
58,762500,UR,LU,P05
58,765000,UR,LU,P05
58,770000,UR,LU,P05
58,865000,UR,LU,P05
58,867500,UR,LU,P05
58,870000,UR,LU,P05
58,875000,UR,LU,P05
58,877500,UR,LU,P05
58,880000,UR,LU,P05
58,882500,UR,LU,P05
58,885000,UR,LU,P05
58,890000,UR,LU,P05
58,892500,UR,LU,P05
58,895000,UR,LU,P05
58,935000,UR,LU,P05
58,937500,UR,LU,P05
58,940000,UR,LU,P05
58,945000,UR,LU,P05
58,947500,UR,LU,P05
58,980000,UR,LU,P05
58,982500,UR,LU,P05
58,985000,UR,LU,P05
58,987500,UR,LU,P05
58,992500,UR,LU,P05
58,995000,UR,LU,P05
58,997500,UR,LU,P05
58,1000000,UR,LU,P05
58,1002500,UR,LU,P05
58,1005000,UR,LU,P05
58,1007500,UR,LU,P05
58,1010000,UR,LU,P05
58,1012500,UR,LU,P05
58,1015000,UR,LU,P05
58,1020000,UR,LU,P05
58,1075000,UR,LU,P05
58,1077500,UR,LU,P05
58,1080000,UR,LU,P05
58,1087500,UR,LU,P05
58,1090000,UR,LU,P05
58,1092500,UR,LU,P05
58,1095000,UR,LU,P05
58,1097500,UR,LU,P05
59,0,UR,XP,P05
59,2500,UR,XP,P05
59,5000,UR,XP,P05
59,7500,UR,XP,P05
59,10000,UR,XP,P05
59,12500,UR,XP,P05
59,15000,UR,XP,P05
59,17500,UR,XP,P05
59,20000,UR,XP,P05
59,22500,UR,XP,P05
59,25000,UR,XP,P05
59,27500,UR,XP,P05
59,30000,UR,XP,P05
59,32500,UR,XP,P05
59,35000,UR,XP,P05
59,37500,UR,XP,P05
59,40000,UR,XP,P05
59,42500,UR,XP,P05
59,45000,UR,XP,P05
59,47500,UR,XP,P05
59,50000,UR,XP,P05
59,55000,UR,XP,P05
59,57500,UR,XP,P05
59,62500,UR,XP,P05
59,65000,UR,XP,P05
59,67500,UR,XP,P05
59,72500,UR,XP,P05
59,75000,UR,XP,P05
59,77500,UR,XP,P05
59,80000,UR,XP,P05
59,82500,UR,XP,P05
59,85000,UR,XP,P05
59,90000,UR,XP,P05
59,92500,UR,XP,P05
59,95000,UR,XP,P05
59,97500,UR,XP,P05
59,100000,UR,XP,P05
59,102500,UR,XP,P05
59,105000,UR,XP,P05
59,107500,UR,XP,P05
59,110000,UR,XP,P05
59,112500,UR,XP,P05
59,127500,UR,XP,P05
59,130000,UR,XP,P05
59,132500,UR,XP,P05
59,135000,UR,XP,P05
59,137500,UR,XP,P05
59,140000,UR,XP,P05
59,142500,UR,XP,P05
59,145000,UR,XP,P05
59,147500,UR,XP,P05
59,152500,UR,XP,P05
59,155000,UR,XP,P05
59,157500,UR,XP,P05
59,160000,UR,XP,P05
59,187500,UR,XP,P05
59,190000,UR,XP,P05
59,192500,UR,XP,P05
59,195000,UR,XP,P05
59,197500,UR,XP,P05
59,200000,UR,XP,P05
59,205000,UR,XP,P05
59,207500,UR,XP,P05
59,210000,UR,XP,P05
59,212500,UR,XP,P05
59,215000,UR,XP,P05
59,230000,UR,XP,P05
59,232500,UR,XP,P05
59,235000,UR,XP,P05
59,237500,UR,XP,P05
59,240000,UR,XP,P05
59,242500,UR,XP,P05
59,245000,UR,XP,P05
59,250000,UR,XP,P05
59,252500,UR,XP,P05
59,257500,UR,XP,P05
59,292500,UR,XP,P05
59,295000,UR,XP,P05
59,297500,UR,XP,P05
59,312500,UR,XP,P05
59,322500,UR,XP,P05
59,325000,UR,XP,P05
59,355000,UR,XP,P05
59,397500,UR,XP,P05
59,400000,UR,XP,P05
59,432500,UR,XP,P05
59,452500,UR,XP,P05
59,465000,UR,XP,P05
59,467500,UR,XP,P05
59,475000,UR,XP,P05
59,492500,UR,XP,P05
59,495000,UR,XP,P05
59,497500,UR,XP,P05
59,500000,UR,XP,P05
59,502500,UR,XP,P05
59,505000,UR,XP,P05
59,507500,UR,XP,P05
59,510000,UR,XP,P05
59,512500,UR,XP,P05
59,515000,UR,XP,P05
59,517500,UR,XP,P05
59,535000,UR,XP,P05
59,537500,UR,XP,P05
59,540000,UR,XP,P05
59,542500,UR,XP,P05
59,547500,UR,XP,P05
59,550000,UR,XP,P05
59,552500,UR,XP,P05
59,555000,UR,XP,P05
59,557500,UR,XP,P05
59,580000,UR,XP,P05
59,582500,UR,XP,P05
59,632500,UR,XP,P05
59,677500,UR,XP,P05
59,680000,UR,XP,P05
59,685000,UR,XP,P05
59,697500,UR,XP,P05
59,700000,UR,XP,P05
59,702500,UR,XP,P05
59,705000,UR,XP,P05
59,715000,UR,XP,P05
59,717500,UR,XP,P05
59,725000,UR,XP,P05
59,727500,UR,XP,P05
59,742500,UR,XP,P05
59,745000,UR,XP,P05
59,752500,UR,XP,P05
59,755000,UR,XP,P05
59,765000,UR,XP,P05
59,777500,UR,XP,P05
59,782500,UR,XP,P05
59,785000,UR,XP,P05
59,787500,UR,XP,P05
59,790000,UR,XP,P05
59,792500,UR,XP,P05
59,795000,UR,XP,P05
59,797500,UR,XP,P05
59,800000,UR,XP,P05
59,802500,UR,XP,P05
59,805000,UR,XP,P05
59,810000,UR,XP,P05
59,817500,UR,XP,P05
59,830000,UR,XP,P05
59,837500,UR,XP,P05
59,852500,UR,XP,P05
59,855000,UR,XP,P05
59,857500,UR,XP,P05
59,860000,UR,XP,P05
59,862500,UR,XP,P05
59,867500,UR,XP,P05
59,870000,UR,XP,P05
59,872500,UR,XP,P05
59,877500,UR,XP,P05
59,880000,UR,XP,P05
59,882500,UR,XP,P05
59,885000,UR,XP,P05
59,887500,UR,XP,P05
59,890000,UR,XP,P05
59,892500,UR,XP,P05
59,895000,UR,XP,P05
59,897500,UR,XP,P05
59,900000,UR,XP,P05
59,902500,UR,XP,P05
59,905000,UR,XP,P05
59,907500,UR,XP,P05
59,910000,UR,XP,P05
59,912500,UR,XP,P05
59,915000,UR,XP,P05
59,917500,UR,XP,P05
59,920000,UR,XP,P05
59,922500,UR,XP,P05
59,925000,UR,XP,P05
59,927500,UR,XP,P05
59,930000,UR,XP,P05
59,932500,UR,XP,P05
59,935000,UR,XP,P05
59,937500,UR,XP,P05
59,940000,UR,XP,P05
59,942500,UR,XP,P05
59,945000,UR,XP,P05
59,947500,UR,XP,P05
59,962500,UR,XP,P05
59,965000,UR,XP,P05
59,967500,UR,XP,P05
59,970000,UR,XP,P05
59,972500,UR,XP,P05
59,975000,UR,XP,P05
59,977500,UR,XP,P05
59,980000,UR,XP,P05
59,982500,UR,XP,P05
59,985000,UR,XP,P05
59,987500,UR,XP,P05
59,990000,UR,XP,P05
59,992500,UR,XP,P05
59,995000,UR,XP,P05
59,997500,UR,XP,P05
59,1000000,UR,XP,P05
59,1002500,UR,XP,P05
59,1005000,UR,XP,P05
59,1007500,UR,XP,P05
59,1010000,UR,XP,P05
59,1012500,UR,XP,P05
59,1015000,UR,XP,P05
59,1017500,UR,XP,P05
59,1020000,UR,XP,P05
59,1027500,UR,XP,P05
59,1030000,UR,XP,P05
59,1032500,UR,XP,P05
59,1037500,UR,XP,P05
59,1040000,UR,XP,P05
59,1042500,UR,XP,P05
59,1045000,UR,XP,P05
59,1047500,UR,XP,P05
59,1050000,UR,XP,P05
59,1052500,UR,XP,P05
59,1055000,UR,XP,P05
59,1057500,UR,XP,P05
59,1060000,UR,XP,P05
59,1062500,UR,XP,P05
59,1070000,UR,XP,P05
59,1075000,UR,XP,P05
59,1085000,UR,XP,P05
59,1087500,UR,XP,P05
59,1090000,UR,XP,P05
59,1092500,UR,XP,P05
59,1095000,UR,XP,P05
59,1100000,UR,XP,P05
59,1102500,UR,XP,P05
59,1105000,UR,XP,P05
59,1107500,UR,XP,P05
59,1110000,UR,XP,P05
59,1112500,UR,XP,P05
60,0,DL,FR,P06
60,2500,DL,FR,P06
60,5000,DL,FR,P06
60,10000,DL,FR,P06
60,15000,DL,FR,P06
60,17500,DL,FR,P06
60,20000,DL,FR,P06
60,30000,DL,FR,P06
60,35000,DL,FR,P06
60,37500,DL,FR,P06
60,45000,DL,FR,P06
60,47500,DL,FR,P06
60,52500,DL,FR,P06
60,55000,DL,FR,P06
60,57500,DL,FR,P06
60,60000,DL,FR,P06
60,62500,DL,FR,P06
60,65000,DL,FR,P06
60,67500,DL,FR,P06
60,70000,DL,FR,P06
60,72500,DL,FR,P06
60,75000,DL,FR,P06
60,82500,DL,FR,P06
60,87500,DL,FR,P06
60,90000,DL,FR,P06
60,92500,DL,FR,P06
60,95000,DL,FR,P06
60,100000,DL,FR,P06
60,102500,DL,FR,P06
60,105000,DL,FR,P06
60,107500,DL,FR,P06
60,110000,DL,FR,P06
60,112500,DL,FR,P06
60,115000,DL,FR,P06
60,117500,DL,FR,P06
60,122500,DL,FR,P06
60,127500,DL,FR,P06
60,130000,DL,FR,P06
60,132500,DL,FR,P06
60,135000,DL,FR,P06
60,137500,DL,FR,P06
60,145000,DL,FR,P06
60,147500,DL,FR,P06
60,150000,DL,FR,P06
60,152500,DL,FR,P06
60,155000,DL,FR,P06
60,157500,DL,FR,P06
60,160000,DL,FR,P06
60,162500,DL,FR,P06
60,167500,DL,FR,P06
60,177500,DL,FR,P06
60,185000,DL,FR,P06
60,192500,DL,FR,P06
60,197500,DL,FR,P06
60,200000,DL,FR,P06
60,202500,DL,FR,P06
60,205000,DL,FR,P06
60,217500,DL,FR,P06
60,220000,DL,FR,P06
60,225000,DL,FR,P06
60,227500,DL,FR,P06
60,230000,DL,FR,P06
60,232500,DL,FR,P06
60,235000,DL,FR,P06
60,237500,DL,FR,P06
60,240000,DL,FR,P06
60,242500,DL,FR,P06
60,245000,DL,FR,P06
60,247500,DL,FR,P06
60,250000,DL,FR,P06
60,252500,DL,FR,P06
60,255000,DL,FR,P06
60,257500,DL,FR,P06
60,260000,DL,FR,P06
60,262500,DL,FR,P06
60,265000,DL,FR,P06
60,267500,DL,FR,P06
60,275000,DL,FR,P06
60,277500,DL,FR,P06
60,280000,DL,FR,P06
60,282500,DL,FR,P06
60,285000,DL,FR,P06
60,287500,DL,FR,P06
60,290000,DL,FR,P06
60,292500,DL,FR,P06
60,295000,DL,FR,P06
60,297500,DL,FR,P06
60,300000,DL,FR,P06
60,302500,DL,FR,P06
60,305000,DL,FR,P06
60,307500,DL,FR,P06
60,310000,DL,FR,P06
60,312500,DL,FR,P06
60,315000,DL,FR,P06
60,317500,DL,FR,P06
60,320000,DL,FR,P06
60,325000,DL,FR,P06
60,330000,DL,FR,P06
60,332500,DL,FR,P06
60,335000,DL,FR,P06
60,337500,DL,FR,P06
60,340000,DL,FR,P06
60,342500,DL,FR,P06
60,345000,DL,FR,P06
60,347500,DL,FR,P06
60,350000,DL,FR,P06
60,352500,DL,FR,P06
60,355000,DL,FR,P06
60,357500,DL,FR,P06
60,360000,DL,FR,P06
60,362500,DL,FR,P06
60,365000,DL,FR,P06
60,367500,DL,FR,P06
60,370000,DL,FR,P06
60,372500,DL,FR,P06
60,375000,DL,FR,P06
60,377500,DL,FR,P06
60,382500,DL,FR,P06
60,385000,DL,FR,P06
60,387500,DL,FR,P06
60,400000,DL,FR,P06
60,402500,DL,FR,P06
60,405000,DL,FR,P06
60,407500,DL,FR,P06
60,410000,DL,FR,P06
60,412500,DL,FR,P06
60,415000,DL,FR,P06
60,417500,DL,FR,P06
60,420000,DL,FR,P06
60,422500,DL,FR,P06
60,425000,DL,FR,P06
60,427500,DL,FR,P06
60,430000,DL,FR,P06
60,432500,DL,FR,P06
60,435000,DL,FR,P06
60,437500,DL,FR,P06
60,440000,DL,FR,P06
60,442500,DL,FR,P06
60,445000,DL,FR,P06
60,447500,DL,FR,P06
60,450000,DL,FR,P06
60,452500,DL,FR,P06
60,455000,DL,FR,P06
60,462500,DL,FR,P06
60,465000,DL,FR,P06
60,467500,DL,FR,P06
60,470000,DL,FR,P06
60,472500,DL,FR,P06
60,475000,DL,FR,P06
60,477500,DL,FR,P06
60,480000,DL,FR,P06
60,482500,DL,FR,P06
60,485000,DL,FR,P06
60,487500,DL,FR,P06
60,490000,DL,FR,P06
60,492500,DL,FR,P06
60,495000,DL,FR,P06
60,497500,DL,FR,P06
60,500000,DL,FR,P06
60,502500,DL,FR,P06
60,505000,DL,FR,P06
60,507500,DL,FR,P06
60,510000,DL,FR,P06
60,512500,DL,FR,P06
60,515000,DL,FR,P06
60,517500,DL,FR,P06
60,520000,DL,FR,P06
60,522500,DL,FR,P06
60,525000,DL,FR,P06
60,527500,DL,FR,P06
60,530000,DL,FR,P06
60,532500,DL,FR,P06
60,535000,DL,FR,P06
60,537500,DL,FR,P06
60,540000,DL,FR,P06
60,542500,DL,FR,P06
60,545000,DL,FR,P06
60,547500,DL,FR,P06
60,550000,DL,FR,P06
60,552500,DL,FR,P06
60,560000,DL,FR,P06
60,562500,DL,FR,P06
60,565000,DL,FR,P06
60,567500,DL,FR,P06
60,570000,DL,FR,P06
60,572500,DL,FR,P06
60,575000,DL,FR,P06
60,577500,DL,FR,P06
60,580000,DL,FR,P06
60,585000,DL,FR,P06
60,587500,DL,FR,P06
60,590000,DL,FR,P06
60,592500,DL,FR,P06
60,595000,DL,FR,P06
60,597500,DL,FR,P06
60,612500,DL,FR,P06
60,615000,DL,FR,P06
60,617500,DL,FR,P06
60,620000,DL,FR,P06
60,622500,DL,FR,P06
60,625000,DL,FR,P06
60,627500,DL,FR,P06
60,630000,DL,FR,P06
60,632500,DL,FR,P06
60,635000,DL,FR,P06
60,637500,DL,FR,P06
60,640000,DL,FR,P06
60,645000,DL,FR,P06
60,647500,DL,FR,P06
60,650000,DL,FR,P06
60,652500,DL,FR,P06
60,655000,DL,FR,P06
60,657500,DL,FR,P06
60,660000,DL,FR,P06
60,662500,DL,FR,P06
60,665000,DL,FR,P06
60,667500,DL,FR,P06
60,670000,DL,FR,P06
60,672500,DL,FR,P06
60,675000,DL,FR,P06
60,677500,DL,FR,P06
60,680000,DL,FR,P06
60,682500,DL,FR,P06
60,685000,DL,FR,P06
60,687500,DL,FR,P06
60,690000,DL,FR,P06
60,692500,DL,FR,P06
60,695000,DL,FR,P06
60,697500,DL,FR,P06
60,700000,DL,FR,P06
60,702500,DL,FR,P06
60,705000,DL,FR,P06
60,707500,DL,FR,P06
60,710000,DL,FR,P06
60,712500,DL,FR,P06
60,715000,DL,FR,P06
60,722500,DL,FR,P06
60,725000,DL,FR,P06
60,727500,DL,FR,P06
60,735000,DL,FR,P06
60,737500,DL,FR,P06
60,740000,DL,FR,P06
60,742500,DL,FR,P06
60,762500,DL,FR,P06
60,765000,DL,FR,P06
60,767500,DL,FR,P06
60,770000,DL,FR,P06
60,772500,DL,FR,P06
60,775000,DL,FR,P06
60,777500,DL,FR,P06
60,780000,DL,FR,P06
60,782500,DL,FR,P06
60,785000,DL,FR,P06
60,787500,DL,FR,P06
60,790000,DL,FR,P06
60,792500,DL,FR,P06
60,795000,DL,FR,P06
60,797500,DL,FR,P06
60,800000,DL,FR,P06
60,802500,DL,FR,P06
60,805000,DL,FR,P06
60,807500,DL,FR,P06
60,810000,DL,FR,P06
60,812500,DL,FR,P06
60,815000,DL,FR,P06
60,817500,DL,FR,P06
60,820000,DL,FR,P06
60,822500,DL,FR,P06
60,825000,DL,FR,P06
60,827500,DL,FR,P06
60,830000,DL,FR,P06
60,832500,DL,FR,P06
60,835000,DL,FR,P06
60,837500,DL,FR,P06
60,840000,DL,FR,P06
60,842500,DL,FR,P06
60,845000,DL,FR,P06
60,847500,DL,FR,P06
60,850000,DL,FR,P06
60,852500,DL,FR,P06
60,855000,DL,FR,P06
60,857500,DL,FR,P06
60,860000,DL,FR,P06
60,862500,DL,FR,P06
60,865000,DL,FR,P06
60,867500,DL,FR,P06
60,870000,DL,FR,P06
60,872500,DL,FR,P06
60,875000,DL,FR,P06
60,877500,DL,FR,P06
60,880000,DL,FR,P06
60,882500,DL,FR,P06
60,885000,DL,FR,P06
60,887500,DL,FR,P06
60,890000,DL,FR,P06
60,892500,DL,FR,P06
60,895000,DL,FR,P06
60,897500,DL,FR,P06
60,900000,DL,FR,P06
60,902500,DL,FR,P06
60,905000,DL,FR,P06
60,907500,DL,FR,P06
60,910000,DL,FR,P06
60,912500,DL,FR,P06
60,915000,DL,FR,P06
60,917500,DL,FR,P06
60,920000,DL,FR,P06
60,922500,DL,FR,P06
60,925000,DL,FR,P06
60,927500,DL,FR,P06
60,930000,DL,FR,P06
60,932500,DL,FR,P06
60,935000,DL,FR,P06
60,937500,DL,FR,P06
60,940000,DL,FR,P06
60,942500,DL,FR,P06
60,945000,DL,FR,P06
60,947500,DL,FR,P06
60,950000,DL,FR,P06
60,952500,DL,FR,P06
60,955000,DL,FR,P06
60,957500,DL,FR,P06
60,960000,DL,FR,P06
60,962500,DL,FR,P06
60,965000,DL,FR,P06
60,967500,DL,FR,P06
60,970000,DL,FR,P06
60,972500,DL,FR,P06
60,975000,DL,FR,P06
60,977500,DL,FR,P06
60,980000,DL,FR,P06
60,982500,DL,FR,P06
60,985000,DL,FR,P06
60,987500,DL,FR,P06
60,990000,DL,FR,P06
60,992500,DL,FR,P06
60,995000,DL,FR,P06
60,997500,DL,FR,P06
60,1000000,DL,FR,P06
60,1002500,DL,FR,P06
60,1007500,DL,FR,P06
60,1010000,DL,FR,P06
60,1012500,DL,FR,P06
60,1015000,DL,FR,P06
60,1017500,DL,FR,P06
60,1022500,DL,FR,P06
60,1025000,DL,FR,P06
60,1027500,DL,FR,P06
60,1030000,DL,FR,P06
60,1032500,DL,FR,P06
60,1035000,DL,FR,P06
60,1037500,DL,FR,P06
60,1040000,DL,FR,P06
60,1042500,DL,FR,P06
60,1045000,DL,FR,P06
60,1047500,DL,FR,P06
60,1050000,DL,FR,P06
60,1057500,DL,FR,P06
60,1060000,DL,FR,P06
61,0,DL,LU,P06
61,2500,DL,LU,P06
61,5000,DL,LU,P06
61,7500,DL,LU,P06
61,10000,DL,LU,P06
61,12500,DL,LU,P06
61,15000,DL,LU,P06
61,17500,DL,LU,P06
61,20000,DL,LU,P06
61,27500,DL,LU,P06
61,30000,DL,LU,P06
61,32500,DL,LU,P06
61,37500,DL,LU,P06
61,45000,DL,LU,P06
61,47500,DL,LU,P06
61,50000,DL,LU,P06
61,52500,DL,LU,P06
61,55000,DL,LU,P06
61,57500,DL,LU,P06
61,60000,DL,LU,P06
61,65000,DL,LU,P06
61,67500,DL,LU,P06
61,70000,DL,LU,P06
61,72500,DL,LU,P06
61,77500,DL,LU,P06
61,80000,DL,LU,P06
61,82500,DL,LU,P06
61,85000,DL,LU,P06
61,87500,DL,LU,P06
61,90000,DL,LU,P06
61,95000,DL,LU,P06
61,105000,DL,LU,P06
61,107500,DL,LU,P06
61,110000,DL,LU,P06
61,112500,DL,LU,P06
61,115000,DL,LU,P06
61,117500,DL,LU,P06
61,120000,DL,LU,P06
61,122500,DL,LU,P06
61,125000,DL,LU,P06
61,127500,DL,LU,P06
61,130000,DL,LU,P06
61,132500,DL,LU,P06
61,135000,DL,LU,P06
61,137500,DL,LU,P06
61,140000,DL,LU,P06
61,142500,DL,LU,P06
61,145000,DL,LU,P06
61,147500,DL,LU,P06
61,150000,DL,LU,P06
61,152500,DL,LU,P06
61,160000,DL,LU,P06
61,165000,DL,LU,P06
61,167500,DL,LU,P06
61,170000,DL,LU,P06
61,172500,DL,LU,P06
61,175000,DL,LU,P06
61,177500,DL,LU,P06
61,180000,DL,LU,P06
61,187500,DL,LU,P06
61,202500,DL,LU,P06
61,210000,DL,LU,P06
61,212500,DL,LU,P06
61,215000,DL,LU,P06
61,217500,DL,LU,P06
61,220000,DL,LU,P06
61,222500,DL,LU,P06
61,225000,DL,LU,P06
61,227500,DL,LU,P06
61,230000,DL,LU,P06
61,232500,DL,LU,P06
61,235000,DL,LU,P06
61,237500,DL,LU,P06
61,240000,DL,LU,P06
61,242500,DL,LU,P06
61,245000,DL,LU,P06
61,247500,DL,LU,P06
61,250000,DL,LU,P06
61,252500,DL,LU,P06
61,255000,DL,LU,P06
61,257500,DL,LU,P06
61,260000,DL,LU,P06
61,262500,DL,LU,P06
61,265000,DL,LU,P06
61,267500,DL,LU,P06
61,270000,DL,LU,P06
61,272500,DL,LU,P06
61,275000,DL,LU,P06
61,277500,DL,LU,P06
61,280000,DL,LU,P06
61,297500,DL,LU,P06
61,300000,DL,LU,P06
61,302500,DL,LU,P06
61,305000,DL,LU,P06
61,307500,DL,LU,P06
61,310000,DL,LU,P06
61,312500,DL,LU,P06
61,315000,DL,LU,P06
61,317500,DL,LU,P06
61,320000,DL,LU,P06
61,322500,DL,LU,P06
61,325000,DL,LU,P06
61,350000,DL,LU,P06
61,355000,DL,LU,P06
61,357500,DL,LU,P06
61,360000,DL,LU,P06
61,362500,DL,LU,P06
61,365000,DL,LU,P06
61,382500,DL,LU,P06
61,405000,DL,LU,P06
61,407500,DL,LU,P06
61,410000,DL,LU,P06
61,412500,DL,LU,P06
61,415000,DL,LU,P06
61,417500,DL,LU,P06
61,420000,DL,LU,P06
61,432500,DL,LU,P06
61,435000,DL,LU,P06
61,442500,DL,LU,P06
61,445000,DL,LU,P06
61,447500,DL,LU,P06
61,450000,DL,LU,P06
61,452500,DL,LU,P06
61,455000,DL,LU,P06
61,457500,DL,LU,P06
61,462500,DL,LU,P06
61,465000,DL,LU,P06
61,467500,DL,LU,P06
61,470000,DL,LU,P06
61,472500,DL,LU,P06
61,475000,DL,LU,P06
61,477500,DL,LU,P06
61,480000,DL,LU,P06
61,482500,DL,LU,P06
61,485000,DL,LU,P06
61,487500,DL,LU,P06
61,490000,DL,LU,P06
61,500000,DL,LU,P06
61,502500,DL,LU,P06
61,505000,DL,LU,P06
61,507500,DL,LU,P06
61,510000,DL,LU,P06
61,512500,DL,LU,P06
61,520000,DL,LU,P06
61,522500,DL,LU,P06
61,525000,DL,LU,P06
61,527500,DL,LU,P06
61,530000,DL,LU,P06
61,532500,DL,LU,P06
61,535000,DL,LU,P06
61,537500,DL,LU,P06
61,552500,DL,LU,P06
61,555000,DL,LU,P06
61,560000,DL,LU,P06
61,562500,DL,LU,P06
61,572500,DL,LU,P06
61,575000,DL,LU,P06
61,585000,DL,LU,P06
61,587500,DL,LU,P06
61,590000,DL,LU,P06
61,592500,DL,LU,P06
61,595000,DL,LU,P06
61,605000,DL,LU,P06
61,607500,DL,LU,P06
61,610000,DL,LU,P06
61,612500,DL,LU,P06
61,615000,DL,LU,P06
61,630000,DL,LU,P06
61,632500,DL,LU,P06
61,635000,DL,LU,P06
61,637500,DL,LU,P06
61,640000,DL,LU,P06
61,650000,DL,LU,P06
61,652500,DL,LU,P06
61,655000,DL,LU,P06
61,657500,DL,LU,P06
61,662500,DL,LU,P06
61,665000,DL,LU,P06
61,667500,DL,LU,P06
61,672500,DL,LU,P06
61,675000,DL,LU,P06
61,680000,DL,LU,P06
61,685000,DL,LU,P06
61,687500,DL,LU,P06
61,690000,DL,LU,P06
61,695000,DL,LU,P06
61,700000,DL,LU,P06
61,702500,DL,LU,P06
61,705000,DL,LU,P06
61,707500,DL,LU,P06
61,715000,DL,LU,P06
61,717500,DL,LU,P06
61,720000,DL,LU,P06
61,722500,DL,LU,P06
61,725000,DL,LU,P06
61,727500,DL,LU,P06
61,730000,DL,LU,P06
61,732500,DL,LU,P06
61,735000,DL,LU,P06
61,737500,DL,LU,P06
61,740000,DL,LU,P06
61,742500,DL,LU,P06
61,747500,DL,LU,P06
61,750000,DL,LU,P06
61,1005000,DL,LU,P06
61,1010000,DL,LU,P06
61,1012500,DL,LU,P06
61,1055000,DL,LU,P06
61,1057500,DL,LU,P06
61,1060000,DL,LU,P06
62,0,DL,XP,P06
62,10000,DL,XP,P06
62,12500,DL,XP,P06
62,15000,DL,XP,P06
62,17500,DL,XP,P06
62,25000,DL,XP,P06
62,27500,DL,XP,P06
62,30000,DL,XP,P06
62,35000,DL,XP,P06
62,42500,DL,XP,P06
62,47500,DL,XP,P06
62,55000,DL,XP,P06
62,57500,DL,XP,P06
62,60000,DL,XP,P06
62,67500,DL,XP,P06
62,72500,DL,XP,P06
62,77500,DL,XP,P06
62,80000,DL,XP,P06
62,82500,DL,XP,P06
62,85000,DL,XP,P06
62,87500,DL,XP,P06
62,90000,DL,XP,P06
62,95000,DL,XP,P06
62,100000,DL,XP,P06
62,102500,DL,XP,P06
62,105000,DL,XP,P06
62,107500,DL,XP,P06
62,110000,DL,XP,P06
62,112500,DL,XP,P06
62,115000,DL,XP,P06
62,117500,DL,XP,P06
62,122500,DL,XP,P06
62,127500,DL,XP,P06
62,130000,DL,XP,P06
62,132500,DL,XP,P06
62,135000,DL,XP,P06
62,137500,DL,XP,P06
62,140000,DL,XP,P06
62,142500,DL,XP,P06
62,152500,DL,XP,P06
62,160000,DL,XP,P06
62,162500,DL,XP,P06
62,165000,DL,XP,P06
62,167500,DL,XP,P06
62,170000,DL,XP,P06
62,172500,DL,XP,P06
62,175000,DL,XP,P06
62,177500,DL,XP,P06
62,180000,DL,XP,P06
62,182500,DL,XP,P06
62,185000,DL,XP,P06
62,187500,DL,XP,P06
62,190000,DL,XP,P06
62,192500,DL,XP,P06
62,195000,DL,XP,P06
62,200000,DL,XP,P06
62,202500,DL,XP,P06
62,205000,DL,XP,P06
62,207500,DL,XP,P06
62,210000,DL,XP,P06
62,212500,DL,XP,P06
62,215000,DL,XP,P06
62,217500,DL,XP,P06
62,220000,DL,XP,P06
62,222500,DL,XP,P06
62,225000,DL,XP,P06
62,227500,DL,XP,P06
62,230000,DL,XP,P06
62,232500,DL,XP,P06
62,235000,DL,XP,P06
62,237500,DL,XP,P06
62,240000,DL,XP,P06
62,242500,DL,XP,P06
62,250000,DL,XP,P06
62,252500,DL,XP,P06
62,255000,DL,XP,P06
62,257500,DL,XP,P06
62,260000,DL,XP,P06
62,262500,DL,XP,P06
62,265000,DL,XP,P06
62,267500,DL,XP,P06
62,275000,DL,XP,P06
62,280000,DL,XP,P06
62,282500,DL,XP,P06
62,285000,DL,XP,P06
62,287500,DL,XP,P06
62,290000,DL,XP,P06
62,292500,DL,XP,P06
62,295000,DL,XP,P06
62,297500,DL,XP,P06
62,300000,DL,XP,P06
62,302500,DL,XP,P06
62,305000,DL,XP,P06
62,307500,DL,XP,P06
62,310000,DL,XP,P06
62,312500,DL,XP,P06
62,315000,DL,XP,P06
62,317500,DL,XP,P06
62,320000,DL,XP,P06
62,322500,DL,XP,P06
62,335000,DL,XP,P06
62,337500,DL,XP,P06
62,340000,DL,XP,P06
62,342500,DL,XP,P06
62,345000,DL,XP,P06
62,347500,DL,XP,P06
62,350000,DL,XP,P06
62,352500,DL,XP,P06
62,355000,DL,XP,P06
62,367500,DL,XP,P06
62,382500,DL,XP,P06
62,387500,DL,XP,P06
62,390000,DL,XP,P06
62,402500,DL,XP,P06
62,405000,DL,XP,P06
62,407500,DL,XP,P06
62,412500,DL,XP,P06
62,415000,DL,XP,P06
62,417500,DL,XP,P06
62,420000,DL,XP,P06
62,422500,DL,XP,P06
62,425000,DL,XP,P06
62,427500,DL,XP,P06
62,430000,DL,XP,P06
62,432500,DL,XP,P06
62,435000,DL,XP,P06
62,437500,DL,XP,P06
62,440000,DL,XP,P06
62,442500,DL,XP,P06
62,445000,DL,XP,P06
62,447500,DL,XP,P06
62,450000,DL,XP,P06
62,452500,DL,XP,P06
62,455000,DL,XP,P06
62,457500,DL,XP,P06
62,460000,DL,XP,P06
62,462500,DL,XP,P06
62,465000,DL,XP,P06
62,467500,DL,XP,P06
62,470000,DL,XP,P06
62,475000,DL,XP,P06
62,477500,DL,XP,P06
62,480000,DL,XP,P06
62,482500,DL,XP,P06
62,485000,DL,XP,P06
62,495000,DL,XP,P06
62,500000,DL,XP,P06
62,502500,DL,XP,P06
62,505000,DL,XP,P06
62,507500,DL,XP,P06
62,515000,DL,XP,P06
62,517500,DL,XP,P06
62,520000,DL,XP,P06
62,522500,DL,XP,P06
62,525000,DL,XP,P06
62,527500,DL,XP,P06
62,530000,DL,XP,P06
62,532500,DL,XP,P06
62,535000,DL,XP,P06
62,537500,DL,XP,P06
62,540000,DL,XP,P06
62,542500,DL,XP,P06
62,545000,DL,XP,P06
62,547500,DL,XP,P06
62,550000,DL,XP,P06
62,552500,DL,XP,P06
62,555000,DL,XP,P06
62,557500,DL,XP,P06
62,560000,DL,XP,P06
62,562500,DL,XP,P06
62,565000,DL,XP,P06
62,567500,DL,XP,P06
62,570000,DL,XP,P06
62,572500,DL,XP,P06
62,575000,DL,XP,P06
62,577500,DL,XP,P06
62,580000,DL,XP,P06
62,582500,DL,XP,P06
62,585000,DL,XP,P06
62,587500,DL,XP,P06
62,590000,DL,XP,P06
62,592500,DL,XP,P06
62,595000,DL,XP,P06
62,597500,DL,XP,P06
62,600000,DL,XP,P06
62,602500,DL,XP,P06
62,605000,DL,XP,P06
62,607500,DL,XP,P06
62,610000,DL,XP,P06
62,612500,DL,XP,P06
62,615000,DL,XP,P06
62,617500,DL,XP,P06
62,620000,DL,XP,P06
62,622500,DL,XP,P06
62,625000,DL,XP,P06
62,627500,DL,XP,P06
62,630000,DL,XP,P06
62,632500,DL,XP,P06
62,635000,DL,XP,P06
62,637500,DL,XP,P06
62,640000,DL,XP,P06
62,642500,DL,XP,P06
62,647500,DL,XP,P06
62,650000,DL,XP,P06
62,652500,DL,XP,P06
62,655000,DL,XP,P06
62,657500,DL,XP,P06
62,660000,DL,XP,P06
62,662500,DL,XP,P06
62,665000,DL,XP,P06
62,670000,DL,XP,P06
62,672500,DL,XP,P06
62,675000,DL,XP,P06
62,677500,DL,XP,P06
62,680000,DL,XP,P06
62,682500,DL,XP,P06
62,685000,DL,XP,P06
62,687500,DL,XP,P06
62,690000,DL,XP,P06
62,692500,DL,XP,P06
62,695000,DL,XP,P06
62,702500,DL,XP,P06
62,705000,DL,XP,P06
62,707500,DL,XP,P06
62,710000,DL,XP,P06
62,712500,DL,XP,P06
62,715000,DL,XP,P06
62,717500,DL,XP,P06
62,720000,DL,XP,P06
62,722500,DL,XP,P06
62,725000,DL,XP,P06
62,727500,DL,XP,P06
62,730000,DL,XP,P06
62,732500,DL,XP,P06
62,735000,DL,XP,P06
62,737500,DL,XP,P06
62,740000,DL,XP,P06
62,742500,DL,XP,P06
62,747500,DL,XP,P06
62,750000,DL,XP,P06
62,760000,DL,XP,P06
62,762500,DL,XP,P06
62,765000,DL,XP,P06
62,767500,DL,XP,P06
62,770000,DL,XP,P06
62,772500,DL,XP,P06
62,775000,DL,XP,P06
62,777500,DL,XP,P06
62,780000,DL,XP,P06
62,782500,DL,XP,P06
62,785000,DL,XP,P06
62,787500,DL,XP,P06
62,790000,DL,XP,P06
62,792500,DL,XP,P06
62,795000,DL,XP,P06
62,797500,DL,XP,P06
62,800000,DL,XP,P06
62,802500,DL,XP,P06
62,805000,DL,XP,P06
62,807500,DL,XP,P06
62,810000,DL,XP,P06
62,812500,DL,XP,P06
62,815000,DL,XP,P06
62,817500,DL,XP,P06
62,820000,DL,XP,P06
62,822500,DL,XP,P06
62,825000,DL,XP,P06
62,827500,DL,XP,P06
62,830000,DL,XP,P06
62,832500,DL,XP,P06
62,835000,DL,XP,P06
62,837500,DL,XP,P06
62,840000,DL,XP,P06
62,842500,DL,XP,P06
62,845000,DL,XP,P06
62,847500,DL,XP,P06
62,850000,DL,XP,P06
62,852500,DL,XP,P06
62,855000,DL,XP,P06
62,857500,DL,XP,P06
62,860000,DL,XP,P06
62,862500,DL,XP,P06
62,865000,DL,XP,P06
62,867500,DL,XP,P06
62,870000,DL,XP,P06
62,872500,DL,XP,P06
62,875000,DL,XP,P06
62,877500,DL,XP,P06
62,880000,DL,XP,P06
62,882500,DL,XP,P06
62,885000,DL,XP,P06
62,887500,DL,XP,P06
62,890000,DL,XP,P06
62,892500,DL,XP,P06
62,895000,DL,XP,P06
62,1005000,DL,XP,P06
62,1017500,DL,XP,P06
62,1020000,DL,XP,P06
62,1037500,DL,XP,P06
62,1042500,DL,XP,P06
62,1047500,DL,XP,P06
62,1055000,DL,XP,P06
62,1057500,DL,XP,P06
62,1060000,DL,XP,P06
63,0,DR,FR,P06
63,2500,DR,FR,P06
63,5000,DR,FR,P06
63,7500,DR,FR,P06
63,10000,DR,FR,P06
63,12500,DR,FR,P06
63,15000,DR,FR,P06
63,20000,DR,FR,P06
63,25000,DR,FR,P06
63,27500,DR,FR,P06
63,30000,DR,FR,P06
63,32500,DR,FR,P06
63,35000,DR,FR,P06
63,40000,DR,FR,P06
63,45000,DR,FR,P06
63,47500,DR,FR,P06
63,50000,DR,FR,P06
63,52500,DR,FR,P06
63,55000,DR,FR,P06
63,57500,DR,FR,P06
63,60000,DR,FR,P06
63,62500,DR,FR,P06
63,65000,DR,FR,P06
63,67500,DR,FR,P06
63,70000,DR,FR,P06
63,72500,DR,FR,P06
63,77500,DR,FR,P06
63,80000,DR,FR,P06
63,82500,DR,FR,P06
63,85000,DR,FR,P06
63,87500,DR,FR,P06
63,90000,DR,FR,P06
63,92500,DR,FR,P06
63,95000,DR,FR,P06
63,97500,DR,FR,P06
63,100000,DR,FR,P06
63,102500,DR,FR,P06
63,105000,DR,FR,P06
63,107500,DR,FR,P06
63,110000,DR,FR,P06
63,112500,DR,FR,P06
63,115000,DR,FR,P06
63,117500,DR,FR,P06
63,120000,DR,FR,P06
63,122500,DR,FR,P06
63,125000,DR,FR,P06
63,127500,DR,FR,P06
63,130000,DR,FR,P06
63,132500,DR,FR,P06
63,135000,DR,FR,P06
63,137500,DR,FR,P06
63,140000,DR,FR,P06
63,142500,DR,FR,P06
63,145000,DR,FR,P06
63,147500,DR,FR,P06
63,150000,DR,FR,P06
63,152500,DR,FR,P06
63,155000,DR,FR,P06
63,157500,DR,FR,P06
63,160000,DR,FR,P06
63,162500,DR,FR,P06
63,165000,DR,FR,P06
63,167500,DR,FR,P06
63,170000,DR,FR,P06
63,175000,DR,FR,P06
63,180000,DR,FR,P06
63,182500,DR,FR,P06
63,185000,DR,FR,P06
63,192500,DR,FR,P06
63,195000,DR,FR,P06
63,197500,DR,FR,P06
63,200000,DR,FR,P06
63,202500,DR,FR,P06
63,205000,DR,FR,P06
63,207500,DR,FR,P06
63,210000,DR,FR,P06
63,212500,DR,FR,P06
63,215000,DR,FR,P06
63,217500,DR,FR,P06
63,220000,DR,FR,P06
63,222500,DR,FR,P06
63,225000,DR,FR,P06
63,227500,DR,FR,P06
63,230000,DR,FR,P06
63,232500,DR,FR,P06
63,235000,DR,FR,P06
63,237500,DR,FR,P06
63,240000,DR,FR,P06
63,242500,DR,FR,P06
63,245000,DR,FR,P06
63,247500,DR,FR,P06
63,250000,DR,FR,P06
63,252500,DR,FR,P06
63,255000,DR,FR,P06
63,257500,DR,FR,P06
63,260000,DR,FR,P06
63,262500,DR,FR,P06
63,265000,DR,FR,P06
63,267500,DR,FR,P06
63,270000,DR,FR,P06
63,272500,DR,FR,P06
63,275000,DR,FR,P06
63,277500,DR,FR,P06
63,280000,DR,FR,P06
63,282500,DR,FR,P06
63,285000,DR,FR,P06
63,287500,DR,FR,P06
63,290000,DR,FR,P06
63,292500,DR,FR,P06
63,295000,DR,FR,P06
63,297500,DR,FR,P06
63,300000,DR,FR,P06
63,302500,DR,FR,P06
63,305000,DR,FR,P06
63,307500,DR,FR,P06
63,310000,DR,FR,P06
63,312500,DR,FR,P06
63,315000,DR,FR,P06
63,320000,DR,FR,P06
63,322500,DR,FR,P06
63,325000,DR,FR,P06
63,327500,DR,FR,P06
63,330000,DR,FR,P06
63,332500,DR,FR,P06
63,335000,DR,FR,P06
63,337500,DR,FR,P06
63,340000,DR,FR,P06
63,342500,DR,FR,P06
63,345000,DR,FR,P06
63,347500,DR,FR,P06
63,350000,DR,FR,P06
63,352500,DR,FR,P06
63,355000,DR,FR,P06
63,367500,DR,FR,P06
63,370000,DR,FR,P06
63,372500,DR,FR,P06
63,375000,DR,FR,P06
63,377500,DR,FR,P06
63,380000,DR,FR,P06
63,382500,DR,FR,P06
63,385000,DR,FR,P06
63,387500,DR,FR,P06
63,390000,DR,FR,P06
63,392500,DR,FR,P06
63,395000,DR,FR,P06
63,397500,DR,FR,P06
63,400000,DR,FR,P06
63,402500,DR,FR,P06
63,405000,DR,FR,P06
63,407500,DR,FR,P06
63,410000,DR,FR,P06
63,412500,DR,FR,P06
63,415000,DR,FR,P06
63,417500,DR,FR,P06
63,420000,DR,FR,P06
63,422500,DR,FR,P06
63,425000,DR,FR,P06
63,427500,DR,FR,P06
63,430000,DR,FR,P06
63,432500,DR,FR,P06
63,435000,DR,FR,P06
63,437500,DR,FR,P06
63,440000,DR,FR,P06
63,442500,DR,FR,P06
63,445000,DR,FR,P06
63,447500,DR,FR,P06
63,450000,DR,FR,P06
63,452500,DR,FR,P06
63,455000,DR,FR,P06
63,457500,DR,FR,P06
63,460000,DR,FR,P06
63,462500,DR,FR,P06
63,465000,DR,FR,P06
63,467500,DR,FR,P06
63,470000,DR,FR,P06
63,472500,DR,FR,P06
63,475000,DR,FR,P06
63,477500,DR,FR,P06
63,480000,DR,FR,P06
63,482500,DR,FR,P06
63,485000,DR,FR,P06
63,487500,DR,FR,P06
63,490000,DR,FR,P06
63,492500,DR,FR,P06
63,495000,DR,FR,P06
63,497500,DR,FR,P06
63,500000,DR,FR,P06
63,502500,DR,FR,P06
63,505000,DR,FR,P06
63,507500,DR,FR,P06
63,510000,DR,FR,P06
63,512500,DR,FR,P06
63,515000,DR,FR,P06
63,517500,DR,FR,P06
63,520000,DR,FR,P06
63,522500,DR,FR,P06
63,525000,DR,FR,P06
63,527500,DR,FR,P06
63,530000,DR,FR,P06
63,532500,DR,FR,P06
63,535000,DR,FR,P06
63,537500,DR,FR,P06
63,540000,DR,FR,P06
63,542500,DR,FR,P06
63,545000,DR,FR,P06
63,547500,DR,FR,P06
63,550000,DR,FR,P06
63,552500,DR,FR,P06
63,555000,DR,FR,P06
63,560000,DR,FR,P06
63,562500,DR,FR,P06
63,565000,DR,FR,P06
63,567500,DR,FR,P06
63,570000,DR,FR,P06
63,575000,DR,FR,P06
63,577500,DR,FR,P06
63,580000,DR,FR,P06
63,582500,DR,FR,P06
63,585000,DR,FR,P06
63,587500,DR,FR,P06
63,590000,DR,FR,P06
63,592500,DR,FR,P06
63,595000,DR,FR,P06
63,597500,DR,FR,P06
63,605000,DR,FR,P06
63,607500,DR,FR,P06
63,610000,DR,FR,P06
63,612500,DR,FR,P06
63,615000,DR,FR,P06
63,617500,DR,FR,P06
63,620000,DR,FR,P06
63,622500,DR,FR,P06
63,625000,DR,FR,P06
63,627500,DR,FR,P06
63,630000,DR,FR,P06
63,632500,DR,FR,P06
63,635000,DR,FR,P06
63,637500,DR,FR,P06
63,640000,DR,FR,P06
63,642500,DR,FR,P06
63,645000,DR,FR,P06
63,647500,DR,FR,P06
63,650000,DR,FR,P06
63,652500,DR,FR,P06
63,655000,DR,FR,P06
63,657500,DR,FR,P06
63,660000,DR,FR,P06
63,662500,DR,FR,P06
63,665000,DR,FR,P06
63,667500,DR,FR,P06
63,670000,DR,FR,P06
63,672500,DR,FR,P06
63,675000,DR,FR,P06
63,677500,DR,FR,P06
63,680000,DR,FR,P06
63,682500,DR,FR,P06
63,685000,DR,FR,P06
63,687500,DR,FR,P06
63,690000,DR,FR,P06
63,692500,DR,FR,P06
63,695000,DR,FR,P06
63,697500,DR,FR,P06
63,702500,DR,FR,P06
63,705000,DR,FR,P06
63,707500,DR,FR,P06
63,710000,DR,FR,P06
63,712500,DR,FR,P06
63,715000,DR,FR,P06
63,717500,DR,FR,P06
63,720000,DR,FR,P06
63,722500,DR,FR,P06
63,725000,DR,FR,P06
63,727500,DR,FR,P06
63,730000,DR,FR,P06
63,732500,DR,FR,P06
63,735000,DR,FR,P06
63,737500,DR,FR,P06
63,740000,DR,FR,P06
63,742500,DR,FR,P06
63,745000,DR,FR,P06
63,757500,DR,FR,P06
63,760000,DR,FR,P06
63,762500,DR,FR,P06
63,765000,DR,FR,P06
63,820000,DR,FR,P06
63,822500,DR,FR,P06
63,825000,DR,FR,P06
63,827500,DR,FR,P06
63,830000,DR,FR,P06
63,832500,DR,FR,P06
63,835000,DR,FR,P06
63,837500,DR,FR,P06
63,840000,DR,FR,P06
63,842500,DR,FR,P06
63,845000,DR,FR,P06
63,847500,DR,FR,P06
63,850000,DR,FR,P06
63,852500,DR,FR,P06
63,855000,DR,FR,P06
63,857500,DR,FR,P06
63,860000,DR,FR,P06
63,862500,DR,FR,P06
63,865000,DR,FR,P06
63,867500,DR,FR,P06
63,870000,DR,FR,P06
63,872500,DR,FR,P06
63,875000,DR,FR,P06
63,877500,DR,FR,P06
63,880000,DR,FR,P06
63,882500,DR,FR,P06
63,885000,DR,FR,P06
63,887500,DR,FR,P06
63,890000,DR,FR,P06
63,895000,DR,FR,P06
63,897500,DR,FR,P06
63,900000,DR,FR,P06
63,902500,DR,FR,P06
63,905000,DR,FR,P06
63,907500,DR,FR,P06
63,927500,DR,FR,P06
63,930000,DR,FR,P06
63,932500,DR,FR,P06
63,935000,DR,FR,P06
63,937500,DR,FR,P06
63,940000,DR,FR,P06
63,942500,DR,FR,P06
63,945000,DR,FR,P06
63,947500,DR,FR,P06
63,950000,DR,FR,P06
63,952500,DR,FR,P06
63,955000,DR,FR,P06
63,957500,DR,FR,P06
63,960000,DR,FR,P06
63,962500,DR,FR,P06
63,972500,DR,FR,P06
63,975000,DR,FR,P06
63,977500,DR,FR,P06
63,980000,DR,FR,P06
63,982500,DR,FR,P06
63,985000,DR,FR,P06
63,987500,DR,FR,P06
63,990000,DR,FR,P06
63,992500,DR,FR,P06
63,995000,DR,FR,P06
63,997500,DR,FR,P06
63,1000000,DR,FR,P06
63,1002500,DR,FR,P06
63,1005000,DR,FR,P06
63,1007500,DR,FR,P06
63,1010000,DR,FR,P06
63,1012500,DR,FR,P06
63,1015000,DR,FR,P06
63,1022500,DR,FR,P06
63,1027500,DR,FR,P06
63,1030000,DR,FR,P06
63,1032500,DR,FR,P06
63,1042500,DR,FR,P06
63,1045000,DR,FR,P06
63,1047500,DR,FR,P06
63,1050000,DR,FR,P06
63,1057500,DR,FR,P06
63,1060000,DR,FR,P06
64,0,DR,LU,P06
64,2500,DR,LU,P06
64,12500,DR,LU,P06
64,17500,DR,LU,P06
64,20000,DR,LU,P06
64,47500,DR,LU,P06
64,57500,DR,LU,P06
64,65000,DR,LU,P06
64,67500,DR,LU,P06
64,70000,DR,LU,P06
64,80000,DR,LU,P06
64,82500,DR,LU,P06
64,85000,DR,LU,P06
64,87500,DR,LU,P06
64,90000,DR,LU,P06
64,92500,DR,LU,P06
64,95000,DR,LU,P06
64,107500,DR,LU,P06
64,117500,DR,LU,P06
64,120000,DR,LU,P06
64,122500,DR,LU,P06
64,125000,DR,LU,P06
64,127500,DR,LU,P06
64,130000,DR,LU,P06
64,132500,DR,LU,P06
64,135000,DR,LU,P06
64,137500,DR,LU,P06
64,140000,DR,LU,P06
64,142500,DR,LU,P06
64,145000,DR,LU,P06
64,147500,DR,LU,P06
64,160000,DR,LU,P06
64,170000,DR,LU,P06
64,172500,DR,LU,P06
64,175000,DR,LU,P06
64,187500,DR,LU,P06
64,190000,DR,LU,P06
64,195000,DR,LU,P06
64,197500,DR,LU,P06
64,207500,DR,LU,P06
64,210000,DR,LU,P06
64,212500,DR,LU,P06
64,215000,DR,LU,P06
64,217500,DR,LU,P06
64,237500,DR,LU,P06
64,240000,DR,LU,P06
64,245000,DR,LU,P06
64,247500,DR,LU,P06
64,250000,DR,LU,P06
64,275000,DR,LU,P06
64,277500,DR,LU,P06
64,280000,DR,LU,P06
64,282500,DR,LU,P06
64,285000,DR,LU,P06
64,287500,DR,LU,P06
64,290000,DR,LU,P06
64,292500,DR,LU,P06
64,295000,DR,LU,P06
64,297500,DR,LU,P06
64,300000,DR,LU,P06
64,302500,DR,LU,P06
64,305000,DR,LU,P06
64,307500,DR,LU,P06
64,310000,DR,LU,P06
64,312500,DR,LU,P06
64,315000,DR,LU,P06
64,317500,DR,LU,P06
64,320000,DR,LU,P06
64,327500,DR,LU,P06
64,330000,DR,LU,P06
64,355000,DR,LU,P06
64,357500,DR,LU,P06
64,360000,DR,LU,P06
64,362500,DR,LU,P06
64,365000,DR,LU,P06
64,380000,DR,LU,P06
64,390000,DR,LU,P06
64,392500,DR,LU,P06
64,395000,DR,LU,P06
64,397500,DR,LU,P06
64,405000,DR,LU,P06
64,407500,DR,LU,P06
64,410000,DR,LU,P06
64,412500,DR,LU,P06
64,417500,DR,LU,P06
64,420000,DR,LU,P06
64,422500,DR,LU,P06
64,425000,DR,LU,P06
64,427500,DR,LU,P06
64,430000,DR,LU,P06
64,432500,DR,LU,P06
64,442500,DR,LU,P06
64,445000,DR,LU,P06
64,447500,DR,LU,P06
64,450000,DR,LU,P06
64,455000,DR,LU,P06
64,472500,DR,LU,P06
64,475000,DR,LU,P06
64,517500,DR,LU,P06
64,522500,DR,LU,P06
64,525000,DR,LU,P06
64,527500,DR,LU,P06
64,540000,DR,LU,P06
64,542500,DR,LU,P06
64,545000,DR,LU,P06
64,547500,DR,LU,P06
64,550000,DR,LU,P06
64,560000,DR,LU,P06
64,562500,DR,LU,P06
64,565000,DR,LU,P06
64,570000,DR,LU,P06
64,572500,DR,LU,P06
64,575000,DR,LU,P06
64,580000,DR,LU,P06
64,582500,DR,LU,P06
64,585000,DR,LU,P06
64,590000,DR,LU,P06
64,592500,DR,LU,P06
64,622500,DR,LU,P06
64,625000,DR,LU,P06
64,627500,DR,LU,P06
64,630000,DR,LU,P06
64,632500,DR,LU,P06
64,635000,DR,LU,P06
64,637500,DR,LU,P06
64,640000,DR,LU,P06
64,642500,DR,LU,P06
64,645000,DR,LU,P06
64,647500,DR,LU,P06
64,650000,DR,LU,P06
64,652500,DR,LU,P06
64,655000,DR,LU,P06
64,657500,DR,LU,P06
64,672500,DR,LU,P06
64,677500,DR,LU,P06
64,680000,DR,LU,P06
64,685000,DR,LU,P06
64,687500,DR,LU,P06
64,690000,DR,LU,P06
64,702500,DR,LU,P06
64,707500,DR,LU,P06
64,712500,DR,LU,P06
64,715000,DR,LU,P06
64,717500,DR,LU,P06
64,720000,DR,LU,P06
64,722500,DR,LU,P06
64,725000,DR,LU,P06
64,732500,DR,LU,P06
64,735000,DR,LU,P06
64,737500,DR,LU,P06
64,747500,DR,LU,P06
64,750000,DR,LU,P06
64,752500,DR,LU,P06
64,755000,DR,LU,P06
64,757500,DR,LU,P06
64,760000,DR,LU,P06
64,762500,DR,LU,P06
64,765000,DR,LU,P06
64,767500,DR,LU,P06
64,770000,DR,LU,P06
64,772500,DR,LU,P06
64,775000,DR,LU,P06
64,777500,DR,LU,P06
64,780000,DR,LU,P06
64,782500,DR,LU,P06
64,785000,DR,LU,P06
64,787500,DR,LU,P06
64,790000,DR,LU,P06
64,792500,DR,LU,P06
64,795000,DR,LU,P06
64,797500,DR,LU,P06
64,800000,DR,LU,P06
64,802500,DR,LU,P06
64,805000,DR,LU,P06
64,807500,DR,LU,P06
64,810000,DR,LU,P06
64,812500,DR,LU,P06
64,815000,DR,LU,P06
64,817500,DR,LU,P06
64,820000,DR,LU,P06
64,822500,DR,LU,P06
64,825000,DR,LU,P06
64,827500,DR,LU,P06
64,830000,DR,LU,P06
64,832500,DR,LU,P06
64,835000,DR,LU,P06
64,837500,DR,LU,P06
64,840000,DR,LU,P06
64,842500,DR,LU,P06
64,845000,DR,LU,P06
64,847500,DR,LU,P06
64,850000,DR,LU,P06
64,852500,DR,LU,P06
64,855000,DR,LU,P06
64,857500,DR,LU,P06
64,860000,DR,LU,P06
64,862500,DR,LU,P06
64,865000,DR,LU,P06
64,867500,DR,LU,P06
64,870000,DR,LU,P06
64,872500,DR,LU,P06
64,875000,DR,LU,P06
64,877500,DR,LU,P06
64,880000,DR,LU,P06
64,1047500,DR,LU,P06
64,1052500,DR,LU,P06
64,1055000,DR,LU,P06
64,1057500,DR,LU,P06
64,1060000,DR,LU,P06
65,0,DR,XP,P06
65,2500,DR,XP,P06
65,5000,DR,XP,P06
65,7500,DR,XP,P06
65,10000,DR,XP,P06
65,12500,DR,XP,P06
65,15000,DR,XP,P06
65,17500,DR,XP,P06
65,35000,DR,XP,P06
65,37500,DR,XP,P06
65,45000,DR,XP,P06
65,47500,DR,XP,P06
65,50000,DR,XP,P06
65,55000,DR,XP,P06
65,70000,DR,XP,P06
65,72500,DR,XP,P06
65,75000,DR,XP,P06
65,80000,DR,XP,P06
65,82500,DR,XP,P06
65,85000,DR,XP,P06
65,87500,DR,XP,P06
65,90000,DR,XP,P06
65,117500,DR,XP,P06
65,120000,DR,XP,P06
65,140000,DR,XP,P06
65,142500,DR,XP,P06
65,152500,DR,XP,P06
65,160000,DR,XP,P06
65,167500,DR,XP,P06
65,170000,DR,XP,P06
65,172500,DR,XP,P06
65,175000,DR,XP,P06
65,177500,DR,XP,P06
65,180000,DR,XP,P06
65,182500,DR,XP,P06
65,185000,DR,XP,P06
65,197500,DR,XP,P06
65,215000,DR,XP,P06
65,220000,DR,XP,P06
65,222500,DR,XP,P06
65,225000,DR,XP,P06
65,227500,DR,XP,P06
65,230000,DR,XP,P06
65,232500,DR,XP,P06
65,235000,DR,XP,P06
65,237500,DR,XP,P06
65,240000,DR,XP,P06
65,242500,DR,XP,P06
65,245000,DR,XP,P06
65,247500,DR,XP,P06
65,252500,DR,XP,P06
65,255000,DR,XP,P06
65,257500,DR,XP,P06
65,260000,DR,XP,P06
65,262500,DR,XP,P06
65,265000,DR,XP,P06
65,272500,DR,XP,P06
65,275000,DR,XP,P06
65,277500,DR,XP,P06
65,280000,DR,XP,P06
65,282500,DR,XP,P06
65,285000,DR,XP,P06
65,287500,DR,XP,P06
65,290000,DR,XP,P06
65,292500,DR,XP,P06
65,297500,DR,XP,P06
65,300000,DR,XP,P06
65,302500,DR,XP,P06
65,305000,DR,XP,P06
65,307500,DR,XP,P06
65,310000,DR,XP,P06
65,312500,DR,XP,P06
65,315000,DR,XP,P06
65,317500,DR,XP,P06
65,320000,DR,XP,P06
65,322500,DR,XP,P06
65,332500,DR,XP,P06
65,335000,DR,XP,P06
65,337500,DR,XP,P06
65,340000,DR,XP,P06
65,342500,DR,XP,P06
65,345000,DR,XP,P06
65,347500,DR,XP,P06
65,350000,DR,XP,P06
65,357500,DR,XP,P06
65,360000,DR,XP,P06
65,362500,DR,XP,P06
65,365000,DR,XP,P06
65,367500,DR,XP,P06
65,370000,DR,XP,P06
65,372500,DR,XP,P06
65,375000,DR,XP,P06
65,377500,DR,XP,P06
65,387500,DR,XP,P06
65,390000,DR,XP,P06
65,392500,DR,XP,P06
65,395000,DR,XP,P06
65,397500,DR,XP,P06
65,400000,DR,XP,P06
65,402500,DR,XP,P06
65,405000,DR,XP,P06
65,407500,DR,XP,P06
65,410000,DR,XP,P06
65,412500,DR,XP,P06
65,447500,DR,XP,P06
65,472500,DR,XP,P06
65,475000,DR,XP,P06
65,477500,DR,XP,P06
65,480000,DR,XP,P06
65,482500,DR,XP,P06
65,485000,DR,XP,P06
65,487500,DR,XP,P06
65,490000,DR,XP,P06
65,492500,DR,XP,P06
65,495000,DR,XP,P06
65,497500,DR,XP,P06
65,500000,DR,XP,P06
65,502500,DR,XP,P06
65,505000,DR,XP,P06
65,507500,DR,XP,P06
65,510000,DR,XP,P06
65,512500,DR,XP,P06
65,515000,DR,XP,P06
65,517500,DR,XP,P06
65,520000,DR,XP,P06
65,522500,DR,XP,P06
65,525000,DR,XP,P06
65,527500,DR,XP,P06
65,530000,DR,XP,P06
65,532500,DR,XP,P06
65,612500,DR,XP,P06
65,630000,DR,XP,P06
65,632500,DR,XP,P06
65,635000,DR,XP,P06
65,637500,DR,XP,P06
65,640000,DR,XP,P06
65,642500,DR,XP,P06
65,645000,DR,XP,P06
65,647500,DR,XP,P06
65,660000,DR,XP,P06
65,662500,DR,XP,P06
65,665000,DR,XP,P06
65,667500,DR,XP,P06
65,670000,DR,XP,P06
65,672500,DR,XP,P06
65,675000,DR,XP,P06
65,677500,DR,XP,P06
65,680000,DR,XP,P06
65,682500,DR,XP,P06
65,685000,DR,XP,P06
65,687500,DR,XP,P06
65,690000,DR,XP,P06
65,692500,DR,XP,P06
65,695000,DR,XP,P06
65,697500,DR,XP,P06
65,700000,DR,XP,P06
65,702500,DR,XP,P06
65,705000,DR,XP,P06
65,707500,DR,XP,P06
65,710000,DR,XP,P06
65,712500,DR,XP,P06
65,715000,DR,XP,P06
65,717500,DR,XP,P06
65,720000,DR,XP,P06
65,722500,DR,XP,P06
65,725000,DR,XP,P06
65,727500,DR,XP,P06
65,730000,DR,XP,P06
65,732500,DR,XP,P06
65,735000,DR,XP,P06
65,737500,DR,XP,P06
65,742500,DR,XP,P06
65,745000,DR,XP,P06
65,747500,DR,XP,P06
65,750000,DR,XP,P06
65,770000,DR,XP,P06
65,772500,DR,XP,P06
65,775000,DR,XP,P06
65,777500,DR,XP,P06
65,780000,DR,XP,P06
65,782500,DR,XP,P06
65,785000,DR,XP,P06
65,787500,DR,XP,P06
65,790000,DR,XP,P06
65,792500,DR,XP,P06
65,795000,DR,XP,P06
65,797500,DR,XP,P06
65,800000,DR,XP,P06
65,802500,DR,XP,P06
65,805000,DR,XP,P06
65,807500,DR,XP,P06
65,810000,DR,XP,P06
65,812500,DR,XP,P06
65,857500,DR,XP,P06
65,860000,DR,XP,P06
65,862500,DR,XP,P06
65,865000,DR,XP,P06
65,867500,DR,XP,P06
65,870000,DR,XP,P06
65,885000,DR,XP,P06
65,887500,DR,XP,P06
65,890000,DR,XP,P06
65,925000,DR,XP,P06
65,927500,DR,XP,P06
65,930000,DR,XP,P06
65,932500,DR,XP,P06
65,935000,DR,XP,P06
65,937500,DR,XP,P06
65,942500,DR,XP,P06
65,945000,DR,XP,P06
65,947500,DR,XP,P06
65,950000,DR,XP,P06
65,952500,DR,XP,P06
65,965000,DR,XP,P06
65,977500,DR,XP,P06
65,985000,DR,XP,P06
65,987500,DR,XP,P06
65,990000,DR,XP,P06
65,992500,DR,XP,P06
65,995000,DR,XP,P06
65,997500,DR,XP,P06
65,1000000,DR,XP,P06
65,1002500,DR,XP,P06
65,1005000,DR,XP,P06
65,1007500,DR,XP,P06
65,1010000,DR,XP,P06
65,1012500,DR,XP,P06
65,1015000,DR,XP,P06
65,1017500,DR,XP,P06
65,1020000,DR,XP,P06
65,1022500,DR,XP,P06
65,1025000,DR,XP,P06
65,1027500,DR,XP,P06
65,1030000,DR,XP,P06
65,1032500,DR,XP,P06
65,1035000,DR,XP,P06
65,1037500,DR,XP,P06
65,1040000,DR,XP,P06
65,1042500,DR,XP,P06
65,1045000,DR,XP,P06
65,1047500,DR,XP,P06
65,1050000,DR,XP,P06
65,1052500,DR,XP,P06
65,1055000,DR,XP,P06
65,1057500,DR,XP,P06
65,1060000,DR,XP,P06
66,0,UL,FR,P06
66,2500,UL,FR,P06
66,5000,UL,FR,P06
66,12500,UL,FR,P06
66,15000,UL,FR,P06
66,17500,UL,FR,P06
66,20000,UL,FR,P06
66,22500,UL,FR,P06
66,25000,UL,FR,P06
66,27500,UL,FR,P06
66,30000,UL,FR,P06
66,32500,UL,FR,P06
66,35000,UL,FR,P06
66,37500,UL,FR,P06
66,40000,UL,FR,P06
66,42500,UL,FR,P06
66,45000,UL,FR,P06
66,47500,UL,FR,P06
66,50000,UL,FR,P06
66,52500,UL,FR,P06
66,55000,UL,FR,P06
66,57500,UL,FR,P06
66,60000,UL,FR,P06
66,62500,UL,FR,P06
66,65000,UL,FR,P06
66,67500,UL,FR,P06
66,70000,UL,FR,P06
66,75000,UL,FR,P06
66,77500,UL,FR,P06
66,80000,UL,FR,P06
66,82500,UL,FR,P06
66,85000,UL,FR,P06
66,90000,UL,FR,P06
66,95000,UL,FR,P06
66,97500,UL,FR,P06
66,100000,UL,FR,P06
66,102500,UL,FR,P06
66,105000,UL,FR,P06
66,107500,UL,FR,P06
66,110000,UL,FR,P06
66,112500,UL,FR,P06
66,115000,UL,FR,P06
66,117500,UL,FR,P06
66,120000,UL,FR,P06
66,122500,UL,FR,P06
66,125000,UL,FR,P06
66,127500,UL,FR,P06
66,130000,UL,FR,P06
66,132500,UL,FR,P06
66,135000,UL,FR,P06
66,140000,UL,FR,P06
66,142500,UL,FR,P06
66,145000,UL,FR,P06
66,147500,UL,FR,P06
66,150000,UL,FR,P06
66,152500,UL,FR,P06
66,155000,UL,FR,P06
66,157500,UL,FR,P06
66,160000,UL,FR,P06
66,162500,UL,FR,P06
66,165000,UL,FR,P06
66,167500,UL,FR,P06
66,170000,UL,FR,P06
66,172500,UL,FR,P06
66,175000,UL,FR,P06
66,192500,UL,FR,P06
66,195000,UL,FR,P06
66,197500,UL,FR,P06
66,200000,UL,FR,P06
66,202500,UL,FR,P06
66,217500,UL,FR,P06
66,220000,UL,FR,P06
66,222500,UL,FR,P06
66,250000,UL,FR,P06
66,255000,UL,FR,P06
66,257500,UL,FR,P06
66,262500,UL,FR,P06
66,265000,UL,FR,P06
66,267500,UL,FR,P06
66,272500,UL,FR,P06
66,275000,UL,FR,P06
66,277500,UL,FR,P06
66,280000,UL,FR,P06
66,282500,UL,FR,P06
66,285000,UL,FR,P06
66,287500,UL,FR,P06
66,290000,UL,FR,P06
66,292500,UL,FR,P06
66,295000,UL,FR,P06
66,297500,UL,FR,P06
66,300000,UL,FR,P06
66,302500,UL,FR,P06
66,305000,UL,FR,P06
66,307500,UL,FR,P06
66,312500,UL,FR,P06
66,315000,UL,FR,P06
66,317500,UL,FR,P06
66,320000,UL,FR,P06
66,325000,UL,FR,P06
66,335000,UL,FR,P06
66,337500,UL,FR,P06
66,355000,UL,FR,P06
66,357500,UL,FR,P06
66,360000,UL,FR,P06
66,362500,UL,FR,P06
66,365000,UL,FR,P06
66,377500,UL,FR,P06
66,380000,UL,FR,P06
66,385000,UL,FR,P06
66,387500,UL,FR,P06
66,390000,UL,FR,P06
66,402500,UL,FR,P06
66,405000,UL,FR,P06
66,410000,UL,FR,P06
66,412500,UL,FR,P06
66,415000,UL,FR,P06
66,417500,UL,FR,P06
66,420000,UL,FR,P06
66,425000,UL,FR,P06
66,427500,UL,FR,P06
66,430000,UL,FR,P06
66,432500,UL,FR,P06
66,437500,UL,FR,P06
66,440000,UL,FR,P06
66,442500,UL,FR,P06
66,445000,UL,FR,P06
66,447500,UL,FR,P06
66,450000,UL,FR,P06
66,452500,UL,FR,P06
66,455000,UL,FR,P06
66,457500,UL,FR,P06
66,460000,UL,FR,P06
66,462500,UL,FR,P06
66,472500,UL,FR,P06
66,475000,UL,FR,P06
66,477500,UL,FR,P06
66,482500,UL,FR,P06
66,495000,UL,FR,P06
66,497500,UL,FR,P06
66,500000,UL,FR,P06
66,502500,UL,FR,P06
66,505000,UL,FR,P06
66,507500,UL,FR,P06
66,510000,UL,FR,P06
66,512500,UL,FR,P06
66,515000,UL,FR,P06
66,527500,UL,FR,P06
66,530000,UL,FR,P06
66,532500,UL,FR,P06
66,535000,UL,FR,P06
66,537500,UL,FR,P06
66,540000,UL,FR,P06
66,547500,UL,FR,P06
66,550000,UL,FR,P06
66,552500,UL,FR,P06
66,562500,UL,FR,P06
66,565000,UL,FR,P06
66,567500,UL,FR,P06
66,580000,UL,FR,P06
66,582500,UL,FR,P06
66,585000,UL,FR,P06
66,595000,UL,FR,P06
66,600000,UL,FR,P06
66,602500,UL,FR,P06
66,607500,UL,FR,P06
66,610000,UL,FR,P06
66,612500,UL,FR,P06
66,615000,UL,FR,P06
66,622500,UL,FR,P06
66,625000,UL,FR,P06
66,627500,UL,FR,P06
66,630000,UL,FR,P06
66,640000,UL,FR,P06
66,642500,UL,FR,P06
66,650000,UL,FR,P06
66,652500,UL,FR,P06
66,655000,UL,FR,P06
66,657500,UL,FR,P06
66,660000,UL,FR,P06
66,662500,UL,FR,P06
66,665000,UL,FR,P06
66,667500,UL,FR,P06
66,670000,UL,FR,P06
66,672500,UL,FR,P06
66,675000,UL,FR,P06
66,677500,UL,FR,P06
66,680000,UL,FR,P06
66,682500,UL,FR,P06
66,685000,UL,FR,P06
66,687500,UL,FR,P06
66,690000,UL,FR,P06
66,692500,UL,FR,P06
66,695000,UL,FR,P06
66,700000,UL,FR,P06
66,702500,UL,FR,P06
66,705000,UL,FR,P06
66,707500,UL,FR,P06
66,710000,UL,FR,P06
66,712500,UL,FR,P06
66,715000,UL,FR,P06
66,717500,UL,FR,P06
66,720000,UL,FR,P06
66,722500,UL,FR,P06
66,725000,UL,FR,P06
66,727500,UL,FR,P06
66,745000,UL,FR,P06
66,747500,UL,FR,P06
66,750000,UL,FR,P06
66,752500,UL,FR,P06
66,755000,UL,FR,P06
66,757500,UL,FR,P06
66,760000,UL,FR,P06
66,762500,UL,FR,P06
66,765000,UL,FR,P06
66,767500,UL,FR,P06
66,770000,UL,FR,P06
66,772500,UL,FR,P06
66,775000,UL,FR,P06
66,777500,UL,FR,P06
66,780000,UL,FR,P06
66,782500,UL,FR,P06
66,785000,UL,FR,P06
66,787500,UL,FR,P06
66,790000,UL,FR,P06
66,792500,UL,FR,P06
66,795000,UL,FR,P06
66,797500,UL,FR,P06
66,800000,UL,FR,P06
66,802500,UL,FR,P06
66,805000,UL,FR,P06
66,807500,UL,FR,P06
66,810000,UL,FR,P06
66,812500,UL,FR,P06
66,815000,UL,FR,P06
66,817500,UL,FR,P06
66,820000,UL,FR,P06
66,822500,UL,FR,P06
66,825000,UL,FR,P06
66,827500,UL,FR,P06
66,830000,UL,FR,P06
66,837500,UL,FR,P06
66,840000,UL,FR,P06
66,842500,UL,FR,P06
66,845000,UL,FR,P06
66,847500,UL,FR,P06
66,850000,UL,FR,P06
66,852500,UL,FR,P06
66,855000,UL,FR,P06
66,857500,UL,FR,P06
66,860000,UL,FR,P06
66,862500,UL,FR,P06
66,865000,UL,FR,P06
66,867500,UL,FR,P06
66,872500,UL,FR,P06
66,875000,UL,FR,P06
66,877500,UL,FR,P06
66,882500,UL,FR,P06
66,885000,UL,FR,P06
66,887500,UL,FR,P06
66,890000,UL,FR,P06
66,892500,UL,FR,P06
66,895000,UL,FR,P06
66,897500,UL,FR,P06
66,900000,UL,FR,P06
66,902500,UL,FR,P06
66,905000,UL,FR,P06
66,907500,UL,FR,P06
66,910000,UL,FR,P06
66,912500,UL,FR,P06
66,915000,UL,FR,P06
66,917500,UL,FR,P06
66,920000,UL,FR,P06
66,922500,UL,FR,P06
66,955000,UL,FR,P06
66,957500,UL,FR,P06
66,960000,UL,FR,P06
66,962500,UL,FR,P06
66,965000,UL,FR,P06
66,967500,UL,FR,P06
66,970000,UL,FR,P06
66,972500,UL,FR,P06
66,975000,UL,FR,P06
66,977500,UL,FR,P06
66,980000,UL,FR,P06
66,982500,UL,FR,P06
66,985000,UL,FR,P06
66,987500,UL,FR,P06
66,990000,UL,FR,P06
66,992500,UL,FR,P06
66,995000,UL,FR,P06
66,997500,UL,FR,P06
66,1000000,UL,FR,P06
66,1002500,UL,FR,P06
66,1005000,UL,FR,P06
66,1007500,UL,FR,P06
66,1010000,UL,FR,P06
66,1012500,UL,FR,P06
66,1015000,UL,FR,P06
66,1017500,UL,FR,P06
66,1020000,UL,FR,P06
66,1022500,UL,FR,P06
66,1025000,UL,FR,P06
66,1027500,UL,FR,P06
66,1030000,UL,FR,P06
66,1032500,UL,FR,P06
66,1035000,UL,FR,P06
66,1037500,UL,FR,P06
66,1040000,UL,FR,P06
66,1042500,UL,FR,P06
66,1045000,UL,FR,P06
66,1047500,UL,FR,P06
66,1050000,UL,FR,P06
66,1052500,UL,FR,P06
66,1055000,UL,FR,P06
66,1057500,UL,FR,P06
66,1060000,UL,FR,P06
67,0,UL,LU,P06
67,27500,UL,LU,P06
67,32500,UL,LU,P06
67,45000,UL,LU,P06
67,47500,UL,LU,P06
67,50000,UL,LU,P06
67,57500,UL,LU,P06
67,60000,UL,LU,P06
67,67500,UL,LU,P06
67,70000,UL,LU,P06
67,80000,UL,LU,P06
67,82500,UL,LU,P06
67,85000,UL,LU,P06
67,87500,UL,LU,P06
67,90000,UL,LU,P06
67,92500,UL,LU,P06
67,97500,UL,LU,P06
67,100000,UL,LU,P06
67,105000,UL,LU,P06
67,107500,UL,LU,P06
67,110000,UL,LU,P06
67,112500,UL,LU,P06
67,115000,UL,LU,P06
67,117500,UL,LU,P06
67,120000,UL,LU,P06
67,122500,UL,LU,P06
67,125000,UL,LU,P06
67,127500,UL,LU,P06
67,132500,UL,LU,P06
67,137500,UL,LU,P06
67,140000,UL,LU,P06
67,142500,UL,LU,P06
67,150000,UL,LU,P06
67,152500,UL,LU,P06
67,155000,UL,LU,P06
67,157500,UL,LU,P06
67,160000,UL,LU,P06
67,162500,UL,LU,P06
67,165000,UL,LU,P06
67,167500,UL,LU,P06
67,170000,UL,LU,P06
67,172500,UL,LU,P06
67,175000,UL,LU,P06
67,180000,UL,LU,P06
67,182500,UL,LU,P06
67,185000,UL,LU,P06
67,187500,UL,LU,P06
67,190000,UL,LU,P06
67,192500,UL,LU,P06
67,195000,UL,LU,P06
67,197500,UL,LU,P06
67,200000,UL,LU,P06
67,202500,UL,LU,P06
67,205000,UL,LU,P06
67,207500,UL,LU,P06
67,210000,UL,LU,P06
67,212500,UL,LU,P06
67,215000,UL,LU,P06
67,217500,UL,LU,P06
67,220000,UL,LU,P06
67,222500,UL,LU,P06
67,225000,UL,LU,P06
67,227500,UL,LU,P06
67,230000,UL,LU,P06
67,232500,UL,LU,P06
67,235000,UL,LU,P06
67,237500,UL,LU,P06
67,240000,UL,LU,P06
67,242500,UL,LU,P06
67,245000,UL,LU,P06
67,247500,UL,LU,P06
67,250000,UL,LU,P06
67,252500,UL,LU,P06
67,255000,UL,LU,P06
67,257500,UL,LU,P06
67,260000,UL,LU,P06
67,262500,UL,LU,P06
67,265000,UL,LU,P06
67,267500,UL,LU,P06
67,270000,UL,LU,P06
67,277500,UL,LU,P06
67,280000,UL,LU,P06
67,282500,UL,LU,P06
67,285000,UL,LU,P06
67,287500,UL,LU,P06
67,292500,UL,LU,P06
67,295000,UL,LU,P06
67,297500,UL,LU,P06
67,300000,UL,LU,P06
67,302500,UL,LU,P06
67,305000,UL,LU,P06
67,307500,UL,LU,P06
67,317500,UL,LU,P06
67,320000,UL,LU,P06
67,322500,UL,LU,P06
67,325000,UL,LU,P06
67,327500,UL,LU,P06
67,330000,UL,LU,P06
67,332500,UL,LU,P06
67,335000,UL,LU,P06
67,337500,UL,LU,P06
67,340000,UL,LU,P06
67,342500,UL,LU,P06
67,345000,UL,LU,P06
67,347500,UL,LU,P06
67,350000,UL,LU,P06
67,352500,UL,LU,P06
67,367500,UL,LU,P06
67,370000,UL,LU,P06
67,372500,UL,LU,P06
67,375000,UL,LU,P06
67,377500,UL,LU,P06
67,380000,UL,LU,P06
67,382500,UL,LU,P06
67,385000,UL,LU,P06
67,387500,UL,LU,P06
67,390000,UL,LU,P06
67,392500,UL,LU,P06
67,395000,UL,LU,P06
67,397500,UL,LU,P06
67,400000,UL,LU,P06
67,402500,UL,LU,P06
67,405000,UL,LU,P06
67,412500,UL,LU,P06
67,415000,UL,LU,P06
67,417500,UL,LU,P06
67,420000,UL,LU,P06
67,422500,UL,LU,P06
67,427500,UL,LU,P06
67,430000,UL,LU,P06
67,432500,UL,LU,P06
67,437500,UL,LU,P06
67,440000,UL,LU,P06
67,442500,UL,LU,P06
67,445000,UL,LU,P06
67,455000,UL,LU,P06
67,457500,UL,LU,P06
67,460000,UL,LU,P06
67,462500,UL,LU,P06
67,465000,UL,LU,P06
67,467500,UL,LU,P06
67,470000,UL,LU,P06
67,472500,UL,LU,P06
67,477500,UL,LU,P06
67,480000,UL,LU,P06
67,482500,UL,LU,P06
67,485000,UL,LU,P06
67,487500,UL,LU,P06
67,490000,UL,LU,P06
67,492500,UL,LU,P06
67,495000,UL,LU,P06
67,497500,UL,LU,P06
67,500000,UL,LU,P06
67,502500,UL,LU,P06
67,505000,UL,LU,P06
67,507500,UL,LU,P06
67,510000,UL,LU,P06
67,512500,UL,LU,P06
67,515000,UL,LU,P06
67,517500,UL,LU,P06
67,520000,UL,LU,P06
67,522500,UL,LU,P06
67,525000,UL,LU,P06
67,527500,UL,LU,P06
67,532500,UL,LU,P06
67,535000,UL,LU,P06
67,537500,UL,LU,P06
67,540000,UL,LU,P06
67,542500,UL,LU,P06
67,545000,UL,LU,P06
67,547500,UL,LU,P06
67,550000,UL,LU,P06
67,552500,UL,LU,P06
67,555000,UL,LU,P06
67,557500,UL,LU,P06
67,560000,UL,LU,P06
67,562500,UL,LU,P06
67,565000,UL,LU,P06
67,567500,UL,LU,P06
67,570000,UL,LU,P06
67,572500,UL,LU,P06
67,575000,UL,LU,P06
67,577500,UL,LU,P06
67,580000,UL,LU,P06
67,582500,UL,LU,P06
67,585000,UL,LU,P06
67,587500,UL,LU,P06
67,590000,UL,LU,P06
67,592500,UL,LU,P06
67,595000,UL,LU,P06
67,597500,UL,LU,P06
67,600000,UL,LU,P06
67,602500,UL,LU,P06
67,605000,UL,LU,P06
67,607500,UL,LU,P06
67,610000,UL,LU,P06
67,612500,UL,LU,P06
67,622500,UL,LU,P06
67,625000,UL,LU,P06
67,627500,UL,LU,P06
67,630000,UL,LU,P06
67,632500,UL,LU,P06
67,635000,UL,LU,P06
67,637500,UL,LU,P06
67,640000,UL,LU,P06
67,642500,UL,LU,P06
67,645000,UL,LU,P06
67,647500,UL,LU,P06
67,650000,UL,LU,P06
67,655000,UL,LU,P06
67,657500,UL,LU,P06
67,660000,UL,LU,P06
67,662500,UL,LU,P06
67,665000,UL,LU,P06
67,667500,UL,LU,P06
67,670000,UL,LU,P06
67,672500,UL,LU,P06
67,675000,UL,LU,P06
67,677500,UL,LU,P06
67,680000,UL,LU,P06
67,682500,UL,LU,P06
67,685000,UL,LU,P06
67,687500,UL,LU,P06
67,690000,UL,LU,P06
67,692500,UL,LU,P06
67,702500,UL,LU,P06
67,705000,UL,LU,P06
67,707500,UL,LU,P06
67,715000,UL,LU,P06
67,717500,UL,LU,P06
67,720000,UL,LU,P06
67,730000,UL,LU,P06
67,737500,UL,LU,P06
67,747500,UL,LU,P06
67,757500,UL,LU,P06
67,765000,UL,LU,P06
67,772500,UL,LU,P06
67,777500,UL,LU,P06
67,787500,UL,LU,P06
67,792500,UL,LU,P06
67,807500,UL,LU,P06
67,825000,UL,LU,P06
67,827500,UL,LU,P06
67,845000,UL,LU,P06
67,862500,UL,LU,P06
67,867500,UL,LU,P06
67,877500,UL,LU,P06
67,880000,UL,LU,P06
67,882500,UL,LU,P06
67,885000,UL,LU,P06
67,892500,UL,LU,P06
67,895000,UL,LU,P06
67,897500,UL,LU,P06
67,900000,UL,LU,P06
67,902500,UL,LU,P06
67,907500,UL,LU,P06
67,910000,UL,LU,P06
67,915000,UL,LU,P06
67,1002500,UL,LU,P06
67,1005000,UL,LU,P06
67,1037500,UL,LU,P06
67,1045000,UL,LU,P06
67,1047500,UL,LU,P06
67,1050000,UL,LU,P06
67,1052500,UL,LU,P06
67,1055000,UL,LU,P06
67,1060000,UL,LU,P06
68,0,UL,XP,P06
68,22500,UL,XP,P06
68,35000,UL,XP,P06
68,50000,UL,XP,P06
68,52500,UL,XP,P06
68,95000,UL,XP,P06
68,97500,UL,XP,P06
68,115000,UL,XP,P06
68,117500,UL,XP,P06
68,122500,UL,XP,P06
68,125000,UL,XP,P06
68,130000,UL,XP,P06
68,132500,UL,XP,P06
68,135000,UL,XP,P06
68,137500,UL,XP,P06
68,160000,UL,XP,P06
68,162500,UL,XP,P06
68,165000,UL,XP,P06
68,167500,UL,XP,P06
68,175000,UL,XP,P06
68,195000,UL,XP,P06
68,197500,UL,XP,P06
68,200000,UL,XP,P06
68,202500,UL,XP,P06
68,205000,UL,XP,P06
68,207500,UL,XP,P06
68,210000,UL,XP,P06
68,212500,UL,XP,P06
68,215000,UL,XP,P06
68,217500,UL,XP,P06
68,220000,UL,XP,P06
68,225000,UL,XP,P06
68,227500,UL,XP,P06
68,230000,UL,XP,P06
68,235000,UL,XP,P06
68,237500,UL,XP,P06
68,250000,UL,XP,P06
68,252500,UL,XP,P06
68,260000,UL,XP,P06
68,262500,UL,XP,P06
68,267500,UL,XP,P06
68,275000,UL,XP,P06
68,277500,UL,XP,P06
68,280000,UL,XP,P06
68,285000,UL,XP,P06
68,287500,UL,XP,P06
68,290000,UL,XP,P06
68,292500,UL,XP,P06
68,295000,UL,XP,P06
68,297500,UL,XP,P06
68,300000,UL,XP,P06
68,302500,UL,XP,P06
68,305000,UL,XP,P06
68,307500,UL,XP,P06
68,317500,UL,XP,P06
68,320000,UL,XP,P06
68,335000,UL,XP,P06
68,352500,UL,XP,P06
68,355000,UL,XP,P06
68,357500,UL,XP,P06
68,360000,UL,XP,P06
68,362500,UL,XP,P06
68,365000,UL,XP,P06
68,367500,UL,XP,P06
68,370000,UL,XP,P06
68,372500,UL,XP,P06
68,375000,UL,XP,P06
68,377500,UL,XP,P06
68,380000,UL,XP,P06
68,385000,UL,XP,P06
68,387500,UL,XP,P06
68,390000,UL,XP,P06
68,392500,UL,XP,P06
68,395000,UL,XP,P06
68,397500,UL,XP,P06
68,415000,UL,XP,P06
68,417500,UL,XP,P06
68,420000,UL,XP,P06
68,425000,UL,XP,P06
68,427500,UL,XP,P06
68,430000,UL,XP,P06
68,432500,UL,XP,P06
68,435000,UL,XP,P06
68,437500,UL,XP,P06
68,440000,UL,XP,P06
68,442500,UL,XP,P06
68,452500,UL,XP,P06
68,455000,UL,XP,P06
68,457500,UL,XP,P06
68,460000,UL,XP,P06
68,462500,UL,XP,P06
68,465000,UL,XP,P06
68,467500,UL,XP,P06
68,470000,UL,XP,P06
68,472500,UL,XP,P06
68,475000,UL,XP,P06
68,477500,UL,XP,P06
68,480000,UL,XP,P06
68,482500,UL,XP,P06
68,485000,UL,XP,P06
68,487500,UL,XP,P06
68,490000,UL,XP,P06
68,492500,UL,XP,P06
68,495000,UL,XP,P06
68,497500,UL,XP,P06
68,500000,UL,XP,P06
68,502500,UL,XP,P06
68,505000,UL,XP,P06
68,507500,UL,XP,P06
68,510000,UL,XP,P06
68,512500,UL,XP,P06
68,515000,UL,XP,P06
68,517500,UL,XP,P06
68,520000,UL,XP,P06
68,525000,UL,XP,P06
68,527500,UL,XP,P06
68,530000,UL,XP,P06
68,532500,UL,XP,P06
68,535000,UL,XP,P06
68,537500,UL,XP,P06
68,540000,UL,XP,P06
68,542500,UL,XP,P06
68,545000,UL,XP,P06
68,547500,UL,XP,P06
68,550000,UL,XP,P06
68,552500,UL,XP,P06
68,555000,UL,XP,P06
68,557500,UL,XP,P06
68,560000,UL,XP,P06
68,562500,UL,XP,P06
68,565000,UL,XP,P06
68,567500,UL,XP,P06
68,570000,UL,XP,P06
68,572500,UL,XP,P06
68,575000,UL,XP,P06
68,577500,UL,XP,P06
68,580000,UL,XP,P06
68,582500,UL,XP,P06
68,585000,UL,XP,P06
68,587500,UL,XP,P06
68,590000,UL,XP,P06
68,592500,UL,XP,P06
68,595000,UL,XP,P06
68,597500,UL,XP,P06
68,600000,UL,XP,P06
68,602500,UL,XP,P06
68,605000,UL,XP,P06
68,607500,UL,XP,P06
68,610000,UL,XP,P06
68,612500,UL,XP,P06
68,615000,UL,XP,P06
68,617500,UL,XP,P06
68,620000,UL,XP,P06
68,627500,UL,XP,P06
68,630000,UL,XP,P06
68,632500,UL,XP,P06
68,635000,UL,XP,P06
68,637500,UL,XP,P06
68,640000,UL,XP,P06
68,642500,UL,XP,P06
68,645000,UL,XP,P06
68,647500,UL,XP,P06
68,650000,UL,XP,P06
68,652500,UL,XP,P06
68,655000,UL,XP,P06
68,657500,UL,XP,P06
68,660000,UL,XP,P06
68,662500,UL,XP,P06
68,665000,UL,XP,P06
68,667500,UL,XP,P06
68,670000,UL,XP,P06
68,675000,UL,XP,P06
68,677500,UL,XP,P06
68,680000,UL,XP,P06
68,685000,UL,XP,P06
68,687500,UL,XP,P06
68,690000,UL,XP,P06
68,692500,UL,XP,P06
68,695000,UL,XP,P06
68,705000,UL,XP,P06
68,707500,UL,XP,P06
68,710000,UL,XP,P06
68,717500,UL,XP,P06
68,720000,UL,XP,P06
68,722500,UL,XP,P06
68,725000,UL,XP,P06
68,727500,UL,XP,P06
68,730000,UL,XP,P06
68,732500,UL,XP,P06
68,735000,UL,XP,P06
68,750000,UL,XP,P06
68,760000,UL,XP,P06
68,762500,UL,XP,P06
68,765000,UL,XP,P06
68,767500,UL,XP,P06
68,770000,UL,XP,P06
68,772500,UL,XP,P06
68,775000,UL,XP,P06
68,777500,UL,XP,P06
68,782500,UL,XP,P06
68,785000,UL,XP,P06
68,787500,UL,XP,P06
68,790000,UL,XP,P06
68,792500,UL,XP,P06
68,795000,UL,XP,P06
68,797500,UL,XP,P06
68,800000,UL,XP,P06
68,802500,UL,XP,P06
68,805000,UL,XP,P06
68,807500,UL,XP,P06
68,810000,UL,XP,P06
68,812500,UL,XP,P06
68,815000,UL,XP,P06
68,817500,UL,XP,P06
68,820000,UL,XP,P06
68,822500,UL,XP,P06
68,825000,UL,XP,P06
68,827500,UL,XP,P06
68,830000,UL,XP,P06
68,832500,UL,XP,P06
68,835000,UL,XP,P06
68,837500,UL,XP,P06
68,840000,UL,XP,P06
68,842500,UL,XP,P06
68,845000,UL,XP,P06
68,847500,UL,XP,P06
68,850000,UL,XP,P06
68,852500,UL,XP,P06
68,855000,UL,XP,P06
68,857500,UL,XP,P06
68,860000,UL,XP,P06
68,862500,UL,XP,P06
68,865000,UL,XP,P06
68,867500,UL,XP,P06
68,870000,UL,XP,P06
68,872500,UL,XP,P06
68,877500,UL,XP,P06
68,880000,UL,XP,P06
68,882500,UL,XP,P06
68,885000,UL,XP,P06
68,887500,UL,XP,P06
68,890000,UL,XP,P06
68,895000,UL,XP,P06
68,897500,UL,XP,P06
68,900000,UL,XP,P06
68,902500,UL,XP,P06
68,905000,UL,XP,P06
68,910000,UL,XP,P06
68,912500,UL,XP,P06
68,915000,UL,XP,P06
68,917500,UL,XP,P06
68,920000,UL,XP,P06
68,922500,UL,XP,P06
68,927500,UL,XP,P06
68,940000,UL,XP,P06
68,942500,UL,XP,P06
68,945000,UL,XP,P06
68,947500,UL,XP,P06
68,950000,UL,XP,P06
68,960000,UL,XP,P06
68,962500,UL,XP,P06
68,965000,UL,XP,P06
68,967500,UL,XP,P06
68,970000,UL,XP,P06
68,972500,UL,XP,P06
68,975000,UL,XP,P06
68,977500,UL,XP,P06
68,980000,UL,XP,P06
68,982500,UL,XP,P06
68,985000,UL,XP,P06
68,987500,UL,XP,P06
68,1002500,UL,XP,P06
68,1005000,UL,XP,P06
68,1007500,UL,XP,P06
68,1010000,UL,XP,P06
68,1012500,UL,XP,P06
68,1015000,UL,XP,P06
68,1017500,UL,XP,P06
68,1020000,UL,XP,P06
68,1022500,UL,XP,P06
68,1025000,UL,XP,P06
68,1027500,UL,XP,P06
68,1030000,UL,XP,P06
68,1032500,UL,XP,P06
68,1035000,UL,XP,P06
68,1037500,UL,XP,P06
68,1040000,UL,XP,P06
68,1057500,UL,XP,P06
68,1060000,UL,XP,P06
69,0,UR,FR,P06
69,2500,UR,FR,P06
69,5000,UR,FR,P06
69,12500,UR,FR,P06
69,15000,UR,FR,P06
69,17500,UR,FR,P06
69,20000,UR,FR,P06
69,22500,UR,FR,P06
69,25000,UR,FR,P06
69,27500,UR,FR,P06
69,30000,UR,FR,P06
69,32500,UR,FR,P06
69,35000,UR,FR,P06
69,37500,UR,FR,P06
69,40000,UR,FR,P06
69,42500,UR,FR,P06
69,45000,UR,FR,P06
69,47500,UR,FR,P06
69,50000,UR,FR,P06
69,52500,UR,FR,P06
69,55000,UR,FR,P06
69,57500,UR,FR,P06
69,60000,UR,FR,P06
69,62500,UR,FR,P06
69,65000,UR,FR,P06
69,67500,UR,FR,P06
69,70000,UR,FR,P06
69,72500,UR,FR,P06
69,75000,UR,FR,P06
69,77500,UR,FR,P06
69,80000,UR,FR,P06
69,82500,UR,FR,P06
69,85000,UR,FR,P06
69,87500,UR,FR,P06
69,90000,UR,FR,P06
69,97500,UR,FR,P06
69,100000,UR,FR,P06
69,102500,UR,FR,P06
69,105000,UR,FR,P06
69,107500,UR,FR,P06
69,110000,UR,FR,P06
69,112500,UR,FR,P06
69,115000,UR,FR,P06
69,117500,UR,FR,P06
69,120000,UR,FR,P06
69,122500,UR,FR,P06
69,125000,UR,FR,P06
69,127500,UR,FR,P06
69,130000,UR,FR,P06
69,132500,UR,FR,P06
69,135000,UR,FR,P06
69,137500,UR,FR,P06
69,140000,UR,FR,P06
69,142500,UR,FR,P06
69,145000,UR,FR,P06
69,147500,UR,FR,P06
69,150000,UR,FR,P06
69,152500,UR,FR,P06
69,155000,UR,FR,P06
69,157500,UR,FR,P06
69,160000,UR,FR,P06
69,162500,UR,FR,P06
69,165000,UR,FR,P06
69,167500,UR,FR,P06
69,170000,UR,FR,P06
69,172500,UR,FR,P06
69,195000,UR,FR,P06
69,197500,UR,FR,P06
69,200000,UR,FR,P06
69,202500,UR,FR,P06
69,217500,UR,FR,P06
69,220000,UR,FR,P06
69,222500,UR,FR,P06
69,225000,UR,FR,P06
69,227500,UR,FR,P06
69,250000,UR,FR,P06
69,255000,UR,FR,P06
69,257500,UR,FR,P06
69,260000,UR,FR,P06
69,262500,UR,FR,P06
69,265000,UR,FR,P06
69,267500,UR,FR,P06
69,270000,UR,FR,P06
69,272500,UR,FR,P06
69,275000,UR,FR,P06
69,277500,UR,FR,P06
69,280000,UR,FR,P06
69,282500,UR,FR,P06
69,285000,UR,FR,P06
69,287500,UR,FR,P06
69,290000,UR,FR,P06
69,292500,UR,FR,P06
69,295000,UR,FR,P06
69,300000,UR,FR,P06
69,302500,UR,FR,P06
69,305000,UR,FR,P06
69,307500,UR,FR,P06
69,325000,UR,FR,P06
69,337500,UR,FR,P06
69,367500,UR,FR,P06
69,370000,UR,FR,P06
69,372500,UR,FR,P06
69,375000,UR,FR,P06
69,377500,UR,FR,P06
69,385000,UR,FR,P06
69,387500,UR,FR,P06
69,400000,UR,FR,P06
69,402500,UR,FR,P06
69,410000,UR,FR,P06
69,412500,UR,FR,P06
69,415000,UR,FR,P06
69,417500,UR,FR,P06
69,425000,UR,FR,P06
69,427500,UR,FR,P06
69,430000,UR,FR,P06
69,437500,UR,FR,P06
69,440000,UR,FR,P06
69,442500,UR,FR,P06
69,445000,UR,FR,P06
69,447500,UR,FR,P06
69,450000,UR,FR,P06
69,452500,UR,FR,P06
69,455000,UR,FR,P06
69,460000,UR,FR,P06
69,462500,UR,FR,P06
69,465000,UR,FR,P06
69,467500,UR,FR,P06
69,470000,UR,FR,P06
69,472500,UR,FR,P06
69,475000,UR,FR,P06
69,482500,UR,FR,P06
69,485000,UR,FR,P06
69,487500,UR,FR,P06
69,490000,UR,FR,P06
69,492500,UR,FR,P06
69,495000,UR,FR,P06
69,497500,UR,FR,P06
69,500000,UR,FR,P06
69,502500,UR,FR,P06
69,505000,UR,FR,P06
69,507500,UR,FR,P06
69,510000,UR,FR,P06
69,512500,UR,FR,P06
69,527500,UR,FR,P06
69,530000,UR,FR,P06
69,532500,UR,FR,P06
69,535000,UR,FR,P06
69,537500,UR,FR,P06
69,540000,UR,FR,P06
69,542500,UR,FR,P06
69,545000,UR,FR,P06
69,547500,UR,FR,P06
69,550000,UR,FR,P06
69,552500,UR,FR,P06
69,555000,UR,FR,P06
69,557500,UR,FR,P06
69,560000,UR,FR,P06
69,562500,UR,FR,P06
69,580000,UR,FR,P06
69,582500,UR,FR,P06
69,585000,UR,FR,P06
69,587500,UR,FR,P06
69,590000,UR,FR,P06
69,592500,UR,FR,P06
69,597500,UR,FR,P06
69,602500,UR,FR,P06
69,605000,UR,FR,P06
69,612500,UR,FR,P06
69,615000,UR,FR,P06
69,622500,UR,FR,P06
69,627500,UR,FR,P06
69,630000,UR,FR,P06
69,632500,UR,FR,P06
69,635000,UR,FR,P06
69,637500,UR,FR,P06
69,642500,UR,FR,P06
69,645000,UR,FR,P06
69,650000,UR,FR,P06
69,652500,UR,FR,P06
69,655000,UR,FR,P06
69,657500,UR,FR,P06
69,660000,UR,FR,P06
69,662500,UR,FR,P06
69,667500,UR,FR,P06
69,672500,UR,FR,P06
69,675000,UR,FR,P06
69,677500,UR,FR,P06
69,680000,UR,FR,P06
69,682500,UR,FR,P06
69,685000,UR,FR,P06
69,687500,UR,FR,P06
69,690000,UR,FR,P06
69,692500,UR,FR,P06
69,695000,UR,FR,P06
69,697500,UR,FR,P06
69,700000,UR,FR,P06
69,702500,UR,FR,P06
69,705000,UR,FR,P06
69,707500,UR,FR,P06
69,710000,UR,FR,P06
69,712500,UR,FR,P06
69,715000,UR,FR,P06
69,717500,UR,FR,P06
69,722500,UR,FR,P06
69,725000,UR,FR,P06
69,727500,UR,FR,P06
69,742500,UR,FR,P06
69,745000,UR,FR,P06
69,747500,UR,FR,P06
69,750000,UR,FR,P06
69,752500,UR,FR,P06
69,755000,UR,FR,P06
69,757500,UR,FR,P06
69,760000,UR,FR,P06
69,762500,UR,FR,P06
69,765000,UR,FR,P06
69,767500,UR,FR,P06
69,770000,UR,FR,P06
69,772500,UR,FR,P06
69,775000,UR,FR,P06
69,777500,UR,FR,P06
69,780000,UR,FR,P06
69,782500,UR,FR,P06
69,785000,UR,FR,P06
69,787500,UR,FR,P06
69,790000,UR,FR,P06
69,792500,UR,FR,P06
69,795000,UR,FR,P06
69,797500,UR,FR,P06
69,800000,UR,FR,P06
69,802500,UR,FR,P06
69,807500,UR,FR,P06
69,810000,UR,FR,P06
69,812500,UR,FR,P06
69,815000,UR,FR,P06
69,817500,UR,FR,P06
69,820000,UR,FR,P06
69,822500,UR,FR,P06
69,825000,UR,FR,P06
69,827500,UR,FR,P06
69,830000,UR,FR,P06
69,832500,UR,FR,P06
69,835000,UR,FR,P06
69,837500,UR,FR,P06
69,840000,UR,FR,P06
69,842500,UR,FR,P06
69,845000,UR,FR,P06
69,847500,UR,FR,P06
69,850000,UR,FR,P06
69,852500,UR,FR,P06
69,855000,UR,FR,P06
69,857500,UR,FR,P06
69,860000,UR,FR,P06
69,862500,UR,FR,P06
69,865000,UR,FR,P06
69,867500,UR,FR,P06
69,877500,UR,FR,P06
69,882500,UR,FR,P06
69,885000,UR,FR,P06
69,887500,UR,FR,P06
69,890000,UR,FR,P06
69,895000,UR,FR,P06
69,900000,UR,FR,P06
69,905000,UR,FR,P06
69,907500,UR,FR,P06
69,910000,UR,FR,P06
69,912500,UR,FR,P06
69,915000,UR,FR,P06
69,917500,UR,FR,P06
69,920000,UR,FR,P06
69,922500,UR,FR,P06
69,925000,UR,FR,P06
69,927500,UR,FR,P06
69,930000,UR,FR,P06
69,932500,UR,FR,P06
69,935000,UR,FR,P06
69,937500,UR,FR,P06
69,940000,UR,FR,P06
69,942500,UR,FR,P06
69,945000,UR,FR,P06
69,947500,UR,FR,P06
69,950000,UR,FR,P06
69,952500,UR,FR,P06
69,955000,UR,FR,P06
69,957500,UR,FR,P06
69,960000,UR,FR,P06
69,962500,UR,FR,P06
69,965000,UR,FR,P06
69,967500,UR,FR,P06
69,1002500,UR,FR,P06
69,1005000,UR,FR,P06
69,1007500,UR,FR,P06
69,1010000,UR,FR,P06
69,1012500,UR,FR,P06
69,1015000,UR,FR,P06
69,1017500,UR,FR,P06
69,1020000,UR,FR,P06
69,1022500,UR,FR,P06
69,1025000,UR,FR,P06
69,1027500,UR,FR,P06
69,1030000,UR,FR,P06
69,1032500,UR,FR,P06
69,1035000,UR,FR,P06
69,1037500,UR,FR,P06
69,1040000,UR,FR,P06
69,1042500,UR,FR,P06
69,1045000,UR,FR,P06
69,1047500,UR,FR,P06
69,1050000,UR,FR,P06
69,1055000,UR,FR,P06
69,1057500,UR,FR,P06
69,1060000,UR,FR,P06
70,0,UR,LU,P06
70,7500,UR,LU,P06
70,27500,UR,LU,P06
70,30000,UR,LU,P06
70,32500,UR,LU,P06
70,40000,UR,LU,P06
70,45000,UR,LU,P06
70,47500,UR,LU,P06
70,50000,UR,LU,P06
70,52500,UR,LU,P06
70,57500,UR,LU,P06
70,60000,UR,LU,P06
70,65000,UR,LU,P06
70,67500,UR,LU,P06
70,70000,UR,LU,P06
70,75000,UR,LU,P06
70,77500,UR,LU,P06
70,80000,UR,LU,P06
70,82500,UR,LU,P06
70,85000,UR,LU,P06
70,87500,UR,LU,P06
70,90000,UR,LU,P06
70,92500,UR,LU,P06
70,97500,UR,LU,P06
70,100000,UR,LU,P06
70,107500,UR,LU,P06
70,110000,UR,LU,P06
70,112500,UR,LU,P06
70,115000,UR,LU,P06
70,117500,UR,LU,P06
70,120000,UR,LU,P06
70,122500,UR,LU,P06
70,125000,UR,LU,P06
70,127500,UR,LU,P06
70,132500,UR,LU,P06
70,137500,UR,LU,P06
70,140000,UR,LU,P06
70,142500,UR,LU,P06
70,147500,UR,LU,P06
70,150000,UR,LU,P06
70,152500,UR,LU,P06
70,155000,UR,LU,P06
70,157500,UR,LU,P06
70,160000,UR,LU,P06
70,162500,UR,LU,P06
70,165000,UR,LU,P06
70,167500,UR,LU,P06
70,170000,UR,LU,P06
70,172500,UR,LU,P06
70,175000,UR,LU,P06
70,177500,UR,LU,P06
70,180000,UR,LU,P06
70,182500,UR,LU,P06
70,185000,UR,LU,P06
70,187500,UR,LU,P06
70,192500,UR,LU,P06
70,195000,UR,LU,P06
70,197500,UR,LU,P06
70,200000,UR,LU,P06
70,202500,UR,LU,P06
70,210000,UR,LU,P06
70,212500,UR,LU,P06
70,215000,UR,LU,P06
70,217500,UR,LU,P06
70,220000,UR,LU,P06
70,222500,UR,LU,P06
70,225000,UR,LU,P06
70,227500,UR,LU,P06
70,230000,UR,LU,P06
70,232500,UR,LU,P06
70,235000,UR,LU,P06
70,237500,UR,LU,P06
70,240000,UR,LU,P06
70,242500,UR,LU,P06
70,245000,UR,LU,P06
70,247500,UR,LU,P06
70,250000,UR,LU,P06
70,252500,UR,LU,P06
70,255000,UR,LU,P06
70,257500,UR,LU,P06
70,260000,UR,LU,P06
70,262500,UR,LU,P06
70,265000,UR,LU,P06
70,272500,UR,LU,P06
70,275000,UR,LU,P06
70,277500,UR,LU,P06
70,282500,UR,LU,P06
70,285000,UR,LU,P06
70,287500,UR,LU,P06
70,290000,UR,LU,P06
70,292500,UR,LU,P06
70,295000,UR,LU,P06
70,297500,UR,LU,P06
70,300000,UR,LU,P06
70,302500,UR,LU,P06
70,305000,UR,LU,P06
70,307500,UR,LU,P06
70,310000,UR,LU,P06
70,312500,UR,LU,P06
70,315000,UR,LU,P06
70,317500,UR,LU,P06
70,320000,UR,LU,P06
70,322500,UR,LU,P06
70,325000,UR,LU,P06
70,327500,UR,LU,P06
70,330000,UR,LU,P06
70,335000,UR,LU,P06
70,337500,UR,LU,P06
70,340000,UR,LU,P06
70,342500,UR,LU,P06
70,345000,UR,LU,P06
70,347500,UR,LU,P06
70,350000,UR,LU,P06
70,352500,UR,LU,P06
70,355000,UR,LU,P06
70,367500,UR,LU,P06
70,370000,UR,LU,P06
70,372500,UR,LU,P06
70,375000,UR,LU,P06
70,377500,UR,LU,P06
70,380000,UR,LU,P06
70,382500,UR,LU,P06
70,385000,UR,LU,P06
70,387500,UR,LU,P06
70,390000,UR,LU,P06
70,392500,UR,LU,P06
70,395000,UR,LU,P06
70,397500,UR,LU,P06
70,400000,UR,LU,P06
70,402500,UR,LU,P06
70,405000,UR,LU,P06
70,412500,UR,LU,P06
70,415000,UR,LU,P06
70,417500,UR,LU,P06
70,420000,UR,LU,P06
70,422500,UR,LU,P06
70,425000,UR,LU,P06
70,427500,UR,LU,P06
70,430000,UR,LU,P06
70,432500,UR,LU,P06
70,437500,UR,LU,P06
70,440000,UR,LU,P06
70,442500,UR,LU,P06
70,445000,UR,LU,P06
70,455000,UR,LU,P06
70,457500,UR,LU,P06
70,460000,UR,LU,P06
70,462500,UR,LU,P06
70,465000,UR,LU,P06
70,467500,UR,LU,P06
70,470000,UR,LU,P06
70,472500,UR,LU,P06
70,477500,UR,LU,P06
70,480000,UR,LU,P06
70,482500,UR,LU,P06
70,485000,UR,LU,P06
70,487500,UR,LU,P06
70,490000,UR,LU,P06
70,492500,UR,LU,P06
70,495000,UR,LU,P06
70,497500,UR,LU,P06
70,500000,UR,LU,P06
70,502500,UR,LU,P06
70,505000,UR,LU,P06
70,507500,UR,LU,P06
70,510000,UR,LU,P06
70,512500,UR,LU,P06
70,515000,UR,LU,P06
70,520000,UR,LU,P06
70,525000,UR,LU,P06
70,527500,UR,LU,P06
70,532500,UR,LU,P06
70,535000,UR,LU,P06
70,540000,UR,LU,P06
70,542500,UR,LU,P06
70,545000,UR,LU,P06
70,547500,UR,LU,P06
70,552500,UR,LU,P06
70,555000,UR,LU,P06
70,557500,UR,LU,P06
70,560000,UR,LU,P06
70,562500,UR,LU,P06
70,565000,UR,LU,P06
70,567500,UR,LU,P06
70,570000,UR,LU,P06
70,572500,UR,LU,P06
70,575000,UR,LU,P06
70,577500,UR,LU,P06
70,580000,UR,LU,P06
70,587500,UR,LU,P06
70,590000,UR,LU,P06
70,592500,UR,LU,P06
70,595000,UR,LU,P06
70,612500,UR,LU,P06
70,622500,UR,LU,P06
70,625000,UR,LU,P06
70,627500,UR,LU,P06
70,630000,UR,LU,P06
70,632500,UR,LU,P06
70,635000,UR,LU,P06
70,645000,UR,LU,P06
70,647500,UR,LU,P06
70,650000,UR,LU,P06
70,652500,UR,LU,P06
70,655000,UR,LU,P06
70,657500,UR,LU,P06
70,660000,UR,LU,P06
70,662500,UR,LU,P06
70,665000,UR,LU,P06
70,667500,UR,LU,P06
70,670000,UR,LU,P06
70,672500,UR,LU,P06
70,677500,UR,LU,P06
70,682500,UR,LU,P06
70,685000,UR,LU,P06
70,687500,UR,LU,P06
70,690000,UR,LU,P06
70,692500,UR,LU,P06
70,695000,UR,LU,P06
70,702500,UR,LU,P06
70,705000,UR,LU,P06
70,707500,UR,LU,P06
70,710000,UR,LU,P06
70,712500,UR,LU,P06
70,715000,UR,LU,P06
70,717500,UR,LU,P06
70,720000,UR,LU,P06
70,725000,UR,LU,P06
70,727500,UR,LU,P06
70,730000,UR,LU,P06
70,732500,UR,LU,P06
70,735000,UR,LU,P06
70,737500,UR,LU,P06
70,750000,UR,LU,P06
70,752500,UR,LU,P06
70,757500,UR,LU,P06
70,772500,UR,LU,P06
70,775000,UR,LU,P06
70,777500,UR,LU,P06
70,785000,UR,LU,P06
70,787500,UR,LU,P06
70,790000,UR,LU,P06
70,797500,UR,LU,P06
70,800000,UR,LU,P06
70,805000,UR,LU,P06
70,807500,UR,LU,P06
70,810000,UR,LU,P06
70,822500,UR,LU,P06
70,825000,UR,LU,P06
70,827500,UR,LU,P06
70,830000,UR,LU,P06
70,845000,UR,LU,P06
70,847500,UR,LU,P06
70,850000,UR,LU,P06
70,852500,UR,LU,P06
70,862500,UR,LU,P06
70,865000,UR,LU,P06
70,867500,UR,LU,P06
70,870000,UR,LU,P06
70,872500,UR,LU,P06
70,875000,UR,LU,P06
70,877500,UR,LU,P06
70,880000,UR,LU,P06
70,882500,UR,LU,P06
70,885000,UR,LU,P06
70,892500,UR,LU,P06
70,895000,UR,LU,P06
70,897500,UR,LU,P06
70,900000,UR,LU,P06
70,902500,UR,LU,P06
70,905000,UR,LU,P06
70,907500,UR,LU,P06
70,910000,UR,LU,P06
70,915000,UR,LU,P06
70,920000,UR,LU,P06
70,922500,UR,LU,P06
70,925000,UR,LU,P06
70,942500,UR,LU,P06
70,945000,UR,LU,P06
70,947500,UR,LU,P06
70,955000,UR,LU,P06
70,957500,UR,LU,P06
70,997500,UR,LU,P06
70,1000000,UR,LU,P06
70,1002500,UR,LU,P06
70,1017500,UR,LU,P06
70,1020000,UR,LU,P06
70,1045000,UR,LU,P06
70,1050000,UR,LU,P06
70,1057500,UR,LU,P06
70,1060000,UR,LU,P06
71,0,UR,XP,P06
71,2500,UR,XP,P06
71,5000,UR,XP,P06
71,7500,UR,XP,P06
71,10000,UR,XP,P06
71,12500,UR,XP,P06
71,15000,UR,XP,P06
71,17500,UR,XP,P06
71,20000,UR,XP,P06
71,22500,UR,XP,P06
71,25000,UR,XP,P06
71,27500,UR,XP,P06
71,30000,UR,XP,P06
71,32500,UR,XP,P06
71,35000,UR,XP,P06
71,37500,UR,XP,P06
71,40000,UR,XP,P06
71,42500,UR,XP,P06
71,45000,UR,XP,P06
71,47500,UR,XP,P06
71,50000,UR,XP,P06
71,52500,UR,XP,P06
71,57500,UR,XP,P06
71,60000,UR,XP,P06
71,62500,UR,XP,P06
71,65000,UR,XP,P06
71,67500,UR,XP,P06
71,70000,UR,XP,P06
71,72500,UR,XP,P06
71,75000,UR,XP,P06
71,77500,UR,XP,P06
71,80000,UR,XP,P06
71,85000,UR,XP,P06
71,87500,UR,XP,P06
71,90000,UR,XP,P06
71,92500,UR,XP,P06
71,95000,UR,XP,P06
71,97500,UR,XP,P06
71,100000,UR,XP,P06
71,102500,UR,XP,P06
71,105000,UR,XP,P06
71,110000,UR,XP,P06
71,112500,UR,XP,P06
71,115000,UR,XP,P06
71,117500,UR,XP,P06
71,120000,UR,XP,P06
71,122500,UR,XP,P06
71,125000,UR,XP,P06
71,127500,UR,XP,P06
71,130000,UR,XP,P06
71,137500,UR,XP,P06
71,140000,UR,XP,P06
71,142500,UR,XP,P06
71,147500,UR,XP,P06
71,150000,UR,XP,P06
71,152500,UR,XP,P06
71,155000,UR,XP,P06
71,157500,UR,XP,P06
71,160000,UR,XP,P06
71,162500,UR,XP,P06
71,165000,UR,XP,P06
71,167500,UR,XP,P06
71,172500,UR,XP,P06
71,175000,UR,XP,P06
71,180000,UR,XP,P06
71,182500,UR,XP,P06
71,185000,UR,XP,P06
71,187500,UR,XP,P06
71,190000,UR,XP,P06
71,192500,UR,XP,P06
71,195000,UR,XP,P06
71,197500,UR,XP,P06
71,200000,UR,XP,P06
71,202500,UR,XP,P06
71,205000,UR,XP,P06
71,207500,UR,XP,P06
71,210000,UR,XP,P06
71,212500,UR,XP,P06
71,215000,UR,XP,P06
71,217500,UR,XP,P06
71,220000,UR,XP,P06
71,222500,UR,XP,P06
71,225000,UR,XP,P06
71,227500,UR,XP,P06
71,230000,UR,XP,P06
71,232500,UR,XP,P06
71,235000,UR,XP,P06
71,237500,UR,XP,P06
71,240000,UR,XP,P06
71,242500,UR,XP,P06
71,245000,UR,XP,P06
71,247500,UR,XP,P06
71,250000,UR,XP,P06
71,252500,UR,XP,P06
71,267500,UR,XP,P06
71,270000,UR,XP,P06
71,272500,UR,XP,P06
71,275000,UR,XP,P06
71,277500,UR,XP,P06
71,287500,UR,XP,P06
71,290000,UR,XP,P06
71,292500,UR,XP,P06
71,295000,UR,XP,P06
71,297500,UR,XP,P06
71,300000,UR,XP,P06
71,302500,UR,XP,P06
71,305000,UR,XP,P06
71,307500,UR,XP,P06
71,325000,UR,XP,P06
71,327500,UR,XP,P06
71,357500,UR,XP,P06
71,360000,UR,XP,P06
71,362500,UR,XP,P06
71,365000,UR,XP,P06
71,367500,UR,XP,P06
71,377500,UR,XP,P06
71,380000,UR,XP,P06
71,382500,UR,XP,P06
71,385000,UR,XP,P06
71,387500,UR,XP,P06
71,390000,UR,XP,P06
71,392500,UR,XP,P06
71,395000,UR,XP,P06
71,397500,UR,XP,P06
71,400000,UR,XP,P06
71,402500,UR,XP,P06
71,405000,UR,XP,P06
71,407500,UR,XP,P06
71,410000,UR,XP,P06
71,412500,UR,XP,P06
71,415000,UR,XP,P06
71,417500,UR,XP,P06
71,420000,UR,XP,P06
71,422500,UR,XP,P06
71,427500,UR,XP,P06
71,432500,UR,XP,P06
71,435000,UR,XP,P06
71,447500,UR,XP,P06
71,450000,UR,XP,P06
71,452500,UR,XP,P06
71,455000,UR,XP,P06
71,457500,UR,XP,P06
71,460000,UR,XP,P06
71,462500,UR,XP,P06
71,465000,UR,XP,P06
71,467500,UR,XP,P06
71,470000,UR,XP,P06
71,472500,UR,XP,P06
71,475000,UR,XP,P06
71,477500,UR,XP,P06
71,480000,UR,XP,P06
71,482500,UR,XP,P06
71,485000,UR,XP,P06
71,487500,UR,XP,P06
71,490000,UR,XP,P06
71,492500,UR,XP,P06
71,495000,UR,XP,P06
71,497500,UR,XP,P06
71,500000,UR,XP,P06
71,502500,UR,XP,P06
71,505000,UR,XP,P06
71,507500,UR,XP,P06
71,510000,UR,XP,P06
71,512500,UR,XP,P06
71,515000,UR,XP,P06
71,520000,UR,XP,P06
71,522500,UR,XP,P06
71,525000,UR,XP,P06
71,530000,UR,XP,P06
71,532500,UR,XP,P06
71,535000,UR,XP,P06
71,537500,UR,XP,P06
71,540000,UR,XP,P06
71,542500,UR,XP,P06
71,545000,UR,XP,P06
71,547500,UR,XP,P06
71,550000,UR,XP,P06
71,552500,UR,XP,P06
71,555000,UR,XP,P06
71,557500,UR,XP,P06
71,562500,UR,XP,P06
71,565000,UR,XP,P06
71,570000,UR,XP,P06
71,572500,UR,XP,P06
71,580000,UR,XP,P06
71,585000,UR,XP,P06
71,587500,UR,XP,P06
71,590000,UR,XP,P06
71,592500,UR,XP,P06
71,595000,UR,XP,P06
71,597500,UR,XP,P06
71,600000,UR,XP,P06
71,602500,UR,XP,P06
71,605000,UR,XP,P06
71,607500,UR,XP,P06
71,610000,UR,XP,P06
71,617500,UR,XP,P06
71,620000,UR,XP,P06
71,622500,UR,XP,P06
71,632500,UR,XP,P06
71,635000,UR,XP,P06
71,637500,UR,XP,P06
71,640000,UR,XP,P06
71,642500,UR,XP,P06
71,645000,UR,XP,P06
71,647500,UR,XP,P06
71,650000,UR,XP,P06
71,652500,UR,XP,P06
71,655000,UR,XP,P06
71,657500,UR,XP,P06
71,660000,UR,XP,P06
71,662500,UR,XP,P06
71,665000,UR,XP,P06
71,667500,UR,XP,P06
71,670000,UR,XP,P06
71,672500,UR,XP,P06
71,675000,UR,XP,P06
71,677500,UR,XP,P06
71,680000,UR,XP,P06
71,682500,UR,XP,P06
71,692500,UR,XP,P06
71,695000,UR,XP,P06
71,697500,UR,XP,P06
71,700000,UR,XP,P06
71,702500,UR,XP,P06
71,705000,UR,XP,P06
71,707500,UR,XP,P06
71,710000,UR,XP,P06
71,712500,UR,XP,P06
71,715000,UR,XP,P06
71,717500,UR,XP,P06
71,720000,UR,XP,P06
71,722500,UR,XP,P06
71,742500,UR,XP,P06
71,745000,UR,XP,P06
71,747500,UR,XP,P06
71,750000,UR,XP,P06
71,752500,UR,XP,P06
71,755000,UR,XP,P06
71,757500,UR,XP,P06
71,760000,UR,XP,P06
71,762500,UR,XP,P06
71,765000,UR,XP,P06
71,767500,UR,XP,P06
71,770000,UR,XP,P06
71,772500,UR,XP,P06
71,775000,UR,XP,P06
71,777500,UR,XP,P06
71,780000,UR,XP,P06
71,782500,UR,XP,P06
71,785000,UR,XP,P06
71,787500,UR,XP,P06
71,790000,UR,XP,P06
71,792500,UR,XP,P06
71,795000,UR,XP,P06
71,797500,UR,XP,P06
71,800000,UR,XP,P06
71,802500,UR,XP,P06
71,805000,UR,XP,P06
71,807500,UR,XP,P06
71,810000,UR,XP,P06
71,812500,UR,XP,P06
71,815000,UR,XP,P06
71,817500,UR,XP,P06
71,820000,UR,XP,P06
71,822500,UR,XP,P06
71,825000,UR,XP,P06
71,827500,UR,XP,P06
71,830000,UR,XP,P06
71,832500,UR,XP,P06
71,835000,UR,XP,P06
71,837500,UR,XP,P06
71,840000,UR,XP,P06
71,842500,UR,XP,P06
71,845000,UR,XP,P06
71,850000,UR,XP,P06
71,852500,UR,XP,P06
71,855000,UR,XP,P06
71,857500,UR,XP,P06
71,860000,UR,XP,P06
71,865000,UR,XP,P06
71,867500,UR,XP,P06
71,870000,UR,XP,P06
71,872500,UR,XP,P06
71,875000,UR,XP,P06
71,877500,UR,XP,P06
71,880000,UR,XP,P06
71,882500,UR,XP,P06
71,887500,UR,XP,P06
71,890000,UR,XP,P06
71,892500,UR,XP,P06
71,895000,UR,XP,P06
71,897500,UR,XP,P06
71,900000,UR,XP,P06
71,907500,UR,XP,P06
71,910000,UR,XP,P06
71,912500,UR,XP,P06
71,915000,UR,XP,P06
71,917500,UR,XP,P06
71,920000,UR,XP,P06
71,922500,UR,XP,P06
71,925000,UR,XP,P06
71,927500,UR,XP,P06
71,930000,UR,XP,P06
71,932500,UR,XP,P06
71,935000,UR,XP,P06
71,937500,UR,XP,P06
71,940000,UR,XP,P06
71,942500,UR,XP,P06
71,945000,UR,XP,P06
71,947500,UR,XP,P06
71,950000,UR,XP,P06
71,957500,UR,XP,P06
71,960000,UR,XP,P06
71,962500,UR,XP,P06
71,965000,UR,XP,P06
71,967500,UR,XP,P06
71,970000,UR,XP,P06
71,972500,UR,XP,P06
71,975000,UR,XP,P06
71,977500,UR,XP,P06
71,980000,UR,XP,P06
71,982500,UR,XP,P06
71,985000,UR,XP,P06
71,987500,UR,XP,P06
71,1002500,UR,XP,P06
71,1005000,UR,XP,P06
71,1007500,UR,XP,P06
71,1010000,UR,XP,P06
71,1012500,UR,XP,P06
71,1015000,UR,XP,P06
71,1017500,UR,XP,P06
71,1020000,UR,XP,P06
71,1022500,UR,XP,P06
71,1025000,UR,XP,P06
71,1027500,UR,XP,P06
71,1030000,UR,XP,P06
71,1032500,UR,XP,P06
71,1035000,UR,XP,P06
71,1037500,UR,XP,P06
71,1040000,UR,XP,P06
71,1042500,UR,XP,P06
71,1045000,UR,XP,P06
71,1047500,UR,XP,P06
71,1050000,UR,XP,P06
71,1052500,UR,XP,P06
71,1055000,UR,XP,P06
71,1057500,UR,XP,P06
71,1060000,UR,XP,P06
72,0,DL,FR,P07
72,5000,DL,FR,P07
72,7500,DL,FR,P07
72,10000,DL,FR,P07
72,17500,DL,FR,P07
72,20000,DL,FR,P07
72,25000,DL,FR,P07
72,27500,DL,FR,P07
72,30000,DL,FR,P07
72,32500,DL,FR,P07
72,35000,DL,FR,P07
72,37500,DL,FR,P07
72,40000,DL,FR,P07
72,42500,DL,FR,P07
72,45000,DL,FR,P07
72,47500,DL,FR,P07
72,50000,DL,FR,P07
72,52500,DL,FR,P07
72,55000,DL,FR,P07
72,57500,DL,FR,P07
72,60000,DL,FR,P07
72,65000,DL,FR,P07
72,67500,DL,FR,P07
72,70000,DL,FR,P07
72,75000,DL,FR,P07
72,77500,DL,FR,P07
72,80000,DL,FR,P07
72,92500,DL,FR,P07
72,95000,DL,FR,P07
72,97500,DL,FR,P07
72,100000,DL,FR,P07
72,102500,DL,FR,P07
72,105000,DL,FR,P07
72,107500,DL,FR,P07
72,110000,DL,FR,P07
72,112500,DL,FR,P07
72,115000,DL,FR,P07
72,117500,DL,FR,P07
72,120000,DL,FR,P07
72,122500,DL,FR,P07
72,125000,DL,FR,P07
72,127500,DL,FR,P07
72,130000,DL,FR,P07
72,132500,DL,FR,P07
72,135000,DL,FR,P07
72,137500,DL,FR,P07
72,140000,DL,FR,P07
72,142500,DL,FR,P07
72,145000,DL,FR,P07
72,147500,DL,FR,P07
72,150000,DL,FR,P07
72,152500,DL,FR,P07
72,155000,DL,FR,P07
72,157500,DL,FR,P07
72,160000,DL,FR,P07
72,162500,DL,FR,P07
72,165000,DL,FR,P07
72,167500,DL,FR,P07
72,170000,DL,FR,P07
72,172500,DL,FR,P07
72,175000,DL,FR,P07
72,177500,DL,FR,P07
72,180000,DL,FR,P07
72,182500,DL,FR,P07
72,185000,DL,FR,P07
72,187500,DL,FR,P07
72,190000,DL,FR,P07
72,192500,DL,FR,P07
72,195000,DL,FR,P07
72,197500,DL,FR,P07
72,200000,DL,FR,P07
72,202500,DL,FR,P07
72,205000,DL,FR,P07
72,207500,DL,FR,P07
72,210000,DL,FR,P07
72,212500,DL,FR,P07
72,215000,DL,FR,P07
72,217500,DL,FR,P07
72,220000,DL,FR,P07
72,225000,DL,FR,P07
72,227500,DL,FR,P07
72,230000,DL,FR,P07
72,232500,DL,FR,P07
72,235000,DL,FR,P07
72,237500,DL,FR,P07
72,240000,DL,FR,P07
72,245000,DL,FR,P07
72,247500,DL,FR,P07
72,250000,DL,FR,P07
72,252500,DL,FR,P07
72,255000,DL,FR,P07
72,257500,DL,FR,P07
72,260000,DL,FR,P07
72,262500,DL,FR,P07
72,265000,DL,FR,P07
72,267500,DL,FR,P07
72,270000,DL,FR,P07
72,282500,DL,FR,P07
72,285000,DL,FR,P07
72,287500,DL,FR,P07
72,290000,DL,FR,P07
72,295000,DL,FR,P07
72,305000,DL,FR,P07
72,307500,DL,FR,P07
72,310000,DL,FR,P07
72,322500,DL,FR,P07
72,330000,DL,FR,P07
72,337500,DL,FR,P07
72,340000,DL,FR,P07
72,342500,DL,FR,P07
72,345000,DL,FR,P07
72,347500,DL,FR,P07
72,362500,DL,FR,P07
72,365000,DL,FR,P07
72,367500,DL,FR,P07
72,370000,DL,FR,P07
72,372500,DL,FR,P07
72,377500,DL,FR,P07
72,382500,DL,FR,P07
72,385000,DL,FR,P07
72,387500,DL,FR,P07
72,390000,DL,FR,P07
72,392500,DL,FR,P07
72,395000,DL,FR,P07
72,400000,DL,FR,P07
72,402500,DL,FR,P07
72,405000,DL,FR,P07
72,407500,DL,FR,P07
72,410000,DL,FR,P07
72,412500,DL,FR,P07
72,415000,DL,FR,P07
72,417500,DL,FR,P07
72,420000,DL,FR,P07
72,422500,DL,FR,P07
72,425000,DL,FR,P07
72,427500,DL,FR,P07
72,430000,DL,FR,P07
72,432500,DL,FR,P07
72,435000,DL,FR,P07
72,437500,DL,FR,P07
72,440000,DL,FR,P07
72,442500,DL,FR,P07
72,445000,DL,FR,P07
72,447500,DL,FR,P07
72,450000,DL,FR,P07
72,452500,DL,FR,P07
72,455000,DL,FR,P07
72,457500,DL,FR,P07
72,460000,DL,FR,P07
72,462500,DL,FR,P07
72,465000,DL,FR,P07
72,467500,DL,FR,P07
73,0,DL,LU,P07
73,2500,DL,LU,P07
73,5000,DL,LU,P07
73,7500,DL,LU,P07
73,10000,DL,LU,P07
73,12500,DL,LU,P07
73,15000,DL,LU,P07
73,20000,DL,LU,P07
73,22500,DL,LU,P07
73,30000,DL,LU,P07
73,32500,DL,LU,P07
73,35000,DL,LU,P07
73,40000,DL,LU,P07
73,42500,DL,LU,P07
73,45000,DL,LU,P07
73,47500,DL,LU,P07
73,52500,DL,LU,P07
73,55000,DL,LU,P07
73,57500,DL,LU,P07
73,60000,DL,LU,P07
73,62500,DL,LU,P07
73,65000,DL,LU,P07
73,67500,DL,LU,P07
73,70000,DL,LU,P07
73,72500,DL,LU,P07
73,75000,DL,LU,P07
73,77500,DL,LU,P07
73,82500,DL,LU,P07
73,85000,DL,LU,P07
73,87500,DL,LU,P07
73,90000,DL,LU,P07
73,92500,DL,LU,P07
73,95000,DL,LU,P07
73,107500,DL,LU,P07
73,110000,DL,LU,P07
73,112500,DL,LU,P07
73,115000,DL,LU,P07
73,117500,DL,LU,P07
73,125000,DL,LU,P07
73,130000,DL,LU,P07
73,132500,DL,LU,P07
73,140000,DL,LU,P07
73,152500,DL,LU,P07
73,157500,DL,LU,P07
73,160000,DL,LU,P07
73,162500,DL,LU,P07
73,165000,DL,LU,P07
73,172500,DL,LU,P07
73,175000,DL,LU,P07
73,182500,DL,LU,P07
73,187500,DL,LU,P07
73,195000,DL,LU,P07
73,197500,DL,LU,P07
73,200000,DL,LU,P07
73,202500,DL,LU,P07
73,205000,DL,LU,P07
73,207500,DL,LU,P07
73,212500,DL,LU,P07
73,215000,DL,LU,P07
73,217500,DL,LU,P07
73,220000,DL,LU,P07
73,222500,DL,LU,P07
73,232500,DL,LU,P07
73,235000,DL,LU,P07
73,237500,DL,LU,P07
73,245000,DL,LU,P07
73,247500,DL,LU,P07
73,250000,DL,LU,P07
73,252500,DL,LU,P07
73,255000,DL,LU,P07
73,257500,DL,LU,P07
73,260000,DL,LU,P07
73,267500,DL,LU,P07
73,272500,DL,LU,P07
73,275000,DL,LU,P07
73,277500,DL,LU,P07
73,280000,DL,LU,P07
73,282500,DL,LU,P07
73,285000,DL,LU,P07
73,287500,DL,LU,P07
73,290000,DL,LU,P07
73,292500,DL,LU,P07
73,297500,DL,LU,P07
73,300000,DL,LU,P07
73,310000,DL,LU,P07
73,312500,DL,LU,P07
73,315000,DL,LU,P07
73,317500,DL,LU,P07
73,320000,DL,LU,P07
73,322500,DL,LU,P07
73,325000,DL,LU,P07
73,327500,DL,LU,P07
73,332500,DL,LU,P07
73,335000,DL,LU,P07
73,340000,DL,LU,P07
73,342500,DL,LU,P07
73,345000,DL,LU,P07
73,347500,DL,LU,P07
73,350000,DL,LU,P07
73,352500,DL,LU,P07
73,355000,DL,LU,P07
73,357500,DL,LU,P07
73,360000,DL,LU,P07
73,362500,DL,LU,P07
73,365000,DL,LU,P07
73,372500,DL,LU,P07
73,375000,DL,LU,P07
73,377500,DL,LU,P07
73,380000,DL,LU,P07
73,387500,DL,LU,P07
73,395000,DL,LU,P07
73,412500,DL,LU,P07
73,415000,DL,LU,P07
73,422500,DL,LU,P07
73,425000,DL,LU,P07
73,427500,DL,LU,P07
73,430000,DL,LU,P07
73,432500,DL,LU,P07
73,455000,DL,LU,P07
73,467500,DL,LU,P07
74,0,DL,XP,P07
74,2500,DL,XP,P07
74,5000,DL,XP,P07
74,7500,DL,XP,P07
74,10000,DL,XP,P07
74,12500,DL,XP,P07
74,15000,DL,XP,P07
74,17500,DL,XP,P07
74,20000,DL,XP,P07
74,22500,DL,XP,P07
74,25000,DL,XP,P07
74,27500,DL,XP,P07
74,30000,DL,XP,P07
74,32500,DL,XP,P07
74,35000,DL,XP,P07
74,37500,DL,XP,P07
74,40000,DL,XP,P07
74,42500,DL,XP,P07
74,45000,DL,XP,P07
74,47500,DL,XP,P07
74,50000,DL,XP,P07
74,52500,DL,XP,P07
74,55000,DL,XP,P07
74,57500,DL,XP,P07
74,60000,DL,XP,P07
74,62500,DL,XP,P07
74,65000,DL,XP,P07
74,67500,DL,XP,P07
74,70000,DL,XP,P07
74,72500,DL,XP,P07
74,75000,DL,XP,P07
74,77500,DL,XP,P07
74,80000,DL,XP,P07
74,82500,DL,XP,P07
74,85000,DL,XP,P07
74,87500,DL,XP,P07
74,90000,DL,XP,P07
74,92500,DL,XP,P07
74,95000,DL,XP,P07
74,97500,DL,XP,P07
74,100000,DL,XP,P07
74,102500,DL,XP,P07
74,105000,DL,XP,P07
74,107500,DL,XP,P07
74,110000,DL,XP,P07
74,112500,DL,XP,P07
74,115000,DL,XP,P07
74,117500,DL,XP,P07
74,120000,DL,XP,P07
74,122500,DL,XP,P07
74,125000,DL,XP,P07
74,127500,DL,XP,P07
74,130000,DL,XP,P07
74,132500,DL,XP,P07
74,135000,DL,XP,P07
74,137500,DL,XP,P07
74,140000,DL,XP,P07
74,142500,DL,XP,P07
74,145000,DL,XP,P07
74,147500,DL,XP,P07
74,150000,DL,XP,P07
74,152500,DL,XP,P07
74,155000,DL,XP,P07
74,157500,DL,XP,P07
74,160000,DL,XP,P07
74,162500,DL,XP,P07
74,165000,DL,XP,P07
74,167500,DL,XP,P07
74,170000,DL,XP,P07
74,172500,DL,XP,P07
74,175000,DL,XP,P07
74,177500,DL,XP,P07
74,180000,DL,XP,P07
74,182500,DL,XP,P07
74,187500,DL,XP,P07
74,190000,DL,XP,P07
74,192500,DL,XP,P07
74,195000,DL,XP,P07
74,197500,DL,XP,P07
74,200000,DL,XP,P07
74,202500,DL,XP,P07
74,205000,DL,XP,P07
74,207500,DL,XP,P07
74,210000,DL,XP,P07
74,212500,DL,XP,P07
74,215000,DL,XP,P07
74,217500,DL,XP,P07
74,220000,DL,XP,P07
74,222500,DL,XP,P07
74,225000,DL,XP,P07
74,227500,DL,XP,P07
74,230000,DL,XP,P07
74,235000,DL,XP,P07
74,237500,DL,XP,P07
74,240000,DL,XP,P07
74,242500,DL,XP,P07
74,245000,DL,XP,P07
74,247500,DL,XP,P07
74,250000,DL,XP,P07
74,252500,DL,XP,P07
74,255000,DL,XP,P07
74,257500,DL,XP,P07
74,260000,DL,XP,P07
74,262500,DL,XP,P07
74,265000,DL,XP,P07
74,267500,DL,XP,P07
74,270000,DL,XP,P07
74,272500,DL,XP,P07
74,275000,DL,XP,P07
74,277500,DL,XP,P07
74,280000,DL,XP,P07
74,282500,DL,XP,P07
74,285000,DL,XP,P07
74,287500,DL,XP,P07
74,290000,DL,XP,P07
74,292500,DL,XP,P07
74,295000,DL,XP,P07
74,297500,DL,XP,P07
74,300000,DL,XP,P07
74,302500,DL,XP,P07
74,305000,DL,XP,P07
74,307500,DL,XP,P07
74,310000,DL,XP,P07
74,312500,DL,XP,P07
74,315000,DL,XP,P07
74,317500,DL,XP,P07
74,320000,DL,XP,P07
74,322500,DL,XP,P07
74,325000,DL,XP,P07
74,327500,DL,XP,P07
74,330000,DL,XP,P07
74,332500,DL,XP,P07
74,335000,DL,XP,P07
74,337500,DL,XP,P07
74,340000,DL,XP,P07
74,342500,DL,XP,P07
74,345000,DL,XP,P07
74,347500,DL,XP,P07
74,350000,DL,XP,P07
74,352500,DL,XP,P07
74,355000,DL,XP,P07
74,357500,DL,XP,P07
74,360000,DL,XP,P07
74,362500,DL,XP,P07
74,365000,DL,XP,P07
74,367500,DL,XP,P07
74,370000,DL,XP,P07
74,372500,DL,XP,P07
74,375000,DL,XP,P07
74,377500,DL,XP,P07
74,380000,DL,XP,P07
74,382500,DL,XP,P07
74,385000,DL,XP,P07
74,387500,DL,XP,P07
74,390000,DL,XP,P07
74,392500,DL,XP,P07
74,395000,DL,XP,P07
74,397500,DL,XP,P07
74,400000,DL,XP,P07
74,402500,DL,XP,P07
74,405000,DL,XP,P07
74,407500,DL,XP,P07
74,410000,DL,XP,P07
74,412500,DL,XP,P07
74,415000,DL,XP,P07
74,417500,DL,XP,P07
74,420000,DL,XP,P07
74,422500,DL,XP,P07
74,425000,DL,XP,P07
74,427500,DL,XP,P07
74,430000,DL,XP,P07
74,432500,DL,XP,P07
74,435000,DL,XP,P07
74,437500,DL,XP,P07
74,440000,DL,XP,P07
74,442500,DL,XP,P07
74,445000,DL,XP,P07
74,447500,DL,XP,P07
74,450000,DL,XP,P07
74,452500,DL,XP,P07
74,455000,DL,XP,P07
74,457500,DL,XP,P07
74,460000,DL,XP,P07
74,462500,DL,XP,P07
74,465000,DL,XP,P07
74,467500,DL,XP,P07
75,0,DR,FR,P07
75,5000,DR,FR,P07
75,7500,DR,FR,P07
75,10000,DR,FR,P07
75,12500,DR,FR,P07
75,15000,DR,FR,P07
75,17500,DR,FR,P07
75,20000,DR,FR,P07
75,22500,DR,FR,P07
75,25000,DR,FR,P07
75,27500,DR,FR,P07
75,30000,DR,FR,P07
75,32500,DR,FR,P07
75,35000,DR,FR,P07
75,37500,DR,FR,P07
75,40000,DR,FR,P07
75,42500,DR,FR,P07
75,45000,DR,FR,P07
75,47500,DR,FR,P07
75,50000,DR,FR,P07
75,52500,DR,FR,P07
75,55000,DR,FR,P07
75,57500,DR,FR,P07
75,62500,DR,FR,P07
75,65000,DR,FR,P07
75,67500,DR,FR,P07
75,70000,DR,FR,P07
75,72500,DR,FR,P07
75,75000,DR,FR,P07
75,77500,DR,FR,P07
75,80000,DR,FR,P07
75,82500,DR,FR,P07
75,85000,DR,FR,P07
75,87500,DR,FR,P07
75,90000,DR,FR,P07
75,92500,DR,FR,P07
75,95000,DR,FR,P07
75,97500,DR,FR,P07
75,100000,DR,FR,P07
75,102500,DR,FR,P07
75,105000,DR,FR,P07
75,107500,DR,FR,P07
75,110000,DR,FR,P07
75,112500,DR,FR,P07
75,115000,DR,FR,P07
75,117500,DR,FR,P07
75,120000,DR,FR,P07
75,122500,DR,FR,P07
75,125000,DR,FR,P07
75,127500,DR,FR,P07
75,130000,DR,FR,P07
75,132500,DR,FR,P07
75,135000,DR,FR,P07
75,137500,DR,FR,P07
75,140000,DR,FR,P07
75,142500,DR,FR,P07
75,145000,DR,FR,P07
75,147500,DR,FR,P07
75,150000,DR,FR,P07
75,152500,DR,FR,P07
75,155000,DR,FR,P07
75,157500,DR,FR,P07
75,160000,DR,FR,P07
75,162500,DR,FR,P07
75,165000,DR,FR,P07
75,167500,DR,FR,P07
75,170000,DR,FR,P07
75,172500,DR,FR,P07
75,175000,DR,FR,P07
75,177500,DR,FR,P07
75,180000,DR,FR,P07
75,182500,DR,FR,P07
75,185000,DR,FR,P07
75,187500,DR,FR,P07
75,190000,DR,FR,P07
75,192500,DR,FR,P07
75,195000,DR,FR,P07
75,200000,DR,FR,P07
75,202500,DR,FR,P07
75,205000,DR,FR,P07
75,210000,DR,FR,P07
75,212500,DR,FR,P07
75,215000,DR,FR,P07
75,217500,DR,FR,P07
75,220000,DR,FR,P07
75,225000,DR,FR,P07
75,227500,DR,FR,P07
75,230000,DR,FR,P07
75,232500,DR,FR,P07
75,235000,DR,FR,P07
75,237500,DR,FR,P07
75,240000,DR,FR,P07
75,242500,DR,FR,P07
75,245000,DR,FR,P07
75,247500,DR,FR,P07
75,250000,DR,FR,P07
75,252500,DR,FR,P07
75,255000,DR,FR,P07
75,257500,DR,FR,P07
75,260000,DR,FR,P07
75,265000,DR,FR,P07
75,267500,DR,FR,P07
75,270000,DR,FR,P07
75,272500,DR,FR,P07
75,280000,DR,FR,P07
75,282500,DR,FR,P07
75,285000,DR,FR,P07
75,287500,DR,FR,P07
75,290000,DR,FR,P07
75,292500,DR,FR,P07
75,295000,DR,FR,P07
75,300000,DR,FR,P07
75,305000,DR,FR,P07
75,307500,DR,FR,P07
75,312500,DR,FR,P07
75,320000,DR,FR,P07
75,322500,DR,FR,P07
75,330000,DR,FR,P07
75,337500,DR,FR,P07
75,340000,DR,FR,P07
75,342500,DR,FR,P07
75,345000,DR,FR,P07
75,347500,DR,FR,P07
75,350000,DR,FR,P07
75,355000,DR,FR,P07
75,357500,DR,FR,P07
75,360000,DR,FR,P07
75,362500,DR,FR,P07
75,365000,DR,FR,P07
75,367500,DR,FR,P07
75,370000,DR,FR,P07
75,372500,DR,FR,P07
75,375000,DR,FR,P07
75,377500,DR,FR,P07
75,380000,DR,FR,P07
75,382500,DR,FR,P07
75,385000,DR,FR,P07
75,387500,DR,FR,P07
75,390000,DR,FR,P07
75,395000,DR,FR,P07
75,397500,DR,FR,P07
75,400000,DR,FR,P07
75,402500,DR,FR,P07
75,405000,DR,FR,P07
75,407500,DR,FR,P07
75,410000,DR,FR,P07
75,412500,DR,FR,P07
75,415000,DR,FR,P07
75,417500,DR,FR,P07
75,420000,DR,FR,P07
75,422500,DR,FR,P07
75,425000,DR,FR,P07
75,427500,DR,FR,P07
75,430000,DR,FR,P07
75,432500,DR,FR,P07
75,435000,DR,FR,P07
75,437500,DR,FR,P07
75,440000,DR,FR,P07
75,442500,DR,FR,P07
75,445000,DR,FR,P07
75,447500,DR,FR,P07
75,450000,DR,FR,P07
75,452500,DR,FR,P07
75,455000,DR,FR,P07
75,457500,DR,FR,P07
75,460000,DR,FR,P07
75,462500,DR,FR,P07
75,465000,DR,FR,P07
75,467500,DR,FR,P07
76,2500,DR,LU,P07
76,5000,DR,LU,P07
76,7500,DR,LU,P07
76,10000,DR,LU,P07
76,30000,DR,LU,P07
76,32500,DR,LU,P07
76,40000,DR,LU,P07
76,42500,DR,LU,P07
76,45000,DR,LU,P07
76,47500,DR,LU,P07
76,52500,DR,LU,P07
76,55000,DR,LU,P07
76,57500,DR,LU,P07
76,60000,DR,LU,P07
76,62500,DR,LU,P07
76,65000,DR,LU,P07
76,70000,DR,LU,P07
76,72500,DR,LU,P07
76,77500,DR,LU,P07
76,82500,DR,LU,P07
76,85000,DR,LU,P07
76,87500,DR,LU,P07
76,90000,DR,LU,P07
76,92500,DR,LU,P07
76,95000,DR,LU,P07
76,102500,DR,LU,P07
76,107500,DR,LU,P07
76,110000,DR,LU,P07
76,117500,DR,LU,P07
76,120000,DR,LU,P07
76,122500,DR,LU,P07
76,125000,DR,LU,P07
76,132500,DR,LU,P07
76,160000,DR,LU,P07
76,162500,DR,LU,P07
76,175000,DR,LU,P07
76,242500,DR,LU,P07
76,245000,DR,LU,P07
76,247500,DR,LU,P07
76,250000,DR,LU,P07
76,255000,DR,LU,P07
76,257500,DR,LU,P07
76,260000,DR,LU,P07
76,262500,DR,LU,P07
76,272500,DR,LU,P07
76,275000,DR,LU,P07
76,277500,DR,LU,P07
76,280000,DR,LU,P07
76,282500,DR,LU,P07
76,287500,DR,LU,P07
76,290000,DR,LU,P07
76,310000,DR,LU,P07
76,315000,DR,LU,P07
76,317500,DR,LU,P07
76,320000,DR,LU,P07
76,327500,DR,LU,P07
76,332500,DR,LU,P07
76,335000,DR,LU,P07
76,337500,DR,LU,P07
76,340000,DR,LU,P07
76,342500,DR,LU,P07
76,347500,DR,LU,P07
76,350000,DR,LU,P07
76,352500,DR,LU,P07
76,365000,DR,LU,P07
76,367500,DR,LU,P07
76,370000,DR,LU,P07
76,372500,DR,LU,P07
76,375000,DR,LU,P07
76,397500,DR,LU,P07
76,405000,DR,LU,P07
76,407500,DR,LU,P07
76,427500,DR,LU,P07
76,450000,DR,LU,P07
76,452500,DR,LU,P07
76,455000,DR,LU,P07
76,460000,DR,LU,P07
76,462500,DR,LU,P07
76,465000,DR,LU,P07
77,0,DR,XP,P07
77,2500,DR,XP,P07
77,5000,DR,XP,P07
77,7500,DR,XP,P07
77,10000,DR,XP,P07
77,12500,DR,XP,P07
77,15000,DR,XP,P07
77,17500,DR,XP,P07
77,20000,DR,XP,P07
77,22500,DR,XP,P07
77,25000,DR,XP,P07
77,30000,DR,XP,P07
77,32500,DR,XP,P07
77,35000,DR,XP,P07
77,37500,DR,XP,P07
77,40000,DR,XP,P07
77,42500,DR,XP,P07
77,45000,DR,XP,P07
77,47500,DR,XP,P07
77,52500,DR,XP,P07
77,55000,DR,XP,P07
77,57500,DR,XP,P07
77,60000,DR,XP,P07
77,62500,DR,XP,P07
77,65000,DR,XP,P07
77,67500,DR,XP,P07
77,72500,DR,XP,P07
77,75000,DR,XP,P07
77,77500,DR,XP,P07
77,80000,DR,XP,P07
77,82500,DR,XP,P07
77,85000,DR,XP,P07
77,87500,DR,XP,P07
77,92500,DR,XP,P07
77,95000,DR,XP,P07
77,97500,DR,XP,P07
77,100000,DR,XP,P07
77,102500,DR,XP,P07
77,105000,DR,XP,P07
77,107500,DR,XP,P07
77,117500,DR,XP,P07
77,120000,DR,XP,P07
77,122500,DR,XP,P07
77,125000,DR,XP,P07
77,127500,DR,XP,P07
77,130000,DR,XP,P07
77,132500,DR,XP,P07
77,135000,DR,XP,P07
77,140000,DR,XP,P07
77,142500,DR,XP,P07
77,145000,DR,XP,P07
77,147500,DR,XP,P07
77,152500,DR,XP,P07
77,157500,DR,XP,P07
77,160000,DR,XP,P07
77,162500,DR,XP,P07
77,165000,DR,XP,P07
77,170000,DR,XP,P07
77,172500,DR,XP,P07
77,175000,DR,XP,P07
77,177500,DR,XP,P07
77,180000,DR,XP,P07
77,182500,DR,XP,P07
77,185000,DR,XP,P07
77,187500,DR,XP,P07
77,190000,DR,XP,P07
77,192500,DR,XP,P07
77,195000,DR,XP,P07
77,197500,DR,XP,P07
77,200000,DR,XP,P07
77,202500,DR,XP,P07
77,205000,DR,XP,P07
77,207500,DR,XP,P07
77,210000,DR,XP,P07
77,212500,DR,XP,P07
77,215000,DR,XP,P07
77,217500,DR,XP,P07
77,220000,DR,XP,P07
77,222500,DR,XP,P07
77,225000,DR,XP,P07
77,227500,DR,XP,P07
77,230000,DR,XP,P07
77,232500,DR,XP,P07
77,235000,DR,XP,P07
77,237500,DR,XP,P07
77,240000,DR,XP,P07
77,242500,DR,XP,P07
77,245000,DR,XP,P07
77,247500,DR,XP,P07
77,250000,DR,XP,P07
77,252500,DR,XP,P07
77,255000,DR,XP,P07
77,257500,DR,XP,P07
77,260000,DR,XP,P07
77,262500,DR,XP,P07
77,265000,DR,XP,P07
77,267500,DR,XP,P07
77,270000,DR,XP,P07
77,272500,DR,XP,P07
77,275000,DR,XP,P07
77,277500,DR,XP,P07
77,280000,DR,XP,P07
77,282500,DR,XP,P07
77,285000,DR,XP,P07
77,287500,DR,XP,P07
77,290000,DR,XP,P07
77,295000,DR,XP,P07
77,297500,DR,XP,P07
77,300000,DR,XP,P07
77,302500,DR,XP,P07
77,305000,DR,XP,P07
77,307500,DR,XP,P07
77,310000,DR,XP,P07
77,312500,DR,XP,P07
77,315000,DR,XP,P07
77,317500,DR,XP,P07
77,320000,DR,XP,P07
77,322500,DR,XP,P07
77,325000,DR,XP,P07
77,327500,DR,XP,P07
77,330000,DR,XP,P07
77,332500,DR,XP,P07
77,335000,DR,XP,P07
77,337500,DR,XP,P07
77,340000,DR,XP,P07
77,342500,DR,XP,P07
77,345000,DR,XP,P07
77,347500,DR,XP,P07
77,350000,DR,XP,P07
77,352500,DR,XP,P07
77,355000,DR,XP,P07
77,357500,DR,XP,P07
77,360000,DR,XP,P07
77,362500,DR,XP,P07
77,367500,DR,XP,P07
77,370000,DR,XP,P07
77,372500,DR,XP,P07
77,375000,DR,XP,P07
77,377500,DR,XP,P07
77,380000,DR,XP,P07
77,382500,DR,XP,P07
77,390000,DR,XP,P07
77,395000,DR,XP,P07
77,397500,DR,XP,P07
77,400000,DR,XP,P07
77,405000,DR,XP,P07
77,407500,DR,XP,P07
77,410000,DR,XP,P07
77,412500,DR,XP,P07
77,415000,DR,XP,P07
77,417500,DR,XP,P07
77,420000,DR,XP,P07
77,422500,DR,XP,P07
77,425000,DR,XP,P07
77,427500,DR,XP,P07
77,430000,DR,XP,P07
77,432500,DR,XP,P07
77,435000,DR,XP,P07
77,437500,DR,XP,P07
77,442500,DR,XP,P07
77,447500,DR,XP,P07
77,450000,DR,XP,P07
77,452500,DR,XP,P07
77,455000,DR,XP,P07
77,457500,DR,XP,P07
77,460000,DR,XP,P07
77,462500,DR,XP,P07
77,465000,DR,XP,P07
77,467500,DR,XP,P07
78,0,UL,FR,P07
78,50000,UL,FR,P07
78,67500,UL,FR,P07
78,107500,UL,FR,P07
78,117500,UL,FR,P07
78,122500,UL,FR,P07
78,125000,UL,FR,P07
78,127500,UL,FR,P07
78,130000,UL,FR,P07
78,142500,UL,FR,P07
78,152500,UL,FR,P07
78,155000,UL,FR,P07
78,157500,UL,FR,P07
78,160000,UL,FR,P07
78,172500,UL,FR,P07
78,175000,UL,FR,P07
78,197500,UL,FR,P07
78,217500,UL,FR,P07
78,220000,UL,FR,P07
78,237500,UL,FR,P07
78,245000,UL,FR,P07
78,247500,UL,FR,P07
78,280000,UL,FR,P07
78,302500,UL,FR,P07
78,305000,UL,FR,P07
78,332500,UL,FR,P07
78,337500,UL,FR,P07
78,365000,UL,FR,P07
78,375000,UL,FR,P07
78,385000,UL,FR,P07
78,390000,UL,FR,P07
78,392500,UL,FR,P07
78,450000,UL,FR,P07
78,467500,UL,FR,P07
79,22500,UL,LU,P07
79,25000,UL,LU,P07
79,45000,UL,LU,P07
79,47500,UL,LU,P07
79,60000,UL,LU,P07
79,62500,UL,LU,P07
79,70000,UL,LU,P07
79,72500,UL,LU,P07
79,85000,UL,LU,P07
79,87500,UL,LU,P07
79,92500,UL,LU,P07
79,95000,UL,LU,P07
79,110000,UL,LU,P07
79,117500,UL,LU,P07
79,120000,UL,LU,P07
79,122500,UL,LU,P07
79,125000,UL,LU,P07
79,127500,UL,LU,P07
79,132500,UL,LU,P07
79,135000,UL,LU,P07
79,140000,UL,LU,P07
79,142500,UL,LU,P07
79,145000,UL,LU,P07
79,147500,UL,LU,P07
79,152500,UL,LU,P07
79,155000,UL,LU,P07
79,160000,UL,LU,P07
79,172500,UL,LU,P07
79,175000,UL,LU,P07
79,195000,UL,LU,P07
79,197500,UL,LU,P07
79,217500,UL,LU,P07
79,220000,UL,LU,P07
79,235000,UL,LU,P07
79,237500,UL,LU,P07
79,255000,UL,LU,P07
79,260000,UL,LU,P07
79,262500,UL,LU,P07
79,272500,UL,LU,P07
79,275000,UL,LU,P07
79,277500,UL,LU,P07
79,280000,UL,LU,P07
79,282500,UL,LU,P07
79,285000,UL,LU,P07
79,287500,UL,LU,P07
79,297500,UL,LU,P07
79,310000,UL,LU,P07
79,312500,UL,LU,P07
79,320000,UL,LU,P07
79,322500,UL,LU,P07
79,325000,UL,LU,P07
79,327500,UL,LU,P07
79,330000,UL,LU,P07
79,332500,UL,LU,P07
79,335000,UL,LU,P07
79,337500,UL,LU,P07
79,342500,UL,LU,P07
79,345000,UL,LU,P07
79,347500,UL,LU,P07
79,350000,UL,LU,P07
79,352500,UL,LU,P07
79,355000,UL,LU,P07
79,357500,UL,LU,P07
79,360000,UL,LU,P07
79,362500,UL,LU,P07
79,365000,UL,LU,P07
79,370000,UL,LU,P07
79,375000,UL,LU,P07
79,377500,UL,LU,P07
79,380000,UL,LU,P07
79,382500,UL,LU,P07
79,385000,UL,LU,P07
79,397500,UL,LU,P07
79,407500,UL,LU,P07
79,410000,UL,LU,P07
79,415000,UL,LU,P07
79,417500,UL,LU,P07
79,427500,UL,LU,P07
79,450000,UL,LU,P07
79,452500,UL,LU,P07
79,455000,UL,LU,P07
79,462500,UL,LU,P07
79,465000,UL,LU,P07
79,467500,UL,LU,P07
80,25000,UL,XP,P07
80,27500,UL,XP,P07
80,30000,UL,XP,P07
80,45000,UL,XP,P07
80,47500,UL,XP,P07
80,55000,UL,XP,P07
80,57500,UL,XP,P07
80,80000,UL,XP,P07
80,92500,UL,XP,P07
80,97500,UL,XP,P07
80,100000,UL,XP,P07
80,102500,UL,XP,P07
80,105000,UL,XP,P07
80,107500,UL,XP,P07
80,110000,UL,XP,P07
80,117500,UL,XP,P07
80,120000,UL,XP,P07
80,125000,UL,XP,P07
80,127500,UL,XP,P07
80,130000,UL,XP,P07
80,132500,UL,XP,P07
80,135000,UL,XP,P07
80,140000,UL,XP,P07
80,142500,UL,XP,P07
80,145000,UL,XP,P07
80,147500,UL,XP,P07
80,150000,UL,XP,P07
80,152500,UL,XP,P07
80,155000,UL,XP,P07
80,157500,UL,XP,P07
80,160000,UL,XP,P07
80,162500,UL,XP,P07
80,165000,UL,XP,P07
80,167500,UL,XP,P07
80,170000,UL,XP,P07
80,172500,UL,XP,P07
80,175000,UL,XP,P07
80,190000,UL,XP,P07
80,195000,UL,XP,P07
80,197500,UL,XP,P07
80,200000,UL,XP,P07
80,217500,UL,XP,P07
80,220000,UL,XP,P07
80,232500,UL,XP,P07
80,235000,UL,XP,P07
80,237500,UL,XP,P07
80,242500,UL,XP,P07
80,260000,UL,XP,P07
80,262500,UL,XP,P07
80,265000,UL,XP,P07
80,267500,UL,XP,P07
80,272500,UL,XP,P07
80,275000,UL,XP,P07
80,277500,UL,XP,P07
80,287500,UL,XP,P07
80,292500,UL,XP,P07
80,295000,UL,XP,P07
80,297500,UL,XP,P07
80,302500,UL,XP,P07
80,305000,UL,XP,P07
80,307500,UL,XP,P07
80,332500,UL,XP,P07
80,337500,UL,XP,P07
80,350000,UL,XP,P07
80,357500,UL,XP,P07
80,360000,UL,XP,P07
80,362500,UL,XP,P07
80,365000,UL,XP,P07
80,367500,UL,XP,P07
80,370000,UL,XP,P07
80,372500,UL,XP,P07
80,375000,UL,XP,P07
80,377500,UL,XP,P07
80,380000,UL,XP,P07
80,382500,UL,XP,P07
80,385000,UL,XP,P07
80,387500,UL,XP,P07
80,390000,UL,XP,P07
80,392500,UL,XP,P07
80,395000,UL,XP,P07
80,397500,UL,XP,P07
80,400000,UL,XP,P07
80,402500,UL,XP,P07
80,405000,UL,XP,P07
80,407500,UL,XP,P07
80,410000,UL,XP,P07
80,415000,UL,XP,P07
80,417500,UL,XP,P07
80,420000,UL,XP,P07
80,422500,UL,XP,P07
80,425000,UL,XP,P07
80,427500,UL,XP,P07
80,430000,UL,XP,P07
80,432500,UL,XP,P07
80,435000,UL,XP,P07
80,437500,UL,XP,P07
80,440000,UL,XP,P07
80,442500,UL,XP,P07
80,445000,UL,XP,P07
80,447500,UL,XP,P07
80,450000,UL,XP,P07
80,452500,UL,XP,P07
80,455000,UL,XP,P07
80,457500,UL,XP,P07
80,460000,UL,XP,P07
80,462500,UL,XP,P07
80,465000,UL,XP,P07
80,467500,UL,XP,P07
81,0,UR,FR,P07
81,50000,UR,FR,P07
81,57500,UR,FR,P07
81,67500,UR,FR,P07
81,97500,UR,FR,P07
81,120000,UR,FR,P07
81,122500,UR,FR,P07
81,125000,UR,FR,P07
81,135000,UR,FR,P07
81,150000,UR,FR,P07
81,152500,UR,FR,P07
81,155000,UR,FR,P07
81,167500,UR,FR,P07
81,172500,UR,FR,P07
81,187500,UR,FR,P07
81,195000,UR,FR,P07
81,197500,UR,FR,P07
81,210000,UR,FR,P07
81,217500,UR,FR,P07
81,220000,UR,FR,P07
81,232500,UR,FR,P07
81,237500,UR,FR,P07
81,242500,UR,FR,P07
81,257500,UR,FR,P07
81,282500,UR,FR,P07
81,302500,UR,FR,P07
81,375000,UR,FR,P07
81,377500,UR,FR,P07
81,385000,UR,FR,P07
81,390000,UR,FR,P07
81,392500,UR,FR,P07
81,395000,UR,FR,P07
81,452500,UR,FR,P07
82,22500,UR,LU,P07
82,60000,UR,LU,P07
82,72500,UR,LU,P07
82,95000,UR,LU,P07
82,122500,UR,LU,P07
82,125000,UR,LU,P07
82,132500,UR,LU,P07
82,135000,UR,LU,P07
82,142500,UR,LU,P07
82,145000,UR,LU,P07
82,152500,UR,LU,P07
82,160000,UR,LU,P07
82,172500,UR,LU,P07
82,175000,UR,LU,P07
82,195000,UR,LU,P07
82,197500,UR,LU,P07
82,217500,UR,LU,P07
82,235000,UR,LU,P07
82,237500,UR,LU,P07
82,272500,UR,LU,P07
82,275000,UR,LU,P07
82,280000,UR,LU,P07
82,282500,UR,LU,P07
82,285000,UR,LU,P07
82,287500,UR,LU,P07
82,310000,UR,LU,P07
82,312500,UR,LU,P07
82,322500,UR,LU,P07
82,330000,UR,LU,P07
82,332500,UR,LU,P07
82,335000,UR,LU,P07
82,337500,UR,LU,P07
82,342500,UR,LU,P07
82,345000,UR,LU,P07
82,347500,UR,LU,P07
82,350000,UR,LU,P07
82,352500,UR,LU,P07
82,355000,UR,LU,P07
82,357500,UR,LU,P07
82,360000,UR,LU,P07
82,362500,UR,LU,P07
82,375000,UR,LU,P07
82,380000,UR,LU,P07
82,382500,UR,LU,P07
82,385000,UR,LU,P07
82,397500,UR,LU,P07
82,417500,UR,LU,P07
82,447500,UR,LU,P07
82,450000,UR,LU,P07
82,452500,UR,LU,P07
82,455000,UR,LU,P07
83,10000,UR,XP,P07
83,12500,UR,XP,P07
83,15000,UR,XP,P07
83,17500,UR,XP,P07
83,20000,UR,XP,P07
83,22500,UR,XP,P07
83,25000,UR,XP,P07
83,27500,UR,XP,P07
83,30000,UR,XP,P07
83,37500,UR,XP,P07
83,40000,UR,XP,P07
83,42500,UR,XP,P07
83,45000,UR,XP,P07
83,52500,UR,XP,P07
83,55000,UR,XP,P07
83,57500,UR,XP,P07
83,60000,UR,XP,P07
83,72500,UR,XP,P07
83,75000,UR,XP,P07
83,77500,UR,XP,P07
83,80000,UR,XP,P07
83,92500,UR,XP,P07
83,110000,UR,XP,P07
83,112500,UR,XP,P07
83,115000,UR,XP,P07
83,120000,UR,XP,P07
83,122500,UR,XP,P07
83,125000,UR,XP,P07
83,127500,UR,XP,P07
83,130000,UR,XP,P07
83,132500,UR,XP,P07
83,135000,UR,XP,P07
83,137500,UR,XP,P07
83,140000,UR,XP,P07
83,142500,UR,XP,P07
83,145000,UR,XP,P07
83,147500,UR,XP,P07
83,150000,UR,XP,P07
83,152500,UR,XP,P07
83,155000,UR,XP,P07
83,157500,UR,XP,P07
83,160000,UR,XP,P07
83,162500,UR,XP,P07
83,165000,UR,XP,P07
83,167500,UR,XP,P07
83,170000,UR,XP,P07
83,172500,UR,XP,P07
83,175000,UR,XP,P07
83,195000,UR,XP,P07
83,197500,UR,XP,P07
83,210000,UR,XP,P07
83,217500,UR,XP,P07
83,220000,UR,XP,P07
83,222500,UR,XP,P07
83,232500,UR,XP,P07
83,235000,UR,XP,P07
83,257500,UR,XP,P07
83,260000,UR,XP,P07
83,262500,UR,XP,P07
83,267500,UR,XP,P07
83,277500,UR,XP,P07
83,280000,UR,XP,P07
83,282500,UR,XP,P07
83,285000,UR,XP,P07
83,287500,UR,XP,P07
83,290000,UR,XP,P07
83,292500,UR,XP,P07
83,295000,UR,XP,P07
83,297500,UR,XP,P07
83,300000,UR,XP,P07
83,302500,UR,XP,P07
83,310000,UR,XP,P07
83,312500,UR,XP,P07
83,315000,UR,XP,P07
83,317500,UR,XP,P07
83,320000,UR,XP,P07
83,330000,UR,XP,P07
83,337500,UR,XP,P07
83,340000,UR,XP,P07
83,342500,UR,XP,P07
83,345000,UR,XP,P07
83,347500,UR,XP,P07
83,352500,UR,XP,P07
83,360000,UR,XP,P07
83,362500,UR,XP,P07
83,365000,UR,XP,P07
83,367500,UR,XP,P07
83,370000,UR,XP,P07
83,372500,UR,XP,P07
83,375000,UR,XP,P07
83,377500,UR,XP,P07
83,380000,UR,XP,P07
83,382500,UR,XP,P07
83,387500,UR,XP,P07
83,390000,UR,XP,P07
83,395000,UR,XP,P07
83,397500,UR,XP,P07
83,400000,UR,XP,P07
83,402500,UR,XP,P07
83,405000,UR,XP,P07
83,407500,UR,XP,P07
83,410000,UR,XP,P07
83,412500,UR,XP,P07
83,415000,UR,XP,P07
83,417500,UR,XP,P07
83,420000,UR,XP,P07
83,422500,UR,XP,P07
83,425000,UR,XP,P07
83,427500,UR,XP,P07
83,430000,UR,XP,P07
83,432500,UR,XP,P07
83,435000,UR,XP,P07
83,437500,UR,XP,P07
83,445000,UR,XP,P07
83,447500,UR,XP,P07
83,450000,UR,XP,P07
83,452500,UR,XP,P07
83,455000,UR,XP,P07
83,460000,UR,XP,P07
83,462500,UR,XP,P07
83,465000,UR,XP,P07
83,467500,UR,XP,P07
84,22500,DL,FR,P08
84,25000,DL,FR,P08
84,27500,DL,FR,P08
84,30000,DL,FR,P08
84,32500,DL,FR,P08
84,35000,DL,FR,P08
84,37500,DL,FR,P08
84,40000,DL,FR,P08
84,42500,DL,FR,P08
84,45000,DL,FR,P08
84,47500,DL,FR,P08
84,50000,DL,FR,P08
84,52500,DL,FR,P08
84,55000,DL,FR,P08
84,57500,DL,FR,P08
84,60000,DL,FR,P08
84,62500,DL,FR,P08
84,65000,DL,FR,P08
84,67500,DL,FR,P08
84,70000,DL,FR,P08
84,72500,DL,FR,P08
84,80000,DL,FR,P08
84,82500,DL,FR,P08
84,85000,DL,FR,P08
84,90000,DL,FR,P08
84,95000,DL,FR,P08
84,97500,DL,FR,P08
84,100000,DL,FR,P08
84,102500,DL,FR,P08
84,105000,DL,FR,P08
84,107500,DL,FR,P08
84,110000,DL,FR,P08
84,112500,DL,FR,P08
84,115000,DL,FR,P08
84,122500,DL,FR,P08
84,125000,DL,FR,P08
84,162500,DL,FR,P08
84,165000,DL,FR,P08
84,167500,DL,FR,P08
84,172500,DL,FR,P08
84,175000,DL,FR,P08
84,177500,DL,FR,P08
84,180000,DL,FR,P08
84,182500,DL,FR,P08
84,185000,DL,FR,P08
84,187500,DL,FR,P08
84,190000,DL,FR,P08
84,192500,DL,FR,P08
84,195000,DL,FR,P08
84,197500,DL,FR,P08
84,200000,DL,FR,P08
84,202500,DL,FR,P08
84,205000,DL,FR,P08
84,207500,DL,FR,P08
84,210000,DL,FR,P08
84,220000,DL,FR,P08
84,222500,DL,FR,P08
84,225000,DL,FR,P08
84,227500,DL,FR,P08
84,230000,DL,FR,P08
84,232500,DL,FR,P08
84,235000,DL,FR,P08
84,237500,DL,FR,P08
84,240000,DL,FR,P08
84,242500,DL,FR,P08
84,245000,DL,FR,P08
84,250000,DL,FR,P08
84,252500,DL,FR,P08
84,255000,DL,FR,P08
84,257500,DL,FR,P08
84,260000,DL,FR,P08
84,262500,DL,FR,P08
84,265000,DL,FR,P08
84,267500,DL,FR,P08
84,270000,DL,FR,P08
84,272500,DL,FR,P08
84,275000,DL,FR,P08
84,277500,DL,FR,P08
84,280000,DL,FR,P08
84,282500,DL,FR,P08
84,285000,DL,FR,P08
84,287500,DL,FR,P08
84,290000,DL,FR,P08
84,292500,DL,FR,P08
84,295000,DL,FR,P08
84,297500,DL,FR,P08
84,300000,DL,FR,P08
84,302500,DL,FR,P08
84,305000,DL,FR,P08
84,307500,DL,FR,P08
84,310000,DL,FR,P08
84,312500,DL,FR,P08
84,315000,DL,FR,P08
84,317500,DL,FR,P08
84,320000,DL,FR,P08
84,322500,DL,FR,P08
84,325000,DL,FR,P08
84,327500,DL,FR,P08
84,332500,DL,FR,P08
84,335000,DL,FR,P08
84,337500,DL,FR,P08
84,340000,DL,FR,P08
84,342500,DL,FR,P08
84,347500,DL,FR,P08
84,350000,DL,FR,P08
84,352500,DL,FR,P08
84,355000,DL,FR,P08
84,357500,DL,FR,P08
84,360000,DL,FR,P08
84,362500,DL,FR,P08
84,365000,DL,FR,P08
84,367500,DL,FR,P08
84,370000,DL,FR,P08
84,372500,DL,FR,P08
84,375000,DL,FR,P08
84,377500,DL,FR,P08
84,380000,DL,FR,P08
84,382500,DL,FR,P08
84,385000,DL,FR,P08
84,387500,DL,FR,P08
84,390000,DL,FR,P08
84,392500,DL,FR,P08
84,395000,DL,FR,P08
84,397500,DL,FR,P08
84,400000,DL,FR,P08
84,402500,DL,FR,P08
84,405000,DL,FR,P08
84,407500,DL,FR,P08
84,410000,DL,FR,P08
84,412500,DL,FR,P08
84,415000,DL,FR,P08
84,427500,DL,FR,P08
84,430000,DL,FR,P08
84,437500,DL,FR,P08
84,440000,DL,FR,P08
84,442500,DL,FR,P08
84,445000,DL,FR,P08
84,447500,DL,FR,P08
84,450000,DL,FR,P08
84,452500,DL,FR,P08
84,455000,DL,FR,P08
84,457500,DL,FR,P08
84,460000,DL,FR,P08
84,462500,DL,FR,P08
84,465000,DL,FR,P08
84,470000,DL,FR,P08
84,472500,DL,FR,P08
84,475000,DL,FR,P08
84,477500,DL,FR,P08
84,480000,DL,FR,P08
84,482500,DL,FR,P08
84,485000,DL,FR,P08
84,487500,DL,FR,P08
84,490000,DL,FR,P08
84,492500,DL,FR,P08
84,495000,DL,FR,P08
84,497500,DL,FR,P08
84,500000,DL,FR,P08
84,502500,DL,FR,P08
84,505000,DL,FR,P08
84,507500,DL,FR,P08
84,510000,DL,FR,P08
84,512500,DL,FR,P08
84,515000,DL,FR,P08
84,517500,DL,FR,P08
84,520000,DL,FR,P08
84,522500,DL,FR,P08
84,525000,DL,FR,P08
84,530000,DL,FR,P08
84,532500,DL,FR,P08
84,535000,DL,FR,P08
84,537500,DL,FR,P08
84,540000,DL,FR,P08
84,542500,DL,FR,P08
84,545000,DL,FR,P08
84,547500,DL,FR,P08
84,550000,DL,FR,P08
84,552500,DL,FR,P08
84,555000,DL,FR,P08
84,560000,DL,FR,P08
84,565000,DL,FR,P08
84,567500,DL,FR,P08
84,570000,DL,FR,P08
84,572500,DL,FR,P08
84,577500,DL,FR,P08
84,580000,DL,FR,P08
84,582500,DL,FR,P08
84,585000,DL,FR,P08
84,587500,DL,FR,P08
84,600000,DL,FR,P08
84,612500,DL,FR,P08
84,615000,DL,FR,P08
84,617500,DL,FR,P08
84,620000,DL,FR,P08
84,622500,DL,FR,P08
84,625000,DL,FR,P08
84,627500,DL,FR,P08
84,630000,DL,FR,P08
84,632500,DL,FR,P08
84,635000,DL,FR,P08
84,637500,DL,FR,P08
84,640000,DL,FR,P08
84,642500,DL,FR,P08
84,645000,DL,FR,P08
84,647500,DL,FR,P08
84,650000,DL,FR,P08
84,652500,DL,FR,P08
84,655000,DL,FR,P08
84,657500,DL,FR,P08
84,660000,DL,FR,P08
84,662500,DL,FR,P08
84,665000,DL,FR,P08
84,667500,DL,FR,P08
84,670000,DL,FR,P08
84,672500,DL,FR,P08
84,675000,DL,FR,P08
84,677500,DL,FR,P08
84,680000,DL,FR,P08
84,682500,DL,FR,P08
84,685000,DL,FR,P08
84,687500,DL,FR,P08
84,690000,DL,FR,P08
84,692500,DL,FR,P08
84,695000,DL,FR,P08
84,697500,DL,FR,P08
84,700000,DL,FR,P08
84,702500,DL,FR,P08
84,705000,DL,FR,P08
84,707500,DL,FR,P08
84,710000,DL,FR,P08
84,712500,DL,FR,P08
84,715000,DL,FR,P08
84,717500,DL,FR,P08
84,720000,DL,FR,P08
84,722500,DL,FR,P08
84,725000,DL,FR,P08
84,727500,DL,FR,P08
84,750000,DL,FR,P08
84,752500,DL,FR,P08
84,755000,DL,FR,P08
84,757500,DL,FR,P08
84,760000,DL,FR,P08
84,762500,DL,FR,P08
84,765000,DL,FR,P08
84,767500,DL,FR,P08
84,770000,DL,FR,P08
84,772500,DL,FR,P08
84,775000,DL,FR,P08
84,777500,DL,FR,P08
84,780000,DL,FR,P08
84,782500,DL,FR,P08
84,785000,DL,FR,P08
84,787500,DL,FR,P08
84,790000,DL,FR,P08
84,792500,DL,FR,P08
84,795000,DL,FR,P08
84,797500,DL,FR,P08
84,800000,DL,FR,P08
84,805000,DL,FR,P08
84,807500,DL,FR,P08
84,810000,DL,FR,P08
84,812500,DL,FR,P08
84,815000,DL,FR,P08
84,817500,DL,FR,P08
84,820000,DL,FR,P08
84,822500,DL,FR,P08
84,825000,DL,FR,P08
84,827500,DL,FR,P08
84,830000,DL,FR,P08
84,832500,DL,FR,P08
84,835000,DL,FR,P08
84,837500,DL,FR,P08
84,840000,DL,FR,P08
84,842500,DL,FR,P08
84,845000,DL,FR,P08
84,850000,DL,FR,P08
84,852500,DL,FR,P08
84,867500,DL,FR,P08
84,870000,DL,FR,P08
84,872500,DL,FR,P08
84,875000,DL,FR,P08
84,877500,DL,FR,P08
84,880000,DL,FR,P08
84,882500,DL,FR,P08
84,885000,DL,FR,P08
84,887500,DL,FR,P08
84,890000,DL,FR,P08
84,892500,DL,FR,P08
84,895000,DL,FR,P08
84,897500,DL,FR,P08
84,900000,DL,FR,P08
84,902500,DL,FR,P08
84,905000,DL,FR,P08
84,907500,DL,FR,P08
84,910000,DL,FR,P08
84,912500,DL,FR,P08
84,915000,DL,FR,P08
84,917500,DL,FR,P08
84,920000,DL,FR,P08
84,922500,DL,FR,P08
84,925000,DL,FR,P08
84,927500,DL,FR,P08
84,930000,DL,FR,P08
84,932500,DL,FR,P08
84,935000,DL,FR,P08
84,937500,DL,FR,P08
84,940000,DL,FR,P08
84,942500,DL,FR,P08
84,945000,DL,FR,P08
84,947500,DL,FR,P08
84,950000,DL,FR,P08
84,952500,DL,FR,P08
84,955000,DL,FR,P08
84,957500,DL,FR,P08
84,960000,DL,FR,P08
84,962500,DL,FR,P08
84,965000,DL,FR,P08
84,967500,DL,FR,P08
84,970000,DL,FR,P08
84,972500,DL,FR,P08
84,975000,DL,FR,P08
84,977500,DL,FR,P08
84,980000,DL,FR,P08
84,982500,DL,FR,P08
84,985000,DL,FR,P08
84,987500,DL,FR,P08
84,990000,DL,FR,P08
84,992500,DL,FR,P08
84,995000,DL,FR,P08
84,997500,DL,FR,P08
84,1000000,DL,FR,P08
84,1002500,DL,FR,P08
84,1005000,DL,FR,P08
84,1007500,DL,FR,P08
84,1010000,DL,FR,P08
84,1012500,DL,FR,P08
84,1015000,DL,FR,P08
84,1017500,DL,FR,P08
84,1020000,DL,FR,P08
84,1022500,DL,FR,P08
84,1025000,DL,FR,P08
84,1027500,DL,FR,P08
84,1030000,DL,FR,P08
84,1032500,DL,FR,P08
84,1035000,DL,FR,P08
84,1037500,DL,FR,P08
84,1040000,DL,FR,P08
84,1042500,DL,FR,P08
84,1045000,DL,FR,P08
84,1047500,DL,FR,P08
84,1050000,DL,FR,P08
84,1052500,DL,FR,P08
84,1055000,DL,FR,P08
84,1057500,DL,FR,P08
84,1065000,DL,FR,P08
84,1067500,DL,FR,P08
84,1070000,DL,FR,P08
84,1072500,DL,FR,P08
84,1075000,DL,FR,P08
84,1077500,DL,FR,P08
84,1080000,DL,FR,P08
84,1082500,DL,FR,P08
84,1085000,DL,FR,P08
84,1087500,DL,FR,P08
84,1090000,DL,FR,P08
84,1092500,DL,FR,P08
84,1095000,DL,FR,P08
84,1125000,DL,FR,P08
84,1165000,DL,FR,P08
84,1175000,DL,FR,P08
84,1177500,DL,FR,P08
84,1180000,DL,FR,P08
84,1182500,DL,FR,P08
84,1185000,DL,FR,P08
84,1187500,DL,FR,P08
84,1190000,DL,FR,P08
84,1192500,DL,FR,P08
84,1195000,DL,FR,P08
84,1197500,DL,FR,P08
84,1200000,DL,FR,P08
84,1202500,DL,FR,P08
84,1205000,DL,FR,P08
84,1207500,DL,FR,P08
84,1215000,DL,FR,P08
84,1217500,DL,FR,P08
84,1220000,DL,FR,P08
84,1222500,DL,FR,P08
84,1225000,DL,FR,P08
84,1227500,DL,FR,P08
84,1230000,DL,FR,P08
84,1232500,DL,FR,P08
84,1235000,DL,FR,P08
84,1237500,DL,FR,P08
84,1240000,DL,FR,P08
84,1242500,DL,FR,P08
84,1245000,DL,FR,P08
84,1257500,DL,FR,P08
84,1265000,DL,FR,P08
84,1267500,DL,FR,P08
84,1270000,DL,FR,P08
84,1272500,DL,FR,P08
84,1275000,DL,FR,P08
84,1277500,DL,FR,P08
84,1280000,DL,FR,P08
84,1282500,DL,FR,P08
84,1285000,DL,FR,P08
84,1287500,DL,FR,P08
84,1290000,DL,FR,P08
84,1292500,DL,FR,P08
84,1295000,DL,FR,P08
84,1297500,DL,FR,P08
84,1300000,DL,FR,P08
84,1302500,DL,FR,P08
84,1305000,DL,FR,P08
84,1307500,DL,FR,P08
84,1310000,DL,FR,P08
84,1312500,DL,FR,P08
84,1315000,DL,FR,P08
84,1317500,DL,FR,P08
84,1320000,DL,FR,P08
84,1322500,DL,FR,P08
84,1325000,DL,FR,P08
84,1327500,DL,FR,P08
84,1330000,DL,FR,P08
84,1332500,DL,FR,P08
84,1335000,DL,FR,P08
84,1337500,DL,FR,P08
84,1340000,DL,FR,P08
84,1342500,DL,FR,P08
84,1345000,DL,FR,P08
84,1347500,DL,FR,P08
84,1350000,DL,FR,P08
84,1352500,DL,FR,P08
84,1355000,DL,FR,P08
84,1357500,DL,FR,P08
84,1360000,DL,FR,P08
84,1362500,DL,FR,P08
84,1365000,DL,FR,P08
84,1367500,DL,FR,P08
84,1370000,DL,FR,P08
84,1372500,DL,FR,P08
84,1375000,DL,FR,P08
84,1377500,DL,FR,P08
84,1380000,DL,FR,P08
84,1382500,DL,FR,P08
84,1402500,DL,FR,P08
84,1405000,DL,FR,P08
84,1407500,DL,FR,P08
84,1410000,DL,FR,P08
84,1412500,DL,FR,P08
84,1415000,DL,FR,P08
84,1417500,DL,FR,P08
84,1420000,DL,FR,P08
84,1422500,DL,FR,P08
84,1425000,DL,FR,P08
84,1427500,DL,FR,P08
84,1430000,DL,FR,P08
84,1432500,DL,FR,P08
84,1435000,DL,FR,P08
84,1437500,DL,FR,P08
84,1440000,DL,FR,P08
84,1442500,DL,FR,P08
84,1447500,DL,FR,P08
85,0,DL,LU,P08
85,2500,DL,LU,P08
85,5000,DL,LU,P08
85,7500,DL,LU,P08
85,10000,DL,LU,P08
85,12500,DL,LU,P08
85,15000,DL,LU,P08
85,22500,DL,LU,P08
85,25000,DL,LU,P08
85,30000,DL,LU,P08
85,32500,DL,LU,P08
85,35000,DL,LU,P08
85,37500,DL,LU,P08
85,40000,DL,LU,P08
85,47500,DL,LU,P08
85,50000,DL,LU,P08
85,52500,DL,LU,P08
85,57500,DL,LU,P08
85,60000,DL,LU,P08
85,62500,DL,LU,P08
85,65000,DL,LU,P08
85,67500,DL,LU,P08
85,70000,DL,LU,P08
85,72500,DL,LU,P08
85,75000,DL,LU,P08
85,77500,DL,LU,P08
85,80000,DL,LU,P08
85,82500,DL,LU,P08
85,85000,DL,LU,P08
85,87500,DL,LU,P08
85,90000,DL,LU,P08
85,92500,DL,LU,P08
85,95000,DL,LU,P08
85,97500,DL,LU,P08
85,100000,DL,LU,P08
85,102500,DL,LU,P08
85,105000,DL,LU,P08
85,107500,DL,LU,P08
85,110000,DL,LU,P08
85,112500,DL,LU,P08
85,115000,DL,LU,P08
85,117500,DL,LU,P08
85,120000,DL,LU,P08
85,122500,DL,LU,P08
85,125000,DL,LU,P08
85,127500,DL,LU,P08
85,130000,DL,LU,P08
85,132500,DL,LU,P08
85,135000,DL,LU,P08
85,137500,DL,LU,P08
85,140000,DL,LU,P08
85,142500,DL,LU,P08
85,145000,DL,LU,P08
85,147500,DL,LU,P08
85,150000,DL,LU,P08
85,152500,DL,LU,P08
85,155000,DL,LU,P08
85,157500,DL,LU,P08
85,160000,DL,LU,P08
85,162500,DL,LU,P08
85,165000,DL,LU,P08
85,167500,DL,LU,P08
85,170000,DL,LU,P08
85,172500,DL,LU,P08
85,175000,DL,LU,P08
85,177500,DL,LU,P08
85,180000,DL,LU,P08
85,182500,DL,LU,P08
85,185000,DL,LU,P08
85,187500,DL,LU,P08
85,190000,DL,LU,P08
85,192500,DL,LU,P08
85,195000,DL,LU,P08
85,197500,DL,LU,P08
85,200000,DL,LU,P08
85,202500,DL,LU,P08
85,205000,DL,LU,P08
85,207500,DL,LU,P08
85,210000,DL,LU,P08
85,212500,DL,LU,P08
85,215000,DL,LU,P08
85,217500,DL,LU,P08
85,220000,DL,LU,P08
85,222500,DL,LU,P08
85,225000,DL,LU,P08
85,227500,DL,LU,P08
85,230000,DL,LU,P08
85,232500,DL,LU,P08
85,235000,DL,LU,P08
85,237500,DL,LU,P08
85,240000,DL,LU,P08
85,242500,DL,LU,P08
85,245000,DL,LU,P08
85,247500,DL,LU,P08
85,250000,DL,LU,P08
85,252500,DL,LU,P08
85,255000,DL,LU,P08
85,257500,DL,LU,P08
85,260000,DL,LU,P08
85,262500,DL,LU,P08
85,265000,DL,LU,P08
85,267500,DL,LU,P08
85,270000,DL,LU,P08
85,272500,DL,LU,P08
85,275000,DL,LU,P08
85,277500,DL,LU,P08
85,280000,DL,LU,P08
85,282500,DL,LU,P08
85,285000,DL,LU,P08
85,287500,DL,LU,P08
85,290000,DL,LU,P08
85,292500,DL,LU,P08
85,295000,DL,LU,P08
85,297500,DL,LU,P08
85,300000,DL,LU,P08
85,302500,DL,LU,P08
85,305000,DL,LU,P08
85,307500,DL,LU,P08
85,310000,DL,LU,P08
85,312500,DL,LU,P08
85,315000,DL,LU,P08
85,317500,DL,LU,P08
85,320000,DL,LU,P08
85,322500,DL,LU,P08
85,325000,DL,LU,P08
85,327500,DL,LU,P08
85,330000,DL,LU,P08
85,332500,DL,LU,P08
85,335000,DL,LU,P08
85,337500,DL,LU,P08
85,340000,DL,LU,P08
85,342500,DL,LU,P08
85,345000,DL,LU,P08
85,347500,DL,LU,P08
85,352500,DL,LU,P08
85,355000,DL,LU,P08
85,357500,DL,LU,P08
85,362500,DL,LU,P08
85,365000,DL,LU,P08
85,367500,DL,LU,P08
85,370000,DL,LU,P08
85,372500,DL,LU,P08
85,375000,DL,LU,P08
85,377500,DL,LU,P08
85,380000,DL,LU,P08
85,382500,DL,LU,P08
85,385000,DL,LU,P08
85,387500,DL,LU,P08
85,390000,DL,LU,P08
85,392500,DL,LU,P08
85,395000,DL,LU,P08
85,397500,DL,LU,P08
85,400000,DL,LU,P08
85,402500,DL,LU,P08
85,405000,DL,LU,P08
85,407500,DL,LU,P08
85,410000,DL,LU,P08
85,412500,DL,LU,P08
85,415000,DL,LU,P08
85,417500,DL,LU,P08
85,420000,DL,LU,P08
85,422500,DL,LU,P08
85,425000,DL,LU,P08
85,427500,DL,LU,P08
85,430000,DL,LU,P08
85,432500,DL,LU,P08
85,435000,DL,LU,P08
85,437500,DL,LU,P08
85,440000,DL,LU,P08
85,442500,DL,LU,P08
85,445000,DL,LU,P08
85,447500,DL,LU,P08
85,450000,DL,LU,P08
85,452500,DL,LU,P08
85,455000,DL,LU,P08
85,457500,DL,LU,P08
85,460000,DL,LU,P08
85,462500,DL,LU,P08
85,465000,DL,LU,P08
85,467500,DL,LU,P08
85,470000,DL,LU,P08
85,472500,DL,LU,P08
85,475000,DL,LU,P08
85,477500,DL,LU,P08
85,480000,DL,LU,P08
85,482500,DL,LU,P08
85,485000,DL,LU,P08
85,487500,DL,LU,P08
85,490000,DL,LU,P08
85,492500,DL,LU,P08
85,495000,DL,LU,P08
85,497500,DL,LU,P08
85,500000,DL,LU,P08
85,502500,DL,LU,P08
85,505000,DL,LU,P08
85,507500,DL,LU,P08
85,510000,DL,LU,P08
85,512500,DL,LU,P08
85,515000,DL,LU,P08
85,517500,DL,LU,P08
85,520000,DL,LU,P08
85,522500,DL,LU,P08
85,525000,DL,LU,P08
85,527500,DL,LU,P08
85,542500,DL,LU,P08
85,550000,DL,LU,P08
85,552500,DL,LU,P08
85,555000,DL,LU,P08
85,557500,DL,LU,P08
85,560000,DL,LU,P08
85,562500,DL,LU,P08
85,565000,DL,LU,P08
85,567500,DL,LU,P08
85,570000,DL,LU,P08
85,572500,DL,LU,P08
85,575000,DL,LU,P08
85,577500,DL,LU,P08
85,580000,DL,LU,P08
85,582500,DL,LU,P08
85,585000,DL,LU,P08
85,587500,DL,LU,P08
85,590000,DL,LU,P08
85,592500,DL,LU,P08
85,595000,DL,LU,P08
85,597500,DL,LU,P08
85,600000,DL,LU,P08
85,602500,DL,LU,P08
85,605000,DL,LU,P08
85,607500,DL,LU,P08
85,610000,DL,LU,P08
85,612500,DL,LU,P08
85,615000,DL,LU,P08
85,617500,DL,LU,P08
85,620000,DL,LU,P08
85,622500,DL,LU,P08
85,625000,DL,LU,P08
85,630000,DL,LU,P08
85,632500,DL,LU,P08
85,635000,DL,LU,P08
85,637500,DL,LU,P08
85,640000,DL,LU,P08
85,642500,DL,LU,P08
85,645000,DL,LU,P08
85,647500,DL,LU,P08
85,650000,DL,LU,P08
85,652500,DL,LU,P08
85,655000,DL,LU,P08
85,657500,DL,LU,P08
85,660000,DL,LU,P08
85,662500,DL,LU,P08
85,665000,DL,LU,P08
85,667500,DL,LU,P08
85,670000,DL,LU,P08
85,672500,DL,LU,P08
85,675000,DL,LU,P08
85,677500,DL,LU,P08
85,680000,DL,LU,P08
85,710000,DL,LU,P08
85,715000,DL,LU,P08
85,717500,DL,LU,P08
85,720000,DL,LU,P08
85,722500,DL,LU,P08
85,725000,DL,LU,P08
85,727500,DL,LU,P08
85,730000,DL,LU,P08
85,732500,DL,LU,P08
85,735000,DL,LU,P08
85,737500,DL,LU,P08
85,740000,DL,LU,P08
85,742500,DL,LU,P08
85,745000,DL,LU,P08
85,747500,DL,LU,P08
85,750000,DL,LU,P08
85,752500,DL,LU,P08
85,755000,DL,LU,P08
85,757500,DL,LU,P08
85,760000,DL,LU,P08
85,762500,DL,LU,P08
85,765000,DL,LU,P08
85,767500,DL,LU,P08
85,770000,DL,LU,P08
85,772500,DL,LU,P08
85,775000,DL,LU,P08
85,777500,DL,LU,P08
85,780000,DL,LU,P08
85,782500,DL,LU,P08
85,785000,DL,LU,P08
85,787500,DL,LU,P08
85,790000,DL,LU,P08
85,792500,DL,LU,P08
85,795000,DL,LU,P08
85,797500,DL,LU,P08
85,800000,DL,LU,P08
85,802500,DL,LU,P08
85,805000,DL,LU,P08
85,807500,DL,LU,P08
85,810000,DL,LU,P08
85,812500,DL,LU,P08
85,815000,DL,LU,P08
85,817500,DL,LU,P08
85,820000,DL,LU,P08
85,822500,DL,LU,P08
85,825000,DL,LU,P08
85,827500,DL,LU,P08
85,830000,DL,LU,P08
85,832500,DL,LU,P08
85,835000,DL,LU,P08
85,837500,DL,LU,P08
85,840000,DL,LU,P08
85,842500,DL,LU,P08
85,845000,DL,LU,P08
85,847500,DL,LU,P08
85,850000,DL,LU,P08
85,852500,DL,LU,P08
85,855000,DL,LU,P08
85,867500,DL,LU,P08
85,870000,DL,LU,P08
85,872500,DL,LU,P08
85,875000,DL,LU,P08
85,877500,DL,LU,P08
85,880000,DL,LU,P08
85,882500,DL,LU,P08
85,885000,DL,LU,P08
85,887500,DL,LU,P08
85,890000,DL,LU,P08
85,892500,DL,LU,P08
85,895000,DL,LU,P08
85,897500,DL,LU,P08
85,900000,DL,LU,P08
85,902500,DL,LU,P08
85,905000,DL,LU,P08
85,930000,DL,LU,P08
85,945000,DL,LU,P08
85,947500,DL,LU,P08
85,950000,DL,LU,P08
85,952500,DL,LU,P08
85,955000,DL,LU,P08
85,957500,DL,LU,P08
85,960000,DL,LU,P08
85,962500,DL,LU,P08
85,965000,DL,LU,P08
85,967500,DL,LU,P08
85,970000,DL,LU,P08
85,972500,DL,LU,P08
85,975000,DL,LU,P08
85,977500,DL,LU,P08
85,980000,DL,LU,P08
85,982500,DL,LU,P08
85,985000,DL,LU,P08
85,987500,DL,LU,P08
85,990000,DL,LU,P08
85,992500,DL,LU,P08
85,995000,DL,LU,P08
85,997500,DL,LU,P08
85,1000000,DL,LU,P08
85,1002500,DL,LU,P08
85,1005000,DL,LU,P08
85,1007500,DL,LU,P08
85,1010000,DL,LU,P08
85,1012500,DL,LU,P08
85,1015000,DL,LU,P08
85,1017500,DL,LU,P08
85,1030000,DL,LU,P08
85,1037500,DL,LU,P08
85,1040000,DL,LU,P08
85,1042500,DL,LU,P08
85,1045000,DL,LU,P08
85,1047500,DL,LU,P08
85,1050000,DL,LU,P08
85,1052500,DL,LU,P08
85,1057500,DL,LU,P08
85,1060000,DL,LU,P08
85,1062500,DL,LU,P08
85,1065000,DL,LU,P08
85,1067500,DL,LU,P08
85,1070000,DL,LU,P08
85,1072500,DL,LU,P08
85,1075000,DL,LU,P08
85,1077500,DL,LU,P08
85,1080000,DL,LU,P08
85,1082500,DL,LU,P08
85,1085000,DL,LU,P08
85,1087500,DL,LU,P08
85,1090000,DL,LU,P08
85,1092500,DL,LU,P08
85,1095000,DL,LU,P08
85,1097500,DL,LU,P08
85,1100000,DL,LU,P08
85,1107500,DL,LU,P08
85,1110000,DL,LU,P08
85,1112500,DL,LU,P08
85,1117500,DL,LU,P08
85,1120000,DL,LU,P08
85,1122500,DL,LU,P08
85,1125000,DL,LU,P08
85,1127500,DL,LU,P08
85,1130000,DL,LU,P08
85,1132500,DL,LU,P08
85,1135000,DL,LU,P08
85,1137500,DL,LU,P08
85,1140000,DL,LU,P08
85,1142500,DL,LU,P08
85,1145000,DL,LU,P08
85,1147500,DL,LU,P08
85,1150000,DL,LU,P08
85,1157500,DL,LU,P08
85,1160000,DL,LU,P08
85,1162500,DL,LU,P08
85,1165000,DL,LU,P08
85,1167500,DL,LU,P08
85,1170000,DL,LU,P08
85,1172500,DL,LU,P08
85,1175000,DL,LU,P08
85,1177500,DL,LU,P08
85,1180000,DL,LU,P08
85,1182500,DL,LU,P08
85,1185000,DL,LU,P08
85,1187500,DL,LU,P08
85,1197500,DL,LU,P08
85,1200000,DL,LU,P08
85,1202500,DL,LU,P08
85,1205000,DL,LU,P08
85,1207500,DL,LU,P08
85,1210000,DL,LU,P08
85,1212500,DL,LU,P08
85,1215000,DL,LU,P08
85,1217500,DL,LU,P08
85,1220000,DL,LU,P08
85,1222500,DL,LU,P08
85,1225000,DL,LU,P08
85,1227500,DL,LU,P08
85,1230000,DL,LU,P08
85,1232500,DL,LU,P08
85,1235000,DL,LU,P08
85,1237500,DL,LU,P08
85,1240000,DL,LU,P08
85,1242500,DL,LU,P08
85,1245000,DL,LU,P08
85,1262500,DL,LU,P08
85,1265000,DL,LU,P08
85,1267500,DL,LU,P08
85,1270000,DL,LU,P08
85,1272500,DL,LU,P08
85,1275000,DL,LU,P08
85,1277500,DL,LU,P08
85,1280000,DL,LU,P08
85,1282500,DL,LU,P08
85,1285000,DL,LU,P08
85,1287500,DL,LU,P08
85,1290000,DL,LU,P08
85,1292500,DL,LU,P08
85,1295000,DL,LU,P08
85,1297500,DL,LU,P08
85,1300000,DL,LU,P08
85,1302500,DL,LU,P08
85,1305000,DL,LU,P08
85,1307500,DL,LU,P08
85,1310000,DL,LU,P08
85,1312500,DL,LU,P08
85,1315000,DL,LU,P08
85,1317500,DL,LU,P08
85,1320000,DL,LU,P08
85,1322500,DL,LU,P08
85,1327500,DL,LU,P08
85,1330000,DL,LU,P08
85,1332500,DL,LU,P08
85,1335000,DL,LU,P08
85,1337500,DL,LU,P08
85,1340000,DL,LU,P08
85,1342500,DL,LU,P08
85,1345000,DL,LU,P08
85,1347500,DL,LU,P08
85,1350000,DL,LU,P08
85,1352500,DL,LU,P08
85,1355000,DL,LU,P08
85,1357500,DL,LU,P08
85,1360000,DL,LU,P08
85,1362500,DL,LU,P08
85,1365000,DL,LU,P08
85,1367500,DL,LU,P08
85,1402500,DL,LU,P08
85,1405000,DL,LU,P08
85,1407500,DL,LU,P08
85,1410000,DL,LU,P08
85,1412500,DL,LU,P08
85,1415000,DL,LU,P08
85,1417500,DL,LU,P08
85,1420000,DL,LU,P08
85,1422500,DL,LU,P08
85,1425000,DL,LU,P08
85,1427500,DL,LU,P08
85,1430000,DL,LU,P08
85,1432500,DL,LU,P08
85,1435000,DL,LU,P08
85,1457500,DL,LU,P08
85,1460000,DL,LU,P08
85,1462500,DL,LU,P08
85,1465000,DL,LU,P08
85,1467500,DL,LU,P08
85,1470000,DL,LU,P08
85,1472500,DL,LU,P08
85,1475000,DL,LU,P08
86,0,DL,XP,P08
86,2500,DL,XP,P08
86,5000,DL,XP,P08
86,7500,DL,XP,P08
86,10000,DL,XP,P08
86,12500,DL,XP,P08
86,15000,DL,XP,P08
86,17500,DL,XP,P08
86,20000,DL,XP,P08
86,22500,DL,XP,P08
86,25000,DL,XP,P08
86,27500,DL,XP,P08
86,30000,DL,XP,P08
86,32500,DL,XP,P08
86,35000,DL,XP,P08
86,37500,DL,XP,P08
86,40000,DL,XP,P08
86,42500,DL,XP,P08
86,45000,DL,XP,P08
86,47500,DL,XP,P08
86,50000,DL,XP,P08
86,52500,DL,XP,P08
86,55000,DL,XP,P08
86,57500,DL,XP,P08
86,60000,DL,XP,P08
86,62500,DL,XP,P08
86,65000,DL,XP,P08
86,67500,DL,XP,P08
86,70000,DL,XP,P08
86,72500,DL,XP,P08
86,75000,DL,XP,P08
86,77500,DL,XP,P08
86,80000,DL,XP,P08
86,82500,DL,XP,P08
86,85000,DL,XP,P08
86,87500,DL,XP,P08
86,90000,DL,XP,P08
86,92500,DL,XP,P08
86,95000,DL,XP,P08
86,97500,DL,XP,P08
86,100000,DL,XP,P08
86,102500,DL,XP,P08
86,105000,DL,XP,P08
86,107500,DL,XP,P08
86,110000,DL,XP,P08
86,112500,DL,XP,P08
86,115000,DL,XP,P08
86,117500,DL,XP,P08
86,120000,DL,XP,P08
86,122500,DL,XP,P08
86,125000,DL,XP,P08
86,127500,DL,XP,P08
86,130000,DL,XP,P08
86,132500,DL,XP,P08
86,135000,DL,XP,P08
86,137500,DL,XP,P08
86,140000,DL,XP,P08
86,142500,DL,XP,P08
86,145000,DL,XP,P08
86,147500,DL,XP,P08
86,150000,DL,XP,P08
86,152500,DL,XP,P08
86,155000,DL,XP,P08
86,157500,DL,XP,P08
86,160000,DL,XP,P08
86,162500,DL,XP,P08
86,165000,DL,XP,P08
86,167500,DL,XP,P08
86,170000,DL,XP,P08
86,172500,DL,XP,P08
86,175000,DL,XP,P08
86,177500,DL,XP,P08
86,180000,DL,XP,P08
86,182500,DL,XP,P08
86,185000,DL,XP,P08
86,190000,DL,XP,P08
86,192500,DL,XP,P08
86,195000,DL,XP,P08
86,197500,DL,XP,P08
86,200000,DL,XP,P08
86,210000,DL,XP,P08
86,212500,DL,XP,P08
86,215000,DL,XP,P08
86,217500,DL,XP,P08
86,220000,DL,XP,P08
86,222500,DL,XP,P08
86,225000,DL,XP,P08
86,227500,DL,XP,P08
86,230000,DL,XP,P08
86,232500,DL,XP,P08
86,235000,DL,XP,P08
86,237500,DL,XP,P08
86,240000,DL,XP,P08
86,242500,DL,XP,P08
86,245000,DL,XP,P08
86,247500,DL,XP,P08
86,250000,DL,XP,P08
86,252500,DL,XP,P08
86,255000,DL,XP,P08
86,257500,DL,XP,P08
86,260000,DL,XP,P08
86,262500,DL,XP,P08
86,265000,DL,XP,P08
86,267500,DL,XP,P08
86,270000,DL,XP,P08
86,272500,DL,XP,P08
86,275000,DL,XP,P08
86,277500,DL,XP,P08
86,280000,DL,XP,P08
86,282500,DL,XP,P08
86,285000,DL,XP,P08
86,287500,DL,XP,P08
86,290000,DL,XP,P08
86,292500,DL,XP,P08
86,295000,DL,XP,P08
86,297500,DL,XP,P08
86,300000,DL,XP,P08
86,302500,DL,XP,P08
86,305000,DL,XP,P08
86,307500,DL,XP,P08
86,310000,DL,XP,P08
86,312500,DL,XP,P08
86,315000,DL,XP,P08
86,317500,DL,XP,P08
86,320000,DL,XP,P08
86,322500,DL,XP,P08
86,325000,DL,XP,P08
86,327500,DL,XP,P08
86,330000,DL,XP,P08
86,332500,DL,XP,P08
86,335000,DL,XP,P08
86,337500,DL,XP,P08
86,340000,DL,XP,P08
86,342500,DL,XP,P08
86,345000,DL,XP,P08
86,347500,DL,XP,P08
86,350000,DL,XP,P08
86,352500,DL,XP,P08
86,355000,DL,XP,P08
86,357500,DL,XP,P08
86,360000,DL,XP,P08
86,362500,DL,XP,P08
86,365000,DL,XP,P08
86,367500,DL,XP,P08
86,370000,DL,XP,P08
86,372500,DL,XP,P08
86,375000,DL,XP,P08
86,377500,DL,XP,P08
86,380000,DL,XP,P08
86,387500,DL,XP,P08
86,390000,DL,XP,P08
86,392500,DL,XP,P08
86,395000,DL,XP,P08
86,397500,DL,XP,P08
86,400000,DL,XP,P08
86,402500,DL,XP,P08
86,405000,DL,XP,P08
86,407500,DL,XP,P08
86,410000,DL,XP,P08
86,412500,DL,XP,P08
86,415000,DL,XP,P08
86,417500,DL,XP,P08
86,420000,DL,XP,P08
86,422500,DL,XP,P08
86,425000,DL,XP,P08
86,427500,DL,XP,P08
86,430000,DL,XP,P08
86,432500,DL,XP,P08
86,435000,DL,XP,P08
86,437500,DL,XP,P08
86,440000,DL,XP,P08
86,442500,DL,XP,P08
86,445000,DL,XP,P08
86,447500,DL,XP,P08
86,450000,DL,XP,P08
86,452500,DL,XP,P08
86,455000,DL,XP,P08
86,457500,DL,XP,P08
86,460000,DL,XP,P08
86,462500,DL,XP,P08
86,465000,DL,XP,P08
86,467500,DL,XP,P08
86,470000,DL,XP,P08
86,472500,DL,XP,P08
86,475000,DL,XP,P08
86,477500,DL,XP,P08
86,480000,DL,XP,P08
86,482500,DL,XP,P08
86,485000,DL,XP,P08
86,487500,DL,XP,P08
86,490000,DL,XP,P08
86,492500,DL,XP,P08
86,495000,DL,XP,P08
86,497500,DL,XP,P08
86,500000,DL,XP,P08
86,502500,DL,XP,P08
86,505000,DL,XP,P08
86,507500,DL,XP,P08
86,510000,DL,XP,P08
86,512500,DL,XP,P08
86,515000,DL,XP,P08
86,517500,DL,XP,P08
86,520000,DL,XP,P08
86,522500,DL,XP,P08
86,525000,DL,XP,P08
86,527500,DL,XP,P08
86,530000,DL,XP,P08
86,532500,DL,XP,P08
86,535000,DL,XP,P08
86,537500,DL,XP,P08
86,540000,DL,XP,P08
86,542500,DL,XP,P08
86,545000,DL,XP,P08
86,547500,DL,XP,P08
86,550000,DL,XP,P08
86,560000,DL,XP,P08
86,562500,DL,XP,P08
86,565000,DL,XP,P08
86,567500,DL,XP,P08
86,570000,DL,XP,P08
86,572500,DL,XP,P08
86,575000,DL,XP,P08
86,577500,DL,XP,P08
86,580000,DL,XP,P08
86,582500,DL,XP,P08
86,585000,DL,XP,P08
86,587500,DL,XP,P08
86,590000,DL,XP,P08
86,592500,DL,XP,P08
86,595000,DL,XP,P08
86,597500,DL,XP,P08
86,600000,DL,XP,P08
86,602500,DL,XP,P08
86,605000,DL,XP,P08
86,607500,DL,XP,P08
86,610000,DL,XP,P08
86,612500,DL,XP,P08
86,615000,DL,XP,P08
86,617500,DL,XP,P08
86,620000,DL,XP,P08
86,622500,DL,XP,P08
86,625000,DL,XP,P08
86,627500,DL,XP,P08
86,630000,DL,XP,P08
86,632500,DL,XP,P08
86,635000,DL,XP,P08
86,637500,DL,XP,P08
86,640000,DL,XP,P08
86,642500,DL,XP,P08
86,645000,DL,XP,P08
86,647500,DL,XP,P08
86,650000,DL,XP,P08
86,652500,DL,XP,P08
86,655000,DL,XP,P08
86,657500,DL,XP,P08
86,660000,DL,XP,P08
86,662500,DL,XP,P08
86,665000,DL,XP,P08
86,667500,DL,XP,P08
86,670000,DL,XP,P08
86,672500,DL,XP,P08
86,675000,DL,XP,P08
86,677500,DL,XP,P08
86,680000,DL,XP,P08
86,682500,DL,XP,P08
86,685000,DL,XP,P08
86,687500,DL,XP,P08
86,690000,DL,XP,P08
86,692500,DL,XP,P08
86,695000,DL,XP,P08
86,697500,DL,XP,P08
86,700000,DL,XP,P08
86,702500,DL,XP,P08
86,705000,DL,XP,P08
86,707500,DL,XP,P08
86,710000,DL,XP,P08
86,712500,DL,XP,P08
86,715000,DL,XP,P08
86,717500,DL,XP,P08
86,720000,DL,XP,P08
86,722500,DL,XP,P08
86,725000,DL,XP,P08
86,727500,DL,XP,P08
86,730000,DL,XP,P08
86,732500,DL,XP,P08
86,735000,DL,XP,P08
86,737500,DL,XP,P08
86,740000,DL,XP,P08
86,742500,DL,XP,P08
86,745000,DL,XP,P08
86,747500,DL,XP,P08
86,750000,DL,XP,P08
86,752500,DL,XP,P08
86,755000,DL,XP,P08
86,757500,DL,XP,P08
86,760000,DL,XP,P08
86,762500,DL,XP,P08
86,765000,DL,XP,P08
86,767500,DL,XP,P08
86,770000,DL,XP,P08
86,772500,DL,XP,P08
86,775000,DL,XP,P08
86,777500,DL,XP,P08
86,780000,DL,XP,P08
86,782500,DL,XP,P08
86,785000,DL,XP,P08
86,787500,DL,XP,P08
86,790000,DL,XP,P08
86,792500,DL,XP,P08
86,795000,DL,XP,P08
86,797500,DL,XP,P08
86,800000,DL,XP,P08
86,802500,DL,XP,P08
86,805000,DL,XP,P08
86,807500,DL,XP,P08
86,810000,DL,XP,P08
86,812500,DL,XP,P08
86,815000,DL,XP,P08
86,817500,DL,XP,P08
86,820000,DL,XP,P08
86,822500,DL,XP,P08
86,825000,DL,XP,P08
86,827500,DL,XP,P08
86,830000,DL,XP,P08
86,832500,DL,XP,P08
86,835000,DL,XP,P08
86,837500,DL,XP,P08
86,840000,DL,XP,P08
86,842500,DL,XP,P08
86,845000,DL,XP,P08
86,847500,DL,XP,P08
86,850000,DL,XP,P08
86,852500,DL,XP,P08
86,855000,DL,XP,P08
86,857500,DL,XP,P08
86,860000,DL,XP,P08
86,862500,DL,XP,P08
86,865000,DL,XP,P08
86,867500,DL,XP,P08
86,870000,DL,XP,P08
86,872500,DL,XP,P08
86,875000,DL,XP,P08
86,877500,DL,XP,P08
86,880000,DL,XP,P08
86,882500,DL,XP,P08
86,885000,DL,XP,P08
86,887500,DL,XP,P08
86,890000,DL,XP,P08
86,892500,DL,XP,P08
86,895000,DL,XP,P08
86,897500,DL,XP,P08
86,900000,DL,XP,P08
86,905000,DL,XP,P08
86,907500,DL,XP,P08
86,912500,DL,XP,P08
86,915000,DL,XP,P08
86,917500,DL,XP,P08
86,920000,DL,XP,P08
86,922500,DL,XP,P08
86,925000,DL,XP,P08
86,927500,DL,XP,P08
86,930000,DL,XP,P08
86,932500,DL,XP,P08
86,935000,DL,XP,P08
86,937500,DL,XP,P08
86,940000,DL,XP,P08
86,942500,DL,XP,P08
86,945000,DL,XP,P08
86,967500,DL,XP,P08
86,972500,DL,XP,P08
86,975000,DL,XP,P08
86,977500,DL,XP,P08
86,980000,DL,XP,P08
86,982500,DL,XP,P08
86,985000,DL,XP,P08
86,987500,DL,XP,P08
86,990000,DL,XP,P08
86,992500,DL,XP,P08
86,995000,DL,XP,P08
86,997500,DL,XP,P08
86,1000000,DL,XP,P08
86,1002500,DL,XP,P08
86,1005000,DL,XP,P08
86,1007500,DL,XP,P08
86,1010000,DL,XP,P08
86,1012500,DL,XP,P08
86,1015000,DL,XP,P08
86,1017500,DL,XP,P08
86,1020000,DL,XP,P08
86,1037500,DL,XP,P08
86,1040000,DL,XP,P08
86,1042500,DL,XP,P08
86,1045000,DL,XP,P08
86,1047500,DL,XP,P08
86,1050000,DL,XP,P08
86,1052500,DL,XP,P08
86,1055000,DL,XP,P08
86,1060000,DL,XP,P08
86,1072500,DL,XP,P08
86,1082500,DL,XP,P08
86,1085000,DL,XP,P08
86,1087500,DL,XP,P08
86,1090000,DL,XP,P08
86,1092500,DL,XP,P08
86,1095000,DL,XP,P08
86,1097500,DL,XP,P08
86,1100000,DL,XP,P08
86,1102500,DL,XP,P08
86,1105000,DL,XP,P08
86,1107500,DL,XP,P08
86,1110000,DL,XP,P08
86,1112500,DL,XP,P08
86,1115000,DL,XP,P08
86,1117500,DL,XP,P08
86,1120000,DL,XP,P08
86,1122500,DL,XP,P08
86,1125000,DL,XP,P08
86,1127500,DL,XP,P08
86,1130000,DL,XP,P08
86,1132500,DL,XP,P08
86,1135000,DL,XP,P08
86,1137500,DL,XP,P08
86,1140000,DL,XP,P08
86,1142500,DL,XP,P08
86,1145000,DL,XP,P08
86,1147500,DL,XP,P08
86,1150000,DL,XP,P08
86,1152500,DL,XP,P08
86,1155000,DL,XP,P08
86,1157500,DL,XP,P08
86,1165000,DL,XP,P08
86,1175000,DL,XP,P08
86,1177500,DL,XP,P08
86,1180000,DL,XP,P08
86,1182500,DL,XP,P08
86,1185000,DL,XP,P08
86,1187500,DL,XP,P08
86,1190000,DL,XP,P08
86,1192500,DL,XP,P08
86,1195000,DL,XP,P08
86,1200000,DL,XP,P08
86,1202500,DL,XP,P08
86,1205000,DL,XP,P08
86,1207500,DL,XP,P08
86,1210000,DL,XP,P08
86,1212500,DL,XP,P08
86,1215000,DL,XP,P08
86,1217500,DL,XP,P08
86,1220000,DL,XP,P08
86,1222500,DL,XP,P08
86,1225000,DL,XP,P08
86,1227500,DL,XP,P08
86,1230000,DL,XP,P08
86,1232500,DL,XP,P08
86,1235000,DL,XP,P08
86,1237500,DL,XP,P08
86,1240000,DL,XP,P08
86,1242500,DL,XP,P08
86,1245000,DL,XP,P08
86,1247500,DL,XP,P08
86,1250000,DL,XP,P08
86,1252500,DL,XP,P08
86,1255000,DL,XP,P08
86,1270000,DL,XP,P08
86,1272500,DL,XP,P08
86,1275000,DL,XP,P08
86,1277500,DL,XP,P08
86,1280000,DL,XP,P08
86,1282500,DL,XP,P08
86,1285000,DL,XP,P08
86,1287500,DL,XP,P08
86,1290000,DL,XP,P08
86,1292500,DL,XP,P08
86,1295000,DL,XP,P08
86,1297500,DL,XP,P08
86,1300000,DL,XP,P08
86,1302500,DL,XP,P08
86,1305000,DL,XP,P08
86,1307500,DL,XP,P08
86,1310000,DL,XP,P08
86,1312500,DL,XP,P08
86,1315000,DL,XP,P08
86,1317500,DL,XP,P08
86,1320000,DL,XP,P08
86,1322500,DL,XP,P08
86,1325000,DL,XP,P08
86,1327500,DL,XP,P08
86,1330000,DL,XP,P08
86,1332500,DL,XP,P08
86,1335000,DL,XP,P08
86,1337500,DL,XP,P08
86,1340000,DL,XP,P08
86,1342500,DL,XP,P08
86,1345000,DL,XP,P08
86,1347500,DL,XP,P08
86,1350000,DL,XP,P08
86,1352500,DL,XP,P08
86,1355000,DL,XP,P08
86,1357500,DL,XP,P08
86,1360000,DL,XP,P08
86,1362500,DL,XP,P08
86,1365000,DL,XP,P08
86,1367500,DL,XP,P08
86,1370000,DL,XP,P08
86,1372500,DL,XP,P08
86,1375000,DL,XP,P08
86,1377500,DL,XP,P08
86,1380000,DL,XP,P08
86,1382500,DL,XP,P08
86,1385000,DL,XP,P08
86,1387500,DL,XP,P08
86,1390000,DL,XP,P08
86,1392500,DL,XP,P08
86,1395000,DL,XP,P08
86,1397500,DL,XP,P08
86,1400000,DL,XP,P08
86,1402500,DL,XP,P08
86,1405000,DL,XP,P08
86,1407500,DL,XP,P08
86,1410000,DL,XP,P08
86,1412500,DL,XP,P08
86,1415000,DL,XP,P08
86,1417500,DL,XP,P08
86,1420000,DL,XP,P08
86,1422500,DL,XP,P08
86,1425000,DL,XP,P08
86,1427500,DL,XP,P08
86,1430000,DL,XP,P08
86,1432500,DL,XP,P08
86,1435000,DL,XP,P08
86,1437500,DL,XP,P08
86,1440000,DL,XP,P08
86,1442500,DL,XP,P08
86,1445000,DL,XP,P08
86,1447500,DL,XP,P08
86,1450000,DL,XP,P08
86,1452500,DL,XP,P08
86,1455000,DL,XP,P08
86,1457500,DL,XP,P08
86,1460000,DL,XP,P08
86,1462500,DL,XP,P08
86,1465000,DL,XP,P08
86,1467500,DL,XP,P08
86,1470000,DL,XP,P08
86,1472500,DL,XP,P08
86,1475000,DL,XP,P08
87,2500,DR,FR,P08
87,5000,DR,FR,P08
87,7500,DR,FR,P08
87,10000,DR,FR,P08
87,12500,DR,FR,P08
87,22500,DR,FR,P08
87,25000,DR,FR,P08
87,27500,DR,FR,P08
87,30000,DR,FR,P08
87,32500,DR,FR,P08
87,35000,DR,FR,P08
87,37500,DR,FR,P08
87,40000,DR,FR,P08
87,42500,DR,FR,P08
87,45000,DR,FR,P08
87,47500,DR,FR,P08
87,50000,DR,FR,P08
87,52500,DR,FR,P08
87,55000,DR,FR,P08
87,57500,DR,FR,P08
87,60000,DR,FR,P08
87,62500,DR,FR,P08
87,67500,DR,FR,P08
87,70000,DR,FR,P08
87,72500,DR,FR,P08
87,82500,DR,FR,P08
87,85000,DR,FR,P08
87,87500,DR,FR,P08
87,90000,DR,FR,P08
87,92500,DR,FR,P08
87,117500,DR,FR,P08
87,120000,DR,FR,P08
87,122500,DR,FR,P08
87,127500,DR,FR,P08
87,130000,DR,FR,P08
87,135000,DR,FR,P08
87,137500,DR,FR,P08
87,140000,DR,FR,P08
87,142500,DR,FR,P08
87,145000,DR,FR,P08
87,147500,DR,FR,P08
87,150000,DR,FR,P08
87,152500,DR,FR,P08
87,155000,DR,FR,P08
87,162500,DR,FR,P08
87,165000,DR,FR,P08
87,167500,DR,FR,P08
87,170000,DR,FR,P08
87,172500,DR,FR,P08
87,175000,DR,FR,P08
87,177500,DR,FR,P08
87,180000,DR,FR,P08
87,182500,DR,FR,P08
87,185000,DR,FR,P08
87,187500,DR,FR,P08
87,190000,DR,FR,P08
87,192500,DR,FR,P08
87,195000,DR,FR,P08
87,197500,DR,FR,P08
87,200000,DR,FR,P08
87,202500,DR,FR,P08
87,205000,DR,FR,P08
87,207500,DR,FR,P08
87,210000,DR,FR,P08
87,212500,DR,FR,P08
87,215000,DR,FR,P08
87,217500,DR,FR,P08
87,222500,DR,FR,P08
87,225000,DR,FR,P08
87,230000,DR,FR,P08
87,232500,DR,FR,P08
87,235000,DR,FR,P08
87,237500,DR,FR,P08
87,240000,DR,FR,P08
87,242500,DR,FR,P08
87,245000,DR,FR,P08
87,247500,DR,FR,P08
87,250000,DR,FR,P08
87,252500,DR,FR,P08
87,255000,DR,FR,P08
87,257500,DR,FR,P08
87,260000,DR,FR,P08
87,262500,DR,FR,P08
87,265000,DR,FR,P08
87,267500,DR,FR,P08
87,270000,DR,FR,P08
87,272500,DR,FR,P08
87,275000,DR,FR,P08
87,277500,DR,FR,P08
87,280000,DR,FR,P08
87,282500,DR,FR,P08
87,285000,DR,FR,P08
87,287500,DR,FR,P08
87,290000,DR,FR,P08
87,292500,DR,FR,P08
87,295000,DR,FR,P08
87,297500,DR,FR,P08
87,300000,DR,FR,P08
87,302500,DR,FR,P08
87,305000,DR,FR,P08
87,307500,DR,FR,P08
87,310000,DR,FR,P08
87,312500,DR,FR,P08
87,315000,DR,FR,P08
87,317500,DR,FR,P08
87,320000,DR,FR,P08
87,322500,DR,FR,P08
87,325000,DR,FR,P08
87,327500,DR,FR,P08
87,330000,DR,FR,P08
87,332500,DR,FR,P08
87,335000,DR,FR,P08
87,337500,DR,FR,P08
87,340000,DR,FR,P08
87,342500,DR,FR,P08
87,345000,DR,FR,P08
87,350000,DR,FR,P08
87,352500,DR,FR,P08
87,355000,DR,FR,P08
87,357500,DR,FR,P08
87,360000,DR,FR,P08
87,362500,DR,FR,P08
87,365000,DR,FR,P08
87,367500,DR,FR,P08
87,370000,DR,FR,P08
87,372500,DR,FR,P08
87,375000,DR,FR,P08
87,377500,DR,FR,P08
87,380000,DR,FR,P08
87,382500,DR,FR,P08
87,385000,DR,FR,P08
87,387500,DR,FR,P08
87,390000,DR,FR,P08
87,392500,DR,FR,P08
87,395000,DR,FR,P08
87,397500,DR,FR,P08
87,400000,DR,FR,P08
87,402500,DR,FR,P08
87,405000,DR,FR,P08
87,407500,DR,FR,P08
87,410000,DR,FR,P08
87,412500,DR,FR,P08
87,415000,DR,FR,P08
87,417500,DR,FR,P08
87,420000,DR,FR,P08
87,422500,DR,FR,P08
87,425000,DR,FR,P08
87,427500,DR,FR,P08
87,430000,DR,FR,P08
87,432500,DR,FR,P08
87,435000,DR,FR,P08
87,437500,DR,FR,P08
87,440000,DR,FR,P08
87,442500,DR,FR,P08
87,445000,DR,FR,P08
87,447500,DR,FR,P08
87,450000,DR,FR,P08
87,452500,DR,FR,P08
87,455000,DR,FR,P08
87,457500,DR,FR,P08
87,460000,DR,FR,P08
87,462500,DR,FR,P08
87,465000,DR,FR,P08
87,467500,DR,FR,P08
87,470000,DR,FR,P08
87,472500,DR,FR,P08
87,475000,DR,FR,P08
87,477500,DR,FR,P08
87,480000,DR,FR,P08
87,482500,DR,FR,P08
87,485000,DR,FR,P08
87,487500,DR,FR,P08
87,490000,DR,FR,P08
87,492500,DR,FR,P08
87,495000,DR,FR,P08
87,497500,DR,FR,P08
87,500000,DR,FR,P08
87,502500,DR,FR,P08
87,505000,DR,FR,P08
87,507500,DR,FR,P08
87,510000,DR,FR,P08
87,512500,DR,FR,P08
87,515000,DR,FR,P08
87,517500,DR,FR,P08
87,520000,DR,FR,P08
87,522500,DR,FR,P08
87,525000,DR,FR,P08
87,527500,DR,FR,P08
87,530000,DR,FR,P08
87,532500,DR,FR,P08
87,535000,DR,FR,P08
87,537500,DR,FR,P08
87,540000,DR,FR,P08
87,542500,DR,FR,P08
87,545000,DR,FR,P08
87,547500,DR,FR,P08
87,550000,DR,FR,P08
87,552500,DR,FR,P08
87,555000,DR,FR,P08
87,557500,DR,FR,P08
87,560000,DR,FR,P08
87,572500,DR,FR,P08
87,575000,DR,FR,P08
87,590000,DR,FR,P08
87,602500,DR,FR,P08
87,635000,DR,FR,P08
87,637500,DR,FR,P08
87,640000,DR,FR,P08
87,642500,DR,FR,P08
87,645000,DR,FR,P08
87,647500,DR,FR,P08
87,650000,DR,FR,P08
87,652500,DR,FR,P08
87,655000,DR,FR,P08
87,662500,DR,FR,P08
87,677500,DR,FR,P08
87,680000,DR,FR,P08
87,682500,DR,FR,P08
87,685000,DR,FR,P08
87,687500,DR,FR,P08
87,690000,DR,FR,P08
87,692500,DR,FR,P08
87,695000,DR,FR,P08
87,697500,DR,FR,P08
87,700000,DR,FR,P08
87,702500,DR,FR,P08
87,705000,DR,FR,P08
87,707500,DR,FR,P08
87,710000,DR,FR,P08
87,712500,DR,FR,P08
87,715000,DR,FR,P08
87,717500,DR,FR,P08
87,720000,DR,FR,P08
87,722500,DR,FR,P08
87,725000,DR,FR,P08
87,730000,DR,FR,P08
87,732500,DR,FR,P08
87,735000,DR,FR,P08
87,737500,DR,FR,P08
87,740000,DR,FR,P08
87,742500,DR,FR,P08
87,745000,DR,FR,P08
87,747500,DR,FR,P08
87,750000,DR,FR,P08
87,752500,DR,FR,P08
87,755000,DR,FR,P08
87,757500,DR,FR,P08
87,760000,DR,FR,P08
87,762500,DR,FR,P08
87,765000,DR,FR,P08
87,767500,DR,FR,P08
87,770000,DR,FR,P08
87,772500,DR,FR,P08
87,775000,DR,FR,P08
87,777500,DR,FR,P08
87,780000,DR,FR,P08
87,782500,DR,FR,P08
87,785000,DR,FR,P08
87,787500,DR,FR,P08
87,790000,DR,FR,P08
87,792500,DR,FR,P08
87,795000,DR,FR,P08
87,797500,DR,FR,P08
87,800000,DR,FR,P08
87,812500,DR,FR,P08
87,815000,DR,FR,P08
87,817500,DR,FR,P08
87,820000,DR,FR,P08
87,822500,DR,FR,P08
87,825000,DR,FR,P08
87,827500,DR,FR,P08
87,830000,DR,FR,P08
87,832500,DR,FR,P08
87,835000,DR,FR,P08
87,837500,DR,FR,P08
87,840000,DR,FR,P08
87,842500,DR,FR,P08
87,845000,DR,FR,P08
87,847500,DR,FR,P08
87,850000,DR,FR,P08
87,852500,DR,FR,P08
87,855000,DR,FR,P08
87,857500,DR,FR,P08
87,860000,DR,FR,P08
87,862500,DR,FR,P08
87,865000,DR,FR,P08
87,867500,DR,FR,P08
87,870000,DR,FR,P08
87,872500,DR,FR,P08
87,875000,DR,FR,P08
87,877500,DR,FR,P08
87,880000,DR,FR,P08
87,882500,DR,FR,P08
87,885000,DR,FR,P08
87,887500,DR,FR,P08
87,890000,DR,FR,P08
87,892500,DR,FR,P08
87,895000,DR,FR,P08
87,897500,DR,FR,P08
87,900000,DR,FR,P08
87,902500,DR,FR,P08
87,905000,DR,FR,P08
87,907500,DR,FR,P08
87,910000,DR,FR,P08
87,912500,DR,FR,P08
87,915000,DR,FR,P08
87,917500,DR,FR,P08
87,920000,DR,FR,P08
87,922500,DR,FR,P08
87,925000,DR,FR,P08
87,927500,DR,FR,P08
87,930000,DR,FR,P08
87,932500,DR,FR,P08
87,935000,DR,FR,P08
87,937500,DR,FR,P08
87,940000,DR,FR,P08
87,942500,DR,FR,P08
87,945000,DR,FR,P08
87,947500,DR,FR,P08
87,950000,DR,FR,P08
87,952500,DR,FR,P08
87,955000,DR,FR,P08
87,957500,DR,FR,P08
87,960000,DR,FR,P08
87,962500,DR,FR,P08
87,965000,DR,FR,P08
87,967500,DR,FR,P08
87,970000,DR,FR,P08
87,972500,DR,FR,P08
87,975000,DR,FR,P08
87,977500,DR,FR,P08
87,980000,DR,FR,P08
87,982500,DR,FR,P08
87,985000,DR,FR,P08
87,987500,DR,FR,P08
87,990000,DR,FR,P08
87,992500,DR,FR,P08
87,1000000,DR,FR,P08
87,1002500,DR,FR,P08
87,1005000,DR,FR,P08
87,1007500,DR,FR,P08
87,1010000,DR,FR,P08
87,1012500,DR,FR,P08
87,1015000,DR,FR,P08
87,1017500,DR,FR,P08
87,1020000,DR,FR,P08
87,1022500,DR,FR,P08
87,1025000,DR,FR,P08
87,1027500,DR,FR,P08
87,1030000,DR,FR,P08
87,1032500,DR,FR,P08
87,1035000,DR,FR,P08
87,1037500,DR,FR,P08
87,1040000,DR,FR,P08
87,1042500,DR,FR,P08
87,1045000,DR,FR,P08
87,1047500,DR,FR,P08
87,1050000,DR,FR,P08
87,1052500,DR,FR,P08
87,1055000,DR,FR,P08
87,1057500,DR,FR,P08
87,1060000,DR,FR,P08
87,1062500,DR,FR,P08
87,1065000,DR,FR,P08
87,1067500,DR,FR,P08
87,1070000,DR,FR,P08
87,1072500,DR,FR,P08
87,1075000,DR,FR,P08
87,1077500,DR,FR,P08
87,1080000,DR,FR,P08
87,1082500,DR,FR,P08
87,1085000,DR,FR,P08
87,1087500,DR,FR,P08
87,1090000,DR,FR,P08
87,1127500,DR,FR,P08
87,1130000,DR,FR,P08
87,1132500,DR,FR,P08
87,1135000,DR,FR,P08
87,1137500,DR,FR,P08
87,1140000,DR,FR,P08
87,1142500,DR,FR,P08
87,1145000,DR,FR,P08
87,1147500,DR,FR,P08
87,1150000,DR,FR,P08
87,1152500,DR,FR,P08
87,1157500,DR,FR,P08
87,1160000,DR,FR,P08
87,1162500,DR,FR,P08
87,1175000,DR,FR,P08
87,1177500,DR,FR,P08
87,1180000,DR,FR,P08
87,1182500,DR,FR,P08
87,1185000,DR,FR,P08
87,1190000,DR,FR,P08
87,1192500,DR,FR,P08
87,1195000,DR,FR,P08
87,1197500,DR,FR,P08
87,1200000,DR,FR,P08
87,1202500,DR,FR,P08
87,1205000,DR,FR,P08
87,1207500,DR,FR,P08
87,1210000,DR,FR,P08
87,1212500,DR,FR,P08
87,1215000,DR,FR,P08
87,1217500,DR,FR,P08
87,1220000,DR,FR,P08
87,1222500,DR,FR,P08
87,1227500,DR,FR,P08
87,1230000,DR,FR,P08
87,1232500,DR,FR,P08
87,1235000,DR,FR,P08
87,1237500,DR,FR,P08
87,1240000,DR,FR,P08
87,1242500,DR,FR,P08
87,1245000,DR,FR,P08
87,1247500,DR,FR,P08
87,1250000,DR,FR,P08
87,1252500,DR,FR,P08
87,1255000,DR,FR,P08
87,1257500,DR,FR,P08
87,1260000,DR,FR,P08
87,1262500,DR,FR,P08
87,1265000,DR,FR,P08
87,1267500,DR,FR,P08
87,1270000,DR,FR,P08
87,1272500,DR,FR,P08
87,1275000,DR,FR,P08
87,1277500,DR,FR,P08
87,1280000,DR,FR,P08
87,1282500,DR,FR,P08
87,1285000,DR,FR,P08
87,1287500,DR,FR,P08
87,1290000,DR,FR,P08
87,1292500,DR,FR,P08
87,1295000,DR,FR,P08
87,1297500,DR,FR,P08
87,1300000,DR,FR,P08
87,1302500,DR,FR,P08
87,1305000,DR,FR,P08
87,1307500,DR,FR,P08
87,1310000,DR,FR,P08
87,1312500,DR,FR,P08
87,1315000,DR,FR,P08
87,1317500,DR,FR,P08
87,1320000,DR,FR,P08
87,1322500,DR,FR,P08
87,1325000,DR,FR,P08
87,1327500,DR,FR,P08
87,1330000,DR,FR,P08
87,1332500,DR,FR,P08
87,1335000,DR,FR,P08
87,1337500,DR,FR,P08
87,1340000,DR,FR,P08
87,1342500,DR,FR,P08
87,1345000,DR,FR,P08
87,1347500,DR,FR,P08
87,1350000,DR,FR,P08
87,1352500,DR,FR,P08
87,1355000,DR,FR,P08
87,1357500,DR,FR,P08
87,1360000,DR,FR,P08
87,1362500,DR,FR,P08
87,1365000,DR,FR,P08
87,1367500,DR,FR,P08
87,1370000,DR,FR,P08
87,1372500,DR,FR,P08
87,1375000,DR,FR,P08
87,1377500,DR,FR,P08
87,1380000,DR,FR,P08
87,1382500,DR,FR,P08
87,1385000,DR,FR,P08
87,1387500,DR,FR,P08
87,1390000,DR,FR,P08
87,1392500,DR,FR,P08
87,1395000,DR,FR,P08
87,1397500,DR,FR,P08
87,1400000,DR,FR,P08
87,1402500,DR,FR,P08
87,1405000,DR,FR,P08
87,1407500,DR,FR,P08
87,1410000,DR,FR,P08
87,1412500,DR,FR,P08
87,1415000,DR,FR,P08
87,1417500,DR,FR,P08
87,1420000,DR,FR,P08
87,1422500,DR,FR,P08
87,1425000,DR,FR,P08
87,1427500,DR,FR,P08
87,1430000,DR,FR,P08
87,1432500,DR,FR,P08
87,1435000,DR,FR,P08
87,1437500,DR,FR,P08
87,1440000,DR,FR,P08
87,1442500,DR,FR,P08
87,1445000,DR,FR,P08
87,1447500,DR,FR,P08
87,1450000,DR,FR,P08
87,1452500,DR,FR,P08
87,1455000,DR,FR,P08
87,1457500,DR,FR,P08
87,1460000,DR,FR,P08
87,1462500,DR,FR,P08
87,1465000,DR,FR,P08
87,1467500,DR,FR,P08
87,1470000,DR,FR,P08
87,1472500,DR,FR,P08
87,1475000,DR,FR,P08
88,0,DR,LU,P08
88,2500,DR,LU,P08
88,5000,DR,LU,P08
88,7500,DR,LU,P08
88,10000,DR,LU,P08
88,47500,DR,LU,P08
88,52500,DR,LU,P08
88,57500,DR,LU,P08
88,60000,DR,LU,P08
88,62500,DR,LU,P08
88,65000,DR,LU,P08
88,67500,DR,LU,P08
88,70000,DR,LU,P08
88,72500,DR,LU,P08
88,75000,DR,LU,P08
88,77500,DR,LU,P08
88,80000,DR,LU,P08
88,82500,DR,LU,P08
88,85000,DR,LU,P08
88,87500,DR,LU,P08
88,90000,DR,LU,P08
88,92500,DR,LU,P08
88,95000,DR,LU,P08
88,97500,DR,LU,P08
88,100000,DR,LU,P08
88,102500,DR,LU,P08
88,105000,DR,LU,P08
88,107500,DR,LU,P08
88,110000,DR,LU,P08
88,112500,DR,LU,P08
88,115000,DR,LU,P08
88,117500,DR,LU,P08
88,120000,DR,LU,P08
88,122500,DR,LU,P08
88,125000,DR,LU,P08
88,130000,DR,LU,P08
88,132500,DR,LU,P08
88,135000,DR,LU,P08
88,137500,DR,LU,P08
88,140000,DR,LU,P08
88,142500,DR,LU,P08
88,145000,DR,LU,P08
88,147500,DR,LU,P08
88,150000,DR,LU,P08
88,152500,DR,LU,P08
88,155000,DR,LU,P08
88,157500,DR,LU,P08
88,160000,DR,LU,P08
88,162500,DR,LU,P08
88,165000,DR,LU,P08
88,167500,DR,LU,P08
88,170000,DR,LU,P08
88,172500,DR,LU,P08
88,175000,DR,LU,P08
88,177500,DR,LU,P08
88,180000,DR,LU,P08
88,182500,DR,LU,P08
88,185000,DR,LU,P08
88,187500,DR,LU,P08
88,190000,DR,LU,P08
88,192500,DR,LU,P08
88,195000,DR,LU,P08
88,197500,DR,LU,P08
88,200000,DR,LU,P08
88,202500,DR,LU,P08
88,205000,DR,LU,P08
88,207500,DR,LU,P08
88,210000,DR,LU,P08
88,215000,DR,LU,P08
88,227500,DR,LU,P08
88,230000,DR,LU,P08
88,237500,DR,LU,P08
88,240000,DR,LU,P08
88,265000,DR,LU,P08
88,277500,DR,LU,P08
88,280000,DR,LU,P08
88,285000,DR,LU,P08
88,287500,DR,LU,P08
88,290000,DR,LU,P08
88,292500,DR,LU,P08
88,295000,DR,LU,P08
88,297500,DR,LU,P08
88,300000,DR,LU,P08
88,302500,DR,LU,P08
88,305000,DR,LU,P08
88,307500,DR,LU,P08
88,310000,DR,LU,P08
88,312500,DR,LU,P08
88,315000,DR,LU,P08
88,317500,DR,LU,P08
88,320000,DR,LU,P08
88,337500,DR,LU,P08
88,342500,DR,LU,P08
88,345000,DR,LU,P08
88,347500,DR,LU,P08
88,350000,DR,LU,P08
88,355000,DR,LU,P08
88,357500,DR,LU,P08
88,360000,DR,LU,P08
88,362500,DR,LU,P08
88,365000,DR,LU,P08
88,367500,DR,LU,P08
88,370000,DR,LU,P08
88,372500,DR,LU,P08
88,375000,DR,LU,P08
88,377500,DR,LU,P08
88,380000,DR,LU,P08
88,382500,DR,LU,P08
88,385000,DR,LU,P08
88,387500,DR,LU,P08
88,390000,DR,LU,P08
88,392500,DR,LU,P08
88,395000,DR,LU,P08
88,397500,DR,LU,P08
88,400000,DR,LU,P08
88,402500,DR,LU,P08
88,405000,DR,LU,P08
88,407500,DR,LU,P08
88,410000,DR,LU,P08
88,412500,DR,LU,P08
88,427500,DR,LU,P08
88,430000,DR,LU,P08
88,432500,DR,LU,P08
88,452500,DR,LU,P08
88,457500,DR,LU,P08
88,487500,DR,LU,P08
88,492500,DR,LU,P08
88,525000,DR,LU,P08
88,535000,DR,LU,P08
88,542500,DR,LU,P08
88,545000,DR,LU,P08
88,560000,DR,LU,P08
88,562500,DR,LU,P08
88,565000,DR,LU,P08
88,567500,DR,LU,P08
88,570000,DR,LU,P08
88,572500,DR,LU,P08
88,575000,DR,LU,P08
88,577500,DR,LU,P08
88,580000,DR,LU,P08
88,582500,DR,LU,P08
88,585000,DR,LU,P08
88,587500,DR,LU,P08
88,590000,DR,LU,P08
88,592500,DR,LU,P08
88,595000,DR,LU,P08
88,597500,DR,LU,P08
88,600000,DR,LU,P08
88,602500,DR,LU,P08
88,605000,DR,LU,P08
88,607500,DR,LU,P08
88,610000,DR,LU,P08
88,612500,DR,LU,P08
88,615000,DR,LU,P08
88,617500,DR,LU,P08
88,620000,DR,LU,P08
88,622500,DR,LU,P08
88,625000,DR,LU,P08
88,627500,DR,LU,P08
88,630000,DR,LU,P08
88,632500,DR,LU,P08
88,635000,DR,LU,P08
88,637500,DR,LU,P08
88,640000,DR,LU,P08
88,642500,DR,LU,P08
88,645000,DR,LU,P08
88,647500,DR,LU,P08
88,650000,DR,LU,P08
88,652500,DR,LU,P08
88,655000,DR,LU,P08
88,657500,DR,LU,P08
88,660000,DR,LU,P08
88,662500,DR,LU,P08
88,665000,DR,LU,P08
88,667500,DR,LU,P08
88,670000,DR,LU,P08
88,672500,DR,LU,P08
88,675000,DR,LU,P08
88,677500,DR,LU,P08
88,680000,DR,LU,P08
88,682500,DR,LU,P08
88,685000,DR,LU,P08
88,687500,DR,LU,P08
88,690000,DR,LU,P08
88,692500,DR,LU,P08
88,695000,DR,LU,P08
88,697500,DR,LU,P08
88,700000,DR,LU,P08
88,702500,DR,LU,P08
88,705000,DR,LU,P08
88,715000,DR,LU,P08
88,717500,DR,LU,P08
88,720000,DR,LU,P08
88,722500,DR,LU,P08
88,725000,DR,LU,P08
88,730000,DR,LU,P08
88,732500,DR,LU,P08
88,735000,DR,LU,P08
88,737500,DR,LU,P08
88,740000,DR,LU,P08
88,742500,DR,LU,P08
88,745000,DR,LU,P08
88,747500,DR,LU,P08
88,750000,DR,LU,P08
88,752500,DR,LU,P08
88,755000,DR,LU,P08
88,760000,DR,LU,P08
88,762500,DR,LU,P08
88,765000,DR,LU,P08
88,767500,DR,LU,P08
88,770000,DR,LU,P08
88,772500,DR,LU,P08
88,775000,DR,LU,P08
88,777500,DR,LU,P08
88,780000,DR,LU,P08
88,782500,DR,LU,P08
88,785000,DR,LU,P08
88,792500,DR,LU,P08
88,795000,DR,LU,P08
88,797500,DR,LU,P08
88,800000,DR,LU,P08
88,802500,DR,LU,P08
88,805000,DR,LU,P08
88,807500,DR,LU,P08
88,810000,DR,LU,P08
88,812500,DR,LU,P08
88,815000,DR,LU,P08
88,817500,DR,LU,P08
88,820000,DR,LU,P08
88,822500,DR,LU,P08
88,825000,DR,LU,P08
88,827500,DR,LU,P08
88,830000,DR,LU,P08
88,832500,DR,LU,P08
88,835000,DR,LU,P08
88,837500,DR,LU,P08
88,840000,DR,LU,P08
88,842500,DR,LU,P08
88,845000,DR,LU,P08
88,847500,DR,LU,P08
88,850000,DR,LU,P08
88,852500,DR,LU,P08
88,855000,DR,LU,P08
88,857500,DR,LU,P08
88,860000,DR,LU,P08
88,862500,DR,LU,P08
88,865000,DR,LU,P08
88,867500,DR,LU,P08
88,872500,DR,LU,P08
88,875000,DR,LU,P08
88,877500,DR,LU,P08
88,885000,DR,LU,P08
88,890000,DR,LU,P08
88,892500,DR,LU,P08
88,895000,DR,LU,P08
88,897500,DR,LU,P08
88,930000,DR,LU,P08
88,932500,DR,LU,P08
88,935000,DR,LU,P08
88,942500,DR,LU,P08
88,945000,DR,LU,P08
88,947500,DR,LU,P08
88,950000,DR,LU,P08
88,952500,DR,LU,P08
88,955000,DR,LU,P08
88,960000,DR,LU,P08
88,962500,DR,LU,P08
88,965000,DR,LU,P08
88,967500,DR,LU,P08
88,970000,DR,LU,P08
88,972500,DR,LU,P08
88,997500,DR,LU,P08
88,1000000,DR,LU,P08
88,1002500,DR,LU,P08
88,1005000,DR,LU,P08
88,1007500,DR,LU,P08
88,1010000,DR,LU,P08
88,1012500,DR,LU,P08
88,1015000,DR,LU,P08
88,1017500,DR,LU,P08
88,1020000,DR,LU,P08
88,1022500,DR,LU,P08
88,1025000,DR,LU,P08
88,1037500,DR,LU,P08
88,1055000,DR,LU,P08
88,1057500,DR,LU,P08
88,1060000,DR,LU,P08
88,1062500,DR,LU,P08
88,1065000,DR,LU,P08
88,1067500,DR,LU,P08
88,1070000,DR,LU,P08
88,1072500,DR,LU,P08
88,1075000,DR,LU,P08
88,1077500,DR,LU,P08
88,1080000,DR,LU,P08
88,1082500,DR,LU,P08
88,1085000,DR,LU,P08
88,1087500,DR,LU,P08
88,1090000,DR,LU,P08
88,1092500,DR,LU,P08
88,1095000,DR,LU,P08
88,1097500,DR,LU,P08
88,1100000,DR,LU,P08
88,1120000,DR,LU,P08
88,1122500,DR,LU,P08
88,1125000,DR,LU,P08
88,1127500,DR,LU,P08
88,1130000,DR,LU,P08
88,1132500,DR,LU,P08
88,1135000,DR,LU,P08
88,1137500,DR,LU,P08
88,1140000,DR,LU,P08
88,1142500,DR,LU,P08
88,1145000,DR,LU,P08
88,1147500,DR,LU,P08
88,1150000,DR,LU,P08
88,1152500,DR,LU,P08
88,1162500,DR,LU,P08
88,1165000,DR,LU,P08
88,1167500,DR,LU,P08
88,1170000,DR,LU,P08
88,1172500,DR,LU,P08
88,1175000,DR,LU,P08
88,1177500,DR,LU,P08
88,1180000,DR,LU,P08
88,1197500,DR,LU,P08
88,1200000,DR,LU,P08
88,1202500,DR,LU,P08
88,1205000,DR,LU,P08
88,1207500,DR,LU,P08
88,1210000,DR,LU,P08
88,1212500,DR,LU,P08
88,1215000,DR,LU,P08
88,1230000,DR,LU,P08
88,1232500,DR,LU,P08
88,1235000,DR,LU,P08
88,1237500,DR,LU,P08
88,1240000,DR,LU,P08
88,1257500,DR,LU,P08
88,1260000,DR,LU,P08
88,1262500,DR,LU,P08
88,1265000,DR,LU,P08
88,1267500,DR,LU,P08
88,1270000,DR,LU,P08
88,1272500,DR,LU,P08
88,1275000,DR,LU,P08
88,1277500,DR,LU,P08
88,1280000,DR,LU,P08
88,1282500,DR,LU,P08
88,1285000,DR,LU,P08
88,1287500,DR,LU,P08
88,1290000,DR,LU,P08
88,1292500,DR,LU,P08
88,1295000,DR,LU,P08
88,1297500,DR,LU,P08
88,1300000,DR,LU,P08
88,1302500,DR,LU,P08
88,1305000,DR,LU,P08
88,1307500,DR,LU,P08
88,1310000,DR,LU,P08
88,1312500,DR,LU,P08
88,1315000,DR,LU,P08
88,1317500,DR,LU,P08
88,1320000,DR,LU,P08
88,1322500,DR,LU,P08
88,1325000,DR,LU,P08
88,1330000,DR,LU,P08
88,1332500,DR,LU,P08
88,1335000,DR,LU,P08
88,1337500,DR,LU,P08
88,1340000,DR,LU,P08
88,1342500,DR,LU,P08
88,1360000,DR,LU,P08
88,1362500,DR,LU,P08
88,1365000,DR,LU,P08
88,1367500,DR,LU,P08
88,1370000,DR,LU,P08
88,1377500,DR,LU,P08
88,1380000,DR,LU,P08
88,1402500,DR,LU,P08
88,1405000,DR,LU,P08
88,1407500,DR,LU,P08
88,1410000,DR,LU,P08
88,1412500,DR,LU,P08
88,1415000,DR,LU,P08
88,1417500,DR,LU,P08
88,1420000,DR,LU,P08
88,1422500,DR,LU,P08
88,1425000,DR,LU,P08
88,1427500,DR,LU,P08
88,1430000,DR,LU,P08
88,1432500,DR,LU,P08
88,1435000,DR,LU,P08
89,0,DR,XP,P08
89,2500,DR,XP,P08
89,5000,DR,XP,P08
89,10000,DR,XP,P08
89,12500,DR,XP,P08
89,20000,DR,XP,P08
89,22500,DR,XP,P08
89,25000,DR,XP,P08
89,27500,DR,XP,P08
89,30000,DR,XP,P08
89,32500,DR,XP,P08
89,35000,DR,XP,P08
89,37500,DR,XP,P08
89,45000,DR,XP,P08
89,50000,DR,XP,P08
89,52500,DR,XP,P08
89,55000,DR,XP,P08
89,57500,DR,XP,P08
89,60000,DR,XP,P08
89,62500,DR,XP,P08
89,65000,DR,XP,P08
89,75000,DR,XP,P08
89,77500,DR,XP,P08
89,80000,DR,XP,P08
89,82500,DR,XP,P08
89,85000,DR,XP,P08
89,92500,DR,XP,P08
89,95000,DR,XP,P08
89,97500,DR,XP,P08
89,100000,DR,XP,P08
89,102500,DR,XP,P08
89,105000,DR,XP,P08
89,107500,DR,XP,P08
89,110000,DR,XP,P08
89,112500,DR,XP,P08
89,115000,DR,XP,P08
89,132500,DR,XP,P08
89,135000,DR,XP,P08
89,137500,DR,XP,P08
89,140000,DR,XP,P08
89,142500,DR,XP,P08
89,155000,DR,XP,P08
89,157500,DR,XP,P08
89,160000,DR,XP,P08
89,162500,DR,XP,P08
89,165000,DR,XP,P08
89,167500,DR,XP,P08
89,172500,DR,XP,P08
89,180000,DR,XP,P08
89,182500,DR,XP,P08
89,185000,DR,XP,P08
89,187500,DR,XP,P08
89,190000,DR,XP,P08
89,192500,DR,XP,P08
89,195000,DR,XP,P08
89,207500,DR,XP,P08
89,210000,DR,XP,P08
89,215000,DR,XP,P08
89,217500,DR,XP,P08
89,220000,DR,XP,P08
89,222500,DR,XP,P08
89,225000,DR,XP,P08
89,227500,DR,XP,P08
89,230000,DR,XP,P08
89,232500,DR,XP,P08
89,235000,DR,XP,P08
89,237500,DR,XP,P08
89,240000,DR,XP,P08
89,242500,DR,XP,P08
89,245000,DR,XP,P08
89,247500,DR,XP,P08
89,250000,DR,XP,P08
89,252500,DR,XP,P08
89,255000,DR,XP,P08
89,257500,DR,XP,P08
89,260000,DR,XP,P08
89,262500,DR,XP,P08
89,265000,DR,XP,P08
89,267500,DR,XP,P08
89,270000,DR,XP,P08
89,272500,DR,XP,P08
89,275000,DR,XP,P08
89,277500,DR,XP,P08
89,280000,DR,XP,P08
89,282500,DR,XP,P08
89,285000,DR,XP,P08
89,287500,DR,XP,P08
89,290000,DR,XP,P08
89,292500,DR,XP,P08
89,295000,DR,XP,P08
89,297500,DR,XP,P08
89,300000,DR,XP,P08
89,302500,DR,XP,P08
89,305000,DR,XP,P08
89,307500,DR,XP,P08
89,310000,DR,XP,P08
89,312500,DR,XP,P08
89,315000,DR,XP,P08
89,317500,DR,XP,P08
89,322500,DR,XP,P08
89,325000,DR,XP,P08
89,327500,DR,XP,P08
89,330000,DR,XP,P08
89,332500,DR,XP,P08
89,335000,DR,XP,P08
89,337500,DR,XP,P08
89,340000,DR,XP,P08
89,342500,DR,XP,P08
89,380000,DR,XP,P08
89,387500,DR,XP,P08
89,390000,DR,XP,P08
89,392500,DR,XP,P08
89,397500,DR,XP,P08
89,400000,DR,XP,P08
89,402500,DR,XP,P08
89,460000,DR,XP,P08
89,462500,DR,XP,P08
89,465000,DR,XP,P08
89,467500,DR,XP,P08
89,470000,DR,XP,P08
89,477500,DR,XP,P08
89,480000,DR,XP,P08
89,485000,DR,XP,P08
89,487500,DR,XP,P08
89,495000,DR,XP,P08
89,512500,DR,XP,P08
89,550000,DR,XP,P08
89,552500,DR,XP,P08
89,555000,DR,XP,P08
89,557500,DR,XP,P08
89,560000,DR,XP,P08
89,562500,DR,XP,P08
89,565000,DR,XP,P08
89,567500,DR,XP,P08
89,570000,DR,XP,P08
89,572500,DR,XP,P08
89,602500,DR,XP,P08
89,605000,DR,XP,P08
89,607500,DR,XP,P08
89,610000,DR,XP,P08
89,612500,DR,XP,P08
89,615000,DR,XP,P08
89,617500,DR,XP,P08
89,620000,DR,XP,P08
89,622500,DR,XP,P08
89,625000,DR,XP,P08
89,627500,DR,XP,P08
89,630000,DR,XP,P08
89,632500,DR,XP,P08
89,635000,DR,XP,P08
89,637500,DR,XP,P08
89,640000,DR,XP,P08
89,642500,DR,XP,P08
89,645000,DR,XP,P08
89,647500,DR,XP,P08
89,650000,DR,XP,P08
89,652500,DR,XP,P08
89,655000,DR,XP,P08
89,677500,DR,XP,P08
89,680000,DR,XP,P08
89,682500,DR,XP,P08
89,685000,DR,XP,P08
89,687500,DR,XP,P08
89,690000,DR,XP,P08
89,692500,DR,XP,P08
89,695000,DR,XP,P08
89,697500,DR,XP,P08
89,700000,DR,XP,P08
89,702500,DR,XP,P08
89,732500,DR,XP,P08
89,737500,DR,XP,P08
89,742500,DR,XP,P08
89,750000,DR,XP,P08
89,752500,DR,XP,P08
89,755000,DR,XP,P08
89,757500,DR,XP,P08
89,760000,DR,XP,P08
89,762500,DR,XP,P08
89,765000,DR,XP,P08
89,767500,DR,XP,P08
89,770000,DR,XP,P08
89,772500,DR,XP,P08
89,775000,DR,XP,P08
89,777500,DR,XP,P08
89,780000,DR,XP,P08
89,782500,DR,XP,P08
89,785000,DR,XP,P08
89,787500,DR,XP,P08
89,790000,DR,XP,P08
89,792500,DR,XP,P08
89,795000,DR,XP,P08
89,797500,DR,XP,P08
89,800000,DR,XP,P08
89,802500,DR,XP,P08
89,805000,DR,XP,P08
89,807500,DR,XP,P08
89,810000,DR,XP,P08
89,812500,DR,XP,P08
89,815000,DR,XP,P08
89,817500,DR,XP,P08
89,820000,DR,XP,P08
89,822500,DR,XP,P08
89,825000,DR,XP,P08
89,827500,DR,XP,P08
89,830000,DR,XP,P08
89,832500,DR,XP,P08
89,835000,DR,XP,P08
89,837500,DR,XP,P08
89,840000,DR,XP,P08
89,842500,DR,XP,P08
89,845000,DR,XP,P08
89,847500,DR,XP,P08
89,870000,DR,XP,P08
89,872500,DR,XP,P08
89,875000,DR,XP,P08
89,877500,DR,XP,P08
89,880000,DR,XP,P08
89,882500,DR,XP,P08
89,885000,DR,XP,P08
89,887500,DR,XP,P08
89,890000,DR,XP,P08
89,892500,DR,XP,P08
89,895000,DR,XP,P08
89,897500,DR,XP,P08
89,900000,DR,XP,P08
89,902500,DR,XP,P08
89,932500,DR,XP,P08
89,935000,DR,XP,P08
89,937500,DR,XP,P08
89,940000,DR,XP,P08
89,942500,DR,XP,P08
89,980000,DR,XP,P08
89,987500,DR,XP,P08
89,990000,DR,XP,P08
89,992500,DR,XP,P08
89,1000000,DR,XP,P08
89,1002500,DR,XP,P08
89,1005000,DR,XP,P08
89,1007500,DR,XP,P08
89,1010000,DR,XP,P08
89,1012500,DR,XP,P08
89,1015000,DR,XP,P08
89,1017500,DR,XP,P08
89,1047500,DR,XP,P08
89,1052500,DR,XP,P08
89,1055000,DR,XP,P08
89,1057500,DR,XP,P08
89,1060000,DR,XP,P08
89,1062500,DR,XP,P08
89,1065000,DR,XP,P08
89,1067500,DR,XP,P08
89,1070000,DR,XP,P08
89,1072500,DR,XP,P08
89,1075000,DR,XP,P08
89,1077500,DR,XP,P08
89,1080000,DR,XP,P08
89,1082500,DR,XP,P08
89,1085000,DR,XP,P08
89,1087500,DR,XP,P08
89,1090000,DR,XP,P08
89,1092500,DR,XP,P08
89,1095000,DR,XP,P08
89,1097500,DR,XP,P08
89,1100000,DR,XP,P08
89,1102500,DR,XP,P08
89,1105000,DR,XP,P08
89,1107500,DR,XP,P08
89,1110000,DR,XP,P08
89,1112500,DR,XP,P08
89,1115000,DR,XP,P08
89,1117500,DR,XP,P08
89,1120000,DR,XP,P08
89,1122500,DR,XP,P08
89,1125000,DR,XP,P08
89,1152500,DR,XP,P08
89,1155000,DR,XP,P08
89,1157500,DR,XP,P08
89,1165000,DR,XP,P08
89,1167500,DR,XP,P08
89,1175000,DR,XP,P08
89,1177500,DR,XP,P08
89,1180000,DR,XP,P08
89,1182500,DR,XP,P08
89,1185000,DR,XP,P08
89,1192500,DR,XP,P08
89,1200000,DR,XP,P08
89,1202500,DR,XP,P08
89,1205000,DR,XP,P08
89,1207500,DR,XP,P08
89,1210000,DR,XP,P08
89,1212500,DR,XP,P08
89,1215000,DR,XP,P08
89,1217500,DR,XP,P08
89,1220000,DR,XP,P08
89,1222500,DR,XP,P08
89,1225000,DR,XP,P08
89,1227500,DR,XP,P08
89,1230000,DR,XP,P08
89,1232500,DR,XP,P08
89,1235000,DR,XP,P08
89,1237500,DR,XP,P08
89,1240000,DR,XP,P08
89,1242500,DR,XP,P08
89,1245000,DR,XP,P08
89,1247500,DR,XP,P08
89,1250000,DR,XP,P08
89,1252500,DR,XP,P08
89,1255000,DR,XP,P08
89,1260000,DR,XP,P08
89,1262500,DR,XP,P08
89,1265000,DR,XP,P08
89,1267500,DR,XP,P08
89,1275000,DR,XP,P08
89,1277500,DR,XP,P08
89,1280000,DR,XP,P08
89,1282500,DR,XP,P08
89,1285000,DR,XP,P08
89,1322500,DR,XP,P08
89,1325000,DR,XP,P08
89,1327500,DR,XP,P08
89,1332500,DR,XP,P08
89,1335000,DR,XP,P08
89,1337500,DR,XP,P08
89,1347500,DR,XP,P08
89,1350000,DR,XP,P08
89,1352500,DR,XP,P08
89,1355000,DR,XP,P08
89,1357500,DR,XP,P08
89,1362500,DR,XP,P08
89,1365000,DR,XP,P08
89,1367500,DR,XP,P08
89,1370000,DR,XP,P08
89,1372500,DR,XP,P08
89,1375000,DR,XP,P08
89,1377500,DR,XP,P08
89,1380000,DR,XP,P08
89,1382500,DR,XP,P08
89,1385000,DR,XP,P08
89,1387500,DR,XP,P08
89,1440000,DR,XP,P08
89,1442500,DR,XP,P08
89,1445000,DR,XP,P08
89,1455000,DR,XP,P08
89,1457500,DR,XP,P08
89,1460000,DR,XP,P08
89,1462500,DR,XP,P08
89,1465000,DR,XP,P08
89,1467500,DR,XP,P08
89,1470000,DR,XP,P08
89,1472500,DR,XP,P08
89,1475000,DR,XP,P08
90,2500,UL,FR,P08
90,5000,UL,FR,P08
90,7500,UL,FR,P08
90,10000,UL,FR,P08
90,12500,UL,FR,P08
90,15000,UL,FR,P08
90,17500,UL,FR,P08
90,20000,UL,FR,P08
90,22500,UL,FR,P08
90,25000,UL,FR,P08
90,27500,UL,FR,P08
90,30000,UL,FR,P08
90,32500,UL,FR,P08
90,35000,UL,FR,P08
90,37500,UL,FR,P08
90,40000,UL,FR,P08
90,42500,UL,FR,P08
90,45000,UL,FR,P08
90,47500,UL,FR,P08
90,50000,UL,FR,P08
90,52500,UL,FR,P08
90,55000,UL,FR,P08
90,57500,UL,FR,P08
90,62500,UL,FR,P08
90,67500,UL,FR,P08
90,70000,UL,FR,P08
90,72500,UL,FR,P08
90,75000,UL,FR,P08
90,77500,UL,FR,P08
90,80000,UL,FR,P08
90,82500,UL,FR,P08
90,85000,UL,FR,P08
90,87500,UL,FR,P08
90,90000,UL,FR,P08
90,92500,UL,FR,P08
90,97500,UL,FR,P08
90,100000,UL,FR,P08
90,102500,UL,FR,P08
90,105000,UL,FR,P08
90,107500,UL,FR,P08
90,110000,UL,FR,P08
90,112500,UL,FR,P08
90,115000,UL,FR,P08
90,117500,UL,FR,P08
90,120000,UL,FR,P08
90,122500,UL,FR,P08
90,125000,UL,FR,P08
90,127500,UL,FR,P08
90,130000,UL,FR,P08
90,132500,UL,FR,P08
90,135000,UL,FR,P08
90,137500,UL,FR,P08
90,140000,UL,FR,P08
90,142500,UL,FR,P08
90,145000,UL,FR,P08
90,147500,UL,FR,P08
90,150000,UL,FR,P08
90,152500,UL,FR,P08
90,155000,UL,FR,P08
90,157500,UL,FR,P08
90,160000,UL,FR,P08
90,162500,UL,FR,P08
90,165000,UL,FR,P08
90,167500,UL,FR,P08
90,170000,UL,FR,P08
90,172500,UL,FR,P08
90,175000,UL,FR,P08
90,177500,UL,FR,P08
90,180000,UL,FR,P08
90,182500,UL,FR,P08
90,185000,UL,FR,P08
90,187500,UL,FR,P08
90,190000,UL,FR,P08
90,192500,UL,FR,P08
90,195000,UL,FR,P08
90,197500,UL,FR,P08
90,200000,UL,FR,P08
90,202500,UL,FR,P08
90,210000,UL,FR,P08
90,220000,UL,FR,P08
90,222500,UL,FR,P08
90,225000,UL,FR,P08
90,227500,UL,FR,P08
90,230000,UL,FR,P08
90,232500,UL,FR,P08
90,235000,UL,FR,P08
90,237500,UL,FR,P08
90,240000,UL,FR,P08
90,242500,UL,FR,P08
90,245000,UL,FR,P08
90,247500,UL,FR,P08
90,250000,UL,FR,P08
90,252500,UL,FR,P08
90,255000,UL,FR,P08
90,257500,UL,FR,P08
90,260000,UL,FR,P08
90,262500,UL,FR,P08
90,265000,UL,FR,P08
90,267500,UL,FR,P08
90,270000,UL,FR,P08
90,272500,UL,FR,P08
90,275000,UL,FR,P08
90,277500,UL,FR,P08
90,280000,UL,FR,P08
90,282500,UL,FR,P08
90,285000,UL,FR,P08
90,287500,UL,FR,P08
90,290000,UL,FR,P08
90,292500,UL,FR,P08
90,295000,UL,FR,P08
90,297500,UL,FR,P08
90,300000,UL,FR,P08
90,302500,UL,FR,P08
90,305000,UL,FR,P08
90,307500,UL,FR,P08
90,310000,UL,FR,P08
90,312500,UL,FR,P08
90,315000,UL,FR,P08
90,317500,UL,FR,P08
90,320000,UL,FR,P08
90,322500,UL,FR,P08
90,325000,UL,FR,P08
90,327500,UL,FR,P08
90,330000,UL,FR,P08
90,332500,UL,FR,P08
90,335000,UL,FR,P08
90,337500,UL,FR,P08
90,340000,UL,FR,P08
90,350000,UL,FR,P08
90,352500,UL,FR,P08
90,355000,UL,FR,P08
90,357500,UL,FR,P08
90,360000,UL,FR,P08
90,362500,UL,FR,P08
90,365000,UL,FR,P08
90,367500,UL,FR,P08
90,370000,UL,FR,P08
90,372500,UL,FR,P08
90,375000,UL,FR,P08
90,377500,UL,FR,P08
90,380000,UL,FR,P08
90,382500,UL,FR,P08
90,392500,UL,FR,P08
90,395000,UL,FR,P08
90,397500,UL,FR,P08
90,400000,UL,FR,P08
90,402500,UL,FR,P08
90,405000,UL,FR,P08
90,407500,UL,FR,P08
90,410000,UL,FR,P08
90,412500,UL,FR,P08
90,415000,UL,FR,P08
90,417500,UL,FR,P08
90,420000,UL,FR,P08
90,422500,UL,FR,P08
90,425000,UL,FR,P08
90,427500,UL,FR,P08
90,430000,UL,FR,P08
90,432500,UL,FR,P08
90,435000,UL,FR,P08
90,437500,UL,FR,P08
90,440000,UL,FR,P08
90,442500,UL,FR,P08
90,445000,UL,FR,P08
90,447500,UL,FR,P08
90,450000,UL,FR,P08
90,452500,UL,FR,P08
90,455000,UL,FR,P08
90,457500,UL,FR,P08
90,460000,UL,FR,P08
90,462500,UL,FR,P08
90,465000,UL,FR,P08
90,467500,UL,FR,P08
90,470000,UL,FR,P08
90,472500,UL,FR,P08
90,475000,UL,FR,P08
90,477500,UL,FR,P08
90,480000,UL,FR,P08
90,482500,UL,FR,P08
90,485000,UL,FR,P08
90,487500,UL,FR,P08
90,490000,UL,FR,P08
90,492500,UL,FR,P08
90,495000,UL,FR,P08
90,497500,UL,FR,P08
90,500000,UL,FR,P08
90,502500,UL,FR,P08
90,505000,UL,FR,P08
90,507500,UL,FR,P08
90,510000,UL,FR,P08
90,512500,UL,FR,P08
90,515000,UL,FR,P08
90,517500,UL,FR,P08
90,520000,UL,FR,P08
90,522500,UL,FR,P08
90,525000,UL,FR,P08
90,527500,UL,FR,P08
90,530000,UL,FR,P08
90,532500,UL,FR,P08
90,535000,UL,FR,P08
90,537500,UL,FR,P08
90,540000,UL,FR,P08
90,542500,UL,FR,P08
90,545000,UL,FR,P08
90,547500,UL,FR,P08
90,550000,UL,FR,P08
90,552500,UL,FR,P08
90,555000,UL,FR,P08
90,557500,UL,FR,P08
90,560000,UL,FR,P08
90,562500,UL,FR,P08
90,565000,UL,FR,P08
90,567500,UL,FR,P08
90,570000,UL,FR,P08
90,572500,UL,FR,P08
90,575000,UL,FR,P08
90,577500,UL,FR,P08
90,580000,UL,FR,P08
90,582500,UL,FR,P08
90,585000,UL,FR,P08
90,587500,UL,FR,P08
90,590000,UL,FR,P08
90,592500,UL,FR,P08
90,595000,UL,FR,P08
90,597500,UL,FR,P08
90,600000,UL,FR,P08
90,602500,UL,FR,P08
90,605000,UL,FR,P08
90,607500,UL,FR,P08
90,610000,UL,FR,P08
90,612500,UL,FR,P08
90,615000,UL,FR,P08
90,617500,UL,FR,P08
90,620000,UL,FR,P08
90,622500,UL,FR,P08
90,625000,UL,FR,P08
90,627500,UL,FR,P08
90,630000,UL,FR,P08
90,632500,UL,FR,P08
90,635000,UL,FR,P08
90,637500,UL,FR,P08
90,640000,UL,FR,P08
90,642500,UL,FR,P08
90,645000,UL,FR,P08
90,647500,UL,FR,P08
90,650000,UL,FR,P08
90,652500,UL,FR,P08
90,655000,UL,FR,P08
90,657500,UL,FR,P08
90,660000,UL,FR,P08
90,662500,UL,FR,P08
90,665000,UL,FR,P08
90,667500,UL,FR,P08
90,670000,UL,FR,P08
90,672500,UL,FR,P08
90,675000,UL,FR,P08
90,677500,UL,FR,P08
90,680000,UL,FR,P08
90,682500,UL,FR,P08
90,685000,UL,FR,P08
90,687500,UL,FR,P08
90,690000,UL,FR,P08
90,692500,UL,FR,P08
90,695000,UL,FR,P08
90,697500,UL,FR,P08
90,700000,UL,FR,P08
90,702500,UL,FR,P08
90,705000,UL,FR,P08
90,707500,UL,FR,P08
90,710000,UL,FR,P08
90,712500,UL,FR,P08
90,715000,UL,FR,P08
90,717500,UL,FR,P08
90,720000,UL,FR,P08
90,722500,UL,FR,P08
90,725000,UL,FR,P08
90,727500,UL,FR,P08
90,730000,UL,FR,P08
90,732500,UL,FR,P08
90,735000,UL,FR,P08
90,737500,UL,FR,P08
90,740000,UL,FR,P08
90,745000,UL,FR,P08
90,747500,UL,FR,P08
90,752500,UL,FR,P08
90,755000,UL,FR,P08
90,757500,UL,FR,P08
90,760000,UL,FR,P08
90,762500,UL,FR,P08
90,765000,UL,FR,P08
90,767500,UL,FR,P08
90,770000,UL,FR,P08
90,772500,UL,FR,P08
90,775000,UL,FR,P08
90,777500,UL,FR,P08
90,780000,UL,FR,P08
90,782500,UL,FR,P08
90,785000,UL,FR,P08
90,787500,UL,FR,P08
90,790000,UL,FR,P08
90,792500,UL,FR,P08
90,842500,UL,FR,P08
90,847500,UL,FR,P08
90,850000,UL,FR,P08
90,852500,UL,FR,P08
90,855000,UL,FR,P08
90,857500,UL,FR,P08
90,860000,UL,FR,P08
90,862500,UL,FR,P08
90,865000,UL,FR,P08
90,867500,UL,FR,P08
90,870000,UL,FR,P08
90,872500,UL,FR,P08
90,875000,UL,FR,P08
90,877500,UL,FR,P08
90,880000,UL,FR,P08
90,882500,UL,FR,P08
90,885000,UL,FR,P08
90,887500,UL,FR,P08
90,890000,UL,FR,P08
90,892500,UL,FR,P08
90,895000,UL,FR,P08
90,897500,UL,FR,P08
90,900000,UL,FR,P08
90,902500,UL,FR,P08
90,905000,UL,FR,P08
90,907500,UL,FR,P08
90,910000,UL,FR,P08
90,912500,UL,FR,P08
90,915000,UL,FR,P08
90,917500,UL,FR,P08
90,920000,UL,FR,P08
90,922500,UL,FR,P08
90,925000,UL,FR,P08
90,927500,UL,FR,P08
90,930000,UL,FR,P08
90,932500,UL,FR,P08
90,935000,UL,FR,P08
90,937500,UL,FR,P08
90,940000,UL,FR,P08
90,942500,UL,FR,P08
90,945000,UL,FR,P08
90,947500,UL,FR,P08
90,950000,UL,FR,P08
90,952500,UL,FR,P08
90,955000,UL,FR,P08
90,957500,UL,FR,P08
90,960000,UL,FR,P08
90,962500,UL,FR,P08
90,965000,UL,FR,P08
90,970000,UL,FR,P08
90,972500,UL,FR,P08
90,975000,UL,FR,P08
90,980000,UL,FR,P08
90,982500,UL,FR,P08
90,985000,UL,FR,P08
90,987500,UL,FR,P08
90,990000,UL,FR,P08
90,992500,UL,FR,P08
90,995000,UL,FR,P08
90,997500,UL,FR,P08
90,1000000,UL,FR,P08
90,1012500,UL,FR,P08
90,1015000,UL,FR,P08
90,1017500,UL,FR,P08
90,1032500,UL,FR,P08
90,1040000,UL,FR,P08
90,1042500,UL,FR,P08
90,1047500,UL,FR,P08
90,1050000,UL,FR,P08
90,1072500,UL,FR,P08
90,1082500,UL,FR,P08
90,1090000,UL,FR,P08
90,1092500,UL,FR,P08
90,1095000,UL,FR,P08
90,1100000,UL,FR,P08
90,1102500,UL,FR,P08
90,1105000,UL,FR,P08
90,1107500,UL,FR,P08
90,1110000,UL,FR,P08
90,1112500,UL,FR,P08
90,1115000,UL,FR,P08
90,1117500,UL,FR,P08
90,1120000,UL,FR,P08
90,1122500,UL,FR,P08
90,1125000,UL,FR,P08
90,1127500,UL,FR,P08
90,1130000,UL,FR,P08
90,1132500,UL,FR,P08
90,1135000,UL,FR,P08
90,1137500,UL,FR,P08
90,1140000,UL,FR,P08
90,1142500,UL,FR,P08
90,1145000,UL,FR,P08
90,1147500,UL,FR,P08
90,1150000,UL,FR,P08
90,1152500,UL,FR,P08
90,1155000,UL,FR,P08
90,1157500,UL,FR,P08
90,1160000,UL,FR,P08
90,1162500,UL,FR,P08
90,1175000,UL,FR,P08
90,1177500,UL,FR,P08
90,1182500,UL,FR,P08
90,1185000,UL,FR,P08
90,1187500,UL,FR,P08
90,1197500,UL,FR,P08
90,1200000,UL,FR,P08
90,1202500,UL,FR,P08
90,1205000,UL,FR,P08
90,1207500,UL,FR,P08
90,1210000,UL,FR,P08
90,1212500,UL,FR,P08
90,1215000,UL,FR,P08
90,1217500,UL,FR,P08
90,1222500,UL,FR,P08
90,1225000,UL,FR,P08
90,1227500,UL,FR,P08
90,1230000,UL,FR,P08
90,1232500,UL,FR,P08
90,1235000,UL,FR,P08
90,1237500,UL,FR,P08
90,1240000,UL,FR,P08
90,1242500,UL,FR,P08
90,1245000,UL,FR,P08
90,1247500,UL,FR,P08
90,1250000,UL,FR,P08
90,1252500,UL,FR,P08
90,1257500,UL,FR,P08
90,1260000,UL,FR,P08
90,1262500,UL,FR,P08
90,1265000,UL,FR,P08
90,1267500,UL,FR,P08
90,1270000,UL,FR,P08
90,1272500,UL,FR,P08
90,1275000,UL,FR,P08
90,1277500,UL,FR,P08
90,1280000,UL,FR,P08
90,1282500,UL,FR,P08
90,1285000,UL,FR,P08
90,1287500,UL,FR,P08
90,1290000,UL,FR,P08
90,1292500,UL,FR,P08
90,1295000,UL,FR,P08
90,1297500,UL,FR,P08
90,1300000,UL,FR,P08
90,1302500,UL,FR,P08
90,1305000,UL,FR,P08
90,1307500,UL,FR,P08
90,1310000,UL,FR,P08
90,1312500,UL,FR,P08
90,1315000,UL,FR,P08
90,1317500,UL,FR,P08
90,1320000,UL,FR,P08
90,1322500,UL,FR,P08
90,1325000,UL,FR,P08
90,1327500,UL,FR,P08
90,1330000,UL,FR,P08
90,1332500,UL,FR,P08
90,1335000,UL,FR,P08
90,1337500,UL,FR,P08
90,1340000,UL,FR,P08
90,1342500,UL,FR,P08
90,1352500,UL,FR,P08
90,1355000,UL,FR,P08
90,1357500,UL,FR,P08
90,1360000,UL,FR,P08
90,1362500,UL,FR,P08
90,1365000,UL,FR,P08
90,1367500,UL,FR,P08
90,1370000,UL,FR,P08
90,1372500,UL,FR,P08
90,1375000,UL,FR,P08
90,1377500,UL,FR,P08
90,1380000,UL,FR,P08
90,1382500,UL,FR,P08
90,1385000,UL,FR,P08
90,1387500,UL,FR,P08
90,1395000,UL,FR,P08
90,1397500,UL,FR,P08
90,1402500,UL,FR,P08
90,1417500,UL,FR,P08
90,1425000,UL,FR,P08
90,1427500,UL,FR,P08
90,1430000,UL,FR,P08
90,1435000,UL,FR,P08
90,1437500,UL,FR,P08
90,1440000,UL,FR,P08
90,1442500,UL,FR,P08
90,1445000,UL,FR,P08
90,1447500,UL,FR,P08
90,1450000,UL,FR,P08
90,1452500,UL,FR,P08
90,1455000,UL,FR,P08
90,1457500,UL,FR,P08
90,1460000,UL,FR,P08
90,1462500,UL,FR,P08
90,1465000,UL,FR,P08
90,1467500,UL,FR,P08
90,1470000,UL,FR,P08
90,1472500,UL,FR,P08
90,1475000,UL,FR,P08
91,20000,UL,LU,P08
91,22500,UL,LU,P08
91,25000,UL,LU,P08
91,27500,UL,LU,P08
91,30000,UL,LU,P08
91,32500,UL,LU,P08
91,35000,UL,LU,P08
91,42500,UL,LU,P08
91,45000,UL,LU,P08
91,47500,UL,LU,P08
91,50000,UL,LU,P08
91,52500,UL,LU,P08
91,55000,UL,LU,P08
91,57500,UL,LU,P08
91,62500,UL,LU,P08
91,65000,UL,LU,P08
91,67500,UL,LU,P08
91,70000,UL,LU,P08
91,72500,UL,LU,P08
91,75000,UL,LU,P08
91,77500,UL,LU,P08
91,80000,UL,LU,P08
91,82500,UL,LU,P08
91,85000,UL,LU,P08
91,92500,UL,LU,P08
91,95000,UL,LU,P08
91,97500,UL,LU,P08
91,100000,UL,LU,P08
91,102500,UL,LU,P08
91,105000,UL,LU,P08
91,107500,UL,LU,P08
91,110000,UL,LU,P08
91,112500,UL,LU,P08
91,115000,UL,LU,P08
91,117500,UL,LU,P08
91,120000,UL,LU,P08
91,122500,UL,LU,P08
91,125000,UL,LU,P08
91,140000,UL,LU,P08
91,142500,UL,LU,P08
91,145000,UL,LU,P08
91,147500,UL,LU,P08
91,150000,UL,LU,P08
91,152500,UL,LU,P08
91,155000,UL,LU,P08
91,157500,UL,LU,P08
91,160000,UL,LU,P08
91,162500,UL,LU,P08
91,167500,UL,LU,P08
91,170000,UL,LU,P08
91,192500,UL,LU,P08
91,195000,UL,LU,P08
91,197500,UL,LU,P08
91,200000,UL,LU,P08
91,205000,UL,LU,P08
91,207500,UL,LU,P08
91,212500,UL,LU,P08
91,215000,UL,LU,P08
91,217500,UL,LU,P08
91,220000,UL,LU,P08
91,222500,UL,LU,P08
91,225000,UL,LU,P08
91,227500,UL,LU,P08
91,230000,UL,LU,P08
91,232500,UL,LU,P08
91,235000,UL,LU,P08
91,237500,UL,LU,P08
91,240000,UL,LU,P08
91,242500,UL,LU,P08
91,245000,UL,LU,P08
91,247500,UL,LU,P08
91,250000,UL,LU,P08
91,252500,UL,LU,P08
91,255000,UL,LU,P08
91,257500,UL,LU,P08
91,260000,UL,LU,P08
91,262500,UL,LU,P08
91,265000,UL,LU,P08
91,267500,UL,LU,P08
91,270000,UL,LU,P08
91,272500,UL,LU,P08
91,275000,UL,LU,P08
91,277500,UL,LU,P08
91,280000,UL,LU,P08
91,282500,UL,LU,P08
91,285000,UL,LU,P08
91,287500,UL,LU,P08
91,290000,UL,LU,P08
91,292500,UL,LU,P08
91,295000,UL,LU,P08
91,297500,UL,LU,P08
91,300000,UL,LU,P08
91,302500,UL,LU,P08
91,305000,UL,LU,P08
91,307500,UL,LU,P08
91,310000,UL,LU,P08
91,312500,UL,LU,P08
91,315000,UL,LU,P08
91,317500,UL,LU,P08
91,320000,UL,LU,P08
91,322500,UL,LU,P08
91,325000,UL,LU,P08
91,327500,UL,LU,P08
91,330000,UL,LU,P08
91,332500,UL,LU,P08
91,335000,UL,LU,P08
91,337500,UL,LU,P08
91,340000,UL,LU,P08
91,345000,UL,LU,P08
91,347500,UL,LU,P08
91,350000,UL,LU,P08
91,352500,UL,LU,P08
91,355000,UL,LU,P08
91,357500,UL,LU,P08
91,360000,UL,LU,P08
91,362500,UL,LU,P08
91,365000,UL,LU,P08
91,367500,UL,LU,P08
91,370000,UL,LU,P08
91,372500,UL,LU,P08
91,375000,UL,LU,P08
91,377500,UL,LU,P08
91,380000,UL,LU,P08
91,382500,UL,LU,P08
91,385000,UL,LU,P08
91,387500,UL,LU,P08
91,390000,UL,LU,P08
91,392500,UL,LU,P08
91,395000,UL,LU,P08
91,397500,UL,LU,P08
91,400000,UL,LU,P08
91,402500,UL,LU,P08
91,405000,UL,LU,P08
91,407500,UL,LU,P08
91,410000,UL,LU,P08
91,412500,UL,LU,P08
91,415000,UL,LU,P08
91,417500,UL,LU,P08
91,420000,UL,LU,P08
91,422500,UL,LU,P08
91,425000,UL,LU,P08
91,427500,UL,LU,P08
91,430000,UL,LU,P08
91,432500,UL,LU,P08
91,435000,UL,LU,P08
91,457500,UL,LU,P08
91,510000,UL,LU,P08
91,512500,UL,LU,P08
91,515000,UL,LU,P08
91,517500,UL,LU,P08
91,520000,UL,LU,P08
91,522500,UL,LU,P08
91,525000,UL,LU,P08
91,527500,UL,LU,P08
91,530000,UL,LU,P08
91,532500,UL,LU,P08
91,535000,UL,LU,P08
91,537500,UL,LU,P08
91,540000,UL,LU,P08
91,542500,UL,LU,P08
91,545000,UL,LU,P08
91,547500,UL,LU,P08
91,550000,UL,LU,P08
91,552500,UL,LU,P08
91,555000,UL,LU,P08
91,557500,UL,LU,P08
91,560000,UL,LU,P08
91,562500,UL,LU,P08
91,565000,UL,LU,P08
91,567500,UL,LU,P08
91,570000,UL,LU,P08
91,572500,UL,LU,P08
91,575000,UL,LU,P08
91,577500,UL,LU,P08
91,580000,UL,LU,P08
91,582500,UL,LU,P08
91,585000,UL,LU,P08
91,587500,UL,LU,P08
91,590000,UL,LU,P08
91,592500,UL,LU,P08
91,595000,UL,LU,P08
91,597500,UL,LU,P08
91,600000,UL,LU,P08
91,602500,UL,LU,P08
91,605000,UL,LU,P08
91,607500,UL,LU,P08
91,610000,UL,LU,P08
91,612500,UL,LU,P08
91,615000,UL,LU,P08
91,617500,UL,LU,P08
91,620000,UL,LU,P08
91,622500,UL,LU,P08
91,625000,UL,LU,P08
91,627500,UL,LU,P08
91,630000,UL,LU,P08
91,632500,UL,LU,P08
91,635000,UL,LU,P08
91,637500,UL,LU,P08
91,640000,UL,LU,P08
91,642500,UL,LU,P08
91,645000,UL,LU,P08
91,647500,UL,LU,P08
91,650000,UL,LU,P08
91,652500,UL,LU,P08
91,655000,UL,LU,P08
91,657500,UL,LU,P08
91,660000,UL,LU,P08
91,662500,UL,LU,P08
91,665000,UL,LU,P08
91,667500,UL,LU,P08
91,670000,UL,LU,P08
91,672500,UL,LU,P08
91,675000,UL,LU,P08
91,677500,UL,LU,P08
91,680000,UL,LU,P08
91,707500,UL,LU,P08
91,710000,UL,LU,P08
91,712500,UL,LU,P08
91,715000,UL,LU,P08
91,717500,UL,LU,P08
91,720000,UL,LU,P08
91,722500,UL,LU,P08
91,725000,UL,LU,P08
91,727500,UL,LU,P08
91,730000,UL,LU,P08
91,732500,UL,LU,P08
91,735000,UL,LU,P08
91,737500,UL,LU,P08
91,740000,UL,LU,P08
91,742500,UL,LU,P08
91,745000,UL,LU,P08
91,747500,UL,LU,P08
91,750000,UL,LU,P08
91,760000,UL,LU,P08
91,762500,UL,LU,P08
91,765000,UL,LU,P08
91,767500,UL,LU,P08
91,770000,UL,LU,P08
91,772500,UL,LU,P08
91,775000,UL,LU,P08
91,787500,UL,LU,P08
91,790000,UL,LU,P08
91,792500,UL,LU,P08
91,795000,UL,LU,P08
91,800000,UL,LU,P08
91,830000,UL,LU,P08
91,835000,UL,LU,P08
91,837500,UL,LU,P08
91,840000,UL,LU,P08
91,842500,UL,LU,P08
91,845000,UL,LU,P08
91,847500,UL,LU,P08
91,850000,UL,LU,P08
91,852500,UL,LU,P08
91,855000,UL,LU,P08
91,857500,UL,LU,P08
91,860000,UL,LU,P08
91,862500,UL,LU,P08
91,865000,UL,LU,P08
91,867500,UL,LU,P08
91,870000,UL,LU,P08
91,872500,UL,LU,P08
91,875000,UL,LU,P08
91,877500,UL,LU,P08
91,880000,UL,LU,P08
91,882500,UL,LU,P08
91,885000,UL,LU,P08
91,887500,UL,LU,P08
91,890000,UL,LU,P08
91,892500,UL,LU,P08
91,895000,UL,LU,P08
91,897500,UL,LU,P08
91,900000,UL,LU,P08
91,902500,UL,LU,P08
91,905000,UL,LU,P08
91,930000,UL,LU,P08
91,932500,UL,LU,P08
91,945000,UL,LU,P08
91,947500,UL,LU,P08
91,950000,UL,LU,P08
91,952500,UL,LU,P08
91,955000,UL,LU,P08
91,957500,UL,LU,P08
91,960000,UL,LU,P08
91,962500,UL,LU,P08
91,965000,UL,LU,P08
91,967500,UL,LU,P08
91,970000,UL,LU,P08
91,982500,UL,LU,P08
91,987500,UL,LU,P08
91,990000,UL,LU,P08
91,992500,UL,LU,P08
91,995000,UL,LU,P08
91,997500,UL,LU,P08
91,1000000,UL,LU,P08
91,1002500,UL,LU,P08
91,1005000,UL,LU,P08
91,1007500,UL,LU,P08
91,1010000,UL,LU,P08
91,1012500,UL,LU,P08
91,1020000,UL,LU,P08
91,1022500,UL,LU,P08
91,1025000,UL,LU,P08
91,1027500,UL,LU,P08
91,1030000,UL,LU,P08
91,1032500,UL,LU,P08
91,1035000,UL,LU,P08
91,1040000,UL,LU,P08
91,1042500,UL,LU,P08
91,1045000,UL,LU,P08
91,1047500,UL,LU,P08
91,1050000,UL,LU,P08
91,1052500,UL,LU,P08
91,1055000,UL,LU,P08
91,1065000,UL,LU,P08
91,1085000,UL,LU,P08
91,1087500,UL,LU,P08
91,1090000,UL,LU,P08
91,1095000,UL,LU,P08
91,1097500,UL,LU,P08
91,1100000,UL,LU,P08
91,1102500,UL,LU,P08
91,1105000,UL,LU,P08
91,1107500,UL,LU,P08
91,1110000,UL,LU,P08
91,1112500,UL,LU,P08
91,1115000,UL,LU,P08
91,1117500,UL,LU,P08
91,1120000,UL,LU,P08
91,1122500,UL,LU,P08
91,1125000,UL,LU,P08
91,1127500,UL,LU,P08
91,1132500,UL,LU,P08
91,1137500,UL,LU,P08
91,1142500,UL,LU,P08
91,1145000,UL,LU,P08
91,1147500,UL,LU,P08
91,1150000,UL,LU,P08
91,1152500,UL,LU,P08
91,1155000,UL,LU,P08
91,1157500,UL,LU,P08
91,1160000,UL,LU,P08
91,1162500,UL,LU,P08
91,1165000,UL,LU,P08
91,1167500,UL,LU,P08
91,1170000,UL,LU,P08
91,1172500,UL,LU,P08
91,1175000,UL,LU,P08
91,1177500,UL,LU,P08
91,1182500,UL,LU,P08
91,1185000,UL,LU,P08
91,1187500,UL,LU,P08
91,1190000,UL,LU,P08
91,1192500,UL,LU,P08
91,1195000,UL,LU,P08
91,1200000,UL,LU,P08
91,1202500,UL,LU,P08
91,1205000,UL,LU,P08
91,1207500,UL,LU,P08
91,1210000,UL,LU,P08
91,1212500,UL,LU,P08
91,1215000,UL,LU,P08
91,1217500,UL,LU,P08
91,1220000,UL,LU,P08
91,1222500,UL,LU,P08
91,1225000,UL,LU,P08
91,1227500,UL,LU,P08
91,1247500,UL,LU,P08
91,1250000,UL,LU,P08
91,1252500,UL,LU,P08
91,1255000,UL,LU,P08
91,1257500,UL,LU,P08
91,1260000,UL,LU,P08
91,1262500,UL,LU,P08
91,1272500,UL,LU,P08
91,1275000,UL,LU,P08
91,1277500,UL,LU,P08
91,1280000,UL,LU,P08
91,1282500,UL,LU,P08
91,1312500,UL,LU,P08
91,1315000,UL,LU,P08
91,1317500,UL,LU,P08
91,1320000,UL,LU,P08
91,1322500,UL,LU,P08
91,1325000,UL,LU,P08
91,1327500,UL,LU,P08
91,1330000,UL,LU,P08
91,1332500,UL,LU,P08
91,1335000,UL,LU,P08
91,1337500,UL,LU,P08
91,1340000,UL,LU,P08
91,1342500,UL,LU,P08
91,1345000,UL,LU,P08
91,1347500,UL,LU,P08
91,1350000,UL,LU,P08
91,1352500,UL,LU,P08
91,1355000,UL,LU,P08
91,1357500,UL,LU,P08
91,1370000,UL,LU,P08
91,1372500,UL,LU,P08
91,1375000,UL,LU,P08
91,1377500,UL,LU,P08
91,1380000,UL,LU,P08
91,1382500,UL,LU,P08
91,1402500,UL,LU,P08
91,1405000,UL,LU,P08
91,1407500,UL,LU,P08
91,1410000,UL,LU,P08
91,1412500,UL,LU,P08
91,1415000,UL,LU,P08
91,1417500,UL,LU,P08
91,1420000,UL,LU,P08
91,1422500,UL,LU,P08
91,1425000,UL,LU,P08
91,1427500,UL,LU,P08
91,1430000,UL,LU,P08
91,1432500,UL,LU,P08
91,1435000,UL,LU,P08
91,1437500,UL,LU,P08
91,1440000,UL,LU,P08
91,1442500,UL,LU,P08
91,1445000,UL,LU,P08
91,1447500,UL,LU,P08
91,1450000,UL,LU,P08
91,1452500,UL,LU,P08
91,1455000,UL,LU,P08
91,1457500,UL,LU,P08
91,1460000,UL,LU,P08
91,1462500,UL,LU,P08
91,1465000,UL,LU,P08
91,1467500,UL,LU,P08
91,1470000,UL,LU,P08
91,1472500,UL,LU,P08
91,1475000,UL,LU,P08
92,5000,UL,XP,P08
92,7500,UL,XP,P08
92,10000,UL,XP,P08
92,12500,UL,XP,P08
92,15000,UL,XP,P08
92,17500,UL,XP,P08
92,20000,UL,XP,P08
92,22500,UL,XP,P08
92,25000,UL,XP,P08
92,27500,UL,XP,P08
92,30000,UL,XP,P08
92,32500,UL,XP,P08
92,35000,UL,XP,P08
92,37500,UL,XP,P08
92,40000,UL,XP,P08
92,42500,UL,XP,P08
92,45000,UL,XP,P08
92,47500,UL,XP,P08
92,50000,UL,XP,P08
92,52500,UL,XP,P08
92,55000,UL,XP,P08
92,62500,UL,XP,P08
92,65000,UL,XP,P08
92,67500,UL,XP,P08
92,70000,UL,XP,P08
92,82500,UL,XP,P08
92,85000,UL,XP,P08
92,87500,UL,XP,P08
92,90000,UL,XP,P08
92,92500,UL,XP,P08
92,95000,UL,XP,P08
92,97500,UL,XP,P08
92,100000,UL,XP,P08
92,102500,UL,XP,P08
92,105000,UL,XP,P08
92,107500,UL,XP,P08
92,110000,UL,XP,P08
92,112500,UL,XP,P08
92,115000,UL,XP,P08
92,117500,UL,XP,P08
92,120000,UL,XP,P08
92,122500,UL,XP,P08
92,125000,UL,XP,P08
92,127500,UL,XP,P08
92,130000,UL,XP,P08
92,132500,UL,XP,P08
92,135000,UL,XP,P08
92,162500,UL,XP,P08
92,165000,UL,XP,P08
92,167500,UL,XP,P08
92,172500,UL,XP,P08
92,175000,UL,XP,P08
92,177500,UL,XP,P08
92,180000,UL,XP,P08
92,182500,UL,XP,P08
92,190000,UL,XP,P08
92,192500,UL,XP,P08
92,195000,UL,XP,P08
92,207500,UL,XP,P08
92,217500,UL,XP,P08
92,220000,UL,XP,P08
92,222500,UL,XP,P08
92,225000,UL,XP,P08
92,227500,UL,XP,P08
92,230000,UL,XP,P08
92,232500,UL,XP,P08
92,235000,UL,XP,P08
92,237500,UL,XP,P08
92,240000,UL,XP,P08
92,242500,UL,XP,P08
92,245000,UL,XP,P08
92,247500,UL,XP,P08
92,250000,UL,XP,P08
92,252500,UL,XP,P08
92,255000,UL,XP,P08
92,257500,UL,XP,P08
92,260000,UL,XP,P08
92,262500,UL,XP,P08
92,265000,UL,XP,P08
92,267500,UL,XP,P08
92,270000,UL,XP,P08
92,272500,UL,XP,P08
92,275000,UL,XP,P08
92,277500,UL,XP,P08
92,280000,UL,XP,P08
92,282500,UL,XP,P08
92,285000,UL,XP,P08
92,287500,UL,XP,P08
92,290000,UL,XP,P08
92,292500,UL,XP,P08
92,295000,UL,XP,P08
92,297500,UL,XP,P08
92,300000,UL,XP,P08
92,302500,UL,XP,P08
92,305000,UL,XP,P08
92,307500,UL,XP,P08
92,310000,UL,XP,P08
92,312500,UL,XP,P08
92,315000,UL,XP,P08
92,317500,UL,XP,P08
92,320000,UL,XP,P08
92,322500,UL,XP,P08
92,325000,UL,XP,P08
92,327500,UL,XP,P08
92,330000,UL,XP,P08
92,332500,UL,XP,P08
92,335000,UL,XP,P08
92,337500,UL,XP,P08
92,340000,UL,XP,P08
92,342500,UL,XP,P08
92,347500,UL,XP,P08
92,350000,UL,XP,P08
92,352500,UL,XP,P08
92,355000,UL,XP,P08
92,357500,UL,XP,P08
92,360000,UL,XP,P08
92,362500,UL,XP,P08
92,365000,UL,XP,P08
92,367500,UL,XP,P08
92,370000,UL,XP,P08
92,372500,UL,XP,P08
92,375000,UL,XP,P08
92,377500,UL,XP,P08
92,380000,UL,XP,P08
92,382500,UL,XP,P08
92,385000,UL,XP,P08
92,387500,UL,XP,P08
92,390000,UL,XP,P08
92,392500,UL,XP,P08
92,395000,UL,XP,P08
92,397500,UL,XP,P08
92,400000,UL,XP,P08
92,402500,UL,XP,P08
92,405000,UL,XP,P08
92,407500,UL,XP,P08
92,410000,UL,XP,P08
92,412500,UL,XP,P08
92,415000,UL,XP,P08
92,417500,UL,XP,P08
92,420000,UL,XP,P08
92,422500,UL,XP,P08
92,425000,UL,XP,P08
92,427500,UL,XP,P08
92,430000,UL,XP,P08
92,432500,UL,XP,P08
92,435000,UL,XP,P08
92,437500,UL,XP,P08
92,440000,UL,XP,P08
92,442500,UL,XP,P08
92,445000,UL,XP,P08
92,447500,UL,XP,P08
92,450000,UL,XP,P08
92,452500,UL,XP,P08
92,455000,UL,XP,P08
92,457500,UL,XP,P08
92,470000,UL,XP,P08
92,472500,UL,XP,P08
92,477500,UL,XP,P08
92,480000,UL,XP,P08
92,482500,UL,XP,P08
92,485000,UL,XP,P08
92,487500,UL,XP,P08
92,490000,UL,XP,P08
92,492500,UL,XP,P08
92,495000,UL,XP,P08
92,497500,UL,XP,P08
92,500000,UL,XP,P08
92,502500,UL,XP,P08
92,505000,UL,XP,P08
92,507500,UL,XP,P08
92,510000,UL,XP,P08
92,512500,UL,XP,P08
92,515000,UL,XP,P08
92,517500,UL,XP,P08
92,520000,UL,XP,P08
92,522500,UL,XP,P08
92,525000,UL,XP,P08
92,527500,UL,XP,P08
92,530000,UL,XP,P08
92,532500,UL,XP,P08
92,535000,UL,XP,P08
92,537500,UL,XP,P08
92,540000,UL,XP,P08
92,542500,UL,XP,P08
92,545000,UL,XP,P08
92,547500,UL,XP,P08
92,560000,UL,XP,P08
92,562500,UL,XP,P08
92,565000,UL,XP,P08
92,567500,UL,XP,P08
92,570000,UL,XP,P08
92,572500,UL,XP,P08
92,575000,UL,XP,P08
92,577500,UL,XP,P08
92,580000,UL,XP,P08
92,582500,UL,XP,P08
92,585000,UL,XP,P08
92,587500,UL,XP,P08
92,590000,UL,XP,P08
92,592500,UL,XP,P08
92,595000,UL,XP,P08
92,597500,UL,XP,P08
92,600000,UL,XP,P08
92,602500,UL,XP,P08
92,605000,UL,XP,P08
92,607500,UL,XP,P08
92,610000,UL,XP,P08
92,612500,UL,XP,P08
92,615000,UL,XP,P08
92,617500,UL,XP,P08
92,620000,UL,XP,P08
92,622500,UL,XP,P08
92,625000,UL,XP,P08
92,627500,UL,XP,P08
92,630000,UL,XP,P08
92,632500,UL,XP,P08
92,635000,UL,XP,P08
92,637500,UL,XP,P08
92,640000,UL,XP,P08
92,642500,UL,XP,P08
92,645000,UL,XP,P08
92,647500,UL,XP,P08
92,650000,UL,XP,P08
92,652500,UL,XP,P08
92,655000,UL,XP,P08
92,657500,UL,XP,P08
92,660000,UL,XP,P08
92,662500,UL,XP,P08
92,665000,UL,XP,P08
92,667500,UL,XP,P08
92,670000,UL,XP,P08
92,672500,UL,XP,P08
92,675000,UL,XP,P08
92,677500,UL,XP,P08
92,680000,UL,XP,P08
92,682500,UL,XP,P08
92,685000,UL,XP,P08
92,687500,UL,XP,P08
92,690000,UL,XP,P08
92,692500,UL,XP,P08
92,695000,UL,XP,P08
92,697500,UL,XP,P08
92,700000,UL,XP,P08
92,702500,UL,XP,P08
92,705000,UL,XP,P08
92,707500,UL,XP,P08
92,710000,UL,XP,P08
92,712500,UL,XP,P08
92,715000,UL,XP,P08
92,717500,UL,XP,P08
92,720000,UL,XP,P08
92,722500,UL,XP,P08
92,725000,UL,XP,P08
92,732500,UL,XP,P08
92,735000,UL,XP,P08
92,737500,UL,XP,P08
92,740000,UL,XP,P08
92,742500,UL,XP,P08
92,745000,UL,XP,P08
92,747500,UL,XP,P08
92,750000,UL,XP,P08
92,752500,UL,XP,P08
92,755000,UL,XP,P08
92,757500,UL,XP,P08
92,760000,UL,XP,P08
92,762500,UL,XP,P08
92,765000,UL,XP,P08
92,775000,UL,XP,P08
92,777500,UL,XP,P08
92,780000,UL,XP,P08
92,782500,UL,XP,P08
92,785000,UL,XP,P08
92,787500,UL,XP,P08
92,790000,UL,XP,P08
92,792500,UL,XP,P08
92,795000,UL,XP,P08
92,797500,UL,XP,P08
92,800000,UL,XP,P08
92,802500,UL,XP,P08
92,805000,UL,XP,P08
92,807500,UL,XP,P08
92,810000,UL,XP,P08
92,812500,UL,XP,P08
92,815000,UL,XP,P08
92,817500,UL,XP,P08
92,820000,UL,XP,P08
92,822500,UL,XP,P08
92,825000,UL,XP,P08
92,827500,UL,XP,P08
92,830000,UL,XP,P08
92,832500,UL,XP,P08
92,835000,UL,XP,P08
92,837500,UL,XP,P08
92,840000,UL,XP,P08
92,842500,UL,XP,P08
92,845000,UL,XP,P08
92,847500,UL,XP,P08
92,850000,UL,XP,P08
92,852500,UL,XP,P08
92,855000,UL,XP,P08
92,857500,UL,XP,P08
92,860000,UL,XP,P08
92,862500,UL,XP,P08
92,865000,UL,XP,P08
92,867500,UL,XP,P08
92,870000,UL,XP,P08
92,872500,UL,XP,P08
92,875000,UL,XP,P08
92,877500,UL,XP,P08
92,880000,UL,XP,P08
92,882500,UL,XP,P08
92,885000,UL,XP,P08
92,887500,UL,XP,P08
92,890000,UL,XP,P08
92,892500,UL,XP,P08
92,895000,UL,XP,P08
92,897500,UL,XP,P08
92,900000,UL,XP,P08
92,902500,UL,XP,P08
92,905000,UL,XP,P08
92,930000,UL,XP,P08
92,935000,UL,XP,P08
92,945000,UL,XP,P08
92,947500,UL,XP,P08
92,950000,UL,XP,P08
92,952500,UL,XP,P08
92,955000,UL,XP,P08
92,957500,UL,XP,P08
92,960000,UL,XP,P08
92,962500,UL,XP,P08
92,965000,UL,XP,P08
92,967500,UL,XP,P08
92,970000,UL,XP,P08
92,972500,UL,XP,P08
92,982500,UL,XP,P08
92,985000,UL,XP,P08
92,987500,UL,XP,P08
92,990000,UL,XP,P08
92,992500,UL,XP,P08
92,995000,UL,XP,P08
92,997500,UL,XP,P08
92,1000000,UL,XP,P08
92,1002500,UL,XP,P08
92,1005000,UL,XP,P08
92,1007500,UL,XP,P08
92,1010000,UL,XP,P08
92,1012500,UL,XP,P08
92,1017500,UL,XP,P08
92,1020000,UL,XP,P08
92,1022500,UL,XP,P08
92,1025000,UL,XP,P08
92,1027500,UL,XP,P08
92,1030000,UL,XP,P08
92,1032500,UL,XP,P08
92,1035000,UL,XP,P08
92,1037500,UL,XP,P08
92,1040000,UL,XP,P08
92,1042500,UL,XP,P08
92,1045000,UL,XP,P08
92,1047500,UL,XP,P08
92,1050000,UL,XP,P08
92,1052500,UL,XP,P08
92,1072500,UL,XP,P08
92,1080000,UL,XP,P08
92,1082500,UL,XP,P08
92,1085000,UL,XP,P08
92,1087500,UL,XP,P08
92,1090000,UL,XP,P08
92,1092500,UL,XP,P08
92,1095000,UL,XP,P08
92,1097500,UL,XP,P08
92,1100000,UL,XP,P08
92,1102500,UL,XP,P08
92,1105000,UL,XP,P08
92,1107500,UL,XP,P08
92,1112500,UL,XP,P08
92,1115000,UL,XP,P08
92,1117500,UL,XP,P08
92,1120000,UL,XP,P08
92,1122500,UL,XP,P08
92,1125000,UL,XP,P08
92,1127500,UL,XP,P08
92,1130000,UL,XP,P08
92,1132500,UL,XP,P08
92,1135000,UL,XP,P08
92,1137500,UL,XP,P08
92,1140000,UL,XP,P08
92,1142500,UL,XP,P08
92,1145000,UL,XP,P08
92,1147500,UL,XP,P08
92,1150000,UL,XP,P08
92,1152500,UL,XP,P08
92,1155000,UL,XP,P08
92,1157500,UL,XP,P08
92,1160000,UL,XP,P08
92,1162500,UL,XP,P08
92,1182500,UL,XP,P08
92,1185000,UL,XP,P08
92,1187500,UL,XP,P08
92,1190000,UL,XP,P08
92,1192500,UL,XP,P08
92,1195000,UL,XP,P08
92,1197500,UL,XP,P08
92,1200000,UL,XP,P08
92,1202500,UL,XP,P08
92,1205000,UL,XP,P08
92,1220000,UL,XP,P08
92,1222500,UL,XP,P08
92,1225000,UL,XP,P08
92,1227500,UL,XP,P08
92,1230000,UL,XP,P08
92,1232500,UL,XP,P08
92,1235000,UL,XP,P08
92,1237500,UL,XP,P08
92,1240000,UL,XP,P08
92,1242500,UL,XP,P08
92,1245000,UL,XP,P08
92,1247500,UL,XP,P08
92,1250000,UL,XP,P08
92,1252500,UL,XP,P08
92,1255000,UL,XP,P08
92,1257500,UL,XP,P08
92,1260000,UL,XP,P08
92,1262500,UL,XP,P08
92,1265000,UL,XP,P08
92,1267500,UL,XP,P08
92,1270000,UL,XP,P08
92,1272500,UL,XP,P08
92,1275000,UL,XP,P08
92,1277500,UL,XP,P08
92,1280000,UL,XP,P08
92,1282500,UL,XP,P08
92,1285000,UL,XP,P08
92,1287500,UL,XP,P08
92,1290000,UL,XP,P08
92,1292500,UL,XP,P08
92,1295000,UL,XP,P08
92,1297500,UL,XP,P08
92,1300000,UL,XP,P08
92,1302500,UL,XP,P08
92,1305000,UL,XP,P08
92,1307500,UL,XP,P08
92,1310000,UL,XP,P08
92,1322500,UL,XP,P08
92,1325000,UL,XP,P08
92,1327500,UL,XP,P08
92,1330000,UL,XP,P08
92,1332500,UL,XP,P08
92,1335000,UL,XP,P08
92,1337500,UL,XP,P08
92,1340000,UL,XP,P08
92,1342500,UL,XP,P08
92,1345000,UL,XP,P08
92,1357500,UL,XP,P08
92,1360000,UL,XP,P08
92,1362500,UL,XP,P08
92,1365000,UL,XP,P08
92,1367500,UL,XP,P08
92,1370000,UL,XP,P08
92,1372500,UL,XP,P08
92,1375000,UL,XP,P08
92,1377500,UL,XP,P08
92,1380000,UL,XP,P08
92,1382500,UL,XP,P08
92,1385000,UL,XP,P08
92,1387500,UL,XP,P08
92,1390000,UL,XP,P08
92,1392500,UL,XP,P08
92,1395000,UL,XP,P08
92,1397500,UL,XP,P08
92,1400000,UL,XP,P08
92,1402500,UL,XP,P08
92,1405000,UL,XP,P08
92,1407500,UL,XP,P08
92,1410000,UL,XP,P08
92,1412500,UL,XP,P08
92,1415000,UL,XP,P08
92,1417500,UL,XP,P08
92,1420000,UL,XP,P08
92,1422500,UL,XP,P08
92,1425000,UL,XP,P08
92,1427500,UL,XP,P08
92,1437500,UL,XP,P08
93,2500,UR,FR,P08
93,5000,UR,FR,P08
93,7500,UR,FR,P08
93,10000,UR,FR,P08
93,12500,UR,FR,P08
93,15000,UR,FR,P08
93,17500,UR,FR,P08
93,20000,UR,FR,P08
93,22500,UR,FR,P08
93,25000,UR,FR,P08
93,27500,UR,FR,P08
93,30000,UR,FR,P08
93,32500,UR,FR,P08
93,35000,UR,FR,P08
93,37500,UR,FR,P08
93,40000,UR,FR,P08
93,42500,UR,FR,P08
93,45000,UR,FR,P08
93,47500,UR,FR,P08
93,50000,UR,FR,P08
93,52500,UR,FR,P08
93,55000,UR,FR,P08
93,57500,UR,FR,P08
93,62500,UR,FR,P08
93,65000,UR,FR,P08
93,67500,UR,FR,P08
93,70000,UR,FR,P08
93,72500,UR,FR,P08
93,82500,UR,FR,P08
93,85000,UR,FR,P08
93,87500,UR,FR,P08
93,90000,UR,FR,P08
93,92500,UR,FR,P08
93,95000,UR,FR,P08
93,97500,UR,FR,P08
93,100000,UR,FR,P08
93,102500,UR,FR,P08
93,105000,UR,FR,P08
93,107500,UR,FR,P08
93,110000,UR,FR,P08
93,112500,UR,FR,P08
93,115000,UR,FR,P08
93,117500,UR,FR,P08
93,120000,UR,FR,P08
93,122500,UR,FR,P08
93,125000,UR,FR,P08
93,127500,UR,FR,P08
93,130000,UR,FR,P08
93,132500,UR,FR,P08
93,142500,UR,FR,P08
93,165000,UR,FR,P08
93,172500,UR,FR,P08
93,175000,UR,FR,P08
93,177500,UR,FR,P08
93,180000,UR,FR,P08
93,185000,UR,FR,P08
93,190000,UR,FR,P08
93,197500,UR,FR,P08
93,217500,UR,FR,P08
93,220000,UR,FR,P08
93,222500,UR,FR,P08
93,225000,UR,FR,P08
93,227500,UR,FR,P08
93,230000,UR,FR,P08
93,232500,UR,FR,P08
93,235000,UR,FR,P08
93,237500,UR,FR,P08
93,240000,UR,FR,P08
93,242500,UR,FR,P08
93,245000,UR,FR,P08
93,247500,UR,FR,P08
93,250000,UR,FR,P08
93,252500,UR,FR,P08
93,255000,UR,FR,P08
93,257500,UR,FR,P08
93,260000,UR,FR,P08
93,262500,UR,FR,P08
93,265000,UR,FR,P08
93,267500,UR,FR,P08
93,270000,UR,FR,P08
93,272500,UR,FR,P08
93,275000,UR,FR,P08
93,277500,UR,FR,P08
93,280000,UR,FR,P08
93,282500,UR,FR,P08
93,285000,UR,FR,P08
93,287500,UR,FR,P08
93,290000,UR,FR,P08
93,292500,UR,FR,P08
93,295000,UR,FR,P08
93,297500,UR,FR,P08
93,300000,UR,FR,P08
93,302500,UR,FR,P08
93,305000,UR,FR,P08
93,307500,UR,FR,P08
93,310000,UR,FR,P08
93,312500,UR,FR,P08
93,315000,UR,FR,P08
93,317500,UR,FR,P08
93,320000,UR,FR,P08
93,322500,UR,FR,P08
93,325000,UR,FR,P08
93,327500,UR,FR,P08
93,330000,UR,FR,P08
93,332500,UR,FR,P08
93,335000,UR,FR,P08
93,337500,UR,FR,P08
93,340000,UR,FR,P08
93,342500,UR,FR,P08
93,345000,UR,FR,P08
93,347500,UR,FR,P08
93,350000,UR,FR,P08
93,352500,UR,FR,P08
93,355000,UR,FR,P08
93,357500,UR,FR,P08
93,360000,UR,FR,P08
93,362500,UR,FR,P08
93,365000,UR,FR,P08
93,367500,UR,FR,P08
93,370000,UR,FR,P08
93,372500,UR,FR,P08
93,375000,UR,FR,P08
93,377500,UR,FR,P08
93,380000,UR,FR,P08
93,382500,UR,FR,P08
93,385000,UR,FR,P08
93,387500,UR,FR,P08
93,390000,UR,FR,P08
93,392500,UR,FR,P08
93,395000,UR,FR,P08
93,405000,UR,FR,P08
93,407500,UR,FR,P08
93,410000,UR,FR,P08
93,412500,UR,FR,P08
93,415000,UR,FR,P08
93,417500,UR,FR,P08
93,420000,UR,FR,P08
93,422500,UR,FR,P08
93,425000,UR,FR,P08
93,427500,UR,FR,P08
93,430000,UR,FR,P08
93,432500,UR,FR,P08
93,435000,UR,FR,P08
93,437500,UR,FR,P08
93,440000,UR,FR,P08
93,442500,UR,FR,P08
93,445000,UR,FR,P08
93,447500,UR,FR,P08
93,450000,UR,FR,P08
93,452500,UR,FR,P08
93,455000,UR,FR,P08
93,457500,UR,FR,P08
93,460000,UR,FR,P08
93,462500,UR,FR,P08
93,465000,UR,FR,P08
93,467500,UR,FR,P08
93,470000,UR,FR,P08
93,472500,UR,FR,P08
93,475000,UR,FR,P08
93,477500,UR,FR,P08
93,480000,UR,FR,P08
93,482500,UR,FR,P08
93,485000,UR,FR,P08
93,487500,UR,FR,P08
93,490000,UR,FR,P08
93,492500,UR,FR,P08
93,495000,UR,FR,P08
93,497500,UR,FR,P08
93,500000,UR,FR,P08
93,502500,UR,FR,P08
93,505000,UR,FR,P08
93,507500,UR,FR,P08
93,510000,UR,FR,P08
93,512500,UR,FR,P08
93,515000,UR,FR,P08
93,517500,UR,FR,P08
93,520000,UR,FR,P08
93,522500,UR,FR,P08
93,525000,UR,FR,P08
93,527500,UR,FR,P08
93,530000,UR,FR,P08
93,532500,UR,FR,P08
93,535000,UR,FR,P08
93,537500,UR,FR,P08
93,540000,UR,FR,P08
93,542500,UR,FR,P08
93,545000,UR,FR,P08
93,547500,UR,FR,P08
93,550000,UR,FR,P08
93,552500,UR,FR,P08
93,555000,UR,FR,P08
93,557500,UR,FR,P08
93,560000,UR,FR,P08
93,562500,UR,FR,P08
93,565000,UR,FR,P08
93,567500,UR,FR,P08
93,570000,UR,FR,P08
93,572500,UR,FR,P08
93,575000,UR,FR,P08
93,577500,UR,FR,P08
93,580000,UR,FR,P08
93,582500,UR,FR,P08
93,585000,UR,FR,P08
93,587500,UR,FR,P08
93,590000,UR,FR,P08
93,592500,UR,FR,P08
93,595000,UR,FR,P08
93,597500,UR,FR,P08
93,600000,UR,FR,P08
93,602500,UR,FR,P08
93,605000,UR,FR,P08
93,607500,UR,FR,P08
93,610000,UR,FR,P08
93,612500,UR,FR,P08
93,615000,UR,FR,P08
93,617500,UR,FR,P08
93,620000,UR,FR,P08
93,622500,UR,FR,P08
93,625000,UR,FR,P08
93,627500,UR,FR,P08
93,630000,UR,FR,P08
93,632500,UR,FR,P08
93,635000,UR,FR,P08
93,637500,UR,FR,P08
93,640000,UR,FR,P08
93,642500,UR,FR,P08
93,645000,UR,FR,P08
93,647500,UR,FR,P08
93,650000,UR,FR,P08
93,652500,UR,FR,P08
93,655000,UR,FR,P08
93,657500,UR,FR,P08
93,660000,UR,FR,P08
93,662500,UR,FR,P08
93,665000,UR,FR,P08
93,667500,UR,FR,P08
93,670000,UR,FR,P08
93,672500,UR,FR,P08
93,675000,UR,FR,P08
93,677500,UR,FR,P08
93,680000,UR,FR,P08
93,682500,UR,FR,P08
93,685000,UR,FR,P08
93,687500,UR,FR,P08
93,690000,UR,FR,P08
93,692500,UR,FR,P08
93,695000,UR,FR,P08
93,697500,UR,FR,P08
93,700000,UR,FR,P08
93,702500,UR,FR,P08
93,705000,UR,FR,P08
93,707500,UR,FR,P08
93,710000,UR,FR,P08
93,712500,UR,FR,P08
93,715000,UR,FR,P08
93,717500,UR,FR,P08
93,720000,UR,FR,P08
93,722500,UR,FR,P08
93,725000,UR,FR,P08
93,727500,UR,FR,P08
93,740000,UR,FR,P08
93,752500,UR,FR,P08
93,755000,UR,FR,P08
93,757500,UR,FR,P08
93,760000,UR,FR,P08
93,762500,UR,FR,P08
93,765000,UR,FR,P08
93,767500,UR,FR,P08
93,770000,UR,FR,P08
93,772500,UR,FR,P08
93,775000,UR,FR,P08
93,787500,UR,FR,P08
93,790000,UR,FR,P08
93,792500,UR,FR,P08
93,795000,UR,FR,P08
93,797500,UR,FR,P08
93,800000,UR,FR,P08
93,802500,UR,FR,P08
93,805000,UR,FR,P08
93,807500,UR,FR,P08
93,810000,UR,FR,P08
93,812500,UR,FR,P08
93,815000,UR,FR,P08
93,817500,UR,FR,P08
93,820000,UR,FR,P08
93,822500,UR,FR,P08
93,825000,UR,FR,P08
93,827500,UR,FR,P08
93,830000,UR,FR,P08
93,832500,UR,FR,P08
93,835000,UR,FR,P08
93,837500,UR,FR,P08
93,840000,UR,FR,P08
93,842500,UR,FR,P08
93,845000,UR,FR,P08
93,847500,UR,FR,P08
93,850000,UR,FR,P08
93,852500,UR,FR,P08
93,855000,UR,FR,P08
93,857500,UR,FR,P08
93,860000,UR,FR,P08
93,862500,UR,FR,P08
93,865000,UR,FR,P08
93,867500,UR,FR,P08
93,880000,UR,FR,P08
93,882500,UR,FR,P08
93,885000,UR,FR,P08
93,890000,UR,FR,P08
93,892500,UR,FR,P08
93,895000,UR,FR,P08
93,897500,UR,FR,P08
93,900000,UR,FR,P08
93,902500,UR,FR,P08
93,905000,UR,FR,P08
93,927500,UR,FR,P08
93,930000,UR,FR,P08
93,932500,UR,FR,P08
93,935000,UR,FR,P08
93,937500,UR,FR,P08
93,940000,UR,FR,P08
93,942500,UR,FR,P08
93,945000,UR,FR,P08
93,947500,UR,FR,P08
93,952500,UR,FR,P08
93,957500,UR,FR,P08
93,960000,UR,FR,P08
93,972500,UR,FR,P08
93,977500,UR,FR,P08
93,980000,UR,FR,P08
93,992500,UR,FR,P08
93,1000000,UR,FR,P08
93,1002500,UR,FR,P08
93,1005000,UR,FR,P08
93,1007500,UR,FR,P08
93,1012500,UR,FR,P08
93,1017500,UR,FR,P08
93,1020000,UR,FR,P08
93,1022500,UR,FR,P08
93,1025000,UR,FR,P08
93,1027500,UR,FR,P08
93,1030000,UR,FR,P08
93,1032500,UR,FR,P08
93,1035000,UR,FR,P08
93,1037500,UR,FR,P08
93,1040000,UR,FR,P08
93,1042500,UR,FR,P08
93,1045000,UR,FR,P08
93,1047500,UR,FR,P08
93,1050000,UR,FR,P08
93,1052500,UR,FR,P08
93,1065000,UR,FR,P08
93,1067500,UR,FR,P08
93,1070000,UR,FR,P08
93,1072500,UR,FR,P08
93,1080000,UR,FR,P08
93,1082500,UR,FR,P08
93,1085000,UR,FR,P08
93,1087500,UR,FR,P08
93,1090000,UR,FR,P08
93,1092500,UR,FR,P08
93,1095000,UR,FR,P08
93,1097500,UR,FR,P08
93,1100000,UR,FR,P08
93,1102500,UR,FR,P08
93,1105000,UR,FR,P08
93,1107500,UR,FR,P08
93,1115000,UR,FR,P08
93,1117500,UR,FR,P08
93,1122500,UR,FR,P08
93,1125000,UR,FR,P08
93,1127500,UR,FR,P08
93,1130000,UR,FR,P08
93,1132500,UR,FR,P08
93,1135000,UR,FR,P08
93,1137500,UR,FR,P08
93,1140000,UR,FR,P08
93,1142500,UR,FR,P08
93,1145000,UR,FR,P08
93,1147500,UR,FR,P08
93,1150000,UR,FR,P08
93,1152500,UR,FR,P08
93,1155000,UR,FR,P08
93,1157500,UR,FR,P08
93,1160000,UR,FR,P08
93,1162500,UR,FR,P08
93,1175000,UR,FR,P08
93,1177500,UR,FR,P08
93,1180000,UR,FR,P08
93,1200000,UR,FR,P08
93,1202500,UR,FR,P08
93,1205000,UR,FR,P08
93,1207500,UR,FR,P08
93,1210000,UR,FR,P08
93,1212500,UR,FR,P08
93,1215000,UR,FR,P08
93,1220000,UR,FR,P08
93,1247500,UR,FR,P08
93,1250000,UR,FR,P08
93,1252500,UR,FR,P08
93,1255000,UR,FR,P08
93,1257500,UR,FR,P08
93,1260000,UR,FR,P08
93,1262500,UR,FR,P08
93,1265000,UR,FR,P08
93,1267500,UR,FR,P08
93,1270000,UR,FR,P08
93,1272500,UR,FR,P08
93,1275000,UR,FR,P08
93,1277500,UR,FR,P08
93,1280000,UR,FR,P08
93,1282500,UR,FR,P08
93,1285000,UR,FR,P08
93,1287500,UR,FR,P08
93,1290000,UR,FR,P08
93,1292500,UR,FR,P08
93,1295000,UR,FR,P08
93,1297500,UR,FR,P08
93,1300000,UR,FR,P08
93,1302500,UR,FR,P08
93,1305000,UR,FR,P08
93,1307500,UR,FR,P08
93,1310000,UR,FR,P08
93,1312500,UR,FR,P08
93,1322500,UR,FR,P08
93,1325000,UR,FR,P08
93,1327500,UR,FR,P08
93,1330000,UR,FR,P08
93,1332500,UR,FR,P08
93,1337500,UR,FR,P08
93,1340000,UR,FR,P08
93,1345000,UR,FR,P08
93,1355000,UR,FR,P08
93,1357500,UR,FR,P08
93,1365000,UR,FR,P08
93,1367500,UR,FR,P08
93,1380000,UR,FR,P08
93,1382500,UR,FR,P08
93,1385000,UR,FR,P08
93,1387500,UR,FR,P08
93,1390000,UR,FR,P08
93,1392500,UR,FR,P08
93,1395000,UR,FR,P08
93,1397500,UR,FR,P08
93,1400000,UR,FR,P08
93,1402500,UR,FR,P08
93,1410000,UR,FR,P08
93,1412500,UR,FR,P08
93,1417500,UR,FR,P08
93,1422500,UR,FR,P08
93,1425000,UR,FR,P08
93,1432500,UR,FR,P08
93,1435000,UR,FR,P08
93,1437500,UR,FR,P08
93,1440000,UR,FR,P08
93,1447500,UR,FR,P08
93,1450000,UR,FR,P08
93,1452500,UR,FR,P08
93,1455000,UR,FR,P08
93,1457500,UR,FR,P08
93,1460000,UR,FR,P08
93,1462500,UR,FR,P08
93,1467500,UR,FR,P08
93,1470000,UR,FR,P08
93,1472500,UR,FR,P08
93,1475000,UR,FR,P08
94,17500,UR,LU,P08
94,20000,UR,LU,P08
94,25000,UR,LU,P08
94,42500,UR,LU,P08
94,45000,UR,LU,P08
94,47500,UR,LU,P08
94,50000,UR,LU,P08
94,52500,UR,LU,P08
94,55000,UR,LU,P08
94,57500,UR,LU,P08
94,62500,UR,LU,P08
94,65000,UR,LU,P08
94,67500,UR,LU,P08
94,72500,UR,LU,P08
94,75000,UR,LU,P08
94,77500,UR,LU,P08
94,80000,UR,LU,P08
94,82500,UR,LU,P08
94,95000,UR,LU,P08
94,97500,UR,LU,P08
94,100000,UR,LU,P08
94,102500,UR,LU,P08
94,105000,UR,LU,P08
94,107500,UR,LU,P08
94,110000,UR,LU,P08
94,112500,UR,LU,P08
94,115000,UR,LU,P08
94,117500,UR,LU,P08
94,120000,UR,LU,P08
94,122500,UR,LU,P08
94,125000,UR,LU,P08
94,127500,UR,LU,P08
94,130000,UR,LU,P08
94,132500,UR,LU,P08
94,135000,UR,LU,P08
94,137500,UR,LU,P08
94,140000,UR,LU,P08
94,142500,UR,LU,P08
94,145000,UR,LU,P08
94,147500,UR,LU,P08
94,150000,UR,LU,P08
94,152500,UR,LU,P08
94,155000,UR,LU,P08
94,157500,UR,LU,P08
94,160000,UR,LU,P08
94,162500,UR,LU,P08
94,165000,UR,LU,P08
94,167500,UR,LU,P08
94,170000,UR,LU,P08
94,180000,UR,LU,P08
94,182500,UR,LU,P08
94,192500,UR,LU,P08
94,195000,UR,LU,P08
94,197500,UR,LU,P08
94,200000,UR,LU,P08
94,202500,UR,LU,P08
94,207500,UR,LU,P08
94,210000,UR,LU,P08
94,212500,UR,LU,P08
94,215000,UR,LU,P08
94,217500,UR,LU,P08
94,220000,UR,LU,P08
94,222500,UR,LU,P08
94,225000,UR,LU,P08
94,227500,UR,LU,P08
94,230000,UR,LU,P08
94,232500,UR,LU,P08
94,235000,UR,LU,P08
94,237500,UR,LU,P08
94,240000,UR,LU,P08
94,242500,UR,LU,P08
94,245000,UR,LU,P08
94,247500,UR,LU,P08
94,250000,UR,LU,P08
94,252500,UR,LU,P08
94,255000,UR,LU,P08
94,257500,UR,LU,P08
94,260000,UR,LU,P08
94,262500,UR,LU,P08
94,265000,UR,LU,P08
94,267500,UR,LU,P08
94,270000,UR,LU,P08
94,272500,UR,LU,P08
94,275000,UR,LU,P08
94,277500,UR,LU,P08
94,280000,UR,LU,P08
94,282500,UR,LU,P08
94,285000,UR,LU,P08
94,287500,UR,LU,P08
94,290000,UR,LU,P08
94,292500,UR,LU,P08
94,295000,UR,LU,P08
94,297500,UR,LU,P08
94,300000,UR,LU,P08
94,302500,UR,LU,P08
94,305000,UR,LU,P08
94,307500,UR,LU,P08
94,310000,UR,LU,P08
94,312500,UR,LU,P08
94,315000,UR,LU,P08
94,317500,UR,LU,P08
94,320000,UR,LU,P08
94,330000,UR,LU,P08
94,335000,UR,LU,P08
94,337500,UR,LU,P08
94,342500,UR,LU,P08
94,345000,UR,LU,P08
94,347500,UR,LU,P08
94,350000,UR,LU,P08
94,352500,UR,LU,P08
94,355000,UR,LU,P08
94,357500,UR,LU,P08
94,360000,UR,LU,P08
94,362500,UR,LU,P08
94,365000,UR,LU,P08
94,367500,UR,LU,P08
94,370000,UR,LU,P08
94,372500,UR,LU,P08
94,375000,UR,LU,P08
94,377500,UR,LU,P08
94,380000,UR,LU,P08
94,382500,UR,LU,P08
94,385000,UR,LU,P08
94,387500,UR,LU,P08
94,390000,UR,LU,P08
94,392500,UR,LU,P08
94,395000,UR,LU,P08
94,397500,UR,LU,P08
94,400000,UR,LU,P08
94,402500,UR,LU,P08
94,405000,UR,LU,P08
94,407500,UR,LU,P08
94,410000,UR,LU,P08
94,412500,UR,LU,P08
94,507500,UR,LU,P08
94,510000,UR,LU,P08
94,512500,UR,LU,P08
94,515000,UR,LU,P08
94,517500,UR,LU,P08
94,520000,UR,LU,P08
94,522500,UR,LU,P08
94,525000,UR,LU,P08
94,527500,UR,LU,P08
94,530000,UR,LU,P08
94,532500,UR,LU,P08
94,535000,UR,LU,P08
94,537500,UR,LU,P08
94,540000,UR,LU,P08
94,542500,UR,LU,P08
94,545000,UR,LU,P08
94,547500,UR,LU,P08
94,550000,UR,LU,P08
94,552500,UR,LU,P08
94,555000,UR,LU,P08
94,557500,UR,LU,P08
94,560000,UR,LU,P08
94,562500,UR,LU,P08
94,565000,UR,LU,P08
94,567500,UR,LU,P08
94,570000,UR,LU,P08
94,572500,UR,LU,P08
94,575000,UR,LU,P08
94,577500,UR,LU,P08
94,580000,UR,LU,P08
94,582500,UR,LU,P08
94,585000,UR,LU,P08
94,587500,UR,LU,P08
94,590000,UR,LU,P08
94,592500,UR,LU,P08
94,595000,UR,LU,P08
94,597500,UR,LU,P08
94,600000,UR,LU,P08
94,602500,UR,LU,P08
94,605000,UR,LU,P08
94,607500,UR,LU,P08
94,610000,UR,LU,P08
94,612500,UR,LU,P08
94,615000,UR,LU,P08
94,617500,UR,LU,P08
94,620000,UR,LU,P08
94,622500,UR,LU,P08
94,625000,UR,LU,P08
94,627500,UR,LU,P08
94,630000,UR,LU,P08
94,632500,UR,LU,P08
94,635000,UR,LU,P08
94,637500,UR,LU,P08
94,640000,UR,LU,P08
94,642500,UR,LU,P08
94,645000,UR,LU,P08
94,647500,UR,LU,P08
94,650000,UR,LU,P08
94,652500,UR,LU,P08
94,655000,UR,LU,P08
94,657500,UR,LU,P08
94,660000,UR,LU,P08
94,662500,UR,LU,P08
94,665000,UR,LU,P08
94,667500,UR,LU,P08
94,670000,UR,LU,P08
94,672500,UR,LU,P08
94,675000,UR,LU,P08
94,677500,UR,LU,P08
94,680000,UR,LU,P08
94,682500,UR,LU,P08
94,685000,UR,LU,P08
94,687500,UR,LU,P08
94,700000,UR,LU,P08
94,702500,UR,LU,P08
94,705000,UR,LU,P08
94,707500,UR,LU,P08
94,710000,UR,LU,P08
94,712500,UR,LU,P08
94,715000,UR,LU,P08
94,717500,UR,LU,P08
94,720000,UR,LU,P08
94,722500,UR,LU,P08
94,725000,UR,LU,P08
94,727500,UR,LU,P08
94,730000,UR,LU,P08
94,732500,UR,LU,P08
94,735000,UR,LU,P08
94,737500,UR,LU,P08
94,740000,UR,LU,P08
94,742500,UR,LU,P08
94,745000,UR,LU,P08
94,747500,UR,LU,P08
94,750000,UR,LU,P08
94,752500,UR,LU,P08
94,755000,UR,LU,P08
94,757500,UR,LU,P08
94,760000,UR,LU,P08
94,762500,UR,LU,P08
94,765000,UR,LU,P08
94,767500,UR,LU,P08
94,770000,UR,LU,P08
94,772500,UR,LU,P08
94,775000,UR,LU,P08
94,787500,UR,LU,P08
94,790000,UR,LU,P08
94,792500,UR,LU,P08
94,800000,UR,LU,P08
94,815000,UR,LU,P08
94,825000,UR,LU,P08
94,827500,UR,LU,P08
94,830000,UR,LU,P08
94,832500,UR,LU,P08
94,845000,UR,LU,P08
94,847500,UR,LU,P08
94,850000,UR,LU,P08
94,852500,UR,LU,P08
94,855000,UR,LU,P08
94,857500,UR,LU,P08
94,860000,UR,LU,P08
94,862500,UR,LU,P08
94,865000,UR,LU,P08
94,867500,UR,LU,P08
94,870000,UR,LU,P08
94,872500,UR,LU,P08
94,875000,UR,LU,P08
94,877500,UR,LU,P08
94,880000,UR,LU,P08
94,882500,UR,LU,P08
94,885000,UR,LU,P08
94,887500,UR,LU,P08
94,890000,UR,LU,P08
94,892500,UR,LU,P08
94,895000,UR,LU,P08
94,897500,UR,LU,P08
94,900000,UR,LU,P08
94,902500,UR,LU,P08
94,905000,UR,LU,P08
94,920000,UR,LU,P08
94,922500,UR,LU,P08
94,925000,UR,LU,P08
94,927500,UR,LU,P08
94,930000,UR,LU,P08
94,932500,UR,LU,P08
94,935000,UR,LU,P08
94,945000,UR,LU,P08
94,947500,UR,LU,P08
94,950000,UR,LU,P08
94,952500,UR,LU,P08
94,955000,UR,LU,P08
94,957500,UR,LU,P08
94,960000,UR,LU,P08
94,962500,UR,LU,P08
94,965000,UR,LU,P08
94,967500,UR,LU,P08
94,970000,UR,LU,P08
94,980000,UR,LU,P08
94,982500,UR,LU,P08
94,985000,UR,LU,P08
94,987500,UR,LU,P08
94,990000,UR,LU,P08
94,995000,UR,LU,P08
94,997500,UR,LU,P08
94,1000000,UR,LU,P08
94,1002500,UR,LU,P08
94,1005000,UR,LU,P08
94,1007500,UR,LU,P08
94,1010000,UR,LU,P08
94,1012500,UR,LU,P08
94,1022500,UR,LU,P08
94,1025000,UR,LU,P08
94,1027500,UR,LU,P08
94,1032500,UR,LU,P08
94,1035000,UR,LU,P08
94,1037500,UR,LU,P08
94,1040000,UR,LU,P08
94,1042500,UR,LU,P08
94,1045000,UR,LU,P08
94,1047500,UR,LU,P08
94,1050000,UR,LU,P08
94,1052500,UR,LU,P08
94,1055000,UR,LU,P08
94,1065000,UR,LU,P08
94,1067500,UR,LU,P08
94,1082500,UR,LU,P08
94,1085000,UR,LU,P08
94,1087500,UR,LU,P08
94,1090000,UR,LU,P08
94,1110000,UR,LU,P08
94,1112500,UR,LU,P08
94,1115000,UR,LU,P08
94,1117500,UR,LU,P08
94,1120000,UR,LU,P08
94,1122500,UR,LU,P08
94,1125000,UR,LU,P08
94,1127500,UR,LU,P08
94,1132500,UR,LU,P08
94,1135000,UR,LU,P08
94,1137500,UR,LU,P08
94,1140000,UR,LU,P08
94,1142500,UR,LU,P08
94,1145000,UR,LU,P08
94,1147500,UR,LU,P08
94,1150000,UR,LU,P08
94,1152500,UR,LU,P08
94,1155000,UR,LU,P08
94,1157500,UR,LU,P08
94,1160000,UR,LU,P08
94,1162500,UR,LU,P08
94,1165000,UR,LU,P08
94,1167500,UR,LU,P08
94,1170000,UR,LU,P08
94,1172500,UR,LU,P08
94,1175000,UR,LU,P08
94,1177500,UR,LU,P08
94,1182500,UR,LU,P08
94,1185000,UR,LU,P08
94,1187500,UR,LU,P08
94,1190000,UR,LU,P08
94,1192500,UR,LU,P08
94,1195000,UR,LU,P08
94,1217500,UR,LU,P08
94,1222500,UR,LU,P08
94,1225000,UR,LU,P08
94,1227500,UR,LU,P08
94,1247500,UR,LU,P08
94,1250000,UR,LU,P08
94,1252500,UR,LU,P08
94,1255000,UR,LU,P08
94,1257500,UR,LU,P08
94,1260000,UR,LU,P08
94,1262500,UR,LU,P08
94,1265000,UR,LU,P08
94,1267500,UR,LU,P08
94,1275000,UR,LU,P08
94,1277500,UR,LU,P08
94,1280000,UR,LU,P08
94,1282500,UR,LU,P08
94,1285000,UR,LU,P08
94,1287500,UR,LU,P08
94,1290000,UR,LU,P08
94,1292500,UR,LU,P08
94,1295000,UR,LU,P08
94,1297500,UR,LU,P08
94,1300000,UR,LU,P08
94,1302500,UR,LU,P08
94,1305000,UR,LU,P08
94,1307500,UR,LU,P08
94,1310000,UR,LU,P08
94,1322500,UR,LU,P08
94,1325000,UR,LU,P08
94,1327500,UR,LU,P08
94,1330000,UR,LU,P08
94,1332500,UR,LU,P08
94,1335000,UR,LU,P08
94,1337500,UR,LU,P08
94,1340000,UR,LU,P08
94,1342500,UR,LU,P08
94,1345000,UR,LU,P08
94,1347500,UR,LU,P08
94,1350000,UR,LU,P08
94,1352500,UR,LU,P08
94,1355000,UR,LU,P08
94,1357500,UR,LU,P08
94,1370000,UR,LU,P08
94,1372500,UR,LU,P08
94,1375000,UR,LU,P08
94,1377500,UR,LU,P08
94,1380000,UR,LU,P08
94,1382500,UR,LU,P08
94,1385000,UR,LU,P08
94,1387500,UR,LU,P08
94,1390000,UR,LU,P08
94,1392500,UR,LU,P08
94,1395000,UR,LU,P08
94,1397500,UR,LU,P08
94,1400000,UR,LU,P08
94,1402500,UR,LU,P08
94,1407500,UR,LU,P08
94,1410000,UR,LU,P08
94,1412500,UR,LU,P08
94,1415000,UR,LU,P08
94,1417500,UR,LU,P08
94,1420000,UR,LU,P08
94,1422500,UR,LU,P08
94,1425000,UR,LU,P08
94,1427500,UR,LU,P08
94,1430000,UR,LU,P08
94,1432500,UR,LU,P08
94,1435000,UR,LU,P08
94,1437500,UR,LU,P08
94,1440000,UR,LU,P08
94,1442500,UR,LU,P08
94,1445000,UR,LU,P08
94,1447500,UR,LU,P08
94,1450000,UR,LU,P08
94,1452500,UR,LU,P08
94,1455000,UR,LU,P08
94,1457500,UR,LU,P08
94,1460000,UR,LU,P08
94,1462500,UR,LU,P08
94,1465000,UR,LU,P08
94,1467500,UR,LU,P08
94,1470000,UR,LU,P08
94,1472500,UR,LU,P08
94,1475000,UR,LU,P08
95,0,UR,XP,P08
95,2500,UR,XP,P08
95,5000,UR,XP,P08
95,22500,UR,XP,P08
95,25000,UR,XP,P08
95,27500,UR,XP,P08
95,30000,UR,XP,P08
95,32500,UR,XP,P08
95,35000,UR,XP,P08
95,37500,UR,XP,P08
95,40000,UR,XP,P08
95,45000,UR,XP,P08
95,47500,UR,XP,P08
95,50000,UR,XP,P08
95,52500,UR,XP,P08
95,55000,UR,XP,P08
95,57500,UR,XP,P08
95,67500,UR,XP,P08
95,70000,UR,XP,P08
95,72500,UR,XP,P08
95,75000,UR,XP,P08
95,77500,UR,XP,P08
95,80000,UR,XP,P08
95,82500,UR,XP,P08
95,85000,UR,XP,P08
95,87500,UR,XP,P08
95,90000,UR,XP,P08
95,92500,UR,XP,P08
95,162500,UR,XP,P08
95,165000,UR,XP,P08
95,167500,UR,XP,P08
95,170000,UR,XP,P08
95,175000,UR,XP,P08
95,177500,UR,XP,P08
95,200000,UR,XP,P08
95,202500,UR,XP,P08
95,210000,UR,XP,P08
95,212500,UR,XP,P08
95,215000,UR,XP,P08
95,217500,UR,XP,P08
95,222500,UR,XP,P08
95,230000,UR,XP,P08
95,237500,UR,XP,P08
95,275000,UR,XP,P08
95,277500,UR,XP,P08
95,282500,UR,XP,P08
95,285000,UR,XP,P08
95,287500,UR,XP,P08
95,290000,UR,XP,P08
95,292500,UR,XP,P08
95,295000,UR,XP,P08
95,297500,UR,XP,P08
95,300000,UR,XP,P08
95,302500,UR,XP,P08
95,305000,UR,XP,P08
95,307500,UR,XP,P08
95,310000,UR,XP,P08
95,312500,UR,XP,P08
95,315000,UR,XP,P08
95,317500,UR,XP,P08
95,320000,UR,XP,P08
95,322500,UR,XP,P08
95,342500,UR,XP,P08
95,345000,UR,XP,P08
95,347500,UR,XP,P08
95,350000,UR,XP,P08
95,352500,UR,XP,P08
95,355000,UR,XP,P08
95,357500,UR,XP,P08
95,360000,UR,XP,P08
95,362500,UR,XP,P08
95,372500,UR,XP,P08
95,375000,UR,XP,P08
95,377500,UR,XP,P08
95,380000,UR,XP,P08
95,382500,UR,XP,P08
95,385000,UR,XP,P08
95,387500,UR,XP,P08
95,390000,UR,XP,P08
95,392500,UR,XP,P08
95,395000,UR,XP,P08
95,397500,UR,XP,P08
95,400000,UR,XP,P08
95,402500,UR,XP,P08
95,405000,UR,XP,P08
95,407500,UR,XP,P08
95,410000,UR,XP,P08
95,412500,UR,XP,P08
95,415000,UR,XP,P08
95,417500,UR,XP,P08
95,420000,UR,XP,P08
95,422500,UR,XP,P08
95,425000,UR,XP,P08
95,427500,UR,XP,P08
95,430000,UR,XP,P08
95,432500,UR,XP,P08
95,435000,UR,XP,P08
95,437500,UR,XP,P08
95,440000,UR,XP,P08
95,442500,UR,XP,P08
95,447500,UR,XP,P08
95,450000,UR,XP,P08
95,452500,UR,XP,P08
95,455000,UR,XP,P08
95,457500,UR,XP,P08
95,460000,UR,XP,P08
95,462500,UR,XP,P08
95,465000,UR,XP,P08
95,467500,UR,XP,P08
95,470000,UR,XP,P08
95,472500,UR,XP,P08
95,475000,UR,XP,P08
95,477500,UR,XP,P08
95,480000,UR,XP,P08
95,482500,UR,XP,P08
95,485000,UR,XP,P08
95,487500,UR,XP,P08
95,490000,UR,XP,P08
95,492500,UR,XP,P08
95,495000,UR,XP,P08
95,497500,UR,XP,P08
95,500000,UR,XP,P08
95,502500,UR,XP,P08
95,505000,UR,XP,P08
95,507500,UR,XP,P08
95,510000,UR,XP,P08
95,512500,UR,XP,P08
95,515000,UR,XP,P08
95,517500,UR,XP,P08
95,522500,UR,XP,P08
95,525000,UR,XP,P08
95,527500,UR,XP,P08
95,530000,UR,XP,P08
95,532500,UR,XP,P08
95,535000,UR,XP,P08
95,537500,UR,XP,P08
95,540000,UR,XP,P08
95,542500,UR,XP,P08
95,545000,UR,XP,P08
95,547500,UR,XP,P08
95,550000,UR,XP,P08
95,552500,UR,XP,P08
95,555000,UR,XP,P08
95,557500,UR,XP,P08
95,560000,UR,XP,P08
95,562500,UR,XP,P08
95,565000,UR,XP,P08
95,567500,UR,XP,P08
95,570000,UR,XP,P08
95,572500,UR,XP,P08
95,575000,UR,XP,P08
95,577500,UR,XP,P08
95,580000,UR,XP,P08
95,582500,UR,XP,P08
95,585000,UR,XP,P08
95,587500,UR,XP,P08
95,590000,UR,XP,P08
95,592500,UR,XP,P08
95,595000,UR,XP,P08
95,597500,UR,XP,P08
95,600000,UR,XP,P08
95,627500,UR,XP,P08
95,677500,UR,XP,P08
95,680000,UR,XP,P08
95,682500,UR,XP,P08
95,685000,UR,XP,P08
95,687500,UR,XP,P08
95,690000,UR,XP,P08
95,692500,UR,XP,P08
95,695000,UR,XP,P08
95,697500,UR,XP,P08
95,700000,UR,XP,P08
95,702500,UR,XP,P08
95,705000,UR,XP,P08
95,707500,UR,XP,P08
95,710000,UR,XP,P08
95,712500,UR,XP,P08
95,715000,UR,XP,P08
95,717500,UR,XP,P08
95,720000,UR,XP,P08
95,722500,UR,XP,P08
95,725000,UR,XP,P08
95,727500,UR,XP,P08
95,730000,UR,XP,P08
95,732500,UR,XP,P08
95,735000,UR,XP,P08
95,742500,UR,XP,P08
95,745000,UR,XP,P08
95,747500,UR,XP,P08
95,750000,UR,XP,P08
95,752500,UR,XP,P08
95,755000,UR,XP,P08
95,757500,UR,XP,P08
95,760000,UR,XP,P08
95,762500,UR,XP,P08
95,765000,UR,XP,P08
95,767500,UR,XP,P08
95,770000,UR,XP,P08
95,772500,UR,XP,P08
95,775000,UR,XP,P08
95,777500,UR,XP,P08
95,780000,UR,XP,P08
95,782500,UR,XP,P08
95,785000,UR,XP,P08
95,792500,UR,XP,P08
95,795000,UR,XP,P08
95,797500,UR,XP,P08
95,800000,UR,XP,P08
95,802500,UR,XP,P08
95,805000,UR,XP,P08
95,807500,UR,XP,P08
95,810000,UR,XP,P08
95,812500,UR,XP,P08
95,815000,UR,XP,P08
95,817500,UR,XP,P08
95,820000,UR,XP,P08
95,822500,UR,XP,P08
95,825000,UR,XP,P08
95,827500,UR,XP,P08
95,830000,UR,XP,P08
95,832500,UR,XP,P08
95,835000,UR,XP,P08
95,837500,UR,XP,P08
95,840000,UR,XP,P08
95,842500,UR,XP,P08
95,845000,UR,XP,P08
95,847500,UR,XP,P08
95,850000,UR,XP,P08
95,852500,UR,XP,P08
95,855000,UR,XP,P08
95,857500,UR,XP,P08
95,860000,UR,XP,P08
95,862500,UR,XP,P08
95,865000,UR,XP,P08
95,867500,UR,XP,P08
95,870000,UR,XP,P08
95,872500,UR,XP,P08
95,875000,UR,XP,P08
95,877500,UR,XP,P08
95,880000,UR,XP,P08
95,882500,UR,XP,P08
95,885000,UR,XP,P08
95,887500,UR,XP,P08
95,890000,UR,XP,P08
95,892500,UR,XP,P08
95,895000,UR,XP,P08
95,897500,UR,XP,P08
95,900000,UR,XP,P08
95,902500,UR,XP,P08
95,905000,UR,XP,P08
95,907500,UR,XP,P08
95,910000,UR,XP,P08
95,912500,UR,XP,P08
95,915000,UR,XP,P08
95,917500,UR,XP,P08
95,920000,UR,XP,P08
95,922500,UR,XP,P08
95,925000,UR,XP,P08
95,927500,UR,XP,P08
95,930000,UR,XP,P08
95,932500,UR,XP,P08
95,935000,UR,XP,P08
95,937500,UR,XP,P08
95,940000,UR,XP,P08
95,942500,UR,XP,P08
95,945000,UR,XP,P08
95,947500,UR,XP,P08
95,950000,UR,XP,P08
95,952500,UR,XP,P08
95,955000,UR,XP,P08
95,957500,UR,XP,P08
95,960000,UR,XP,P08
95,962500,UR,XP,P08
95,965000,UR,XP,P08
95,967500,UR,XP,P08
95,970000,UR,XP,P08
95,972500,UR,XP,P08
95,975000,UR,XP,P08
95,977500,UR,XP,P08
95,980000,UR,XP,P08
95,985000,UR,XP,P08
95,987500,UR,XP,P08
95,990000,UR,XP,P08
95,995000,UR,XP,P08
95,997500,UR,XP,P08
95,1000000,UR,XP,P08
95,1002500,UR,XP,P08
95,1005000,UR,XP,P08
95,1007500,UR,XP,P08
95,1010000,UR,XP,P08
95,1012500,UR,XP,P08
95,1015000,UR,XP,P08
95,1017500,UR,XP,P08
95,1020000,UR,XP,P08
95,1022500,UR,XP,P08
95,1025000,UR,XP,P08
95,1027500,UR,XP,P08
95,1030000,UR,XP,P08
95,1032500,UR,XP,P08
95,1035000,UR,XP,P08
95,1037500,UR,XP,P08
95,1040000,UR,XP,P08
95,1042500,UR,XP,P08
95,1045000,UR,XP,P08
95,1047500,UR,XP,P08
95,1050000,UR,XP,P08
95,1052500,UR,XP,P08
95,1055000,UR,XP,P08
95,1057500,UR,XP,P08
95,1060000,UR,XP,P08
95,1062500,UR,XP,P08
95,1065000,UR,XP,P08
95,1067500,UR,XP,P08
95,1070000,UR,XP,P08
95,1072500,UR,XP,P08
95,1075000,UR,XP,P08
95,1077500,UR,XP,P08
95,1080000,UR,XP,P08
95,1082500,UR,XP,P08
95,1085000,UR,XP,P08
95,1087500,UR,XP,P08
95,1090000,UR,XP,P08
95,1122500,UR,XP,P08
95,1125000,UR,XP,P08
95,1165000,UR,XP,P08
95,1167500,UR,XP,P08
95,1170000,UR,XP,P08
95,1172500,UR,XP,P08
95,1175000,UR,XP,P08
95,1177500,UR,XP,P08
95,1180000,UR,XP,P08
95,1182500,UR,XP,P08
95,1185000,UR,XP,P08
95,1187500,UR,XP,P08
95,1190000,UR,XP,P08
95,1192500,UR,XP,P08
95,1195000,UR,XP,P08
95,1197500,UR,XP,P08
95,1217500,UR,XP,P08
95,1220000,UR,XP,P08
95,1222500,UR,XP,P08
95,1225000,UR,XP,P08
95,1227500,UR,XP,P08
95,1230000,UR,XP,P08
95,1232500,UR,XP,P08
95,1235000,UR,XP,P08
95,1237500,UR,XP,P08
95,1240000,UR,XP,P08
95,1242500,UR,XP,P08
95,1245000,UR,XP,P08
95,1247500,UR,XP,P08
95,1250000,UR,XP,P08
95,1252500,UR,XP,P08
95,1255000,UR,XP,P08
95,1257500,UR,XP,P08
95,1260000,UR,XP,P08
95,1262500,UR,XP,P08
95,1265000,UR,XP,P08
95,1267500,UR,XP,P08
95,1270000,UR,XP,P08
95,1272500,UR,XP,P08
95,1275000,UR,XP,P08
95,1277500,UR,XP,P08
95,1280000,UR,XP,P08
95,1282500,UR,XP,P08
95,1285000,UR,XP,P08
95,1287500,UR,XP,P08
95,1290000,UR,XP,P08
95,1292500,UR,XP,P08
95,1295000,UR,XP,P08
95,1297500,UR,XP,P08
95,1300000,UR,XP,P08
95,1302500,UR,XP,P08
95,1305000,UR,XP,P08
95,1307500,UR,XP,P08
95,1310000,UR,XP,P08
95,1312500,UR,XP,P08
95,1315000,UR,XP,P08
95,1317500,UR,XP,P08
95,1320000,UR,XP,P08
95,1322500,UR,XP,P08
95,1325000,UR,XP,P08
95,1327500,UR,XP,P08
95,1330000,UR,XP,P08
95,1332500,UR,XP,P08
95,1335000,UR,XP,P08
95,1337500,UR,XP,P08
95,1340000,UR,XP,P08
95,1342500,UR,XP,P08
95,1345000,UR,XP,P08
95,1347500,UR,XP,P08
95,1350000,UR,XP,P08
95,1352500,UR,XP,P08
95,1355000,UR,XP,P08
95,1357500,UR,XP,P08
95,1360000,UR,XP,P08
95,1362500,UR,XP,P08
95,1365000,UR,XP,P08
95,1367500,UR,XP,P08
95,1370000,UR,XP,P08
95,1372500,UR,XP,P08
95,1375000,UR,XP,P08
95,1377500,UR,XP,P08
95,1380000,UR,XP,P08
95,1382500,UR,XP,P08
95,1385000,UR,XP,P08
95,1387500,UR,XP,P08
95,1390000,UR,XP,P08
95,1392500,UR,XP,P08
95,1395000,UR,XP,P08
95,1397500,UR,XP,P08
95,1400000,UR,XP,P08
95,1402500,UR,XP,P08
95,1415000,UR,XP,P08
95,1432500,UR,XP,P08
95,1437500,UR,XP,P08
95,1440000,UR,XP,P08
95,1442500,UR,XP,P08
95,1445000,UR,XP,P08
95,1447500,UR,XP,P08
95,1450000,UR,XP,P08
95,1452500,UR,XP,P08
95,1455000,UR,XP,P08
95,1457500,UR,XP,P08
95,1460000,UR,XP,P08
95,1462500,UR,XP,P08
95,1465000,UR,XP,P08
95,1467500,UR,XP,P08
95,1470000,UR,XP,P08
95,1472500,UR,XP,P08
95,1475000,UR,XP,P08
96,0,DL,FR,P09
96,2500,DL,FR,P09
96,5000,DL,FR,P09
96,7500,DL,FR,P09
96,10000,DL,FR,P09
96,12500,DL,FR,P09
96,15000,DL,FR,P09
96,17500,DL,FR,P09
96,20000,DL,FR,P09
96,22500,DL,FR,P09
96,25000,DL,FR,P09
96,27500,DL,FR,P09
96,30000,DL,FR,P09
96,35000,DL,FR,P09
96,37500,DL,FR,P09
96,40000,DL,FR,P09
96,42500,DL,FR,P09
96,47500,DL,FR,P09
96,50000,DL,FR,P09
96,52500,DL,FR,P09
96,55000,DL,FR,P09
96,57500,DL,FR,P09
96,60000,DL,FR,P09
96,62500,DL,FR,P09
96,67500,DL,FR,P09
96,70000,DL,FR,P09
96,72500,DL,FR,P09
96,75000,DL,FR,P09
96,92500,DL,FR,P09
96,95000,DL,FR,P09
96,100000,DL,FR,P09
96,107500,DL,FR,P09
96,110000,DL,FR,P09
96,120000,DL,FR,P09
96,122500,DL,FR,P09
96,125000,DL,FR,P09
96,127500,DL,FR,P09
96,135000,DL,FR,P09
96,140000,DL,FR,P09
96,142500,DL,FR,P09
96,145000,DL,FR,P09
96,147500,DL,FR,P09
96,152500,DL,FR,P09
96,155000,DL,FR,P09
96,157500,DL,FR,P09
96,160000,DL,FR,P09
96,162500,DL,FR,P09
96,165000,DL,FR,P09
96,167500,DL,FR,P09
96,172500,DL,FR,P09
96,175000,DL,FR,P09
96,177500,DL,FR,P09
96,180000,DL,FR,P09
96,182500,DL,FR,P09
96,185000,DL,FR,P09
96,187500,DL,FR,P09
96,190000,DL,FR,P09
96,192500,DL,FR,P09
96,195000,DL,FR,P09
96,197500,DL,FR,P09
96,200000,DL,FR,P09
96,202500,DL,FR,P09
96,205000,DL,FR,P09
96,207500,DL,FR,P09
96,210000,DL,FR,P09
96,212500,DL,FR,P09
96,215000,DL,FR,P09
96,220000,DL,FR,P09
96,222500,DL,FR,P09
96,225000,DL,FR,P09
96,227500,DL,FR,P09
96,230000,DL,FR,P09
96,235000,DL,FR,P09
96,237500,DL,FR,P09
96,240000,DL,FR,P09
96,242500,DL,FR,P09
96,245000,DL,FR,P09
96,247500,DL,FR,P09
96,252500,DL,FR,P09
96,262500,DL,FR,P09
96,265000,DL,FR,P09
96,267500,DL,FR,P09
96,270000,DL,FR,P09
96,272500,DL,FR,P09
96,275000,DL,FR,P09
96,277500,DL,FR,P09
96,280000,DL,FR,P09
96,282500,DL,FR,P09
96,285000,DL,FR,P09
96,287500,DL,FR,P09
96,290000,DL,FR,P09
96,292500,DL,FR,P09
96,295000,DL,FR,P09
96,297500,DL,FR,P09
96,300000,DL,FR,P09
96,302500,DL,FR,P09
96,305000,DL,FR,P09
96,307500,DL,FR,P09
96,310000,DL,FR,P09
96,312500,DL,FR,P09
96,315000,DL,FR,P09
96,317500,DL,FR,P09
96,320000,DL,FR,P09
96,322500,DL,FR,P09
96,327500,DL,FR,P09
96,330000,DL,FR,P09
96,332500,DL,FR,P09
96,337500,DL,FR,P09
96,340000,DL,FR,P09
96,342500,DL,FR,P09
96,345000,DL,FR,P09
96,347500,DL,FR,P09
96,350000,DL,FR,P09
96,352500,DL,FR,P09
96,355000,DL,FR,P09
96,357500,DL,FR,P09
96,360000,DL,FR,P09
96,365000,DL,FR,P09
96,367500,DL,FR,P09
96,370000,DL,FR,P09
96,372500,DL,FR,P09
96,375000,DL,FR,P09
96,377500,DL,FR,P09
96,380000,DL,FR,P09
96,387500,DL,FR,P09
96,390000,DL,FR,P09
96,392500,DL,FR,P09
96,395000,DL,FR,P09
96,397500,DL,FR,P09
96,400000,DL,FR,P09
96,402500,DL,FR,P09
96,405000,DL,FR,P09
96,407500,DL,FR,P09
96,447500,DL,FR,P09
96,450000,DL,FR,P09
96,455000,DL,FR,P09
96,457500,DL,FR,P09
96,460000,DL,FR,P09
96,462500,DL,FR,P09
96,467500,DL,FR,P09
96,470000,DL,FR,P09
96,472500,DL,FR,P09
96,475000,DL,FR,P09
96,477500,DL,FR,P09
96,480000,DL,FR,P09
96,482500,DL,FR,P09
96,485000,DL,FR,P09
96,487500,DL,FR,P09
96,490000,DL,FR,P09
96,492500,DL,FR,P09
96,495000,DL,FR,P09
96,497500,DL,FR,P09
96,500000,DL,FR,P09
96,502500,DL,FR,P09
96,505000,DL,FR,P09
96,507500,DL,FR,P09
96,510000,DL,FR,P09
96,515000,DL,FR,P09
96,517500,DL,FR,P09
96,520000,DL,FR,P09
96,522500,DL,FR,P09
96,525000,DL,FR,P09
96,527500,DL,FR,P09
96,530000,DL,FR,P09
96,532500,DL,FR,P09
96,535000,DL,FR,P09
96,537500,DL,FR,P09
96,540000,DL,FR,P09
96,542500,DL,FR,P09
96,547500,DL,FR,P09
96,550000,DL,FR,P09
96,552500,DL,FR,P09
96,557500,DL,FR,P09
96,560000,DL,FR,P09
96,562500,DL,FR,P09
96,565000,DL,FR,P09
96,572500,DL,FR,P09
96,575000,DL,FR,P09
96,582500,DL,FR,P09
96,585000,DL,FR,P09
96,590000,DL,FR,P09
96,592500,DL,FR,P09
96,595000,DL,FR,P09
96,607500,DL,FR,P09
96,610000,DL,FR,P09
96,612500,DL,FR,P09
96,615000,DL,FR,P09
96,635000,DL,FR,P09
96,640000,DL,FR,P09
96,650000,DL,FR,P09
96,652500,DL,FR,P09
96,655000,DL,FR,P09
96,657500,DL,FR,P09
96,675000,DL,FR,P09
96,677500,DL,FR,P09
96,680000,DL,FR,P09
96,682500,DL,FR,P09
96,687500,DL,FR,P09
96,690000,DL,FR,P09
96,692500,DL,FR,P09
96,695000,DL,FR,P09
96,697500,DL,FR,P09
96,700000,DL,FR,P09
96,702500,DL,FR,P09
96,705000,DL,FR,P09
96,707500,DL,FR,P09
96,710000,DL,FR,P09
96,712500,DL,FR,P09
96,715000,DL,FR,P09
96,717500,DL,FR,P09
96,720000,DL,FR,P09
96,722500,DL,FR,P09
96,725000,DL,FR,P09
96,727500,DL,FR,P09
96,730000,DL,FR,P09
96,732500,DL,FR,P09
96,735000,DL,FR,P09
96,737500,DL,FR,P09
96,740000,DL,FR,P09
96,742500,DL,FR,P09
96,745000,DL,FR,P09
96,747500,DL,FR,P09
96,750000,DL,FR,P09
96,752500,DL,FR,P09
96,760000,DL,FR,P09
96,762500,DL,FR,P09
96,765000,DL,FR,P09
96,767500,DL,FR,P09
96,770000,DL,FR,P09
96,772500,DL,FR,P09
96,775000,DL,FR,P09
96,777500,DL,FR,P09
96,780000,DL,FR,P09
96,782500,DL,FR,P09
96,785000,DL,FR,P09
96,787500,DL,FR,P09
96,790000,DL,FR,P09
96,795000,DL,FR,P09
96,800000,DL,FR,P09
96,802500,DL,FR,P09
96,805000,DL,FR,P09
96,807500,DL,FR,P09
96,812500,DL,FR,P09
96,815000,DL,FR,P09
96,817500,DL,FR,P09
96,820000,DL,FR,P09
96,822500,DL,FR,P09
96,825000,DL,FR,P09
96,827500,DL,FR,P09
96,840000,DL,FR,P09
96,847500,DL,FR,P09
96,850000,DL,FR,P09
96,852500,DL,FR,P09
96,857500,DL,FR,P09
96,862500,DL,FR,P09
96,865000,DL,FR,P09
96,867500,DL,FR,P09
96,880000,DL,FR,P09
96,882500,DL,FR,P09
96,920000,DL,FR,P09
96,922500,DL,FR,P09
96,927500,DL,FR,P09
96,930000,DL,FR,P09
96,935000,DL,FR,P09
96,937500,DL,FR,P09
96,940000,DL,FR,P09
96,942500,DL,FR,P09
96,945000,DL,FR,P09
96,947500,DL,FR,P09
96,952500,DL,FR,P09
96,957500,DL,FR,P09
96,960000,DL,FR,P09
96,967500,DL,FR,P09
96,970000,DL,FR,P09
96,972500,DL,FR,P09
96,975000,DL,FR,P09
96,977500,DL,FR,P09
96,980000,DL,FR,P09
96,982500,DL,FR,P09
96,985000,DL,FR,P09
96,987500,DL,FR,P09
96,990000,DL,FR,P09
96,992500,DL,FR,P09
96,1000000,DL,FR,P09
96,1002500,DL,FR,P09
96,1005000,DL,FR,P09
96,1007500,DL,FR,P09
96,1015000,DL,FR,P09
96,1017500,DL,FR,P09
96,1020000,DL,FR,P09
96,1022500,DL,FR,P09
96,1025000,DL,FR,P09
96,1027500,DL,FR,P09
96,1030000,DL,FR,P09
96,1032500,DL,FR,P09
96,1035000,DL,FR,P09
96,1037500,DL,FR,P09
96,1040000,DL,FR,P09
96,1042500,DL,FR,P09
96,1045000,DL,FR,P09
96,1047500,DL,FR,P09
96,1050000,DL,FR,P09
96,1052500,DL,FR,P09
96,1055000,DL,FR,P09
96,1060000,DL,FR,P09
96,1067500,DL,FR,P09
96,1070000,DL,FR,P09
96,1075000,DL,FR,P09
96,1077500,DL,FR,P09
96,1080000,DL,FR,P09
96,1082500,DL,FR,P09
96,1085000,DL,FR,P09
96,1087500,DL,FR,P09
96,1090000,DL,FR,P09
96,1092500,DL,FR,P09
96,1095000,DL,FR,P09
96,1097500,DL,FR,P09
96,1100000,DL,FR,P09
96,1102500,DL,FR,P09
96,1105000,DL,FR,P09
96,1107500,DL,FR,P09
96,1110000,DL,FR,P09
96,1112500,DL,FR,P09
96,1115000,DL,FR,P09
96,1117500,DL,FR,P09
96,1125000,DL,FR,P09
96,1132500,DL,FR,P09
96,1135000,DL,FR,P09
96,1137500,DL,FR,P09
96,1142500,DL,FR,P09
96,1145000,DL,FR,P09
96,1165000,DL,FR,P09
96,1167500,DL,FR,P09
96,1172500,DL,FR,P09
96,1175000,DL,FR,P09
96,1180000,DL,FR,P09
96,1190000,DL,FR,P09
96,1195000,DL,FR,P09
96,1197500,DL,FR,P09
96,1200000,DL,FR,P09
96,1202500,DL,FR,P09
96,1210000,DL,FR,P09
96,1212500,DL,FR,P09
96,1222500,DL,FR,P09
96,1225000,DL,FR,P09
96,1227500,DL,FR,P09
96,1230000,DL,FR,P09
96,1232500,DL,FR,P09
96,1235000,DL,FR,P09
96,1237500,DL,FR,P09
96,1240000,DL,FR,P09
96,1242500,DL,FR,P09
96,1245000,DL,FR,P09
96,1257500,DL,FR,P09
96,1260000,DL,FR,P09
96,1270000,DL,FR,P09
96,1272500,DL,FR,P09
96,1275000,DL,FR,P09
96,1277500,DL,FR,P09
96,1280000,DL,FR,P09
96,1282500,DL,FR,P09
96,1285000,DL,FR,P09
96,1287500,DL,FR,P09
96,1290000,DL,FR,P09
96,1292500,DL,FR,P09
96,1315000,DL,FR,P09
96,1317500,DL,FR,P09
96,1320000,DL,FR,P09
96,1322500,DL,FR,P09
96,1325000,DL,FR,P09
96,1327500,DL,FR,P09
96,1330000,DL,FR,P09
96,1332500,DL,FR,P09
96,1335000,DL,FR,P09
96,1337500,DL,FR,P09
96,1340000,DL,FR,P09
96,1342500,DL,FR,P09
96,1345000,DL,FR,P09
96,1347500,DL,FR,P09
96,1350000,DL,FR,P09
97,0,DL,LU,P09
97,15000,DL,LU,P09
97,17500,DL,LU,P09
97,22500,DL,LU,P09
97,25000,DL,LU,P09
97,27500,DL,LU,P09
97,30000,DL,LU,P09
97,32500,DL,LU,P09
97,35000,DL,LU,P09
97,37500,DL,LU,P09
97,42500,DL,LU,P09
97,45000,DL,LU,P09
97,47500,DL,LU,P09
97,50000,DL,LU,P09
97,55000,DL,LU,P09
97,62500,DL,LU,P09
97,65000,DL,LU,P09
97,67500,DL,LU,P09
97,70000,DL,LU,P09
97,72500,DL,LU,P09
97,75000,DL,LU,P09
97,77500,DL,LU,P09
97,80000,DL,LU,P09
97,85000,DL,LU,P09
97,87500,DL,LU,P09
97,90000,DL,LU,P09
97,92500,DL,LU,P09
97,95000,DL,LU,P09
97,97500,DL,LU,P09
97,100000,DL,LU,P09
97,102500,DL,LU,P09
97,105000,DL,LU,P09
97,107500,DL,LU,P09
97,110000,DL,LU,P09
97,122500,DL,LU,P09
97,125000,DL,LU,P09
97,127500,DL,LU,P09
97,185000,DL,LU,P09
97,187500,DL,LU,P09
97,190000,DL,LU,P09
97,192500,DL,LU,P09
97,195000,DL,LU,P09
97,197500,DL,LU,P09
97,200000,DL,LU,P09
97,202500,DL,LU,P09
97,205000,DL,LU,P09
97,207500,DL,LU,P09
97,210000,DL,LU,P09
97,212500,DL,LU,P09
97,215000,DL,LU,P09
97,217500,DL,LU,P09
97,220000,DL,LU,P09
97,222500,DL,LU,P09
97,230000,DL,LU,P09
97,232500,DL,LU,P09
97,235000,DL,LU,P09
97,237500,DL,LU,P09
97,240000,DL,LU,P09
97,255000,DL,LU,P09
97,257500,DL,LU,P09
97,260000,DL,LU,P09
97,270000,DL,LU,P09
97,275000,DL,LU,P09
97,277500,DL,LU,P09
97,280000,DL,LU,P09
97,282500,DL,LU,P09
97,305000,DL,LU,P09
97,307500,DL,LU,P09
97,317500,DL,LU,P09
97,322500,DL,LU,P09
97,325000,DL,LU,P09
97,347500,DL,LU,P09
97,350000,DL,LU,P09
97,352500,DL,LU,P09
97,355000,DL,LU,P09
97,357500,DL,LU,P09
97,360000,DL,LU,P09
97,362500,DL,LU,P09
97,365000,DL,LU,P09
97,375000,DL,LU,P09
97,377500,DL,LU,P09
97,390000,DL,LU,P09
97,392500,DL,LU,P09
97,395000,DL,LU,P09
97,397500,DL,LU,P09
97,400000,DL,LU,P09
97,402500,DL,LU,P09
97,405000,DL,LU,P09
97,407500,DL,LU,P09
97,415000,DL,LU,P09
97,417500,DL,LU,P09
97,450000,DL,LU,P09
97,455000,DL,LU,P09
97,457500,DL,LU,P09
97,460000,DL,LU,P09
97,462500,DL,LU,P09
97,465000,DL,LU,P09
97,467500,DL,LU,P09
97,485000,DL,LU,P09
97,487500,DL,LU,P09
97,490000,DL,LU,P09
97,492500,DL,LU,P09
97,495000,DL,LU,P09
97,497500,DL,LU,P09
97,500000,DL,LU,P09
97,535000,DL,LU,P09
97,537500,DL,LU,P09
97,540000,DL,LU,P09
97,542500,DL,LU,P09
97,545000,DL,LU,P09
97,547500,DL,LU,P09
97,550000,DL,LU,P09
97,555000,DL,LU,P09
97,557500,DL,LU,P09
97,560000,DL,LU,P09
97,562500,DL,LU,P09
97,590000,DL,LU,P09
97,592500,DL,LU,P09
97,595000,DL,LU,P09
97,597500,DL,LU,P09
97,607500,DL,LU,P09
97,612500,DL,LU,P09
97,615000,DL,LU,P09
97,625000,DL,LU,P09
97,627500,DL,LU,P09
97,630000,DL,LU,P09
97,632500,DL,LU,P09
97,635000,DL,LU,P09
97,637500,DL,LU,P09
97,640000,DL,LU,P09
97,642500,DL,LU,P09
97,645000,DL,LU,P09
97,647500,DL,LU,P09
97,650000,DL,LU,P09
97,652500,DL,LU,P09
97,655000,DL,LU,P09
97,660000,DL,LU,P09
97,665000,DL,LU,P09
97,667500,DL,LU,P09
97,670000,DL,LU,P09
97,672500,DL,LU,P09
97,675000,DL,LU,P09
97,677500,DL,LU,P09
97,680000,DL,LU,P09
97,682500,DL,LU,P09
97,685000,DL,LU,P09
97,687500,DL,LU,P09
97,690000,DL,LU,P09
97,692500,DL,LU,P09
97,695000,DL,LU,P09
97,697500,DL,LU,P09
97,715000,DL,LU,P09
97,717500,DL,LU,P09
97,720000,DL,LU,P09
97,722500,DL,LU,P09
97,725000,DL,LU,P09
97,727500,DL,LU,P09
97,730000,DL,LU,P09
97,732500,DL,LU,P09
97,735000,DL,LU,P09
97,750000,DL,LU,P09
97,752500,DL,LU,P09
97,755000,DL,LU,P09
97,760000,DL,LU,P09
97,762500,DL,LU,P09
97,765000,DL,LU,P09
97,767500,DL,LU,P09
97,770000,DL,LU,P09
97,772500,DL,LU,P09
97,775000,DL,LU,P09
97,777500,DL,LU,P09
97,780000,DL,LU,P09
97,782500,DL,LU,P09
97,785000,DL,LU,P09
97,787500,DL,LU,P09
97,790000,DL,LU,P09
97,792500,DL,LU,P09
97,797500,DL,LU,P09
97,800000,DL,LU,P09
97,802500,DL,LU,P09
97,805000,DL,LU,P09
97,807500,DL,LU,P09
97,810000,DL,LU,P09
97,812500,DL,LU,P09
97,815000,DL,LU,P09
97,817500,DL,LU,P09
97,820000,DL,LU,P09
97,822500,DL,LU,P09
97,825000,DL,LU,P09
97,827500,DL,LU,P09
97,830000,DL,LU,P09
97,832500,DL,LU,P09
97,835000,DL,LU,P09
97,837500,DL,LU,P09
97,840000,DL,LU,P09
97,842500,DL,LU,P09
97,845000,DL,LU,P09
97,847500,DL,LU,P09
97,850000,DL,LU,P09
97,852500,DL,LU,P09
97,855000,DL,LU,P09
97,857500,DL,LU,P09
97,860000,DL,LU,P09
97,862500,DL,LU,P09
97,865000,DL,LU,P09
97,867500,DL,LU,P09
97,870000,DL,LU,P09
97,872500,DL,LU,P09
97,875000,DL,LU,P09
97,877500,DL,LU,P09
97,880000,DL,LU,P09
97,882500,DL,LU,P09
97,885000,DL,LU,P09
97,887500,DL,LU,P09
97,890000,DL,LU,P09
97,892500,DL,LU,P09
97,895000,DL,LU,P09
97,897500,DL,LU,P09
97,900000,DL,LU,P09
97,902500,DL,LU,P09
97,905000,DL,LU,P09
97,907500,DL,LU,P09
97,910000,DL,LU,P09
97,912500,DL,LU,P09
97,915000,DL,LU,P09
97,917500,DL,LU,P09
97,920000,DL,LU,P09
97,922500,DL,LU,P09
97,925000,DL,LU,P09
97,927500,DL,LU,P09
97,930000,DL,LU,P09
97,932500,DL,LU,P09
97,935000,DL,LU,P09
97,937500,DL,LU,P09
97,940000,DL,LU,P09
97,942500,DL,LU,P09
97,945000,DL,LU,P09
97,947500,DL,LU,P09
97,950000,DL,LU,P09
97,952500,DL,LU,P09
97,955000,DL,LU,P09
97,957500,DL,LU,P09
97,960000,DL,LU,P09
97,962500,DL,LU,P09
97,965000,DL,LU,P09
97,967500,DL,LU,P09
97,970000,DL,LU,P09
97,972500,DL,LU,P09
97,975000,DL,LU,P09
97,977500,DL,LU,P09
97,980000,DL,LU,P09
97,982500,DL,LU,P09
97,985000,DL,LU,P09
97,987500,DL,LU,P09
97,990000,DL,LU,P09
97,992500,DL,LU,P09
97,995000,DL,LU,P09
97,997500,DL,LU,P09
97,1000000,DL,LU,P09
97,1002500,DL,LU,P09
97,1005000,DL,LU,P09
97,1007500,DL,LU,P09
97,1010000,DL,LU,P09
97,1012500,DL,LU,P09
97,1015000,DL,LU,P09
97,1017500,DL,LU,P09
97,1020000,DL,LU,P09
97,1022500,DL,LU,P09
97,1025000,DL,LU,P09
97,1027500,DL,LU,P09
97,1030000,DL,LU,P09
97,1032500,DL,LU,P09
97,1035000,DL,LU,P09
97,1037500,DL,LU,P09
97,1042500,DL,LU,P09
97,1045000,DL,LU,P09
97,1047500,DL,LU,P09
97,1052500,DL,LU,P09
97,1055000,DL,LU,P09
97,1057500,DL,LU,P09
97,1060000,DL,LU,P09
97,1062500,DL,LU,P09
97,1065000,DL,LU,P09
97,1067500,DL,LU,P09
97,1070000,DL,LU,P09
97,1072500,DL,LU,P09
97,1075000,DL,LU,P09
97,1077500,DL,LU,P09
97,1080000,DL,LU,P09
97,1082500,DL,LU,P09
97,1085000,DL,LU,P09
97,1087500,DL,LU,P09
97,1090000,DL,LU,P09
97,1092500,DL,LU,P09
97,1095000,DL,LU,P09
97,1097500,DL,LU,P09
97,1100000,DL,LU,P09
97,1105000,DL,LU,P09
97,1107500,DL,LU,P09
97,1110000,DL,LU,P09
97,1112500,DL,LU,P09
97,1115000,DL,LU,P09
97,1117500,DL,LU,P09
97,1120000,DL,LU,P09
97,1122500,DL,LU,P09
97,1125000,DL,LU,P09
97,1127500,DL,LU,P09
97,1130000,DL,LU,P09
97,1132500,DL,LU,P09
97,1135000,DL,LU,P09
97,1137500,DL,LU,P09
97,1140000,DL,LU,P09
97,1142500,DL,LU,P09
97,1145000,DL,LU,P09
97,1147500,DL,LU,P09
97,1150000,DL,LU,P09
97,1152500,DL,LU,P09
97,1155000,DL,LU,P09
97,1157500,DL,LU,P09
97,1160000,DL,LU,P09
97,1162500,DL,LU,P09
97,1170000,DL,LU,P09
97,1172500,DL,LU,P09
97,1175000,DL,LU,P09
97,1177500,DL,LU,P09
97,1180000,DL,LU,P09
97,1182500,DL,LU,P09
97,1185000,DL,LU,P09
97,1187500,DL,LU,P09
97,1190000,DL,LU,P09
97,1192500,DL,LU,P09
97,1197500,DL,LU,P09
97,1212500,DL,LU,P09
97,1215000,DL,LU,P09
97,1217500,DL,LU,P09
97,1220000,DL,LU,P09
97,1222500,DL,LU,P09
97,1225000,DL,LU,P09
97,1227500,DL,LU,P09
97,1230000,DL,LU,P09
97,1232500,DL,LU,P09
97,1235000,DL,LU,P09
97,1237500,DL,LU,P09
97,1240000,DL,LU,P09
97,1242500,DL,LU,P09
97,1245000,DL,LU,P09
97,1247500,DL,LU,P09
97,1250000,DL,LU,P09
97,1252500,DL,LU,P09
97,1255000,DL,LU,P09
97,1257500,DL,LU,P09
97,1260000,DL,LU,P09
97,1262500,DL,LU,P09
97,1265000,DL,LU,P09
97,1267500,DL,LU,P09
97,1270000,DL,LU,P09
97,1272500,DL,LU,P09
97,1275000,DL,LU,P09
97,1277500,DL,LU,P09
97,1280000,DL,LU,P09
97,1282500,DL,LU,P09
97,1285000,DL,LU,P09
97,1287500,DL,LU,P09
97,1290000,DL,LU,P09
97,1292500,DL,LU,P09
97,1295000,DL,LU,P09
97,1297500,DL,LU,P09
97,1300000,DL,LU,P09
97,1302500,DL,LU,P09
97,1305000,DL,LU,P09
97,1307500,DL,LU,P09
97,1310000,DL,LU,P09
97,1312500,DL,LU,P09
97,1315000,DL,LU,P09
97,1317500,DL,LU,P09
97,1322500,DL,LU,P09
97,1325000,DL,LU,P09
97,1327500,DL,LU,P09
97,1330000,DL,LU,P09
97,1332500,DL,LU,P09
97,1335000,DL,LU,P09
97,1337500,DL,LU,P09
97,1340000,DL,LU,P09
97,1342500,DL,LU,P09
97,1345000,DL,LU,P09
97,1347500,DL,LU,P09
97,1350000,DL,LU,P09
98,0,DL,XP,P09
98,2500,DL,XP,P09
98,7500,DL,XP,P09
98,10000,DL,XP,P09
98,12500,DL,XP,P09
98,15000,DL,XP,P09
98,17500,DL,XP,P09
98,20000,DL,XP,P09
98,22500,DL,XP,P09
98,25000,DL,XP,P09
98,27500,DL,XP,P09
98,30000,DL,XP,P09
98,32500,DL,XP,P09
98,35000,DL,XP,P09
98,37500,DL,XP,P09
98,40000,DL,XP,P09
98,42500,DL,XP,P09
98,45000,DL,XP,P09
98,50000,DL,XP,P09
98,55000,DL,XP,P09
98,57500,DL,XP,P09
98,60000,DL,XP,P09
98,62500,DL,XP,P09
98,65000,DL,XP,P09
98,67500,DL,XP,P09
98,70000,DL,XP,P09
98,72500,DL,XP,P09
98,75000,DL,XP,P09
98,77500,DL,XP,P09
98,80000,DL,XP,P09
98,82500,DL,XP,P09
98,85000,DL,XP,P09
98,87500,DL,XP,P09
98,90000,DL,XP,P09
98,92500,DL,XP,P09
98,95000,DL,XP,P09
98,97500,DL,XP,P09
98,100000,DL,XP,P09
98,102500,DL,XP,P09
98,105000,DL,XP,P09
98,107500,DL,XP,P09
98,110000,DL,XP,P09
98,112500,DL,XP,P09
98,115000,DL,XP,P09
98,117500,DL,XP,P09
98,120000,DL,XP,P09
98,122500,DL,XP,P09
98,125000,DL,XP,P09
98,127500,DL,XP,P09
98,130000,DL,XP,P09
98,132500,DL,XP,P09
98,135000,DL,XP,P09
98,137500,DL,XP,P09
98,140000,DL,XP,P09
98,142500,DL,XP,P09
98,145000,DL,XP,P09
98,147500,DL,XP,P09
98,150000,DL,XP,P09
98,152500,DL,XP,P09
98,155000,DL,XP,P09
98,157500,DL,XP,P09
98,160000,DL,XP,P09
98,162500,DL,XP,P09
98,165000,DL,XP,P09
98,167500,DL,XP,P09
98,170000,DL,XP,P09
98,172500,DL,XP,P09
98,175000,DL,XP,P09
98,177500,DL,XP,P09
98,180000,DL,XP,P09
98,182500,DL,XP,P09
98,185000,DL,XP,P09
98,187500,DL,XP,P09
98,190000,DL,XP,P09
98,192500,DL,XP,P09
98,195000,DL,XP,P09
98,197500,DL,XP,P09
98,200000,DL,XP,P09
98,202500,DL,XP,P09
98,205000,DL,XP,P09
98,207500,DL,XP,P09
98,210000,DL,XP,P09
98,212500,DL,XP,P09
98,215000,DL,XP,P09
98,217500,DL,XP,P09
98,220000,DL,XP,P09
98,225000,DL,XP,P09
98,227500,DL,XP,P09
98,230000,DL,XP,P09
98,232500,DL,XP,P09
98,235000,DL,XP,P09
98,240000,DL,XP,P09
98,242500,DL,XP,P09
98,247500,DL,XP,P09
98,250000,DL,XP,P09
98,252500,DL,XP,P09
98,255000,DL,XP,P09
98,257500,DL,XP,P09
98,260000,DL,XP,P09
98,262500,DL,XP,P09
98,265000,DL,XP,P09
98,267500,DL,XP,P09
98,270000,DL,XP,P09
98,272500,DL,XP,P09
98,275000,DL,XP,P09
98,277500,DL,XP,P09
98,280000,DL,XP,P09
98,282500,DL,XP,P09
98,285000,DL,XP,P09
98,287500,DL,XP,P09
98,290000,DL,XP,P09
98,292500,DL,XP,P09
98,297500,DL,XP,P09
98,300000,DL,XP,P09
98,302500,DL,XP,P09
98,305000,DL,XP,P09
98,315000,DL,XP,P09
98,317500,DL,XP,P09
98,320000,DL,XP,P09
98,330000,DL,XP,P09
98,332500,DL,XP,P09
98,335000,DL,XP,P09
98,337500,DL,XP,P09
98,340000,DL,XP,P09
98,342500,DL,XP,P09
98,345000,DL,XP,P09
98,347500,DL,XP,P09
98,350000,DL,XP,P09
98,352500,DL,XP,P09
98,355000,DL,XP,P09
98,357500,DL,XP,P09
98,360000,DL,XP,P09
98,362500,DL,XP,P09
98,365000,DL,XP,P09
98,367500,DL,XP,P09
98,370000,DL,XP,P09
98,372500,DL,XP,P09
98,375000,DL,XP,P09
98,377500,DL,XP,P09
98,380000,DL,XP,P09
98,382500,DL,XP,P09
98,385000,DL,XP,P09
98,387500,DL,XP,P09
98,390000,DL,XP,P09
98,392500,DL,XP,P09
98,395000,DL,XP,P09
98,397500,DL,XP,P09
98,400000,DL,XP,P09
98,402500,DL,XP,P09
98,405000,DL,XP,P09
98,407500,DL,XP,P09
98,415000,DL,XP,P09
98,417500,DL,XP,P09
98,425000,DL,XP,P09
98,427500,DL,XP,P09
98,442500,DL,XP,P09
98,447500,DL,XP,P09
98,450000,DL,XP,P09
98,452500,DL,XP,P09
98,457500,DL,XP,P09
98,460000,DL,XP,P09
98,467500,DL,XP,P09
98,470000,DL,XP,P09
98,472500,DL,XP,P09
98,475000,DL,XP,P09
98,477500,DL,XP,P09
98,480000,DL,XP,P09
98,482500,DL,XP,P09
98,485000,DL,XP,P09
98,487500,DL,XP,P09
98,490000,DL,XP,P09
98,492500,DL,XP,P09
98,495000,DL,XP,P09
98,497500,DL,XP,P09
98,500000,DL,XP,P09
98,502500,DL,XP,P09
98,507500,DL,XP,P09
98,510000,DL,XP,P09
98,512500,DL,XP,P09
98,515000,DL,XP,P09
98,517500,DL,XP,P09
98,520000,DL,XP,P09
98,522500,DL,XP,P09
98,525000,DL,XP,P09
98,527500,DL,XP,P09
98,530000,DL,XP,P09
98,532500,DL,XP,P09
98,535000,DL,XP,P09
98,537500,DL,XP,P09
98,540000,DL,XP,P09
98,542500,DL,XP,P09
98,545000,DL,XP,P09
98,547500,DL,XP,P09
98,550000,DL,XP,P09
98,552500,DL,XP,P09
98,555000,DL,XP,P09
98,557500,DL,XP,P09
98,560000,DL,XP,P09
98,562500,DL,XP,P09
98,565000,DL,XP,P09
98,567500,DL,XP,P09
98,570000,DL,XP,P09
98,572500,DL,XP,P09
98,575000,DL,XP,P09
98,577500,DL,XP,P09
98,580000,DL,XP,P09
98,582500,DL,XP,P09
98,587500,DL,XP,P09
98,590000,DL,XP,P09
98,592500,DL,XP,P09
98,597500,DL,XP,P09
98,600000,DL,XP,P09
98,602500,DL,XP,P09
98,605000,DL,XP,P09
98,607500,DL,XP,P09
98,610000,DL,XP,P09
98,612500,DL,XP,P09
98,615000,DL,XP,P09
98,617500,DL,XP,P09
98,620000,DL,XP,P09
98,622500,DL,XP,P09
98,625000,DL,XP,P09
98,627500,DL,XP,P09
98,630000,DL,XP,P09
98,632500,DL,XP,P09
98,635000,DL,XP,P09
98,637500,DL,XP,P09
98,640000,DL,XP,P09
98,642500,DL,XP,P09
98,645000,DL,XP,P09
98,647500,DL,XP,P09
98,650000,DL,XP,P09
98,652500,DL,XP,P09
98,655000,DL,XP,P09
98,657500,DL,XP,P09
98,660000,DL,XP,P09
98,662500,DL,XP,P09
98,665000,DL,XP,P09
98,667500,DL,XP,P09
98,670000,DL,XP,P09
98,672500,DL,XP,P09
98,675000,DL,XP,P09
98,677500,DL,XP,P09
98,680000,DL,XP,P09
98,682500,DL,XP,P09
98,685000,DL,XP,P09
98,687500,DL,XP,P09
98,690000,DL,XP,P09
98,692500,DL,XP,P09
98,695000,DL,XP,P09
98,697500,DL,XP,P09
98,700000,DL,XP,P09
98,702500,DL,XP,P09
98,705000,DL,XP,P09
98,707500,DL,XP,P09
98,710000,DL,XP,P09
98,712500,DL,XP,P09
98,715000,DL,XP,P09
98,717500,DL,XP,P09
98,720000,DL,XP,P09
98,725000,DL,XP,P09
98,727500,DL,XP,P09
98,730000,DL,XP,P09
98,732500,DL,XP,P09
98,735000,DL,XP,P09
98,737500,DL,XP,P09
98,742500,DL,XP,P09
98,745000,DL,XP,P09
98,747500,DL,XP,P09
98,750000,DL,XP,P09
98,752500,DL,XP,P09
98,755000,DL,XP,P09
98,757500,DL,XP,P09
98,760000,DL,XP,P09
98,762500,DL,XP,P09
98,765000,DL,XP,P09
98,767500,DL,XP,P09
98,770000,DL,XP,P09
98,772500,DL,XP,P09
98,775000,DL,XP,P09
98,777500,DL,XP,P09
98,780000,DL,XP,P09
98,782500,DL,XP,P09
98,785000,DL,XP,P09
98,787500,DL,XP,P09
98,790000,DL,XP,P09
98,792500,DL,XP,P09
98,795000,DL,XP,P09
98,797500,DL,XP,P09
98,800000,DL,XP,P09
98,802500,DL,XP,P09
98,805000,DL,XP,P09
98,807500,DL,XP,P09
98,810000,DL,XP,P09
98,812500,DL,XP,P09
98,815000,DL,XP,P09
98,817500,DL,XP,P09
98,820000,DL,XP,P09
98,822500,DL,XP,P09
98,825000,DL,XP,P09
98,827500,DL,XP,P09
98,830000,DL,XP,P09
98,832500,DL,XP,P09
98,835000,DL,XP,P09
98,837500,DL,XP,P09
98,840000,DL,XP,P09
98,842500,DL,XP,P09
98,845000,DL,XP,P09
98,847500,DL,XP,P09
98,850000,DL,XP,P09
98,852500,DL,XP,P09
98,855000,DL,XP,P09
98,857500,DL,XP,P09
98,860000,DL,XP,P09
98,862500,DL,XP,P09
98,865000,DL,XP,P09
98,867500,DL,XP,P09
98,870000,DL,XP,P09
98,872500,DL,XP,P09
98,875000,DL,XP,P09
98,877500,DL,XP,P09
98,880000,DL,XP,P09
98,882500,DL,XP,P09
98,885000,DL,XP,P09
98,887500,DL,XP,P09
98,890000,DL,XP,P09
98,892500,DL,XP,P09
98,895000,DL,XP,P09
98,897500,DL,XP,P09
98,900000,DL,XP,P09
98,902500,DL,XP,P09
98,905000,DL,XP,P09
98,907500,DL,XP,P09
98,910000,DL,XP,P09
98,912500,DL,XP,P09
98,915000,DL,XP,P09
98,917500,DL,XP,P09
98,920000,DL,XP,P09
98,922500,DL,XP,P09
98,925000,DL,XP,P09
98,927500,DL,XP,P09
98,930000,DL,XP,P09
98,932500,DL,XP,P09
98,935000,DL,XP,P09
98,937500,DL,XP,P09
98,940000,DL,XP,P09
98,942500,DL,XP,P09
98,945000,DL,XP,P09
98,947500,DL,XP,P09
98,950000,DL,XP,P09
98,952500,DL,XP,P09
98,955000,DL,XP,P09
98,957500,DL,XP,P09
98,960000,DL,XP,P09
98,962500,DL,XP,P09
98,965000,DL,XP,P09
98,967500,DL,XP,P09
98,970000,DL,XP,P09
98,972500,DL,XP,P09
98,975000,DL,XP,P09
98,977500,DL,XP,P09
98,980000,DL,XP,P09
98,982500,DL,XP,P09
98,985000,DL,XP,P09
98,987500,DL,XP,P09
98,990000,DL,XP,P09
98,992500,DL,XP,P09
98,995000,DL,XP,P09
98,997500,DL,XP,P09
98,1000000,DL,XP,P09
98,1002500,DL,XP,P09
98,1005000,DL,XP,P09
98,1007500,DL,XP,P09
98,1010000,DL,XP,P09
98,1012500,DL,XP,P09
98,1015000,DL,XP,P09
98,1017500,DL,XP,P09
98,1020000,DL,XP,P09
98,1022500,DL,XP,P09
98,1025000,DL,XP,P09
98,1027500,DL,XP,P09
98,1030000,DL,XP,P09
98,1032500,DL,XP,P09
98,1035000,DL,XP,P09
98,1037500,DL,XP,P09
98,1040000,DL,XP,P09
98,1042500,DL,XP,P09
98,1045000,DL,XP,P09
98,1047500,DL,XP,P09
98,1050000,DL,XP,P09
98,1052500,DL,XP,P09
98,1055000,DL,XP,P09
98,1057500,DL,XP,P09
98,1060000,DL,XP,P09
98,1062500,DL,XP,P09
98,1065000,DL,XP,P09
98,1067500,DL,XP,P09
98,1070000,DL,XP,P09
98,1072500,DL,XP,P09
98,1075000,DL,XP,P09
98,1077500,DL,XP,P09
98,1080000,DL,XP,P09
98,1082500,DL,XP,P09
98,1085000,DL,XP,P09
98,1087500,DL,XP,P09
98,1090000,DL,XP,P09
98,1092500,DL,XP,P09
98,1095000,DL,XP,P09
98,1097500,DL,XP,P09
98,1100000,DL,XP,P09
98,1102500,DL,XP,P09
98,1105000,DL,XP,P09
98,1107500,DL,XP,P09
98,1110000,DL,XP,P09
98,1112500,DL,XP,P09
98,1115000,DL,XP,P09
98,1117500,DL,XP,P09
98,1120000,DL,XP,P09
98,1122500,DL,XP,P09
98,1125000,DL,XP,P09
98,1127500,DL,XP,P09
98,1130000,DL,XP,P09
98,1132500,DL,XP,P09
98,1135000,DL,XP,P09
98,1137500,DL,XP,P09
98,1140000,DL,XP,P09
98,1142500,DL,XP,P09
98,1145000,DL,XP,P09
98,1147500,DL,XP,P09
98,1150000,DL,XP,P09
98,1152500,DL,XP,P09
98,1155000,DL,XP,P09
98,1157500,DL,XP,P09
98,1160000,DL,XP,P09
98,1162500,DL,XP,P09
98,1165000,DL,XP,P09
98,1167500,DL,XP,P09
98,1170000,DL,XP,P09
98,1172500,DL,XP,P09
98,1175000,DL,XP,P09
98,1177500,DL,XP,P09
98,1180000,DL,XP,P09
98,1182500,DL,XP,P09
98,1185000,DL,XP,P09
98,1187500,DL,XP,P09
98,1190000,DL,XP,P09
98,1192500,DL,XP,P09
98,1195000,DL,XP,P09
98,1197500,DL,XP,P09
98,1200000,DL,XP,P09
98,1202500,DL,XP,P09
98,1205000,DL,XP,P09
98,1207500,DL,XP,P09
98,1210000,DL,XP,P09
98,1212500,DL,XP,P09
98,1215000,DL,XP,P09
98,1217500,DL,XP,P09
98,1220000,DL,XP,P09
98,1222500,DL,XP,P09
98,1225000,DL,XP,P09
98,1227500,DL,XP,P09
98,1230000,DL,XP,P09
98,1232500,DL,XP,P09
98,1235000,DL,XP,P09
98,1237500,DL,XP,P09
98,1240000,DL,XP,P09
98,1242500,DL,XP,P09
98,1245000,DL,XP,P09
98,1247500,DL,XP,P09
98,1250000,DL,XP,P09
98,1252500,DL,XP,P09
98,1255000,DL,XP,P09
98,1257500,DL,XP,P09
98,1260000,DL,XP,P09
98,1262500,DL,XP,P09
98,1265000,DL,XP,P09
98,1267500,DL,XP,P09
98,1270000,DL,XP,P09
98,1272500,DL,XP,P09
98,1275000,DL,XP,P09
98,1277500,DL,XP,P09
98,1280000,DL,XP,P09
98,1282500,DL,XP,P09
98,1285000,DL,XP,P09
98,1287500,DL,XP,P09
98,1290000,DL,XP,P09
98,1292500,DL,XP,P09
98,1295000,DL,XP,P09
98,1297500,DL,XP,P09
98,1300000,DL,XP,P09
98,1302500,DL,XP,P09
98,1305000,DL,XP,P09
98,1307500,DL,XP,P09
98,1310000,DL,XP,P09
98,1312500,DL,XP,P09
98,1315000,DL,XP,P09
98,1317500,DL,XP,P09
98,1320000,DL,XP,P09
98,1322500,DL,XP,P09
98,1325000,DL,XP,P09
98,1327500,DL,XP,P09
98,1330000,DL,XP,P09
98,1332500,DL,XP,P09
98,1335000,DL,XP,P09
98,1337500,DL,XP,P09
98,1340000,DL,XP,P09
98,1342500,DL,XP,P09
98,1345000,DL,XP,P09
98,1347500,DL,XP,P09
98,1350000,DL,XP,P09
99,0,DR,FR,P09
99,2500,DR,FR,P09
99,5000,DR,FR,P09
99,7500,DR,FR,P09
99,10000,DR,FR,P09
99,12500,DR,FR,P09
99,15000,DR,FR,P09
99,17500,DR,FR,P09
99,40000,DR,FR,P09
99,42500,DR,FR,P09
99,55000,DR,FR,P09
99,62500,DR,FR,P09
99,65000,DR,FR,P09
99,67500,DR,FR,P09
99,70000,DR,FR,P09
99,75000,DR,FR,P09
99,80000,DR,FR,P09
99,82500,DR,FR,P09
99,85000,DR,FR,P09
99,90000,DR,FR,P09
99,92500,DR,FR,P09
99,95000,DR,FR,P09
99,100000,DR,FR,P09
99,110000,DR,FR,P09
99,112500,DR,FR,P09
99,117500,DR,FR,P09
99,120000,DR,FR,P09
99,122500,DR,FR,P09
99,127500,DR,FR,P09
99,130000,DR,FR,P09
99,132500,DR,FR,P09
99,135000,DR,FR,P09
99,137500,DR,FR,P09
99,145000,DR,FR,P09
99,147500,DR,FR,P09
99,150000,DR,FR,P09
99,152500,DR,FR,P09
99,160000,DR,FR,P09
99,162500,DR,FR,P09
99,165000,DR,FR,P09
99,167500,DR,FR,P09
99,170000,DR,FR,P09
99,172500,DR,FR,P09
99,175000,DR,FR,P09
99,177500,DR,FR,P09
99,180000,DR,FR,P09
99,182500,DR,FR,P09
99,185000,DR,FR,P09
99,187500,DR,FR,P09
99,190000,DR,FR,P09
99,192500,DR,FR,P09
99,195000,DR,FR,P09
99,197500,DR,FR,P09
99,200000,DR,FR,P09
99,202500,DR,FR,P09
99,205000,DR,FR,P09
99,207500,DR,FR,P09
99,210000,DR,FR,P09
99,212500,DR,FR,P09
99,215000,DR,FR,P09
99,220000,DR,FR,P09
99,222500,DR,FR,P09
99,227500,DR,FR,P09
99,230000,DR,FR,P09
99,240000,DR,FR,P09
99,242500,DR,FR,P09
99,245000,DR,FR,P09
99,247500,DR,FR,P09
99,250000,DR,FR,P09
99,252500,DR,FR,P09
99,255000,DR,FR,P09
99,257500,DR,FR,P09
99,260000,DR,FR,P09
99,262500,DR,FR,P09
99,265000,DR,FR,P09
99,267500,DR,FR,P09
99,270000,DR,FR,P09
99,272500,DR,FR,P09
99,275000,DR,FR,P09
99,277500,DR,FR,P09
99,280000,DR,FR,P09
99,282500,DR,FR,P09
99,285000,DR,FR,P09
99,290000,DR,FR,P09
99,292500,DR,FR,P09
99,295000,DR,FR,P09
99,297500,DR,FR,P09
99,300000,DR,FR,P09
99,302500,DR,FR,P09
99,305000,DR,FR,P09
99,307500,DR,FR,P09
99,310000,DR,FR,P09
99,312500,DR,FR,P09
99,315000,DR,FR,P09
99,317500,DR,FR,P09
99,320000,DR,FR,P09
99,322500,DR,FR,P09
99,325000,DR,FR,P09
99,327500,DR,FR,P09
99,330000,DR,FR,P09
99,332500,DR,FR,P09
99,335000,DR,FR,P09
99,337500,DR,FR,P09
99,340000,DR,FR,P09
99,342500,DR,FR,P09
99,347500,DR,FR,P09
99,350000,DR,FR,P09
99,352500,DR,FR,P09
99,355000,DR,FR,P09
99,357500,DR,FR,P09
99,360000,DR,FR,P09
99,362500,DR,FR,P09
99,365000,DR,FR,P09
99,377500,DR,FR,P09
99,387500,DR,FR,P09
99,390000,DR,FR,P09
99,392500,DR,FR,P09
99,395000,DR,FR,P09
99,397500,DR,FR,P09
99,400000,DR,FR,P09
99,405000,DR,FR,P09
99,407500,DR,FR,P09
99,450000,DR,FR,P09
99,455000,DR,FR,P09
99,457500,DR,FR,P09
99,460000,DR,FR,P09
99,462500,DR,FR,P09
99,465000,DR,FR,P09
99,467500,DR,FR,P09
99,470000,DR,FR,P09
99,472500,DR,FR,P09
99,475000,DR,FR,P09
99,477500,DR,FR,P09
99,480000,DR,FR,P09
99,482500,DR,FR,P09
99,485000,DR,FR,P09
99,487500,DR,FR,P09
99,490000,DR,FR,P09
99,492500,DR,FR,P09
99,495000,DR,FR,P09
99,497500,DR,FR,P09
99,500000,DR,FR,P09
99,502500,DR,FR,P09
99,505000,DR,FR,P09
99,507500,DR,FR,P09
99,510000,DR,FR,P09
99,515000,DR,FR,P09
99,517500,DR,FR,P09
99,530000,DR,FR,P09
99,532500,DR,FR,P09
99,535000,DR,FR,P09
99,540000,DR,FR,P09
99,542500,DR,FR,P09
99,545000,DR,FR,P09
99,547500,DR,FR,P09
99,552500,DR,FR,P09
99,557500,DR,FR,P09
99,565000,DR,FR,P09
99,585000,DR,FR,P09
99,595000,DR,FR,P09
99,597500,DR,FR,P09
99,607500,DR,FR,P09
99,610000,DR,FR,P09
99,635000,DR,FR,P09
99,637500,DR,FR,P09
99,640000,DR,FR,P09
99,650000,DR,FR,P09
99,652500,DR,FR,P09
99,655000,DR,FR,P09
99,657500,DR,FR,P09
99,665000,DR,FR,P09
99,675000,DR,FR,P09
99,677500,DR,FR,P09
99,680000,DR,FR,P09
99,682500,DR,FR,P09
99,685000,DR,FR,P09
99,687500,DR,FR,P09
99,690000,DR,FR,P09
99,692500,DR,FR,P09
99,695000,DR,FR,P09
99,697500,DR,FR,P09
99,700000,DR,FR,P09
99,702500,DR,FR,P09
99,705000,DR,FR,P09
99,707500,DR,FR,P09
99,710000,DR,FR,P09
99,712500,DR,FR,P09
99,715000,DR,FR,P09
99,717500,DR,FR,P09
99,720000,DR,FR,P09
99,722500,DR,FR,P09
99,725000,DR,FR,P09
99,727500,DR,FR,P09
99,730000,DR,FR,P09
99,732500,DR,FR,P09
99,735000,DR,FR,P09
99,737500,DR,FR,P09
99,740000,DR,FR,P09
99,742500,DR,FR,P09
99,745000,DR,FR,P09
99,747500,DR,FR,P09
99,750000,DR,FR,P09
99,752500,DR,FR,P09
99,755000,DR,FR,P09
99,757500,DR,FR,P09
99,765000,DR,FR,P09
99,767500,DR,FR,P09
99,770000,DR,FR,P09
99,772500,DR,FR,P09
99,775000,DR,FR,P09
99,777500,DR,FR,P09
99,780000,DR,FR,P09
99,782500,DR,FR,P09
99,785000,DR,FR,P09
99,787500,DR,FR,P09
99,790000,DR,FR,P09
99,792500,DR,FR,P09
99,795000,DR,FR,P09
99,797500,DR,FR,P09
99,800000,DR,FR,P09
99,802500,DR,FR,P09
99,805000,DR,FR,P09
99,807500,DR,FR,P09
99,810000,DR,FR,P09
99,852500,DR,FR,P09
99,870000,DR,FR,P09
99,877500,DR,FR,P09
99,895000,DR,FR,P09
99,922500,DR,FR,P09
99,925000,DR,FR,P09
99,930000,DR,FR,P09
99,932500,DR,FR,P09
99,952500,DR,FR,P09
99,967500,DR,FR,P09
99,970000,DR,FR,P09
99,972500,DR,FR,P09
99,975000,DR,FR,P09
99,980000,DR,FR,P09
99,982500,DR,FR,P09
99,985000,DR,FR,P09
99,987500,DR,FR,P09
99,990000,DR,FR,P09
99,992500,DR,FR,P09
99,1000000,DR,FR,P09
99,1007500,DR,FR,P09
99,1010000,DR,FR,P09
99,1017500,DR,FR,P09
99,1027500,DR,FR,P09
99,1030000,DR,FR,P09
99,1032500,DR,FR,P09
99,1042500,DR,FR,P09
99,1045000,DR,FR,P09
99,1050000,DR,FR,P09
99,1052500,DR,FR,P09
99,1055000,DR,FR,P09
99,1057500,DR,FR,P09
99,1060000,DR,FR,P09
99,1062500,DR,FR,P09
99,1065000,DR,FR,P09
99,1067500,DR,FR,P09
99,1077500,DR,FR,P09
99,1080000,DR,FR,P09
99,1087500,DR,FR,P09
99,1090000,DR,FR,P09
99,1092500,DR,FR,P09
99,1095000,DR,FR,P09
99,1110000,DR,FR,P09
99,1112500,DR,FR,P09
99,1115000,DR,FR,P09
99,1125000,DR,FR,P09
99,1140000,DR,FR,P09
99,1142500,DR,FR,P09
99,1145000,DR,FR,P09
99,1147500,DR,FR,P09
99,1150000,DR,FR,P09
99,1157500,DR,FR,P09
99,1165000,DR,FR,P09
99,1167500,DR,FR,P09
99,1170000,DR,FR,P09
99,1172500,DR,FR,P09
99,1190000,DR,FR,P09
99,1222500,DR,FR,P09
99,1227500,DR,FR,P09
99,1230000,DR,FR,P09
99,1232500,DR,FR,P09
99,1240000,DR,FR,P09
99,1245000,DR,FR,P09
99,1257500,DR,FR,P09
99,1280000,DR,FR,P09
99,1282500,DR,FR,P09
99,1287500,DR,FR,P09
99,1290000,DR,FR,P09
99,1295000,DR,FR,P09
99,1317500,DR,FR,P09
99,1320000,DR,FR,P09
99,1322500,DR,FR,P09
99,1325000,DR,FR,P09
99,1327500,DR,FR,P09
99,1330000,DR,FR,P09
99,1332500,DR,FR,P09
99,1335000,DR,FR,P09
99,1337500,DR,FR,P09
99,1340000,DR,FR,P09
99,1342500,DR,FR,P09
99,1345000,DR,FR,P09
99,1347500,DR,FR,P09
99,1350000,DR,FR,P09
100,0,DR,LU,P09
100,2500,DR,LU,P09
100,10000,DR,LU,P09
100,25000,DR,LU,P09
100,32500,DR,LU,P09
100,40000,DR,LU,P09
100,42500,DR,LU,P09
100,50000,DR,LU,P09
100,52500,DR,LU,P09
100,55000,DR,LU,P09
100,57500,DR,LU,P09
100,60000,DR,LU,P09
100,62500,DR,LU,P09
100,65000,DR,LU,P09
100,67500,DR,LU,P09
100,70000,DR,LU,P09
100,75000,DR,LU,P09
100,82500,DR,LU,P09
100,87500,DR,LU,P09
100,90000,DR,LU,P09
100,115000,DR,LU,P09
100,117500,DR,LU,P09
100,120000,DR,LU,P09
100,122500,DR,LU,P09
100,125000,DR,LU,P09
100,127500,DR,LU,P09
100,145000,DR,LU,P09
100,147500,DR,LU,P09
100,150000,DR,LU,P09
100,152500,DR,LU,P09
100,155000,DR,LU,P09
100,157500,DR,LU,P09
100,160000,DR,LU,P09
100,162500,DR,LU,P09
100,165000,DR,LU,P09
100,167500,DR,LU,P09
100,170000,DR,LU,P09
100,172500,DR,LU,P09
100,175000,DR,LU,P09
100,177500,DR,LU,P09
100,180000,DR,LU,P09
100,182500,DR,LU,P09
100,185000,DR,LU,P09
100,187500,DR,LU,P09
100,190000,DR,LU,P09
100,192500,DR,LU,P09
100,195000,DR,LU,P09
100,197500,DR,LU,P09
100,200000,DR,LU,P09
100,202500,DR,LU,P09
100,205000,DR,LU,P09
100,207500,DR,LU,P09
100,210000,DR,LU,P09
100,212500,DR,LU,P09
100,215000,DR,LU,P09
100,217500,DR,LU,P09
100,220000,DR,LU,P09
100,222500,DR,LU,P09
100,225000,DR,LU,P09
100,227500,DR,LU,P09
100,230000,DR,LU,P09
100,232500,DR,LU,P09
100,235000,DR,LU,P09
100,237500,DR,LU,P09
100,240000,DR,LU,P09
100,242500,DR,LU,P09
100,245000,DR,LU,P09
100,262500,DR,LU,P09
100,265000,DR,LU,P09
100,267500,DR,LU,P09
100,270000,DR,LU,P09
100,272500,DR,LU,P09
100,275000,DR,LU,P09
100,277500,DR,LU,P09
100,280000,DR,LU,P09
100,282500,DR,LU,P09
100,285000,DR,LU,P09
100,287500,DR,LU,P09
100,290000,DR,LU,P09
100,292500,DR,LU,P09
100,295000,DR,LU,P09
100,310000,DR,LU,P09
100,312500,DR,LU,P09
100,315000,DR,LU,P09
100,317500,DR,LU,P09
100,320000,DR,LU,P09
100,322500,DR,LU,P09
100,325000,DR,LU,P09
100,327500,DR,LU,P09
100,330000,DR,LU,P09
100,332500,DR,LU,P09
100,335000,DR,LU,P09
100,337500,DR,LU,P09
100,342500,DR,LU,P09
100,347500,DR,LU,P09
100,350000,DR,LU,P09
100,360000,DR,LU,P09
100,362500,DR,LU,P09
100,365000,DR,LU,P09
100,367500,DR,LU,P09
100,370000,DR,LU,P09
100,372500,DR,LU,P09
100,390000,DR,LU,P09
100,392500,DR,LU,P09
100,397500,DR,LU,P09
100,402500,DR,LU,P09
100,405000,DR,LU,P09
100,407500,DR,LU,P09
100,410000,DR,LU,P09
100,412500,DR,LU,P09
100,415000,DR,LU,P09
100,417500,DR,LU,P09
100,420000,DR,LU,P09
100,422500,DR,LU,P09
100,425000,DR,LU,P09
100,427500,DR,LU,P09
100,430000,DR,LU,P09
100,450000,DR,LU,P09
100,452500,DR,LU,P09
100,455000,DR,LU,P09
100,457500,DR,LU,P09
100,465000,DR,LU,P09
100,467500,DR,LU,P09
100,470000,DR,LU,P09
100,472500,DR,LU,P09
100,495000,DR,LU,P09
100,497500,DR,LU,P09
100,500000,DR,LU,P09
100,502500,DR,LU,P09
100,515000,DR,LU,P09
100,517500,DR,LU,P09
100,520000,DR,LU,P09
100,522500,DR,LU,P09
100,525000,DR,LU,P09
100,527500,DR,LU,P09
100,530000,DR,LU,P09
100,532500,DR,LU,P09
100,535000,DR,LU,P09
100,537500,DR,LU,P09
100,540000,DR,LU,P09
100,542500,DR,LU,P09
100,545000,DR,LU,P09
100,547500,DR,LU,P09
100,550000,DR,LU,P09
100,555000,DR,LU,P09
100,565000,DR,LU,P09
100,567500,DR,LU,P09
100,587500,DR,LU,P09
100,590000,DR,LU,P09
100,592500,DR,LU,P09
100,595000,DR,LU,P09
100,602500,DR,LU,P09
100,605000,DR,LU,P09
100,610000,DR,LU,P09
100,647500,DR,LU,P09
100,650000,DR,LU,P09
100,652500,DR,LU,P09
100,712500,DR,LU,P09
100,715000,DR,LU,P09
100,717500,DR,LU,P09
100,720000,DR,LU,P09
100,722500,DR,LU,P09
100,725000,DR,LU,P09
100,727500,DR,LU,P09
100,730000,DR,LU,P09
100,732500,DR,LU,P09
100,735000,DR,LU,P09
100,737500,DR,LU,P09
100,740000,DR,LU,P09
100,742500,DR,LU,P09
100,745000,DR,LU,P09
100,747500,DR,LU,P09
100,750000,DR,LU,P09
100,752500,DR,LU,P09
100,755000,DR,LU,P09
100,772500,DR,LU,P09
100,775000,DR,LU,P09
100,777500,DR,LU,P09
100,780000,DR,LU,P09
100,790000,DR,LU,P09
100,797500,DR,LU,P09
100,800000,DR,LU,P09
100,802500,DR,LU,P09
100,805000,DR,LU,P09
100,807500,DR,LU,P09
100,810000,DR,LU,P09
100,827500,DR,LU,P09
100,830000,DR,LU,P09
100,832500,DR,LU,P09
100,835000,DR,LU,P09
100,837500,DR,LU,P09
100,840000,DR,LU,P09
100,842500,DR,LU,P09
100,845000,DR,LU,P09
100,847500,DR,LU,P09
100,852500,DR,LU,P09
100,870000,DR,LU,P09
100,900000,DR,LU,P09
100,902500,DR,LU,P09
100,905000,DR,LU,P09
100,907500,DR,LU,P09
100,910000,DR,LU,P09
100,912500,DR,LU,P09
100,915000,DR,LU,P09
100,917500,DR,LU,P09
100,920000,DR,LU,P09
100,927500,DR,LU,P09
100,932500,DR,LU,P09
100,935000,DR,LU,P09
100,937500,DR,LU,P09
100,940000,DR,LU,P09
100,942500,DR,LU,P09
100,952500,DR,LU,P09
100,955000,DR,LU,P09
100,957500,DR,LU,P09
100,960000,DR,LU,P09
100,962500,DR,LU,P09
100,965000,DR,LU,P09
100,967500,DR,LU,P09
100,970000,DR,LU,P09
100,972500,DR,LU,P09
100,975000,DR,LU,P09
100,1000000,DR,LU,P09
100,1007500,DR,LU,P09
100,1010000,DR,LU,P09
100,1012500,DR,LU,P09
100,1015000,DR,LU,P09
100,1017500,DR,LU,P09
100,1022500,DR,LU,P09
100,1025000,DR,LU,P09
100,1027500,DR,LU,P09
100,1030000,DR,LU,P09
100,1040000,DR,LU,P09
100,1045000,DR,LU,P09
100,1050000,DR,LU,P09
100,1062500,DR,LU,P09
100,1065000,DR,LU,P09
100,1077500,DR,LU,P09
100,1080000,DR,LU,P09
100,1082500,DR,LU,P09
100,1085000,DR,LU,P09
100,1087500,DR,LU,P09
100,1090000,DR,LU,P09
100,1092500,DR,LU,P09
100,1095000,DR,LU,P09
100,1100000,DR,LU,P09
100,1102500,DR,LU,P09
100,1105000,DR,LU,P09
100,1107500,DR,LU,P09
100,1110000,DR,LU,P09
100,1112500,DR,LU,P09
100,1115000,DR,LU,P09
100,1117500,DR,LU,P09
100,1142500,DR,LU,P09
100,1147500,DR,LU,P09
100,1152500,DR,LU,P09
100,1155000,DR,LU,P09
100,1160000,DR,LU,P09
100,1167500,DR,LU,P09
100,1170000,DR,LU,P09
100,1172500,DR,LU,P09
100,1175000,DR,LU,P09
100,1180000,DR,LU,P09
100,1185000,DR,LU,P09
100,1190000,DR,LU,P09
100,1192500,DR,LU,P09
100,1195000,DR,LU,P09
100,1197500,DR,LU,P09
100,1200000,DR,LU,P09
100,1202500,DR,LU,P09
100,1205000,DR,LU,P09
100,1207500,DR,LU,P09
100,1210000,DR,LU,P09
100,1212500,DR,LU,P09
100,1215000,DR,LU,P09
100,1217500,DR,LU,P09
100,1220000,DR,LU,P09
100,1227500,DR,LU,P09
100,1230000,DR,LU,P09
100,1245000,DR,LU,P09
100,1247500,DR,LU,P09
100,1250000,DR,LU,P09
100,1252500,DR,LU,P09
100,1280000,DR,LU,P09
100,1285000,DR,LU,P09
100,1287500,DR,LU,P09
100,1290000,DR,LU,P09
100,1312500,DR,LU,P09
100,1315000,DR,LU,P09
100,1317500,DR,LU,P09
100,1320000,DR,LU,P09
100,1322500,DR,LU,P09
100,1325000,DR,LU,P09
100,1327500,DR,LU,P09
100,1330000,DR,LU,P09
100,1332500,DR,LU,P09
100,1335000,DR,LU,P09
100,1337500,DR,LU,P09
100,1340000,DR,LU,P09
100,1342500,DR,LU,P09
100,1345000,DR,LU,P09
100,1347500,DR,LU,P09
100,1350000,DR,LU,P09
101,0,DR,XP,P09
101,2500,DR,XP,P09
101,7500,DR,XP,P09
101,10000,DR,XP,P09
101,12500,DR,XP,P09
101,20000,DR,XP,P09
101,37500,DR,XP,P09
101,47500,DR,XP,P09
101,50000,DR,XP,P09
101,52500,DR,XP,P09
101,55000,DR,XP,P09
101,60000,DR,XP,P09
101,62500,DR,XP,P09
101,65000,DR,XP,P09
101,67500,DR,XP,P09
101,70000,DR,XP,P09
101,75000,DR,XP,P09
101,77500,DR,XP,P09
101,80000,DR,XP,P09
101,82500,DR,XP,P09
101,85000,DR,XP,P09
101,87500,DR,XP,P09
101,90000,DR,XP,P09
101,95000,DR,XP,P09
101,97500,DR,XP,P09
101,100000,DR,XP,P09
101,110000,DR,XP,P09
101,120000,DR,XP,P09
101,122500,DR,XP,P09
101,125000,DR,XP,P09
101,127500,DR,XP,P09
101,130000,DR,XP,P09
101,132500,DR,XP,P09
101,147500,DR,XP,P09
101,150000,DR,XP,P09
101,152500,DR,XP,P09
101,155000,DR,XP,P09
101,160000,DR,XP,P09
101,162500,DR,XP,P09
101,165000,DR,XP,P09
101,167500,DR,XP,P09
101,212500,DR,XP,P09
101,215000,DR,XP,P09
101,217500,DR,XP,P09
101,220000,DR,XP,P09
101,222500,DR,XP,P09
101,230000,DR,XP,P09
101,232500,DR,XP,P09
101,250000,DR,XP,P09
101,260000,DR,XP,P09
101,277500,DR,XP,P09
101,280000,DR,XP,P09
101,287500,DR,XP,P09
101,290000,DR,XP,P09
101,292500,DR,XP,P09
101,295000,DR,XP,P09
101,302500,DR,XP,P09
101,305000,DR,XP,P09
101,307500,DR,XP,P09
101,310000,DR,XP,P09
101,312500,DR,XP,P09
101,315000,DR,XP,P09
101,317500,DR,XP,P09
101,320000,DR,XP,P09
101,322500,DR,XP,P09
101,325000,DR,XP,P09
101,327500,DR,XP,P09
101,330000,DR,XP,P09
101,340000,DR,XP,P09
101,342500,DR,XP,P09
101,347500,DR,XP,P09
101,350000,DR,XP,P09
101,352500,DR,XP,P09
101,357500,DR,XP,P09
101,360000,DR,XP,P09
101,362500,DR,XP,P09
101,367500,DR,XP,P09
101,370000,DR,XP,P09
101,372500,DR,XP,P09
101,375000,DR,XP,P09
101,377500,DR,XP,P09
101,380000,DR,XP,P09
101,382500,DR,XP,P09
101,385000,DR,XP,P09
101,387500,DR,XP,P09
101,390000,DR,XP,P09
101,392500,DR,XP,P09
101,395000,DR,XP,P09
101,397500,DR,XP,P09
101,400000,DR,XP,P09
101,402500,DR,XP,P09
101,405000,DR,XP,P09
101,407500,DR,XP,P09
101,410000,DR,XP,P09
101,412500,DR,XP,P09
101,415000,DR,XP,P09
101,417500,DR,XP,P09
101,420000,DR,XP,P09
101,425000,DR,XP,P09
101,427500,DR,XP,P09
101,430000,DR,XP,P09
101,447500,DR,XP,P09
101,450000,DR,XP,P09
101,452500,DR,XP,P09
101,457500,DR,XP,P09
101,460000,DR,XP,P09
101,462500,DR,XP,P09
101,465000,DR,XP,P09
101,467500,DR,XP,P09
101,470000,DR,XP,P09
101,472500,DR,XP,P09
101,475000,DR,XP,P09
101,477500,DR,XP,P09
101,480000,DR,XP,P09
101,482500,DR,XP,P09
101,485000,DR,XP,P09
101,487500,DR,XP,P09
101,490000,DR,XP,P09
101,492500,DR,XP,P09
101,495000,DR,XP,P09
101,500000,DR,XP,P09
101,502500,DR,XP,P09
101,512500,DR,XP,P09
101,515000,DR,XP,P09
101,530000,DR,XP,P09
101,532500,DR,XP,P09
101,545000,DR,XP,P09
101,547500,DR,XP,P09
101,550000,DR,XP,P09
101,552500,DR,XP,P09
101,555000,DR,XP,P09
101,557500,DR,XP,P09
101,560000,DR,XP,P09
101,562500,DR,XP,P09
101,565000,DR,XP,P09
101,567500,DR,XP,P09
101,570000,DR,XP,P09
101,572500,DR,XP,P09
101,575000,DR,XP,P09
101,577500,DR,XP,P09
101,580000,DR,XP,P09
101,582500,DR,XP,P09
101,585000,DR,XP,P09
101,587500,DR,XP,P09
101,590000,DR,XP,P09
101,597500,DR,XP,P09
101,600000,DR,XP,P09
101,602500,DR,XP,P09
101,605000,DR,XP,P09
101,607500,DR,XP,P09
101,610000,DR,XP,P09
101,612500,DR,XP,P09
101,615000,DR,XP,P09
101,617500,DR,XP,P09
101,620000,DR,XP,P09
101,622500,DR,XP,P09
101,625000,DR,XP,P09
101,627500,DR,XP,P09
101,630000,DR,XP,P09
101,632500,DR,XP,P09
101,637500,DR,XP,P09
101,642500,DR,XP,P09
101,645000,DR,XP,P09
101,647500,DR,XP,P09
101,650000,DR,XP,P09
101,652500,DR,XP,P09
101,655000,DR,XP,P09
101,657500,DR,XP,P09
101,662500,DR,XP,P09
101,665000,DR,XP,P09
101,667500,DR,XP,P09
101,670000,DR,XP,P09
101,672500,DR,XP,P09
101,680000,DR,XP,P09
101,682500,DR,XP,P09
101,712500,DR,XP,P09
101,715000,DR,XP,P09
101,720000,DR,XP,P09
101,722500,DR,XP,P09
101,725000,DR,XP,P09
101,727500,DR,XP,P09
101,730000,DR,XP,P09
101,732500,DR,XP,P09
101,750000,DR,XP,P09
101,760000,DR,XP,P09
101,762500,DR,XP,P09
101,765000,DR,XP,P09
101,767500,DR,XP,P09
101,770000,DR,XP,P09
101,772500,DR,XP,P09
101,775000,DR,XP,P09
101,777500,DR,XP,P09
101,780000,DR,XP,P09
101,787500,DR,XP,P09
101,790000,DR,XP,P09
101,797500,DR,XP,P09
101,800000,DR,XP,P09
101,802500,DR,XP,P09
101,817500,DR,XP,P09
101,820000,DR,XP,P09
101,822500,DR,XP,P09
101,825000,DR,XP,P09
101,827500,DR,XP,P09
101,832500,DR,XP,P09
101,837500,DR,XP,P09
101,840000,DR,XP,P09
101,842500,DR,XP,P09
101,845000,DR,XP,P09
101,847500,DR,XP,P09
101,850000,DR,XP,P09
101,852500,DR,XP,P09
101,855000,DR,XP,P09
101,857500,DR,XP,P09
101,860000,DR,XP,P09
101,862500,DR,XP,P09
101,865000,DR,XP,P09
101,867500,DR,XP,P09
101,870000,DR,XP,P09
101,872500,DR,XP,P09
101,875000,DR,XP,P09
101,880000,DR,XP,P09
101,882500,DR,XP,P09
101,885000,DR,XP,P09
101,887500,DR,XP,P09
101,890000,DR,XP,P09
101,892500,DR,XP,P09
101,895000,DR,XP,P09
101,897500,DR,XP,P09
101,900000,DR,XP,P09
101,902500,DR,XP,P09
101,905000,DR,XP,P09
101,907500,DR,XP,P09
101,910000,DR,XP,P09
101,912500,DR,XP,P09
101,915000,DR,XP,P09
101,917500,DR,XP,P09
101,920000,DR,XP,P09
101,922500,DR,XP,P09
101,925000,DR,XP,P09
101,927500,DR,XP,P09
101,930000,DR,XP,P09
101,932500,DR,XP,P09
101,935000,DR,XP,P09
101,937500,DR,XP,P09
101,940000,DR,XP,P09
101,942500,DR,XP,P09
101,945000,DR,XP,P09
101,947500,DR,XP,P09
101,950000,DR,XP,P09
101,952500,DR,XP,P09
101,955000,DR,XP,P09
101,957500,DR,XP,P09
101,960000,DR,XP,P09
101,962500,DR,XP,P09
101,965000,DR,XP,P09
101,967500,DR,XP,P09
101,970000,DR,XP,P09
101,972500,DR,XP,P09
101,975000,DR,XP,P09
101,977500,DR,XP,P09
101,980000,DR,XP,P09
101,982500,DR,XP,P09
101,985000,DR,XP,P09
101,987500,DR,XP,P09
101,990000,DR,XP,P09
101,992500,DR,XP,P09
101,995000,DR,XP,P09
101,997500,DR,XP,P09
101,1000000,DR,XP,P09
101,1002500,DR,XP,P09
101,1005000,DR,XP,P09
101,1007500,DR,XP,P09
101,1010000,DR,XP,P09
101,1012500,DR,XP,P09
101,1015000,DR,XP,P09
101,1017500,DR,XP,P09
101,1020000,DR,XP,P09
101,1022500,DR,XP,P09
101,1025000,DR,XP,P09
101,1027500,DR,XP,P09
101,1030000,DR,XP,P09
101,1032500,DR,XP,P09
101,1035000,DR,XP,P09
101,1037500,DR,XP,P09
101,1040000,DR,XP,P09
101,1042500,DR,XP,P09
101,1045000,DR,XP,P09
101,1047500,DR,XP,P09
101,1050000,DR,XP,P09
101,1052500,DR,XP,P09
101,1055000,DR,XP,P09
101,1057500,DR,XP,P09
101,1060000,DR,XP,P09
101,1062500,DR,XP,P09
101,1065000,DR,XP,P09
101,1067500,DR,XP,P09
101,1070000,DR,XP,P09
101,1072500,DR,XP,P09
101,1075000,DR,XP,P09
101,1077500,DR,XP,P09
101,1080000,DR,XP,P09
101,1082500,DR,XP,P09
101,1085000,DR,XP,P09
101,1087500,DR,XP,P09
101,1090000,DR,XP,P09
101,1092500,DR,XP,P09
101,1095000,DR,XP,P09
101,1097500,DR,XP,P09
101,1100000,DR,XP,P09
101,1102500,DR,XP,P09
101,1105000,DR,XP,P09
101,1107500,DR,XP,P09
101,1110000,DR,XP,P09
101,1112500,DR,XP,P09
101,1115000,DR,XP,P09
101,1117500,DR,XP,P09
101,1120000,DR,XP,P09
101,1122500,DR,XP,P09
101,1125000,DR,XP,P09
101,1127500,DR,XP,P09
101,1130000,DR,XP,P09
101,1132500,DR,XP,P09
101,1135000,DR,XP,P09
101,1137500,DR,XP,P09
101,1140000,DR,XP,P09
101,1142500,DR,XP,P09
101,1145000,DR,XP,P09
101,1147500,DR,XP,P09
101,1150000,DR,XP,P09
101,1152500,DR,XP,P09
101,1155000,DR,XP,P09
101,1157500,DR,XP,P09
101,1160000,DR,XP,P09
101,1162500,DR,XP,P09
101,1165000,DR,XP,P09
101,1167500,DR,XP,P09
101,1170000,DR,XP,P09
101,1172500,DR,XP,P09
101,1175000,DR,XP,P09
101,1177500,DR,XP,P09
101,1180000,DR,XP,P09
101,1182500,DR,XP,P09
101,1185000,DR,XP,P09
101,1187500,DR,XP,P09
101,1190000,DR,XP,P09
101,1192500,DR,XP,P09
101,1195000,DR,XP,P09
101,1197500,DR,XP,P09
101,1200000,DR,XP,P09
101,1202500,DR,XP,P09
101,1205000,DR,XP,P09
101,1207500,DR,XP,P09
101,1210000,DR,XP,P09
101,1212500,DR,XP,P09
101,1215000,DR,XP,P09
101,1217500,DR,XP,P09
101,1220000,DR,XP,P09
101,1222500,DR,XP,P09
101,1225000,DR,XP,P09
101,1227500,DR,XP,P09
101,1230000,DR,XP,P09
101,1232500,DR,XP,P09
101,1235000,DR,XP,P09
101,1237500,DR,XP,P09
101,1240000,DR,XP,P09
101,1242500,DR,XP,P09
101,1245000,DR,XP,P09
101,1247500,DR,XP,P09
101,1250000,DR,XP,P09
101,1252500,DR,XP,P09
101,1255000,DR,XP,P09
101,1257500,DR,XP,P09
101,1260000,DR,XP,P09
101,1262500,DR,XP,P09
101,1265000,DR,XP,P09
101,1267500,DR,XP,P09
101,1270000,DR,XP,P09
101,1272500,DR,XP,P09
101,1275000,DR,XP,P09
101,1277500,DR,XP,P09
101,1280000,DR,XP,P09
101,1282500,DR,XP,P09
101,1285000,DR,XP,P09
101,1287500,DR,XP,P09
101,1290000,DR,XP,P09
101,1292500,DR,XP,P09
101,1295000,DR,XP,P09
101,1297500,DR,XP,P09
101,1300000,DR,XP,P09
101,1302500,DR,XP,P09
101,1305000,DR,XP,P09
101,1307500,DR,XP,P09
101,1310000,DR,XP,P09
101,1312500,DR,XP,P09
101,1315000,DR,XP,P09
101,1317500,DR,XP,P09
101,1320000,DR,XP,P09
101,1322500,DR,XP,P09
101,1325000,DR,XP,P09
101,1327500,DR,XP,P09
101,1330000,DR,XP,P09
101,1332500,DR,XP,P09
101,1335000,DR,XP,P09
101,1337500,DR,XP,P09
101,1340000,DR,XP,P09
101,1342500,DR,XP,P09
101,1345000,DR,XP,P09
101,1347500,DR,XP,P09
101,1350000,DR,XP,P09
102,0,UL,FR,P09
102,2500,UL,FR,P09
102,5000,UL,FR,P09
102,7500,UL,FR,P09
102,10000,UL,FR,P09
102,12500,UL,FR,P09
102,15000,UL,FR,P09
102,17500,UL,FR,P09
102,20000,UL,FR,P09
102,22500,UL,FR,P09
102,25000,UL,FR,P09
102,27500,UL,FR,P09
102,30000,UL,FR,P09
102,32500,UL,FR,P09
102,35000,UL,FR,P09
102,37500,UL,FR,P09
102,40000,UL,FR,P09
102,42500,UL,FR,P09
102,45000,UL,FR,P09
102,47500,UL,FR,P09
102,50000,UL,FR,P09
102,52500,UL,FR,P09
102,55000,UL,FR,P09
102,57500,UL,FR,P09
102,60000,UL,FR,P09
102,62500,UL,FR,P09
102,65000,UL,FR,P09
102,67500,UL,FR,P09
102,70000,UL,FR,P09
102,72500,UL,FR,P09
102,75000,UL,FR,P09
102,77500,UL,FR,P09
102,80000,UL,FR,P09
102,82500,UL,FR,P09
102,85000,UL,FR,P09
102,87500,UL,FR,P09
102,90000,UL,FR,P09
102,92500,UL,FR,P09
102,95000,UL,FR,P09
102,97500,UL,FR,P09
102,100000,UL,FR,P09
102,102500,UL,FR,P09
102,105000,UL,FR,P09
102,107500,UL,FR,P09
102,110000,UL,FR,P09
102,112500,UL,FR,P09
102,115000,UL,FR,P09
102,117500,UL,FR,P09
102,120000,UL,FR,P09
102,122500,UL,FR,P09
102,125000,UL,FR,P09
102,127500,UL,FR,P09
102,130000,UL,FR,P09
102,132500,UL,FR,P09
102,135000,UL,FR,P09
102,137500,UL,FR,P09
102,140000,UL,FR,P09
102,142500,UL,FR,P09
102,145000,UL,FR,P09
102,147500,UL,FR,P09
102,150000,UL,FR,P09
102,157500,UL,FR,P09
102,160000,UL,FR,P09
102,162500,UL,FR,P09
102,167500,UL,FR,P09
102,170000,UL,FR,P09
102,172500,UL,FR,P09
102,175000,UL,FR,P09
102,177500,UL,FR,P09
102,180000,UL,FR,P09
102,185000,UL,FR,P09
102,190000,UL,FR,P09
102,195000,UL,FR,P09
102,197500,UL,FR,P09
102,200000,UL,FR,P09
102,202500,UL,FR,P09
102,205000,UL,FR,P09
102,207500,UL,FR,P09
102,210000,UL,FR,P09
102,212500,UL,FR,P09
102,215000,UL,FR,P09
102,220000,UL,FR,P09
102,222500,UL,FR,P09
102,225000,UL,FR,P09
102,227500,UL,FR,P09
102,230000,UL,FR,P09
102,232500,UL,FR,P09
102,242500,UL,FR,P09
102,247500,UL,FR,P09
102,252500,UL,FR,P09
102,255000,UL,FR,P09
102,257500,UL,FR,P09
102,260000,UL,FR,P09
102,262500,UL,FR,P09
102,265000,UL,FR,P09
102,267500,UL,FR,P09
102,270000,UL,FR,P09
102,272500,UL,FR,P09
102,275000,UL,FR,P09
102,277500,UL,FR,P09
102,280000,UL,FR,P09
102,282500,UL,FR,P09
102,285000,UL,FR,P09
102,287500,UL,FR,P09
102,290000,UL,FR,P09
102,292500,UL,FR,P09
102,295000,UL,FR,P09
102,297500,UL,FR,P09
102,300000,UL,FR,P09
102,302500,UL,FR,P09
102,305000,UL,FR,P09
102,307500,UL,FR,P09
102,310000,UL,FR,P09
102,312500,UL,FR,P09
102,320000,UL,FR,P09
102,322500,UL,FR,P09
102,325000,UL,FR,P09
102,327500,UL,FR,P09
102,330000,UL,FR,P09
102,332500,UL,FR,P09
102,335000,UL,FR,P09
102,337500,UL,FR,P09
102,340000,UL,FR,P09
102,342500,UL,FR,P09
102,345000,UL,FR,P09
102,347500,UL,FR,P09
102,350000,UL,FR,P09
102,352500,UL,FR,P09
102,355000,UL,FR,P09
102,357500,UL,FR,P09
102,360000,UL,FR,P09
102,362500,UL,FR,P09
102,365000,UL,FR,P09
102,367500,UL,FR,P09
102,370000,UL,FR,P09
102,372500,UL,FR,P09
102,375000,UL,FR,P09
102,377500,UL,FR,P09
102,380000,UL,FR,P09
102,382500,UL,FR,P09
102,385000,UL,FR,P09
102,387500,UL,FR,P09
102,390000,UL,FR,P09
102,392500,UL,FR,P09
102,395000,UL,FR,P09
102,397500,UL,FR,P09
102,400000,UL,FR,P09
102,402500,UL,FR,P09
102,405000,UL,FR,P09
102,407500,UL,FR,P09
102,410000,UL,FR,P09
102,412500,UL,FR,P09
102,415000,UL,FR,P09
102,417500,UL,FR,P09
102,420000,UL,FR,P09
102,422500,UL,FR,P09
102,425000,UL,FR,P09
102,427500,UL,FR,P09
102,430000,UL,FR,P09
102,432500,UL,FR,P09
102,435000,UL,FR,P09
102,437500,UL,FR,P09
102,440000,UL,FR,P09
102,442500,UL,FR,P09
102,445000,UL,FR,P09
102,447500,UL,FR,P09
102,450000,UL,FR,P09
102,455000,UL,FR,P09
102,457500,UL,FR,P09
102,460000,UL,FR,P09
102,462500,UL,FR,P09
102,465000,UL,FR,P09
102,467500,UL,FR,P09
102,470000,UL,FR,P09
102,472500,UL,FR,P09
102,475000,UL,FR,P09
102,477500,UL,FR,P09
102,480000,UL,FR,P09
102,482500,UL,FR,P09
102,492500,UL,FR,P09
102,495000,UL,FR,P09
102,497500,UL,FR,P09
102,500000,UL,FR,P09
102,502500,UL,FR,P09
102,505000,UL,FR,P09
102,507500,UL,FR,P09
102,510000,UL,FR,P09
102,512500,UL,FR,P09
102,515000,UL,FR,P09
102,517500,UL,FR,P09
102,520000,UL,FR,P09
102,522500,UL,FR,P09
102,525000,UL,FR,P09
102,527500,UL,FR,P09
102,530000,UL,FR,P09
102,537500,UL,FR,P09
102,540000,UL,FR,P09
102,542500,UL,FR,P09
102,550000,UL,FR,P09
102,552500,UL,FR,P09
102,555000,UL,FR,P09
102,557500,UL,FR,P09
102,560000,UL,FR,P09
102,562500,UL,FR,P09
102,565000,UL,FR,P09
102,567500,UL,FR,P09
102,570000,UL,FR,P09
102,572500,UL,FR,P09
102,575000,UL,FR,P09
102,577500,UL,FR,P09
102,580000,UL,FR,P09
102,582500,UL,FR,P09
102,585000,UL,FR,P09
102,587500,UL,FR,P09
102,590000,UL,FR,P09
102,592500,UL,FR,P09
102,595000,UL,FR,P09
102,597500,UL,FR,P09
102,600000,UL,FR,P09
102,602500,UL,FR,P09
102,605000,UL,FR,P09
102,607500,UL,FR,P09
102,610000,UL,FR,P09
102,612500,UL,FR,P09
102,615000,UL,FR,P09
102,617500,UL,FR,P09
102,620000,UL,FR,P09
102,622500,UL,FR,P09
102,625000,UL,FR,P09
102,627500,UL,FR,P09
102,630000,UL,FR,P09
102,632500,UL,FR,P09
102,635000,UL,FR,P09
102,637500,UL,FR,P09
102,640000,UL,FR,P09
102,642500,UL,FR,P09
102,645000,UL,FR,P09
102,647500,UL,FR,P09
102,650000,UL,FR,P09
102,652500,UL,FR,P09
102,655000,UL,FR,P09
102,657500,UL,FR,P09
102,660000,UL,FR,P09
102,662500,UL,FR,P09
102,665000,UL,FR,P09
102,667500,UL,FR,P09
102,670000,UL,FR,P09
102,672500,UL,FR,P09
102,675000,UL,FR,P09
102,677500,UL,FR,P09
102,680000,UL,FR,P09
102,682500,UL,FR,P09
102,685000,UL,FR,P09
102,687500,UL,FR,P09
102,690000,UL,FR,P09
102,692500,UL,FR,P09
102,695000,UL,FR,P09
102,697500,UL,FR,P09
102,700000,UL,FR,P09
102,702500,UL,FR,P09
102,705000,UL,FR,P09
102,707500,UL,FR,P09
102,710000,UL,FR,P09
102,712500,UL,FR,P09
102,715000,UL,FR,P09
102,717500,UL,FR,P09
102,720000,UL,FR,P09
102,722500,UL,FR,P09
102,725000,UL,FR,P09
102,727500,UL,FR,P09
102,730000,UL,FR,P09
102,732500,UL,FR,P09
102,735000,UL,FR,P09
102,737500,UL,FR,P09
102,740000,UL,FR,P09
102,742500,UL,FR,P09
102,745000,UL,FR,P09
102,747500,UL,FR,P09
102,750000,UL,FR,P09
102,752500,UL,FR,P09
102,755000,UL,FR,P09
102,757500,UL,FR,P09
102,760000,UL,FR,P09
102,762500,UL,FR,P09
102,765000,UL,FR,P09
102,767500,UL,FR,P09
102,770000,UL,FR,P09
102,772500,UL,FR,P09
102,775000,UL,FR,P09
102,777500,UL,FR,P09
102,780000,UL,FR,P09
102,782500,UL,FR,P09
102,785000,UL,FR,P09
102,787500,UL,FR,P09
102,790000,UL,FR,P09
102,792500,UL,FR,P09
102,795000,UL,FR,P09
102,797500,UL,FR,P09
102,800000,UL,FR,P09
102,802500,UL,FR,P09
102,805000,UL,FR,P09
102,807500,UL,FR,P09
102,810000,UL,FR,P09
102,812500,UL,FR,P09
102,815000,UL,FR,P09
102,817500,UL,FR,P09
102,820000,UL,FR,P09
102,822500,UL,FR,P09
102,825000,UL,FR,P09
102,827500,UL,FR,P09
102,830000,UL,FR,P09
102,832500,UL,FR,P09
102,835000,UL,FR,P09
102,837500,UL,FR,P09
102,840000,UL,FR,P09
102,842500,UL,FR,P09
102,845000,UL,FR,P09
102,847500,UL,FR,P09
102,850000,UL,FR,P09
102,852500,UL,FR,P09
102,855000,UL,FR,P09
102,857500,UL,FR,P09
102,860000,UL,FR,P09
102,862500,UL,FR,P09
102,865000,UL,FR,P09
102,867500,UL,FR,P09
102,870000,UL,FR,P09
102,872500,UL,FR,P09
102,875000,UL,FR,P09
102,877500,UL,FR,P09
102,880000,UL,FR,P09
102,882500,UL,FR,P09
102,885000,UL,FR,P09
102,887500,UL,FR,P09
102,890000,UL,FR,P09
102,892500,UL,FR,P09
102,895000,UL,FR,P09
102,897500,UL,FR,P09
102,900000,UL,FR,P09
102,902500,UL,FR,P09
102,905000,UL,FR,P09
102,907500,UL,FR,P09
102,910000,UL,FR,P09
102,912500,UL,FR,P09
102,915000,UL,FR,P09
102,917500,UL,FR,P09
102,920000,UL,FR,P09
102,922500,UL,FR,P09
102,925000,UL,FR,P09
102,927500,UL,FR,P09
102,930000,UL,FR,P09
102,932500,UL,FR,P09
102,935000,UL,FR,P09
102,937500,UL,FR,P09
102,940000,UL,FR,P09
102,942500,UL,FR,P09
102,945000,UL,FR,P09
102,947500,UL,FR,P09
102,950000,UL,FR,P09
102,952500,UL,FR,P09
102,955000,UL,FR,P09
102,957500,UL,FR,P09
102,960000,UL,FR,P09
102,962500,UL,FR,P09
102,965000,UL,FR,P09
102,967500,UL,FR,P09
102,970000,UL,FR,P09
102,972500,UL,FR,P09
102,975000,UL,FR,P09
102,977500,UL,FR,P09
102,980000,UL,FR,P09
102,982500,UL,FR,P09
102,985000,UL,FR,P09
102,987500,UL,FR,P09
102,990000,UL,FR,P09
102,992500,UL,FR,P09
102,995000,UL,FR,P09
102,997500,UL,FR,P09
102,1000000,UL,FR,P09
102,1002500,UL,FR,P09
102,1005000,UL,FR,P09
102,1007500,UL,FR,P09
102,1010000,UL,FR,P09
102,1012500,UL,FR,P09
102,1015000,UL,FR,P09
102,1017500,UL,FR,P09
102,1020000,UL,FR,P09
102,1022500,UL,FR,P09
102,1025000,UL,FR,P09
102,1027500,UL,FR,P09
102,1030000,UL,FR,P09
102,1032500,UL,FR,P09
102,1035000,UL,FR,P09
102,1037500,UL,FR,P09
102,1040000,UL,FR,P09
102,1042500,UL,FR,P09
102,1045000,UL,FR,P09
102,1047500,UL,FR,P09
102,1050000,UL,FR,P09
102,1052500,UL,FR,P09
102,1055000,UL,FR,P09
102,1057500,UL,FR,P09
102,1060000,UL,FR,P09
102,1062500,UL,FR,P09
102,1065000,UL,FR,P09
102,1067500,UL,FR,P09
102,1070000,UL,FR,P09
102,1072500,UL,FR,P09
102,1075000,UL,FR,P09
102,1077500,UL,FR,P09
102,1080000,UL,FR,P09
102,1082500,UL,FR,P09
102,1085000,UL,FR,P09
102,1087500,UL,FR,P09
102,1090000,UL,FR,P09
102,1092500,UL,FR,P09
102,1095000,UL,FR,P09
102,1097500,UL,FR,P09
102,1100000,UL,FR,P09
102,1102500,UL,FR,P09
102,1105000,UL,FR,P09
102,1107500,UL,FR,P09
102,1110000,UL,FR,P09
102,1112500,UL,FR,P09
102,1115000,UL,FR,P09
102,1117500,UL,FR,P09
102,1120000,UL,FR,P09
102,1122500,UL,FR,P09
102,1125000,UL,FR,P09
102,1127500,UL,FR,P09
102,1130000,UL,FR,P09
102,1132500,UL,FR,P09
102,1135000,UL,FR,P09
102,1137500,UL,FR,P09
102,1140000,UL,FR,P09
102,1142500,UL,FR,P09
102,1145000,UL,FR,P09
102,1147500,UL,FR,P09
102,1150000,UL,FR,P09
102,1152500,UL,FR,P09
102,1155000,UL,FR,P09
102,1157500,UL,FR,P09
102,1160000,UL,FR,P09
102,1162500,UL,FR,P09
102,1165000,UL,FR,P09
102,1167500,UL,FR,P09
102,1170000,UL,FR,P09
102,1172500,UL,FR,P09
102,1175000,UL,FR,P09
102,1177500,UL,FR,P09
102,1180000,UL,FR,P09
102,1182500,UL,FR,P09
102,1185000,UL,FR,P09
102,1187500,UL,FR,P09
102,1190000,UL,FR,P09
102,1192500,UL,FR,P09
102,1195000,UL,FR,P09
102,1197500,UL,FR,P09
102,1200000,UL,FR,P09
102,1202500,UL,FR,P09
102,1205000,UL,FR,P09
102,1207500,UL,FR,P09
102,1210000,UL,FR,P09
102,1212500,UL,FR,P09
102,1215000,UL,FR,P09
102,1217500,UL,FR,P09
102,1220000,UL,FR,P09
102,1222500,UL,FR,P09
102,1225000,UL,FR,P09
102,1227500,UL,FR,P09
102,1230000,UL,FR,P09
102,1232500,UL,FR,P09
102,1235000,UL,FR,P09
102,1237500,UL,FR,P09
102,1240000,UL,FR,P09
102,1242500,UL,FR,P09
102,1245000,UL,FR,P09
102,1247500,UL,FR,P09
102,1250000,UL,FR,P09
102,1252500,UL,FR,P09
102,1255000,UL,FR,P09
102,1257500,UL,FR,P09
102,1260000,UL,FR,P09
102,1262500,UL,FR,P09
102,1265000,UL,FR,P09
102,1267500,UL,FR,P09
102,1270000,UL,FR,P09
102,1272500,UL,FR,P09
102,1275000,UL,FR,P09
102,1277500,UL,FR,P09
102,1280000,UL,FR,P09
102,1282500,UL,FR,P09
102,1285000,UL,FR,P09
102,1287500,UL,FR,P09
102,1290000,UL,FR,P09
102,1292500,UL,FR,P09
102,1295000,UL,FR,P09
102,1297500,UL,FR,P09
102,1300000,UL,FR,P09
102,1302500,UL,FR,P09
102,1305000,UL,FR,P09
102,1307500,UL,FR,P09
102,1310000,UL,FR,P09
102,1312500,UL,FR,P09
102,1315000,UL,FR,P09
102,1317500,UL,FR,P09
102,1320000,UL,FR,P09
102,1322500,UL,FR,P09
102,1325000,UL,FR,P09
102,1327500,UL,FR,P09
102,1330000,UL,FR,P09
102,1332500,UL,FR,P09
102,1335000,UL,FR,P09
102,1337500,UL,FR,P09
102,1340000,UL,FR,P09
102,1342500,UL,FR,P09
102,1345000,UL,FR,P09
102,1347500,UL,FR,P09
102,1350000,UL,FR,P09
103,0,UL,LU,P09
103,5000,UL,LU,P09
103,7500,UL,LU,P09
103,10000,UL,LU,P09
103,12500,UL,LU,P09
103,20000,UL,LU,P09
103,22500,UL,LU,P09
103,25000,UL,LU,P09
103,35000,UL,LU,P09
103,37500,UL,LU,P09
103,42500,UL,LU,P09
103,47500,UL,LU,P09
103,70000,UL,LU,P09
103,72500,UL,LU,P09
103,90000,UL,LU,P09
103,92500,UL,LU,P09
103,130000,UL,LU,P09
103,132500,UL,LU,P09
103,145000,UL,LU,P09
103,147500,UL,LU,P09
103,150000,UL,LU,P09
103,152500,UL,LU,P09
103,155000,UL,LU,P09
103,157500,UL,LU,P09
103,162500,UL,LU,P09
103,165000,UL,LU,P09
103,167500,UL,LU,P09
103,170000,UL,LU,P09
103,172500,UL,LU,P09
103,177500,UL,LU,P09
103,180000,UL,LU,P09
103,182500,UL,LU,P09
103,185000,UL,LU,P09
103,190000,UL,LU,P09
103,192500,UL,LU,P09
103,195000,UL,LU,P09
103,197500,UL,LU,P09
103,200000,UL,LU,P09
103,202500,UL,LU,P09
103,205000,UL,LU,P09
103,207500,UL,LU,P09
103,210000,UL,LU,P09
103,212500,UL,LU,P09
103,215000,UL,LU,P09
103,217500,UL,LU,P09
103,220000,UL,LU,P09
103,227500,UL,LU,P09
103,230000,UL,LU,P09
103,232500,UL,LU,P09
103,235000,UL,LU,P09
103,237500,UL,LU,P09
103,240000,UL,LU,P09
103,242500,UL,LU,P09
103,245000,UL,LU,P09
103,247500,UL,LU,P09
103,250000,UL,LU,P09
103,262500,UL,LU,P09
103,265000,UL,LU,P09
103,267500,UL,LU,P09
103,270000,UL,LU,P09
103,272500,UL,LU,P09
103,275000,UL,LU,P09
103,280000,UL,LU,P09
103,282500,UL,LU,P09
103,295000,UL,LU,P09
103,305000,UL,LU,P09
103,307500,UL,LU,P09
103,310000,UL,LU,P09
103,312500,UL,LU,P09
103,327500,UL,LU,P09
103,330000,UL,LU,P09
103,332500,UL,LU,P09
103,335000,UL,LU,P09
103,360000,UL,LU,P09
103,375000,UL,LU,P09
103,377500,UL,LU,P09
103,380000,UL,LU,P09
103,382500,UL,LU,P09
103,390000,UL,LU,P09
103,392500,UL,LU,P09
103,395000,UL,LU,P09
103,397500,UL,LU,P09
103,400000,UL,LU,P09
103,402500,UL,LU,P09
103,405000,UL,LU,P09
103,442500,UL,LU,P09
103,445000,UL,LU,P09
103,447500,UL,LU,P09
103,450000,UL,LU,P09
103,452500,UL,LU,P09
103,455000,UL,LU,P09
103,457500,UL,LU,P09
103,465000,UL,LU,P09
103,467500,UL,LU,P09
103,485000,UL,LU,P09
103,487500,UL,LU,P09
103,490000,UL,LU,P09
103,492500,UL,LU,P09
103,495000,UL,LU,P09
103,497500,UL,LU,P09
103,510000,UL,LU,P09
103,512500,UL,LU,P09
103,515000,UL,LU,P09
103,517500,UL,LU,P09
103,542500,UL,LU,P09
103,585000,UL,LU,P09
103,587500,UL,LU,P09
103,592500,UL,LU,P09
103,600000,UL,LU,P09
103,602500,UL,LU,P09
103,605000,UL,LU,P09
103,607500,UL,LU,P09
103,610000,UL,LU,P09
103,617500,UL,LU,P09
103,620000,UL,LU,P09
103,622500,UL,LU,P09
103,685000,UL,LU,P09
103,687500,UL,LU,P09
103,690000,UL,LU,P09
103,692500,UL,LU,P09
103,695000,UL,LU,P09
103,697500,UL,LU,P09
103,700000,UL,LU,P09
103,702500,UL,LU,P09
103,705000,UL,LU,P09
103,707500,UL,LU,P09
103,710000,UL,LU,P09
103,752500,UL,LU,P09
103,757500,UL,LU,P09
103,760000,UL,LU,P09
103,762500,UL,LU,P09
103,765000,UL,LU,P09
103,797500,UL,LU,P09
103,840000,UL,LU,P09
103,845000,UL,LU,P09
103,847500,UL,LU,P09
103,870000,UL,LU,P09
103,900000,UL,LU,P09
103,902500,UL,LU,P09
103,905000,UL,LU,P09
103,907500,UL,LU,P09
103,910000,UL,LU,P09
103,912500,UL,LU,P09
103,915000,UL,LU,P09
103,917500,UL,LU,P09
103,920000,UL,LU,P09
103,922500,UL,LU,P09
103,925000,UL,LU,P09
103,927500,UL,LU,P09
103,952500,UL,LU,P09
103,955000,UL,LU,P09
103,957500,UL,LU,P09
103,967500,UL,LU,P09
103,982500,UL,LU,P09
103,985000,UL,LU,P09
103,987500,UL,LU,P09
103,992500,UL,LU,P09
103,997500,UL,LU,P09
103,1010000,UL,LU,P09
103,1015000,UL,LU,P09
103,1025000,UL,LU,P09
103,1027500,UL,LU,P09
103,1040000,UL,LU,P09
103,1052500,UL,LU,P09
103,1055000,UL,LU,P09
103,1060000,UL,LU,P09
103,1102500,UL,LU,P09
103,1110000,UL,LU,P09
103,1112500,UL,LU,P09
103,1115000,UL,LU,P09
103,1125000,UL,LU,P09
103,1152500,UL,LU,P09
103,1155000,UL,LU,P09
103,1167500,UL,LU,P09
103,1172500,UL,LU,P09
103,1192500,UL,LU,P09
103,1195000,UL,LU,P09
103,1197500,UL,LU,P09
103,1200000,UL,LU,P09
103,1202500,UL,LU,P09
103,1210000,UL,LU,P09
103,1212500,UL,LU,P09
103,1215000,UL,LU,P09
103,1217500,UL,LU,P09
103,1220000,UL,LU,P09
103,1230000,UL,LU,P09
103,1237500,UL,LU,P09
103,1247500,UL,LU,P09
103,1252500,UL,LU,P09
103,1255000,UL,LU,P09
103,1257500,UL,LU,P09
103,1262500,UL,LU,P09
103,1265000,UL,LU,P09
103,1267500,UL,LU,P09
103,1272500,UL,LU,P09
103,1275000,UL,LU,P09
103,1277500,UL,LU,P09
103,1285000,UL,LU,P09
103,1292500,UL,LU,P09
103,1295000,UL,LU,P09
103,1297500,UL,LU,P09
103,1300000,UL,LU,P09
103,1302500,UL,LU,P09
104,0,UL,XP,P09
104,2500,UL,XP,P09
104,5000,UL,XP,P09
104,10000,UL,XP,P09
104,12500,UL,XP,P09
104,15000,UL,XP,P09
104,17500,UL,XP,P09
104,20000,UL,XP,P09
104,22500,UL,XP,P09
104,25000,UL,XP,P09
104,27500,UL,XP,P09
104,30000,UL,XP,P09
104,32500,UL,XP,P09
104,35000,UL,XP,P09
104,37500,UL,XP,P09
104,40000,UL,XP,P09
104,42500,UL,XP,P09
104,45000,UL,XP,P09
104,47500,UL,XP,P09
104,50000,UL,XP,P09
104,52500,UL,XP,P09
104,55000,UL,XP,P09
104,57500,UL,XP,P09
104,60000,UL,XP,P09
104,62500,UL,XP,P09
104,65000,UL,XP,P09
104,67500,UL,XP,P09
104,70000,UL,XP,P09
104,72500,UL,XP,P09
104,75000,UL,XP,P09
104,77500,UL,XP,P09
104,80000,UL,XP,P09
104,82500,UL,XP,P09
104,85000,UL,XP,P09
104,87500,UL,XP,P09
104,90000,UL,XP,P09
104,92500,UL,XP,P09
104,95000,UL,XP,P09
104,97500,UL,XP,P09
104,100000,UL,XP,P09
104,102500,UL,XP,P09
104,105000,UL,XP,P09
104,107500,UL,XP,P09
104,110000,UL,XP,P09
104,112500,UL,XP,P09
104,115000,UL,XP,P09
104,117500,UL,XP,P09
104,120000,UL,XP,P09
104,122500,UL,XP,P09
104,127500,UL,XP,P09
104,130000,UL,XP,P09
104,132500,UL,XP,P09
104,135000,UL,XP,P09
104,137500,UL,XP,P09
104,140000,UL,XP,P09
104,142500,UL,XP,P09
104,145000,UL,XP,P09
104,147500,UL,XP,P09
104,150000,UL,XP,P09
104,152500,UL,XP,P09
104,155000,UL,XP,P09
104,157500,UL,XP,P09
104,160000,UL,XP,P09
104,162500,UL,XP,P09
104,165000,UL,XP,P09
104,167500,UL,XP,P09
104,170000,UL,XP,P09
104,172500,UL,XP,P09
104,175000,UL,XP,P09
104,177500,UL,XP,P09
104,180000,UL,XP,P09
104,182500,UL,XP,P09
104,185000,UL,XP,P09
104,187500,UL,XP,P09
104,195000,UL,XP,P09
104,197500,UL,XP,P09
104,200000,UL,XP,P09
104,202500,UL,XP,P09
104,205000,UL,XP,P09
104,207500,UL,XP,P09
104,210000,UL,XP,P09
104,212500,UL,XP,P09
104,215000,UL,XP,P09
104,217500,UL,XP,P09
104,220000,UL,XP,P09
104,222500,UL,XP,P09
104,225000,UL,XP,P09
104,227500,UL,XP,P09
104,230000,UL,XP,P09
104,232500,UL,XP,P09
104,237500,UL,XP,P09
104,240000,UL,XP,P09
104,242500,UL,XP,P09
104,245000,UL,XP,P09
104,247500,UL,XP,P09
104,250000,UL,XP,P09
104,252500,UL,XP,P09
104,255000,UL,XP,P09
104,257500,UL,XP,P09
104,260000,UL,XP,P09
104,262500,UL,XP,P09
104,265000,UL,XP,P09
104,267500,UL,XP,P09
104,270000,UL,XP,P09
104,272500,UL,XP,P09
104,275000,UL,XP,P09
104,277500,UL,XP,P09
104,280000,UL,XP,P09
104,282500,UL,XP,P09
104,285000,UL,XP,P09
104,287500,UL,XP,P09
104,290000,UL,XP,P09
104,292500,UL,XP,P09
104,295000,UL,XP,P09
104,297500,UL,XP,P09
104,300000,UL,XP,P09
104,302500,UL,XP,P09
104,305000,UL,XP,P09
104,310000,UL,XP,P09
104,312500,UL,XP,P09
104,317500,UL,XP,P09
104,320000,UL,XP,P09
104,322500,UL,XP,P09
104,337500,UL,XP,P09
104,340000,UL,XP,P09
104,342500,UL,XP,P09
104,345000,UL,XP,P09
104,347500,UL,XP,P09
104,350000,UL,XP,P09
104,352500,UL,XP,P09
104,362500,UL,XP,P09
104,365000,UL,XP,P09
104,377500,UL,XP,P09
104,380000,UL,XP,P09
104,382500,UL,XP,P09
104,385000,UL,XP,P09
104,387500,UL,XP,P09
104,390000,UL,XP,P09
104,392500,UL,XP,P09
104,395000,UL,XP,P09
104,397500,UL,XP,P09
104,400000,UL,XP,P09
104,402500,UL,XP,P09
104,405000,UL,XP,P09
104,407500,UL,XP,P09
104,410000,UL,XP,P09
104,412500,UL,XP,P09
104,415000,UL,XP,P09
104,417500,UL,XP,P09
104,420000,UL,XP,P09
104,422500,UL,XP,P09
104,425000,UL,XP,P09
104,427500,UL,XP,P09
104,430000,UL,XP,P09
104,432500,UL,XP,P09
104,435000,UL,XP,P09
104,437500,UL,XP,P09
104,440000,UL,XP,P09
104,442500,UL,XP,P09
104,445000,UL,XP,P09
104,447500,UL,XP,P09
104,450000,UL,XP,P09
104,452500,UL,XP,P09
104,455000,UL,XP,P09
104,457500,UL,XP,P09
104,460000,UL,XP,P09
104,462500,UL,XP,P09
104,465000,UL,XP,P09
104,467500,UL,XP,P09
104,470000,UL,XP,P09
104,472500,UL,XP,P09
104,475000,UL,XP,P09
104,477500,UL,XP,P09
104,480000,UL,XP,P09
104,482500,UL,XP,P09
104,485000,UL,XP,P09
104,487500,UL,XP,P09
104,490000,UL,XP,P09
104,492500,UL,XP,P09
104,495000,UL,XP,P09
104,497500,UL,XP,P09
104,500000,UL,XP,P09
104,502500,UL,XP,P09
104,505000,UL,XP,P09
104,507500,UL,XP,P09
104,510000,UL,XP,P09
104,512500,UL,XP,P09
104,515000,UL,XP,P09
104,517500,UL,XP,P09
104,520000,UL,XP,P09
104,522500,UL,XP,P09
104,525000,UL,XP,P09
104,527500,UL,XP,P09
104,530000,UL,XP,P09
104,532500,UL,XP,P09
104,535000,UL,XP,P09
104,537500,UL,XP,P09
104,540000,UL,XP,P09
104,542500,UL,XP,P09
104,550000,UL,XP,P09
104,552500,UL,XP,P09
104,555000,UL,XP,P09
104,557500,UL,XP,P09
104,560000,UL,XP,P09
104,562500,UL,XP,P09
104,565000,UL,XP,P09
104,567500,UL,XP,P09
104,570000,UL,XP,P09
104,572500,UL,XP,P09
104,575000,UL,XP,P09
104,577500,UL,XP,P09
104,580000,UL,XP,P09
104,582500,UL,XP,P09
104,585000,UL,XP,P09
104,587500,UL,XP,P09
104,590000,UL,XP,P09
104,592500,UL,XP,P09
104,595000,UL,XP,P09
104,597500,UL,XP,P09
104,600000,UL,XP,P09
104,602500,UL,XP,P09
104,605000,UL,XP,P09
104,607500,UL,XP,P09
104,610000,UL,XP,P09
104,612500,UL,XP,P09
104,615000,UL,XP,P09
104,617500,UL,XP,P09
104,620000,UL,XP,P09
104,622500,UL,XP,P09
104,625000,UL,XP,P09
104,627500,UL,XP,P09
104,630000,UL,XP,P09
104,632500,UL,XP,P09
104,635000,UL,XP,P09
104,637500,UL,XP,P09
104,640000,UL,XP,P09
104,642500,UL,XP,P09
104,645000,UL,XP,P09
104,647500,UL,XP,P09
104,650000,UL,XP,P09
104,652500,UL,XP,P09
104,655000,UL,XP,P09
104,657500,UL,XP,P09
104,662500,UL,XP,P09
104,665000,UL,XP,P09
104,667500,UL,XP,P09
104,670000,UL,XP,P09
104,680000,UL,XP,P09
104,682500,UL,XP,P09
104,685000,UL,XP,P09
104,687500,UL,XP,P09
104,690000,UL,XP,P09
104,692500,UL,XP,P09
104,695000,UL,XP,P09
104,697500,UL,XP,P09
104,700000,UL,XP,P09
104,702500,UL,XP,P09
104,705000,UL,XP,P09
104,707500,UL,XP,P09
104,710000,UL,XP,P09
104,712500,UL,XP,P09
104,715000,UL,XP,P09
104,717500,UL,XP,P09
104,720000,UL,XP,P09
104,722500,UL,XP,P09
104,725000,UL,XP,P09
104,727500,UL,XP,P09
104,730000,UL,XP,P09
104,732500,UL,XP,P09
104,735000,UL,XP,P09
104,737500,UL,XP,P09
104,740000,UL,XP,P09
104,742500,UL,XP,P09
104,745000,UL,XP,P09
104,747500,UL,XP,P09
104,750000,UL,XP,P09
104,752500,UL,XP,P09
104,755000,UL,XP,P09
104,757500,UL,XP,P09
104,760000,UL,XP,P09
104,762500,UL,XP,P09
104,765000,UL,XP,P09
104,767500,UL,XP,P09
104,770000,UL,XP,P09
104,772500,UL,XP,P09
104,790000,UL,XP,P09
104,792500,UL,XP,P09
104,795000,UL,XP,P09
104,797500,UL,XP,P09
104,800000,UL,XP,P09
104,802500,UL,XP,P09
104,805000,UL,XP,P09
104,807500,UL,XP,P09
104,810000,UL,XP,P09
104,812500,UL,XP,P09
104,815000,UL,XP,P09
104,817500,UL,XP,P09
104,820000,UL,XP,P09
104,822500,UL,XP,P09
104,825000,UL,XP,P09
104,827500,UL,XP,P09
104,830000,UL,XP,P09
104,832500,UL,XP,P09
104,835000,UL,XP,P09
104,837500,UL,XP,P09
104,840000,UL,XP,P09
104,842500,UL,XP,P09
104,845000,UL,XP,P09
104,847500,UL,XP,P09
104,850000,UL,XP,P09
104,852500,UL,XP,P09
104,855000,UL,XP,P09
104,857500,UL,XP,P09
104,860000,UL,XP,P09
104,862500,UL,XP,P09
104,865000,UL,XP,P09
104,867500,UL,XP,P09
104,870000,UL,XP,P09
104,872500,UL,XP,P09
104,875000,UL,XP,P09
104,877500,UL,XP,P09
104,880000,UL,XP,P09
104,882500,UL,XP,P09
104,885000,UL,XP,P09
104,887500,UL,XP,P09
104,890000,UL,XP,P09
104,892500,UL,XP,P09
104,895000,UL,XP,P09
104,897500,UL,XP,P09
104,900000,UL,XP,P09
104,902500,UL,XP,P09
104,905000,UL,XP,P09
104,907500,UL,XP,P09
104,910000,UL,XP,P09
104,912500,UL,XP,P09
104,915000,UL,XP,P09
104,917500,UL,XP,P09
104,920000,UL,XP,P09
104,922500,UL,XP,P09
104,925000,UL,XP,P09
104,927500,UL,XP,P09
104,930000,UL,XP,P09
104,932500,UL,XP,P09
104,935000,UL,XP,P09
104,937500,UL,XP,P09
104,940000,UL,XP,P09
104,942500,UL,XP,P09
104,945000,UL,XP,P09
104,947500,UL,XP,P09
104,950000,UL,XP,P09
104,952500,UL,XP,P09
104,955000,UL,XP,P09
104,957500,UL,XP,P09
104,960000,UL,XP,P09
104,962500,UL,XP,P09
104,965000,UL,XP,P09
104,967500,UL,XP,P09
104,970000,UL,XP,P09
104,972500,UL,XP,P09
104,975000,UL,XP,P09
104,977500,UL,XP,P09
104,980000,UL,XP,P09
104,982500,UL,XP,P09
104,985000,UL,XP,P09
104,987500,UL,XP,P09
104,990000,UL,XP,P09
104,992500,UL,XP,P09
104,995000,UL,XP,P09
104,997500,UL,XP,P09
104,1000000,UL,XP,P09
104,1002500,UL,XP,P09
104,1005000,UL,XP,P09
104,1012500,UL,XP,P09
104,1015000,UL,XP,P09
104,1017500,UL,XP,P09
104,1020000,UL,XP,P09
104,1022500,UL,XP,P09
104,1025000,UL,XP,P09
104,1027500,UL,XP,P09
104,1030000,UL,XP,P09
104,1032500,UL,XP,P09
104,1035000,UL,XP,P09
104,1037500,UL,XP,P09
104,1040000,UL,XP,P09
104,1042500,UL,XP,P09
104,1045000,UL,XP,P09
104,1047500,UL,XP,P09
104,1050000,UL,XP,P09
104,1052500,UL,XP,P09
104,1055000,UL,XP,P09
104,1057500,UL,XP,P09
104,1060000,UL,XP,P09
104,1062500,UL,XP,P09
104,1065000,UL,XP,P09
104,1067500,UL,XP,P09
104,1070000,UL,XP,P09
104,1072500,UL,XP,P09
104,1075000,UL,XP,P09
104,1077500,UL,XP,P09
104,1080000,UL,XP,P09
104,1082500,UL,XP,P09
104,1085000,UL,XP,P09
104,1087500,UL,XP,P09
104,1090000,UL,XP,P09
104,1092500,UL,XP,P09
104,1095000,UL,XP,P09
104,1097500,UL,XP,P09
104,1100000,UL,XP,P09
104,1102500,UL,XP,P09
104,1105000,UL,XP,P09
104,1107500,UL,XP,P09
104,1110000,UL,XP,P09
104,1112500,UL,XP,P09
104,1115000,UL,XP,P09
104,1117500,UL,XP,P09
104,1120000,UL,XP,P09
104,1122500,UL,XP,P09
104,1125000,UL,XP,P09
104,1127500,UL,XP,P09
104,1130000,UL,XP,P09
104,1132500,UL,XP,P09
104,1135000,UL,XP,P09
104,1137500,UL,XP,P09
104,1140000,UL,XP,P09
104,1142500,UL,XP,P09
104,1145000,UL,XP,P09
104,1147500,UL,XP,P09
104,1150000,UL,XP,P09
104,1152500,UL,XP,P09
104,1155000,UL,XP,P09
104,1157500,UL,XP,P09
104,1160000,UL,XP,P09
104,1162500,UL,XP,P09
104,1165000,UL,XP,P09
104,1167500,UL,XP,P09
104,1170000,UL,XP,P09
104,1172500,UL,XP,P09
104,1175000,UL,XP,P09
104,1177500,UL,XP,P09
104,1180000,UL,XP,P09
104,1182500,UL,XP,P09
104,1185000,UL,XP,P09
104,1187500,UL,XP,P09
104,1190000,UL,XP,P09
104,1192500,UL,XP,P09
104,1195000,UL,XP,P09
104,1197500,UL,XP,P09
104,1200000,UL,XP,P09
104,1202500,UL,XP,P09
104,1205000,UL,XP,P09
104,1207500,UL,XP,P09
104,1210000,UL,XP,P09
104,1212500,UL,XP,P09
104,1215000,UL,XP,P09
104,1217500,UL,XP,P09
104,1220000,UL,XP,P09
104,1222500,UL,XP,P09
104,1225000,UL,XP,P09
104,1227500,UL,XP,P09
104,1230000,UL,XP,P09
104,1232500,UL,XP,P09
104,1235000,UL,XP,P09
104,1237500,UL,XP,P09
104,1240000,UL,XP,P09
104,1242500,UL,XP,P09
104,1245000,UL,XP,P09
104,1247500,UL,XP,P09
104,1250000,UL,XP,P09
104,1252500,UL,XP,P09
104,1255000,UL,XP,P09
104,1257500,UL,XP,P09
104,1260000,UL,XP,P09
104,1262500,UL,XP,P09
104,1265000,UL,XP,P09
104,1267500,UL,XP,P09
104,1270000,UL,XP,P09
104,1272500,UL,XP,P09
104,1275000,UL,XP,P09
104,1277500,UL,XP,P09
104,1280000,UL,XP,P09
104,1282500,UL,XP,P09
104,1285000,UL,XP,P09
104,1287500,UL,XP,P09
104,1290000,UL,XP,P09
104,1292500,UL,XP,P09
104,1295000,UL,XP,P09
104,1297500,UL,XP,P09
104,1300000,UL,XP,P09
104,1302500,UL,XP,P09
104,1305000,UL,XP,P09
104,1307500,UL,XP,P09
104,1310000,UL,XP,P09
104,1312500,UL,XP,P09
104,1315000,UL,XP,P09
104,1317500,UL,XP,P09
104,1320000,UL,XP,P09
104,1322500,UL,XP,P09
104,1325000,UL,XP,P09
104,1327500,UL,XP,P09
104,1330000,UL,XP,P09
104,1332500,UL,XP,P09
104,1335000,UL,XP,P09
104,1337500,UL,XP,P09
104,1340000,UL,XP,P09
104,1342500,UL,XP,P09
104,1345000,UL,XP,P09
104,1347500,UL,XP,P09
104,1350000,UL,XP,P09
105,0,UR,FR,P09
105,2500,UR,FR,P09
105,5000,UR,FR,P09
105,7500,UR,FR,P09
105,10000,UR,FR,P09
105,12500,UR,FR,P09
105,15000,UR,FR,P09
105,17500,UR,FR,P09
105,20000,UR,FR,P09
105,22500,UR,FR,P09
105,25000,UR,FR,P09
105,27500,UR,FR,P09
105,30000,UR,FR,P09
105,32500,UR,FR,P09
105,35000,UR,FR,P09
105,37500,UR,FR,P09
105,40000,UR,FR,P09
105,42500,UR,FR,P09
105,45000,UR,FR,P09
105,47500,UR,FR,P09
105,50000,UR,FR,P09
105,52500,UR,FR,P09
105,55000,UR,FR,P09
105,57500,UR,FR,P09
105,60000,UR,FR,P09
105,62500,UR,FR,P09
105,65000,UR,FR,P09
105,67500,UR,FR,P09
105,70000,UR,FR,P09
105,72500,UR,FR,P09
105,75000,UR,FR,P09
105,77500,UR,FR,P09
105,80000,UR,FR,P09
105,82500,UR,FR,P09
105,85000,UR,FR,P09
105,87500,UR,FR,P09
105,90000,UR,FR,P09
105,92500,UR,FR,P09
105,95000,UR,FR,P09
105,97500,UR,FR,P09
105,100000,UR,FR,P09
105,102500,UR,FR,P09
105,105000,UR,FR,P09
105,107500,UR,FR,P09
105,110000,UR,FR,P09
105,112500,UR,FR,P09
105,115000,UR,FR,P09
105,117500,UR,FR,P09
105,120000,UR,FR,P09
105,122500,UR,FR,P09
105,125000,UR,FR,P09
105,127500,UR,FR,P09
105,130000,UR,FR,P09
105,132500,UR,FR,P09
105,135000,UR,FR,P09
105,137500,UR,FR,P09
105,140000,UR,FR,P09
105,142500,UR,FR,P09
105,145000,UR,FR,P09
105,147500,UR,FR,P09
105,150000,UR,FR,P09
105,157500,UR,FR,P09
105,160000,UR,FR,P09
105,162500,UR,FR,P09
105,167500,UR,FR,P09
105,170000,UR,FR,P09
105,177500,UR,FR,P09
105,180000,UR,FR,P09
105,182500,UR,FR,P09
105,185000,UR,FR,P09
105,192500,UR,FR,P09
105,197500,UR,FR,P09
105,200000,UR,FR,P09
105,202500,UR,FR,P09
105,205000,UR,FR,P09
105,207500,UR,FR,P09
105,217500,UR,FR,P09
105,220000,UR,FR,P09
105,222500,UR,FR,P09
105,225000,UR,FR,P09
105,227500,UR,FR,P09
105,230000,UR,FR,P09
105,235000,UR,FR,P09
105,237500,UR,FR,P09
105,242500,UR,FR,P09
105,247500,UR,FR,P09
105,250000,UR,FR,P09
105,252500,UR,FR,P09
105,255000,UR,FR,P09
105,257500,UR,FR,P09
105,260000,UR,FR,P09
105,262500,UR,FR,P09
105,265000,UR,FR,P09
105,267500,UR,FR,P09
105,270000,UR,FR,P09
105,272500,UR,FR,P09
105,275000,UR,FR,P09
105,277500,UR,FR,P09
105,280000,UR,FR,P09
105,282500,UR,FR,P09
105,285000,UR,FR,P09
105,287500,UR,FR,P09
105,290000,UR,FR,P09
105,292500,UR,FR,P09
105,295000,UR,FR,P09
105,297500,UR,FR,P09
105,300000,UR,FR,P09
105,302500,UR,FR,P09
105,315000,UR,FR,P09
105,317500,UR,FR,P09
105,320000,UR,FR,P09
105,322500,UR,FR,P09
105,325000,UR,FR,P09
105,327500,UR,FR,P09
105,330000,UR,FR,P09
105,332500,UR,FR,P09
105,335000,UR,FR,P09
105,337500,UR,FR,P09
105,340000,UR,FR,P09
105,342500,UR,FR,P09
105,345000,UR,FR,P09
105,347500,UR,FR,P09
105,350000,UR,FR,P09
105,352500,UR,FR,P09
105,355000,UR,FR,P09
105,357500,UR,FR,P09
105,360000,UR,FR,P09
105,362500,UR,FR,P09
105,365000,UR,FR,P09
105,367500,UR,FR,P09
105,370000,UR,FR,P09
105,372500,UR,FR,P09
105,375000,UR,FR,P09
105,377500,UR,FR,P09
105,380000,UR,FR,P09
105,382500,UR,FR,P09
105,385000,UR,FR,P09
105,387500,UR,FR,P09
105,390000,UR,FR,P09
105,392500,UR,FR,P09
105,395000,UR,FR,P09
105,397500,UR,FR,P09
105,400000,UR,FR,P09
105,402500,UR,FR,P09
105,405000,UR,FR,P09
105,407500,UR,FR,P09
105,410000,UR,FR,P09
105,412500,UR,FR,P09
105,415000,UR,FR,P09
105,417500,UR,FR,P09
105,420000,UR,FR,P09
105,422500,UR,FR,P09
105,425000,UR,FR,P09
105,427500,UR,FR,P09
105,430000,UR,FR,P09
105,432500,UR,FR,P09
105,435000,UR,FR,P09
105,437500,UR,FR,P09
105,440000,UR,FR,P09
105,442500,UR,FR,P09
105,445000,UR,FR,P09
105,447500,UR,FR,P09
105,450000,UR,FR,P09
105,452500,UR,FR,P09
105,457500,UR,FR,P09
105,460000,UR,FR,P09
105,462500,UR,FR,P09
105,465000,UR,FR,P09
105,467500,UR,FR,P09
105,470000,UR,FR,P09
105,472500,UR,FR,P09
105,475000,UR,FR,P09
105,477500,UR,FR,P09
105,480000,UR,FR,P09
105,482500,UR,FR,P09
105,492500,UR,FR,P09
105,495000,UR,FR,P09
105,497500,UR,FR,P09
105,500000,UR,FR,P09
105,502500,UR,FR,P09
105,505000,UR,FR,P09
105,507500,UR,FR,P09
105,510000,UR,FR,P09
105,512500,UR,FR,P09
105,515000,UR,FR,P09
105,517500,UR,FR,P09
105,520000,UR,FR,P09
105,522500,UR,FR,P09
105,525000,UR,FR,P09
105,527500,UR,FR,P09
105,530000,UR,FR,P09
105,532500,UR,FR,P09
105,535000,UR,FR,P09
105,537500,UR,FR,P09
105,540000,UR,FR,P09
105,542500,UR,FR,P09
105,545000,UR,FR,P09
105,547500,UR,FR,P09
105,550000,UR,FR,P09
105,552500,UR,FR,P09
105,555000,UR,FR,P09
105,557500,UR,FR,P09
105,560000,UR,FR,P09
105,562500,UR,FR,P09
105,565000,UR,FR,P09
105,567500,UR,FR,P09
105,570000,UR,FR,P09
105,572500,UR,FR,P09
105,575000,UR,FR,P09
105,577500,UR,FR,P09
105,580000,UR,FR,P09
105,582500,UR,FR,P09
105,587500,UR,FR,P09
105,590000,UR,FR,P09
105,592500,UR,FR,P09
105,595000,UR,FR,P09
105,597500,UR,FR,P09
105,600000,UR,FR,P09
105,602500,UR,FR,P09
105,605000,UR,FR,P09
105,607500,UR,FR,P09
105,610000,UR,FR,P09
105,612500,UR,FR,P09
105,615000,UR,FR,P09
105,617500,UR,FR,P09
105,620000,UR,FR,P09
105,622500,UR,FR,P09
105,625000,UR,FR,P09
105,627500,UR,FR,P09
105,630000,UR,FR,P09
105,632500,UR,FR,P09
105,635000,UR,FR,P09
105,637500,UR,FR,P09
105,640000,UR,FR,P09
105,642500,UR,FR,P09
105,645000,UR,FR,P09
105,647500,UR,FR,P09
105,650000,UR,FR,P09
105,652500,UR,FR,P09
105,655000,UR,FR,P09
105,657500,UR,FR,P09
105,660000,UR,FR,P09
105,662500,UR,FR,P09
105,665000,UR,FR,P09
105,667500,UR,FR,P09
105,670000,UR,FR,P09
105,672500,UR,FR,P09
105,675000,UR,FR,P09
105,677500,UR,FR,P09
105,680000,UR,FR,P09
105,682500,UR,FR,P09
105,685000,UR,FR,P09
105,687500,UR,FR,P09
105,690000,UR,FR,P09
105,692500,UR,FR,P09
105,695000,UR,FR,P09
105,710000,UR,FR,P09
105,712500,UR,FR,P09
105,715000,UR,FR,P09
105,717500,UR,FR,P09
105,720000,UR,FR,P09
105,722500,UR,FR,P09
105,725000,UR,FR,P09
105,727500,UR,FR,P09
105,730000,UR,FR,P09
105,732500,UR,FR,P09
105,735000,UR,FR,P09
105,737500,UR,FR,P09
105,740000,UR,FR,P09
105,742500,UR,FR,P09
105,745000,UR,FR,P09
105,747500,UR,FR,P09
105,750000,UR,FR,P09
105,752500,UR,FR,P09
105,755000,UR,FR,P09
105,760000,UR,FR,P09
105,762500,UR,FR,P09
105,765000,UR,FR,P09
105,767500,UR,FR,P09
105,770000,UR,FR,P09
105,772500,UR,FR,P09
105,775000,UR,FR,P09
105,777500,UR,FR,P09
105,780000,UR,FR,P09
105,782500,UR,FR,P09
105,785000,UR,FR,P09
105,787500,UR,FR,P09
105,790000,UR,FR,P09
105,792500,UR,FR,P09
105,795000,UR,FR,P09
105,797500,UR,FR,P09
105,800000,UR,FR,P09
105,802500,UR,FR,P09
105,805000,UR,FR,P09
105,807500,UR,FR,P09
105,810000,UR,FR,P09
105,812500,UR,FR,P09
105,815000,UR,FR,P09
105,817500,UR,FR,P09
105,820000,UR,FR,P09
105,822500,UR,FR,P09
105,825000,UR,FR,P09
105,827500,UR,FR,P09
105,830000,UR,FR,P09
105,832500,UR,FR,P09
105,835000,UR,FR,P09
105,837500,UR,FR,P09
105,840000,UR,FR,P09
105,842500,UR,FR,P09
105,845000,UR,FR,P09
105,847500,UR,FR,P09
105,850000,UR,FR,P09
105,852500,UR,FR,P09
105,855000,UR,FR,P09
105,857500,UR,FR,P09
105,860000,UR,FR,P09
105,862500,UR,FR,P09
105,865000,UR,FR,P09
105,867500,UR,FR,P09
105,870000,UR,FR,P09
105,872500,UR,FR,P09
105,875000,UR,FR,P09
105,877500,UR,FR,P09
105,880000,UR,FR,P09
105,882500,UR,FR,P09
105,885000,UR,FR,P09
105,887500,UR,FR,P09
105,890000,UR,FR,P09
105,892500,UR,FR,P09
105,895000,UR,FR,P09
105,897500,UR,FR,P09
105,900000,UR,FR,P09
105,902500,UR,FR,P09
105,905000,UR,FR,P09
105,907500,UR,FR,P09
105,910000,UR,FR,P09
105,912500,UR,FR,P09
105,915000,UR,FR,P09
105,917500,UR,FR,P09
105,920000,UR,FR,P09
105,922500,UR,FR,P09
105,925000,UR,FR,P09
105,927500,UR,FR,P09
105,930000,UR,FR,P09
105,932500,UR,FR,P09
105,935000,UR,FR,P09
105,937500,UR,FR,P09
105,940000,UR,FR,P09
105,942500,UR,FR,P09
105,945000,UR,FR,P09
105,947500,UR,FR,P09
105,950000,UR,FR,P09
105,952500,UR,FR,P09
105,955000,UR,FR,P09
105,957500,UR,FR,P09
105,960000,UR,FR,P09
105,962500,UR,FR,P09
105,965000,UR,FR,P09
105,967500,UR,FR,P09
105,970000,UR,FR,P09
105,972500,UR,FR,P09
105,975000,UR,FR,P09
105,977500,UR,FR,P09
105,980000,UR,FR,P09
105,982500,UR,FR,P09
105,985000,UR,FR,P09
105,987500,UR,FR,P09
105,990000,UR,FR,P09
105,992500,UR,FR,P09
105,995000,UR,FR,P09
105,997500,UR,FR,P09
105,1000000,UR,FR,P09
105,1002500,UR,FR,P09
105,1005000,UR,FR,P09
105,1007500,UR,FR,P09
105,1010000,UR,FR,P09
105,1012500,UR,FR,P09
105,1015000,UR,FR,P09
105,1017500,UR,FR,P09
105,1020000,UR,FR,P09
105,1022500,UR,FR,P09
105,1025000,UR,FR,P09
105,1027500,UR,FR,P09
105,1030000,UR,FR,P09
105,1032500,UR,FR,P09
105,1035000,UR,FR,P09
105,1037500,UR,FR,P09
105,1040000,UR,FR,P09
105,1042500,UR,FR,P09
105,1045000,UR,FR,P09
105,1047500,UR,FR,P09
105,1050000,UR,FR,P09
105,1052500,UR,FR,P09
105,1055000,UR,FR,P09
105,1057500,UR,FR,P09
105,1060000,UR,FR,P09
105,1062500,UR,FR,P09
105,1065000,UR,FR,P09
105,1067500,UR,FR,P09
105,1070000,UR,FR,P09
105,1072500,UR,FR,P09
105,1075000,UR,FR,P09
105,1077500,UR,FR,P09
105,1080000,UR,FR,P09
105,1082500,UR,FR,P09
105,1085000,UR,FR,P09
105,1087500,UR,FR,P09
105,1090000,UR,FR,P09
105,1092500,UR,FR,P09
105,1095000,UR,FR,P09
105,1097500,UR,FR,P09
105,1100000,UR,FR,P09
105,1102500,UR,FR,P09
105,1105000,UR,FR,P09
105,1107500,UR,FR,P09
105,1110000,UR,FR,P09
105,1112500,UR,FR,P09
105,1115000,UR,FR,P09
105,1117500,UR,FR,P09
105,1120000,UR,FR,P09
105,1122500,UR,FR,P09
105,1125000,UR,FR,P09
105,1127500,UR,FR,P09
105,1130000,UR,FR,P09
105,1132500,UR,FR,P09
105,1135000,UR,FR,P09
105,1137500,UR,FR,P09
105,1140000,UR,FR,P09
105,1142500,UR,FR,P09
105,1145000,UR,FR,P09
105,1147500,UR,FR,P09
105,1150000,UR,FR,P09
105,1152500,UR,FR,P09
105,1155000,UR,FR,P09
105,1157500,UR,FR,P09
105,1160000,UR,FR,P09
105,1162500,UR,FR,P09
105,1165000,UR,FR,P09
105,1167500,UR,FR,P09
105,1170000,UR,FR,P09
105,1172500,UR,FR,P09
105,1175000,UR,FR,P09
105,1177500,UR,FR,P09
105,1180000,UR,FR,P09
105,1182500,UR,FR,P09
105,1185000,UR,FR,P09
105,1187500,UR,FR,P09
105,1190000,UR,FR,P09
105,1192500,UR,FR,P09
105,1195000,UR,FR,P09
105,1197500,UR,FR,P09
105,1200000,UR,FR,P09
105,1202500,UR,FR,P09
105,1205000,UR,FR,P09
105,1207500,UR,FR,P09
105,1210000,UR,FR,P09
105,1212500,UR,FR,P09
105,1215000,UR,FR,P09
105,1217500,UR,FR,P09
105,1220000,UR,FR,P09
105,1222500,UR,FR,P09
105,1225000,UR,FR,P09
105,1227500,UR,FR,P09
105,1230000,UR,FR,P09
105,1232500,UR,FR,P09
105,1235000,UR,FR,P09
105,1237500,UR,FR,P09
105,1240000,UR,FR,P09
105,1242500,UR,FR,P09
105,1245000,UR,FR,P09
105,1247500,UR,FR,P09
105,1250000,UR,FR,P09
105,1252500,UR,FR,P09
105,1255000,UR,FR,P09
105,1257500,UR,FR,P09
105,1260000,UR,FR,P09
105,1262500,UR,FR,P09
105,1265000,UR,FR,P09
105,1267500,UR,FR,P09
105,1270000,UR,FR,P09
105,1272500,UR,FR,P09
105,1275000,UR,FR,P09
105,1277500,UR,FR,P09
105,1280000,UR,FR,P09
105,1282500,UR,FR,P09
105,1285000,UR,FR,P09
105,1287500,UR,FR,P09
105,1290000,UR,FR,P09
105,1292500,UR,FR,P09
105,1295000,UR,FR,P09
105,1297500,UR,FR,P09
105,1300000,UR,FR,P09
105,1302500,UR,FR,P09
105,1305000,UR,FR,P09
105,1307500,UR,FR,P09
105,1310000,UR,FR,P09
105,1312500,UR,FR,P09
105,1315000,UR,FR,P09
105,1317500,UR,FR,P09
105,1320000,UR,FR,P09
105,1322500,UR,FR,P09
105,1325000,UR,FR,P09
105,1327500,UR,FR,P09
105,1330000,UR,FR,P09
105,1332500,UR,FR,P09
105,1335000,UR,FR,P09
105,1337500,UR,FR,P09
105,1340000,UR,FR,P09
105,1342500,UR,FR,P09
105,1345000,UR,FR,P09
105,1347500,UR,FR,P09
105,1350000,UR,FR,P09
106,0,UR,LU,P09
106,2500,UR,LU,P09
106,5000,UR,LU,P09
106,12500,UR,LU,P09
106,22500,UR,LU,P09
106,47500,UR,LU,P09
106,65000,UR,LU,P09
106,70000,UR,LU,P09
106,72500,UR,LU,P09
106,90000,UR,LU,P09
106,92500,UR,LU,P09
106,130000,UR,LU,P09
106,132500,UR,LU,P09
106,145000,UR,LU,P09
106,150000,UR,LU,P09
106,152500,UR,LU,P09
106,155000,UR,LU,P09
106,157500,UR,LU,P09
106,167500,UR,LU,P09
106,170000,UR,LU,P09
106,172500,UR,LU,P09
106,175000,UR,LU,P09
106,177500,UR,LU,P09
106,180000,UR,LU,P09
106,182500,UR,LU,P09
106,185000,UR,LU,P09
106,187500,UR,LU,P09
106,190000,UR,LU,P09
106,192500,UR,LU,P09
106,195000,UR,LU,P09
106,197500,UR,LU,P09
106,200000,UR,LU,P09
106,202500,UR,LU,P09
106,205000,UR,LU,P09
106,207500,UR,LU,P09
106,210000,UR,LU,P09
106,212500,UR,LU,P09
106,215000,UR,LU,P09
106,217500,UR,LU,P09
106,227500,UR,LU,P09
106,232500,UR,LU,P09
106,235000,UR,LU,P09
106,237500,UR,LU,P09
106,240000,UR,LU,P09
106,245000,UR,LU,P09
106,247500,UR,LU,P09
106,250000,UR,LU,P09
106,280000,UR,LU,P09
106,282500,UR,LU,P09
106,352500,UR,LU,P09
106,355000,UR,LU,P09
106,357500,UR,LU,P09
106,362500,UR,LU,P09
106,372500,UR,LU,P09
106,380000,UR,LU,P09
106,390000,UR,LU,P09
106,392500,UR,LU,P09
106,395000,UR,LU,P09
106,397500,UR,LU,P09
106,400000,UR,LU,P09
106,405000,UR,LU,P09
106,407500,UR,LU,P09
106,435000,UR,LU,P09
106,437500,UR,LU,P09
106,440000,UR,LU,P09
106,442500,UR,LU,P09
106,445000,UR,LU,P09
106,447500,UR,LU,P09
106,450000,UR,LU,P09
106,452500,UR,LU,P09
106,462500,UR,LU,P09
106,465000,UR,LU,P09
106,467500,UR,LU,P09
106,495000,UR,LU,P09
106,505000,UR,LU,P09
106,507500,UR,LU,P09
106,515000,UR,LU,P09
106,517500,UR,LU,P09
106,540000,UR,LU,P09
106,542500,UR,LU,P09
106,585000,UR,LU,P09
106,587500,UR,LU,P09
106,590000,UR,LU,P09
106,592500,UR,LU,P09
106,595000,UR,LU,P09
106,597500,UR,LU,P09
106,600000,UR,LU,P09
106,602500,UR,LU,P09
106,605000,UR,LU,P09
106,607500,UR,LU,P09
106,610000,UR,LU,P09
106,612500,UR,LU,P09
106,615000,UR,LU,P09
106,617500,UR,LU,P09
106,620000,UR,LU,P09
106,622500,UR,LU,P09
106,625000,UR,LU,P09
106,627500,UR,LU,P09
106,630000,UR,LU,P09
106,632500,UR,LU,P09
106,635000,UR,LU,P09
106,637500,UR,LU,P09
106,685000,UR,LU,P09
106,687500,UR,LU,P09
106,690000,UR,LU,P09
106,692500,UR,LU,P09
106,695000,UR,LU,P09
106,697500,UR,LU,P09
106,700000,UR,LU,P09
106,702500,UR,LU,P09
106,705000,UR,LU,P09
106,707500,UR,LU,P09
106,710000,UR,LU,P09
106,720000,UR,LU,P09
106,722500,UR,LU,P09
106,725000,UR,LU,P09
106,727500,UR,LU,P09
106,730000,UR,LU,P09
106,732500,UR,LU,P09
106,735000,UR,LU,P09
106,752500,UR,LU,P09
106,757500,UR,LU,P09
106,780000,UR,LU,P09
106,782500,UR,LU,P09
106,785000,UR,LU,P09
106,787500,UR,LU,P09
106,797500,UR,LU,P09
106,800000,UR,LU,P09
106,805000,UR,LU,P09
106,832500,UR,LU,P09
106,835000,UR,LU,P09
106,837500,UR,LU,P09
106,840000,UR,LU,P09
106,842500,UR,LU,P09
106,845000,UR,LU,P09
106,847500,UR,LU,P09
106,900000,UR,LU,P09
106,902500,UR,LU,P09
106,905000,UR,LU,P09
106,907500,UR,LU,P09
106,910000,UR,LU,P09
106,912500,UR,LU,P09
106,952500,UR,LU,P09
106,955000,UR,LU,P09
106,957500,UR,LU,P09
106,970000,UR,LU,P09
106,1025000,UR,LU,P09
106,1027500,UR,LU,P09
106,1040000,UR,LU,P09
106,1050000,UR,LU,P09
106,1060000,UR,LU,P09
106,1095000,UR,LU,P09
106,1102500,UR,LU,P09
106,1112500,UR,LU,P09
106,1140000,UR,LU,P09
106,1152500,UR,LU,P09
106,1157500,UR,LU,P09
106,1172500,UR,LU,P09
106,1192500,UR,LU,P09
106,1195000,UR,LU,P09
106,1197500,UR,LU,P09
106,1200000,UR,LU,P09
106,1202500,UR,LU,P09
106,1205000,UR,LU,P09
106,1207500,UR,LU,P09
106,1210000,UR,LU,P09
106,1215000,UR,LU,P09
106,1217500,UR,LU,P09
106,1220000,UR,LU,P09
106,1237500,UR,LU,P09
106,1247500,UR,LU,P09
106,1257500,UR,LU,P09
106,1265000,UR,LU,P09
106,1275000,UR,LU,P09
106,1277500,UR,LU,P09
106,1285000,UR,LU,P09
106,1287500,UR,LU,P09
106,1292500,UR,LU,P09
106,1295000,UR,LU,P09
106,1297500,UR,LU,P09
106,1300000,UR,LU,P09
107,0,UR,XP,P09
107,2500,UR,XP,P09
107,10000,UR,XP,P09
107,12500,UR,XP,P09
107,15000,UR,XP,P09
107,17500,UR,XP,P09
107,20000,UR,XP,P09
107,22500,UR,XP,P09
107,25000,UR,XP,P09
107,27500,UR,XP,P09
107,30000,UR,XP,P09
107,32500,UR,XP,P09
107,35000,UR,XP,P09
107,37500,UR,XP,P09
107,40000,UR,XP,P09
107,42500,UR,XP,P09
107,45000,UR,XP,P09
107,47500,UR,XP,P09
107,50000,UR,XP,P09
107,52500,UR,XP,P09
107,55000,UR,XP,P09
107,57500,UR,XP,P09
107,60000,UR,XP,P09
107,62500,UR,XP,P09
107,65000,UR,XP,P09
107,67500,UR,XP,P09
107,70000,UR,XP,P09
107,72500,UR,XP,P09
107,75000,UR,XP,P09
107,77500,UR,XP,P09
107,80000,UR,XP,P09
107,82500,UR,XP,P09
107,85000,UR,XP,P09
107,87500,UR,XP,P09
107,90000,UR,XP,P09
107,92500,UR,XP,P09
107,95000,UR,XP,P09
107,97500,UR,XP,P09
107,100000,UR,XP,P09
107,102500,UR,XP,P09
107,105000,UR,XP,P09
107,107500,UR,XP,P09
107,110000,UR,XP,P09
107,112500,UR,XP,P09
107,115000,UR,XP,P09
107,120000,UR,XP,P09
107,122500,UR,XP,P09
107,125000,UR,XP,P09
107,127500,UR,XP,P09
107,130000,UR,XP,P09
107,132500,UR,XP,P09
107,135000,UR,XP,P09
107,137500,UR,XP,P09
107,140000,UR,XP,P09
107,142500,UR,XP,P09
107,145000,UR,XP,P09
107,147500,UR,XP,P09
107,150000,UR,XP,P09
107,152500,UR,XP,P09
107,155000,UR,XP,P09
107,157500,UR,XP,P09
107,160000,UR,XP,P09
107,162500,UR,XP,P09
107,165000,UR,XP,P09
107,167500,UR,XP,P09
107,170000,UR,XP,P09
107,172500,UR,XP,P09
107,175000,UR,XP,P09
107,177500,UR,XP,P09
107,180000,UR,XP,P09
107,182500,UR,XP,P09
107,185000,UR,XP,P09
107,187500,UR,XP,P09
107,190000,UR,XP,P09
107,192500,UR,XP,P09
107,195000,UR,XP,P09
107,197500,UR,XP,P09
107,200000,UR,XP,P09
107,207500,UR,XP,P09
107,212500,UR,XP,P09
107,215000,UR,XP,P09
107,222500,UR,XP,P09
107,227500,UR,XP,P09
107,230000,UR,XP,P09
107,232500,UR,XP,P09
107,235000,UR,XP,P09
107,242500,UR,XP,P09
107,245000,UR,XP,P09
107,247500,UR,XP,P09
107,252500,UR,XP,P09
107,262500,UR,XP,P09
107,265000,UR,XP,P09
107,267500,UR,XP,P09
107,270000,UR,XP,P09
107,272500,UR,XP,P09
107,275000,UR,XP,P09
107,277500,UR,XP,P09
107,280000,UR,XP,P09
107,282500,UR,XP,P09
107,285000,UR,XP,P09
107,287500,UR,XP,P09
107,290000,UR,XP,P09
107,292500,UR,XP,P09
107,295000,UR,XP,P09
107,297500,UR,XP,P09
107,300000,UR,XP,P09
107,305000,UR,XP,P09
107,307500,UR,XP,P09
107,310000,UR,XP,P09
107,312500,UR,XP,P09
107,315000,UR,XP,P09
107,317500,UR,XP,P09
107,320000,UR,XP,P09
107,322500,UR,XP,P09
107,325000,UR,XP,P09
107,327500,UR,XP,P09
107,335000,UR,XP,P09
107,337500,UR,XP,P09
107,340000,UR,XP,P09
107,342500,UR,XP,P09
107,345000,UR,XP,P09
107,347500,UR,XP,P09
107,350000,UR,XP,P09
107,352500,UR,XP,P09
107,360000,UR,XP,P09
107,362500,UR,XP,P09
107,365000,UR,XP,P09
107,367500,UR,XP,P09
107,370000,UR,XP,P09
107,372500,UR,XP,P09
107,375000,UR,XP,P09
107,377500,UR,XP,P09
107,380000,UR,XP,P09
107,382500,UR,XP,P09
107,387500,UR,XP,P09
107,390000,UR,XP,P09
107,395000,UR,XP,P09
107,397500,UR,XP,P09
107,400000,UR,XP,P09
107,402500,UR,XP,P09
107,410000,UR,XP,P09
107,412500,UR,XP,P09
107,415000,UR,XP,P09
107,417500,UR,XP,P09
107,420000,UR,XP,P09
107,430000,UR,XP,P09
107,432500,UR,XP,P09
107,435000,UR,XP,P09
107,437500,UR,XP,P09
107,440000,UR,XP,P09
107,442500,UR,XP,P09
107,445000,UR,XP,P09
107,447500,UR,XP,P09
107,450000,UR,XP,P09
107,452500,UR,XP,P09
107,455000,UR,XP,P09
107,460000,UR,XP,P09
107,462500,UR,XP,P09
107,465000,UR,XP,P09
107,467500,UR,XP,P09
107,475000,UR,XP,P09
107,477500,UR,XP,P09
107,480000,UR,XP,P09
107,482500,UR,XP,P09
107,485000,UR,XP,P09
107,487500,UR,XP,P09
107,490000,UR,XP,P09
107,492500,UR,XP,P09
107,495000,UR,XP,P09
107,497500,UR,XP,P09
107,502500,UR,XP,P09
107,505000,UR,XP,P09
107,507500,UR,XP,P09
107,510000,UR,XP,P09
107,512500,UR,XP,P09
107,515000,UR,XP,P09
107,517500,UR,XP,P09
107,520000,UR,XP,P09
107,522500,UR,XP,P09
107,525000,UR,XP,P09
107,527500,UR,XP,P09
107,532500,UR,XP,P09
107,535000,UR,XP,P09
107,537500,UR,XP,P09
107,540000,UR,XP,P09
107,542500,UR,XP,P09
107,545000,UR,XP,P09
107,547500,UR,XP,P09
107,550000,UR,XP,P09
107,552500,UR,XP,P09
107,555000,UR,XP,P09
107,557500,UR,XP,P09
107,560000,UR,XP,P09
107,562500,UR,XP,P09
107,565000,UR,XP,P09
107,567500,UR,XP,P09
107,570000,UR,XP,P09
107,572500,UR,XP,P09
107,575000,UR,XP,P09
107,577500,UR,XP,P09
107,580000,UR,XP,P09
107,582500,UR,XP,P09
107,585000,UR,XP,P09
107,587500,UR,XP,P09
107,590000,UR,XP,P09
107,592500,UR,XP,P09
107,595000,UR,XP,P09
107,597500,UR,XP,P09
107,600000,UR,XP,P09
107,602500,UR,XP,P09
107,605000,UR,XP,P09
107,607500,UR,XP,P09
107,610000,UR,XP,P09
107,612500,UR,XP,P09
107,625000,UR,XP,P09
107,627500,UR,XP,P09
107,630000,UR,XP,P09
107,632500,UR,XP,P09
107,635000,UR,XP,P09
107,637500,UR,XP,P09
107,640000,UR,XP,P09
107,642500,UR,XP,P09
107,645000,UR,XP,P09
107,647500,UR,XP,P09
107,650000,UR,XP,P09
107,652500,UR,XP,P09
107,655000,UR,XP,P09
107,657500,UR,XP,P09
107,660000,UR,XP,P09
107,662500,UR,XP,P09
107,665000,UR,XP,P09
107,667500,UR,XP,P09
107,670000,UR,XP,P09
107,672500,UR,XP,P09
107,675000,UR,XP,P09
107,677500,UR,XP,P09
107,680000,UR,XP,P09
107,682500,UR,XP,P09
107,685000,UR,XP,P09
107,687500,UR,XP,P09
107,690000,UR,XP,P09
107,692500,UR,XP,P09
107,695000,UR,XP,P09
107,697500,UR,XP,P09
107,700000,UR,XP,P09
107,705000,UR,XP,P09
107,707500,UR,XP,P09
107,710000,UR,XP,P09
107,715000,UR,XP,P09
107,717500,UR,XP,P09
107,720000,UR,XP,P09
107,722500,UR,XP,P09
107,752500,UR,XP,P09
107,755000,UR,XP,P09
107,757500,UR,XP,P09
107,790000,UR,XP,P09
107,792500,UR,XP,P09
107,795000,UR,XP,P09
107,797500,UR,XP,P09
107,800000,UR,XP,P09
107,802500,UR,XP,P09
107,805000,UR,XP,P09
107,807500,UR,XP,P09
107,810000,UR,XP,P09
107,812500,UR,XP,P09
107,815000,UR,XP,P09
107,817500,UR,XP,P09
107,820000,UR,XP,P09
107,822500,UR,XP,P09
107,825000,UR,XP,P09
107,827500,UR,XP,P09
107,830000,UR,XP,P09
107,832500,UR,XP,P09
107,835000,UR,XP,P09
107,837500,UR,XP,P09
107,840000,UR,XP,P09
107,842500,UR,XP,P09
107,845000,UR,XP,P09
107,847500,UR,XP,P09
107,850000,UR,XP,P09
107,852500,UR,XP,P09
107,855000,UR,XP,P09
107,857500,UR,XP,P09
107,860000,UR,XP,P09
107,862500,UR,XP,P09
107,865000,UR,XP,P09
107,867500,UR,XP,P09
107,870000,UR,XP,P09
107,872500,UR,XP,P09
107,875000,UR,XP,P09
107,877500,UR,XP,P09
107,880000,UR,XP,P09
107,882500,UR,XP,P09
107,885000,UR,XP,P09
107,887500,UR,XP,P09
107,890000,UR,XP,P09
107,892500,UR,XP,P09
107,895000,UR,XP,P09
107,897500,UR,XP,P09
107,900000,UR,XP,P09
107,902500,UR,XP,P09
107,905000,UR,XP,P09
107,907500,UR,XP,P09
107,910000,UR,XP,P09
107,912500,UR,XP,P09
107,915000,UR,XP,P09
107,917500,UR,XP,P09
107,920000,UR,XP,P09
107,922500,UR,XP,P09
107,925000,UR,XP,P09
107,927500,UR,XP,P09
107,930000,UR,XP,P09
107,932500,UR,XP,P09
107,935000,UR,XP,P09
107,937500,UR,XP,P09
107,940000,UR,XP,P09
107,942500,UR,XP,P09
107,945000,UR,XP,P09
107,947500,UR,XP,P09
107,950000,UR,XP,P09
107,952500,UR,XP,P09
107,955000,UR,XP,P09
107,957500,UR,XP,P09
107,960000,UR,XP,P09
107,962500,UR,XP,P09
107,965000,UR,XP,P09
107,967500,UR,XP,P09
107,970000,UR,XP,P09
107,972500,UR,XP,P09
107,975000,UR,XP,P09
107,977500,UR,XP,P09
107,980000,UR,XP,P09
107,982500,UR,XP,P09
107,985000,UR,XP,P09
107,987500,UR,XP,P09
107,990000,UR,XP,P09
107,992500,UR,XP,P09
107,995000,UR,XP,P09
107,997500,UR,XP,P09
107,1000000,UR,XP,P09
107,1002500,UR,XP,P09
107,1005000,UR,XP,P09
107,1007500,UR,XP,P09
107,1010000,UR,XP,P09
107,1012500,UR,XP,P09
107,1015000,UR,XP,P09
107,1017500,UR,XP,P09
107,1020000,UR,XP,P09
107,1022500,UR,XP,P09
107,1025000,UR,XP,P09
107,1027500,UR,XP,P09
107,1030000,UR,XP,P09
107,1032500,UR,XP,P09
107,1035000,UR,XP,P09
107,1037500,UR,XP,P09
107,1040000,UR,XP,P09
107,1042500,UR,XP,P09
107,1045000,UR,XP,P09
107,1047500,UR,XP,P09
107,1050000,UR,XP,P09
107,1052500,UR,XP,P09
107,1055000,UR,XP,P09
107,1057500,UR,XP,P09
107,1060000,UR,XP,P09
107,1062500,UR,XP,P09
107,1065000,UR,XP,P09
107,1067500,UR,XP,P09
107,1070000,UR,XP,P09
107,1072500,UR,XP,P09
107,1075000,UR,XP,P09
107,1077500,UR,XP,P09
107,1080000,UR,XP,P09
107,1082500,UR,XP,P09
107,1085000,UR,XP,P09
107,1087500,UR,XP,P09
107,1090000,UR,XP,P09
107,1092500,UR,XP,P09
107,1095000,UR,XP,P09
107,1097500,UR,XP,P09
107,1100000,UR,XP,P09
107,1102500,UR,XP,P09
107,1105000,UR,XP,P09
107,1107500,UR,XP,P09
107,1110000,UR,XP,P09
107,1112500,UR,XP,P09
107,1115000,UR,XP,P09
107,1117500,UR,XP,P09
107,1120000,UR,XP,P09
107,1122500,UR,XP,P09
107,1125000,UR,XP,P09
107,1127500,UR,XP,P09
107,1130000,UR,XP,P09
107,1132500,UR,XP,P09
107,1135000,UR,XP,P09
107,1137500,UR,XP,P09
107,1140000,UR,XP,P09
107,1142500,UR,XP,P09
107,1145000,UR,XP,P09
107,1147500,UR,XP,P09
107,1150000,UR,XP,P09
107,1152500,UR,XP,P09
107,1155000,UR,XP,P09
107,1157500,UR,XP,P09
107,1160000,UR,XP,P09
107,1162500,UR,XP,P09
107,1165000,UR,XP,P09
107,1167500,UR,XP,P09
107,1170000,UR,XP,P09
107,1172500,UR,XP,P09
107,1175000,UR,XP,P09
107,1177500,UR,XP,P09
107,1180000,UR,XP,P09
107,1182500,UR,XP,P09
107,1185000,UR,XP,P09
107,1187500,UR,XP,P09
107,1190000,UR,XP,P09
107,1192500,UR,XP,P09
107,1195000,UR,XP,P09
107,1197500,UR,XP,P09
107,1200000,UR,XP,P09
107,1202500,UR,XP,P09
107,1205000,UR,XP,P09
107,1207500,UR,XP,P09
107,1210000,UR,XP,P09
107,1212500,UR,XP,P09
107,1215000,UR,XP,P09
107,1217500,UR,XP,P09
107,1220000,UR,XP,P09
107,1222500,UR,XP,P09
107,1225000,UR,XP,P09
107,1227500,UR,XP,P09
107,1230000,UR,XP,P09
107,1232500,UR,XP,P09
107,1235000,UR,XP,P09
107,1237500,UR,XP,P09
107,1240000,UR,XP,P09
107,1242500,UR,XP,P09
107,1245000,UR,XP,P09
107,1247500,UR,XP,P09
107,1250000,UR,XP,P09
107,1252500,UR,XP,P09
107,1255000,UR,XP,P09
107,1257500,UR,XP,P09
107,1260000,UR,XP,P09
107,1262500,UR,XP,P09
107,1265000,UR,XP,P09
107,1267500,UR,XP,P09
107,1270000,UR,XP,P09
107,1272500,UR,XP,P09
107,1275000,UR,XP,P09
107,1277500,UR,XP,P09
107,1280000,UR,XP,P09
107,1282500,UR,XP,P09
107,1290000,UR,XP,P09
107,1292500,UR,XP,P09
107,1295000,UR,XP,P09
107,1297500,UR,XP,P09
107,1300000,UR,XP,P09
107,1302500,UR,XP,P09
107,1305000,UR,XP,P09
107,1307500,UR,XP,P09
107,1310000,UR,XP,P09
107,1312500,UR,XP,P09
107,1315000,UR,XP,P09
107,1317500,UR,XP,P09
107,1320000,UR,XP,P09
107,1322500,UR,XP,P09
107,1325000,UR,XP,P09
107,1327500,UR,XP,P09
107,1330000,UR,XP,P09
107,1332500,UR,XP,P09
107,1335000,UR,XP,P09
107,1337500,UR,XP,P09
107,1340000,UR,XP,P09
107,1342500,UR,XP,P09
107,1345000,UR,XP,P09
107,1347500,UR,XP,P09
107,1350000,UR,XP,P09
108,2500,DL,FR,P10
108,10000,DL,FR,P10
108,17500,DL,FR,P10
108,20000,DL,FR,P10
108,22500,DL,FR,P10
108,25000,DL,FR,P10
108,27500,DL,FR,P10
108,30000,DL,FR,P10
108,32500,DL,FR,P10
108,35000,DL,FR,P10
108,40000,DL,FR,P10
108,42500,DL,FR,P10
108,45000,DL,FR,P10
108,47500,DL,FR,P10
108,50000,DL,FR,P10
108,52500,DL,FR,P10
108,55000,DL,FR,P10
108,60000,DL,FR,P10
108,62500,DL,FR,P10
108,65000,DL,FR,P10
108,70000,DL,FR,P10
108,72500,DL,FR,P10
108,75000,DL,FR,P10
108,80000,DL,FR,P10
108,82500,DL,FR,P10
108,85000,DL,FR,P10
108,95000,DL,FR,P10
108,97500,DL,FR,P10
108,100000,DL,FR,P10
108,102500,DL,FR,P10
108,105000,DL,FR,P10
108,107500,DL,FR,P10
108,110000,DL,FR,P10
108,112500,DL,FR,P10
108,117500,DL,FR,P10
108,120000,DL,FR,P10
108,122500,DL,FR,P10
108,125000,DL,FR,P10
108,127500,DL,FR,P10
108,130000,DL,FR,P10
108,132500,DL,FR,P10
108,135000,DL,FR,P10
108,137500,DL,FR,P10
108,140000,DL,FR,P10
108,142500,DL,FR,P10
108,145000,DL,FR,P10
108,147500,DL,FR,P10
108,150000,DL,FR,P10
108,162500,DL,FR,P10
108,167500,DL,FR,P10
108,170000,DL,FR,P10
108,172500,DL,FR,P10
108,175000,DL,FR,P10
108,197500,DL,FR,P10
108,200000,DL,FR,P10
108,202500,DL,FR,P10
108,220000,DL,FR,P10
108,225000,DL,FR,P10
108,227500,DL,FR,P10
108,232500,DL,FR,P10
108,235000,DL,FR,P10
108,242500,DL,FR,P10
108,245000,DL,FR,P10
108,247500,DL,FR,P10
108,250000,DL,FR,P10
108,252500,DL,FR,P10
108,255000,DL,FR,P10
108,260000,DL,FR,P10
108,262500,DL,FR,P10
108,265000,DL,FR,P10
108,267500,DL,FR,P10
108,270000,DL,FR,P10
108,272500,DL,FR,P10
108,275000,DL,FR,P10
108,277500,DL,FR,P10
108,280000,DL,FR,P10
108,285000,DL,FR,P10
108,287500,DL,FR,P10
108,295000,DL,FR,P10
108,297500,DL,FR,P10
108,300000,DL,FR,P10
108,305000,DL,FR,P10
108,307500,DL,FR,P10
108,317500,DL,FR,P10
108,322500,DL,FR,P10
108,325000,DL,FR,P10
108,335000,DL,FR,P10
108,357500,DL,FR,P10
108,360000,DL,FR,P10
108,362500,DL,FR,P10
108,367500,DL,FR,P10
108,370000,DL,FR,P10
108,372500,DL,FR,P10
108,375000,DL,FR,P10
108,377500,DL,FR,P10
108,380000,DL,FR,P10
108,390000,DL,FR,P10
108,392500,DL,FR,P10
108,395000,DL,FR,P10
108,397500,DL,FR,P10
108,400000,DL,FR,P10
108,402500,DL,FR,P10
108,415000,DL,FR,P10
108,417500,DL,FR,P10
108,420000,DL,FR,P10
108,435000,DL,FR,P10
108,437500,DL,FR,P10
108,452500,DL,FR,P10
108,457500,DL,FR,P10
108,460000,DL,FR,P10
108,462500,DL,FR,P10
108,465000,DL,FR,P10
108,467500,DL,FR,P10
108,470000,DL,FR,P10
108,472500,DL,FR,P10
108,475000,DL,FR,P10
108,477500,DL,FR,P10
108,497500,DL,FR,P10
108,500000,DL,FR,P10
108,522500,DL,FR,P10
108,525000,DL,FR,P10
108,527500,DL,FR,P10
108,530000,DL,FR,P10
108,532500,DL,FR,P10
108,540000,DL,FR,P10
108,542500,DL,FR,P10
108,545000,DL,FR,P10
108,547500,DL,FR,P10
108,550000,DL,FR,P10
108,567500,DL,FR,P10
108,570000,DL,FR,P10
108,572500,DL,FR,P10
108,575000,DL,FR,P10
108,577500,DL,FR,P10
108,580000,DL,FR,P10
108,582500,DL,FR,P10
108,585000,DL,FR,P10
108,602500,DL,FR,P10
108,607500,DL,FR,P10
108,610000,DL,FR,P10
108,615000,DL,FR,P10
108,617500,DL,FR,P10
108,620000,DL,FR,P10
108,622500,DL,FR,P10
108,625000,DL,FR,P10
108,627500,DL,FR,P10
108,630000,DL,FR,P10
108,632500,DL,FR,P10
108,635000,DL,FR,P10
108,637500,DL,FR,P10
108,640000,DL,FR,P10
108,645000,DL,FR,P10
108,650000,DL,FR,P10
108,652500,DL,FR,P10
108,655000,DL,FR,P10
108,657500,DL,FR,P10
108,660000,DL,FR,P10
108,662500,DL,FR,P10
108,667500,DL,FR,P10
108,677500,DL,FR,P10
108,680000,DL,FR,P10
108,695000,DL,FR,P10
108,702500,DL,FR,P10
108,750000,DL,FR,P10
108,752500,DL,FR,P10
108,755000,DL,FR,P10
108,757500,DL,FR,P10
108,767500,DL,FR,P10
108,770000,DL,FR,P10
108,772500,DL,FR,P10
108,775000,DL,FR,P10
108,777500,DL,FR,P10
108,780000,DL,FR,P10
108,782500,DL,FR,P10
108,785000,DL,FR,P10
108,787500,DL,FR,P10
108,792500,DL,FR,P10
108,795000,DL,FR,P10
108,797500,DL,FR,P10
108,800000,DL,FR,P10
108,805000,DL,FR,P10
108,810000,DL,FR,P10
108,812500,DL,FR,P10
108,815000,DL,FR,P10
108,817500,DL,FR,P10
108,820000,DL,FR,P10
108,822500,DL,FR,P10
108,825000,DL,FR,P10
108,827500,DL,FR,P10
108,835000,DL,FR,P10
108,840000,DL,FR,P10
108,842500,DL,FR,P10
108,845000,DL,FR,P10
108,847500,DL,FR,P10
108,852500,DL,FR,P10
108,855000,DL,FR,P10
108,857500,DL,FR,P10
108,860000,DL,FR,P10
108,862500,DL,FR,P10
108,865000,DL,FR,P10
108,867500,DL,FR,P10
108,870000,DL,FR,P10
108,875000,DL,FR,P10
108,877500,DL,FR,P10
108,880000,DL,FR,P10
108,882500,DL,FR,P10
108,887500,DL,FR,P10
108,890000,DL,FR,P10
108,892500,DL,FR,P10
108,895000,DL,FR,P10
108,900000,DL,FR,P10
108,902500,DL,FR,P10
108,905000,DL,FR,P10
108,907500,DL,FR,P10
108,910000,DL,FR,P10
108,912500,DL,FR,P10
108,915000,DL,FR,P10
108,917500,DL,FR,P10
108,920000,DL,FR,P10
108,922500,DL,FR,P10
108,925000,DL,FR,P10
108,927500,DL,FR,P10
108,930000,DL,FR,P10
108,932500,DL,FR,P10
108,935000,DL,FR,P10
108,937500,DL,FR,P10
108,940000,DL,FR,P10
108,942500,DL,FR,P10
108,945000,DL,FR,P10
108,947500,DL,FR,P10
108,967500,DL,FR,P10
108,970000,DL,FR,P10
108,972500,DL,FR,P10
108,975000,DL,FR,P10
108,985000,DL,FR,P10
108,992500,DL,FR,P10
108,995000,DL,FR,P10
108,997500,DL,FR,P10
108,1000000,DL,FR,P10
108,1005000,DL,FR,P10
108,1007500,DL,FR,P10
108,1010000,DL,FR,P10
108,1012500,DL,FR,P10
108,1015000,DL,FR,P10
108,1017500,DL,FR,P10
108,1020000,DL,FR,P10
108,1025000,DL,FR,P10
108,1027500,DL,FR,P10
108,1040000,DL,FR,P10
108,1042500,DL,FR,P10
108,1045000,DL,FR,P10
108,1047500,DL,FR,P10
108,1050000,DL,FR,P10
108,1052500,DL,FR,P10
108,1055000,DL,FR,P10
108,1057500,DL,FR,P10
108,1060000,DL,FR,P10
108,1062500,DL,FR,P10
108,1065000,DL,FR,P10
108,1067500,DL,FR,P10
108,1070000,DL,FR,P10
108,1072500,DL,FR,P10
108,1075000,DL,FR,P10
108,1077500,DL,FR,P10
108,1080000,DL,FR,P10
108,1082500,DL,FR,P10
108,1085000,DL,FR,P10
108,1087500,DL,FR,P10
108,1090000,DL,FR,P10
108,1092500,DL,FR,P10
108,1095000,DL,FR,P10
108,1097500,DL,FR,P10
108,1100000,DL,FR,P10
108,1105000,DL,FR,P10
108,1107500,DL,FR,P10
108,1110000,DL,FR,P10
108,1112500,DL,FR,P10
108,1117500,DL,FR,P10
108,1122500,DL,FR,P10
109,10000,DL,LU,P10
109,12500,DL,LU,P10
109,15000,DL,LU,P10
109,17500,DL,LU,P10
109,20000,DL,LU,P10
109,22500,DL,LU,P10
109,27500,DL,LU,P10
109,30000,DL,LU,P10
109,32500,DL,LU,P10
109,35000,DL,LU,P10
109,37500,DL,LU,P10
109,42500,DL,LU,P10
109,45000,DL,LU,P10
109,47500,DL,LU,P10
109,50000,DL,LU,P10
109,52500,DL,LU,P10
109,55000,DL,LU,P10
109,57500,DL,LU,P10
109,60000,DL,LU,P10
109,62500,DL,LU,P10
109,70000,DL,LU,P10
109,72500,DL,LU,P10
109,75000,DL,LU,P10
109,77500,DL,LU,P10
109,80000,DL,LU,P10
109,82500,DL,LU,P10
109,85000,DL,LU,P10
109,87500,DL,LU,P10
109,95000,DL,LU,P10
109,97500,DL,LU,P10
109,107500,DL,LU,P10
109,120000,DL,LU,P10
109,122500,DL,LU,P10
109,125000,DL,LU,P10
109,127500,DL,LU,P10
109,130000,DL,LU,P10
109,132500,DL,LU,P10
109,135000,DL,LU,P10
109,137500,DL,LU,P10
109,140000,DL,LU,P10
109,145000,DL,LU,P10
109,147500,DL,LU,P10
109,155000,DL,LU,P10
109,157500,DL,LU,P10
109,160000,DL,LU,P10
109,165000,DL,LU,P10
109,167500,DL,LU,P10
109,170000,DL,LU,P10
109,172500,DL,LU,P10
109,177500,DL,LU,P10
109,180000,DL,LU,P10
109,190000,DL,LU,P10
109,192500,DL,LU,P10
109,195000,DL,LU,P10
109,197500,DL,LU,P10
109,200000,DL,LU,P10
109,202500,DL,LU,P10
109,205000,DL,LU,P10
109,207500,DL,LU,P10
109,210000,DL,LU,P10
109,212500,DL,LU,P10
109,215000,DL,LU,P10
109,217500,DL,LU,P10
109,227500,DL,LU,P10
109,230000,DL,LU,P10
109,232500,DL,LU,P10
109,240000,DL,LU,P10
109,242500,DL,LU,P10
109,262500,DL,LU,P10
109,270000,DL,LU,P10
109,275000,DL,LU,P10
109,277500,DL,LU,P10
109,295000,DL,LU,P10
109,297500,DL,LU,P10
109,302500,DL,LU,P10
109,312500,DL,LU,P10
109,315000,DL,LU,P10
109,317500,DL,LU,P10
109,320000,DL,LU,P10
109,332500,DL,LU,P10
109,350000,DL,LU,P10
109,355000,DL,LU,P10
109,357500,DL,LU,P10
109,360000,DL,LU,P10
109,362500,DL,LU,P10
109,382500,DL,LU,P10
109,390000,DL,LU,P10
109,392500,DL,LU,P10
109,395000,DL,LU,P10
109,397500,DL,LU,P10
109,400000,DL,LU,P10
109,415000,DL,LU,P10
109,432500,DL,LU,P10
109,435000,DL,LU,P10
109,437500,DL,LU,P10
109,440000,DL,LU,P10
109,447500,DL,LU,P10
109,465000,DL,LU,P10
109,470000,DL,LU,P10
109,472500,DL,LU,P10
109,475000,DL,LU,P10
109,477500,DL,LU,P10
109,480000,DL,LU,P10
109,482500,DL,LU,P10
109,540000,DL,LU,P10
109,542500,DL,LU,P10
109,545000,DL,LU,P10
109,547500,DL,LU,P10
109,552500,DL,LU,P10
109,560000,DL,LU,P10
109,570000,DL,LU,P10
109,595000,DL,LU,P10
109,597500,DL,LU,P10
109,600000,DL,LU,P10
109,602500,DL,LU,P10
109,605000,DL,LU,P10
109,607500,DL,LU,P10
109,610000,DL,LU,P10
109,620000,DL,LU,P10
109,622500,DL,LU,P10
109,625000,DL,LU,P10
109,627500,DL,LU,P10
109,630000,DL,LU,P10
109,632500,DL,LU,P10
109,635000,DL,LU,P10
109,637500,DL,LU,P10
109,640000,DL,LU,P10
109,657500,DL,LU,P10
109,660000,DL,LU,P10
109,667500,DL,LU,P10
109,670000,DL,LU,P10
109,672500,DL,LU,P10
109,675000,DL,LU,P10
109,687500,DL,LU,P10
109,702500,DL,LU,P10
109,705000,DL,LU,P10
109,710000,DL,LU,P10
109,722500,DL,LU,P10
109,737500,DL,LU,P10
109,747500,DL,LU,P10
109,762500,DL,LU,P10
109,765000,DL,LU,P10
109,767500,DL,LU,P10
109,772500,DL,LU,P10
109,775000,DL,LU,P10
109,777500,DL,LU,P10
109,780000,DL,LU,P10
109,782500,DL,LU,P10
109,787500,DL,LU,P10
109,790000,DL,LU,P10
109,792500,DL,LU,P10
109,795000,DL,LU,P10
109,797500,DL,LU,P10
109,802500,DL,LU,P10
109,805000,DL,LU,P10
109,807500,DL,LU,P10
109,810000,DL,LU,P10
109,815000,DL,LU,P10
109,820000,DL,LU,P10
109,822500,DL,LU,P10
109,825000,DL,LU,P10
109,827500,DL,LU,P10
109,837500,DL,LU,P10
109,840000,DL,LU,P10
109,845000,DL,LU,P10
109,847500,DL,LU,P10
109,857500,DL,LU,P10
109,860000,DL,LU,P10
109,862500,DL,LU,P10
109,877500,DL,LU,P10
109,882500,DL,LU,P10
109,885000,DL,LU,P10
109,887500,DL,LU,P10
109,890000,DL,LU,P10
109,892500,DL,LU,P10
109,895000,DL,LU,P10
109,897500,DL,LU,P10
109,900000,DL,LU,P10
109,902500,DL,LU,P10
109,905000,DL,LU,P10
109,912500,DL,LU,P10
109,915000,DL,LU,P10
109,917500,DL,LU,P10
109,920000,DL,LU,P10
109,922500,DL,LU,P10
109,925000,DL,LU,P10
109,927500,DL,LU,P10
109,930000,DL,LU,P10
109,932500,DL,LU,P10
109,935000,DL,LU,P10
109,937500,DL,LU,P10
109,940000,DL,LU,P10
109,942500,DL,LU,P10
109,945000,DL,LU,P10
109,947500,DL,LU,P10
109,960000,DL,LU,P10
109,962500,DL,LU,P10
109,965000,DL,LU,P10
109,967500,DL,LU,P10
109,970000,DL,LU,P10
109,972500,DL,LU,P10
109,975000,DL,LU,P10
109,977500,DL,LU,P10
109,980000,DL,LU,P10
109,982500,DL,LU,P10
109,985000,DL,LU,P10
109,987500,DL,LU,P10
109,990000,DL,LU,P10
109,995000,DL,LU,P10
109,997500,DL,LU,P10
109,1000000,DL,LU,P10
109,1002500,DL,LU,P10
109,1005000,DL,LU,P10
109,1007500,DL,LU,P10
109,1010000,DL,LU,P10
109,1012500,DL,LU,P10
109,1017500,DL,LU,P10
109,1020000,DL,LU,P10
109,1022500,DL,LU,P10
109,1025000,DL,LU,P10
109,1027500,DL,LU,P10
109,1035000,DL,LU,P10
109,1047500,DL,LU,P10
109,1067500,DL,LU,P10
109,1100000,DL,LU,P10
109,1110000,DL,LU,P10
109,1117500,DL,LU,P10
109,1125000,DL,LU,P10
110,2500,DL,XP,P10
110,5000,DL,XP,P10
110,12500,DL,XP,P10
110,15000,DL,XP,P10
110,20000,DL,XP,P10
110,22500,DL,XP,P10
110,30000,DL,XP,P10
110,32500,DL,XP,P10
110,35000,DL,XP,P10
110,40000,DL,XP,P10
110,42500,DL,XP,P10
110,47500,DL,XP,P10
110,52500,DL,XP,P10
110,55000,DL,XP,P10
110,60000,DL,XP,P10
110,62500,DL,XP,P10
110,65000,DL,XP,P10
110,67500,DL,XP,P10
110,70000,DL,XP,P10
110,72500,DL,XP,P10
110,75000,DL,XP,P10
110,77500,DL,XP,P10
110,80000,DL,XP,P10
110,82500,DL,XP,P10
110,87500,DL,XP,P10
110,90000,DL,XP,P10
110,92500,DL,XP,P10
110,95000,DL,XP,P10
110,97500,DL,XP,P10
110,100000,DL,XP,P10
110,102500,DL,XP,P10
110,107500,DL,XP,P10
110,110000,DL,XP,P10
110,112500,DL,XP,P10
110,117500,DL,XP,P10
110,120000,DL,XP,P10
110,122500,DL,XP,P10
110,125000,DL,XP,P10
110,127500,DL,XP,P10
110,130000,DL,XP,P10
110,132500,DL,XP,P10
110,135000,DL,XP,P10
110,137500,DL,XP,P10
110,140000,DL,XP,P10
110,142500,DL,XP,P10
110,145000,DL,XP,P10
110,147500,DL,XP,P10
110,150000,DL,XP,P10
110,152500,DL,XP,P10
110,155000,DL,XP,P10
110,157500,DL,XP,P10
110,160000,DL,XP,P10
110,162500,DL,XP,P10
110,165000,DL,XP,P10
110,167500,DL,XP,P10
110,170000,DL,XP,P10
110,172500,DL,XP,P10
110,175000,DL,XP,P10
110,177500,DL,XP,P10
110,182500,DL,XP,P10
110,187500,DL,XP,P10
110,190000,DL,XP,P10
110,192500,DL,XP,P10
110,195000,DL,XP,P10
110,197500,DL,XP,P10
110,200000,DL,XP,P10
110,202500,DL,XP,P10
110,205000,DL,XP,P10
110,207500,DL,XP,P10
110,210000,DL,XP,P10
110,212500,DL,XP,P10
110,215000,DL,XP,P10
110,217500,DL,XP,P10
110,220000,DL,XP,P10
110,222500,DL,XP,P10
110,225000,DL,XP,P10
110,227500,DL,XP,P10
110,230000,DL,XP,P10
110,232500,DL,XP,P10
110,235000,DL,XP,P10
110,237500,DL,XP,P10
110,240000,DL,XP,P10
110,242500,DL,XP,P10
110,245000,DL,XP,P10
110,247500,DL,XP,P10
110,250000,DL,XP,P10
110,255000,DL,XP,P10
110,257500,DL,XP,P10
110,260000,DL,XP,P10
110,262500,DL,XP,P10
110,265000,DL,XP,P10
110,267500,DL,XP,P10
110,275000,DL,XP,P10
110,277500,DL,XP,P10
110,280000,DL,XP,P10
110,282500,DL,XP,P10
110,285000,DL,XP,P10
110,287500,DL,XP,P10
110,300000,DL,XP,P10
110,302500,DL,XP,P10
110,312500,DL,XP,P10
110,315000,DL,XP,P10
110,317500,DL,XP,P10
110,320000,DL,XP,P10
110,325000,DL,XP,P10
110,327500,DL,XP,P10
110,330000,DL,XP,P10
110,332500,DL,XP,P10
110,340000,DL,XP,P10
110,345000,DL,XP,P10
110,347500,DL,XP,P10
110,350000,DL,XP,P10
110,352500,DL,XP,P10
110,355000,DL,XP,P10
110,357500,DL,XP,P10
110,360000,DL,XP,P10
110,367500,DL,XP,P10
110,370000,DL,XP,P10
110,372500,DL,XP,P10
110,375000,DL,XP,P10
110,377500,DL,XP,P10
110,380000,DL,XP,P10
110,382500,DL,XP,P10
110,385000,DL,XP,P10
110,387500,DL,XP,P10
110,390000,DL,XP,P10
110,392500,DL,XP,P10
110,395000,DL,XP,P10
110,397500,DL,XP,P10
110,400000,DL,XP,P10
110,402500,DL,XP,P10
110,405000,DL,XP,P10
110,410000,DL,XP,P10
110,412500,DL,XP,P10
110,415000,DL,XP,P10
110,417500,DL,XP,P10
110,420000,DL,XP,P10
110,422500,DL,XP,P10
110,425000,DL,XP,P10
110,427500,DL,XP,P10
110,430000,DL,XP,P10
110,432500,DL,XP,P10
110,435000,DL,XP,P10
110,437500,DL,XP,P10
110,440000,DL,XP,P10
110,450000,DL,XP,P10
110,452500,DL,XP,P10
110,455000,DL,XP,P10
110,457500,DL,XP,P10
110,460000,DL,XP,P10
110,462500,DL,XP,P10
110,465000,DL,XP,P10
110,467500,DL,XP,P10
110,470000,DL,XP,P10
110,472500,DL,XP,P10
110,475000,DL,XP,P10
110,477500,DL,XP,P10
110,480000,DL,XP,P10
110,482500,DL,XP,P10
110,485000,DL,XP,P10
110,487500,DL,XP,P10
110,490000,DL,XP,P10
110,492500,DL,XP,P10
110,495000,DL,XP,P10
110,497500,DL,XP,P10
110,500000,DL,XP,P10
110,502500,DL,XP,P10
110,505000,DL,XP,P10
110,507500,DL,XP,P10
110,510000,DL,XP,P10
110,512500,DL,XP,P10
110,515000,DL,XP,P10
110,517500,DL,XP,P10
110,520000,DL,XP,P10
110,522500,DL,XP,P10
110,525000,DL,XP,P10
110,527500,DL,XP,P10
110,530000,DL,XP,P10
110,532500,DL,XP,P10
110,535000,DL,XP,P10
110,537500,DL,XP,P10
110,540000,DL,XP,P10
110,542500,DL,XP,P10
110,545000,DL,XP,P10
110,547500,DL,XP,P10
110,550000,DL,XP,P10
110,552500,DL,XP,P10
110,555000,DL,XP,P10
110,557500,DL,XP,P10
110,560000,DL,XP,P10
110,562500,DL,XP,P10
110,565000,DL,XP,P10
110,567500,DL,XP,P10
110,570000,DL,XP,P10
110,572500,DL,XP,P10
110,575000,DL,XP,P10
110,577500,DL,XP,P10
110,580000,DL,XP,P10
110,587500,DL,XP,P10
110,590000,DL,XP,P10
110,592500,DL,XP,P10
110,595000,DL,XP,P10
110,597500,DL,XP,P10
110,600000,DL,XP,P10
110,602500,DL,XP,P10
110,605000,DL,XP,P10
110,607500,DL,XP,P10
110,610000,DL,XP,P10
110,612500,DL,XP,P10
110,615000,DL,XP,P10
110,617500,DL,XP,P10
110,620000,DL,XP,P10
110,622500,DL,XP,P10
110,625000,DL,XP,P10
110,627500,DL,XP,P10
110,630000,DL,XP,P10
110,632500,DL,XP,P10
110,635000,DL,XP,P10
110,637500,DL,XP,P10
110,640000,DL,XP,P10
110,642500,DL,XP,P10
110,645000,DL,XP,P10
110,647500,DL,XP,P10
110,650000,DL,XP,P10
110,652500,DL,XP,P10
110,655000,DL,XP,P10
110,657500,DL,XP,P10
110,660000,DL,XP,P10
110,662500,DL,XP,P10
110,665000,DL,XP,P10
110,667500,DL,XP,P10
110,670000,DL,XP,P10
110,672500,DL,XP,P10
110,675000,DL,XP,P10
110,677500,DL,XP,P10
110,680000,DL,XP,P10
110,682500,DL,XP,P10
110,685000,DL,XP,P10
110,687500,DL,XP,P10
110,692500,DL,XP,P10
110,695000,DL,XP,P10
110,697500,DL,XP,P10
110,700000,DL,XP,P10
110,702500,DL,XP,P10
110,705000,DL,XP,P10
110,707500,DL,XP,P10
110,710000,DL,XP,P10
110,717500,DL,XP,P10
110,720000,DL,XP,P10
110,722500,DL,XP,P10
110,725000,DL,XP,P10
110,727500,DL,XP,P10
110,730000,DL,XP,P10
110,732500,DL,XP,P10
110,735000,DL,XP,P10
110,737500,DL,XP,P10
110,740000,DL,XP,P10
110,742500,DL,XP,P10
110,745000,DL,XP,P10
110,747500,DL,XP,P10
110,750000,DL,XP,P10
110,752500,DL,XP,P10
110,755000,DL,XP,P10
110,757500,DL,XP,P10
110,760000,DL,XP,P10
110,762500,DL,XP,P10
110,765000,DL,XP,P10
110,767500,DL,XP,P10
110,772500,DL,XP,P10
110,775000,DL,XP,P10
110,777500,DL,XP,P10
110,780000,DL,XP,P10
110,782500,DL,XP,P10
110,785000,DL,XP,P10
110,787500,DL,XP,P10
110,790000,DL,XP,P10
110,792500,DL,XP,P10
110,795000,DL,XP,P10
110,797500,DL,XP,P10
110,800000,DL,XP,P10
110,805000,DL,XP,P10
110,810000,DL,XP,P10
110,812500,DL,XP,P10
110,815000,DL,XP,P10
110,817500,DL,XP,P10
110,820000,DL,XP,P10
110,822500,DL,XP,P10
110,825000,DL,XP,P10
110,827500,DL,XP,P10
110,830000,DL,XP,P10
110,832500,DL,XP,P10
110,835000,DL,XP,P10
110,845000,DL,XP,P10
110,847500,DL,XP,P10
110,850000,DL,XP,P10
110,855000,DL,XP,P10
110,857500,DL,XP,P10
110,860000,DL,XP,P10
110,862500,DL,XP,P10
110,865000,DL,XP,P10
110,867500,DL,XP,P10
110,870000,DL,XP,P10
110,875000,DL,XP,P10
110,877500,DL,XP,P10
110,880000,DL,XP,P10
110,882500,DL,XP,P10
110,885000,DL,XP,P10
110,887500,DL,XP,P10
110,890000,DL,XP,P10
110,892500,DL,XP,P10
110,895000,DL,XP,P10
110,897500,DL,XP,P10
110,900000,DL,XP,P10
110,902500,DL,XP,P10
110,905000,DL,XP,P10
110,907500,DL,XP,P10
110,910000,DL,XP,P10
110,912500,DL,XP,P10
110,915000,DL,XP,P10
110,917500,DL,XP,P10
110,920000,DL,XP,P10
110,922500,DL,XP,P10
110,925000,DL,XP,P10
110,927500,DL,XP,P10
110,930000,DL,XP,P10
110,932500,DL,XP,P10
110,935000,DL,XP,P10
110,937500,DL,XP,P10
110,940000,DL,XP,P10
110,942500,DL,XP,P10
110,945000,DL,XP,P10
110,947500,DL,XP,P10
110,952500,DL,XP,P10
110,955000,DL,XP,P10
110,962500,DL,XP,P10
110,965000,DL,XP,P10
110,967500,DL,XP,P10
110,970000,DL,XP,P10
110,972500,DL,XP,P10
110,975000,DL,XP,P10
110,977500,DL,XP,P10
110,980000,DL,XP,P10
110,982500,DL,XP,P10
110,985000,DL,XP,P10
110,987500,DL,XP,P10
110,992500,DL,XP,P10
110,997500,DL,XP,P10
110,1000000,DL,XP,P10
110,1002500,DL,XP,P10
110,1005000,DL,XP,P10
110,1007500,DL,XP,P10
110,1010000,DL,XP,P10
110,1012500,DL,XP,P10
110,1015000,DL,XP,P10
110,1017500,DL,XP,P10
110,1020000,DL,XP,P10
110,1022500,DL,XP,P10
110,1025000,DL,XP,P10
110,1027500,DL,XP,P10
110,1032500,DL,XP,P10
110,1035000,DL,XP,P10
110,1037500,DL,XP,P10
110,1040000,DL,XP,P10
110,1042500,DL,XP,P10
110,1045000,DL,XP,P10
110,1050000,DL,XP,P10
110,1052500,DL,XP,P10
110,1055000,DL,XP,P10
110,1057500,DL,XP,P10
110,1060000,DL,XP,P10
110,1065000,DL,XP,P10
110,1067500,DL,XP,P10
110,1070000,DL,XP,P10
110,1072500,DL,XP,P10
110,1075000,DL,XP,P10
110,1077500,DL,XP,P10
110,1080000,DL,XP,P10
110,1082500,DL,XP,P10
110,1085000,DL,XP,P10
110,1087500,DL,XP,P10
110,1090000,DL,XP,P10
110,1092500,DL,XP,P10
110,1095000,DL,XP,P10
110,1097500,DL,XP,P10
110,1102500,DL,XP,P10
110,1105000,DL,XP,P10
110,1107500,DL,XP,P10
110,1110000,DL,XP,P10
110,1112500,DL,XP,P10
110,1117500,DL,XP,P10
110,1122500,DL,XP,P10
110,1125000,DL,XP,P10
111,5000,DR,FR,P10
111,7500,DR,FR,P10
111,12500,DR,FR,P10
111,15000,DR,FR,P10
111,17500,DR,FR,P10
111,20000,DR,FR,P10
111,22500,DR,FR,P10
111,27500,DR,FR,P10
111,30000,DR,FR,P10
111,32500,DR,FR,P10
111,35000,DR,FR,P10
111,40000,DR,FR,P10
111,45000,DR,FR,P10
111,47500,DR,FR,P10
111,57500,DR,FR,P10
111,62500,DR,FR,P10
111,80000,DR,FR,P10
111,95000,DR,FR,P10
111,97500,DR,FR,P10
111,100000,DR,FR,P10
111,102500,DR,FR,P10
111,107500,DR,FR,P10
111,110000,DR,FR,P10
111,112500,DR,FR,P10
111,117500,DR,FR,P10
111,120000,DR,FR,P10
111,122500,DR,FR,P10
111,125000,DR,FR,P10
111,127500,DR,FR,P10
111,132500,DR,FR,P10
111,135000,DR,FR,P10
111,137500,DR,FR,P10
111,140000,DR,FR,P10
111,142500,DR,FR,P10
111,145000,DR,FR,P10
111,150000,DR,FR,P10
111,157500,DR,FR,P10
111,160000,DR,FR,P10
111,162500,DR,FR,P10
111,170000,DR,FR,P10
111,172500,DR,FR,P10
111,175000,DR,FR,P10
111,177500,DR,FR,P10
111,180000,DR,FR,P10
111,197500,DR,FR,P10
111,200000,DR,FR,P10
111,205000,DR,FR,P10
111,207500,DR,FR,P10
111,210000,DR,FR,P10
111,217500,DR,FR,P10
111,220000,DR,FR,P10
111,222500,DR,FR,P10
111,225000,DR,FR,P10
111,227500,DR,FR,P10
111,232500,DR,FR,P10
111,235000,DR,FR,P10
111,237500,DR,FR,P10
111,242500,DR,FR,P10
111,245000,DR,FR,P10
111,247500,DR,FR,P10
111,250000,DR,FR,P10
111,252500,DR,FR,P10
111,255000,DR,FR,P10
111,257500,DR,FR,P10
111,260000,DR,FR,P10
111,262500,DR,FR,P10
111,265000,DR,FR,P10
111,267500,DR,FR,P10
111,270000,DR,FR,P10
111,272500,DR,FR,P10
111,275000,DR,FR,P10
111,277500,DR,FR,P10
111,280000,DR,FR,P10
111,282500,DR,FR,P10
111,285000,DR,FR,P10
111,287500,DR,FR,P10
111,290000,DR,FR,P10
111,292500,DR,FR,P10
111,295000,DR,FR,P10
111,297500,DR,FR,P10
111,300000,DR,FR,P10
111,305000,DR,FR,P10
111,307500,DR,FR,P10
111,310000,DR,FR,P10
111,317500,DR,FR,P10
111,320000,DR,FR,P10
111,322500,DR,FR,P10
111,325000,DR,FR,P10
111,335000,DR,FR,P10
111,337500,DR,FR,P10
111,340000,DR,FR,P10
111,342500,DR,FR,P10
111,347500,DR,FR,P10
111,350000,DR,FR,P10
111,352500,DR,FR,P10
111,360000,DR,FR,P10
111,367500,DR,FR,P10
111,370000,DR,FR,P10
111,372500,DR,FR,P10
111,375000,DR,FR,P10
111,380000,DR,FR,P10
111,390000,DR,FR,P10
111,392500,DR,FR,P10
111,395000,DR,FR,P10
111,397500,DR,FR,P10
111,400000,DR,FR,P10
111,402500,DR,FR,P10
111,415000,DR,FR,P10
111,417500,DR,FR,P10
111,420000,DR,FR,P10
111,422500,DR,FR,P10
111,427500,DR,FR,P10
111,435000,DR,FR,P10
111,437500,DR,FR,P10
111,452500,DR,FR,P10
111,457500,DR,FR,P10
111,475000,DR,FR,P10
111,482500,DR,FR,P10
111,485000,DR,FR,P10
111,487500,DR,FR,P10
111,497500,DR,FR,P10
111,500000,DR,FR,P10
111,515000,DR,FR,P10
111,517500,DR,FR,P10
111,540000,DR,FR,P10
111,542500,DR,FR,P10
111,545000,DR,FR,P10
111,547500,DR,FR,P10
111,550000,DR,FR,P10
111,557500,DR,FR,P10
111,560000,DR,FR,P10
111,570000,DR,FR,P10
111,572500,DR,FR,P10
111,575000,DR,FR,P10
111,577500,DR,FR,P10
111,580000,DR,FR,P10
111,582500,DR,FR,P10
111,585000,DR,FR,P10
111,587500,DR,FR,P10
111,600000,DR,FR,P10
111,602500,DR,FR,P10
111,605000,DR,FR,P10
111,607500,DR,FR,P10
111,615000,DR,FR,P10
111,617500,DR,FR,P10
111,620000,DR,FR,P10
111,622500,DR,FR,P10
111,625000,DR,FR,P10
111,627500,DR,FR,P10
111,630000,DR,FR,P10
111,632500,DR,FR,P10
111,640000,DR,FR,P10
111,642500,DR,FR,P10
111,645000,DR,FR,P10
111,657500,DR,FR,P10
111,660000,DR,FR,P10
111,662500,DR,FR,P10
111,665000,DR,FR,P10
111,667500,DR,FR,P10
111,675000,DR,FR,P10
111,677500,DR,FR,P10
111,680000,DR,FR,P10
111,682500,DR,FR,P10
111,685000,DR,FR,P10
111,690000,DR,FR,P10
111,695000,DR,FR,P10
111,697500,DR,FR,P10
111,700000,DR,FR,P10
111,730000,DR,FR,P10
111,740000,DR,FR,P10
111,742500,DR,FR,P10
111,755000,DR,FR,P10
111,762500,DR,FR,P10
111,767500,DR,FR,P10
111,770000,DR,FR,P10
111,772500,DR,FR,P10
111,775000,DR,FR,P10
111,777500,DR,FR,P10
111,780000,DR,FR,P10
111,782500,DR,FR,P10
111,785000,DR,FR,P10
111,792500,DR,FR,P10
111,795000,DR,FR,P10
111,797500,DR,FR,P10
111,800000,DR,FR,P10
111,805000,DR,FR,P10
111,807500,DR,FR,P10
111,810000,DR,FR,P10
111,812500,DR,FR,P10
111,815000,DR,FR,P10
111,822500,DR,FR,P10
111,825000,DR,FR,P10
111,827500,DR,FR,P10
111,835000,DR,FR,P10
111,840000,DR,FR,P10
111,842500,DR,FR,P10
111,845000,DR,FR,P10
111,847500,DR,FR,P10
111,852500,DR,FR,P10
111,855000,DR,FR,P10
111,857500,DR,FR,P10
111,860000,DR,FR,P10
111,862500,DR,FR,P10
111,865000,DR,FR,P10
111,867500,DR,FR,P10
111,870000,DR,FR,P10
111,875000,DR,FR,P10
111,877500,DR,FR,P10
111,880000,DR,FR,P10
111,882500,DR,FR,P10
111,890000,DR,FR,P10
111,892500,DR,FR,P10
111,895000,DR,FR,P10
111,897500,DR,FR,P10
111,900000,DR,FR,P10
111,902500,DR,FR,P10
111,905000,DR,FR,P10
111,907500,DR,FR,P10
111,910000,DR,FR,P10
111,912500,DR,FR,P10
111,915000,DR,FR,P10
111,917500,DR,FR,P10
111,920000,DR,FR,P10
111,922500,DR,FR,P10
111,925000,DR,FR,P10
111,927500,DR,FR,P10
111,930000,DR,FR,P10
111,932500,DR,FR,P10
111,935000,DR,FR,P10
111,937500,DR,FR,P10
111,940000,DR,FR,P10
111,942500,DR,FR,P10
111,945000,DR,FR,P10
111,967500,DR,FR,P10
111,970000,DR,FR,P10
111,972500,DR,FR,P10
111,975000,DR,FR,P10
111,977500,DR,FR,P10
111,980000,DR,FR,P10
111,982500,DR,FR,P10
111,985000,DR,FR,P10
111,987500,DR,FR,P10
111,992500,DR,FR,P10
111,995000,DR,FR,P10
111,997500,DR,FR,P10
111,1000000,DR,FR,P10
111,1005000,DR,FR,P10
111,1007500,DR,FR,P10
111,1010000,DR,FR,P10
111,1012500,DR,FR,P10
111,1015000,DR,FR,P10
111,1017500,DR,FR,P10
111,1020000,DR,FR,P10
111,1022500,DR,FR,P10
111,1025000,DR,FR,P10
111,1027500,DR,FR,P10
111,1035000,DR,FR,P10
111,1037500,DR,FR,P10
111,1040000,DR,FR,P10
111,1042500,DR,FR,P10
111,1045000,DR,FR,P10
111,1052500,DR,FR,P10
111,1055000,DR,FR,P10
111,1057500,DR,FR,P10
111,1060000,DR,FR,P10
111,1062500,DR,FR,P10
111,1067500,DR,FR,P10
111,1075000,DR,FR,P10
111,1077500,DR,FR,P10
111,1082500,DR,FR,P10
111,1087500,DR,FR,P10
111,1090000,DR,FR,P10
111,1095000,DR,FR,P10
111,1105000,DR,FR,P10
111,1107500,DR,FR,P10
111,1110000,DR,FR,P10
111,1125000,DR,FR,P10
112,2500,DR,LU,P10
112,10000,DR,LU,P10
112,12500,DR,LU,P10
112,15000,DR,LU,P10
112,17500,DR,LU,P10
112,20000,DR,LU,P10
112,22500,DR,LU,P10
112,25000,DR,LU,P10
112,32500,DR,LU,P10
112,35000,DR,LU,P10
112,42500,DR,LU,P10
112,45000,DR,LU,P10
112,47500,DR,LU,P10
112,50000,DR,LU,P10
112,52500,DR,LU,P10
112,55000,DR,LU,P10
112,60000,DR,LU,P10
112,62500,DR,LU,P10
112,70000,DR,LU,P10
112,72500,DR,LU,P10
112,75000,DR,LU,P10
112,77500,DR,LU,P10
112,80000,DR,LU,P10
112,82500,DR,LU,P10
112,85000,DR,LU,P10
112,97500,DR,LU,P10
112,127500,DR,LU,P10
112,130000,DR,LU,P10
112,132500,DR,LU,P10
112,135000,DR,LU,P10
112,137500,DR,LU,P10
112,140000,DR,LU,P10
112,145000,DR,LU,P10
112,147500,DR,LU,P10
112,150000,DR,LU,P10
112,157500,DR,LU,P10
112,160000,DR,LU,P10
112,165000,DR,LU,P10
112,167500,DR,LU,P10
112,170000,DR,LU,P10
112,172500,DR,LU,P10
112,177500,DR,LU,P10
112,187500,DR,LU,P10
112,190000,DR,LU,P10
112,192500,DR,LU,P10
112,195000,DR,LU,P10
112,197500,DR,LU,P10
112,200000,DR,LU,P10
112,205000,DR,LU,P10
112,207500,DR,LU,P10
112,212500,DR,LU,P10
112,215000,DR,LU,P10
112,220000,DR,LU,P10
112,222500,DR,LU,P10
112,225000,DR,LU,P10
112,232500,DR,LU,P10
112,235000,DR,LU,P10
112,240000,DR,LU,P10
112,242500,DR,LU,P10
112,245000,DR,LU,P10
112,267500,DR,LU,P10
112,270000,DR,LU,P10
112,272500,DR,LU,P10
112,275000,DR,LU,P10
112,277500,DR,LU,P10
112,280000,DR,LU,P10
112,282500,DR,LU,P10
112,285000,DR,LU,P10
112,290000,DR,LU,P10
112,292500,DR,LU,P10
112,295000,DR,LU,P10
112,302500,DR,LU,P10
112,312500,DR,LU,P10
112,315000,DR,LU,P10
112,337500,DR,LU,P10
112,340000,DR,LU,P10
112,342500,DR,LU,P10
112,345000,DR,LU,P10
112,347500,DR,LU,P10
112,350000,DR,LU,P10
112,352500,DR,LU,P10
112,355000,DR,LU,P10
112,357500,DR,LU,P10
112,360000,DR,LU,P10
112,362500,DR,LU,P10
112,365000,DR,LU,P10
112,367500,DR,LU,P10
112,370000,DR,LU,P10
112,372500,DR,LU,P10
112,375000,DR,LU,P10
112,377500,DR,LU,P10
112,380000,DR,LU,P10
112,382500,DR,LU,P10
112,390000,DR,LU,P10
112,392500,DR,LU,P10
112,395000,DR,LU,P10
112,397500,DR,LU,P10
112,400000,DR,LU,P10
112,402500,DR,LU,P10
112,405000,DR,LU,P10
112,415000,DR,LU,P10
112,417500,DR,LU,P10
112,420000,DR,LU,P10
112,422500,DR,LU,P10
112,425000,DR,LU,P10
112,437500,DR,LU,P10
112,440000,DR,LU,P10
112,442500,DR,LU,P10
112,445000,DR,LU,P10
112,447500,DR,LU,P10
112,462500,DR,LU,P10
112,465000,DR,LU,P10
112,467500,DR,LU,P10
112,470000,DR,LU,P10
112,472500,DR,LU,P10
112,475000,DR,LU,P10
112,477500,DR,LU,P10
112,480000,DR,LU,P10
112,482500,DR,LU,P10
112,485000,DR,LU,P10
112,495000,DR,LU,P10
112,497500,DR,LU,P10
112,500000,DR,LU,P10
112,502500,DR,LU,P10
112,505000,DR,LU,P10
112,507500,DR,LU,P10
112,517500,DR,LU,P10
112,520000,DR,LU,P10
112,522500,DR,LU,P10
112,525000,DR,LU,P10
112,527500,DR,LU,P10
112,530000,DR,LU,P10
112,557500,DR,LU,P10
112,560000,DR,LU,P10
112,562500,DR,LU,P10
112,587500,DR,LU,P10
112,590000,DR,LU,P10
112,595000,DR,LU,P10
112,597500,DR,LU,P10
112,600000,DR,LU,P10
112,602500,DR,LU,P10
112,605000,DR,LU,P10
112,607500,DR,LU,P10
112,610000,DR,LU,P10
112,617500,DR,LU,P10
112,620000,DR,LU,P10
112,622500,DR,LU,P10
112,625000,DR,LU,P10
112,627500,DR,LU,P10
112,630000,DR,LU,P10
112,632500,DR,LU,P10
112,635000,DR,LU,P10
112,637500,DR,LU,P10
112,640000,DR,LU,P10
112,645000,DR,LU,P10
112,647500,DR,LU,P10
112,650000,DR,LU,P10
112,652500,DR,LU,P10
112,655000,DR,LU,P10
112,657500,DR,LU,P10
112,660000,DR,LU,P10
112,662500,DR,LU,P10
112,665000,DR,LU,P10
112,667500,DR,LU,P10
112,670000,DR,LU,P10
112,672500,DR,LU,P10
112,675000,DR,LU,P10
112,677500,DR,LU,P10
112,680000,DR,LU,P10
112,682500,DR,LU,P10
112,685000,DR,LU,P10
112,705000,DR,LU,P10
112,725000,DR,LU,P10
112,727500,DR,LU,P10
112,735000,DR,LU,P10
112,737500,DR,LU,P10
112,747500,DR,LU,P10
112,750000,DR,LU,P10
112,752500,DR,LU,P10
112,755000,DR,LU,P10
112,767500,DR,LU,P10
112,770000,DR,LU,P10
112,772500,DR,LU,P10
112,775000,DR,LU,P10
112,777500,DR,LU,P10
112,782500,DR,LU,P10
112,785000,DR,LU,P10
112,792500,DR,LU,P10
112,795000,DR,LU,P10
112,797500,DR,LU,P10
112,802500,DR,LU,P10
112,805000,DR,LU,P10
112,807500,DR,LU,P10
112,810000,DR,LU,P10
112,812500,DR,LU,P10
112,817500,DR,LU,P10
112,820000,DR,LU,P10
112,822500,DR,LU,P10
112,825000,DR,LU,P10
112,830000,DR,LU,P10
112,835000,DR,LU,P10
112,837500,DR,LU,P10
112,840000,DR,LU,P10
112,842500,DR,LU,P10
112,845000,DR,LU,P10
112,847500,DR,LU,P10
112,857500,DR,LU,P10
112,862500,DR,LU,P10
112,865000,DR,LU,P10
112,867500,DR,LU,P10
112,870000,DR,LU,P10
112,877500,DR,LU,P10
112,880000,DR,LU,P10
112,882500,DR,LU,P10
112,887500,DR,LU,P10
112,890000,DR,LU,P10
112,892500,DR,LU,P10
112,895000,DR,LU,P10
112,897500,DR,LU,P10
112,900000,DR,LU,P10
112,902500,DR,LU,P10
112,905000,DR,LU,P10
112,907500,DR,LU,P10
112,910000,DR,LU,P10
112,912500,DR,LU,P10
112,915000,DR,LU,P10
112,917500,DR,LU,P10
112,920000,DR,LU,P10
112,922500,DR,LU,P10
112,925000,DR,LU,P10
112,927500,DR,LU,P10
112,930000,DR,LU,P10
112,932500,DR,LU,P10
112,935000,DR,LU,P10
112,937500,DR,LU,P10
112,940000,DR,LU,P10
112,942500,DR,LU,P10
112,945000,DR,LU,P10
112,960000,DR,LU,P10
112,962500,DR,LU,P10
112,965000,DR,LU,P10
112,967500,DR,LU,P10
112,970000,DR,LU,P10
112,972500,DR,LU,P10
112,975000,DR,LU,P10
112,980000,DR,LU,P10
112,985000,DR,LU,P10
112,987500,DR,LU,P10
112,990000,DR,LU,P10
112,995000,DR,LU,P10
112,997500,DR,LU,P10
112,1000000,DR,LU,P10
112,1005000,DR,LU,P10
112,1012500,DR,LU,P10
112,1015000,DR,LU,P10
112,1017500,DR,LU,P10
112,1020000,DR,LU,P10
112,1025000,DR,LU,P10
112,1027500,DR,LU,P10
112,1030000,DR,LU,P10
112,1040000,DR,LU,P10
112,1047500,DR,LU,P10
112,1050000,DR,LU,P10
112,1055000,DR,LU,P10
112,1060000,DR,LU,P10
112,1062500,DR,LU,P10
112,1077500,DR,LU,P10
112,1080000,DR,LU,P10
112,1082500,DR,LU,P10
112,1085000,DR,LU,P10
112,1090000,DR,LU,P10
112,1100000,DR,LU,P10
112,1105000,DR,LU,P10
112,1110000,DR,LU,P10
112,1115000,DR,LU,P10
112,1117500,DR,LU,P10
112,1125000,DR,LU,P10
113,5000,DR,XP,P10
113,7500,DR,XP,P10
113,10000,DR,XP,P10
113,12500,DR,XP,P10
113,17500,DR,XP,P10
113,22500,DR,XP,P10
113,47500,DR,XP,P10
113,50000,DR,XP,P10
113,72500,DR,XP,P10
113,75000,DR,XP,P10
113,80000,DR,XP,P10
113,82500,DR,XP,P10
113,85000,DR,XP,P10
113,92500,DR,XP,P10
113,95000,DR,XP,P10
113,97500,DR,XP,P10
113,107500,DR,XP,P10
113,125000,DR,XP,P10
113,127500,DR,XP,P10
113,130000,DR,XP,P10
113,132500,DR,XP,P10
113,135000,DR,XP,P10
113,140000,DR,XP,P10
113,142500,DR,XP,P10
113,157500,DR,XP,P10
113,160000,DR,XP,P10
113,172500,DR,XP,P10
113,175000,DR,XP,P10
113,177500,DR,XP,P10
113,190000,DR,XP,P10
113,192500,DR,XP,P10
113,195000,DR,XP,P10
113,207500,DR,XP,P10
113,210000,DR,XP,P10
113,212500,DR,XP,P10
113,215000,DR,XP,P10
113,227500,DR,XP,P10
113,230000,DR,XP,P10
113,232500,DR,XP,P10
113,235000,DR,XP,P10
113,237500,DR,XP,P10
113,240000,DR,XP,P10
113,242500,DR,XP,P10
113,245000,DR,XP,P10
113,292500,DR,XP,P10
113,295000,DR,XP,P10
113,302500,DR,XP,P10
113,307500,DR,XP,P10
113,315000,DR,XP,P10
113,317500,DR,XP,P10
113,320000,DR,XP,P10
113,330000,DR,XP,P10
113,332500,DR,XP,P10
113,335000,DR,XP,P10
113,337500,DR,XP,P10
113,350000,DR,XP,P10
113,360000,DR,XP,P10
113,362500,DR,XP,P10
113,365000,DR,XP,P10
113,372500,DR,XP,P10
113,385000,DR,XP,P10
113,390000,DR,XP,P10
113,392500,DR,XP,P10
113,395000,DR,XP,P10
113,397500,DR,XP,P10
113,400000,DR,XP,P10
113,402500,DR,XP,P10
113,405000,DR,XP,P10
113,417500,DR,XP,P10
113,427500,DR,XP,P10
113,440000,DR,XP,P10
113,442500,DR,XP,P10
113,445000,DR,XP,P10
113,465000,DR,XP,P10
113,467500,DR,XP,P10
113,470000,DR,XP,P10
113,472500,DR,XP,P10
113,475000,DR,XP,P10
113,477500,DR,XP,P10
113,480000,DR,XP,P10
113,482500,DR,XP,P10
113,490000,DR,XP,P10
113,492500,DR,XP,P10
113,495000,DR,XP,P10
113,510000,DR,XP,P10
113,512500,DR,XP,P10
113,535000,DR,XP,P10
113,537500,DR,XP,P10
113,540000,DR,XP,P10
113,552500,DR,XP,P10
113,555000,DR,XP,P10
113,557500,DR,XP,P10
113,560000,DR,XP,P10
113,580000,DR,XP,P10
113,582500,DR,XP,P10
113,585000,DR,XP,P10
113,595000,DR,XP,P10
113,597500,DR,XP,P10
113,600000,DR,XP,P10
113,602500,DR,XP,P10
113,605000,DR,XP,P10
113,607500,DR,XP,P10
113,610000,DR,XP,P10
113,612500,DR,XP,P10
113,615000,DR,XP,P10
113,620000,DR,XP,P10
113,622500,DR,XP,P10
113,635000,DR,XP,P10
113,637500,DR,XP,P10
113,640000,DR,XP,P10
113,642500,DR,XP,P10
113,662500,DR,XP,P10
113,665000,DR,XP,P10
113,672500,DR,XP,P10
113,685000,DR,XP,P10
113,687500,DR,XP,P10
113,697500,DR,XP,P10
113,700000,DR,XP,P10
113,727500,DR,XP,P10
113,730000,DR,XP,P10
113,737500,DR,XP,P10
113,740000,DR,XP,P10
113,742500,DR,XP,P10
113,757500,DR,XP,P10
113,765000,DR,XP,P10
113,767500,DR,XP,P10
113,770000,DR,XP,P10
113,777500,DR,XP,P10
113,785000,DR,XP,P10
113,787500,DR,XP,P10
113,790000,DR,XP,P10
113,792500,DR,XP,P10
113,795000,DR,XP,P10
113,797500,DR,XP,P10
113,805000,DR,XP,P10
113,807500,DR,XP,P10
113,812500,DR,XP,P10
113,822500,DR,XP,P10
113,825000,DR,XP,P10
113,827500,DR,XP,P10
113,830000,DR,XP,P10
113,835000,DR,XP,P10
113,837500,DR,XP,P10
113,840000,DR,XP,P10
113,845000,DR,XP,P10
113,847500,DR,XP,P10
113,850000,DR,XP,P10
113,852500,DR,XP,P10
113,862500,DR,XP,P10
113,875000,DR,XP,P10
113,880000,DR,XP,P10
113,882500,DR,XP,P10
113,885000,DR,XP,P10
113,887500,DR,XP,P10
113,890000,DR,XP,P10
113,892500,DR,XP,P10
113,895000,DR,XP,P10
113,897500,DR,XP,P10
113,900000,DR,XP,P10
113,902500,DR,XP,P10
113,905000,DR,XP,P10
113,907500,DR,XP,P10
113,910000,DR,XP,P10
113,912500,DR,XP,P10
113,915000,DR,XP,P10
113,917500,DR,XP,P10
113,920000,DR,XP,P10
113,922500,DR,XP,P10
113,925000,DR,XP,P10
113,927500,DR,XP,P10
113,930000,DR,XP,P10
113,932500,DR,XP,P10
113,935000,DR,XP,P10
113,937500,DR,XP,P10
113,940000,DR,XP,P10
113,942500,DR,XP,P10
113,945000,DR,XP,P10
113,947500,DR,XP,P10
113,952500,DR,XP,P10
113,955000,DR,XP,P10
113,957500,DR,XP,P10
113,960000,DR,XP,P10
113,962500,DR,XP,P10
113,965000,DR,XP,P10
113,967500,DR,XP,P10
113,970000,DR,XP,P10
113,972500,DR,XP,P10
113,975000,DR,XP,P10
113,977500,DR,XP,P10
113,980000,DR,XP,P10
113,982500,DR,XP,P10
113,985000,DR,XP,P10
113,987500,DR,XP,P10
113,990000,DR,XP,P10
113,992500,DR,XP,P10
113,995000,DR,XP,P10
113,997500,DR,XP,P10
113,1000000,DR,XP,P10
113,1002500,DR,XP,P10
113,1005000,DR,XP,P10
113,1007500,DR,XP,P10
113,1010000,DR,XP,P10
113,1012500,DR,XP,P10
113,1015000,DR,XP,P10
113,1017500,DR,XP,P10
113,1020000,DR,XP,P10
113,1022500,DR,XP,P10
113,1025000,DR,XP,P10
113,1027500,DR,XP,P10
113,1030000,DR,XP,P10
113,1032500,DR,XP,P10
113,1035000,DR,XP,P10
113,1037500,DR,XP,P10
113,1040000,DR,XP,P10
113,1042500,DR,XP,P10
113,1045000,DR,XP,P10
113,1047500,DR,XP,P10
113,1050000,DR,XP,P10
113,1052500,DR,XP,P10
113,1060000,DR,XP,P10
113,1062500,DR,XP,P10
113,1065000,DR,XP,P10
113,1080000,DR,XP,P10
113,1082500,DR,XP,P10
113,1085000,DR,XP,P10
113,1090000,DR,XP,P10
113,1095000,DR,XP,P10
113,1097500,DR,XP,P10
113,1100000,DR,XP,P10
113,1102500,DR,XP,P10
113,1105000,DR,XP,P10
113,1107500,DR,XP,P10
113,1110000,DR,XP,P10
113,1112500,DR,XP,P10
113,1115000,DR,XP,P10
113,1117500,DR,XP,P10
113,1120000,DR,XP,P10
113,1122500,DR,XP,P10
113,1125000,DR,XP,P10
114,0,UL,FR,P10
114,5000,UL,FR,P10
114,7500,UL,FR,P10
114,10000,UL,FR,P10
114,12500,UL,FR,P10
114,15000,UL,FR,P10
114,20000,UL,FR,P10
114,22500,UL,FR,P10
114,35000,UL,FR,P10
114,50000,UL,FR,P10
114,57500,UL,FR,P10
114,100000,UL,FR,P10
114,102500,UL,FR,P10
114,107500,UL,FR,P10
114,127500,UL,FR,P10
114,150000,UL,FR,P10
114,157500,UL,FR,P10
114,160000,UL,FR,P10
114,167500,UL,FR,P10
114,170000,UL,FR,P10
114,177500,UL,FR,P10
114,190000,UL,FR,P10
114,192500,UL,FR,P10
114,195000,UL,FR,P10
114,197500,UL,FR,P10
114,205000,UL,FR,P10
114,207500,UL,FR,P10
114,210000,UL,FR,P10
114,212500,UL,FR,P10
114,215000,UL,FR,P10
114,217500,UL,FR,P10
114,220000,UL,FR,P10
114,227500,UL,FR,P10
114,230000,UL,FR,P10
114,232500,UL,FR,P10
114,235000,UL,FR,P10
114,237500,UL,FR,P10
114,240000,UL,FR,P10
114,242500,UL,FR,P10
114,245000,UL,FR,P10
114,252500,UL,FR,P10
114,255000,UL,FR,P10
114,257500,UL,FR,P10
114,260000,UL,FR,P10
114,262500,UL,FR,P10
114,265000,UL,FR,P10
114,267500,UL,FR,P10
114,270000,UL,FR,P10
114,272500,UL,FR,P10
114,275000,UL,FR,P10
114,277500,UL,FR,P10
114,280000,UL,FR,P10
114,285000,UL,FR,P10
114,287500,UL,FR,P10
114,290000,UL,FR,P10
114,292500,UL,FR,P10
114,295000,UL,FR,P10
114,297500,UL,FR,P10
114,300000,UL,FR,P10
114,302500,UL,FR,P10
114,305000,UL,FR,P10
114,307500,UL,FR,P10
114,310000,UL,FR,P10
114,312500,UL,FR,P10
114,315000,UL,FR,P10
114,317500,UL,FR,P10
114,320000,UL,FR,P10
114,322500,UL,FR,P10
114,325000,UL,FR,P10
114,327500,UL,FR,P10
114,330000,UL,FR,P10
114,332500,UL,FR,P10
114,335000,UL,FR,P10
114,337500,UL,FR,P10
114,340000,UL,FR,P10
114,350000,UL,FR,P10
114,352500,UL,FR,P10
114,355000,UL,FR,P10
114,360000,UL,FR,P10
114,362500,UL,FR,P10
114,365000,UL,FR,P10
114,367500,UL,FR,P10
114,375000,UL,FR,P10
114,377500,UL,FR,P10
114,380000,UL,FR,P10
114,382500,UL,FR,P10
114,385000,UL,FR,P10
114,410000,UL,FR,P10
114,412500,UL,FR,P10
114,415000,UL,FR,P10
114,417500,UL,FR,P10
114,420000,UL,FR,P10
114,422500,UL,FR,P10
114,450000,UL,FR,P10
114,452500,UL,FR,P10
114,457500,UL,FR,P10
114,460000,UL,FR,P10
114,480000,UL,FR,P10
114,482500,UL,FR,P10
114,485000,UL,FR,P10
114,490000,UL,FR,P10
114,492500,UL,FR,P10
114,495000,UL,FR,P10
114,497500,UL,FR,P10
114,500000,UL,FR,P10
114,502500,UL,FR,P10
114,510000,UL,FR,P10
114,512500,UL,FR,P10
114,515000,UL,FR,P10
114,517500,UL,FR,P10
114,520000,UL,FR,P10
114,522500,UL,FR,P10
114,525000,UL,FR,P10
114,527500,UL,FR,P10
114,535000,UL,FR,P10
114,537500,UL,FR,P10
114,540000,UL,FR,P10
114,552500,UL,FR,P10
114,555000,UL,FR,P10
114,557500,UL,FR,P10
114,560000,UL,FR,P10
114,562500,UL,FR,P10
114,580000,UL,FR,P10
114,582500,UL,FR,P10
114,587500,UL,FR,P10
114,590000,UL,FR,P10
114,592500,UL,FR,P10
114,595000,UL,FR,P10
114,612500,UL,FR,P10
114,615000,UL,FR,P10
114,620000,UL,FR,P10
114,640000,UL,FR,P10
114,642500,UL,FR,P10
114,645000,UL,FR,P10
114,647500,UL,FR,P10
114,655000,UL,FR,P10
114,657500,UL,FR,P10
114,660000,UL,FR,P10
114,662500,UL,FR,P10
114,665000,UL,FR,P10
114,667500,UL,FR,P10
114,672500,UL,FR,P10
114,675000,UL,FR,P10
114,677500,UL,FR,P10
114,680000,UL,FR,P10
114,682500,UL,FR,P10
114,685000,UL,FR,P10
114,687500,UL,FR,P10
114,690000,UL,FR,P10
114,692500,UL,FR,P10
114,695000,UL,FR,P10
114,697500,UL,FR,P10
114,712500,UL,FR,P10
114,717500,UL,FR,P10
114,720000,UL,FR,P10
114,730000,UL,FR,P10
114,737500,UL,FR,P10
114,740000,UL,FR,P10
114,742500,UL,FR,P10
114,745000,UL,FR,P10
114,747500,UL,FR,P10
114,757500,UL,FR,P10
114,760000,UL,FR,P10
114,762500,UL,FR,P10
114,785000,UL,FR,P10
114,830000,UL,FR,P10
114,837500,UL,FR,P10
114,847500,UL,FR,P10
114,850000,UL,FR,P10
114,880000,UL,FR,P10
114,885000,UL,FR,P10
114,950000,UL,FR,P10
114,1000000,UL,FR,P10
114,1010000,UL,FR,P10
114,1020000,UL,FR,P10
114,1030000,UL,FR,P10
114,1032500,UL,FR,P10
114,1035000,UL,FR,P10
114,1037500,UL,FR,P10
114,1045000,UL,FR,P10
114,1047500,UL,FR,P10
114,1050000,UL,FR,P10
114,1052500,UL,FR,P10
114,1062500,UL,FR,P10
114,1085000,UL,FR,P10
114,1090000,UL,FR,P10
114,1100000,UL,FR,P10
114,1102500,UL,FR,P10
114,1115000,UL,FR,P10
114,1117500,UL,FR,P10
114,1120000,UL,FR,P10
114,1125000,UL,FR,P10
115,12500,UL,LU,P10
115,15000,UL,LU,P10
115,17500,UL,LU,P10
115,22500,UL,LU,P10
115,40000,UL,LU,P10
115,70000,UL,LU,P10
115,80000,UL,LU,P10
115,95000,UL,LU,P10
115,97500,UL,LU,P10
115,110000,UL,LU,P10
115,197500,UL,LU,P10
115,200000,UL,LU,P10
115,245000,UL,LU,P10
115,247500,UL,LU,P10
115,255000,UL,LU,P10
115,257500,UL,LU,P10
115,275000,UL,LU,P10
115,282500,UL,LU,P10
115,287500,UL,LU,P10
115,290000,UL,LU,P10
115,297500,UL,LU,P10
115,322500,UL,LU,P10
115,335000,UL,LU,P10
115,337500,UL,LU,P10
115,355000,UL,LU,P10
115,357500,UL,LU,P10
115,362500,UL,LU,P10
115,365000,UL,LU,P10
115,367500,UL,LU,P10
115,370000,UL,LU,P10
115,372500,UL,LU,P10
115,375000,UL,LU,P10
115,377500,UL,LU,P10
115,380000,UL,LU,P10
115,417500,UL,LU,P10
115,420000,UL,LU,P10
115,425000,UL,LU,P10
115,427500,UL,LU,P10
115,430000,UL,LU,P10
115,432500,UL,LU,P10
115,435000,UL,LU,P10
115,437500,UL,LU,P10
115,452500,UL,LU,P10
115,455000,UL,LU,P10
115,492500,UL,LU,P10
115,495000,UL,LU,P10
115,502500,UL,LU,P10
115,505000,UL,LU,P10
115,507500,UL,LU,P10
115,510000,UL,LU,P10
115,512500,UL,LU,P10
115,520000,UL,LU,P10
115,522500,UL,LU,P10
115,525000,UL,LU,P10
115,527500,UL,LU,P10
115,530000,UL,LU,P10
115,532500,UL,LU,P10
115,537500,UL,LU,P10
115,540000,UL,LU,P10
115,547500,UL,LU,P10
115,550000,UL,LU,P10
115,562500,UL,LU,P10
115,570000,UL,LU,P10
115,572500,UL,LU,P10
115,575000,UL,LU,P10
115,577500,UL,LU,P10
115,580000,UL,LU,P10
115,582500,UL,LU,P10
115,585000,UL,LU,P10
115,592500,UL,LU,P10
115,595000,UL,LU,P10
115,620000,UL,LU,P10
115,622500,UL,LU,P10
115,625000,UL,LU,P10
115,627500,UL,LU,P10
115,630000,UL,LU,P10
115,632500,UL,LU,P10
115,635000,UL,LU,P10
115,650000,UL,LU,P10
115,652500,UL,LU,P10
115,655000,UL,LU,P10
115,657500,UL,LU,P10
115,660000,UL,LU,P10
115,662500,UL,LU,P10
115,665000,UL,LU,P10
115,667500,UL,LU,P10
115,670000,UL,LU,P10
115,672500,UL,LU,P10
115,677500,UL,LU,P10
115,752500,UL,LU,P10
115,755000,UL,LU,P10
115,757500,UL,LU,P10
115,767500,UL,LU,P10
115,805000,UL,LU,P10
115,810000,UL,LU,P10
115,812500,UL,LU,P10
115,825000,UL,LU,P10
115,857500,UL,LU,P10
115,882500,UL,LU,P10
115,910000,UL,LU,P10
115,915000,UL,LU,P10
115,917500,UL,LU,P10
115,920000,UL,LU,P10
115,930000,UL,LU,P10
115,932500,UL,LU,P10
115,940000,UL,LU,P10
115,972500,UL,LU,P10
115,1010000,UL,LU,P10
115,1015000,UL,LU,P10
115,1017500,UL,LU,P10
115,1020000,UL,LU,P10
115,1022500,UL,LU,P10
115,1027500,UL,LU,P10
115,1035000,UL,LU,P10
115,1095000,UL,LU,P10
115,1125000,UL,LU,P10
116,0,UL,XP,P10
116,2500,UL,XP,P10
116,5000,UL,XP,P10
116,7500,UL,XP,P10
116,10000,UL,XP,P10
116,12500,UL,XP,P10
116,15000,UL,XP,P10
116,20000,UL,XP,P10
116,22500,UL,XP,P10
116,25000,UL,XP,P10
116,27500,UL,XP,P10
116,30000,UL,XP,P10
116,35000,UL,XP,P10
116,37500,UL,XP,P10
116,42500,UL,XP,P10
116,52500,UL,XP,P10
116,55000,UL,XP,P10
116,57500,UL,XP,P10
116,67500,UL,XP,P10
116,82500,UL,XP,P10
116,87500,UL,XP,P10
116,90000,UL,XP,P10
116,97500,UL,XP,P10
116,100000,UL,XP,P10
116,102500,UL,XP,P10
116,105000,UL,XP,P10
116,107500,UL,XP,P10
116,110000,UL,XP,P10
116,112500,UL,XP,P10
116,115000,UL,XP,P10
116,127500,UL,XP,P10
116,142500,UL,XP,P10
116,150000,UL,XP,P10
116,152500,UL,XP,P10
116,155000,UL,XP,P10
116,157500,UL,XP,P10
116,160000,UL,XP,P10
116,162500,UL,XP,P10
116,165000,UL,XP,P10
116,167500,UL,XP,P10
116,172500,UL,XP,P10
116,175000,UL,XP,P10
116,177500,UL,XP,P10
116,180000,UL,XP,P10
116,182500,UL,XP,P10
116,185000,UL,XP,P10
116,190000,UL,XP,P10
116,192500,UL,XP,P10
116,197500,UL,XP,P10
116,200000,UL,XP,P10
116,202500,UL,XP,P10
116,205000,UL,XP,P10
116,207500,UL,XP,P10
116,210000,UL,XP,P10
116,212500,UL,XP,P10
116,215000,UL,XP,P10
116,217500,UL,XP,P10
116,220000,UL,XP,P10
116,222500,UL,XP,P10
116,225000,UL,XP,P10
116,227500,UL,XP,P10
116,230000,UL,XP,P10
116,232500,UL,XP,P10
116,235000,UL,XP,P10
116,237500,UL,XP,P10
116,240000,UL,XP,P10
116,242500,UL,XP,P10
116,245000,UL,XP,P10
116,247500,UL,XP,P10
116,250000,UL,XP,P10
116,252500,UL,XP,P10
116,255000,UL,XP,P10
116,257500,UL,XP,P10
116,260000,UL,XP,P10
116,262500,UL,XP,P10
116,265000,UL,XP,P10
116,267500,UL,XP,P10
116,270000,UL,XP,P10
116,272500,UL,XP,P10
116,275000,UL,XP,P10
116,277500,UL,XP,P10
116,280000,UL,XP,P10
116,282500,UL,XP,P10
116,285000,UL,XP,P10
116,287500,UL,XP,P10
116,290000,UL,XP,P10
116,292500,UL,XP,P10
116,295000,UL,XP,P10
116,297500,UL,XP,P10
116,300000,UL,XP,P10
116,302500,UL,XP,P10
116,305000,UL,XP,P10
116,307500,UL,XP,P10
116,310000,UL,XP,P10
116,315000,UL,XP,P10
116,317500,UL,XP,P10
116,320000,UL,XP,P10
116,322500,UL,XP,P10
116,325000,UL,XP,P10
116,327500,UL,XP,P10
116,330000,UL,XP,P10
116,332500,UL,XP,P10
116,335000,UL,XP,P10
116,337500,UL,XP,P10
116,340000,UL,XP,P10
116,342500,UL,XP,P10
116,345000,UL,XP,P10
116,347500,UL,XP,P10
116,350000,UL,XP,P10
116,352500,UL,XP,P10
116,357500,UL,XP,P10
116,360000,UL,XP,P10
116,362500,UL,XP,P10
116,365000,UL,XP,P10
116,367500,UL,XP,P10
116,377500,UL,XP,P10
116,380000,UL,XP,P10
116,382500,UL,XP,P10
116,385000,UL,XP,P10
116,387500,UL,XP,P10
116,390000,UL,XP,P10
116,392500,UL,XP,P10
116,395000,UL,XP,P10
116,400000,UL,XP,P10
116,402500,UL,XP,P10
116,405000,UL,XP,P10
116,407500,UL,XP,P10
116,410000,UL,XP,P10
116,415000,UL,XP,P10
116,417500,UL,XP,P10
116,420000,UL,XP,P10
116,422500,UL,XP,P10
116,447500,UL,XP,P10
116,450000,UL,XP,P10
116,452500,UL,XP,P10
116,455000,UL,XP,P10
116,457500,UL,XP,P10
116,460000,UL,XP,P10
116,482500,UL,XP,P10
116,485000,UL,XP,P10
116,492500,UL,XP,P10
116,495000,UL,XP,P10
116,497500,UL,XP,P10
116,500000,UL,XP,P10
116,510000,UL,XP,P10
116,512500,UL,XP,P10
116,515000,UL,XP,P10
116,517500,UL,XP,P10
116,520000,UL,XP,P10
116,522500,UL,XP,P10
116,525000,UL,XP,P10
116,527500,UL,XP,P10
116,530000,UL,XP,P10
116,532500,UL,XP,P10
116,535000,UL,XP,P10
116,542500,UL,XP,P10
116,545000,UL,XP,P10
116,547500,UL,XP,P10
116,550000,UL,XP,P10
116,552500,UL,XP,P10
116,555000,UL,XP,P10
116,557500,UL,XP,P10
116,560000,UL,XP,P10
116,562500,UL,XP,P10
116,565000,UL,XP,P10
116,567500,UL,XP,P10
116,570000,UL,XP,P10
116,572500,UL,XP,P10
116,575000,UL,XP,P10
116,577500,UL,XP,P10
116,580000,UL,XP,P10
116,587500,UL,XP,P10
116,590000,UL,XP,P10
116,597500,UL,XP,P10
116,617500,UL,XP,P10
116,620000,UL,XP,P10
116,640000,UL,XP,P10
116,642500,UL,XP,P10
116,645000,UL,XP,P10
116,647500,UL,XP,P10
116,650000,UL,XP,P10
116,652500,UL,XP,P10
116,655000,UL,XP,P10
116,657500,UL,XP,P10
116,660000,UL,XP,P10
116,662500,UL,XP,P10
116,665000,UL,XP,P10
116,667500,UL,XP,P10
116,670000,UL,XP,P10
116,675000,UL,XP,P10
116,677500,UL,XP,P10
116,680000,UL,XP,P10
116,682500,UL,XP,P10
116,685000,UL,XP,P10
116,687500,UL,XP,P10
116,690000,UL,XP,P10
116,692500,UL,XP,P10
116,695000,UL,XP,P10
116,697500,UL,XP,P10
116,700000,UL,XP,P10
116,707500,UL,XP,P10
116,710000,UL,XP,P10
116,712500,UL,XP,P10
116,715000,UL,XP,P10
116,717500,UL,XP,P10
116,720000,UL,XP,P10
116,722500,UL,XP,P10
116,725000,UL,XP,P10
116,727500,UL,XP,P10
116,732500,UL,XP,P10
116,735000,UL,XP,P10
116,737500,UL,XP,P10
116,740000,UL,XP,P10
116,742500,UL,XP,P10
116,745000,UL,XP,P10
116,747500,UL,XP,P10
116,752500,UL,XP,P10
116,755000,UL,XP,P10
116,757500,UL,XP,P10
116,760000,UL,XP,P10
116,762500,UL,XP,P10
116,765000,UL,XP,P10
116,785000,UL,XP,P10
116,800000,UL,XP,P10
116,832500,UL,XP,P10
116,870000,UL,XP,P10
116,872500,UL,XP,P10
116,880000,UL,XP,P10
116,882500,UL,XP,P10
116,910000,UL,XP,P10
116,912500,UL,XP,P10
116,915000,UL,XP,P10
116,922500,UL,XP,P10
116,925000,UL,XP,P10
116,927500,UL,XP,P10
116,930000,UL,XP,P10
116,932500,UL,XP,P10
116,937500,UL,XP,P10
116,940000,UL,XP,P10
116,942500,UL,XP,P10
116,945000,UL,XP,P10
116,947500,UL,XP,P10
116,950000,UL,XP,P10
116,957500,UL,XP,P10
116,960000,UL,XP,P10
116,990000,UL,XP,P10
116,992500,UL,XP,P10
116,995000,UL,XP,P10
116,997500,UL,XP,P10
116,1000000,UL,XP,P10
116,1002500,UL,XP,P10
116,1007500,UL,XP,P10
116,1010000,UL,XP,P10
116,1012500,UL,XP,P10
116,1015000,UL,XP,P10
116,1017500,UL,XP,P10
116,1020000,UL,XP,P10
116,1022500,UL,XP,P10
116,1025000,UL,XP,P10
116,1027500,UL,XP,P10
116,1032500,UL,XP,P10
116,1035000,UL,XP,P10
116,1037500,UL,XP,P10
116,1040000,UL,XP,P10
116,1042500,UL,XP,P10
116,1045000,UL,XP,P10
116,1047500,UL,XP,P10
116,1050000,UL,XP,P10
116,1052500,UL,XP,P10
116,1055000,UL,XP,P10
116,1057500,UL,XP,P10
116,1060000,UL,XP,P10
116,1062500,UL,XP,P10
116,1065000,UL,XP,P10
116,1067500,UL,XP,P10
116,1075000,UL,XP,P10
116,1077500,UL,XP,P10
116,1080000,UL,XP,P10
116,1082500,UL,XP,P10
116,1085000,UL,XP,P10
116,1087500,UL,XP,P10
116,1090000,UL,XP,P10
116,1092500,UL,XP,P10
116,1095000,UL,XP,P10
116,1097500,UL,XP,P10
116,1102500,UL,XP,P10
116,1105000,UL,XP,P10
116,1107500,UL,XP,P10
116,1110000,UL,XP,P10
116,1112500,UL,XP,P10
116,1115000,UL,XP,P10
116,1117500,UL,XP,P10
116,1120000,UL,XP,P10
116,1122500,UL,XP,P10
116,1125000,UL,XP,P10
117,5000,UR,FR,P10
117,12500,UR,FR,P10
117,22500,UR,FR,P10
117,25000,UR,FR,P10
117,27500,UR,FR,P10
117,32500,UR,FR,P10
117,35000,UR,FR,P10
117,40000,UR,FR,P10
117,57500,UR,FR,P10
117,100000,UR,FR,P10
117,102500,UR,FR,P10
117,107500,UR,FR,P10
117,110000,UR,FR,P10
117,127500,UR,FR,P10
117,150000,UR,FR,P10
117,157500,UR,FR,P10
117,160000,UR,FR,P10
117,167500,UR,FR,P10
117,170000,UR,FR,P10
117,172500,UR,FR,P10
117,175000,UR,FR,P10
117,177500,UR,FR,P10
117,180000,UR,FR,P10
117,190000,UR,FR,P10
117,192500,UR,FR,P10
117,195000,UR,FR,P10
117,197500,UR,FR,P10
117,200000,UR,FR,P10
117,205000,UR,FR,P10
117,207500,UR,FR,P10
117,210000,UR,FR,P10
117,212500,UR,FR,P10
117,215000,UR,FR,P10
117,217500,UR,FR,P10
117,220000,UR,FR,P10
117,227500,UR,FR,P10
117,230000,UR,FR,P10
117,232500,UR,FR,P10
117,235000,UR,FR,P10
117,237500,UR,FR,P10
117,240000,UR,FR,P10
117,242500,UR,FR,P10
117,245000,UR,FR,P10
117,247500,UR,FR,P10
117,252500,UR,FR,P10
117,255000,UR,FR,P10
117,257500,UR,FR,P10
117,260000,UR,FR,P10
117,262500,UR,FR,P10
117,265000,UR,FR,P10
117,267500,UR,FR,P10
117,270000,UR,FR,P10
117,272500,UR,FR,P10
117,275000,UR,FR,P10
117,277500,UR,FR,P10
117,280000,UR,FR,P10
117,282500,UR,FR,P10
117,285000,UR,FR,P10
117,287500,UR,FR,P10
117,290000,UR,FR,P10
117,292500,UR,FR,P10
117,295000,UR,FR,P10
117,297500,UR,FR,P10
117,302500,UR,FR,P10
117,305000,UR,FR,P10
117,307500,UR,FR,P10
117,310000,UR,FR,P10
117,312500,UR,FR,P10
117,315000,UR,FR,P10
117,317500,UR,FR,P10
117,320000,UR,FR,P10
117,322500,UR,FR,P10
117,325000,UR,FR,P10
117,327500,UR,FR,P10
117,330000,UR,FR,P10
117,332500,UR,FR,P10
117,335000,UR,FR,P10
117,337500,UR,FR,P10
117,340000,UR,FR,P10
117,342500,UR,FR,P10
117,345000,UR,FR,P10
117,347500,UR,FR,P10
117,350000,UR,FR,P10
117,352500,UR,FR,P10
117,355000,UR,FR,P10
117,357500,UR,FR,P10
117,360000,UR,FR,P10
117,362500,UR,FR,P10
117,365000,UR,FR,P10
117,367500,UR,FR,P10
117,377500,UR,FR,P10
117,380000,UR,FR,P10
117,382500,UR,FR,P10
117,385000,UR,FR,P10
117,387500,UR,FR,P10
117,410000,UR,FR,P10
117,412500,UR,FR,P10
117,420000,UR,FR,P10
117,437500,UR,FR,P10
117,450000,UR,FR,P10
117,460000,UR,FR,P10
117,480000,UR,FR,P10
117,482500,UR,FR,P10
117,485000,UR,FR,P10
117,487500,UR,FR,P10
117,490000,UR,FR,P10
117,492500,UR,FR,P10
117,495000,UR,FR,P10
117,497500,UR,FR,P10
117,500000,UR,FR,P10
117,505000,UR,FR,P10
117,510000,UR,FR,P10
117,512500,UR,FR,P10
117,515000,UR,FR,P10
117,517500,UR,FR,P10
117,522500,UR,FR,P10
117,525000,UR,FR,P10
117,527500,UR,FR,P10
117,530000,UR,FR,P10
117,532500,UR,FR,P10
117,535000,UR,FR,P10
117,537500,UR,FR,P10
117,540000,UR,FR,P10
117,545000,UR,FR,P10
117,547500,UR,FR,P10
117,550000,UR,FR,P10
117,552500,UR,FR,P10
117,555000,UR,FR,P10
117,557500,UR,FR,P10
117,560000,UR,FR,P10
117,562500,UR,FR,P10
117,570000,UR,FR,P10
117,572500,UR,FR,P10
117,575000,UR,FR,P10
117,580000,UR,FR,P10
117,582500,UR,FR,P10
117,587500,UR,FR,P10
117,595000,UR,FR,P10
117,597500,UR,FR,P10
117,612500,UR,FR,P10
117,617500,UR,FR,P10
117,620000,UR,FR,P10
117,625000,UR,FR,P10
117,627500,UR,FR,P10
117,630000,UR,FR,P10
117,632500,UR,FR,P10
117,642500,UR,FR,P10
117,645000,UR,FR,P10
117,647500,UR,FR,P10
117,650000,UR,FR,P10
117,652500,UR,FR,P10
117,655000,UR,FR,P10
117,662500,UR,FR,P10
117,665000,UR,FR,P10
117,667500,UR,FR,P10
117,675000,UR,FR,P10
117,677500,UR,FR,P10
117,680000,UR,FR,P10
117,682500,UR,FR,P10
117,685000,UR,FR,P10
117,687500,UR,FR,P10
117,690000,UR,FR,P10
117,695000,UR,FR,P10
117,697500,UR,FR,P10
117,700000,UR,FR,P10
117,710000,UR,FR,P10
117,717500,UR,FR,P10
117,735000,UR,FR,P10
117,737500,UR,FR,P10
117,740000,UR,FR,P10
117,742500,UR,FR,P10
117,750000,UR,FR,P10
117,752500,UR,FR,P10
117,755000,UR,FR,P10
117,757500,UR,FR,P10
117,762500,UR,FR,P10
117,785000,UR,FR,P10
117,797500,UR,FR,P10
117,800000,UR,FR,P10
117,820000,UR,FR,P10
117,847500,UR,FR,P10
117,857500,UR,FR,P10
117,860000,UR,FR,P10
117,862500,UR,FR,P10
117,880000,UR,FR,P10
117,882500,UR,FR,P10
117,885000,UR,FR,P10
117,932500,UR,FR,P10
117,940000,UR,FR,P10
117,942500,UR,FR,P10
117,950000,UR,FR,P10
117,957500,UR,FR,P10
117,960000,UR,FR,P10
117,990000,UR,FR,P10
117,1000000,UR,FR,P10
117,1007500,UR,FR,P10
117,1010000,UR,FR,P10
117,1020000,UR,FR,P10
117,1022500,UR,FR,P10
117,1025000,UR,FR,P10
117,1027500,UR,FR,P10
117,1030000,UR,FR,P10
117,1032500,UR,FR,P10
117,1035000,UR,FR,P10
117,1037500,UR,FR,P10
117,1047500,UR,FR,P10
117,1050000,UR,FR,P10
117,1052500,UR,FR,P10
117,1055000,UR,FR,P10
117,1057500,UR,FR,P10
117,1060000,UR,FR,P10
117,1065000,UR,FR,P10
117,1067500,UR,FR,P10
117,1075000,UR,FR,P10
117,1082500,UR,FR,P10
117,1085000,UR,FR,P10
117,1100000,UR,FR,P10
117,1107500,UR,FR,P10
117,1115000,UR,FR,P10
117,1117500,UR,FR,P10
117,1120000,UR,FR,P10
117,1125000,UR,FR,P10
118,22500,UR,LU,P10
118,35000,UR,LU,P10
118,47500,UR,LU,P10
118,80000,UR,LU,P10
118,100000,UR,LU,P10
118,105000,UR,LU,P10
118,175000,UR,LU,P10
118,197500,UR,LU,P10
118,200000,UR,LU,P10
118,212500,UR,LU,P10
118,215000,UR,LU,P10
118,225000,UR,LU,P10
118,227500,UR,LU,P10
118,235000,UR,LU,P10
118,242500,UR,LU,P10
118,245000,UR,LU,P10
118,247500,UR,LU,P10
118,250000,UR,LU,P10
118,252500,UR,LU,P10
118,260000,UR,LU,P10
118,262500,UR,LU,P10
118,265000,UR,LU,P10
118,267500,UR,LU,P10
118,270000,UR,LU,P10
118,272500,UR,LU,P10
118,275000,UR,LU,P10
118,277500,UR,LU,P10
118,280000,UR,LU,P10
118,282500,UR,LU,P10
118,285000,UR,LU,P10
118,287500,UR,LU,P10
118,290000,UR,LU,P10
118,292500,UR,LU,P10
118,295000,UR,LU,P10
118,297500,UR,LU,P10
118,300000,UR,LU,P10
118,305000,UR,LU,P10
118,307500,UR,LU,P10
118,315000,UR,LU,P10
118,317500,UR,LU,P10
118,320000,UR,LU,P10
118,322500,UR,LU,P10
118,325000,UR,LU,P10
118,330000,UR,LU,P10
118,332500,UR,LU,P10
118,335000,UR,LU,P10
118,337500,UR,LU,P10
118,340000,UR,LU,P10
118,342500,UR,LU,P10
118,345000,UR,LU,P10
118,347500,UR,LU,P10
118,350000,UR,LU,P10
118,352500,UR,LU,P10
118,365000,UR,LU,P10
118,377500,UR,LU,P10
118,380000,UR,LU,P10
118,390000,UR,LU,P10
118,410000,UR,LU,P10
118,412500,UR,LU,P10
118,415000,UR,LU,P10
118,420000,UR,LU,P10
118,422500,UR,LU,P10
118,450000,UR,LU,P10
118,457500,UR,LU,P10
118,482500,UR,LU,P10
118,485000,UR,LU,P10
118,497500,UR,LU,P10
118,500000,UR,LU,P10
118,517500,UR,LU,P10
118,540000,UR,LU,P10
118,552500,UR,LU,P10
118,555000,UR,LU,P10
118,557500,UR,LU,P10
118,560000,UR,LU,P10
118,562500,UR,LU,P10
118,620000,UR,LU,P10
118,622500,UR,LU,P10
118,625000,UR,LU,P10
118,627500,UR,LU,P10
118,630000,UR,LU,P10
118,632500,UR,LU,P10
118,635000,UR,LU,P10
118,640000,UR,LU,P10
118,642500,UR,LU,P10
118,662500,UR,LU,P10
118,672500,UR,LU,P10
118,687500,UR,LU,P10
118,690000,UR,LU,P10
118,697500,UR,LU,P10
118,767500,UR,LU,P10
118,857500,UR,LU,P10
118,882500,UR,LU,P10
118,920000,UR,LU,P10
118,930000,UR,LU,P10
118,947500,UR,LU,P10
118,1000000,UR,LU,P10
118,1010000,UR,LU,P10
118,1015000,UR,LU,P10
118,1017500,UR,LU,P10
118,1020000,UR,LU,P10
118,1022500,UR,LU,P10
118,1027500,UR,LU,P10
118,1035000,UR,LU,P10
118,1075000,UR,LU,P10
118,1077500,UR,LU,P10
118,1085000,UR,LU,P10
118,1090000,UR,LU,P10
118,1102500,UR,LU,P10
118,1105000,UR,LU,P10
118,1125000,UR,LU,P10
119,0,UR,XP,P10
119,2500,UR,XP,P10
119,5000,UR,XP,P10
119,7500,UR,XP,P10
119,10000,UR,XP,P10
119,12500,UR,XP,P10
119,15000,UR,XP,P10
119,17500,UR,XP,P10
119,20000,UR,XP,P10
119,22500,UR,XP,P10
119,25000,UR,XP,P10
119,27500,UR,XP,P10
119,30000,UR,XP,P10
119,32500,UR,XP,P10
119,35000,UR,XP,P10
119,37500,UR,XP,P10
119,40000,UR,XP,P10
119,42500,UR,XP,P10
119,45000,UR,XP,P10
119,47500,UR,XP,P10
119,50000,UR,XP,P10
119,52500,UR,XP,P10
119,55000,UR,XP,P10
119,57500,UR,XP,P10
119,60000,UR,XP,P10
119,62500,UR,XP,P10
119,65000,UR,XP,P10
119,67500,UR,XP,P10
119,70000,UR,XP,P10
119,72500,UR,XP,P10
119,77500,UR,XP,P10
119,82500,UR,XP,P10
119,85000,UR,XP,P10
119,87500,UR,XP,P10
119,90000,UR,XP,P10
119,92500,UR,XP,P10
119,97500,UR,XP,P10
119,100000,UR,XP,P10
119,102500,UR,XP,P10
119,105000,UR,XP,P10
119,107500,UR,XP,P10
119,110000,UR,XP,P10
119,112500,UR,XP,P10
119,115000,UR,XP,P10
119,117500,UR,XP,P10
119,120000,UR,XP,P10
119,122500,UR,XP,P10
119,125000,UR,XP,P10
119,127500,UR,XP,P10
119,130000,UR,XP,P10
119,132500,UR,XP,P10
119,135000,UR,XP,P10
119,137500,UR,XP,P10
119,142500,UR,XP,P10
119,145000,UR,XP,P10
119,147500,UR,XP,P10
119,150000,UR,XP,P10
119,152500,UR,XP,P10
119,155000,UR,XP,P10
119,157500,UR,XP,P10
119,160000,UR,XP,P10
119,162500,UR,XP,P10
119,165000,UR,XP,P10
119,167500,UR,XP,P10
119,170000,UR,XP,P10
119,172500,UR,XP,P10
119,175000,UR,XP,P10
119,177500,UR,XP,P10
119,180000,UR,XP,P10
119,182500,UR,XP,P10
119,185000,UR,XP,P10
119,187500,UR,XP,P10
119,190000,UR,XP,P10
119,192500,UR,XP,P10
119,195000,UR,XP,P10
119,197500,UR,XP,P10
119,200000,UR,XP,P10
119,202500,UR,XP,P10
119,205000,UR,XP,P10
119,207500,UR,XP,P10
119,210000,UR,XP,P10
119,212500,UR,XP,P10
119,215000,UR,XP,P10
119,217500,UR,XP,P10
119,220000,UR,XP,P10
119,222500,UR,XP,P10
119,225000,UR,XP,P10
119,227500,UR,XP,P10
119,230000,UR,XP,P10
119,232500,UR,XP,P10
119,235000,UR,XP,P10
119,237500,UR,XP,P10
119,240000,UR,XP,P10
119,242500,UR,XP,P10
119,245000,UR,XP,P10
119,247500,UR,XP,P10
119,250000,UR,XP,P10
119,252500,UR,XP,P10
119,255000,UR,XP,P10
119,257500,UR,XP,P10
119,260000,UR,XP,P10
119,262500,UR,XP,P10
119,265000,UR,XP,P10
119,267500,UR,XP,P10
119,270000,UR,XP,P10
119,272500,UR,XP,P10
119,275000,UR,XP,P10
119,277500,UR,XP,P10
119,280000,UR,XP,P10
119,282500,UR,XP,P10
119,285000,UR,XP,P10
119,287500,UR,XP,P10
119,290000,UR,XP,P10
119,292500,UR,XP,P10
119,295000,UR,XP,P10
119,297500,UR,XP,P10
119,300000,UR,XP,P10
119,302500,UR,XP,P10
119,305000,UR,XP,P10
119,307500,UR,XP,P10
119,310000,UR,XP,P10
119,312500,UR,XP,P10
119,315000,UR,XP,P10
119,317500,UR,XP,P10
119,320000,UR,XP,P10
119,322500,UR,XP,P10
119,325000,UR,XP,P10
119,327500,UR,XP,P10
119,330000,UR,XP,P10
119,332500,UR,XP,P10
119,335000,UR,XP,P10
119,337500,UR,XP,P10
119,340000,UR,XP,P10
119,342500,UR,XP,P10
119,345000,UR,XP,P10
119,347500,UR,XP,P10
119,350000,UR,XP,P10
119,352500,UR,XP,P10
119,355000,UR,XP,P10
119,357500,UR,XP,P10
119,360000,UR,XP,P10
119,362500,UR,XP,P10
119,365000,UR,XP,P10
119,367500,UR,XP,P10
119,370000,UR,XP,P10
119,372500,UR,XP,P10
119,375000,UR,XP,P10
119,377500,UR,XP,P10
119,380000,UR,XP,P10
119,382500,UR,XP,P10
119,385000,UR,XP,P10
119,387500,UR,XP,P10
119,390000,UR,XP,P10
119,407500,UR,XP,P10
119,410000,UR,XP,P10
119,412500,UR,XP,P10
119,415000,UR,XP,P10
119,417500,UR,XP,P10
119,420000,UR,XP,P10
119,422500,UR,XP,P10
119,425000,UR,XP,P10
119,427500,UR,XP,P10
119,430000,UR,XP,P10
119,432500,UR,XP,P10
119,435000,UR,XP,P10
119,437500,UR,XP,P10
119,447500,UR,XP,P10
119,450000,UR,XP,P10
119,452500,UR,XP,P10
119,455000,UR,XP,P10
119,457500,UR,XP,P10
119,460000,UR,XP,P10
119,462500,UR,XP,P10
119,470000,UR,XP,P10
119,472500,UR,XP,P10
119,475000,UR,XP,P10
119,477500,UR,XP,P10
119,480000,UR,XP,P10
119,482500,UR,XP,P10
119,485000,UR,XP,P10
119,487500,UR,XP,P10
119,490000,UR,XP,P10
119,492500,UR,XP,P10
119,495000,UR,XP,P10
119,497500,UR,XP,P10
119,500000,UR,XP,P10
119,502500,UR,XP,P10
119,505000,UR,XP,P10
119,507500,UR,XP,P10
119,510000,UR,XP,P10
119,512500,UR,XP,P10
119,515000,UR,XP,P10
119,517500,UR,XP,P10
119,520000,UR,XP,P10
119,522500,UR,XP,P10
119,525000,UR,XP,P10
119,527500,UR,XP,P10
119,530000,UR,XP,P10
119,532500,UR,XP,P10
119,535000,UR,XP,P10
119,537500,UR,XP,P10
119,540000,UR,XP,P10
119,542500,UR,XP,P10
119,545000,UR,XP,P10
119,547500,UR,XP,P10
119,550000,UR,XP,P10
119,552500,UR,XP,P10
119,555000,UR,XP,P10
119,557500,UR,XP,P10
119,560000,UR,XP,P10
119,562500,UR,XP,P10
119,565000,UR,XP,P10
119,567500,UR,XP,P10
119,570000,UR,XP,P10
119,572500,UR,XP,P10
119,575000,UR,XP,P10
119,577500,UR,XP,P10
119,580000,UR,XP,P10
119,582500,UR,XP,P10
119,585000,UR,XP,P10
119,587500,UR,XP,P10
119,590000,UR,XP,P10
119,592500,UR,XP,P10
119,595000,UR,XP,P10
119,600000,UR,XP,P10
119,602500,UR,XP,P10
119,605000,UR,XP,P10
119,607500,UR,XP,P10
119,610000,UR,XP,P10
119,612500,UR,XP,P10
119,615000,UR,XP,P10
119,617500,UR,XP,P10
119,627500,UR,XP,P10
119,632500,UR,XP,P10
119,635000,UR,XP,P10
119,637500,UR,XP,P10
119,640000,UR,XP,P10
119,642500,UR,XP,P10
119,645000,UR,XP,P10
119,647500,UR,XP,P10
119,650000,UR,XP,P10
119,652500,UR,XP,P10
119,655000,UR,XP,P10
119,657500,UR,XP,P10
119,660000,UR,XP,P10
119,662500,UR,XP,P10
119,665000,UR,XP,P10
119,667500,UR,XP,P10
119,670000,UR,XP,P10
119,672500,UR,XP,P10
119,675000,UR,XP,P10
119,677500,UR,XP,P10
119,680000,UR,XP,P10
119,682500,UR,XP,P10
119,685000,UR,XP,P10
119,687500,UR,XP,P10
119,690000,UR,XP,P10
119,692500,UR,XP,P10
119,695000,UR,XP,P10
119,697500,UR,XP,P10
119,700000,UR,XP,P10
119,702500,UR,XP,P10
119,705000,UR,XP,P10
119,707500,UR,XP,P10
119,710000,UR,XP,P10
119,712500,UR,XP,P10
119,715000,UR,XP,P10
119,717500,UR,XP,P10
119,720000,UR,XP,P10
119,722500,UR,XP,P10
119,725000,UR,XP,P10
119,727500,UR,XP,P10
119,730000,UR,XP,P10
119,732500,UR,XP,P10
119,735000,UR,XP,P10
119,737500,UR,XP,P10
119,740000,UR,XP,P10
119,742500,UR,XP,P10
119,745000,UR,XP,P10
119,750000,UR,XP,P10
119,752500,UR,XP,P10
119,755000,UR,XP,P10
119,757500,UR,XP,P10
119,760000,UR,XP,P10
119,762500,UR,XP,P10
119,765000,UR,XP,P10
119,767500,UR,XP,P10
119,772500,UR,XP,P10
119,775000,UR,XP,P10
119,777500,UR,XP,P10
119,780000,UR,XP,P10
119,782500,UR,XP,P10
119,785000,UR,XP,P10
119,787500,UR,XP,P10
119,790000,UR,XP,P10
119,792500,UR,XP,P10
119,795000,UR,XP,P10
119,797500,UR,XP,P10
119,800000,UR,XP,P10
119,802500,UR,XP,P10
119,805000,UR,XP,P10
119,807500,UR,XP,P10
119,810000,UR,XP,P10
119,812500,UR,XP,P10
119,815000,UR,XP,P10
119,817500,UR,XP,P10
119,820000,UR,XP,P10
119,822500,UR,XP,P10
119,825000,UR,XP,P10
119,827500,UR,XP,P10
119,830000,UR,XP,P10
119,832500,UR,XP,P10
119,835000,UR,XP,P10
119,837500,UR,XP,P10
119,840000,UR,XP,P10
119,842500,UR,XP,P10
119,845000,UR,XP,P10
119,847500,UR,XP,P10
119,850000,UR,XP,P10
119,852500,UR,XP,P10
119,855000,UR,XP,P10
119,857500,UR,XP,P10
119,860000,UR,XP,P10
119,862500,UR,XP,P10
119,865000,UR,XP,P10
119,867500,UR,XP,P10
119,870000,UR,XP,P10
119,872500,UR,XP,P10
119,880000,UR,XP,P10
119,882500,UR,XP,P10
119,885000,UR,XP,P10
119,887500,UR,XP,P10
119,890000,UR,XP,P10
119,892500,UR,XP,P10
119,925000,UR,XP,P10
119,927500,UR,XP,P10
119,940000,UR,XP,P10
119,942500,UR,XP,P10
119,945000,UR,XP,P10
119,947500,UR,XP,P10
119,950000,UR,XP,P10
119,952500,UR,XP,P10
119,955000,UR,XP,P10
119,957500,UR,XP,P10
119,960000,UR,XP,P10
119,962500,UR,XP,P10
119,965000,UR,XP,P10
119,970000,UR,XP,P10
119,980000,UR,XP,P10
119,982500,UR,XP,P10
119,990000,UR,XP,P10
119,992500,UR,XP,P10
119,995000,UR,XP,P10
119,1000000,UR,XP,P10
119,1002500,UR,XP,P10
119,1007500,UR,XP,P10
119,1010000,UR,XP,P10
119,1017500,UR,XP,P10
119,1020000,UR,XP,P10
119,1022500,UR,XP,P10
119,1025000,UR,XP,P10
119,1027500,UR,XP,P10
119,1030000,UR,XP,P10
119,1032500,UR,XP,P10
119,1035000,UR,XP,P10
119,1037500,UR,XP,P10
119,1040000,UR,XP,P10
119,1042500,UR,XP,P10
119,1045000,UR,XP,P10
119,1047500,UR,XP,P10
119,1050000,UR,XP,P10
119,1052500,UR,XP,P10
119,1055000,UR,XP,P10
119,1057500,UR,XP,P10
119,1060000,UR,XP,P10
119,1062500,UR,XP,P10
119,1065000,UR,XP,P10
119,1067500,UR,XP,P10
119,1070000,UR,XP,P10
119,1072500,UR,XP,P10
119,1075000,UR,XP,P10
119,1077500,UR,XP,P10
119,1080000,UR,XP,P10
119,1082500,UR,XP,P10
119,1085000,UR,XP,P10
119,1087500,UR,XP,P10
119,1090000,UR,XP,P10
119,1092500,UR,XP,P10
119,1095000,UR,XP,P10
119,1097500,UR,XP,P10
119,1102500,UR,XP,P10
119,1105000,UR,XP,P10
119,1107500,UR,XP,P10
119,1110000,UR,XP,P10
119,1115000,UR,XP,P10
119,1117500,UR,XP,P10
119,1120000,UR,XP,P10
119,1122500,UR,XP,P10
119,1125000,UR,XP,P10
