ID_Moment,Regula,from_emotion,to_emotion,from_emotion_id,to_emotion_id,Wystapienie_1_DL_FR,Wystapienie_2_DL_LU,Wystapienie_3_DL_XP,Wystapienie_4_DR_FR,Wystapienie_5_DR_LU,Wystapienie_6_DR_XP,Wystapienie_7_UL_FR,Wystapienie_8_UL_LU,Wystapienie_9_UL_XP,Wystapienie_10_UR_FR,Wystapienie_11_UR_LU,Wystapienie_12_UR_XP,ile_regul_wykryto,target_class
ID_Moment,Rule,from_emotion,to_emotion,from_id,to_id,DL_FR,DL_LU,DL_XP,DR_FR,DR_LU,DR_XP,UL_FR,UL_LU,UL_XP,UR_FR,UR_LU,UR_XP
1446,neutral->sadness,neutral,sadness,6,4,0,0,0,0,1,0,0,0,0,0,0,1,2,2
1518,sadness->neutral,sadness,neutral,4,6,0,0,0,0,1,0,0,0,0,0,0,1,2,2
1871,surprise->neutral,surprise,neutral,5,6,0,0,0,0,0,0,0,0,0,1,0,0,1,1
1919,neutral->sadness,neutral,sadness,6,4,0,0,0,0,0,0,0,0,1,0,1,1,3,3
1973,neutral->happiness,neutral,happiness,6,3,0,0,0,0,0,0,0,0,0,1,0,0,1,1
2177,surprise->neutral,surprise,neutral,5,6,1,0,0,1,0,0,0,0,0,0,0,0,2,2
2309,neutral->surprise,neutral,surprise,6,5,1,0,0,0,0,0,0,0,0,0,0,0,1,1
2642,sadness->neutral,sadness,neutral,4,6,0,0,0,0,1,0,0,0,0,0,1,0,2,2
2970,disgust->neutral,disgust,neutral,2,6,0,0,0,1,0,0,0,0,0,0,0,0,1,1
3068,neutral->sadness,neutral,sadness,6,4,0,0,0,1,0,0,0,0,0,0,0,1,2,2
3339,sadness->neutral,sadness,neutral,4,6,0,0,0,1,0,0,0,0,0,0,0,0,1,1
3347,surprise->neutral,surprise,neutral,5,6,1,0,0,0,0,0,0,0,0,0,0,0,1,1
3354,neutral->surprise,neutral,surprise,6,5,1,0,0,1,0,0,0,0,0,0,0,0,2,2
3391,anger->neutral,anger,neutral,1,6,0,0,1,0,0,0,1,0,0,1,0,0,3,3
3491,anger->neutral,anger,neutral,1,6,0,0,1,0,0,0,1,0,0,1,0,0,3,3
3663,surprise->neutral,surprise,neutral,5,6,0,0,0,1,0,0,0,0,0,0,0,0,1,1
4078,anger->neutral,anger,neutral,1,6,0,1,1,0,0,0,0,0,0,0,0,0,2,2
4461,neutral->anger,neutral,anger,6,1,0,1,1,0,0,0,0,0,0,0,0,0,2,2
4802,anger->neutral,anger,neutral,1,6,0,1,1,0,0,0,1,0,0,1,0,0,4,3
4843,neutral->happiness,neutral,happiness,6,3,1,0,0,0,0,0,1,0,0,1,0,0,3,3
4905,neutral->happiness,neutral,happiness,6,3,1,0,0,0,0,0,1,0,0,1,0,0,3,3
4957,neutral->happiness,neutral,happiness,6,3,1,0,0,0,0,0,1,0,0,1,0,0,3,3
5298,neutral->happiness,neutral,happiness,6,3,0,0,0,1,0,0,1,0,0,0,0,1,3,3
5631,happiness->neutral,happiness,neutral,3,6,1,1,0,0,0,0,1,0,0,1,0,0,4,3
6051,happiness->neutral,happiness,neutral,3,6,1,0,0,1,0,0,1,0,0,1,0,0,4,3
6148,happiness->neutral,happiness,neutral,3,6,0,0,0,1,0,0,1,0,0,1,0,0,3,3
6227,neutral->happiness,neutral,happiness,6,3,1,0,0,1,0,0,1,0,0,1,0,0,4,3
6327,happiness->neutral,happiness,neutral,3,6,1,0,0,1,0,0,1,0,0,1,0,0,4,3
6366,neutral->happiness,neutral,happiness,6,3,1,0,0,1,0,0,1,0,0,1,0,0,4,3
6465,happiness->neutral,happiness,neutral,3,6,1,0,0,1,0,0,1,0,0,1,0,0,4,3
6581,neutral->happiness,neutral,happiness,6,3,1,0,0,1,0,0,1,0,0,1,0,0,4,3
6589,neutral->anger,neutral,anger,6,1,0,0,0,0,1,0,0,0,0,0,0,0,1,1
6700,anger->neutral,anger,neutral,1,6,0,0,0,0,1,0,0,0,0,0,0,0,1,1
6839,neutral->happiness,neutral,happiness,6,3,0,0,0,1,0,0,1,0,0,1,0,0,3,3
6959,happiness->neutral,happiness,neutral,3,6,0,0,0,1,0,0,1,0,0,1,0,0,3,3
7047,happiness->neutral,happiness,neutral,3,6,0,0,0,1,0,0,1,0,0,1,0,0,3,3
7291,happiness->neutral,happiness,neutral,3,6,0,0,0,1,0,0,1,0,0,1,0,0,3,3
7504,neutral->happiness,neutral,happiness,6,3,0,0,0,1,0,0,1,0,0,1,0,0,3,3
7687,happiness->neutral,happiness,neutral,3,6,0,0,0,1,0,0,1,0,0,1,0,0,3,3
8961,neutral->disgust,neutral,disgust,6,2,0,0,0,0,0,0,0,0,0,0,0,1,1,1
9104,neutral->anger,neutral,anger,6,1,0,0,1,0,0,0,0,0,0,1,0,0,2,2
9326,disgust->neutral,disgust,neutral,2,6,0,0,0,0,0,0,0,0,0,0,0,1,1,1
9338,anger->neutral,anger,neutral,1,6,0,0,1,0,0,0,0,0,0,1,0,0,2,2
9583,neutral->disgust,neutral,disgust,6,2,0,0,0,0,0,0,0,0,0,0,0,1,1,1
9632,neutral->anger,neutral,anger,6,1,0,0,1,0,0,0,0,0,1,1,0,1,4,3
9658,anger->neutral,anger,neutral,1,6,0,0,1,0,0,0,0,0,1,1,0,1,4,3
9755,anger->neutral,anger,neutral,1,6,0,0,1,0,0,0,0,0,0,1,0,1,3,3
9886,neutral->anger,neutral,anger,6,1,0,0,1,0,0,0,0,0,0,1,0,1,3,3
10025,anger->neutral,anger,neutral,1,6,0,0,1,0,0,0,0,0,0,1,0,1,3,3
10670,neutral->anger,neutral,anger,6,1,0,0,1,0,0,0,0,0,0,1,0,1,3,3
10719,anger->neutral,anger,neutral,1,6,0,0,1,0,0,0,0,0,0,1,0,1,3,3
10858,neutral->anger,neutral,anger,6,1,0,0,1,0,0,0,0,0,0,1,0,1,3,3
11209,neutral->anger,neutral,anger,6,1,0,0,1,0,0,0,0,0,0,1,0,1,3,3
11249,anger->neutral,anger,neutral,1,6,0,0,1,0,0,0,0,0,0,1,0,1,3,3
11286,neutral->anger,neutral,anger,6,1,0,0,1,0,0,0,0,0,0,1,0,1,3,3
11533,anger->neutral,anger,neutral,1,6,0,0,1,0,0,0,0,0,0,1,0,0,2,2
12733,neutral->anger,neutral,anger,6,1,0,0,1,0,0,0,0,0,1,0,0,0,2,2
12808,neutral->disgust,neutral,disgust,6,2,0,0,0,0,1,0,0,1,0,0,0,0,2,2
12906,disgust->neutral,disgust,neutral,2,6,0,0,0,0,1,0,0,1,0,0,0,0,2,2
12944,anger->neutral,anger,neutral,1,6,0,0,1,0,0,0,1,0,0,0,0,0,2,2
13308,neutral->disgust,neutral,disgust,6,2,0,0,0,0,1,0,0,0,0,0,0,0,1,1
13385,disgust->neutral,disgust,neutral,2,6,0,0,0,0,1,0,0,0,0,0,0,1,2,2
13798,neutral->disgust,neutral,disgust,6,2,0,0,0,0,1,0,0,1,0,0,0,0,2,2
14018,neutral->anger,neutral,anger,6,1,0,0,1,0,0,0,0,0,0,0,0,0,1,1
14037,anger->neutral,anger,neutral,1,6,0,0,1,0,0,0,0,0,0,0,0,0,1,1
14118,disgust->neutral,disgust,neutral,2,6,0,0,0,0,1,0,0,0,0,0,0,1,2,2
14122,neutral->disgust,neutral,disgust,6,2,0,0,0,0,1,0,0,0,0,0,0,1,2,2
14134,disgust->neutral,disgust,neutral,2,6,0,0,0,0,1,0,0,0,0,0,0,1,2,2
14142,neutral->surprise,neutral,surprise,6,5,1,0,0,0,1,0,0,0,0,0,0,0,2,2
14375,surprise->neutral,surprise,neutral,5,6,1,0,1,1,1,0,0,0,0,0,0,0,4,3
14381,neutral->anger,neutral,anger,6,1,0,0,1,0,0,0,1,0,0,1,0,0,3,3
14382,neutral->anger,neutral,anger,6,1,0,0,1,0,0,0,1,0,0,1,0,0,3,3
14409,neutral->surprise,neutral,surprise,6,5,1,0,1,1,1,0,0,0,0,0,0,0,4,3
14470,anger->neutral,anger,neutral,1,6,0,0,1,0,0,0,1,0,0,1,0,0,3,3
14489,neutral->disgust,neutral,disgust,6,2,0,0,0,0,1,0,0,1,0,0,1,0,3,3
14543,anger->neutral,anger,neutral,1,6,0,0,1,0,0,0,1,0,0,1,0,1,4,3
14550,disgust->neutral,disgust,neutral,2,6,0,0,0,0,1,0,0,1,0,0,1,1,4,3
14606,disgust->neutral,disgust,neutral,2,6,0,0,0,0,0,0,0,0,0,0,0,1,1,1
14857,disgust->neutral,disgust,neutral,2,6,0,0,0,0,1,0,0,1,0,0,1,0,3,3
14883,neutral->disgust,neutral,disgust,6,2,0,0,0,0,0,0,0,1,0,0,1,0,2,2
14902,neutral->disgust,neutral,disgust,6,2,0,0,0,0,0,0,0,1,0,0,1,0,2,2
14941,disgust->neutral,disgust,neutral,2,6,0,0,0,0,0,0,0,1,0,0,1,0,2,2
15003,disgust->neutral,disgust,neutral,2,6,0,0,0,0,0,0,0,0,0,0,1,0,1,1
15335,neutral->disgust,neutral,disgust,6,2,0,0,0,0,0,0,0,1,0,0,1,1,3,3
15341,neutral->disgust,neutral,disgust,6,2,0,0,0,0,0,0,0,1,0,0,1,1,3,3
15347,neutral->surprise,neutral,surprise,6,5,1,0,1,1,0,0,0,0,0,0,0,0,3,3
15351,neutral->disgust,neutral,disgust,6,2,0,0,0,0,0,0,0,1,1,0,1,1,4,3
15519,neutral->surprise,neutral,surprise,6,5,1,0,0,1,0,0,0,0,0,0,0,0,2,2
15583,disgust->neutral,disgust,neutral,2,6,0,0,0,0,0,0,0,1,1,0,1,0,3,3
15589,neutral->disgust,neutral,disgust,6,2,0,0,0,0,0,0,0,1,1,0,1,0,3,3
15595,neutral->surprise,neutral,surprise,6,5,0,0,0,1,1,0,0,0,0,0,0,0,2,2
15623,neutral->disgust,neutral,disgust,6,2,0,0,0,0,0,0,0,1,1,0,1,0,3,3
15743,disgust->neutral,disgust,neutral,2,6,0,0,0,0,0,0,0,1,1,0,1,0,3,3
15747,neutral->anger,neutral,anger,6,1,0,0,0,0,0,0,0,0,0,1,0,0,1,1
15808,disgust->neutral,disgust,neutral,2,6,0,0,0,0,0,0,0,1,1,0,1,0,3,3
15814,neutral->anger,neutral,anger,6,1,0,0,0,0,0,0,1,0,0,1,0,0,2,2
16048,anger->neutral,anger,neutral,1,6,0,0,1,0,0,0,1,0,0,1,0,0,3,3
16136,surprise->neutral,surprise,neutral,5,6,1,0,1,1,0,0,0,0,0,0,0,0,3,3
16393,surprise->neutral,surprise,neutral,5,6,1,0,1,1,0,0,0,0,0,0,0,0,3,3
16490,disgust->neutral,disgust,neutral,2,6,0,0,0,0,0,0,0,1,0,0,0,0,1,1
16503,anger->neutral,anger,neutral,1,6,0,0,1,0,0,0,0,0,0,1,0,0,2,2
16519,neutral->disgust,neutral,disgust,6,2,0,0,0,0,0,0,0,1,0,0,0,0,1,1
16584,disgust->neutral,disgust,neutral,2,6,0,0,0,0,0,0,0,1,0,0,0,0,1,1
16929,neutral->anger,neutral,anger,6,1,0,0,1,0,0,0,0,0,0,0,0,0,1,1
17174,neutral->surprise,neutral,surprise,6,5,1,0,1,1,0,0,0,0,0,0,0,0,3,3
17355,anger->neutral,anger,neutral,1,6,0,0,1,0,0,0,0,0,0,0,0,0,1,1
17471,neutral->surprise,neutral,surprise,6,5,1,0,1,1,0,0,0,0,0,0,0,0,3,3
17481,neutral->surprise,neutral,surprise,6,5,1,0,1,1,0,0,0,0,0,0,0,0,3,3
17669,neutral->happiness,neutral,happiness,6,3,0,0,0,0,0,0,0,1,0,0,0,0,1,1
17774,neutral->anger,neutral,anger,6,1,0,0,1,0,0,0,0,0,1,0,0,0,2,2
17841,surprise->neutral,surprise,neutral,5,6,1,0,1,1,0,0,0,0,0,0,0,0,3,3
17863,surprise->neutral,surprise,neutral,5,6,1,0,1,1,0,0,0,0,0,0,0,0,3,3
17933,surprise->neutral,surprise,neutral,5,6,1,0,1,1,0,0,0,0,0,0,0,0,3,3
17952,neutral->anger,neutral,anger,6,1,1,0,1,0,0,0,0,0,1,0,0,0,3,3
18036,neutral->surprise,neutral,surprise,6,5,0,0,1,1,0,0,0,0,0,0,0,0,2,2
18047,anger->neutral,anger,neutral,1,6,1,0,1,0,0,0,0,0,1,0,0,0,3,3
18132,happiness->neutral,happiness,neutral,3,6,0,0,0,0,0,0,0,1,0,0,0,0,1,1
18137,surprise->neutral,surprise,neutral,5,6,0,0,1,1,0,0,0,0,0,0,0,0,2,2
18223,anger->neutral,anger,neutral,1,6,1,0,1,0,0,0,0,0,1,0,0,0,3,3
18323,surprise->neutral,surprise,neutral,5,6,0,0,1,1,1,0,0,0,0,0,0,0,3,3
18409,neutral->anger,neutral,anger,6,1,1,0,1,0,0,0,0,0,1,0,0,0,3,3
18525,neutral->disgust,neutral,disgust,6,2,0,0,0,0,1,0,0,0,0,0,0,0,1,1
18548,disgust->neutral,disgust,neutral,2,6,0,0,0,0,1,0,0,0,0,0,0,0,1,1
18593,neutral->disgust,neutral,disgust,6,2,0,0,0,0,1,0,0,0,0,0,0,0,1,1
18703,anger->neutral,anger,neutral,1,6,1,0,0,0,0,0,0,1,0,0,0,0,2,2
18947,neutral->happiness,neutral,happiness,6,3,0,0,0,0,0,0,0,1,0,0,0,0,1,1
18960,neutral->anger,neutral,anger,6,1,0,0,1,0,0,0,0,0,1,0,0,0,2,2
19028,anger->neutral,anger,neutral,1,6,1,0,1,0,0,0,0,0,1,0,0,0,3,3
19046,happiness->neutral,happiness,neutral,3,6,0,0,0,0,0,0,0,1,0,0,0,0,1,1
19062,neutral->happiness,neutral,happiness,6,3,0,0,0,0,0,0,0,1,0,0,0,0,1,1
19066,happiness->neutral,happiness,neutral,3,6,0,0,0,0,0,0,0,1,0,0,0,0,1,1
19119,neutral->anger,neutral,anger,6,1,1,0,1,0,0,0,1,0,1,0,0,0,4,3
19196,neutral->disgust,neutral,disgust,6,2,0,0,0,0,1,0,0,0,0,0,0,0,1,1
19231,neutral->anger,neutral,anger,6,1,1,0,1,0,0,0,1,0,0,0,0,0,3,3
19302,anger->neutral,anger,neutral,1,6,1,0,1,0,0,0,1,0,0,0,0,0,3,3
19515,anger->neutral,anger,neutral,1,6,0,0,1,0,0,0,1,0,1,0,0,0,3,3
19557,neutral->anger,neutral,anger,6,1,0,0,1,0,0,0,1,0,1,0,0,0,3,3
19652,anger->neutral,anger,neutral,1,6,0,0,1,0,0,0,1,0,1,0,0,0,3,3
19753,neutral->disgust,neutral,disgust,6,2,0,0,0,0,1,0,1,0,0,0,0,0,2,2
20160,disgust->neutral,disgust,neutral,2,6,0,0,0,0,1,0,0,0,0,0,0,0,1,1
20578,neutral->disgust,neutral,disgust,6,2,0,0,0,0,1,0,0,0,0,0,0,0,1,1
20600,neutral->anger,neutral,anger,6,1,0,0,1,0,0,0,0,0,0,1,0,0,2,2
20820,disgust->neutral,disgust,neutral,2,6,0,0,0,0,1,0,0,0,0,0,0,0,1,1
21415,neutral->surprise,neutral,surprise,6,5,1,0,0,0,0,0,0,0,0,0,0,0,1,1
21667,neutral->surprise,neutral,surprise,6,5,1,0,0,0,0,0,1,0,0,0,0,0,2,2
21721,anger->neutral,anger,neutral,1,6,0,0,1,0,0,0,0,0,1,1,0,0,3,3
21756,surprise->neutral,surprise,neutral,5,6,1,0,0,0,0,0,1,0,0,0,0,0,2,2
21841,surprise->neutral,surprise,neutral,5,6,1,0,1,0,0,0,1,0,0,0,0,0,3,3
21868,neutral->disgust,neutral,disgust,6,2,0,0,0,0,1,0,0,0,0,0,0,0,1,1
22007,neutral->anger,neutral,anger,6,1,1,0,1,0,0,0,0,0,0,1,0,0,3,3
22116,anger->neutral,anger,neutral,1,6,1,0,1,0,0,0,0,0,1,1,0,0,4,3
22209,disgust->neutral,disgust,neutral,2,6,0,0,0,0,1,0,0,0,0,0,0,0,1,1
22353,neutral->disgust,neutral,disgust,6,2,0,0,0,0,1,0,0,0,0,0,0,0,1,1
22441,neutral->anger,neutral,anger,6,1,1,0,1,0,0,0,0,0,0,0,0,0,2,2
22721,anger->neutral,anger,neutral,1,6,1,0,1,0,0,0,0,0,0,0,0,0,2,2
22974,disgust->neutral,disgust,neutral,2,6,0,0,0,0,1,0,0,0,0,0,0,0,1,1
23326,neutral->anger,neutral,anger,6,1,0,0,0,0,0,0,0,0,1,0,0,0,1,1
23437,happiness->neutral,happiness,neutral,3,6,0,0,0,0,0,0,0,0,0,0,0,1,1,1
23523,anger->neutral,anger,neutral,1,6,0,0,0,0,0,0,0,0,1,1,0,0,2,2
23539,neutral->anger,neutral,anger,6,1,0,0,0,0,0,0,1,0,1,1,0,0,3,3
23605,neutral->anger,neutral,anger,6,1,0,0,0,0,0,0,1,0,1,1,0,0,3,3
23633,anger->neutral,anger,neutral,1,6,0,0,0,0,0,0,1,0,1,1,0,0,3,3
23783,neutral->anger,neutral,anger,6,1,0,0,0,0,0,0,1,0,1,1,0,0,3,3
23890,neutral->anger,neutral,anger,6,1,0,0,0,0,0,0,1,0,1,1,0,0,3,3
24451,anger->neutral,anger,neutral,1,6,0,0,0,0,0,0,0,0,1,0,0,1,2,2
24462,surprise->neutral,surprise,neutral,5,6,0,0,0,0,1,0,0,0,0,0,0,0,1,1
24608,neutral->anger,neutral,anger,6,1,0,0,0,0,0,0,0,0,1,0,0,1,2,2
24879,neutral->anger,neutral,anger,6,1,0,0,0,0,0,0,1,0,1,0,0,1,3,3
24918,anger->neutral,anger,neutral,1,6,0,0,0,0,0,0,1,0,1,0,0,1,3,3
25566,anger->neutral,anger,neutral,1,6,0,0,1,0,0,0,1,0,1,0,0,0,3,3
25764,anger->neutral,anger,neutral,1,6,0,0,1,0,0,0,1,0,1,1,0,0,4,3
25813,neutral->anger,neutral,anger,6,1,0,0,1,0,0,0,1,0,1,1,0,0,4,3
26209,anger->neutral,anger,neutral,1,6,0,0,1,0,0,0,1,0,0,0,0,0,2,2
26381,anger->neutral,anger,neutral,1,6,0,0,1,0,0,0,1,0,0,0,0,1,3,3
26448,neutral->anger,neutral,anger,6,1,0,0,1,0,0,0,1,0,0,1,0,1,4,3
26585,neutral->anger,neutral,anger,6,1,0,0,1,0,0,0,1,0,0,1,0,1,4,3
27121,neutral->anger,neutral,anger,6,1,0,0,0,0,0,0,0,0,0,1,0,1,2,2
27189,anger->neutral,anger,neutral,1,6,0,0,0,0,0,0,0,0,0,1,0,1,2,2
27932,neutral->anger,neutral,anger,6,1,0,0,0,0,1,0,0,0,0,1,0,1,3,3
28144,anger->neutral,anger,neutral,1,6,0,0,0,0,0,0,1,0,0,1,0,1,3,3
28717,neutral->anger,neutral,anger,6,1,0,0,0,0,0,0,0,0,1,0,0,1,2,2
28874,neutral->anger,neutral,anger,6,1,0,0,0,0,0,0,0,0,1,0,0,1,2,2
28894,anger->neutral,anger,neutral,1,6,0,0,0,0,0,0,0,0,1,0,0,1,2,2
29193,anger->neutral,anger,neutral,1,6,0,0,1,0,0,0,0,0,0,0,0,1,2,2
29276,neutral->anger,neutral,anger,6,1,0,0,1,0,0,0,0,0,1,1,0,1,4,3
29401,anger->neutral,anger,neutral,1,6,0,0,1,0,0,0,1,0,0,1,0,1,4,3
29750,neutral->anger,neutral,anger,6,1,0,0,1,0,0,0,1,0,0,0,0,1,3,3
29898,anger->neutral,anger,neutral,1,6,0,0,1,0,0,0,1,0,0,0,0,1,3,3
30370,neutral->anger,neutral,anger,6,1,0,0,0,0,0,0,0,0,1,0,0,1,2,2
30700,anger->neutral,anger,neutral,1,6,0,0,0,0,0,0,0,0,0,0,0,1,1,1
30929,anger->neutral,anger,neutral,1,6,0,0,0,0,0,0,1,0,0,1,0,1,3,3
31021,anger->neutral,anger,neutral,1,6,0,0,0,0,0,0,1,0,0,1,0,1,3,3
31838,neutral->sadness,neutral,sadness,6,4,0,1,0,1,0,0,0,0,0,0,0,1,3,3
32223,sadness->neutral,sadness,neutral,4,6,0,1,0,1,0,0,0,0,0,0,0,0,2,2
32801,neutral->anger,neutral,anger,6,1,0,0,0,0,0,0,0,0,0,1,0,0,1,1
33160,neutral->anger,neutral,anger,6,1,0,0,0,0,0,0,1,0,0,0,0,0,1,1
33358,anger->neutral,anger,neutral,1,6,0,0,0,0,0,0,1,0,0,0,0,0,1,1
34047,neutral->anger,neutral,anger,6,1,0,0,0,0,0,0,1,0,0,0,0,0,1,1
34380,anger->neutral,anger,neutral,1,6,0,0,0,0,0,0,1,0,0,1,0,1,3,3
35278,neutral->anger,neutral,anger,6,1,0,0,0,0,0,0,1,0,0,0,0,1,2,2
36146,neutral->anger,neutral,anger,6,1,0,0,0,0,0,0,1,0,0,0,0,1,2,2
36225,anger->neutral,anger,neutral,1,6,0,0,0,0,0,0,1,0,0,0,0,1,2,2
36848,neutral->anger,neutral,anger,6,1,0,0,0,0,0,0,0,0,0,0,0,1,1,1
37420,anger->neutral,anger,neutral,1,6,0,0,0,0,0,0,0,0,0,0,0,1,1,1
38281,neutral->anger,neutral,anger,6,1,0,0,0,0,0,0,0,0,1,0,0,1,2,2
38505,anger->neutral,anger,neutral,1,6,0,0,0,0,0,0,0,0,1,0,0,1,2,2
38603,neutral->anger,neutral,anger,6,1,0,0,0,0,0,0,0,0,1,0,0,1,2,2
38962,anger->neutral,anger,neutral,1,6,1,0,0,0,0,0,1,0,0,0,0,1,3,3
39212,neutral->anger,neutral,anger,6,1,1,0,0,0,0,0,1,0,0,0,0,1,3,3
39729,anger->neutral,anger,neutral,1,6,0,0,0,0,0,0,1,0,1,0,0,1,3,3
40173,neutral->sadness,neutral,sadness,6,4,1,0,0,0,0,0,0,0,1,0,0,1,3,3
40201,anger->neutral,anger,neutral,1,6,0,0,0,0,0,0,0,0,0,1,0,1,2,2
40264,neutral->disgust,neutral,disgust,6,2,0,0,0,0,0,0,0,1,0,0,0,0,1,1
40295,disgust->neutral,disgust,neutral,2,6,0,0,0,0,0,0,0,1,0,0,0,0,1,1
40383,neutral->disgust,neutral,disgust,6,2,0,0,0,0,0,0,1,1,0,0,0,0,2,2
40422,disgust->neutral,disgust,neutral,2,6,0,0,0,0,0,0,1,1,0,0,0,0,2,2
40458,neutral->sadness,neutral,sadness,6,4,0,0,0,0,0,0,0,0,1,0,1,1,3,3
40492,sadness->neutral,sadness,neutral,4,6,0,0,0,1,0,0,0,0,1,0,1,1,4,3
40564,neutral->sadness,neutral,sadness,6,4,0,0,0,1,0,0,0,0,1,0,0,1,3,3
41119,sadness->neutral,sadness,neutral,4,6,1,0,0,1,0,0,0,0,1,0,0,1,4,3
41190,neutral->anger,neutral,anger,6,1,0,0,0,0,0,0,0,0,0,1,0,1,2,2
41210,sadness->neutral,sadness,neutral,4,6,1,0,0,1,0,0,0,0,1,0,0,0,3,3
41494,neutral->anger,neutral,anger,6,1,0,0,0,0,0,0,1,0,0,1,0,1,3,3
42086,anger->neutral,anger,neutral,1,6,0,0,0,0,0,0,0,0,0,0,0,1,1,1
43696,neutral->anger,neutral,anger,6,1,0,0,0,0,0,0,0,0,0,0,0,1,1,1
44231,anger->neutral,anger,neutral,1,6,0,0,0,0,0,0,0,0,0,0,0,1,1,1
44569,neutral->anger,neutral,anger,6,1,0,0,0,0,0,0,0,0,0,0,0,1,1,1
44614,anger->neutral,anger,neutral,1,6,0,0,0,0,0,0,0,0,0,0,0,1,1,1
44700,neutral->anger,neutral,anger,6,1,0,0,0,0,0,0,0,0,0,0,0,1,1,1
45488,anger->neutral,anger,neutral,1,6,0,0,0,0,0,0,0,0,0,0,0,1,1,1
45873,neutral->anger,neutral,anger,6,1,0,0,0,0,0,0,0,0,0,0,0,1,1,1
46179,anger->neutral,anger,neutral,1,6,0,0,0,0,0,0,0,0,0,0,0,1,1,1
46451,neutral->anger,neutral,anger,6,1,0,0,0,0,0,0,0,0,0,0,0,1,1,1
46786,anger->neutral,anger,neutral,1,6,0,0,0,0,0,0,0,0,0,0,0,1,1,1
46819,neutral->anger,neutral,anger,6,1,0,0,0,0,0,0,0,0,0,0,0,1,1,1
47182,anger->neutral,anger,neutral,1,6,0,0,0,0,0,0,0,0,0,0,0,1,1,1
47342,neutral->anger,neutral,anger,6,1,0,0,0,0,0,0,0,0,0,0,0,1,1,1
47897,anger->neutral,anger,neutral,1,6,0,0,0,0,0,0,0,0,0,0,0,1,1,1
48008,neutral->anger,neutral,anger,6,1,0,0,0,0,0,0,0,0,0,0,0,1,1,1
48300,anger->neutral,anger,neutral,1,6,0,0,0,0,0,0,0,0,0,0,0,1,1,1
48769,neutral->anger,neutral,anger,6,1,0,0,0,0,0,0,0,0,0,0,0,1,1,1
49072,neutral->sadness,neutral,sadness,6,4,0,0,0,0,0,0,0,0,1,0,0,0,1,1
49118,sadness->neutral,sadness,neutral,4,6,0,0,0,0,0,0,0,0,1,0,0,0,1,1
49618,neutral->sadness,neutral,sadness,6,4,0,0,0,0,0,0,0,0,1,0,0,0,1,1
49654,sadness->neutral,sadness,neutral,4,6,0,0,0,0,0,0,0,0,1,0,0,0,1,1
50907,neutral->sadness,neutral,sadness,6,4,0,0,0,0,0,0,0,0,1,0,0,0,1,1
51015,sadness->neutral,sadness,neutral,4,6,0,0,0,0,0,0,0,0,1,0,0,0,1,1
51037,neutral->anger,neutral,anger,6,1,1,0,0,0,0,0,0,1,1,0,1,0,4,3
51077,anger->neutral,anger,neutral,1,6,1,0,0,0,0,0,0,1,0,0,0,1,3,3
51441,neutral->anger,neutral,anger,6,1,0,0,0,0,0,0,0,1,0,0,0,1,2,2
51540,anger->neutral,anger,neutral,1,6,0,0,0,0,0,0,0,1,0,0,0,1,2,2
51641,neutral->sadness,neutral,sadness,6,4,0,0,0,0,0,0,0,0,1,0,0,0,1,1
51968,sadness->neutral,sadness,neutral,4,6,1,0,0,0,0,0,0,0,1,0,0,0,2,2
52514,neutral->anger,neutral,anger,6,1,1,0,0,0,0,0,0,0,0,0,0,1,2,2
52542,anger->neutral,anger,neutral,1,6,1,0,0,0,0,0,0,0,0,0,0,1,2,2
52693,anger->neutral,anger,neutral,1,6,1,0,0,0,0,0,0,0,0,0,0,1,2,2
53137,anger->neutral,anger,neutral,1,6,0,0,0,0,0,0,1,0,0,1,0,0,2,2
53163,anger->neutral,anger,neutral,1,6,0,0,0,0,0,0,1,0,0,1,0,0,2,2
53929,neutral->sadness,neutral,sadness,6,4,1,0,0,0,0,0,0,0,0,0,0,0,1,1
54101,sadness->neutral,sadness,neutral,4,6,1,0,0,0,0,0,0,0,0,0,0,0,1,1
58832,neutral->anger,neutral,anger,6,1,0,0,0,0,0,0,1,0,0,1,0,1,3,3
58878,neutral->anger,neutral,anger,6,1,0,0,0,0,0,0,1,0,0,1,0,1,3,3
59358,anger->neutral,anger,neutral,1,6,0,0,0,0,0,0,1,0,0,1,0,0,2,2
59372,anger->neutral,anger,neutral,1,6,0,0,0,0,0,0,1,0,0,1,0,0,2,2
60507,neutral->anger,neutral,anger,6,1,0,0,0,0,0,0,1,0,0,1,0,0,2,2
60575,neutral->anger,neutral,anger,6,1,0,0,0,0,0,0,1,0,0,1,0,0,2,2
60876,neutral->sadness,neutral,sadness,6,4,0,0,0,0,0,0,0,0,0,0,1,1,2,2
60968,neutral->sadness,neutral,sadness,6,4,0,0,0,0,0,0,0,0,0,0,1,1,2,2
61042,neutral->surprise,neutral,surprise,6,5,1,0,0,0,0,0,0,0,0,0,0,0,1,1
61336,sadness->neutral,sadness,neutral,4,6,0,0,0,0,0,0,0,0,0,0,0,1,1,1
61578,neutral->sadness,neutral,sadness,6,4,0,0,0,0,0,0,0,0,0,0,1,1,2,2
61672,anger->neutral,anger,neutral,1,6,0,1,0,0,0,0,0,0,0,0,0,0,1,1
61717,sadness->neutral,sadness,neutral,4,6,0,0,0,0,0,0,0,0,0,0,1,1,2,2
61722,surprise->neutral,surprise,neutral,5,6,1,0,0,0,0,0,0,0,0,0,0,0,1,1
61778,sadness->neutral,sadness,neutral,4,6,0,0,0,0,0,0,0,0,0,0,1,1,2,2
63085,neutral->disgust,neutral,disgust,6,2,0,1,0,0,0,0,0,0,0,0,0,0,1,1
63165,neutral->sadness,neutral,sadness,6,4,0,0,0,0,0,0,0,0,1,0,0,0,1,1
63239,sadness->neutral,sadness,neutral,4,6,0,0,0,0,0,0,0,0,1,0,0,0,1,1
64193,neutral->anger,neutral,anger,6,1,0,0,0,0,0,0,0,0,0,0,0,1,1,1
64829,anger->neutral,anger,neutral,1,6,0,0,0,0,0,0,0,0,0,0,0,1,1,1
64863,neutral->anger,neutral,anger,6,1,0,0,0,0,0,0,0,0,0,0,0,1,1,1
65002,anger->neutral,anger,neutral,1,6,0,0,0,0,0,0,0,0,0,0,0,1,1,1
65317,neutral->anger,neutral,anger,6,1,0,0,0,0,0,0,0,0,1,0,0,1,2,2
65414,anger->neutral,anger,neutral,1,6,0,0,0,0,0,0,0,0,1,0,0,1,2,2
67061,anger->neutral,anger,neutral,1,6,0,0,0,0,0,0,1,0,0,1,0,0,2,2
67209,anger->neutral,anger,neutral,1,6,0,0,0,0,0,0,1,0,0,1,0,0,2,2
68494,neutral->surprise,neutral,surprise,6,5,0,0,0,0,1,0,0,0,0,0,0,0,1,1
68736,neutral->anger,neutral,anger,6,1,0,0,0,0,0,0,1,0,0,1,0,0,2,2
68876,neutral->anger,neutral,anger,6,1,0,0,0,0,0,0,1,0,0,1,0,0,2,2
69944,neutral->disgust,neutral,disgust,6,2,0,1,0,0,0,0,0,0,0,0,0,0,1,1
70126,neutral->happiness,neutral,happiness,6,3,0,0,0,0,0,0,0,0,1,0,0,1,2,2
70522,neutral->anger,neutral,anger,6,1,0,0,0,0,0,0,0,0,1,0,0,0,1,1
70554,surprise->neutral,surprise,neutral,5,6,0,0,0,0,1,0,0,0,0,0,0,0,1,1
70686,disgust->neutral,disgust,neutral,2,6,0,0,0,0,0,0,0,0,0,1,0,0,1,1
70714,neutral->surprise,neutral,surprise,6,5,0,0,0,0,1,0,0,0,0,0,0,0,1,1
70958,surprise->neutral,surprise,neutral,5,6,0,0,0,0,1,0,0,0,0,0,0,0,1,1
70980,anger->neutral,anger,neutral,1,6,0,0,0,0,0,0,1,0,1,0,0,0,2,2
71162,neutral->anger,neutral,anger,6,1,0,0,0,0,0,0,1,0,0,1,0,0,2,2
71464,anger->neutral,anger,neutral,1,6,0,0,1,0,0,0,0,0,1,1,0,0,3,3
72068,neutral->anger,neutral,anger,6,1,0,0,1,0,0,0,0,0,1,1,0,0,3,3
72195,neutral->sadness,neutral,sadness,6,4,0,0,0,0,1,1,0,0,0,0,0,0,2,2
72232,sadness->neutral,sadness,neutral,4,6,0,0,0,0,1,1,0,0,0,0,0,0,2,2
72329,anger->neutral,anger,neutral,1,6,0,0,0,0,0,0,0,0,1,0,0,0,1,1
72492,neutral->anger,neutral,anger,6,1,1,0,0,0,0,0,0,0,0,0,0,0,1,1
72593,neutral->happiness,neutral,happiness,6,3,0,0,0,0,0,0,0,0,0,0,1,0,1,1
72648,neutral->surprise,neutral,surprise,6,5,0,0,0,0,1,0,0,0,0,0,0,0,1,1
72804,neutral->anger,neutral,anger,6,1,0,0,0,0,0,0,0,0,0,1,0,0,1,1
72862,surprise->neutral,surprise,neutral,5,6,0,0,0,0,1,0,0,0,0,0,0,0,1,1
72902,neutral->sadness,neutral,sadness,6,4,0,0,0,0,0,1,0,0,0,0,0,0,1,1
73019,neutral->happiness,neutral,happiness,6,3,0,0,0,0,0,0,0,1,0,0,0,0,1,1
73059,neutral->surprise,neutral,surprise,6,5,0,0,0,1,1,0,0,0,0,0,0,0,2,2
73084,happiness->neutral,happiness,neutral,3,6,0,0,0,0,0,0,0,1,0,0,1,0,2,2
73122,surprise->neutral,surprise,neutral,5,6,0,0,0,1,1,0,0,0,0,0,0,0,2,2
73139,disgust->neutral,disgust,neutral,2,6,0,0,0,0,0,0,0,0,0,1,0,0,1,1
73143,neutral->surprise,neutral,surprise,6,5,0,0,0,1,1,0,0,0,0,0,0,0,2,2
73194,happiness->neutral,happiness,neutral,3,6,0,0,0,0,0,0,0,1,0,0,1,0,2,2
73228,sadness->neutral,sadness,neutral,4,6,0,0,0,0,0,1,0,0,0,0,0,0,1,1
73276,disgust->neutral,disgust,neutral,2,6,0,1,0,0,0,0,0,0,0,0,0,1,2,2
73296,surprise->neutral,surprise,neutral,5,6,0,0,0,1,1,0,0,0,0,0,0,0,2,2
73493,neutral->disgust,neutral,disgust,6,2,0,1,0,0,0,0,0,0,0,0,0,0,1,1
73547,neutral->anger,neutral,anger,6,1,1,0,0,1,0,0,0,0,1,0,0,1,4,3
73646,anger->neutral,anger,neutral,1,6,1,0,0,1,0,0,0,0,1,1,0,0,4,3
73649,anger->neutral,anger,neutral,1,6,1,0,0,1,0,0,0,0,1,1,0,0,4,3
73685,neutral->disgust,neutral,disgust,6,2,0,0,0,0,0,0,0,0,0,1,0,0,1,1
73824,neutral->anger,neutral,anger,6,1,1,0,1,0,0,0,1,0,1,1,0,0,5,3
73827,neutral->surprise,neutral,surprise,6,5,0,0,0,0,1,0,0,0,0,0,0,0,1,1
73834,anger->neutral,anger,neutral,1,6,1,0,1,0,0,0,1,0,1,1,0,0,5,3
73993,anger->neutral,anger,neutral,1,6,1,0,1,0,0,0,1,0,1,0,0,0,4,3
74000,surprise->neutral,surprise,neutral,5,6,0,0,0,0,1,0,0,0,0,0,0,0,1,1
74500,neutral->anger,neutral,anger,6,1,0,0,1,0,0,0,1,0,1,1,0,0,4,3
74608,disgust->neutral,disgust,neutral,2,6,0,1,0,0,0,0,1,0,0,0,0,0,2,2
74640,neutral->anger,neutral,anger,6,1,1,0,0,0,0,0,1,0,1,1,0,0,4,3
74882,anger->neutral,anger,neutral,1,6,0,0,0,0,0,0,1,0,1,0,0,1,3,3
74909,anger->neutral,anger,neutral,1,6,0,0,0,0,0,0,1,0,1,0,0,1,3,3
75077,neutral->anger,neutral,anger,6,1,0,0,0,0,1,0,0,0,1,0,0,1,3,3
75172,anger->neutral,anger,neutral,1,6,1,0,0,0,1,0,0,0,1,1,0,1,5,3
75204,anger->neutral,anger,neutral,1,6,0,0,0,0,1,0,0,0,1,1,0,1,4,3
75428,surprise->neutral,surprise,neutral,5,6,0,0,0,0,0,0,1,0,0,1,0,0,2,2
75456,neutral->surprise,neutral,surprise,6,5,0,0,0,0,0,0,1,0,0,1,0,0,2,2
75831,neutral->anger,neutral,anger,6,1,0,0,0,0,0,0,0,0,0,1,0,0,1,1
75986,surprise->neutral,surprise,neutral,5,6,0,0,0,0,1,0,1,0,0,0,0,0,2,2
76027,neutral->surprise,neutral,surprise,6,5,0,0,0,0,1,0,1,0,0,0,0,0,2,2
76196,neutral->surprise,neutral,surprise,6,5,1,0,0,0,1,0,1,0,0,0,0,0,3,3
76248,neutral->happiness,neutral,happiness,6,3,0,0,0,0,0,0,0,0,0,0,0,1,1,1
76411,neutral->anger,neutral,anger,6,1,0,0,0,0,0,0,1,0,0,0,0,0,1,1
76481,happiness->neutral,happiness,neutral,3,6,0,0,0,0,0,0,0,0,0,0,0,1,1,1
76482,disgust->neutral,disgust,neutral,2,6,0,1,0,0,0,0,0,0,0,0,0,0,1,1
76627,neutral->surprise,neutral,surprise,6,5,1,0,0,1,1,0,0,0,0,0,0,0,3,3
76646,surprise->neutral,surprise,neutral,5,6,1,0,0,1,1,0,0,0,0,0,0,0,3,3
76681,surprise->neutral,surprise,neutral,5,6,1,0,0,1,1,0,0,0,0,0,0,0,3,3
76800,surprise->neutral,surprise,neutral,5,6,0,0,0,1,0,0,0,0,0,0,0,0,1,1
76813,anger->neutral,anger,neutral,1,6,0,0,0,0,0,0,0,0,0,1,0,1,2,2
76866,neutral->surprise,neutral,surprise,6,5,0,1,0,1,0,0,0,0,0,0,0,0,2,2
77022,anger->neutral,anger,neutral,1,6,0,0,0,0,0,0,1,0,0,0,0,0,1,1
77400,neutral->anger,neutral,anger,6,1,0,0,0,0,0,0,0,0,0,1,0,0,1,1
77711,neutral->sadness,neutral,sadness,6,4,0,0,0,0,1,0,0,0,0,0,0,1,2,2
77747,anger->neutral,anger,neutral,1,6,0,0,0,0,0,0,0,0,0,1,0,0,1,1
77930,sadness->neutral,sadness,neutral,4,6,0,0,0,0,1,0,0,0,0,0,0,1,2,2
78814,neutral->anger,neutral,anger,6,1,0,0,0,0,0,0,0,0,0,1,0,0,1,1
78978,neutral->anger,neutral,anger,6,1,0,0,0,0,0,0,1,0,0,0,0,0,1,1
79081,neutral->sadness,neutral,sadness,6,4,0,0,0,0,1,0,0,0,0,0,0,1,2,2
79183,anger->neutral,anger,neutral,1,6,0,0,0,0,0,0,1,0,0,1,0,1,3,3
79312,anger->neutral,anger,neutral,1,6,0,0,0,0,0,0,1,0,0,1,0,1,3,3
80069,neutral->surprise,neutral,surprise,6,5,0,0,0,0,0,0,1,0,0,0,0,0,1,1
80884,surprise->neutral,surprise,neutral,5,6,0,0,0,0,0,0,1,0,0,0,0,0,1,1
81314,disgust->neutral,disgust,neutral,2,6,0,1,0,0,0,0,0,0,0,0,0,0,1,1
81588,neutral->anger,neutral,anger,6,1,0,0,0,1,0,0,0,0,0,0,0,1,2,2
81708,anger->neutral,anger,neutral,1,6,0,0,0,0,0,0,0,0,0,0,0,1,1,1
82863,neutral->anger,neutral,anger,6,1,0,0,0,0,0,0,0,0,0,0,0,1,1,1
82907,neutral->disgust,neutral,disgust,6,2,0,1,0,0,0,0,0,1,0,0,0,0,2,2
83564,anger->neutral,anger,neutral,1,6,0,0,0,0,0,0,0,0,0,1,0,1,2,2
83758,neutral->anger,neutral,anger,6,1,0,0,0,0,0,0,0,0,0,0,0,1,1,1
83880,neutral->disgust,neutral,disgust,6,2,0,1,0,0,0,0,0,0,0,0,0,0,1,1
84704,neutral->anger,neutral,anger,6,1,0,0,0,0,0,0,1,0,0,1,0,1,3,3
84751,anger->neutral,anger,neutral,1,6,0,0,0,0,0,0,1,0,0,0,0,1,2,2
85916,neutral->disgust,neutral,disgust,6,2,0,1,0,0,0,0,0,0,0,0,0,0,1,1
85935,disgust->neutral,disgust,neutral,2,6,0,1,0,0,0,0,0,0,0,0,0,0,1,1
87128,neutral->disgust,neutral,disgust,6,2,0,1,0,0,0,0,0,0,0,0,0,0,1,1
87260,neutral->anger,neutral,anger,6,1,0,0,0,0,0,0,1,0,1,0,0,0,2,2
87343,anger->neutral,anger,neutral,1,6,0,0,0,0,0,0,1,0,0,1,0,0,2,2
87360,neutral->happiness,neutral,happiness,6,3,0,0,0,0,0,0,0,0,0,0,0,1,1,1
87387,anger->neutral,anger,neutral,1,6,0,0,0,0,0,0,1,0,0,1,0,0,2,2
87684,happiness->neutral,happiness,neutral,3,6,0,0,0,0,0,0,0,0,0,0,0,1,1,1
87689,neutral->anger,neutral,anger,6,1,0,0,0,0,0,0,1,0,1,1,0,1,4,3
87694,neutral->anger,neutral,anger,6,1,0,0,0,0,0,0,1,0,1,1,0,1,4,3
87697,anger->neutral,anger,neutral,1,6,0,0,0,0,0,0,1,0,1,1,0,1,4,3
87741,neutral->anger,neutral,anger,6,1,0,0,0,0,0,0,1,0,1,1,0,1,4,3
87888,anger->neutral,anger,neutral,1,6,0,0,0,0,0,0,0,0,0,0,0,1,1,1
88200,neutral->anger,neutral,anger,6,1,0,0,0,0,0,0,1,0,0,0,0,1,2,2
88341,anger->neutral,anger,neutral,1,6,0,0,0,0,0,0,1,0,0,0,0,1,2,2
88473,neutral->sadness,neutral,sadness,6,4,0,0,0,0,0,0,0,0,1,0,0,1,2,2
88565,anger->neutral,anger,neutral,1,6,0,0,0,0,0,0,1,0,1,1,0,0,3,3
88625,neutral->anger,neutral,anger,6,1,0,0,0,0,0,0,1,0,1,1,0,0,3,3
89572,anger->neutral,anger,neutral,1,6,0,0,0,0,0,0,1,0,0,0,0,1,2,2
89800,anger->neutral,anger,neutral,1,6,0,0,0,0,0,0,1,0,0,1,0,1,3,3
89877,anger->neutral,anger,neutral,1,6,0,0,0,0,0,0,1,0,0,1,0,0,2,2
91974,neutral->anger,neutral,anger,6,1,0,0,0,1,0,0,1,0,0,1,0,1,4,3
92334,neutral->disgust,neutral,disgust,6,2,0,1,0,0,0,0,0,0,0,0,0,0,1,1
92549,disgust->neutral,disgust,neutral,2,6,0,1,0,0,0,0,0,0,0,0,0,0,1,1
93854,anger->neutral,anger,neutral,1,6,0,0,0,0,0,0,1,0,0,1,0,1,3,3
94038,neutral->anger,neutral,anger,6,1,0,0,0,0,0,0,1,0,0,1,0,1,3,3
94478,anger->neutral,anger,neutral,1,6,0,0,0,0,0,0,1,0,0,1,0,1,3,3
94888,neutral->anger,neutral,anger,6,1,0,0,0,0,0,0,0,0,0,1,0,1,2,2
95107,anger->neutral,anger,neutral,1,6,0,0,0,0,0,0,0,0,0,0,0,1,1,1
96137,neutral->surprise,neutral,surprise,6,5,1,0,0,1,0,0,0,0,0,0,0,0,2,2
96459,surprise->neutral,surprise,neutral,5,6,1,0,0,1,0,0,0,0,0,0,0,0,2,2
97172,neutral->anger,neutral,anger,6,1,0,0,0,0,0,0,0,0,0,1,0,0,1,1
97461,anger->neutral,anger,neutral,1,6,0,0,0,0,0,0,0,0,0,1,0,0,1,1
97568,neutral->sadness,neutral,sadness,6,4,0,0,0,0,1,0,0,1,0,0,0,0,2,2
97606,neutral->sadness,neutral,sadness,6,4,0,0,0,0,1,0,0,0,0,0,1,0,2,2
99075,neutral->happiness,neutral,happiness,6,3,0,0,0,0,0,0,0,1,0,0,0,1,2,2
99103,neutral->happiness,neutral,happiness,6,3,0,0,0,0,0,0,0,1,0,0,0,1,2,2
99230,neutral->happiness,neutral,happiness,6,3,0,0,0,0,0,0,0,1,1,0,0,1,3,3
99365,happiness->neutral,happiness,neutral,3,6,0,0,0,0,0,0,0,1,1,0,0,1,3,3
99414,happiness->neutral,happiness,neutral,3,6,0,0,0,0,0,0,0,1,1,0,0,1,3,3
99507,happiness->neutral,happiness,neutral,3,6,0,0,0,0,0,0,0,0,0,0,0,1,1,1
102501,neutral->happiness,neutral,happiness,6,3,0,0,0,0,0,0,0,1,0,0,0,0,1,1
102684,happiness->neutral,happiness,neutral,3,6,0,0,0,0,0,0,0,1,0,0,0,0,1,1
102892,neutral->anger,neutral,anger,6,1,0,0,0,0,0,0,0,0,0,1,0,0,1,1
103226,neutral->anger,neutral,anger,6,1,0,0,0,0,0,0,1,1,0,0,0,0,2,2
104223,neutral->sadness,neutral,sadness,6,4,0,1,0,0,1,0,0,0,0,0,1,1,4,3
104266,neutral->anger,neutral,anger,6,1,0,0,0,0,0,0,0,0,1,0,0,0,1,1
104309,neutral->sadness,neutral,sadness,6,4,0,1,0,0,1,0,0,0,0,0,0,1,3,3
104322,neutral->surprise,neutral,surprise,6,5,1,0,0,0,0,0,0,0,0,0,0,0,1,1
104401,sadness->neutral,sadness,neutral,4,6,0,1,0,0,1,0,0,0,0,0,0,1,3,3
104473,anger->neutral,anger,neutral,1,6,0,0,0,0,0,0,0,0,1,0,0,0,1,1
104984,neutral->anger,neutral,anger,6,1,0,0,0,0,0,0,0,0,1,0,0,0,1,1
105053,neutral->anger,neutral,anger,6,1,0,0,0,1,0,0,0,0,1,0,0,0,2,2
105153,anger->neutral,anger,neutral,1,6,0,0,0,1,0,0,0,0,1,0,0,0,2,2
105531,neutral->anger,neutral,anger,6,1,0,0,0,0,0,0,0,0,0,0,0,1,1,1
105811,anger->neutral,anger,neutral,1,6,0,0,1,0,0,0,0,0,0,1,0,0,2,2
105866,neutral->anger,neutral,anger,6,1,0,0,1,0,0,0,0,0,1,1,0,0,3,3
105891,surprise->neutral,surprise,neutral,5,6,1,0,0,0,0,0,0,0,0,0,0,0,1,1
105924,anger->neutral,anger,neutral,1,6,0,0,1,0,0,0,0,0,1,1,0,0,3,3
106044,neutral->anger,neutral,anger,6,1,0,0,1,0,0,0,0,0,1,1,0,0,3,3
106127,anger->neutral,anger,neutral,1,6,0,0,1,0,0,0,1,0,0,1,0,0,3,3
106444,anger->neutral,anger,neutral,1,6,0,0,0,0,0,0,0,0,0,1,0,0,1,1
106673,neutral->sadness,neutral,sadness,6,4,0,0,0,0,1,0,0,0,1,0,0,0,2,2
106817,sadness->neutral,sadness,neutral,4,6,0,0,0,0,0,0,0,0,1,0,0,0,1,1
107133,neutral->sadness,neutral,sadness,6,4,0,0,0,0,0,0,0,0,1,0,0,0,1,1
107742,neutral->anger,neutral,anger,6,1,0,0,1,0,0,0,0,0,0,1,0,1,3,3
107928,sadness->neutral,sadness,neutral,4,6,0,0,0,0,0,0,0,0,1,0,0,0,1,1
108176,anger->neutral,anger,neutral,1,6,0,0,1,0,0,0,0,0,0,0,0,1,2,2
108585,anger->neutral,anger,neutral,1,6,0,0,1,0,0,0,1,1,0,1,0,0,4,3
108616,neutral->surprise,neutral,surprise,6,5,1,0,0,0,0,0,0,0,0,0,0,0,1,1
108815,anger->neutral,anger,neutral,1,6,0,0,1,0,0,0,1,0,0,0,0,0,2,2
109062,neutral->anger,neutral,anger,6,1,0,0,1,0,0,0,1,0,0,0,0,0,2,2
109083,anger->neutral,anger,neutral,1,6,0,0,1,0,0,0,1,0,0,0,0,0,2,2
109283,neutral->happiness,neutral,happiness,6,3,0,0,0,0,0,0,0,1,0,0,0,0,1,1
109321,happiness->neutral,happiness,neutral,3,6,0,0,0,0,0,0,0,1,0,0,0,0,1,1
109422,neutral->surprise,neutral,surprise,6,5,1,0,0,1,0,0,0,0,0,0,0,0,2,2
109523,neutral->happiness,neutral,happiness,6,3,0,0,0,0,0,0,1,0,0,0,0,0,1,1
109743,surprise->neutral,surprise,neutral,5,6,1,0,0,1,0,0,0,0,0,0,0,0,2,2
109910,happiness->neutral,happiness,neutral,3,6,0,0,0,0,0,0,1,0,0,0,0,0,1,1
109934,surprise->neutral,surprise,neutral,5,6,1,0,0,1,0,0,0,0,0,0,0,0,2,2
110277,neutral->surprise,neutral,surprise,6,5,0,0,0,1,0,0,0,0,0,0,0,0,1,1
110591,neutral->anger,neutral,anger,6,1,0,0,1,0,0,0,0,0,0,1,0,0,2,2
110660,surprise->neutral,surprise,neutral,5,6,0,0,0,1,0,0,0,0,0,0,0,0,1,1
111013,anger->neutral,anger,neutral,1,6,0,0,1,0,0,0,0,0,0,1,0,0,2,2
111692,neutral->anger,neutral,anger,6,1,0,0,1,0,0,0,1,0,0,1,0,0,3,3
111828,neutral->anger,neutral,anger,6,1,0,0,1,0,0,0,1,0,0,1,0,0,3,3
111978,anger->neutral,anger,neutral,1,6,0,0,1,0,0,0,1,0,0,1,0,0,3,3
112490,neutral->anger,neutral,anger,6,1,0,0,1,0,0,0,1,0,0,0,0,0,2,2
113708,neutral->surprise,neutral,surprise,6,5,0,0,0,1,0,0,0,0,0,0,0,0,1,1
114797,anger->neutral,anger,neutral,1,6,0,0,1,0,0,0,1,0,0,0,0,0,2,2
114903,neutral->surprise,neutral,surprise,6,5,1,0,0,0,0,0,0,0,0,0,0,0,1,1
115203,surprise->neutral,surprise,neutral,5,6,0,0,0,1,0,0,0,0,0,0,0,0,1,1
115531,surprise->neutral,surprise,neutral,5,6,1,0,0,0,0,0,0,0,0,0,0,0,1,1
115905,neutral->anger,neutral,anger,6,1,0,0,1,0,0,0,1,0,0,0,0,0,2,2
116769,anger->neutral,anger,neutral,1,6,0,0,1,0,0,0,1,0,0,0,0,0,2,2
116855,neutral->anger,neutral,anger,6,1,0,0,1,0,0,0,1,0,0,0,0,1,3,3
119879,anger->neutral,anger,neutral,1,6,0,0,1,0,0,0,1,0,0,1,0,0,3,3
120168,neutral->anger,neutral,anger,6,1,0,0,1,0,0,0,1,1,0,1,0,0,4,3
120183,neutral->anger,neutral,anger,6,1,0,0,1,0,0,0,1,1,0,1,0,0,4,3
120204,anger->neutral,anger,neutral,1,6,0,0,1,0,0,0,1,1,0,1,0,0,4,3
120442,anger->neutral,anger,neutral,1,6,0,0,1,0,0,0,1,0,0,1,0,0,3,3
120622,anger->neutral,anger,neutral,1,6,0,0,1,0,0,0,1,0,0,1,0,0,3,3
121720,neutral->surprise,neutral,surprise,6,5,1,0,0,0,0,0,0,0,0,0,0,0,1,1
122397,surprise->neutral,surprise,neutral,5,6,1,0,0,0,0,0,0,0,0,0,0,0,1,1
130970,neutral->anger,neutral,anger,6,1,0,0,1,0,0,0,1,0,0,1,0,0,3,3
131043,neutral->anger,neutral,anger,6,1,0,0,1,0,0,0,1,0,0,1,0,1,4,3
134029,anger->neutral,anger,neutral,1,6,0,0,1,0,0,0,1,0,0,1,0,1,4,3
134155,neutral->happiness,neutral,happiness,6,3,0,0,0,0,0,0,0,0,1,0,0,1,2,2
134167,anger->neutral,anger,neutral,1,6,0,0,1,0,0,0,1,0,0,1,0,1,4,3
134257,neutral->happiness,neutral,happiness,6,3,0,0,0,0,0,0,0,0,1,0,0,1,2,2
134402,neutral->happiness,neutral,happiness,6,3,0,0,0,0,0,0,1,0,1,0,0,0,2,2
134528,happiness->neutral,happiness,neutral,3,6,0,0,0,0,0,0,1,0,1,0,0,0,2,2
134590,happiness->neutral,happiness,neutral,3,6,0,0,0,1,0,0,1,0,1,0,0,1,4,3
134687,anger->neutral,anger,neutral,1,6,0,0,1,0,0,0,0,0,0,0,0,1,2,2
135278,neutral->anger,neutral,anger,6,1,0,0,1,0,0,0,1,0,1,1,0,1,5,3
135538,neutral->anger,neutral,anger,6,1,0,0,1,0,0,0,1,0,0,1,0,1,4,3
136936,anger->neutral,anger,neutral,1,6,0,0,1,0,0,0,1,0,0,1,0,1,4,3
137046,neutral->anger,neutral,anger,6,1,0,0,1,0,0,0,1,0,0,1,0,1,4,3
138949,neutral->disgust,neutral,disgust,6,2,0,1,0,0,0,0,0,0,0,0,0,0,1,1
139019,neutral->sadness,neutral,sadness,6,4,0,0,0,0,0,0,0,0,1,0,0,0,1,1
139143,sadness->neutral,sadness,neutral,4,6,0,0,0,0,0,0,0,0,1,0,0,0,1,1
139221,neutral->sadness,neutral,sadness,6,4,0,0,0,0,0,0,0,0,1,0,0,0,1,1
139242,neutral->disgust,neutral,disgust,6,2,0,1,0,0,0,0,0,0,0,0,0,0,1,1
139277,neutral->anger,neutral,anger,6,1,0,0,1,0,0,0,0,0,1,0,0,1,3,3
139759,anger->neutral,anger,neutral,1,6,0,0,1,0,0,0,0,0,1,0,0,1,3,3
139809,neutral->anger,neutral,anger,6,1,0,0,1,0,0,0,0,0,1,0,0,1,3,3
139971,anger->neutral,anger,neutral,1,6,0,0,1,0,0,0,0,0,1,0,0,1,3,3
140069,anger->neutral,anger,neutral,1,6,0,0,1,0,0,0,0,0,1,0,0,1,3,3
140150,neutral->anger,neutral,anger,6,1,0,0,1,0,0,0,0,0,1,0,0,1,3,3
140241,anger->neutral,anger,neutral,1,6,0,0,1,0,0,0,0,0,1,0,0,1,3,3
140815,neutral->anger,neutral,anger,6,1,0,0,1,0,0,0,0,0,1,0,0,1,3,3
141043,anger->neutral,anger,neutral,1,6,0,0,1,0,0,0,0,0,1,0,0,1,3,3
141882,anger->neutral,anger,neutral,1,6,0,0,1,0,0,0,1,0,0,1,0,0,3,3
141961,anger->neutral,anger,neutral,1,6,0,0,1,0,0,0,1,0,0,1,0,0,3,3
143587,neutral->happiness,neutral,happiness,6,3,0,1,0,0,0,0,0,0,0,0,0,0,1,1
143668,happiness->neutral,happiness,neutral,3,6,0,1,0,0,0,0,0,0,0,0,0,0,1,1
144199,neutral->surprise,neutral,surprise,6,5,1,0,0,1,0,0,0,0,0,0,0,0,2,2
145815,neutral->sadness,neutral,sadness,6,4,0,0,0,0,0,0,0,0,0,0,1,0,1,1
147159,sadness->neutral,sadness,neutral,4,6,0,0,0,0,0,0,0,0,0,0,1,0,1,1
149248,neutral->sadness,neutral,sadness,6,4,0,0,0,0,0,0,0,0,0,0,1,1,2,2
149488,sadness->neutral,sadness,neutral,4,6,0,0,0,0,0,0,0,0,0,0,1,1,2,2
149637,neutral->sadness,neutral,sadness,6,4,0,0,0,0,0,0,0,0,0,0,1,1,2,2
149707,sadness->neutral,sadness,neutral,4,6,0,0,0,0,0,0,0,0,0,0,1,0,1,1
150342,neutral->sadness,neutral,sadness,6,4,0,0,0,0,0,0,0,0,0,0,1,1,2,2
150522,sadness->neutral,sadness,neutral,4,6,0,0,0,0,0,0,0,0,0,0,1,1,2,2
150610,neutral->sadness,neutral,sadness,6,4,0,0,0,0,0,0,0,0,0,0,1,1,2,2
150714,sadness->neutral,sadness,neutral,4,6,0,0,0,0,0,0,0,0,0,0,1,1,2,2
150954,surprise->neutral,surprise,neutral,5,6,1,0,0,1,0,0,0,0,0,0,0,0,2,2
152477,neutral->sadness,neutral,sadness,6,4,0,0,0,0,0,0,0,0,0,0,1,0,1,1
152727,sadness->neutral,sadness,neutral,4,6,0,0,0,0,0,0,0,0,0,0,1,1,2,2
153096,neutral->sadness,neutral,sadness,6,4,0,0,0,0,0,0,0,0,0,0,1,0,1,1
153399,sadness->neutral,sadness,neutral,4,6,0,0,0,0,0,0,0,0,0,0,1,0,1,1
154460,neutral->sadness,neutral,sadness,6,4,0,0,0,0,0,0,0,0,0,0,1,0,1,1
155978,sadness->neutral,sadness,neutral,4,6,0,0,0,0,0,0,0,0,0,0,1,0,1,1
156024,sadness->neutral,sadness,neutral,4,6,0,0,0,0,0,0,0,1,0,0,1,0,2,2
156092,neutral->sadness,neutral,sadness,6,4,0,0,0,0,0,0,0,1,0,0,1,0,2,2
156123,sadness->neutral,sadness,neutral,4,6,0,0,0,0,0,0,0,0,0,0,1,0,1,1
156734,neutral->sadness,neutral,sadness,6,4,0,0,0,0,0,0,0,0,0,0,1,0,1,1
156850,sadness->neutral,sadness,neutral,4,6,0,0,0,0,0,0,0,0,0,0,1,1,2,2
158049,neutral->surprise,neutral,surprise,6,5,1,0,0,1,0,0,0,0,0,0,0,0,2,2
159477,surprise->neutral,surprise,neutral,5,6,1,0,0,1,0,0,0,0,0,0,0,0,2,2
161627,neutral->anger,neutral,anger,6,1,1,0,1,0,0,0,0,0,0,0,0,0,2,2
161995,neutral->sadness,neutral,sadness,6,4,0,0,0,0,0,0,0,0,0,0,1,0,1,1
162195,sadness->neutral,sadness,neutral,4,6,0,0,0,0,0,0,0,0,0,0,1,0,1,1
162737,sadness->neutral,sadness,neutral,4,6,0,0,0,0,0,0,0,1,0,0,1,0,2,2
162789,neutral->sadness,neutral,sadness,6,4,0,0,0,0,0,0,0,1,0,0,1,0,2,2
163154,sadness->neutral,sadness,neutral,4,6,0,0,0,0,0,0,0,1,0,0,1,0,2,2
163992,neutral->sadness,neutral,sadness,6,4,0,0,0,0,0,0,0,0,0,0,1,1,2,2
164093,sadness->neutral,sadness,neutral,4,6,0,0,0,0,0,0,0,0,0,0,1,1,2,2
164376,neutral->sadness,neutral,sadness,6,4,0,0,0,0,0,0,0,1,0,0,1,1,3,3
164807,neutral->sadness,neutral,sadness,6,4,0,0,0,0,0,0,0,0,0,0,1,0,1,1
164911,sadness->neutral,sadness,neutral,4,6,0,0,0,0,0,0,0,0,0,0,1,0,1,1
166894,surprise->neutral,surprise,neutral,5,6,1,0,0,1,0,0,0,0,0,0,0,0,2,2
166933,neutral->happiness,neutral,happiness,6,3,1,0,0,0,0,0,0,0,0,0,0,0,1,1
167273,happiness->neutral,happiness,neutral,3,6,1,0,0,0,0,0,0,0,0,0,0,0,1,1
167818,neutral->surprise,neutral,surprise,6,5,1,0,0,1,0,0,0,0,0,0,0,0,2,2
167888,surprise->neutral,surprise,neutral,5,6,1,0,0,0,0,0,0,0,0,0,0,0,1,1
167907,neutral->sadness,neutral,sadness,6,4,0,0,0,1,0,0,0,0,0,0,0,0,1,1
168045,neutral->anger,neutral,anger,6,1,0,0,1,0,0,0,1,0,0,1,0,0,3,3
168051,neutral->anger,neutral,anger,6,1,0,0,1,0,0,0,1,0,0,1,0,0,3,3
169353,neutral->sadness,neutral,sadness,6,4,0,0,0,0,0,0,0,0,1,0,0,0,1,1
169422,neutral->anger,neutral,anger,6,1,0,0,1,0,0,0,1,0,0,1,0,1,4,3
169477,anger->neutral,anger,neutral,1,6,0,0,1,0,0,0,1,0,0,1,0,1,4,3
169545,anger->neutral,anger,neutral,1,6,0,0,1,0,0,0,1,0,0,1,0,1,4,3
169726,sadness->neutral,sadness,neutral,4,6,0,0,0,0,0,0,0,0,1,0,0,0,1,1
169764,neutral->anger,neutral,anger,6,1,0,0,1,0,0,0,1,0,0,1,0,1,4,3
169842,neutral->anger,neutral,anger,6,1,0,0,1,0,0,0,1,0,0,1,0,1,4,3
169874,anger->neutral,anger,neutral,1,6,0,0,1,0,0,0,1,0,0,1,0,1,4,3
169957,neutral->anger,neutral,anger,6,1,0,0,1,0,0,0,1,0,0,1,0,1,4,3
170029,neutral->sadness,neutral,sadness,6,4,0,0,0,0,0,0,0,0,1,0,0,0,1,1
170090,anger->neutral,anger,neutral,1,6,0,0,1,0,0,0,1,0,0,1,0,1,4,3
170181,anger->neutral,anger,neutral,1,6,0,0,1,0,0,0,1,0,0,1,0,1,4,3
170293,sadness->neutral,sadness,neutral,4,6,0,0,0,0,0,0,0,0,1,0,0,0,1,1
170300,neutral->anger,neutral,anger,6,1,0,0,1,0,0,0,1,0,0,1,0,1,4,3
170328,neutral->anger,neutral,anger,6,1,0,0,1,0,0,0,1,0,0,1,0,1,4,3
170422,anger->neutral,anger,neutral,1,6,0,0,1,0,0,0,0,0,0,1,0,1,3,3
171654,anger->neutral,anger,neutral,1,6,0,0,1,0,0,0,1,0,0,0,0,1,3,3
171710,neutral->anger,neutral,anger,6,1,0,0,1,0,0,0,1,0,0,0,0,1,3,3
172254,anger->neutral,anger,neutral,1,6,0,0,1,0,0,0,1,0,0,1,0,1,4,3
172389,anger->neutral,anger,neutral,1,6,0,0,1,0,0,0,0,0,0,1,0,1,3,3
175202,neutral->sadness,neutral,sadness,6,4,0,0,0,0,0,0,0,1,0,1,1,1,4,3
176646,sadness->neutral,sadness,neutral,4,6,0,0,0,0,0,0,0,1,0,1,1,0,3,3
180420,neutral->sadness,neutral,sadness,6,4,0,0,0,0,0,0,0,1,0,1,1,0,3,3
181922,sadness->neutral,sadness,neutral,4,6,1,0,0,0,0,0,0,1,0,1,1,1,5,3
181938,neutral->sadness,neutral,sadness,6,4,1,0,0,0,0,0,0,1,0,1,1,1,5,3
182491,neutral->surprise,neutral,surprise,6,5,0,0,0,0,0,0,0,0,0,1,0,0,1,1
182719,neutral->sadness,neutral,sadness,6,4,0,0,0,0,0,0,0,1,1,0,1,1,4,3
182870,sadness->neutral,sadness,neutral,4,6,0,0,0,0,0,0,0,1,1,0,1,1,4,3
183136,neutral->sadness,neutral,sadness,6,4,0,0,0,0,0,0,0,1,1,0,1,1,4,3
184068,sadness->neutral,sadness,neutral,4,6,0,0,0,0,0,0,0,1,1,0,1,1,4,3
184262,surprise->neutral,surprise,neutral,5,6,0,0,0,0,0,0,0,0,0,1,0,0,1,1
184544,neutral->sadness,neutral,sadness,6,4,0,0,0,0,0,0,0,1,1,0,1,1,4,3
184556,neutral->surprise,neutral,surprise,6,5,0,0,0,0,0,0,0,0,0,1,0,0,1,1
184623,sadness->neutral,sadness,neutral,4,6,0,0,0,0,0,0,0,1,1,0,1,1,4,3
185366,surprise->neutral,surprise,neutral,5,6,0,0,0,0,0,0,0,0,0,1,0,0,1,1
186189,neutral->sadness,neutral,sadness,6,4,0,0,0,0,0,0,0,1,0,0,1,1,3,3
186775,neutral->surprise,neutral,surprise,6,5,0,0,0,0,0,0,0,0,0,1,0,0,1,1
186824,sadness->neutral,sadness,neutral,4,6,0,0,0,0,0,0,0,1,1,0,1,1,4,3
186893,neutral->sadness,neutral,sadness,6,4,0,0,0,0,0,0,0,1,1,0,1,1,4,3
187304,sadness->neutral,sadness,neutral,4,6,0,0,0,0,0,0,0,1,0,0,1,1,3,3
187620,neutral->sadness,neutral,sadness,6,4,0,0,0,0,0,0,0,1,1,0,1,1,4,3
187953,sadness->neutral,sadness,neutral,4,6,0,0,0,0,0,0,0,1,1,0,1,1,4,3
188080,neutral->sadness,neutral,sadness,6,4,0,0,0,0,0,0,0,1,1,0,1,1,4,3
188584,sadness->neutral,sadness,neutral,4,6,0,0,0,0,0,0,0,1,1,0,1,1,4,3
188621,neutral->sadness,neutral,sadness,6,4,0,0,0,0,0,0,0,1,1,0,1,1,4,3
188731,sadness->neutral,sadness,neutral,4,6,0,0,0,0,0,0,0,1,0,0,1,1,3,3
188858,neutral->sadness,neutral,sadness,6,4,0,0,0,0,0,0,0,1,0,0,1,1,3,3
189654,sadness->neutral,sadness,neutral,4,6,0,0,0,0,0,0,0,1,0,0,1,1,3,3
189869,neutral->sadness,neutral,sadness,6,4,0,0,0,0,0,0,0,1,1,0,1,1,4,3
190011,surprise->neutral,surprise,neutral,5,6,0,0,0,0,0,0,0,0,0,1,0,0,1,1
190537,sadness->neutral,sadness,neutral,4,6,0,0,0,0,0,0,0,1,0,0,1,1,3,3
190679,neutral->surprise,neutral,surprise,6,5,0,0,1,0,0,0,0,0,0,1,0,0,2,2
190717,neutral->sadness,neutral,sadness,6,4,0,0,0,0,0,0,0,1,0,0,1,0,2,2
190718,neutral->sadness,neutral,sadness,6,4,0,0,0,0,0,0,0,1,0,0,1,0,2,2
190748,happiness->neutral,happiness,neutral,3,6,0,0,0,0,0,1,0,0,0,0,0,0,1,1
190974,neutral->happiness,neutral,happiness,6,3,0,0,0,0,0,1,0,0,0,0,0,0,1,1
191504,surprise->neutral,surprise,neutral,5,6,0,0,1,0,0,0,0,0,0,1,0,0,2,2
191679,sadness->neutral,sadness,neutral,4,6,1,0,0,1,0,0,0,0,0,0,0,0,2,2
191761,sadness->neutral,sadness,neutral,4,6,1,0,0,1,0,0,0,0,0,0,0,0,2,2
192225,neutral->sadness,neutral,sadness,6,4,1,0,0,1,0,0,0,0,0,0,0,0,2,2
192498,sadness->neutral,sadness,neutral,4,6,1,0,0,1,0,0,0,0,0,0,0,0,2,2
192904,neutral->sadness,neutral,sadness,6,4,1,0,0,1,0,0,0,0,0,0,0,0,2,2
193482,neutral->sadness,neutral,sadness,6,4,1,0,0,1,0,0,0,0,0,0,0,0,2,2
193850,sadness->neutral,sadness,neutral,4,6,1,0,0,1,0,0,0,0,0,0,0,0,2,2
194328,neutral->surprise,neutral,surprise,6,5,1,0,1,0,0,0,0,0,1,0,0,0,3,3
196610,sadness->neutral,sadness,neutral,4,6,0,0,0,1,0,0,0,1,0,0,1,1,4,3
196703,sadness->neutral,sadness,neutral,4,6,0,0,0,1,0,0,0,0,0,0,1,1,3,3
196743,sadness->neutral,sadness,neutral,4,6,0,0,0,1,0,0,0,1,0,0,1,1,4,3
196827,neutral->surprise,neutral,surprise,6,5,0,0,1,1,0,0,0,0,0,0,0,0,2,2
198240,neutral->sadness,neutral,sadness,6,4,0,0,0,0,0,0,0,0,1,0,0,1,2,2
198343,sadness->neutral,sadness,neutral,4,6,0,0,0,0,0,0,0,0,1,0,0,1,2,2
198879,neutral->sadness,neutral,sadness,6,4,0,0,0,0,0,0,0,0,1,0,0,1,2,2
199378,sadness->neutral,sadness,neutral,4,6,0,0,0,0,0,0,0,0,1,0,0,1,2,2
199558,neutral->sadness,neutral,sadness,6,4,0,0,0,0,0,0,0,0,1,0,0,1,2,2
199828,sadness->neutral,sadness,neutral,4,6,0,0,0,0,0,0,0,0,1,0,1,1,3,3
200493,surprise->neutral,surprise,neutral,5,6,0,0,1,1,0,0,0,0,0,0,0,0,2,2
200802,neutral->surprise,neutral,surprise,6,5,0,0,1,1,0,0,0,0,0,0,0,0,2,2
201658,neutral->anger,neutral,anger,6,1,0,0,0,0,0,0,1,0,0,1,0,1,3,3
201661,neutral->anger,neutral,anger,6,1,0,0,0,0,0,0,1,0,0,1,0,1,3,3
201908,anger->neutral,anger,neutral,1,6,0,0,0,0,0,0,1,0,0,1,0,1,3,3
202008,surprise->neutral,surprise,neutral,5,6,0,0,1,1,0,0,0,0,0,0,0,0,2,2
202117,surprise->neutral,surprise,neutral,5,6,1,0,1,0,0,0,0,0,0,0,0,0,2,2
202513,neutral->anger,neutral,anger,6,1,0,0,0,0,0,0,1,0,0,1,0,1,3,3
202911,anger->neutral,anger,neutral,1,6,0,0,0,0,0,0,1,0,0,1,0,1,3,3
202954,anger->neutral,anger,neutral,1,6,0,0,0,0,0,0,1,0,0,1,0,1,3,3
206014,neutral->sadness,neutral,sadness,6,4,0,0,0,1,0,0,0,0,0,0,0,0,1,1
206023,neutral->anger,neutral,anger,6,1,0,0,0,0,0,0,0,0,0,1,0,0,1,1
206145,anger->neutral,anger,neutral,1,6,0,0,0,0,0,0,0,0,0,1,0,0,1,1
206210,sadness->neutral,sadness,neutral,4,6,0,0,0,1,0,0,0,0,0,0,0,0,1,1
206446,neutral->sadness,neutral,sadness,6,4,0,0,0,1,0,0,0,0,0,0,0,0,1,1
206882,neutral->disgust,neutral,disgust,6,2,0,0,0,0,0,0,0,1,0,0,0,0,1,1
206933,disgust->neutral,disgust,neutral,2,6,0,0,0,0,0,0,0,1,0,0,0,0,1,1
207680,neutral->anger,neutral,anger,6,1,0,0,0,0,0,0,0,0,0,1,0,0,1,1
207970,sadness->neutral,sadness,neutral,4,6,0,0,0,1,0,0,0,0,1,0,1,0,3,3
208021,anger->neutral,anger,neutral,1,6,0,0,0,0,0,0,1,0,0,1,0,0,2,2
208124,neutral->sadness,neutral,sadness,6,4,0,0,0,1,0,0,0,0,1,0,0,0,2,2
208126,neutral->anger,neutral,anger,6,1,0,0,0,0,0,0,0,0,0,1,0,0,1,1
208581,sadness->neutral,sadness,neutral,4,6,0,0,0,1,0,0,0,0,1,0,0,0,2,2
208649,anger->neutral,anger,neutral,1,6,0,0,0,0,0,0,0,0,0,1,0,0,1,1
208865,neutral->sadness,neutral,sadness,6,4,0,0,0,1,0,0,0,0,1,0,0,0,2,2
209409,neutral->anger,neutral,anger,6,1,0,0,0,0,0,0,0,0,0,1,0,1,2,2
209544,anger->neutral,anger,neutral,1,6,0,0,0,0,0,0,0,0,0,0,0,1,1,1
209631,neutral->sadness,neutral,sadness,6,4,1,0,0,1,0,0,0,0,0,0,0,0,2,2
209853,sadness->neutral,sadness,neutral,4,6,1,0,0,1,0,0,0,0,0,0,0,1,3,3
210707,sadness->neutral,sadness,neutral,4,6,1,0,0,0,0,0,0,0,0,0,0,0,1,1
211192,neutral->surprise,neutral,surprise,6,5,0,0,0,1,0,0,0,0,0,0,0,0,1,1
212040,neutral->surprise,neutral,surprise,6,5,1,0,0,0,0,0,0,0,0,0,0,0,1,1
212831,neutral->anger,neutral,anger,6,1,0,0,0,0,0,0,1,0,0,0,0,0,1,1
213850,surprise->neutral,surprise,neutral,5,6,0,0,0,1,0,0,0,0,0,0,0,0,1,1
213995,neutral->sadness,neutral,sadness,6,4,0,0,0,0,0,0,0,0,1,0,0,0,1,1
214003,sadness->neutral,sadness,neutral,4,6,0,0,0,0,0,0,0,0,1,0,0,0,1,1
214172,neutral->surprise,neutral,surprise,6,5,0,0,0,1,0,0,0,0,0,0,0,0,1,1
218248,neutral->sadness,neutral,sadness,6,4,0,0,0,0,0,0,0,1,1,0,0,0,2,2
218301,neutral->sadness,neutral,sadness,6,4,0,0,0,0,0,0,0,0,1,0,0,0,1,1
218436,neutral->anger,neutral,anger,6,1,0,0,0,0,0,0,0,0,0,0,0,1,1,1
218458,sadness->neutral,sadness,neutral,4,6,0,0,0,0,0,0,0,0,1,0,0,0,1,1
218548,anger->neutral,anger,neutral,1,6,0,0,0,0,0,0,0,0,0,0,0,1,1,1
219557,surprise->neutral,surprise,neutral,5,6,1,0,0,0,0,0,0,0,0,0,0,0,1,1
219951,neutral->anger,neutral,anger,6,1,0,0,0,0,0,0,0,0,0,1,0,1,2,2
220346,anger->neutral,anger,neutral,1,6,0,0,0,0,0,0,1,0,0,1,0,0,2,2
220349,neutral->sadness,neutral,sadness,6,4,0,0,0,0,0,0,0,0,1,0,1,0,2,2
220813,anger->neutral,anger,neutral,1,6,0,0,0,0,0,0,1,0,0,0,0,0,1,1
220890,sadness->neutral,sadness,neutral,4,6,0,0,0,0,0,0,0,1,0,0,1,1,3,3
220915,sadness->neutral,sadness,neutral,4,6,0,0,0,0,0,0,0,1,0,0,1,1,3,3
222112,neutral->sadness,neutral,sadness,6,4,0,0,0,0,0,0,0,1,1,0,0,1,3,3
222117,sadness->neutral,sadness,neutral,4,6,0,0,0,0,0,0,0,1,1,0,0,1,3,3
222608,neutral->anger,neutral,anger,6,1,0,0,0,0,0,0,0,0,0,1,0,0,1,1
222675,anger->neutral,anger,neutral,1,6,0,0,0,0,0,0,0,0,0,1,0,0,1,1
224560,neutral->sadness,neutral,sadness,6,4,0,0,0,1,0,0,0,0,1,0,0,1,3,3
224740,sadness->neutral,sadness,neutral,4,6,0,0,0,1,0,0,0,0,0,0,0,1,2,2
225331,neutral->sadness,neutral,sadness,6,4,0,0,0,1,0,0,0,1,0,0,1,1,4,3
225424,sadness->neutral,sadness,neutral,4,6,0,0,0,1,0,0,0,1,1,0,1,1,5,3
226635,neutral->sadness,neutral,sadness,6,4,0,0,0,1,0,0,0,0,1,0,0,1,3,3
226853,neutral->sadness,neutral,sadness,6,4,0,0,0,1,0,0,0,1,1,0,1,1,5,3
226950,neutral->sadness,neutral,sadness,6,4,0,0,0,1,0,0,0,0,0,0,1,1,3,3
226969,sadness->neutral,sadness,neutral,4,6,0,0,0,1,0,0,0,0,0,0,1,1,3,3
227620,sadness->neutral,sadness,neutral,4,6,0,0,0,1,0,0,0,1,0,0,1,0,3,3
227638,sadness->neutral,sadness,neutral,4,6,0,0,0,1,0,0,0,1,0,0,1,0,3,3
227730,neutral->sadness,neutral,sadness,6,4,1,0,0,1,0,0,0,1,0,0,0,1,4,3
228106,neutral->sadness,neutral,sadness,6,4,1,1,0,1,0,0,0,0,0,0,0,0,3,3
228169,sadness->neutral,sadness,neutral,4,6,0,1,0,1,0,0,0,0,0,0,0,0,2,2
228826,neutral->anger,neutral,anger,6,1,0,0,0,0,0,0,1,0,1,1,0,0,3,3
228956,neutral->anger,neutral,anger,6,1,0,0,0,0,0,0,1,0,0,0,0,0,1,1
229043,neutral->sadness,neutral,sadness,6,4,1,1,0,0,1,0,0,1,0,0,0,0,4,3
229091,sadness->neutral,sadness,neutral,4,6,1,1,0,0,1,0,0,1,0,0,0,0,4,3
229165,neutral->sadness,neutral,sadness,6,4,1,1,0,0,1,0,0,1,0,0,0,0,4,3
229215,anger->neutral,anger,neutral,1,6,0,0,0,0,0,1,1,0,0,0,0,1,3,3
229302,sadness->neutral,sadness,neutral,4,6,0,1,0,1,1,0,0,1,0,0,0,0,4,3
229304,sadness->neutral,sadness,neutral,4,6,0,1,0,1,1,0,0,1,0,0,0,0,4,3
229616,neutral->sadness,neutral,sadness,6,4,0,1,0,0,0,1,0,0,1,0,1,0,4,3
229634,anger->neutral,anger,neutral,1,6,0,0,0,0,0,0,0,0,0,1,0,0,1,1
229910,sadness->neutral,sadness,neutral,4,6,0,1,0,0,1,1,0,1,0,0,1,1,6,3
229951,neutral->surprise,neutral,surprise,6,5,0,0,0,0,0,0,1,0,0,0,0,0,1,1
229959,neutral->sadness,neutral,sadness,6,4,0,1,0,0,1,1,0,1,0,0,1,0,5,3
229963,neutral->sadness,neutral,sadness,6,4,0,1,0,0,1,1,0,1,0,0,1,0,5,3
230018,sadness->neutral,sadness,neutral,4,6,0,1,0,0,1,1,0,1,0,0,1,0,5,3
230131,surprise->neutral,surprise,neutral,5,6,0,0,0,0,0,0,1,0,0,0,0,0,1,1
231792,neutral->anger,neutral,anger,6,1,0,0,0,1,0,0,0,0,0,0,0,0,1,1
233980,neutral->disgust,neutral,disgust,6,2,1,0,0,0,0,0,0,0,0,0,0,0,1,1
234361,neutral->anger,neutral,anger,6,1,0,0,0,0,0,0,0,0,0,1,0,1,2,2
235195,disgust->neutral,disgust,neutral,2,6,1,0,0,0,0,0,0,0,0,0,0,0,1,1
235245,neutral->sadness,neutral,sadness,6,4,0,1,0,0,1,1,0,0,1,0,0,1,5,3
235337,sadness->neutral,sadness,neutral,4,6,0,1,0,0,1,1,0,0,1,0,0,1,5,3
236618,anger->neutral,anger,neutral,1,6,0,0,0,0,0,0,1,0,0,1,0,0,2,2
236898,neutral->sadness,neutral,sadness,6,4,0,1,0,0,1,1,0,0,0,0,0,1,4,3
236967,sadness->neutral,sadness,neutral,4,6,0,1,0,0,1,1,0,1,1,0,1,1,7,3
236996,neutral->sadness,neutral,sadness,6,4,0,1,0,0,1,1,0,1,1,0,1,1,7,3
237043,neutral->sadness,neutral,sadness,6,4,0,1,0,0,1,1,0,1,1,0,1,1,7,3
237073,sadness->neutral,sadness,neutral,4,6,0,1,0,0,1,1,0,1,1,0,1,1,7,3
237173,sadness->neutral,sadness,neutral,4,6,0,1,0,0,1,1,0,0,1,0,1,1,6,3
237182,neutral->sadness,neutral,sadness,6,4,0,1,0,0,1,1,0,0,1,0,1,1,6,3
237966,neutral->sadness,neutral,sadness,6,4,1,1,0,0,1,1,0,1,0,0,1,0,6,3
238323,sadness->neutral,sadness,neutral,4,6,0,1,0,0,1,1,0,0,0,0,1,1,5,3
238740,neutral->sadness,neutral,sadness,6,4,0,1,0,0,1,1,0,0,0,0,1,1,5,3
238768,sadness->neutral,sadness,neutral,4,6,0,1,0,0,1,1,0,0,0,0,1,1,5,3
240142,anger->neutral,anger,neutral,1,6,1,0,0,0,0,0,0,0,0,0,0,1,2,2
240914,neutral->anger,neutral,anger,6,1,0,0,0,0,0,0,0,0,0,1,0,1,2,2
241269,neutral->anger,neutral,anger,6,1,0,0,0,0,0,0,1,0,0,1,0,1,3,3
241587,anger->neutral,anger,neutral,1,6,0,0,0,0,0,0,1,0,0,1,0,1,3,3
241625,anger->neutral,anger,neutral,1,6,0,0,0,0,0,0,1,0,0,1,0,1,3,3
241829,neutral->anger,neutral,anger,6,1,0,0,0,0,0,0,1,0,0,1,0,1,3,3
242500,anger->neutral,anger,neutral,1,6,0,0,0,0,0,0,1,0,0,0,0,1,2,2
244309,neutral->surprise,neutral,surprise,6,5,0,0,0,0,0,0,0,0,0,0,1,0,1,1
244350,neutral->surprise,neutral,surprise,6,5,0,0,0,0,0,0,0,1,0,0,1,0,2,2
244597,neutral->surprise,neutral,surprise,6,5,0,0,0,0,0,0,1,0,1,1,0,0,3,3
244640,surprise->neutral,surprise,neutral,5,6,0,0,0,0,0,0,1,1,1,1,0,0,4,3
244782,surprise->neutral,surprise,neutral,5,6,0,0,0,0,0,0,1,0,0,1,1,0,3,3
244858,anger->neutral,anger,neutral,1,6,0,0,0,0,0,0,1,0,0,0,0,0,1,1
245068,neutral->happiness,neutral,happiness,6,3,0,0,0,0,0,0,0,0,0,0,0,1,1,1
245084,neutral->disgust,neutral,disgust,6,2,0,0,0,0,0,0,0,0,0,0,1,0,1,1
245164,happiness->neutral,happiness,neutral,3,6,0,0,0,0,0,0,0,1,1,0,0,1,3,3
245289,neutral->happiness,neutral,happiness,6,3,0,0,0,0,0,0,0,1,1,0,0,1,3,3
245318,disgust->neutral,disgust,neutral,2,6,0,0,0,0,0,0,0,0,0,0,1,0,1,1
245338,neutral->disgust,neutral,disgust,6,2,0,0,0,0,0,0,0,0,0,0,1,0,1,1
245357,disgust->neutral,disgust,neutral,2,6,0,0,0,0,0,0,0,0,0,0,1,0,1,1
245404,neutral->happiness,neutral,happiness,6,3,0,0,0,0,0,0,0,1,1,0,0,1,3,3
245420,happiness->neutral,happiness,neutral,3,6,0,0,0,0,0,0,0,1,1,0,0,1,3,3
245489,neutral->disgust,neutral,disgust,6,2,0,0,0,0,0,0,0,0,0,0,1,0,1,1
245655,disgust->neutral,disgust,neutral,2,6,0,0,0,0,0,0,0,0,0,0,1,0,1,1
245689,neutral->disgust,neutral,disgust,6,2,0,0,0,0,0,0,0,0,0,0,1,0,1,1
245708,disgust->neutral,disgust,neutral,2,6,0,0,0,0,0,0,0,0,0,0,1,0,1,1
245792,neutral->disgust,neutral,disgust,6,2,0,0,0,0,0,0,0,0,0,0,1,0,1,1
245892,disgust->neutral,disgust,neutral,2,6,0,0,0,0,0,0,0,0,0,0,1,0,1,1
246052,happiness->neutral,happiness,neutral,3,6,0,0,0,0,0,0,0,0,1,0,1,1,3,3
247217,neutral->surprise,neutral,surprise,6,5,0,0,0,0,0,0,1,0,0,0,0,0,1,1
247635,neutral->anger,neutral,anger,6,1,0,0,0,0,0,0,0,0,0,1,0,0,1,1
247641,surprise->neutral,surprise,neutral,5,6,0,0,0,0,0,0,1,0,0,0,0,0,1,1
247808,anger->neutral,anger,neutral,1,6,0,0,0,0,0,0,1,0,0,1,0,0,2,2
248139,neutral->anger,neutral,anger,6,1,0,0,0,0,0,0,0,0,0,1,0,0,1,1
248180,neutral->disgust,neutral,disgust,6,2,0,1,0,0,0,0,0,0,1,0,0,0,2,2
248426,sadness->neutral,sadness,neutral,4,6,0,0,0,0,1,1,0,0,0,0,0,0,2,2
249160,anger->neutral,anger,neutral,1,6,0,0,0,1,0,0,1,0,0,0,0,0,2,2
251110,neutral->anger,neutral,anger,6,1,0,0,0,0,0,0,0,0,0,0,1,0,1,1
251190,anger->neutral,anger,neutral,1,6,0,0,0,0,0,0,0,0,0,0,1,0,1,1
252655,anger->neutral,anger,neutral,1,6,0,0,0,0,0,0,0,0,0,1,0,1,2,2
252892,neutral->sadness,neutral,sadness,6,4,0,0,0,0,1,1,0,1,0,0,0,0,3,3
253059,sadness->neutral,sadness,neutral,4,6,0,0,0,0,1,1,0,1,0,0,1,0,4,3
255447,neutral->anger,neutral,anger,6,1,0,0,0,0,0,0,0,0,0,0,0,1,1,1
255576,anger->neutral,anger,neutral,1,6,0,0,0,0,0,0,0,0,0,0,0,1,1,1
256049,neutral->sadness,neutral,sadness,6,4,0,0,0,0,1,1,0,1,1,0,1,0,5,3
256164,sadness->neutral,sadness,neutral,4,6,0,0,0,0,1,1,0,1,1,0,1,0,5,3
260513,neutral->sadness,neutral,sadness,6,4,0,0,0,0,1,1,0,1,1,0,1,0,5,3
260634,sadness->neutral,sadness,neutral,4,6,0,0,0,0,1,1,0,1,1,0,1,0,5,3
261001,neutral->anger,neutral,anger,6,1,0,0,0,0,0,0,0,0,0,0,0,1,1,1
261098,neutral->happiness,neutral,happiness,6,3,0,0,0,0,0,0,0,0,1,0,0,0,1,1
261162,neutral->anger,neutral,anger,6,1,0,0,0,0,0,0,0,0,0,1,0,0,1,1
261240,happiness->neutral,happiness,neutral,3,6,0,0,0,0,0,0,0,0,1,0,0,0,1,1
261352,neutral->anger,neutral,anger,6,1,0,0,0,0,0,0,1,0,0,0,0,0,1,1
261617,anger->neutral,anger,neutral,1,6,1,0,0,0,0,0,0,1,0,0,1,1,4,3
261653,neutral->anger,neutral,anger,6,1,1,0,0,0,0,0,0,1,0,0,0,1,3,3
261856,neutral->anger,neutral,anger,6,1,1,0,0,0,0,0,0,1,0,0,0,1,3,3
261882,anger->neutral,anger,neutral,1,6,1,0,0,0,0,0,0,1,0,0,0,1,3,3
262632,neutral->anger,neutral,anger,6,1,1,0,0,0,0,1,0,1,0,0,1,1,5,3
262686,anger->neutral,anger,neutral,1,6,1,0,0,0,0,1,0,1,0,0,0,1,4,3
262817,neutral->anger,neutral,anger,6,1,1,0,0,0,0,1,0,0,0,0,1,1,4,3
262825,anger->neutral,anger,neutral,1,6,1,0,0,0,0,1,0,0,0,0,1,1,4,3
262849,anger->neutral,anger,neutral,1,6,1,0,0,0,0,1,0,0,0,0,1,1,4,3
262928,neutral->anger,neutral,anger,6,1,1,0,0,0,0,0,0,1,0,0,1,1,4,3
263189,anger->neutral,anger,neutral,1,6,1,0,0,1,0,0,0,1,0,0,0,1,4,3
263604,neutral->anger,neutral,anger,6,1,1,0,0,0,0,0,0,0,0,0,0,1,2,2
263839,neutral->surprise,neutral,surprise,6,5,1,0,0,0,0,0,0,0,0,0,0,0,1,1
263911,anger->neutral,anger,neutral,1,6,0,0,0,0,0,0,0,0,0,1,0,0,1,1
264179,neutral->anger,neutral,anger,6,1,0,0,0,0,0,0,1,0,0,1,0,0,2,2
264369,neutral->surprise,neutral,surprise,6,5,0,0,0,1,0,0,0,0,0,0,0,0,1,1
264375,anger->neutral,anger,neutral,1,6,0,0,0,0,0,0,0,0,0,1,0,0,1,1
264653,neutral->anger,neutral,anger,6,1,0,0,0,0,0,0,0,0,1,1,0,0,2,2
264677,neutral->anger,neutral,anger,6,1,0,0,0,0,0,0,0,0,1,1,0,0,2,2
264767,anger->neutral,anger,neutral,1,6,0,0,0,0,0,0,0,0,1,1,0,0,2,2
265044,neutral->happiness,neutral,happiness,6,3,0,0,0,0,0,0,0,0,0,1,0,0,1,1
265063,anger->neutral,anger,neutral,1,6,0,0,0,0,0,0,0,0,1,0,0,0,1,1
265249,neutral->disgust,neutral,disgust,6,2,0,0,0,0,0,0,0,0,0,0,1,0,1,1
265282,neutral->happiness,neutral,happiness,6,3,0,0,0,0,0,0,0,1,0,0,1,0,2,2
265455,neutral->surprise,neutral,surprise,6,5,0,0,0,0,0,1,0,0,0,0,0,0,1,1
265484,neutral->anger,neutral,anger,6,1,0,0,0,0,0,0,0,0,1,0,0,0,1,1
265764,surprise->neutral,surprise,neutral,5,6,1,0,0,0,0,1,0,0,0,0,0,0,2,2
266048,surprise->neutral,surprise,neutral,5,6,0,0,0,1,0,1,0,0,0,0,0,0,2,2
266126,anger->neutral,anger,neutral,1,6,0,0,0,0,0,0,0,0,1,0,0,0,1,1
266244,surprise->neutral,surprise,neutral,5,6,0,0,0,0,0,1,0,0,0,0,0,0,1,1
266288,disgust->neutral,disgust,neutral,2,6,0,0,0,0,0,0,1,0,0,1,0,0,2,2
266359,neutral->anger,neutral,anger,6,1,1,0,0,0,0,0,0,0,1,0,0,0,2,2
266405,neutral->anger,neutral,anger,6,1,1,0,0,0,0,0,0,0,1,1,0,0,3,3
266460,anger->neutral,anger,neutral,1,6,1,0,0,0,0,0,0,0,1,1,0,1,4,3
266518,happiness->neutral,happiness,neutral,3,6,1,1,0,0,0,0,0,0,0,0,0,1,3,3
266540,disgust->neutral,disgust,neutral,2,6,0,1,0,0,0,0,0,0,1,0,0,0,2,2
266667,neutral->anger,neutral,anger,6,1,1,0,0,0,0,0,0,0,0,0,0,0,1,1
266690,neutral->disgust,neutral,disgust,6,2,0,0,0,0,0,0,0,0,1,0,0,0,1,1
266701,neutral->sadness,neutral,sadness,6,4,0,0,1,0,1,0,0,0,0,0,0,0,2,2
266703,disgust->neutral,disgust,neutral,2,6,0,0,0,0,0,0,0,0,1,0,0,0,1,1
266713,anger->neutral,anger,neutral,1,6,1,0,0,0,0,0,0,1,0,0,0,0,2,2
266729,neutral->disgust,neutral,disgust,6,2,0,0,0,0,0,0,0,0,1,0,0,0,1,1
266744,disgust->neutral,disgust,neutral,2,6,0,1,0,0,0,0,0,0,1,0,0,0,2,2
266870,surprise->neutral,surprise,neutral,5,6,0,0,0,0,1,1,0,0,0,0,0,1,3,3
267128,anger->neutral,anger,neutral,1,6,0,0,0,1,0,0,0,1,0,0,1,0,3,3
267474,neutral->happiness,neutral,happiness,6,3,0,0,0,0,0,0,0,0,1,0,0,0,1,1
267532,happiness->neutral,happiness,neutral,3,6,0,0,0,0,0,0,0,0,1,0,0,0,1,1
267546,sadness->neutral,sadness,neutral,4,6,1,0,1,0,1,0,0,1,0,0,1,0,5,3
267580,sadness->neutral,sadness,neutral,4,6,1,0,1,0,1,0,0,1,0,0,1,0,5,3
267587,anger->neutral,anger,neutral,1,6,0,0,0,0,0,0,1,0,0,1,0,1,3,3
267875,neutral->sadness,neutral,sadness,6,4,1,0,1,1,1,0,0,1,0,0,1,0,6,3
267989,neutral->sadness,neutral,sadness,6,4,1,0,1,1,1,0,0,0,0,0,0,0,4,3
268129,surprise->neutral,surprise,neutral,5,6,1,0,0,0,0,1,0,0,0,0,0,0,2,2
269106,surprise->neutral,surprise,neutral,5,6,1,0,0,0,0,1,1,0,0,0,0,0,3,3
269436,neutral->anger,neutral,anger,6,1,0,0,0,0,0,0,0,0,0,0,0,1,1,1
269848,neutral->sadness,neutral,sadness,6,4,0,0,1,1,1,0,0,0,0,0,1,0,4,3
270248,neutral->happiness,neutral,happiness,6,3,0,0,0,0,0,0,0,0,1,0,0,0,1,1
270267,anger->neutral,anger,neutral,1,6,0,0,0,0,0,0,0,0,0,1,0,1,2,2
270490,neutral->anger,neutral,anger,6,1,0,0,0,0,0,0,1,0,0,1,0,1,3,3
270507,neutral->anger,neutral,anger,6,1,0,0,0,0,0,0,1,0,0,1,0,1,3,3
270970,neutral->surprise,neutral,surprise,6,5,1,0,0,0,0,1,0,0,0,0,0,0,2,2
270983,anger->neutral,anger,neutral,1,6,0,0,0,0,0,0,1,0,0,1,0,0,2,2
271120,neutral->anger,neutral,anger,6,1,0,0,0,0,0,0,1,0,0,1,0,0,2,2
271214,surprise->neutral,surprise,neutral,5,6,1,0,0,0,0,1,0,0,0,0,0,0,2,2
271266,sadness->neutral,sadness,neutral,4,6,0,0,1,1,1,0,0,0,0,0,0,0,3,3
271329,neutral->disgust,neutral,disgust,6,2,0,1,0,1,0,0,0,0,0,0,0,0,2,2
272293,neutral->anger,neutral,anger,6,1,0,0,0,0,0,0,1,0,0,1,0,1,3,3
272488,anger->neutral,anger,neutral,1,6,0,0,0,0,0,0,1,0,0,1,0,1,3,3
272537,anger->neutral,anger,neutral,1,6,0,0,0,0,0,0,1,0,0,1,0,1,3,3
272542,happiness->neutral,happiness,neutral,3,6,0,0,0,0,0,0,0,0,1,0,0,0,1,1
272825,anger->neutral,anger,neutral,1,6,0,0,0,0,0,0,0,0,0,1,0,1,2,2
272977,neutral->anger,neutral,anger,6,1,0,0,0,0,0,0,0,0,0,1,0,1,2,2
273621,neutral->anger,neutral,anger,6,1,0,0,0,0,0,0,1,0,0,0,0,1,2,2
273829,anger->neutral,anger,neutral,1,6,0,0,0,0,0,0,1,0,0,0,0,1,2,2
273998,neutral->anger,neutral,anger,6,1,0,0,0,0,0,0,1,0,0,0,0,1,2,2
274302,neutral->anger,neutral,anger,6,1,0,0,0,0,0,0,1,0,0,1,0,1,3,3
274327,anger->neutral,anger,neutral,1,6,0,0,0,0,0,0,1,0,0,0,0,1,2,2
274429,neutral->anger,neutral,anger,6,1,0,0,0,0,0,0,1,0,0,0,0,1,2,2
274628,anger->neutral,anger,neutral,1,6,0,0,0,0,0,0,1,0,0,1,0,1,3,3
275017,disgust->neutral,disgust,neutral,2,6,0,1,0,1,0,0,0,0,0,0,0,0,2,2
275801,neutral->anger,neutral,anger,6,1,0,0,0,1,0,0,1,0,0,0,0,1,3,3
275945,neutral->anger,neutral,anger,6,1,0,0,0,1,0,0,1,0,0,0,0,1,3,3
276600,anger->neutral,anger,neutral,1,6,0,0,0,1,0,0,1,0,0,0,0,1,3,3
277731,anger->neutral,anger,neutral,1,6,0,0,0,0,0,0,1,0,0,1,0,1,3,3
277788,anger->neutral,anger,neutral,1,6,0,0,0,0,0,0,1,0,0,1,0,1,3,3
277826,neutral->sadness,neutral,sadness,6,4,0,0,1,0,1,0,0,1,1,0,1,1,6,3
277880,neutral->sadness,neutral,sadness,6,4,0,0,1,0,1,0,0,0,1,0,1,1,5,3
277902,anger->neutral,anger,neutral,1,6,0,0,0,0,0,0,0,0,0,1,0,1,2,2
278039,sadness->neutral,sadness,neutral,4,6,0,0,1,0,1,0,0,1,0,0,1,0,4,3
278076,sadness->neutral,sadness,neutral,4,6,0,0,1,0,1,0,0,1,0,0,1,0,4,3
278868,neutral->surprise,neutral,surprise,6,5,0,0,0,1,0,1,0,0,0,0,0,0,2,2
279056,surprise->neutral,surprise,neutral,5,6,0,0,0,1,0,1,0,0,0,0,0,0,2,2
279676,neutral->happiness,neutral,happiness,6,3,0,0,0,0,0,0,0,0,1,0,0,0,1,1
279894,happiness->neutral,happiness,neutral,3,6,0,0,0,0,0,0,0,0,1,0,0,0,1,1
280121,neutral->surprise,neutral,surprise,6,5,0,0,0,1,0,1,0,0,0,0,0,0,2,2
281322,neutral->surprise,neutral,surprise,6,5,0,0,0,0,0,1,0,1,0,0,1,0,3,3
281335,neutral->surprise,neutral,surprise,6,5,0,0,0,0,0,1,0,1,0,0,1,0,3,3
281629,surprise->neutral,surprise,neutral,5,6,0,0,0,0,0,1,1,1,0,1,0,1,5,3
281684,neutral->surprise,neutral,surprise,6,5,0,0,0,0,0,1,1,0,0,1,0,1,4,3
281741,surprise->neutral,surprise,neutral,5,6,0,0,0,0,0,1,1,0,0,1,1,1,5,3
281950,neutral->happiness,neutral,happiness,6,3,0,0,0,0,0,0,0,0,0,0,1,1,2,2
282079,happiness->neutral,happiness,neutral,3,6,0,0,0,0,0,0,0,1,1,0,1,1,4,3
282132,happiness->neutral,happiness,neutral,3,6,0,0,0,0,0,0,0,1,1,1,1,1,5,3
282140,neutral->happiness,neutral,happiness,6,3,0,0,0,0,0,0,0,1,1,1,1,1,5,3
282157,neutral->happiness,neutral,happiness,6,3,0,0,0,0,0,0,0,1,1,1,1,1,5,3
282173,neutral->happiness,neutral,happiness,6,3,0,0,0,0,0,0,0,1,1,1,1,1,5,3
282375,happiness->neutral,happiness,neutral,3,6,0,0,0,0,0,0,0,1,1,1,1,1,5,3
282458,neutral->happiness,neutral,happiness,6,3,0,0,0,0,0,0,0,1,1,1,1,1,5,3
282473,neutral->happiness,neutral,happiness,6,3,0,0,0,0,0,0,0,1,1,1,1,1,5,3
282489,happiness->neutral,happiness,neutral,3,6,0,0,0,0,0,0,0,1,1,1,1,1,5,3
282519,happiness->neutral,happiness,neutral,3,6,0,0,0,0,0,0,0,1,1,1,1,1,5,3
282739,happiness->neutral,happiness,neutral,3,6,0,0,0,0,0,0,0,1,1,0,1,1,4,3
282839,neutral->happiness,neutral,happiness,6,3,0,0,0,0,0,0,0,0,1,0,1,1,3,3
282980,happiness->neutral,happiness,neutral,3,6,0,0,0,0,0,0,0,0,1,0,1,1,3,3
282983,happiness->neutral,happiness,neutral,3,6,0,0,0,0,0,0,0,0,1,0,1,1,3,3
283135,neutral->happiness,neutral,happiness,6,3,0,0,0,0,0,0,0,0,0,1,0,0,1,1
283282,happiness->neutral,happiness,neutral,3,6,0,0,0,0,0,0,0,0,0,1,0,1,2,2
284132,neutral->anger,neutral,anger,6,1,1,0,0,0,0,0,0,0,0,0,0,1,2,2
284224,neutral->happiness,neutral,happiness,6,3,0,0,0,0,0,0,0,0,1,0,0,0,1,1
284349,happiness->neutral,happiness,neutral,3,6,0,0,0,0,0,0,0,0,1,0,0,0,1,1
284703,neutral->happiness,neutral,happiness,6,3,0,0,0,0,0,0,0,0,1,0,0,0,1,1
284774,sadness->neutral,sadness,neutral,4,6,0,0,0,0,0,0,0,1,0,0,0,0,1,1
284856,happiness->neutral,happiness,neutral,3,6,0,0,0,0,0,0,0,0,1,0,0,0,1,1
285078,neutral->anger,neutral,anger,6,1,0,0,0,0,0,0,0,0,0,0,0,1,1,1
285327,neutral->sadness,neutral,sadness,6,4,0,0,0,0,0,0,0,0,0,0,1,0,1,1
285680,anger->neutral,anger,neutral,1,6,0,0,0,0,0,0,0,0,0,0,0,1,1,1
286308,neutral->anger,neutral,anger,6,1,0,0,0,0,0,0,0,0,0,0,0,1,1,1
286383,anger->neutral,anger,neutral,1,6,0,0,0,0,0,0,0,0,0,0,0,1,1,1
286625,neutral->happiness,neutral,happiness,6,3,0,0,0,0,0,0,0,0,1,0,0,0,1,1
286706,happiness->neutral,happiness,neutral,3,6,0,0,0,0,0,0,0,0,1,0,0,0,1,1
287593,neutral->anger,neutral,anger,6,1,0,0,0,0,0,0,0,0,0,0,0,1,1,1
287747,anger->neutral,anger,neutral,1,6,0,0,0,0,0,0,0,0,0,0,0,1,1,1
288500,neutral->happiness,neutral,happiness,6,3,0,0,0,0,0,0,0,0,1,0,0,0,1,1
288565,happiness->neutral,happiness,neutral,3,6,0,0,0,0,0,0,0,0,1,0,0,0,1,1
288707,anger->neutral,anger,neutral,1,6,1,0,0,0,0,0,0,0,0,0,0,1,2,2
289384,neutral->sadness,neutral,sadness,6,4,0,0,0,0,0,0,0,0,0,0,0,1,1,1
289798,neutral->happiness,neutral,happiness,6,3,0,0,0,0,0,0,0,0,1,0,0,0,1,1
289903,neutral->disgust,neutral,disgust,6,2,0,0,0,0,0,0,1,0,0,0,0,0,1,1
290047,neutral->happiness,neutral,happiness,6,3,0,0,0,0,0,0,0,1,1,0,0,0,2,2
290127,neutral->anger,neutral,anger,6,1,0,0,0,0,0,0,0,0,0,1,0,0,1,1
290239,happiness->neutral,happiness,neutral,3,6,0,0,0,0,0,0,0,0,1,0,0,0,1,1
290239,disgust->neutral,disgust,neutral,2,6,0,0,0,0,0,0,1,0,0,0,0,0,1,1
290290,anger->neutral,anger,neutral,1,6,0,0,0,0,0,0,0,0,0,1,0,0,1,1
290344,happiness->neutral,happiness,neutral,3,6,0,0,0,0,0,0,0,1,1,0,1,0,3,3
290403,happiness->neutral,happiness,neutral,3,6,0,0,0,0,0,0,0,1,1,0,1,0,3,3
290591,neutral->surprise,neutral,surprise,6,5,1,0,0,0,0,0,0,0,0,1,0,0,2,2
290612,anger->neutral,anger,neutral,1,6,0,0,0,0,0,0,0,0,0,0,0,1,1,1
290671,neutral->happiness,neutral,happiness,6,3,0,0,0,0,0,0,0,0,1,0,0,0,1,1
290699,sadness->neutral,sadness,neutral,4,6,0,0,0,1,0,0,0,0,0,0,0,0,1,1
290826,happiness->neutral,happiness,neutral,3,6,0,0,0,0,0,0,0,0,1,0,0,0,1,1
290830,disgust->neutral,disgust,neutral,2,6,0,0,0,0,1,0,0,0,0,0,0,0,1,1
291030,surprise->neutral,surprise,neutral,5,6,1,0,0,0,0,0,0,0,0,1,0,0,2,2
291914,neutral->happiness,neutral,happiness,6,3,0,0,0,0,0,0,0,0,1,0,0,0,1,1
292101,happiness->neutral,happiness,neutral,3,6,0,0,0,0,0,0,0,0,1,0,0,0,1,1
292241,neutral->happiness,neutral,happiness,6,3,0,0,0,0,0,0,0,0,1,0,0,0,1,1
292421,happiness->neutral,happiness,neutral,3,6,0,0,0,0,0,0,0,0,1,0,0,0,1,1
292782,neutral->anger,neutral,anger,6,1,0,0,0,0,0,0,0,0,0,0,0,1,1,1
292856,neutral->sadness,neutral,sadness,6,4,0,0,0,0,0,1,0,1,0,0,1,0,3,3
293018,anger->neutral,anger,neutral,1,6,0,0,0,0,0,0,0,0,0,0,0,1,1,1
293038,neutral->sadness,neutral,sadness,6,4,0,0,0,0,0,1,0,0,0,0,1,0,2,2
293252,neutral->anger,neutral,anger,6,1,0,0,0,0,0,0,0,0,0,0,0,1,1,1
293383,anger->neutral,anger,neutral,1,6,0,0,0,0,0,0,0,0,0,0,0,1,1,1
293597,neutral->anger,neutral,anger,6,1,0,0,0,0,0,0,0,0,0,0,0,1,1,1
293728,anger->neutral,anger,neutral,1,6,0,0,0,0,0,0,0,0,0,0,0,1,1,1
293880,neutral->anger,neutral,anger,6,1,0,0,0,0,0,0,0,0,0,0,0,1,1,1
294425,anger->neutral,anger,neutral,1,6,0,0,0,0,0,0,0,0,0,0,0,1,1,1
294430,neutral->surprise,neutral,surprise,6,5,1,0,0,0,0,0,0,0,0,0,0,0,1,1
295281,neutral->happiness,neutral,happiness,6,3,0,0,0,0,0,0,0,0,1,0,0,0,1,1
295609,happiness->neutral,happiness,neutral,3,6,0,0,0,0,0,0,0,0,1,0,0,0,1,1
295921,neutral->happiness,neutral,happiness,6,3,0,0,0,0,0,0,0,0,1,0,0,0,1,1
296770,surprise->neutral,surprise,neutral,5,6,1,0,0,1,0,0,0,0,0,0,0,0,2,2
297990,happiness->neutral,happiness,neutral,3,6,0,0,0,0,0,0,0,0,1,0,0,0,1,1
298116,neutral->happiness,neutral,happiness,6,3,0,0,0,0,0,0,0,0,1,0,0,0,1,1
298217,happiness->neutral,happiness,neutral,3,6,0,0,0,0,0,0,0,0,1,0,0,0,1,1
298471,sadness->neutral,sadness,neutral,4,6,0,0,0,0,0,1,0,1,0,0,1,1,4,3
298572,sadness->neutral,sadness,neutral,4,6,0,0,0,0,0,1,0,1,0,0,1,1,4,3
299991,neutral->happiness,neutral,happiness,6,3,0,0,0,0,0,0,0,0,1,0,0,0,1,1
300030,happiness->neutral,happiness,neutral,3,6,0,0,0,0,0,0,0,0,1,0,0,0,1,1
300571,neutral->happiness,neutral,happiness,6,3,0,0,0,0,0,0,0,0,1,0,0,0,1,1
300968,neutral->surprise,neutral,surprise,6,5,1,0,0,0,0,0,0,0,0,0,0,0,1,1
301017,neutral->sadness,neutral,sadness,6,4,0,0,0,0,0,1,0,1,0,0,1,1,4,3
301162,sadness->neutral,sadness,neutral,4,6,0,0,0,0,0,1,0,1,0,0,1,1,4,3
301772,happiness->neutral,happiness,neutral,3,6,0,0,0,0,0,0,0,0,1,0,0,0,1,1
302326,neutral->happiness,neutral,happiness,6,3,0,0,0,0,0,0,0,0,1,0,0,0,1,1
302353,happiness->neutral,happiness,neutral,3,6,0,0,0,0,0,0,0,0,1,0,0,0,1,1
303266,neutral->sadness,neutral,sadness,6,4,0,0,0,0,0,1,0,1,1,0,0,0,3,3
303847,neutral->sadness,neutral,sadness,6,4,0,0,0,0,0,1,0,0,0,0,1,0,2,2
303971,surprise->neutral,surprise,neutral,5,6,1,0,0,1,0,0,0,0,0,0,0,0,2,2
303999,sadness->neutral,sadness,neutral,4,6,0,0,0,0,0,1,0,0,0,0,1,0,2,2
304518,neutral->sadness,neutral,sadness,6,4,0,0,0,0,0,1,0,1,0,0,0,0,2,2
304570,neutral->sadness,neutral,sadness,6,4,0,0,0,0,0,1,0,0,1,0,1,0,3,3
304579,neutral->anger,neutral,anger,6,1,0,0,0,0,0,0,0,0,0,0,0,1,1,1
304721,sadness->neutral,sadness,neutral,4,6,0,0,0,0,0,1,0,0,1,0,1,0,3,3
304764,anger->neutral,anger,neutral,1,6,0,0,0,0,0,0,0,0,0,0,0,1,1,1
304851,neutral->happiness,neutral,happiness,6,3,1,0,0,0,0,0,0,0,1,0,0,0,2,2
305311,happiness->neutral,happiness,neutral,3,6,1,0,0,0,0,0,0,0,0,0,0,0,1,1
305343,neutral->anger,neutral,anger,6,1,0,0,0,0,0,0,0,0,0,0,0,1,1,1
305368,neutral->sadness,neutral,sadness,6,4,0,0,0,0,0,1,0,0,0,0,1,0,2,2
305580,sadness->neutral,sadness,neutral,4,6,0,0,0,0,0,1,0,0,0,0,1,0,2,2
305801,anger->neutral,anger,neutral,1,6,0,0,0,0,0,0,0,0,0,0,0,1,1,1
306004,neutral->anger,neutral,anger,6,1,0,0,0,0,0,0,0,0,0,0,0,1,1,1
306035,anger->neutral,anger,neutral,1,6,0,0,0,0,0,0,0,0,0,0,0,1,1,1
306250,neutral->anger,neutral,anger,6,1,0,0,0,0,0,0,0,0,0,0,0,1,1,1
306255,neutral->sadness,neutral,sadness,6,4,0,0,0,0,0,1,0,0,0,0,1,0,2,2
306418,sadness->neutral,sadness,neutral,4,6,0,0,0,0,0,1,0,0,0,0,1,0,2,2
306781,sadness->neutral,sadness,neutral,4,6,0,0,0,0,0,1,0,0,0,0,1,0,2,2
306805,anger->neutral,anger,neutral,1,6,0,0,0,0,0,0,0,0,0,0,0,1,1,1
307902,neutral->surprise,neutral,surprise,6,5,1,0,0,1,0,0,0,0,0,0,0,0,2,2
307933,neutral->anger,neutral,anger,6,1,0,0,0,0,0,0,0,0,0,0,0,1,1,1
308261,neutral->sadness,neutral,sadness,6,4,0,0,0,0,0,1,0,0,0,0,1,0,2,2
308287,neutral->disgust,neutral,disgust,6,2,0,0,0,0,0,0,0,1,0,0,0,0,1,1
308302,anger->neutral,anger,neutral,1,6,0,0,0,0,0,0,0,0,0,0,0,1,1,1
308418,neutral->anger,neutral,anger,6,1,0,0,0,0,0,0,1,0,0,1,0,0,2,2
308420,neutral->anger,neutral,anger,6,1,0,0,0,0,0,0,1,0,0,1,0,0,2,2
308673,sadness->neutral,sadness,neutral,4,6,0,0,0,0,0,1,0,0,0,0,1,1,3,3
308713,neutral->happiness,neutral,happiness,6,3,0,0,0,0,0,0,0,0,1,0,1,0,2,2
308842,anger->neutral,anger,neutral,1,6,0,0,0,0,0,0,1,0,0,1,0,0,2,2
309083,neutral->happiness,neutral,happiness,6,3,0,0,0,0,0,0,0,0,1,1,0,1,3,3
309340,happiness->neutral,happiness,neutral,3,6,0,0,0,0,0,0,0,1,1,1,1,1,5,3
309368,happiness->neutral,happiness,neutral,3,6,0,0,0,0,0,0,0,1,1,1,1,1,5,3
309414,happiness->neutral,happiness,neutral,3,6,0,0,0,0,0,0,0,1,1,1,1,1,5,3
309559,neutral->happiness,neutral,happiness,6,3,0,0,0,0,0,0,0,0,0,1,1,1,3,3
309620,happiness->neutral,happiness,neutral,3,6,0,0,0,0,0,0,0,0,0,1,0,1,2,2
309726,happiness->neutral,happiness,neutral,3,6,0,0,0,0,0,0,0,0,1,1,0,1,3,3
309873,neutral->anger,neutral,anger,6,1,0,0,0,0,0,0,0,0,0,0,0,1,1,1
310128,anger->neutral,anger,neutral,1,6,0,0,0,0,0,0,0,0,0,0,0,1,1,1
310224,neutral->happiness,neutral,happiness,6,3,0,0,0,0,0,0,0,0,1,0,0,0,1,1
310406,happiness->neutral,happiness,neutral,3,6,0,0,0,0,0,0,0,0,1,0,0,0,1,1
310707,neutral->happiness,neutral,happiness,6,3,0,0,0,0,0,0,0,1,1,0,0,0,2,2
310869,happiness->neutral,happiness,neutral,3,6,0,0,0,0,0,0,0,1,1,0,0,0,2,2
310987,neutral->happiness,neutral,happiness,6,3,0,0,0,0,0,0,0,1,1,0,0,0,2,2
311171,neutral->happiness,neutral,happiness,6,3,0,0,0,0,0,0,0,0,0,0,0,1,1,1
311270,happiness->neutral,happiness,neutral,3,6,0,0,0,0,0,0,0,0,0,0,0,1,1,1
311441,neutral->happiness,neutral,happiness,6,3,0,0,0,0,0,0,0,0,1,0,0,0,1,1
311565,happiness->neutral,happiness,neutral,3,6,0,0,0,0,0,0,0,0,1,0,0,0,1,1
311975,neutral->happiness,neutral,happiness,6,3,0,0,0,0,0,0,0,0,1,0,0,0,1,1
312490,happiness->neutral,happiness,neutral,3,6,0,0,0,0,0,0,0,0,1,1,0,0,2,2
312893,neutral->anger,neutral,anger,6,1,1,0,0,0,0,0,0,0,0,1,0,1,3,3
313161,neutral->happiness,neutral,happiness,6,3,0,0,0,0,0,0,0,0,1,0,0,0,1,1
313301,neutral->anger,neutral,anger,6,1,1,0,0,0,0,0,0,0,0,1,0,1,3,3
313338,happiness->neutral,happiness,neutral,3,6,0,0,0,0,0,0,0,0,1,0,0,0,1,1
313348,surprise->neutral,surprise,neutral,5,6,0,0,0,1,0,0,0,0,0,0,0,0,1,1
313471,neutral->anger,neutral,anger,6,1,1,0,0,0,0,0,0,0,0,1,0,1,3,3
313709,anger->neutral,anger,neutral,1,6,1,0,0,0,0,0,0,0,0,1,0,1,3,3
313842,anger->neutral,anger,neutral,1,6,1,0,0,0,0,0,0,0,0,1,0,1,3,3
314006,neutral->anger,neutral,anger,6,1,1,0,0,0,0,0,0,0,0,1,0,1,3,3
314221,neutral->anger,neutral,anger,6,1,1,0,0,0,0,0,0,0,0,1,0,1,3,3
315004,anger->neutral,anger,neutral,1,6,1,0,0,0,0,0,0,0,0,0,0,1,2,2
315288,neutral->anger,neutral,anger,6,1,1,0,0,0,0,0,0,0,0,0,0,1,2,2
315439,anger->neutral,anger,neutral,1,6,1,0,0,0,0,0,0,0,0,0,0,1,2,2
316176,neutral->anger,neutral,anger,6,1,1,0,0,0,0,0,1,0,0,0,0,1,3,3
316181,neutral->anger,neutral,anger,6,1,1,0,0,0,0,0,1,0,0,0,0,1,3,3
316441,anger->neutral,anger,neutral,1,6,1,0,0,0,0,0,0,0,0,0,0,1,2,2
317007,neutral->happiness,neutral,happiness,6,3,0,0,0,1,0,0,0,0,1,0,0,0,2,2
317046,happiness->neutral,happiness,neutral,3,6,0,0,0,1,0,0,0,0,1,0,0,0,2,2
317138,anger->neutral,anger,neutral,1,6,1,0,0,0,0,0,1,0,0,0,0,1,3,3
317285,neutral->anger,neutral,anger,6,1,1,0,0,0,0,0,1,0,0,0,0,1,3,3
317294,neutral->anger,neutral,anger,6,1,1,0,0,0,0,0,1,0,0,0,0,1,3,3
317823,anger->neutral,anger,neutral,1,6,1,0,0,0,0,0,1,0,0,0,0,1,3,3
317840,neutral->happiness,neutral,happiness,6,3,1,0,0,1,0,0,0,0,0,0,0,0,2,2
317921,sadness->neutral,sadness,neutral,4,6,0,0,0,0,0,1,0,1,0,0,0,0,2,2
317979,surprise->neutral,surprise,neutral,5,6,0,0,0,0,0,0,0,0,0,0,1,0,1,1
317985,anger->neutral,anger,neutral,1,6,0,0,0,0,0,0,1,0,0,1,0,1,3,3
318065,anger->neutral,anger,neutral,1,6,0,0,0,0,0,0,1,0,0,1,0,1,3,3
318123,anger->neutral,anger,neutral,1,6,0,0,0,0,0,0,0,0,0,1,0,1,2,2
318333,neutral->surprise,neutral,surprise,6,5,0,0,0,0,0,0,1,0,0,1,0,0,2,2
318397,neutral->surprise,neutral,surprise,6,5,0,0,0,0,0,0,1,0,0,1,0,0,2,2
318400,surprise->neutral,surprise,neutral,5,6,0,0,0,0,0,0,1,0,0,1,0,0,2,2
318406,neutral->surprise,neutral,surprise,6,5,0,0,0,0,0,0,1,0,0,1,0,0,2,2
318430,surprise->neutral,surprise,neutral,5,6,0,0,0,0,0,0,1,0,0,1,0,0,2,2
318535,happiness->neutral,happiness,neutral,3,6,1,0,0,1,0,0,0,0,1,0,0,0,3,3
318629,neutral->sadness,neutral,sadness,6,4,1,0,0,0,0,1,0,1,0,0,1,1,5,3
318662,surprise->neutral,surprise,neutral,5,6,0,0,0,0,0,0,1,0,0,1,0,0,2,2
318847,neutral->surprise,neutral,surprise,6,5,0,0,0,0,0,0,1,0,0,0,0,0,1,1
319045,surprise->neutral,surprise,neutral,5,6,0,0,0,0,0,0,1,0,0,0,0,0,1,1
320182,neutral->sadness,neutral,sadness,6,4,1,1,0,0,0,1,0,1,0,0,0,0,4,3
320923,sadness->neutral,sadness,neutral,4,6,1,0,0,0,0,0,0,0,0,0,0,0,1,1
321286,neutral->happiness,neutral,happiness,6,3,0,0,0,0,0,0,0,0,1,0,0,0,1,1
321484,happiness->neutral,happiness,neutral,3,6,0,0,0,0,0,0,0,0,1,0,0,0,1,1
321726,neutral->happiness,neutral,happiness,6,3,0,0,0,0,0,0,0,0,1,0,0,0,1,1
321976,happiness->neutral,happiness,neutral,3,6,0,0,0,0,0,0,0,0,1,0,0,0,1,1
322093,neutral->happiness,neutral,happiness,6,3,0,0,0,0,0,0,0,0,1,0,0,0,1,1
322319,happiness->neutral,happiness,neutral,3,6,0,0,0,0,0,0,0,0,1,0,0,0,1,1
324200,neutral->happiness,neutral,happiness,6,3,0,0,0,0,0,0,0,0,1,0,0,0,1,1
324284,happiness->neutral,happiness,neutral,3,6,0,0,0,0,0,0,0,0,1,0,0,0,1,1
324325,neutral->anger,neutral,anger,6,1,0,0,1,0,0,0,0,0,0,0,0,1,2,2
324552,anger->neutral,anger,neutral,1,6,0,0,1,0,0,1,0,0,0,0,0,1,3,3
324800,neutral->happiness,neutral,happiness,6,3,0,0,0,0,0,0,0,0,1,0,0,0,1,1
325050,happiness->neutral,happiness,neutral,3,6,0,0,0,0,0,0,0,0,1,0,0,0,1,1
325758,neutral->sadness,neutral,sadness,6,4,0,1,0,0,0,0,0,1,0,0,0,0,2,2
325774,neutral->disgust,neutral,disgust,6,2,0,0,0,0,0,0,0,1,0,0,0,0,1,1
325842,neutral->sadness,neutral,sadness,6,4,0,0,0,0,0,0,0,0,0,0,1,0,1,1
328504,neutral->anger,neutral,anger,6,1,0,0,0,0,0,1,0,0,0,0,0,1,2,2
328553,disgust->neutral,disgust,neutral,2,6,0,1,0,0,0,0,0,0,0,0,0,0,1,1
328555,anger->neutral,anger,neutral,1,6,0,0,0,0,0,1,0,0,0,0,0,1,2,2
329121,neutral->sadness,neutral,sadness,6,4,0,0,0,0,1,1,0,1,1,0,1,0,5,3
329399,sadness->neutral,sadness,neutral,4,6,0,1,0,0,1,1,0,1,0,0,1,0,5,3
329445,neutral->sadness,neutral,sadness,6,4,0,1,0,0,1,0,0,1,0,0,1,0,4,3
330814,neutral->happiness,neutral,happiness,6,3,0,0,0,0,0,0,0,0,1,0,0,0,1,1
330833,neutral->disgust,neutral,disgust,6,2,0,1,0,0,0,0,0,0,0,0,0,0,1,1
330948,happiness->neutral,happiness,neutral,3,6,0,0,0,0,0,0,0,0,1,0,0,0,1,1
331529,neutral->happiness,neutral,happiness,6,3,0,0,0,0,0,0,0,0,1,0,0,0,1,1
331729,happiness->neutral,happiness,neutral,3,6,0,0,0,0,0,0,0,0,1,0,0,0,1,1
332323,neutral->anger,neutral,anger,6,1,0,0,1,0,0,0,0,0,0,0,0,1,2,2
332409,neutral->happiness,neutral,happiness,6,3,0,0,0,0,0,0,0,0,1,0,0,0,1,1
332487,happiness->neutral,happiness,neutral,3,6,0,0,0,0,0,0,0,0,1,0,0,0,1,1
332955,anger->neutral,anger,neutral,1,6,0,0,0,0,0,0,0,0,0,0,0,1,1,1
333179,neutral->anger,neutral,anger,6,1,0,0,0,0,0,1,0,0,0,0,0,1,2,2
333714,anger->neutral,anger,neutral,1,6,0,0,0,0,0,0,0,0,0,0,0,1,1,1
334256,neutral->anger,neutral,anger,6,1,0,0,0,0,0,0,0,0,0,0,0,1,1,1
334346,neutral->disgust,neutral,disgust,6,2,0,0,0,0,0,0,0,1,0,0,0,0,1,1
334582,anger->neutral,anger,neutral,1,6,0,0,0,0,0,0,0,0,0,0,0,1,1,1
334611,neutral->sadness,neutral,sadness,6,4,0,0,0,0,0,1,0,0,0,0,1,0,2,2
334893,neutral->sadness,neutral,sadness,6,4,0,0,0,0,1,1,0,0,1,0,0,0,3,3
335063,sadness->neutral,sadness,neutral,4,6,0,0,0,0,1,1,0,0,0,0,1,0,3,3
335099,neutral->happiness,neutral,happiness,6,3,0,0,0,0,0,0,0,0,1,0,0,0,1,1
335128,happiness->neutral,happiness,neutral,3,6,0,0,0,0,0,0,0,0,1,0,0,0,1,1
335216,neutral->happiness,neutral,happiness,6,3,0,0,0,0,0,0,0,0,1,0,0,0,1,1
335228,sadness->neutral,sadness,neutral,4,6,0,0,1,0,1,1,0,1,0,0,1,0,5,3
335265,neutral->sadness,neutral,sadness,6,4,0,0,1,0,1,1,0,1,0,0,1,0,5,3
335267,sadness->neutral,sadness,neutral,4,6,0,0,1,0,1,1,0,1,0,0,1,0,5,3
335280,neutral->sadness,neutral,sadness,6,4,0,0,1,0,1,1,0,1,0,0,1,0,5,3
335302,sadness->neutral,sadness,neutral,4,6,0,0,1,0,1,1,0,1,1,0,1,0,6,3
335356,sadness->neutral,sadness,neutral,4,6,0,0,1,0,1,1,0,1,1,0,1,0,6,3
335547,happiness->neutral,happiness,neutral,3,6,0,0,0,0,0,0,0,0,1,0,0,0,1,1
335653,sadness->neutral,sadness,neutral,4,6,0,1,1,0,1,1,0,0,0,0,1,0,5,3
336112,neutral->sadness,neutral,sadness,6,4,0,1,1,0,1,0,0,0,0,0,0,0,3,3
336315,neutral->disgust,neutral,disgust,6,2,0,0,0,0,0,0,0,1,0,0,0,0,1,1
336335,disgust->neutral,disgust,neutral,2,6,0,0,0,0,0,0,0,1,0,0,0,0,1,1
336672,neutral->anger,neutral,anger,6,1,0,0,0,0,0,0,0,0,0,0,0,1,1,1
336734,anger->neutral,anger,neutral,1,6,0,0,0,0,0,0,0,0,0,0,0,1,1,1
336781,neutral->anger,neutral,anger,6,1,0,0,0,0,0,0,0,0,0,0,0,1,1,1
336953,anger->neutral,anger,neutral,1,6,0,0,0,0,0,1,0,0,0,0,0,1,2,2
338140,neutral->anger,neutral,anger,6,1,0,0,1,0,0,1,0,0,0,0,0,1,3,3
338251,anger->neutral,anger,neutral,1,6,0,0,1,0,0,1,0,0,0,0,0,1,3,3
339153,neutral->anger,neutral,anger,6,1,0,0,1,0,0,0,0,0,0,0,0,1,2,2
339335,neutral->happiness,neutral,happiness,6,3,0,0,0,0,0,0,0,0,1,0,0,0,1,1
339450,happiness->neutral,happiness,neutral,3,6,0,0,0,0,0,0,0,0,1,0,0,0,1,1
339492,anger->neutral,anger,neutral,1,6,0,0,1,0,0,0,0,0,0,0,0,0,1,1
340543,neutral->disgust,neutral,disgust,6,2,0,0,0,0,0,0,0,1,0,0,0,0,1,1
340549,neutral->sadness,neutral,sadness,6,4,0,0,0,0,0,0,0,1,1,0,1,0,3,3
340625,disgust->neutral,disgust,neutral,2,6,0,0,0,0,0,0,0,1,0,0,0,0,1,1
340628,sadness->neutral,sadness,neutral,4,6,0,0,0,0,0,0,0,1,1,0,1,0,3,3
341268,neutral->sadness,neutral,sadness,6,4,0,1,0,0,0,0,0,0,0,0,1,0,2,2
341299,neutral->sadness,neutral,sadness,6,4,0,1,0,0,0,0,0,0,0,0,1,0,2,2
341308,neutral->disgust,neutral,disgust,6,2,0,0,0,0,0,0,0,1,0,0,0,0,1,1
341367,disgust->neutral,disgust,neutral,2,6,0,0,0,0,0,0,0,1,0,0,0,0,1,1
341391,sadness->neutral,sadness,neutral,4,6,0,0,0,0,0,0,0,0,0,0,1,0,1,1
341474,sadness->neutral,sadness,neutral,4,6,0,1,0,0,0,0,0,0,0,0,0,0,1,1
341957,neutral->happiness,neutral,happiness,6,3,0,0,0,0,0,0,0,0,1,0,0,0,1,1
342116,happiness->neutral,happiness,neutral,3,6,0,0,0,0,0,0,0,0,1,0,0,0,1,1
342375,neutral->happiness,neutral,happiness,6,3,0,0,0,0,0,0,0,0,1,0,0,0,1,1
342645,happiness->neutral,happiness,neutral,3,6,0,0,0,0,0,0,0,0,1,0,0,0,1,1
342776,neutral->sadness,neutral,sadness,6,4,0,1,0,0,0,0,0,1,0,0,1,0,3,3
342777,neutral->sadness,neutral,sadness,6,4,0,1,0,0,0,0,0,1,0,0,1,0,3,3
342869,sadness->neutral,sadness,neutral,4,6,0,0,0,0,0,0,0,1,0,0,1,0,2,2
342881,sadness->neutral,sadness,neutral,4,6,0,1,0,0,0,0,0,1,0,0,1,0,3,3
343175,neutral->happiness,neutral,happiness,6,3,0,0,0,0,0,0,0,0,1,0,0,0,1,1
343401,happiness->neutral,happiness,neutral,3,6,0,0,0,0,0,0,0,0,1,0,0,0,1,1
343532,neutral->happiness,neutral,happiness,6,3,0,0,0,0,0,0,0,0,1,0,0,0,1,1
343749,happiness->neutral,happiness,neutral,3,6,0,0,0,0,0,0,0,0,1,0,0,0,1,1
343853,neutral->sadness,neutral,sadness,6,4,0,1,0,0,0,0,0,1,1,0,1,0,4,3
343872,neutral->sadness,neutral,sadness,6,4,0,0,0,0,0,0,0,1,1,0,1,0,3,3
343898,neutral->sadness,neutral,sadness,6,4,0,0,0,0,0,0,0,1,1,0,1,0,3,3
344022,sadness->neutral,sadness,neutral,4,6,0,0,0,0,0,0,0,1,0,0,1,0,2,2
344033,sadness->neutral,sadness,neutral,4,6,0,0,0,0,0,0,0,1,0,0,1,0,2,2
346747,neutral->happiness,neutral,happiness,6,3,0,0,0,0,0,0,0,0,1,0,0,0,1,1
346865,happiness->neutral,happiness,neutral,3,6,0,0,0,0,0,0,0,0,1,0,0,0,1,1
347547,neutral->sadness,neutral,sadness,6,4,0,1,0,0,0,0,0,1,0,0,1,0,3,3
347551,neutral->sadness,neutral,sadness,6,4,0,1,0,0,0,0,0,1,0,0,1,0,3,3
347584,neutral->sadness,neutral,sadness,6,4,0,1,0,0,0,0,0,1,0,0,1,0,3,3
347725,sadness->neutral,sadness,neutral,4,6,0,0,0,0,0,0,0,1,0,0,1,0,2,2
347726,sadness->neutral,sadness,neutral,4,6,0,0,0,0,0,0,0,1,0,0,1,0,2,2
349296,sadness->neutral,sadness,neutral,4,6,0,1,1,0,0,0,0,0,1,0,0,0,3,3
349699,neutral->sadness,neutral,sadness,6,4,0,1,1,0,0,0,0,0,1,0,0,0,3,3
350114,sadness->neutral,sadness,neutral,4,6,0,1,1,0,0,0,0,0,0,0,0,0,2,2
350224,neutral->sadness,neutral,sadness,6,4,0,1,1,0,0,0,0,0,0,0,0,0,2,2
350918,neutral->sadness,neutral,sadness,6,4,0,0,0,0,0,0,0,1,1,0,0,0,2,2
350972,sadness->neutral,sadness,neutral,4,6,0,0,0,0,0,0,0,1,1,0,0,0,2,2
350989,neutral->sadness,neutral,sadness,6,4,0,0,0,0,0,0,0,1,1,0,0,0,2,2
351163,neutral->sadness,neutral,sadness,6,4,0,0,0,0,0,0,0,1,1,0,1,0,3,3
351174,sadness->neutral,sadness,neutral,4,6,0,0,0,0,0,0,0,1,1,0,1,0,3,3
351705,sadness->neutral,sadness,neutral,4,6,0,0,0,0,0,0,0,1,0,0,0,0,1,1
352484,neutral->anger,neutral,anger,6,1,0,0,1,0,0,0,0,0,0,0,0,1,2,2
352567,anger->neutral,anger,neutral,1,6,0,0,1,0,0,0,0,0,0,0,0,1,2,2
352988,neutral->happiness,neutral,happiness,6,3,0,0,0,0,0,0,0,0,1,0,0,0,1,1
352990,neutral->anger,neutral,anger,6,1,0,0,1,0,0,0,0,0,0,0,0,1,2,2
353167,happiness->neutral,happiness,neutral,3,6,0,0,0,0,0,0,0,0,1,0,0,0,1,1
353179,anger->neutral,anger,neutral,1,6,0,0,0,0,0,0,0,0,0,0,0,1,1,1
353804,neutral->sadness,neutral,sadness,6,4,0,0,0,0,0,0,0,0,0,0,1,0,1,1
353947,sadness->neutral,sadness,neutral,4,6,0,0,0,0,0,0,0,1,1,0,1,0,3,3
353975,sadness->neutral,sadness,neutral,4,6,0,0,0,0,0,0,0,0,1,0,1,0,2,2
354000,sadness->neutral,sadness,neutral,4,6,0,1,0,0,0,0,0,0,1,0,1,0,3,3
354926,neutral->sadness,neutral,sadness,6,4,0,1,0,0,0,0,0,1,1,0,1,0,4,3
355771,sadness->neutral,sadness,neutral,4,6,0,1,0,0,1,0,0,0,0,0,1,1,4,3
356688,neutral->sadness,neutral,sadness,6,4,0,1,0,0,0,0,0,0,0,0,0,0,1,1
356737,neutral->disgust,neutral,disgust,6,2,0,0,0,0,0,0,0,1,0,0,0,0,1,1
356829,disgust->neutral,disgust,neutral,2,6,0,0,0,0,0,0,0,1,0,0,0,0,1,1
357169,neutral->sadness,neutral,sadness,6,4,0,1,0,0,0,0,0,0,1,0,0,0,2,2
357213,sadness->neutral,sadness,neutral,4,6,0,1,0,0,0,0,0,0,1,0,0,0,2,2
357230,neutral->sadness,neutral,sadness,6,4,0,1,0,0,0,0,0,0,1,0,0,0,2,2
357266,neutral->sadness,neutral,sadness,6,4,0,1,0,0,0,0,0,0,1,0,0,0,2,2
357296,sadness->neutral,sadness,neutral,4,6,0,1,0,0,0,0,0,0,1,0,0,0,2,2
357405,neutral->sadness,neutral,sadness,6,4,0,1,0,0,0,0,0,0,1,0,0,0,2,2
357606,neutral->happiness,neutral,happiness,6,3,0,0,0,0,0,0,0,0,1,0,0,0,1,1
357747,happiness->neutral,happiness,neutral,3,6,0,0,0,0,0,0,0,0,1,0,0,0,1,1
358133,neutral->sadness,neutral,sadness,6,4,0,0,0,0,0,0,0,0,1,0,1,0,2,2
358302,sadness->neutral,sadness,neutral,4,6,0,0,0,0,0,0,0,0,1,0,1,0,2,2
358590,neutral->sadness,neutral,sadness,6,4,0,0,0,0,0,0,0,0,0,0,1,0,1,1
358639,neutral->anger,neutral,anger,6,1,0,0,1,0,0,0,0,0,0,0,0,1,2,2
358657,sadness->neutral,sadness,neutral,4,6,0,0,0,0,0,0,0,0,0,0,1,0,1,1
358768,anger->neutral,anger,neutral,1,6,0,0,1,0,0,0,0,0,0,0,0,1,2,2
359197,neutral->sadness,neutral,sadness,6,4,0,0,0,0,0,0,0,0,1,0,1,0,2,2
360263,neutral->happiness,neutral,happiness,6,3,0,0,0,0,0,0,0,0,1,0,0,0,1,1
360340,happiness->neutral,happiness,neutral,3,6,0,0,0,0,0,0,0,0,1,0,0,0,1,1
360459,sadness->neutral,sadness,neutral,4,6,0,0,0,0,0,0,0,1,0,0,1,0,2,2
360528,sadness->neutral,sadness,neutral,4,6,0,1,0,0,0,0,0,1,0,0,1,0,3,3
360894,neutral->happiness,neutral,happiness,6,3,0,0,0,0,0,0,0,0,1,0,0,0,1,1
360923,happiness->neutral,happiness,neutral,3,6,0,0,0,0,0,0,0,0,1,0,0,0,1,1
362661,neutral->sadness,neutral,sadness,6,4,0,1,0,1,1,0,0,1,0,0,1,1,6,3
363591,neutral->sadness,neutral,sadness,6,4,1,1,0,0,1,0,0,1,0,0,1,0,5,3
363655,neutral->sadness,neutral,sadness,6,4,1,1,0,0,1,0,0,0,0,0,1,0,4,3
363695,neutral->sadness,neutral,sadness,6,4,1,1,0,0,1,0,0,0,0,0,1,0,4,3
363765,sadness->neutral,sadness,neutral,4,6,1,1,0,0,1,0,0,0,0,0,1,0,4,3
363769,neutral->sadness,neutral,sadness,6,4,1,1,0,0,1,0,0,0,0,0,1,0,4,3
364172,sadness->neutral,sadness,neutral,4,6,1,0,0,0,1,0,0,0,0,0,0,0,2,2
364494,sadness->neutral,sadness,neutral,4,6,1,0,0,1,0,0,0,0,0,0,0,0,2,2
364926,sadness->neutral,sadness,neutral,4,6,0,0,0,0,0,0,0,1,0,0,1,0,2,2
365011,neutral->anger,neutral,anger,6,1,0,0,0,0,0,0,0,0,0,0,0,1,1,1
365046,anger->neutral,anger,neutral,1,6,0,0,0,0,0,0,0,0,0,0,0,1,1,1
365061,sadness->neutral,sadness,neutral,4,6,0,0,0,0,0,0,0,1,0,0,0,0,1,1
365102,neutral->happiness,neutral,happiness,6,3,0,0,0,0,0,0,0,0,1,0,0,0,1,1
365268,happiness->neutral,happiness,neutral,3,6,0,0,0,0,0,0,0,0,1,0,0,0,1,1
365466,neutral->sadness,neutral,sadness,6,4,0,0,0,0,0,0,0,1,0,0,0,0,1,1
365480,sadness->neutral,sadness,neutral,4,6,0,0,0,0,0,0,0,1,0,0,0,0,1,1
365481,neutral->sadness,neutral,sadness,6,4,0,0,0,0,0,0,0,1,0,0,0,0,1,1
365649,sadness->neutral,sadness,neutral,4,6,0,0,0,0,0,0,0,1,0,0,0,0,1,1
365823,neutral->sadness,neutral,sadness,6,4,0,0,0,0,0,0,0,1,0,0,0,0,1,1
365861,sadness->neutral,sadness,neutral,4,6,0,0,0,0,0,0,0,1,0,0,0,0,1,1
365913,neutral->sadness,neutral,sadness,6,4,0,0,0,0,0,0,0,1,0,0,0,0,1,1
365932,sadness->neutral,sadness,neutral,4,6,0,0,0,0,0,0,0,1,0,0,0,0,1,1
366035,neutral->sadness,neutral,sadness,6,4,0,0,0,0,0,0,0,1,0,0,0,0,1,1
366190,neutral->happiness,neutral,happiness,6,3,0,0,0,0,0,0,0,0,1,0,0,0,1,1
366372,happiness->neutral,happiness,neutral,3,6,0,0,0,0,0,0,0,0,1,0,0,0,1,1
366579,neutral->happiness,neutral,happiness,6,3,0,0,0,0,0,0,0,0,1,0,0,0,1,1
366723,neutral->sadness,neutral,sadness,6,4,0,0,0,0,0,0,0,1,0,0,0,0,1,1
366779,happiness->neutral,happiness,neutral,3,6,0,0,0,0,0,0,0,0,1,0,0,0,1,1
366783,neutral->sadness,neutral,sadness,6,4,0,0,0,0,0,0,0,0,0,0,1,0,1,1
366848,neutral->anger,neutral,anger,6,1,0,0,0,0,0,0,0,0,0,0,0,1,1,1
366875,sadness->neutral,sadness,neutral,4,6,0,0,0,0,0,0,0,0,0,0,1,0,1,1
366947,anger->neutral,anger,neutral,1,6,0,0,0,0,0,0,0,0,0,0,0,1,1,1
367565,neutral->sadness,neutral,sadness,6,4,0,0,0,0,0,0,0,0,0,0,1,0,1,1
367658,neutral->anger,neutral,anger,6,1,0,0,0,0,0,0,0,0,0,0,0,1,1,1
367820,neutral->happiness,neutral,happiness,6,3,0,0,0,0,0,0,0,0,1,0,0,0,1,1
367828,anger->neutral,anger,neutral,1,6,0,0,0,0,0,0,0,0,0,0,0,1,1,1
367902,happiness->neutral,happiness,neutral,3,6,0,0,0,0,0,0,0,0,1,0,0,0,1,1
367998,sadness->neutral,sadness,neutral,4,6,0,0,0,0,0,0,0,1,0,0,1,0,2,2
368029,sadness->neutral,sadness,neutral,4,6,0,0,0,0,0,0,0,1,0,0,1,0,2,2
368287,neutral->sadness,neutral,sadness,6,4,0,0,0,0,0,0,0,0,0,0,1,1,2,2
368368,neutral->happiness,neutral,happiness,6,3,0,0,0,0,0,0,0,0,1,0,0,0,1,1
368447,sadness->neutral,sadness,neutral,4,6,0,0,0,0,0,0,0,1,0,0,1,1,3,3
368733,neutral->sadness,neutral,sadness,6,4,1,0,0,0,0,0,0,1,1,0,1,1,5,3
368993,happiness->neutral,happiness,neutral,3,6,0,0,0,0,0,0,0,0,1,0,0,0,1,1
369144,neutral->happiness,neutral,happiness,6,3,0,0,0,0,0,0,0,0,1,0,0,0,1,1
369320,happiness->neutral,happiness,neutral,3,6,0,0,0,0,0,0,0,0,1,0,0,0,1,1
369436,sadness->neutral,sadness,neutral,4,6,1,0,0,0,0,0,0,0,0,0,1,0,2,2
369458,neutral->happiness,neutral,happiness,6,3,0,0,0,0,0,0,0,0,1,0,0,0,1,1
369620,happiness->neutral,happiness,neutral,3,6,0,0,0,0,0,0,0,0,1,0,0,0,1,1
370065,neutral->sadness,neutral,sadness,6,4,1,0,0,1,0,0,0,1,0,0,1,0,4,3
370104,neutral->sadness,neutral,sadness,6,4,1,0,0,1,0,0,0,1,0,0,1,0,4,3
371046,sadness->neutral,sadness,neutral,4,6,1,0,0,0,0,0,0,1,0,0,1,0,3,3
371262,neutral->happiness,neutral,happiness,6,3,0,0,0,0,0,0,0,0,1,0,0,0,1,1
371341,happiness->neutral,happiness,neutral,3,6,0,0,0,0,0,0,0,0,1,0,0,0,1,1
371415,neutral->happiness,neutral,happiness,6,3,0,0,0,0,0,0,0,0,1,0,0,0,1,1
371573,sadness->neutral,sadness,neutral,4,6,0,0,0,1,0,0,0,1,0,0,1,0,3,3
371616,neutral->surprise,neutral,surprise,6,5,1,0,0,0,0,0,0,0,0,0,0,0,1,1
371714,neutral->surprise,neutral,surprise,6,5,1,0,0,0,0,0,0,0,0,0,1,0,2,2
371734,neutral->sadness,neutral,sadness,6,4,0,0,0,1,0,0,0,1,0,0,0,0,2,2
371898,happiness->neutral,happiness,neutral,3,6,0,0,0,0,0,0,0,0,1,0,0,0,1,1
372206,neutral->happiness,neutral,happiness,6,3,0,0,0,0,0,0,0,0,1,0,0,0,1,1
372342,happiness->neutral,happiness,neutral,3,6,0,0,0,0,0,0,0,0,1,0,0,0,1,1
372523,neutral->happiness,neutral,happiness,6,3,0,0,0,0,0,0,0,0,1,0,0,0,1,1
372621,happiness->neutral,happiness,neutral,3,6,0,0,0,0,0,0,0,0,1,0,0,0,1,1
373105,surprise->neutral,surprise,neutral,5,6,1,0,0,0,0,0,0,0,0,0,0,0,1,1
373306,neutral->happiness,neutral,happiness,6,3,0,0,0,0,0,0,0,0,1,0,0,0,1,1
373358,happiness->neutral,happiness,neutral,3,6,0,0,0,0,0,0,0,0,1,0,0,0,1,1
374101,neutral->happiness,neutral,happiness,6,3,0,0,0,0,0,0,0,0,1,0,0,0,1,1
374537,happiness->neutral,happiness,neutral,3,6,0,0,0,0,0,0,0,0,1,0,0,0,1,1
374591,neutral->happiness,neutral,happiness,6,3,0,0,0,0,0,0,0,0,1,0,0,0,1,1
374716,happiness->neutral,happiness,neutral,3,6,0,0,0,0,0,0,0,0,1,0,0,0,1,1
375759,neutral->happiness,neutral,happiness,6,3,0,0,0,0,0,0,0,0,1,0,0,0,1,1
375895,happiness->neutral,happiness,neutral,3,6,0,0,0,0,0,0,0,0,1,0,0,0,1,1
376068,neutral->anger,neutral,anger,6,1,0,0,0,0,0,0,1,0,0,1,0,0,2,2
376121,sadness->neutral,sadness,neutral,4,6,1,0,0,0,0,0,0,1,0,0,0,1,3,3
376127,surprise->neutral,surprise,neutral,5,6,0,0,0,0,0,0,0,0,0,0,1,0,1,1
376127,neutral->anger,neutral,anger,6,1,0,0,0,0,0,0,1,0,0,1,0,0,2,2
376210,anger->neutral,anger,neutral,1,6,0,0,0,0,0,0,1,0,0,1,0,0,2,2
376247,anger->neutral,anger,neutral,1,6,0,0,0,0,0,0,1,0,0,1,0,0,2,2
376486,neutral->happiness,neutral,happiness,6,3,0,0,0,0,0,0,0,0,1,0,0,1,2,2
376505,neutral->sadness,neutral,sadness,6,4,1,0,0,1,0,0,0,0,1,0,0,0,3,3
376671,neutral->happiness,neutral,happiness,6,3,0,0,0,0,0,0,0,1,1,0,1,0,3,3
376903,neutral->happiness,neutral,happiness,6,3,0,0,0,0,0,0,0,1,1,0,0,0,2,2
377184,happiness->neutral,happiness,neutral,3,6,0,0,0,0,0,0,0,1,1,0,0,0,2,2
377313,neutral->happiness,neutral,happiness,6,3,0,0,0,0,0,0,0,1,1,0,0,0,2,2
377322,neutral->happiness,neutral,happiness,6,3,0,0,0,0,0,0,0,1,1,0,0,0,2,2
377424,happiness->neutral,happiness,neutral,3,6,0,0,0,0,0,0,0,1,1,0,0,0,2,2
377470,happiness->neutral,happiness,neutral,3,6,0,0,0,0,0,0,0,1,1,0,0,0,2,2
377531,sadness->neutral,sadness,neutral,4,6,1,0,0,1,0,0,0,0,0,0,0,0,2,2
377722,disgust->neutral,disgust,neutral,2,6,0,0,0,0,0,0,0,0,0,0,0,1,1,1
377787,happiness->neutral,happiness,neutral,3,6,0,0,0,0,0,0,0,1,1,0,1,1,4,3
377885,neutral->happiness,neutral,happiness,6,3,0,0,0,0,0,0,0,1,1,0,0,1,3,3
378204,neutral->sadness,neutral,sadness,6,4,1,0,0,0,0,0,0,0,0,0,1,0,2,2
378215,happiness->neutral,happiness,neutral,3,6,0,0,0,0,0,0,0,0,1,0,0,0,1,1
379009,neutral->surprise,neutral,surprise,6,5,0,0,0,0,0,0,1,0,0,0,0,0,1,1
379433,surprise->neutral,surprise,neutral,5,6,0,0,0,0,0,0,1,0,0,0,0,0,1,1
380057,neutral->anger,neutral,anger,6,1,1,0,0,0,0,0,0,0,0,0,0,1,2,2
381571,neutral->happiness,neutral,happiness,6,3,0,0,0,0,0,0,0,0,1,0,0,0,1,1
382055,happiness->neutral,happiness,neutral,3,6,0,0,0,0,0,0,0,0,1,0,0,0,1,1
382222,neutral->anger,neutral,anger,6,1,1,0,0,1,0,0,0,0,0,0,0,1,3,3
382695,neutral->anger,neutral,anger,6,1,1,0,0,1,0,0,0,0,0,0,0,1,3,3
382894,neutral->anger,neutral,anger,6,1,1,0,0,1,0,0,1,0,0,0,0,1,4,3
383380,neutral->happiness,neutral,happiness,6,3,1,0,0,0,0,0,0,0,1,0,0,0,2,2
383532,happiness->neutral,happiness,neutral,3,6,1,0,0,0,0,0,0,0,1,0,0,0,2,2
383692,anger->neutral,anger,neutral,1,6,1,0,0,1,0,0,1,0,0,0,0,0,3,3
384883,neutral->anger,neutral,anger,6,1,0,0,0,1,0,0,1,0,0,0,0,1,3,3
386044,neutral->happiness,neutral,happiness,6,3,0,0,0,0,0,0,0,0,1,0,0,0,1,1
386081,neutral->anger,neutral,anger,6,1,0,0,0,1,0,0,0,0,0,1,0,1,3,3
386140,anger->neutral,anger,neutral,1,6,0,0,0,1,0,0,0,0,0,1,0,1,3,3
386147,happiness->neutral,happiness,neutral,3,6,0,0,0,0,0,0,0,0,1,0,0,0,1,1
386243,neutral->anger,neutral,anger,6,1,0,0,0,1,0,0,0,0,0,1,0,1,3,3
386325,anger->neutral,anger,neutral,1,6,0,0,0,1,0,0,0,0,0,0,0,1,2,2
386566,neutral->anger,neutral,anger,6,1,0,0,0,1,0,0,0,0,0,0,0,1,2,2
386701,neutral->happiness,neutral,happiness,6,3,0,0,0,0,0,0,0,0,1,0,0,0,1,1
386898,happiness->neutral,happiness,neutral,3,6,0,0,0,0,0,0,0,0,1,0,0,0,1,1
387056,anger->neutral,anger,neutral,1,6,0,0,0,1,0,0,1,0,0,1,0,0,3,3
387095,anger->neutral,anger,neutral,1,6,0,0,0,1,0,0,1,0,0,1,0,0,3,3
387227,surprise->neutral,surprise,neutral,5,6,0,0,0,0,1,0,0,0,0,0,0,0,1,1
387802,anger->neutral,anger,neutral,1,6,1,0,0,1,0,0,0,0,0,0,0,1,3,3
388125,neutral->happiness,neutral,happiness,6,3,0,0,0,0,0,0,0,0,1,0,0,0,1,1
388307,happiness->neutral,happiness,neutral,3,6,0,0,0,0,0,0,0,0,1,0,0,0,1,1
388356,anger->neutral,anger,neutral,1,6,1,0,0,0,0,0,0,0,0,0,0,1,2,2
389190,anger->neutral,anger,neutral,1,6,0,0,0,0,0,0,0,0,0,0,0,1,1,1
389298,sadness->neutral,sadness,neutral,4,6,0,0,0,0,0,0,0,1,0,0,1,0,2,2
389344,sadness->neutral,sadness,neutral,4,6,0,0,0,1,0,0,0,1,0,0,1,0,3,3
389345,neutral->sadness,neutral,sadness,6,4,0,0,0,1,0,0,0,1,0,0,1,0,3,3
389517,neutral->happiness,neutral,happiness,6,3,0,0,0,0,0,0,0,1,1,0,1,0,3,3
389557,neutral->happiness,neutral,happiness,6,3,0,0,0,0,0,0,0,1,1,0,1,1,4,3
389617,neutral->happiness,neutral,happiness,6,3,0,0,0,0,0,0,0,1,1,0,1,1,4,3
389644,neutral->happiness,neutral,happiness,6,3,0,0,0,0,0,0,0,1,1,0,1,1,4,3
389678,neutral->sadness,neutral,sadness,6,4,1,0,0,0,0,0,0,0,0,0,0,0,1,1
389852,neutral->sadness,neutral,sadness,6,4,1,0,0,1,0,0,1,0,0,0,0,0,3,3
390057,happiness->neutral,happiness,neutral,3,6,0,0,0,0,0,0,0,1,1,0,1,1,4,3
390061,happiness->neutral,happiness,neutral,3,6,0,0,0,0,0,0,0,1,1,0,1,1,4,3
390064,happiness->neutral,happiness,neutral,3,6,0,0,0,0,0,0,0,1,1,0,1,1,4,3
390114,happiness->neutral,happiness,neutral,3,6,0,0,0,0,0,0,0,1,1,0,1,1,4,3
390149,neutral->anger,neutral,anger,6,1,0,0,0,0,0,0,0,0,0,1,0,1,2,2
390166,neutral->happiness,neutral,happiness,6,3,0,0,0,0,0,0,0,1,1,0,0,1,3,3
390222,sadness->neutral,sadness,neutral,4,6,1,0,0,0,0,0,1,0,0,0,0,0,2,2
390251,neutral->happiness,neutral,happiness,6,3,0,0,0,0,0,0,0,0,1,0,0,1,2,2
390311,happiness->neutral,happiness,neutral,3,6,0,0,0,0,0,0,0,0,1,0,0,0,1,1
390337,neutral->happiness,neutral,happiness,6,3,0,0,0,0,0,0,0,0,1,0,0,0,1,1
390341,neutral->anger,neutral,anger,6,1,0,0,0,0,0,0,0,0,0,1,1,1,3,3
390387,neutral->anger,neutral,anger,6,1,1,0,0,0,0,0,0,0,0,1,1,1,4,3
390424,anger->neutral,anger,neutral,1,6,1,0,0,0,0,0,0,0,0,1,1,1,4,3
390450,neutral->anger,neutral,anger,6,1,1,0,0,0,0,0,0,0,0,1,1,1,4,3
390464,neutral->anger,neutral,anger,6,1,1,0,0,0,0,0,0,0,0,1,1,1,4,3
390524,disgust->neutral,disgust,neutral,2,6,0,0,0,1,0,0,0,0,0,0,0,0,1,1
390533,anger->neutral,anger,neutral,1,6,1,0,0,0,0,0,0,0,0,1,1,1,4,3
390576,neutral->anger,neutral,anger,6,1,1,0,0,1,0,0,0,0,0,1,1,1,5,3
390659,happiness->neutral,happiness,neutral,3,6,0,0,0,0,0,0,0,0,1,0,0,0,1,1
390785,neutral->happiness,neutral,happiness,6,3,0,0,0,0,0,0,0,0,1,0,0,0,1,1
390824,happiness->neutral,happiness,neutral,3,6,0,0,0,0,0,0,0,0,1,0,0,0,1,1
390886,neutral->happiness,neutral,happiness,6,3,0,0,0,0,0,0,0,0,1,0,0,0,1,1
390966,neutral->surprise,neutral,surprise,6,5,0,0,0,1,0,0,0,0,0,0,0,0,1,1
390978,anger->neutral,anger,neutral,1,6,1,0,0,0,0,0,0,0,0,1,0,1,3,3
391012,happiness->neutral,happiness,neutral,3,6,0,0,0,0,0,0,0,0,1,0,0,0,1,1
391289,neutral->happiness,neutral,happiness,6,3,0,0,0,0,0,0,0,0,1,0,0,0,1,1
391389,happiness->neutral,happiness,neutral,3,6,0,0,0,0,0,0,0,0,1,0,0,0,1,1
391405,anger->neutral,anger,neutral,1,6,1,0,0,0,0,0,0,0,0,1,0,0,2,2
391823,neutral->anger,neutral,anger,6,1,1,0,0,0,0,0,0,0,0,1,1,0,3,3
392028,anger->neutral,anger,neutral,1,6,1,0,0,0,0,0,0,0,0,1,1,0,3,3
392054,neutral->anger,neutral,anger,6,1,1,0,0,0,0,0,0,0,0,1,1,0,3,3
392121,neutral->happiness,neutral,happiness,6,3,0,0,0,0,0,0,0,0,1,0,0,0,1,1
392349,happiness->neutral,happiness,neutral,3,6,0,0,0,0,0,0,0,0,1,0,0,0,1,1
392615,neutral->anger,neutral,anger,6,1,0,0,0,0,0,0,0,0,0,1,1,0,2,2
392660,neutral->happiness,neutral,happiness,6,3,0,0,0,0,0,0,0,0,1,0,0,0,1,1
392802,happiness->neutral,happiness,neutral,3,6,0,0,0,0,0,0,0,0,1,0,0,0,1,1
392820,anger->neutral,anger,neutral,1,6,0,0,0,0,0,0,0,0,0,1,1,0,2,2
392954,neutral->anger,neutral,anger,6,1,0,0,0,0,0,0,0,0,0,1,1,0,2,2
393453,anger->neutral,anger,neutral,1,6,0,0,0,1,0,0,0,0,0,1,1,0,3,3
393475,neutral->anger,neutral,anger,6,1,0,0,0,1,0,0,0,0,0,1,1,0,3,3
394130,anger->neutral,anger,neutral,1,6,0,0,0,0,0,0,0,0,0,1,1,0,2,2
394232,neutral->happiness,neutral,happiness,6,3,0,0,0,0,0,0,0,0,1,0,0,0,1,1
394260,neutral->anger,neutral,anger,6,1,0,0,0,0,0,0,0,0,0,1,1,0,2,2
394510,happiness->neutral,happiness,neutral,3,6,0,0,0,0,0,0,0,0,1,0,0,0,1,1
394800,neutral->happiness,neutral,happiness,6,3,0,0,0,0,0,0,0,0,1,0,0,0,1,1
394852,happiness->neutral,happiness,neutral,3,6,0,0,0,0,0,0,0,0,1,0,0,0,1,1
394916,anger->neutral,anger,neutral,1,6,0,0,0,0,0,0,0,0,0,1,1,0,2,2
394926,neutral->surprise,neutral,surprise,6,5,1,0,0,0,0,0,0,0,0,0,0,0,1,1
395084,neutral->anger,neutral,anger,6,1,0,0,0,0,0,0,0,0,0,1,1,0,2,2
395470,anger->neutral,anger,neutral,1,6,0,0,0,0,0,0,0,0,0,1,1,0,2,2
396301,neutral->anger,neutral,anger,6,1,0,0,0,0,0,0,0,0,0,1,1,0,2,2
396653,anger->neutral,anger,neutral,1,6,0,0,0,1,0,0,0,0,0,1,0,0,2,2
396715,neutral->disgust,neutral,disgust,6,2,0,0,0,0,0,0,0,0,0,0,0,1,1,1
397081,disgust->neutral,disgust,neutral,2,6,0,0,0,0,0,0,0,0,0,0,0,1,1,1
397566,neutral->happiness,neutral,happiness,6,3,0,0,0,0,0,0,0,0,1,0,1,0,2,2
397626,surprise->neutral,surprise,neutral,5,6,1,0,0,0,0,0,0,0,0,0,0,0,1,1
397921,happiness->neutral,happiness,neutral,3,6,0,0,0,0,0,0,0,0,0,0,1,0,1,1
397934,neutral->happiness,neutral,happiness,6,3,0,0,0,0,0,0,0,0,0,0,1,0,1,1
398176,happiness->neutral,happiness,neutral,3,6,0,0,0,0,0,0,0,0,1,0,0,0,1,1
398241,neutral->happiness,neutral,happiness,6,3,0,0,0,0,0,0,0,0,1,0,0,0,1,1
398956,happiness->neutral,happiness,neutral,3,6,0,0,0,0,0,0,0,0,1,0,0,0,1,1
399129,neutral->surprise,neutral,surprise,6,5,0,0,0,1,0,0,0,0,0,0,0,0,1,1
400264,anger->neutral,anger,neutral,1,6,0,0,0,0,0,1,0,0,0,0,1,0,2,2
400382,neutral->happiness,neutral,happiness,6,3,0,0,0,0,0,0,0,0,1,0,0,0,1,1
400832,happiness->neutral,happiness,neutral,3,6,0,0,0,0,0,0,0,0,1,0,0,0,1,1
401083,neutral->happiness,neutral,happiness,6,3,0,0,0,0,0,0,0,0,1,0,0,0,1,1
401102,neutral->anger,neutral,anger,6,1,0,0,0,0,0,0,0,0,0,0,1,1,2,2
401302,neutral->surprise,neutral,surprise,6,5,1,0,0,1,0,0,0,0,0,0,0,0,2,2
401312,happiness->neutral,happiness,neutral,3,6,0,0,0,0,0,0,0,0,1,0,0,0,1,1
401445,anger->neutral,anger,neutral,1,6,0,0,0,0,0,0,0,0,0,0,1,1,2,2
401498,neutral->anger,neutral,anger,6,1,0,0,0,0,0,0,0,0,0,0,1,1,2,2
401817,neutral->happiness,neutral,happiness,6,3,0,0,0,0,0,0,0,0,1,0,0,0,1,1
401899,sadness->neutral,sadness,neutral,4,6,0,0,0,0,0,0,1,0,1,0,0,0,2,2
401921,happiness->neutral,happiness,neutral,3,6,0,0,0,0,0,0,0,0,1,0,0,0,1,1
401924,neutral->anger,neutral,anger,6,1,0,0,0,0,0,1,0,0,0,0,0,1,2,2
402129,anger->neutral,anger,neutral,1,6,0,0,0,0,0,0,0,0,0,0,0,1,1,1
402817,happiness->neutral,happiness,neutral,3,6,0,0,0,0,0,0,0,0,0,0,1,0,1,1
402864,neutral->anger,neutral,anger,6,1,0,0,0,0,0,1,0,0,0,0,1,0,2,2
402954,surprise->neutral,surprise,neutral,5,6,1,0,0,1,0,0,0,0,0,0,0,0,2,2
404485,neutral->happiness,neutral,happiness,6,3,0,0,0,0,0,0,0,0,1,0,0,0,1,1
404623,surprise->neutral,surprise,neutral,5,6,0,0,0,1,0,0,0,0,0,0,0,0,1,1
405128,happiness->neutral,happiness,neutral,3,6,0,0,0,0,0,0,0,0,1,0,0,0,1,1
405345,neutral->happiness,neutral,happiness,6,3,0,0,0,0,0,0,0,0,1,0,0,0,1,1
405646,happiness->neutral,happiness,neutral,3,6,0,0,0,0,0,0,0,0,1,0,1,0,2,2
405726,neutral->anger,neutral,anger,6,1,0,0,0,0,0,1,0,0,0,0,1,0,2,2
405782,happiness->neutral,happiness,neutral,3,6,0,0,0,0,0,0,0,0,1,0,0,0,1,1
405888,anger->neutral,anger,neutral,1,6,0,0,0,0,0,0,0,1,0,0,0,0,1,1
406422,neutral->disgust,neutral,disgust,6,2,0,0,0,0,1,0,0,0,0,0,0,0,1,1
406522,disgust->neutral,disgust,neutral,2,6,0,0,0,0,1,0,0,0,0,0,0,0,1,1
406702,neutral->surprise,neutral,surprise,6,5,0,0,0,1,0,0,0,0,0,0,0,0,1,1
406818,neutral->happiness,neutral,happiness,6,3,0,0,0,0,0,0,0,0,1,0,0,1,2,2
407194,neutral->sadness,neutral,sadness,6,4,0,0,0,0,1,0,0,0,0,0,0,0,1,1
407372,anger->neutral,anger,neutral,1,6,0,0,0,0,0,0,0,1,0,0,0,0,1,1
407380,happiness->neutral,happiness,neutral,3,6,0,0,0,0,0,0,0,0,1,0,0,1,2,2
407539,surprise->neutral,surprise,neutral,5,6,0,0,0,1,0,0,0,0,0,0,0,0,1,1
407854,neutral->surprise,neutral,surprise,6,5,0,0,0,1,0,0,0,0,0,0,0,0,1,1
407987,anger->neutral,anger,neutral,1,6,0,0,0,0,0,0,0,0,0,0,1,0,1,1
408196,neutral->anger,neutral,anger,6,1,0,0,0,0,0,0,0,0,0,0,1,0,1,1
408198,anger->neutral,anger,neutral,1,6,0,0,0,0,0,0,0,0,0,0,1,0,1,1
408232,neutral->anger,neutral,anger,6,1,0,0,0,0,0,0,0,0,0,0,1,0,1,1
409020,anger->neutral,anger,neutral,1,6,0,0,0,0,0,0,0,0,0,0,1,0,1,1
409171,neutral->anger,neutral,anger,6,1,0,0,0,0,0,0,0,0,0,0,1,0,1,1
409649,anger->neutral,anger,neutral,1,6,0,0,0,0,0,0,0,0,0,0,1,0,1,1
409786,neutral->anger,neutral,anger,6,1,0,0,0,0,0,0,0,0,0,0,1,0,1,1
410236,anger->neutral,anger,neutral,1,6,0,0,0,1,0,0,0,0,0,0,0,0,1,1
410361,neutral->happiness,neutral,happiness,6,3,0,0,0,0,0,0,0,0,1,0,0,0,1,1
410398,anger->neutral,anger,neutral,1,6,0,0,0,0,0,0,0,0,0,0,1,0,1,1
410498,happiness->neutral,happiness,neutral,3,6,0,0,0,0,0,0,0,0,1,0,0,0,1,1
410901,neutral->anger,neutral,anger,6,1,0,0,0,0,0,0,0,0,0,0,1,0,1,1
411395,neutral->happiness,neutral,happiness,6,3,0,0,0,0,0,0,0,0,1,0,0,0,1,1
411496,happiness->neutral,happiness,neutral,3,6,0,0,0,0,0,0,0,0,1,0,0,0,1,1
413870,neutral->surprise,neutral,surprise,6,5,0,0,0,1,0,0,0,0,0,0,0,0,1,1
413970,surprise->neutral,surprise,neutral,5,6,1,0,0,1,0,0,0,0,0,0,0,0,2,2
413995,neutral->happiness,neutral,happiness,6,3,0,0,0,0,0,0,0,0,1,0,0,1,2,2
414055,happiness->neutral,happiness,neutral,3,6,0,0,0,0,0,0,0,0,1,0,0,1,2,2
414058,anger->neutral,anger,neutral,1,6,0,0,0,0,0,0,0,0,0,1,0,0,1,1
414140,neutral->surprise,neutral,surprise,6,5,1,0,0,1,0,0,0,0,0,0,0,0,2,2
414289,neutral->anger,neutral,anger,6,1,0,0,0,0,0,0,0,0,0,1,0,0,1,1
414429,anger->neutral,anger,neutral,1,6,0,0,0,0,0,0,0,0,0,1,0,0,1,1
414464,neutral->surprise,neutral,surprise,6,5,0,0,0,0,0,0,0,0,0,1,0,0,1,1
414754,surprise->neutral,surprise,neutral,5,6,0,0,0,0,0,0,0,0,0,1,0,0,1,1
414994,neutral->happiness,neutral,happiness,6,3,0,0,0,0,0,0,0,0,1,0,0,0,1,1
415149,surprise->neutral,surprise,neutral,5,6,0,0,0,1,0,0,0,0,0,0,0,0,1,1
415171,happiness->neutral,happiness,neutral,3,6,0,0,0,0,0,0,0,0,1,0,0,0,1,1
415309,neutral->sadness,neutral,sadness,6,4,0,0,0,0,0,0,0,1,0,0,0,0,1,1
415352,neutral->happiness,neutral,happiness,6,3,0,0,0,0,0,0,0,0,1,0,0,0,1,1
415381,neutral->sadness,neutral,sadness,6,4,0,0,0,0,0,0,0,1,1,0,1,0,3,3
415477,happiness->neutral,happiness,neutral,3,6,0,0,0,0,0,0,0,0,1,0,0,0,1,1
415702,sadness->neutral,sadness,neutral,4,6,0,0,0,0,0,0,0,1,1,0,1,1,4,3
415739,neutral->happiness,neutral,happiness,6,3,1,0,0,0,0,0,0,0,1,0,0,0,2,2
415816,neutral->happiness,neutral,happiness,6,3,1,0,0,0,0,0,0,0,1,0,0,0,2,2
415885,neutral->sadness,neutral,sadness,6,4,0,0,0,0,0,0,0,1,0,0,1,0,2,2
415921,happiness->neutral,happiness,neutral,3,6,1,0,0,0,0,0,0,0,1,0,0,0,2,2
416082,sadness->neutral,sadness,neutral,4,6,0,0,0,0,0,0,0,0,0,0,1,0,1,1
416231,neutral->sadness,neutral,sadness,6,4,0,0,0,0,0,0,0,0,0,0,1,0,1,1
416269,sadness->neutral,sadness,neutral,4,6,0,0,0,0,0,0,0,0,0,0,1,0,1,1
416310,neutral->sadness,neutral,sadness,6,4,0,0,0,0,0,0,0,0,0,0,1,0,1,1
416629,happiness->neutral,happiness,neutral,3,6,1,0,0,0,0,0,0,0,1,0,0,0,2,2
416792,neutral->happiness,neutral,happiness,6,3,1,0,0,0,0,0,0,0,1,0,0,0,2,2
417140,happiness->neutral,happiness,neutral,3,6,1,0,0,0,0,0,0,0,1,0,0,0,2,2
417225,sadness->neutral,sadness,neutral,4,6,0,0,0,0,0,0,0,0,0,0,1,0,1,1
417401,neutral->sadness,neutral,sadness,6,4,0,0,0,0,0,0,0,0,0,0,1,0,1,1
418882,neutral->happiness,neutral,happiness,6,3,1,0,0,0,0,0,0,0,1,0,0,0,2,2
419016,happiness->neutral,happiness,neutral,3,6,1,0,0,0,0,0,0,0,1,0,0,0,2,2
419428,sadness->neutral,sadness,neutral,4,6,0,0,0,0,0,0,0,0,0,0,1,0,1,1
419921,neutral->happiness,neutral,happiness,6,3,1,0,0,0,0,0,0,0,0,0,0,1,2,2
419939,happiness->neutral,happiness,neutral,3,6,1,0,0,0,0,0,0,0,0,0,0,1,2,2
419963,sadness->neutral,sadness,neutral,4,6,0,0,0,0,1,0,0,0,0,0,0,0,1,1
420088,neutral->sadness,neutral,sadness,6,4,0,0,0,0,0,0,0,0,0,0,1,0,1,1
420325,neutral->sadness,neutral,sadness,6,4,0,0,0,0,0,0,0,1,0,0,1,0,2,2
420346,sadness->neutral,sadness,neutral,4,6,0,0,0,0,0,0,0,1,0,0,1,0,2,2
420362,neutral->sadness,neutral,sadness,6,4,0,0,0,0,0,0,0,1,0,0,1,0,2,2
420722,sadness->neutral,sadness,neutral,4,6,0,0,0,0,0,0,0,0,0,0,1,0,1,1
420782,sadness->neutral,sadness,neutral,4,6,0,0,0,0,0,0,0,1,0,0,1,0,2,2
420957,neutral->happiness,neutral,happiness,6,3,1,0,0,0,0,0,0,0,1,0,0,0,2,2
421284,neutral->sadness,neutral,sadness,6,4,0,0,0,0,0,0,0,1,1,0,0,0,2,2
421295,neutral->happiness,neutral,happiness,6,3,0,0,0,0,0,0,0,0,1,0,0,0,1,1
421375,neutral->sadness,neutral,sadness,6,4,0,0,0,0,0,0,0,0,0,0,1,0,1,1
421536,happiness->neutral,happiness,neutral,3,6,0,0,0,0,0,0,0,0,1,0,0,0,1,1
421641,sadness->neutral,sadness,neutral,4,6,0,0,0,0,0,0,0,0,0,0,1,0,1,1
421798,neutral->happiness,neutral,happiness,6,3,0,0,0,0,0,0,0,0,1,0,0,0,1,1
421975,neutral->sadness,neutral,sadness,6,4,0,0,0,0,0,0,0,0,0,0,1,0,1,1
422565,happiness->neutral,happiness,neutral,3,6,0,0,0,0,0,0,0,0,1,0,0,0,1,1
422613,sadness->neutral,sadness,neutral,4,6,0,0,0,0,0,0,0,0,0,0,1,0,1,1
422695,neutral->sadness,neutral,sadness,6,4,0,0,0,0,0,0,0,0,0,0,1,0,1,1
422712,sadness->neutral,sadness,neutral,4,6,0,0,0,0,0,0,0,0,0,0,1,0,1,1
422731,neutral->sadness,neutral,sadness,6,4,0,0,0,0,0,0,0,0,0,0,1,0,1,1
422769,sadness->neutral,sadness,neutral,4,6,0,0,0,0,0,0,0,0,0,0,1,0,1,1
422813,neutral->happiness,neutral,happiness,6,3,0,0,0,0,0,0,0,0,1,0,0,0,1,1
423132,neutral->sadness,neutral,sadness,6,4,0,0,0,0,0,0,0,0,0,0,1,0,1,1
424497,happiness->neutral,happiness,neutral,3,6,0,0,0,0,0,0,0,0,1,0,0,0,1,1
424686,neutral->happiness,neutral,happiness,6,3,0,0,0,0,0,0,0,0,1,0,0,0,1,1
424882,happiness->neutral,happiness,neutral,3,6,0,0,0,0,0,0,0,0,1,0,0,0,1,1
425157,neutral->happiness,neutral,happiness,6,3,0,0,0,0,0,0,0,0,1,0,0,0,1,1
425762,happiness->neutral,happiness,neutral,3,6,0,0,0,0,0,0,0,0,1,0,0,0,1,1
426143,neutral->happiness,neutral,happiness,6,3,0,0,0,0,0,0,0,0,1,0,0,0,1,1
426611,happiness->neutral,happiness,neutral,3,6,0,0,0,0,0,0,0,0,1,0,0,0,1,1
426682,sadness->neutral,sadness,neutral,4,6,0,0,0,0,0,0,0,0,1,0,1,0,2,2
426825,neutral->sadness,neutral,sadness,6,4,0,0,0,0,0,0,0,0,1,0,1,0,2,2
426827,neutral->happiness,neutral,happiness,6,3,0,0,0,0,0,0,0,0,1,0,0,0,1,1
427032,sadness->neutral,sadness,neutral,4,6,0,0,0,0,0,0,0,0,0,0,1,0,1,1
427159,neutral->sadness,neutral,sadness,6,4,0,0,0,0,0,0,0,0,0,0,1,0,1,1
427233,happiness->neutral,happiness,neutral,3,6,0,0,0,0,0,0,0,0,1,0,0,0,1,1
428141,neutral->anger,neutral,anger,6,1,0,0,0,0,0,0,0,0,0,0,0,1,1,1
428209,anger->neutral,anger,neutral,1,6,0,0,0,0,0,0,0,0,0,0,0,1,1,1
428655,sadness->neutral,sadness,neutral,4,6,1,0,0,1,0,0,0,1,0,0,1,0,4,3
428784,neutral->sadness,neutral,sadness,6,4,1,0,0,0,0,0,0,1,0,0,0,0,2,2
428848,sadness->neutral,sadness,neutral,4,6,1,0,0,0,0,0,0,1,0,0,1,0,3,3
428879,happiness->neutral,happiness,neutral,3,6,0,0,1,0,0,0,0,0,1,0,0,0,2,2
428889,sadness->neutral,sadness,neutral,4,6,1,0,0,0,0,0,0,1,0,0,1,1,4,3
428946,neutral->happiness,neutral,happiness,6,3,0,0,1,0,0,0,0,0,1,0,1,0,3,3
428983,happiness->neutral,happiness,neutral,3,6,0,0,1,0,0,0,0,0,1,0,1,0,3,3
429058,neutral->surprise,neutral,surprise,6,5,0,0,0,1,0,0,0,0,0,0,0,0,1,1
429112,neutral->happiness,neutral,happiness,6,3,0,0,0,0,0,0,0,0,1,0,1,0,2,2
429151,neutral->happiness,neutral,happiness,6,3,0,0,0,0,0,0,0,0,1,0,1,0,2,2
429219,neutral->anger,neutral,anger,6,1,0,0,1,0,0,0,0,0,0,1,0,1,3,3
429258,neutral->happiness,neutral,happiness,6,3,0,0,0,0,0,1,0,1,1,0,0,0,3,3
429284,neutral->disgust,neutral,disgust,6,2,0,0,0,0,0,0,0,0,0,0,0,1,1,1
429378,anger->neutral,anger,neutral,1,6,0,0,1,0,0,0,0,0,0,1,0,0,2,2
429411,happiness->neutral,happiness,neutral,3,6,1,0,1,0,0,1,0,1,1,0,0,0,5,3
429420,happiness->neutral,happiness,neutral,3,6,1,0,1,0,0,1,0,1,1,0,0,0,5,3
429749,neutral->happiness,neutral,happiness,6,3,1,0,0,1,0,1,0,1,1,0,0,0,5,3
429774,neutral->disgust,neutral,disgust,6,2,0,0,0,0,0,0,0,0,0,1,0,0,1,1
429876,happiness->neutral,happiness,neutral,3,6,1,0,0,1,0,1,0,1,1,0,0,0,5,3
429889,happiness->neutral,happiness,neutral,3,6,1,0,0,1,0,1,0,1,1,0,0,0,5,3
430013,disgust->neutral,disgust,neutral,2,6,0,0,0,0,0,0,0,0,0,1,0,0,1,1
430021,neutral->happiness,neutral,happiness,6,3,1,0,0,1,0,1,0,1,1,0,0,0,5,3
430170,happiness->neutral,happiness,neutral,3,6,1,0,1,1,0,1,1,1,1,0,0,1,8,3
430183,neutral->happiness,neutral,happiness,6,3,1,0,1,1,0,1,1,1,1,0,0,1,8,3
430413,happiness->neutral,happiness,neutral,3,6,1,0,0,1,0,1,1,0,1,0,0,1,6,3
430419,happiness->neutral,happiness,neutral,3,6,1,0,0,1,0,1,1,0,1,0,0,1,6,3
430477,neutral->sadness,neutral,sadness,6,4,1,0,0,0,0,0,0,0,0,0,0,0,1,1
430565,neutral->happiness,neutral,happiness,6,3,0,0,0,1,0,1,1,1,1,0,0,1,6,3
430569,neutral->anger,neutral,anger,6,1,0,0,0,0,0,0,0,0,0,1,0,0,1,1
430592,happiness->neutral,happiness,neutral,3,6,0,0,0,1,0,1,1,1,1,0,0,1,6,3
430767,neutral->anger,neutral,anger,6,1,0,0,0,0,0,0,0,0,0,0,1,0,1,1
430826,neutral->sadness,neutral,sadness,6,4,0,0,0,1,0,0,0,0,0,0,0,0,1,1
430840,happiness->neutral,happiness,neutral,3,6,0,1,0,0,0,1,1,0,1,0,0,1,5,3
430854,anger->neutral,anger,neutral,1,6,0,0,0,0,0,0,0,0,0,0,1,0,1,1
430942,sadness->neutral,sadness,neutral,4,6,1,0,0,1,0,0,0,0,0,0,0,0,2,2
431011,neutral->disgust,neutral,disgust,6,2,0,1,1,0,0,0,0,0,0,0,0,0,2,2
431080,neutral->happiness,neutral,happiness,6,3,0,0,0,1,0,1,0,0,1,0,0,0,3,3
431131,sadness->neutral,sadness,neutral,4,6,1,1,1,0,0,0,0,0,0,0,0,0,3,3
431204,anger->neutral,anger,neutral,1,6,0,0,0,0,0,0,0,0,0,1,0,1,2,2
431219,happiness->neutral,happiness,neutral,3,6,0,0,0,1,0,0,0,0,0,0,0,0,1,1
431281,sadness->neutral,sadness,neutral,4,6,1,0,1,0,0,0,0,0,0,0,0,1,3,3
431439,neutral->disgust,neutral,disgust,6,2,0,1,0,0,0,0,0,1,0,0,0,0,2,2
431558,disgust->neutral,disgust,neutral,2,6,0,1,0,0,0,0,0,1,0,0,0,0,2,2
431567,neutral->sadness,neutral,sadness,6,4,0,0,1,0,0,1,1,0,0,0,0,0,3,3
431570,neutral->sadness,neutral,sadness,6,4,0,0,1,0,0,1,1,0,0,0,0,0,3,3
431801,neutral->anger,neutral,anger,6,1,0,0,0,0,0,0,0,0,0,1,0,0,1,1
431815,sadness->neutral,sadness,neutral,4,6,0,0,0,0,0,1,1,0,0,0,0,0,2,2
431993,neutral->anger,neutral,anger,6,1,0,0,0,0,0,0,1,0,0,0,0,0,1,1
432151,neutral->disgust,neutral,disgust,6,2,0,1,0,0,0,0,0,0,0,0,0,0,1,1
432251,neutral->sadness,neutral,sadness,6,4,0,0,1,0,0,1,0,0,0,0,0,1,3,3
432277,sadness->neutral,sadness,neutral,4,6,0,0,1,0,0,1,0,0,0,0,0,1,3,3
432467,anger->neutral,anger,neutral,1,6,0,0,0,0,0,0,1,0,0,1,0,0,2,2
432606,anger->neutral,anger,neutral,1,6,0,0,0,0,0,0,0,0,0,1,0,0,1,1
432761,neutral->surprise,neutral,surprise,6,5,1,0,0,0,0,0,0,0,0,0,0,0,1,1
432832,surprise->neutral,surprise,neutral,5,6,1,0,0,0,0,0,0,0,0,1,0,0,2,2
433304,neutral->happiness,neutral,happiness,6,3,0,0,1,0,0,0,0,0,1,0,0,0,2,2
433345,happiness->neutral,happiness,neutral,3,6,0,0,1,0,0,0,0,0,1,0,0,0,2,2
433532,neutral->anger,neutral,anger,6,1,0,0,0,0,0,0,0,0,0,1,0,1,2,2
434496,neutral->anger,neutral,anger,6,1,0,0,0,0,0,0,1,0,0,1,0,0,2,2
434579,neutral->happiness,neutral,happiness,6,3,0,0,0,0,0,0,0,0,1,0,0,0,1,1
434709,happiness->neutral,happiness,neutral,3,6,0,0,0,0,0,0,0,0,1,0,0,0,1,1
435688,neutral->happiness,neutral,happiness,6,3,0,0,0,0,0,0,0,0,1,0,0,0,1,1
435900,happiness->neutral,happiness,neutral,3,6,0,0,0,0,0,0,0,0,1,0,0,0,1,1
435978,neutral->happiness,neutral,happiness,6,3,0,0,0,0,0,0,0,0,1,0,0,0,1,1
436177,happiness->neutral,happiness,neutral,3,6,0,0,0,0,0,0,0,0,1,0,0,0,1,1
436491,neutral->disgust,neutral,disgust,6,2,0,0,0,0,0,0,0,0,0,0,1,0,1,1
436492,neutral->happiness,neutral,happiness,6,3,0,0,0,0,0,0,0,0,1,0,0,1,2,2
436607,neutral->happiness,neutral,happiness,6,3,0,0,0,0,0,0,0,1,1,0,0,0,2,2
436666,neutral->surprise,neutral,surprise,6,5,1,0,0,0,1,0,0,0,0,0,0,0,2,2
436709,disgust->neutral,disgust,neutral,2,6,0,0,0,0,0,0,0,0,0,0,1,0,1,1
436715,neutral->disgust,neutral,disgust,6,2,0,0,0,0,0,0,0,0,0,0,1,0,1,1
436743,sadness->neutral,sadness,neutral,4,6,0,0,0,0,0,1,0,0,0,0,0,0,1,1
436784,neutral->surprise,neutral,surprise,6,5,1,0,0,0,0,0,0,0,0,0,0,0,1,1
437056,surprise->neutral,surprise,neutral,5,6,1,0,1,1,1,0,0,0,0,0,0,0,4,3
437065,neutral->surprise,neutral,surprise,6,5,1,0,1,1,1,0,0,0,0,0,0,0,4,3
437111,neutral->anger,neutral,anger,6,1,0,0,1,0,0,0,0,0,0,0,0,0,1,1
437210,disgust->neutral,disgust,neutral,2,6,0,0,0,0,1,0,0,0,0,0,1,0,2,2
437378,anger->neutral,anger,neutral,1,6,0,0,1,0,0,0,1,0,0,1,0,1,4,3
437420,surprise->neutral,surprise,neutral,5,6,0,0,1,1,0,0,0,0,0,0,0,0,2,2
437454,anger->neutral,anger,neutral,1,6,0,0,1,0,0,0,1,0,0,1,0,1,4,3
437615,anger->neutral,anger,neutral,1,6,0,0,1,0,0,0,1,0,0,0,0,1,3,3
438250,neutral->anger,neutral,anger,6,1,0,0,1,0,0,0,1,0,0,0,0,1,3,3
438291,neutral->anger,neutral,anger,6,1,0,0,1,0,0,0,1,0,0,0,0,1,3,3
438303,anger->neutral,anger,neutral,1,6,0,0,1,0,0,0,1,0,0,0,0,1,3,3
438638,neutral->sadness,neutral,sadness,6,4,1,0,0,0,0,0,0,0,1,0,0,1,3,3
438889,anger->neutral,anger,neutral,1,6,0,0,1,0,0,0,1,0,0,0,0,1,3,3
438946,sadness->neutral,sadness,neutral,4,6,1,0,0,0,0,0,0,0,1,0,0,0,2,2
439172,neutral->anger,neutral,anger,6,1,0,0,1,0,0,0,1,0,0,0,0,1,3,3
440122,anger->neutral,anger,neutral,1,6,0,0,1,0,0,0,0,0,0,0,0,1,2,2
440390,sadness->neutral,sadness,neutral,4,6,1,0,0,0,0,0,0,1,0,0,1,0,3,3
440435,sadness->neutral,sadness,neutral,4,6,1,0,0,0,0,0,0,1,0,0,1,0,3,3
440488,neutral->sadness,neutral,sadness,6,4,1,0,0,0,0,0,0,1,0,0,1,0,3,3
440514,sadness->neutral,sadness,neutral,4,6,1,0,0,0,0,0,0,1,0,0,1,0,3,3
440520,neutral->surprise,neutral,surprise,6,5,0,0,1,0,0,0,1,0,0,0,0,0,2,2
440530,neutral->happiness,neutral,happiness,6,3,0,0,0,0,0,0,0,0,1,0,0,0,1,1
440642,happiness->neutral,happiness,neutral,3,6,0,0,0,0,0,0,0,0,1,0,0,0,1,1
440973,neutral->happiness,neutral,happiness,6,3,0,0,0,0,0,0,0,0,1,0,0,0,1,1
441089,happiness->neutral,happiness,neutral,3,6,0,0,0,0,0,0,0,0,1,0,0,0,1,1
441127,neutral->surprise,neutral,surprise,6,5,0,0,1,1,1,0,0,0,0,0,0,0,3,3
441143,surprise->neutral,surprise,neutral,5,6,0,0,1,1,1,0,0,0,0,0,0,0,3,3
441416,neutral->happiness,neutral,happiness,6,3,0,0,0,0,0,0,0,0,1,0,0,0,1,1
441706,happiness->neutral,happiness,neutral,3,6,0,0,0,0,0,0,0,0,1,0,0,0,1,1
441828,surprise->neutral,surprise,neutral,5,6,0,0,0,1,1,0,1,0,0,0,0,0,3,3
441944,neutral->surprise,neutral,surprise,6,5,0,1,0,1,1,0,1,0,0,0,0,0,4,3
442123,surprise->neutral,surprise,neutral,5,6,0,1,0,1,1,0,0,0,0,0,0,0,3,3
443335,neutral->surprise,neutral,surprise,6,5,1,1,0,1,1,0,0,0,0,0,0,0,4,3
443338,anger->neutral,anger,neutral,1,6,0,0,1,0,0,0,0,0,0,0,0,0,1,1
443381,neutral->happiness,neutral,happiness,6,3,0,0,0,0,0,0,0,0,1,0,1,0,2,2
443402,neutral->happiness,neutral,happiness,6,3,0,0,0,0,0,0,0,0,1,0,1,0,2,2
443447,neutral->disgust,neutral,disgust,6,2,0,0,0,0,0,0,0,0,0,1,0,0,1,1
443540,happiness->neutral,happiness,neutral,3,6,0,0,0,0,0,0,0,0,1,0,0,0,1,1
443603,neutral->disgust,neutral,disgust,6,2,0,0,0,0,0,0,1,0,0,0,0,0,1,1
443622,neutral->surprise,neutral,surprise,6,5,0,0,0,1,1,0,0,0,0,0,0,0,2,2
443693,neutral->surprise,neutral,surprise,6,5,0,0,0,1,1,0,0,0,0,0,0,0,2,2
443913,surprise->neutral,surprise,neutral,5,6,0,0,0,0,1,0,0,0,0,0,0,0,1,1
443957,neutral->surprise,neutral,surprise,6,5,0,0,0,0,1,0,0,0,0,0,0,0,1,1
443980,surprise->neutral,surprise,neutral,5,6,0,0,0,0,1,0,0,0,0,0,0,0,1,1
443997,neutral->surprise,neutral,surprise,6,5,0,0,0,0,1,0,0,0,0,0,0,0,1,1
444037,happiness->neutral,happiness,neutral,3,6,0,0,0,0,0,0,0,0,1,0,1,0,2,2
444085,surprise->neutral,surprise,neutral,5,6,0,0,0,0,1,0,0,0,0,0,0,0,1,1
444098,neutral->anger,neutral,anger,6,1,0,0,0,0,0,0,0,0,0,0,0,1,1,1
444154,disgust->neutral,disgust,neutral,2,6,0,0,0,0,0,0,1,0,0,0,0,0,1,1
444349,disgust->neutral,disgust,neutral,2,6,0,1,0,0,0,0,0,0,0,0,0,0,1,1
444445,anger->neutral,anger,neutral,1,6,0,0,0,0,0,0,0,0,0,1,0,1,2,2
444873,surprise->neutral,surprise,neutral,5,6,1,0,0,1,0,0,0,0,0,0,0,0,2,2
445323,surprise->neutral,surprise,neutral,5,6,0,0,0,1,0,0,0,0,0,1,0,0,2,2
445449,neutral->disgust,neutral,disgust,6,2,0,1,0,0,0,0,0,0,0,0,0,0,1,1
445461,neutral->surprise,neutral,surprise,6,5,1,0,0,1,0,0,0,0,0,0,0,0,2,2
445579,disgust->neutral,disgust,neutral,2,6,0,1,0,0,0,0,0,0,0,0,0,0,1,1
445902,surprise->neutral,surprise,neutral,5,6,1,0,0,1,0,0,0,0,0,0,0,0,2,2
446027,neutral->surprise,neutral,surprise,6,5,1,0,0,1,0,0,0,0,0,0,0,0,2,2
446509,neutral->happiness,neutral,happiness,6,3,0,0,0,0,0,0,0,0,1,0,0,0,1,1
446563,neutral->sadness,neutral,sadness,6,4,0,0,0,0,1,0,0,0,0,0,0,0,1,1
446666,neutral->anger,neutral,anger,6,1,0,0,0,0,0,0,0,0,0,0,0,1,1,1
446673,happiness->neutral,happiness,neutral,3,6,0,0,0,0,0,0,0,0,1,0,0,0,1,1
446693,neutral->happiness,neutral,happiness,6,3,0,0,0,0,0,0,0,0,1,0,0,0,1,1
446761,anger->neutral,anger,neutral,1,6,0,0,0,0,0,0,0,0,0,0,0,1,1,1
446812,happiness->neutral,happiness,neutral,3,6,0,0,0,0,0,0,0,0,1,0,0,0,1,1
446836,surprise->neutral,surprise,neutral,5,6,1,0,0,1,0,0,0,0,0,0,0,0,2,2
447138,surprise->neutral,surprise,neutral,5,6,1,0,0,1,0,0,0,0,0,0,0,0,2,2
447210,neutral->surprise,neutral,surprise,6,5,1,0,0,1,0,0,0,0,0,0,0,0,2,2
447324,surprise->neutral,surprise,neutral,5,6,1,0,0,1,0,0,0,0,0,0,0,0,2,2
447344,neutral->happiness,neutral,happiness,6,3,0,0,0,0,0,0,0,0,1,0,0,0,1,1
447467,happiness->neutral,happiness,neutral,3,6,0,0,0,0,0,0,0,0,1,0,0,0,1,1
447996,neutral->happiness,neutral,happiness,6,3,0,0,0,0,0,0,0,0,1,0,0,0,1,1
448028,happiness->neutral,happiness,neutral,3,6,0,0,0,0,0,0,0,0,1,0,0,0,1,1
448621,neutral->happiness,neutral,happiness,6,3,0,0,0,0,0,0,0,0,1,0,0,0,1,1
448639,happiness->neutral,happiness,neutral,3,6,0,0,0,0,0,0,0,0,1,0,0,0,1,1
449096,neutral->happiness,neutral,happiness,6,3,0,0,0,0,0,0,0,0,1,0,0,0,1,1
449830,happiness->neutral,happiness,neutral,3,6,0,0,0,0,0,0,0,0,1,0,0,0,1,1
450496,neutral->surprise,neutral,surprise,6,5,1,0,0,0,0,0,0,0,0,0,0,0,1,1
450744,surprise->neutral,surprise,neutral,5,6,1,0,0,0,0,0,0,0,0,0,0,0,1,1
451081,neutral->sadness,neutral,sadness,6,4,1,0,0,0,1,0,0,0,1,0,0,0,3,3
453910,neutral->sadness,neutral,sadness,6,4,0,0,0,0,1,0,0,1,0,0,1,0,3,3
453954,neutral->sadness,neutral,sadness,6,4,0,0,0,0,1,0,0,0,0,0,1,0,2,2
454390,sadness->neutral,sadness,neutral,4,6,1,0,0,0,1,0,0,0,0,0,1,0,3,3
454411,sadness->neutral,sadness,neutral,4,6,1,0,0,0,1,0,0,1,0,0,1,0,4,3
454607,sadness->neutral,sadness,neutral,4,6,1,0,0,0,1,0,0,0,0,0,1,0,3,3
455209,neutral->surprise,neutral,surprise,6,5,0,0,0,1,0,0,0,0,0,0,0,0,1,1
455249,neutral->happiness,neutral,happiness,6,3,1,0,0,0,0,0,0,0,0,0,0,0,1,1
455293,sadness->neutral,sadness,neutral,4,6,0,0,0,0,1,0,0,1,0,0,0,0,2,2
456799,neutral->anger,neutral,anger,6,1,0,0,1,0,0,0,0,0,0,0,0,0,1,1
458386,anger->neutral,anger,neutral,1,6,0,0,1,1,0,0,0,0,0,0,0,0,2,2
458509,neutral->happiness,neutral,happiness,6,3,1,1,0,1,0,0,0,0,0,0,0,0,3,3
459215,happiness->neutral,happiness,neutral,3,6,1,1,0,1,0,0,0,0,0,0,0,0,3,3
459627,anger->neutral,anger,neutral,1,6,0,0,1,0,0,0,0,0,0,0,0,0,1,1
459919,happiness->neutral,happiness,neutral,3,6,1,1,0,0,0,0,0,0,0,0,0,0,2,2
460216,neutral->anger,neutral,anger,6,1,0,0,1,0,0,0,0,0,0,0,0,0,1,1
460799,neutral->happiness,neutral,happiness,6,3,1,1,0,0,0,0,0,0,0,0,0,0,2,2
461139,anger->neutral,anger,neutral,1,6,0,0,1,0,0,0,0,0,0,0,0,0,1,1
461152,happiness->neutral,happiness,neutral,3,6,1,1,0,0,0,0,0,0,0,0,0,0,2,2
461883,neutral->happiness,neutral,happiness,6,3,1,1,0,0,0,0,0,0,0,0,0,0,2,2
462559,neutral->sadness,neutral,sadness,6,4,0,0,1,0,0,0,0,0,0,0,1,0,2,2
462613,sadness->neutral,sadness,neutral,4,6,0,0,1,0,0,0,0,0,0,0,1,1,3,3
462751,neutral->sadness,neutral,sadness,6,4,0,0,1,1,0,0,0,0,0,0,0,0,2,2
462993,neutral->happiness,neutral,happiness,6,3,0,1,0,0,0,0,0,0,0,1,0,0,2,2
463157,neutral->sadness,neutral,sadness,6,4,0,0,1,0,0,0,0,0,0,0,1,1,3,3
463368,neutral->happiness,neutral,happiness,6,3,0,1,0,0,0,0,0,0,0,0,0,0,1,1
463427,happiness->neutral,happiness,neutral,3,6,0,1,0,0,0,0,0,0,0,0,0,0,1,1
463628,neutral->happiness,neutral,happiness,6,3,1,1,0,0,0,0,0,0,0,0,0,0,2,2
463643,happiness->neutral,happiness,neutral,3,6,1,1,0,0,0,0,0,0,0,0,0,0,2,2
463778,happiness->neutral,happiness,neutral,3,6,1,0,0,0,0,0,0,0,0,0,0,0,1,1
463793,sadness->neutral,sadness,neutral,4,6,0,0,1,1,1,0,0,0,0,0,0,1,4,3
464102,neutral->sadness,neutral,sadness,6,4,1,0,1,1,0,0,0,0,0,0,0,0,3,3
464329,sadness->neutral,sadness,neutral,4,6,1,0,1,1,1,0,0,0,0,0,0,0,4,3
464405,neutral->sadness,neutral,sadness,6,4,1,0,1,1,1,0,0,0,0,0,0,0,4,3
464493,sadness->neutral,sadness,neutral,4,6,1,0,1,1,1,0,0,0,0,0,1,0,5,3
464858,sadness->neutral,sadness,neutral,4,6,0,0,1,1,0,0,0,1,0,0,1,1,5,3
464882,sadness->neutral,sadness,neutral,4,6,0,0,1,1,0,0,0,0,0,0,0,1,3,3
465082,neutral->sadness,neutral,sadness,6,4,1,0,1,1,0,0,0,0,0,0,0,0,3,3
465085,neutral->sadness,neutral,sadness,6,4,1,0,1,1,0,0,0,0,0,0,0,0,3,3
465456,neutral->sadness,neutral,sadness,6,4,1,0,1,0,1,0,0,0,0,0,0,1,4,3
465475,sadness->neutral,sadness,neutral,4,6,1,0,1,0,1,0,0,0,0,0,0,1,4,3
465541,neutral->sadness,neutral,sadness,6,4,1,0,1,0,1,0,0,0,0,0,1,1,5,3
465685,sadness->neutral,sadness,neutral,4,6,1,0,1,1,1,0,0,0,0,0,1,1,6,3
465838,neutral->sadness,neutral,sadness,6,4,1,0,1,1,1,0,0,0,0,0,0,1,5,3
466150,neutral->sadness,neutral,sadness,6,4,1,0,1,1,1,0,0,0,0,0,1,1,6,3
466626,sadness->neutral,sadness,neutral,4,6,1,0,1,1,1,0,0,0,0,0,0,1,5,3
466658,sadness->neutral,sadness,neutral,4,6,1,0,1,1,1,0,0,0,0,0,0,1,5,3
466871,neutral->sadness,neutral,sadness,6,4,1,0,1,0,1,0,0,0,0,0,0,1,4,3
467014,sadness->neutral,sadness,neutral,4,6,1,0,1,0,1,0,0,0,0,0,0,1,4,3
467919,neutral->sadness,neutral,sadness,6,4,0,0,1,1,1,0,0,0,0,0,0,0,3,3
468056,sadness->neutral,sadness,neutral,4,6,0,0,1,1,1,0,0,1,0,0,1,1,6,3
468130,sadness->neutral,sadness,neutral,4,6,0,0,1,1,1,0,0,0,0,0,1,0,4,3
468349,surprise->neutral,surprise,neutral,5,6,0,0,0,0,0,0,0,0,0,0,1,0,1,1
468545,neutral->sadness,neutral,sadness,6,4,0,0,1,1,1,0,0,0,0,0,0,0,3,3
469948,neutral->surprise,neutral,surprise,6,5,0,0,0,0,0,0,0,0,0,0,1,0,1,1
470090,neutral->surprise,neutral,surprise,6,5,0,0,0,0,0,0,0,1,0,0,1,0,2,2
470110,surprise->neutral,surprise,neutral,5,6,0,0,0,0,0,0,0,1,0,0,1,0,2,2
470321,surprise->neutral,surprise,neutral,5,6,0,0,0,0,0,0,1,1,1,1,1,0,5,3
470348,sadness->neutral,sadness,neutral,4,6,1,0,1,0,1,0,0,0,0,0,0,0,3,3
470375,neutral->surprise,neutral,surprise,6,5,0,0,0,0,0,0,1,1,0,1,1,1,5,3
470461,neutral->sadness,neutral,sadness,6,4,1,0,1,0,1,0,0,0,0,0,0,1,4,3
470474,neutral->surprise,neutral,surprise,6,5,1,0,0,0,0,0,1,0,0,1,1,1,5,3
470494,neutral->surprise,neutral,surprise,6,5,1,0,0,0,0,0,1,0,0,1,1,1,5,3
470579,surprise->neutral,surprise,neutral,5,6,1,0,0,0,0,0,1,0,0,1,0,0,3,3
470644,sadness->neutral,sadness,neutral,4,6,0,0,1,1,1,0,0,1,0,0,0,1,5,3
470661,surprise->neutral,surprise,neutral,5,6,1,0,0,0,0,0,1,0,0,1,0,1,4,3
470711,sadness->neutral,sadness,neutral,4,6,0,0,1,1,1,0,0,0,0,0,0,1,4,3
470718,surprise->neutral,surprise,neutral,5,6,1,0,0,1,0,0,1,0,0,0,0,1,4,3
470745,neutral->happiness,neutral,happiness,6,3,0,0,0,0,0,0,0,0,0,1,0,0,1,1
470765,neutral->sadness,neutral,sadness,6,4,1,0,1,1,1,0,0,0,1,0,0,1,6,3
470771,neutral->surprise,neutral,surprise,6,5,1,0,0,1,0,0,0,0,0,0,0,0,2,2
470885,sadness->neutral,sadness,neutral,4,6,1,0,1,0,1,0,0,0,1,0,0,1,5,3
470973,neutral->happiness,neutral,happiness,6,3,0,0,0,0,0,0,0,1,0,1,0,1,3,3
471049,neutral->sadness,neutral,sadness,6,4,1,0,1,1,1,0,0,0,0,0,0,0,4,3
471129,neutral->happiness,neutral,happiness,6,3,0,0,0,0,0,0,0,1,0,0,0,1,2,2
471497,sadness->neutral,sadness,neutral,4,6,1,0,1,1,1,0,0,0,1,0,0,0,5,3
471618,neutral->happiness,neutral,happiness,6,3,0,0,0,1,0,0,1,1,0,0,1,1,5,3
471644,disgust->neutral,disgust,neutral,2,6,0,0,0,0,0,0,0,0,0,0,1,0,1,1
471651,neutral->disgust,neutral,disgust,6,2,0,0,0,0,0,0,0,0,0,0,1,0,1,1
471681,disgust->neutral,disgust,neutral,2,6,0,0,0,0,0,0,0,0,0,0,1,0,1,1
471703,happiness->neutral,happiness,neutral,3,6,0,0,0,1,0,0,1,1,0,0,0,1,4,3
471737,happiness->neutral,happiness,neutral,3,6,0,0,0,1,0,0,1,1,0,0,0,1,4,3
471931,happiness->neutral,happiness,neutral,3,6,0,0,0,1,0,0,1,0,0,0,0,0,2,2
471939,sadness->neutral,sadness,neutral,4,6,1,0,1,0,1,0,0,0,0,0,0,0,3,3
472073,happiness->neutral,happiness,neutral,3,6,0,0,0,1,0,0,0,0,0,1,0,0,2,2
473013,neutral->anger,neutral,anger,6,1,0,0,1,0,0,0,0,0,0,0,0,1,2,2
473219,anger->neutral,anger,neutral,1,6,0,0,1,0,0,0,0,0,0,0,0,1,2,2
473420,neutral->sadness,neutral,sadness,6,4,1,0,1,0,1,0,0,1,0,0,1,0,5,3
473431,neutral->sadness,neutral,sadness,6,4,1,0,1,0,1,0,0,0,0,0,1,0,4,3
474275,neutral->surprise,neutral,surprise,6,5,1,0,0,0,0,0,0,0,0,0,0,0,1,1
478451,neutral->happiness,neutral,happiness,6,3,0,0,0,1,0,0,0,0,0,0,0,0,1,1
479677,sadness->neutral,sadness,neutral,4,6,1,0,1,0,1,0,0,0,0,0,0,0,3,3
479690,neutral->anger,neutral,anger,6,1,0,0,1,0,1,0,0,0,0,0,0,0,2,2
481881,sadness->neutral,sadness,neutral,4,6,1,0,1,0,0,0,0,0,0,0,0,0,2,2
482069,neutral->sadness,neutral,sadness,6,4,0,0,1,0,0,0,1,0,0,0,0,1,3,3
482140,neutral->sadness,neutral,sadness,6,4,0,0,1,0,0,0,1,0,1,0,0,1,4,3
482435,neutral->surprise,neutral,surprise,6,5,1,1,0,0,0,0,0,0,0,0,0,0,2,2
482513,sadness->neutral,sadness,neutral,4,6,0,0,1,0,0,0,1,0,1,0,0,1,4,3
482712,surprise->neutral,surprise,neutral,5,6,1,1,0,0,0,0,0,0,0,0,0,0,2,2
482733,neutral->anger,neutral,anger,6,1,0,0,1,0,0,0,1,0,0,0,0,0,2,2
483004,neutral->sadness,neutral,sadness,6,4,1,0,1,0,0,0,0,1,1,0,0,1,5,3
483086,neutral->sadness,neutral,sadness,6,4,1,0,1,0,0,0,0,0,1,0,0,1,4,3
483206,sadness->neutral,sadness,neutral,4,6,1,0,1,0,0,0,0,0,1,0,0,1,4,3
483376,sadness->neutral,sadness,neutral,4,6,1,0,1,0,0,0,0,0,1,0,0,1,4,3
483549,neutral->sadness,neutral,sadness,6,4,0,0,1,0,0,0,0,0,1,0,0,1,3,3
483975,sadness->neutral,sadness,neutral,4,6,0,0,1,0,0,0,0,1,1,0,1,1,5,3
484050,sadness->neutral,sadness,neutral,4,6,0,0,1,0,0,0,0,1,0,0,1,1,4,3
484187,anger->neutral,anger,neutral,1,6,0,0,1,0,0,0,1,0,0,0,0,0,2,2
484224,sadness->neutral,sadness,neutral,4,6,0,0,1,0,0,0,0,1,0,0,1,1,4,3
484358,neutral->sadness,neutral,sadness,6,4,1,0,1,0,0,0,0,1,0,0,0,0,3,3
484513,neutral->anger,neutral,anger,6,1,0,0,1,0,0,0,0,0,0,0,0,0,1,1
484909,anger->neutral,anger,neutral,1,6,0,0,1,0,0,0,0,0,0,0,0,0,1,1
485265,happiness->neutral,happiness,neutral,3,6,0,0,0,1,0,0,0,0,0,0,0,0,1,1
485266,neutral->anger,neutral,anger,6,1,0,0,1,0,0,0,0,0,0,0,0,0,1,1
485284,neutral->disgust,neutral,disgust,6,2,0,0,0,1,0,0,0,0,0,0,0,0,1,1
485586,anger->neutral,anger,neutral,1,6,0,0,1,0,0,0,0,0,0,0,0,0,1,1
485637,neutral->anger,neutral,anger,6,1,0,0,1,0,0,0,0,0,0,0,0,0,1,1
485882,anger->neutral,anger,neutral,1,6,0,0,1,0,0,0,0,0,0,0,0,0,1,1
486023,neutral->anger,neutral,anger,6,1,0,0,1,0,0,0,0,0,0,0,0,0,1,1
486642,disgust->neutral,disgust,neutral,2,6,0,0,0,1,0,0,0,0,0,0,0,0,1,1
487425,neutral->sadness,neutral,sadness,6,4,0,0,0,0,0,0,0,1,0,0,1,1,3,3
487681,sadness->neutral,sadness,neutral,4,6,0,0,0,0,0,0,0,0,0,0,0,1,1,1
488971,sadness->neutral,sadness,neutral,4,6,1,0,0,0,0,0,0,0,1,0,0,0,2,2
492694,neutral->sadness,neutral,sadness,6,4,0,0,0,0,0,0,0,1,1,0,1,1,4,3
492737,sadness->neutral,sadness,neutral,4,6,0,0,0,0,0,0,0,1,1,0,1,1,4,3
493521,neutral->sadness,neutral,sadness,6,4,0,0,0,0,0,0,0,0,0,0,0,1,1,1
493559,anger->neutral,anger,neutral,1,6,0,0,1,0,0,0,0,0,0,0,0,0,1,1
493611,neutral->surprise,neutral,surprise,6,5,1,1,1,0,0,0,0,0,0,0,0,0,3,3
493640,surprise->neutral,surprise,neutral,5,6,1,1,1,0,0,0,0,0,0,0,0,0,3,3
493657,neutral->anger,neutral,anger,6,1,0,0,0,0,0,0,0,0,0,1,0,1,2,2
493724,neutral->anger,neutral,anger,6,1,0,0,0,0,0,0,1,0,0,1,0,1,3,3
493791,sadness->neutral,sadness,neutral,4,6,0,0,1,0,0,0,0,0,0,0,0,1,2,2
493846,neutral->happiness,neutral,happiness,6,3,0,0,0,0,0,0,0,1,0,0,0,0,1,1
493855,anger->neutral,anger,neutral,1,6,0,0,0,0,1,0,0,0,0,1,0,1,3,3
494096,happiness->neutral,happiness,neutral,3,6,0,0,0,0,0,0,0,1,0,0,0,0,1,1
494185,surprise->neutral,surprise,neutral,5,6,1,0,0,0,0,0,0,0,0,0,0,0,1,1
494445,anger->neutral,anger,neutral,1,6,0,0,0,1,0,0,1,0,0,0,0,0,2,2
494693,neutral->surprise,neutral,surprise,6,5,0,1,0,0,0,0,0,0,0,0,0,0,1,1
494996,surprise->neutral,surprise,neutral,5,6,1,0,0,0,0,0,0,0,0,1,0,0,2,2
496293,neutral->surprise,neutral,surprise,6,5,1,0,0,0,0,0,0,0,0,1,0,0,2,2
496476,surprise->neutral,surprise,neutral,5,6,1,0,0,0,0,0,0,0,0,1,0,0,2,2
497563,neutral->sadness,neutral,sadness,6,4,0,0,0,0,1,0,0,0,0,0,0,0,1,1
497617,neutral->surprise,neutral,surprise,6,5,0,0,0,0,0,0,0,0,0,1,0,0,1,1
498112,surprise->neutral,surprise,neutral,5,6,0,0,0,0,0,0,0,0,0,1,0,0,1,1
498670,neutral->surprise,neutral,surprise,6,5,0,0,0,0,0,0,0,0,0,1,0,0,1,1
499112,surprise->neutral,surprise,neutral,5,6,0,0,0,0,0,0,0,0,0,1,0,0,1,1
500206,neutral->surprise,neutral,surprise,6,5,0,0,0,0,0,0,0,0,0,1,0,0,1,1
500437,neutral->sadness,neutral,sadness,6,4,0,1,0,0,0,0,0,1,0,0,1,0,3,3
500476,neutral->sadness,neutral,sadness,6,4,0,1,0,0,0,0,0,1,0,0,1,0,3,3
500555,sadness->neutral,sadness,neutral,4,6,0,0,0,0,1,0,0,1,0,0,1,0,3,3
500575,sadness->neutral,sadness,neutral,4,6,0,0,0,0,1,0,0,1,0,0,1,0,3,3
500724,neutral->surprise,neutral,surprise,6,5,1,0,0,0,0,0,0,0,0,1,0,0,2,2
500921,surprise->neutral,surprise,neutral,5,6,1,0,0,1,0,0,0,0,0,1,0,0,3,3
500952,surprise->neutral,surprise,neutral,5,6,1,0,0,1,0,0,0,0,0,1,0,0,3,3
501111,neutral->sadness,neutral,sadness,6,4,0,0,0,0,1,0,0,1,0,0,1,0,3,3
501134,sadness->neutral,sadness,neutral,4,6,1,0,0,0,1,0,0,1,0,0,1,0,4,3
501213,neutral->sadness,neutral,sadness,6,4,1,0,0,0,1,0,0,1,0,0,1,0,4,3
501314,neutral->sadness,neutral,sadness,6,4,1,0,0,0,1,0,0,1,0,0,1,0,4,3
501315,neutral->anger,neutral,anger,6,1,0,0,1,0,0,0,0,0,0,1,0,0,2,2
501326,sadness->neutral,sadness,neutral,4,6,1,0,0,0,1,0,0,1,0,0,1,0,4,3
501331,neutral->sadness,neutral,sadness,6,4,1,0,0,0,1,0,0,1,0,0,1,0,4,3
501397,neutral->sadness,neutral,sadness,6,4,1,0,0,0,1,0,0,1,0,0,1,0,4,3
501431,sadness->neutral,sadness,neutral,4,6,1,0,0,0,1,0,0,1,0,0,1,0,4,3
501650,neutral->sadness,neutral,sadness,6,4,1,0,0,0,1,0,0,1,0,0,1,1,5,3
501736,sadness->neutral,sadness,neutral,4,6,1,0,0,0,1,0,0,1,0,0,1,1,5,3
501756,sadness->neutral,sadness,neutral,4,6,1,0,0,0,1,0,0,1,0,0,1,1,5,3
501818,neutral->sadness,neutral,sadness,6,4,1,0,0,0,1,0,0,1,0,0,1,1,5,3
501890,sadness->neutral,sadness,neutral,4,6,1,0,0,0,1,0,0,1,0,0,1,1,5,3
501922,anger->neutral,anger,neutral,1,6,0,0,1,0,0,0,0,0,0,1,0,0,2,2
502025,neutral->sadness,neutral,sadness,6,4,1,0,0,0,1,0,0,1,0,0,1,1,5,3
502054,neutral->sadness,neutral,sadness,6,4,1,0,0,0,1,0,0,1,0,0,1,1,5,3
502059,sadness->neutral,sadness,neutral,4,6,1,0,0,0,1,0,0,1,0,0,1,1,5,3
502220,neutral->sadness,neutral,sadness,6,4,1,0,0,0,1,0,0,1,0,0,1,1,5,3
502328,sadness->neutral,sadness,neutral,4,6,1,0,0,0,1,0,0,0,0,0,1,1,4,3
502476,neutral->sadness,neutral,sadness,6,4,0,0,0,0,1,0,0,0,0,0,1,1,3,3
502563,neutral->surprise,neutral,surprise,6,5,0,0,0,0,0,0,0,0,0,1,0,0,1,1
502606,sadness->neutral,sadness,neutral,4,6,0,0,0,0,1,0,0,0,0,0,1,1,3,3
502619,sadness->neutral,sadness,neutral,4,6,0,0,0,0,1,0,0,0,0,0,1,1,3,3
502790,sadness->neutral,sadness,neutral,4,6,0,0,0,0,1,0,0,1,1,0,1,0,4,3
502808,neutral->sadness,neutral,sadness,6,4,0,0,0,0,1,0,0,1,1,0,1,0,4,3
502840,neutral->sadness,neutral,sadness,6,4,0,0,0,0,1,0,0,1,1,0,1,0,4,3
502851,sadness->neutral,sadness,neutral,4,6,0,0,0,0,1,0,0,1,1,0,1,0,4,3
502928,neutral->anger,neutral,anger,6,1,0,0,1,0,0,0,0,0,0,0,0,1,2,2
503222,anger->neutral,anger,neutral,1,6,0,0,1,0,0,0,0,0,0,0,0,1,2,2
503281,surprise->neutral,surprise,neutral,5,6,0,0,0,1,0,0,0,0,0,1,0,0,2,2
503285,sadness->neutral,sadness,neutral,4,6,0,0,0,0,1,0,0,0,1,0,0,0,2,2
503566,neutral->sadness,neutral,sadness,6,4,1,0,0,0,1,0,0,0,1,1,0,0,4,3
503567,sadness->neutral,sadness,neutral,4,6,1,0,0,0,1,0,0,0,1,1,0,0,4,3
503782,sadness->neutral,sadness,neutral,4,6,1,0,0,0,1,0,0,0,1,1,0,0,4,3
503956,neutral->sadness,neutral,sadness,6,4,1,0,0,0,1,0,0,1,0,0,0,1,4,3
504071,sadness->neutral,sadness,neutral,4,6,0,0,0,0,1,0,0,1,0,0,1,1,4,3
504195,neutral->sadness,neutral,sadness,6,4,0,0,0,0,1,0,0,1,0,0,1,1,4,3
504328,sadness->neutral,sadness,neutral,4,6,0,0,0,0,1,0,0,0,0,0,1,1,3,3
504373,neutral->sadness,neutral,sadness,6,4,0,0,0,0,1,0,0,0,0,0,1,1,3,3
504527,sadness->neutral,sadness,neutral,4,6,0,0,0,0,1,0,0,0,0,0,1,1,3,3
504542,neutral->surprise,neutral,surprise,6,5,1,0,0,0,0,0,0,0,0,0,1,0,2,2
504657,neutral->surprise,neutral,surprise,6,5,1,0,0,0,0,0,0,0,0,0,1,0,2,2
504781,surprise->neutral,surprise,neutral,5,6,1,0,0,0,0,0,0,0,0,0,1,0,2,2
504782,neutral->surprise,neutral,surprise,6,5,1,0,0,0,0,0,0,0,0,0,1,0,2,2
504869,surprise->neutral,surprise,neutral,5,6,1,0,0,0,0,0,0,0,0,0,1,0,2,2
504986,neutral->anger,neutral,anger,6,1,0,0,1,0,0,0,0,0,0,0,0,0,1,1
505054,surprise->neutral,surprise,neutral,5,6,1,0,0,0,0,0,0,0,0,0,1,0,2,2
505502,neutral->surprise,neutral,surprise,6,5,1,0,0,1,0,0,0,0,0,0,1,0,3,3
505782,surprise->neutral,surprise,neutral,5,6,1,0,0,1,0,0,0,0,0,0,1,0,3,3
505919,anger->neutral,anger,neutral,1,6,0,0,1,0,0,0,0,0,0,0,0,0,1,1
506980,neutral->surprise,neutral,surprise,6,5,0,0,0,1,0,0,0,0,0,0,0,0,1,1
507186,neutral->anger,neutral,anger,6,1,0,0,1,0,0,0,0,0,0,0,0,0,1,1
507443,neutral->sadness,neutral,sadness,6,4,0,0,0,0,1,0,0,1,0,1,0,1,4,3
507630,sadness->neutral,sadness,neutral,4,6,0,0,0,0,1,0,0,1,0,1,0,1,4,3
507739,anger->neutral,anger,neutral,1,6,0,0,1,0,0,0,0,0,0,0,0,0,1,1
508459,neutral->anger,neutral,anger,6,1,0,0,1,0,0,0,0,0,0,0,0,0,1,1
508565,neutral->surprise,neutral,surprise,6,5,1,0,0,0,0,0,0,0,0,0,0,0,1,1
508650,surprise->neutral,surprise,neutral,5,6,1,0,0,0,0,0,0,0,0,0,0,0,1,1
508778,anger->neutral,anger,neutral,1,6,0,0,1,0,0,0,0,0,0,0,0,0,1,1
508853,neutral->anger,neutral,anger,6,1,0,0,1,0,0,0,0,0,0,0,0,0,1,1
510386,neutral->sadness,neutral,sadness,6,4,0,0,0,0,1,0,0,1,0,1,0,1,4,3
510534,anger->neutral,anger,neutral,1,6,0,0,1,0,0,0,0,0,0,0,0,0,1,1
510571,sadness->neutral,sadness,neutral,4,6,0,0,0,0,1,0,0,1,0,1,0,1,4,3
510750,neutral->anger,neutral,anger,6,1,0,0,1,0,0,0,0,0,0,0,0,0,1,1
510884,neutral->sadness,neutral,sadness,6,4,0,0,0,0,1,0,0,0,0,1,0,1,3,3
510894,neutral->surprise,neutral,surprise,6,5,1,0,0,0,0,0,0,0,0,0,1,0,2,2
511060,surprise->neutral,surprise,neutral,5,6,1,0,0,0,0,0,0,0,0,0,1,0,2,2
511327,sadness->neutral,sadness,neutral,4,6,0,0,0,0,1,0,0,1,1,1,0,1,5,3
511868,anger->neutral,anger,neutral,1,6,0,0,1,0,0,0,0,0,0,0,0,0,1,1
512027,neutral->anger,neutral,anger,6,1,0,0,1,0,0,0,0,0,0,0,0,0,1,1
512400,neutral->surprise,neutral,surprise,6,5,1,0,0,0,0,0,0,0,0,0,0,0,1,1
512460,neutral->surprise,neutral,surprise,6,5,1,0,0,0,0,0,0,0,0,0,1,0,2,2
512496,anger->neutral,anger,neutral,1,6,0,0,1,0,0,0,0,0,0,0,0,0,1,1
512543,neutral->disgust,neutral,disgust,6,2,0,0,0,0,0,0,0,1,0,0,0,0,1,1
513412,neutral->sadness,neutral,sadness,6,4,0,0,0,1,1,0,0,0,0,0,0,1,3,3
514003,sadness->neutral,sadness,neutral,4,6,0,0,0,0,1,0,0,0,0,0,1,1,3,3
518953,sadness->neutral,sadness,neutral,4,6,0,0,0,0,1,0,0,1,0,0,1,0,3,3
518974,sadness->neutral,sadness,neutral,4,6,0,0,0,0,1,0,0,1,0,0,1,0,3,3
519698,sadness->neutral,sadness,neutral,4,6,1,0,0,0,1,0,0,0,0,0,1,0,3,3
520970,neutral->sadness,neutral,sadness,6,4,0,0,0,1,1,0,0,0,0,0,1,1,4,3
521007,sadness->neutral,sadness,neutral,4,6,0,0,0,1,1,0,0,0,0,0,1,1,4,3
524937,neutral->surprise,neutral,surprise,6,5,1,0,0,0,0,0,0,0,0,0,1,0,2,2
524994,neutral->surprise,neutral,surprise,6,5,1,0,0,0,0,0,0,1,0,0,1,0,3,3
524996,neutral->surprise,neutral,surprise,6,5,1,0,0,0,0,0,0,1,0,0,1,0,3,3
525163,neutral->anger,neutral,anger,6,1,0,0,1,0,0,0,1,0,0,0,0,0,2,2
525469,neutral->surprise,neutral,surprise,6,5,0,0,0,0,0,0,1,0,1,0,0,0,2,2
525499,surprise->neutral,surprise,neutral,5,6,0,0,0,0,0,0,1,0,1,0,0,0,2,2
525597,neutral->sadness,neutral,sadness,6,4,0,0,0,1,1,0,0,1,0,0,0,1,4,3
525611,surprise->neutral,surprise,neutral,5,6,0,0,0,0,0,0,0,1,1,0,0,0,2,2
525638,sadness->neutral,sadness,neutral,4,6,0,0,0,1,1,0,0,1,0,0,0,1,4,3
525652,neutral->anger,neutral,anger,6,1,0,0,1,0,0,0,0,0,0,1,0,0,2,2
525685,sadness->neutral,sadness,neutral,4,6,0,0,0,1,1,0,0,1,0,0,1,1,5,3
525775,anger->neutral,anger,neutral,1,6,0,0,1,0,0,0,0,0,0,1,0,0,2,2
525860,sadness->neutral,sadness,neutral,4,6,1,0,0,0,1,0,0,0,0,0,0,1,3,3
525920,anger->neutral,anger,neutral,1,6,0,0,1,0,0,0,1,0,0,1,0,0,3,3
526023,neutral->happiness,neutral,happiness,6,3,0,0,0,0,0,0,0,1,1,0,1,0,3,3
526135,sadness->neutral,sadness,neutral,4,6,1,0,0,1,1,0,0,0,0,0,0,0,3,3
526135,neutral->sadness,neutral,sadness,6,4,1,0,0,1,1,0,0,0,0,0,0,0,3,3
526213,neutral->happiness,neutral,happiness,6,3,0,1,0,0,0,0,0,1,1,1,1,1,6,3
526236,happiness->neutral,happiness,neutral,3,6,0,1,0,0,0,0,0,1,1,1,0,1,5,3
526254,neutral->happiness,neutral,happiness,6,3,0,1,0,0,0,0,0,1,1,1,0,1,5,3
526258,neutral->happiness,neutral,happiness,6,3,0,1,0,0,0,0,0,1,1,1,0,1,5,3
526278,neutral->happiness,neutral,happiness,6,3,0,1,0,0,0,0,0,1,1,1,0,1,5,3
526298,neutral->happiness,neutral,happiness,6,3,0,1,0,0,0,0,0,1,1,1,0,1,5,3
526445,happiness->neutral,happiness,neutral,3,6,0,1,0,0,0,0,0,1,1,1,1,1,6,3
526475,neutral->happiness,neutral,happiness,6,3,0,1,0,0,0,0,0,1,1,1,1,1,6,3
526506,sadness->neutral,sadness,neutral,4,6,0,0,0,1,1,0,0,0,0,0,0,0,2,2
526575,happiness->neutral,happiness,neutral,3,6,0,1,0,0,0,0,0,1,1,1,1,1,6,3
526633,happiness->neutral,happiness,neutral,3,6,0,1,0,0,0,0,0,1,1,1,1,1,6,3
526897,happiness->neutral,happiness,neutral,3,6,1,0,0,1,0,0,0,0,1,0,0,1,4,3
527141,happiness->neutral,happiness,neutral,3,6,1,0,0,0,0,0,0,1,1,0,1,1,5,3
527209,happiness->neutral,happiness,neutral,3,6,1,0,0,0,0,0,0,1,1,0,1,1,5,3
527765,neutral->sadness,neutral,sadness,6,4,1,0,0,1,1,0,0,0,0,0,0,0,3,3
527847,neutral->sadness,neutral,sadness,6,4,1,0,0,1,1,0,0,0,0,0,0,0,3,3
528047,sadness->neutral,sadness,neutral,4,6,1,0,0,1,1,0,0,0,0,0,0,0,3,3
528109,happiness->neutral,happiness,neutral,3,6,0,1,0,0,0,0,0,0,0,0,0,1,2,2
528782,sadness->neutral,sadness,neutral,4,6,0,0,0,1,1,0,0,0,1,0,0,1,4,3
532602,neutral->anger,neutral,anger,6,1,0,0,1,0,0,0,1,0,0,1,0,0,3,3
532739,anger->neutral,anger,neutral,1,6,0,0,1,0,0,0,1,0,0,1,0,0,3,3
533402,neutral->happiness,neutral,happiness,6,3,0,0,0,0,0,0,0,0,0,0,0,1,1,1
533611,happiness->neutral,happiness,neutral,3,6,0,0,0,0,0,0,0,0,0,0,0,1,1,1
537507,happiness->neutral,happiness,neutral,3,6,0,1,0,0,0,0,0,0,0,0,0,0,1,1
538908,neutral->sadness,neutral,sadness,6,4,0,0,0,1,1,0,0,1,0,0,1,0,4,3
538920,neutral->sadness,neutral,sadness,6,4,0,0,0,1,1,0,0,1,0,0,1,0,4,3
540107,neutral->anger,neutral,anger,6,1,0,0,1,0,0,0,0,0,0,0,0,1,2,2
540412,anger->neutral,anger,neutral,1,6,0,0,1,0,0,0,0,0,0,0,0,1,2,2
542397,neutral->anger,neutral,anger,6,1,0,0,1,0,0,0,1,0,0,1,0,1,4,3
542594,neutral->anger,neutral,anger,6,1,0,0,1,0,0,0,1,0,0,1,0,1,4,3
542962,neutral->sadness,neutral,sadness,6,4,0,0,0,0,1,0,0,0,1,0,1,0,3,3
543033,anger->neutral,anger,neutral,1,6,0,0,1,0,0,0,1,0,0,1,0,1,4,3
543082,anger->neutral,anger,neutral,1,6,0,0,1,0,0,0,1,0,0,1,0,1,4,3
543144,sadness->neutral,sadness,neutral,4,6,0,0,0,0,1,0,0,0,1,0,1,0,3,3
543257,neutral->anger,neutral,anger,6,1,0,0,1,0,0,0,1,0,0,1,0,1,4,3
543421,neutral->anger,neutral,anger,6,1,0,0,1,0,0,0,1,0,0,1,0,1,4,3
544148,anger->neutral,anger,neutral,1,6,0,0,1,0,0,0,1,0,0,1,0,1,4,3
544259,neutral->anger,neutral,anger,6,1,0,0,1,0,0,0,1,0,0,1,0,1,4,3
544577,neutral->sadness,neutral,sadness,6,4,0,0,0,0,1,0,0,0,1,0,1,0,3,3
544658,sadness->neutral,sadness,neutral,4,6,0,0,0,0,1,0,0,0,1,0,1,0,3,3
544683,anger->neutral,anger,neutral,1,6,0,0,1,0,0,0,1,0,0,1,0,1,4,3
545628,neutral->anger,neutral,anger,6,1,0,0,1,0,0,0,1,0,0,1,0,0,3,3
545647,anger->neutral,anger,neutral,1,6,0,0,1,0,0,0,1,0,0,1,0,0,3,3
545652,neutral->anger,neutral,anger,6,1,0,0,1,0,0,0,1,0,0,1,0,0,3,3
545654,anger->neutral,anger,neutral,1,6,0,0,1,0,0,0,1,0,0,1,0,0,3,3
545779,neutral->anger,neutral,anger,6,1,0,0,1,0,0,0,1,0,0,1,0,0,3,3
546032,anger->neutral,anger,neutral,1,6,0,0,1,0,0,0,1,0,0,1,0,1,4,3
546054,anger->neutral,anger,neutral,1,6,0,0,1,0,0,0,1,0,0,1,0,1,4,3
546533,neutral->anger,neutral,anger,6,1,0,0,1,0,0,0,0,0,0,1,0,1,3,3
547985,anger->neutral,anger,neutral,1,6,0,0,1,0,0,0,1,0,0,1,0,1,4,3
548012,neutral->anger,neutral,anger,6,1,0,0,1,0,0,0,1,0,0,1,0,1,4,3
548087,anger->neutral,anger,neutral,1,6,0,0,1,0,0,0,1,0,0,1,0,1,4,3
552305,neutral->sadness,neutral,sadness,6,4,0,1,0,1,1,0,0,1,0,0,1,1,6,3
552336,neutral->sadness,neutral,sadness,6,4,0,1,0,1,1,0,0,1,0,0,1,1,6,3
552340,neutral->sadness,neutral,sadness,6,4,0,1,0,1,1,0,0,1,0,0,1,1,6,3
552347,neutral->surprise,neutral,surprise,6,5,1,0,0,0,0,0,0,0,0,0,0,0,1,1
552461,neutral->sadness,neutral,sadness,6,4,0,0,0,1,1,0,0,1,0,0,1,1,5,3
552511,sadness->neutral,sadness,neutral,4,6,0,0,0,0,1,0,0,1,0,0,1,1,4,3
552595,neutral->sadness,neutral,sadness,6,4,0,0,0,0,1,0,0,1,0,0,1,1,4,3
552696,sadness->neutral,sadness,neutral,4,6,0,0,1,0,1,0,0,0,0,0,1,1,4,3
552798,neutral->anger,neutral,anger,6,1,0,0,1,0,0,0,0,0,0,0,0,0,1,1
552810,sadness->neutral,sadness,neutral,4,6,0,0,0,0,0,0,0,0,0,0,1,1,2,2
552961,neutral->sadness,neutral,sadness,6,4,0,0,0,0,0,0,0,0,0,0,1,1,2,2
553182,sadness->neutral,sadness,neutral,4,6,0,0,0,0,0,0,0,0,0,0,0,1,1,1
553591,surprise->neutral,surprise,neutral,5,6,1,0,0,1,0,1,0,0,0,0,0,0,3,3
553717,neutral->sadness,neutral,sadness,6,4,0,0,0,1,0,0,0,0,0,0,0,1,2,2
554451,neutral->sadness,neutral,sadness,6,4,1,0,0,0,0,0,0,0,1,0,0,0,2,2
554729,sadness->neutral,sadness,neutral,4,6,1,0,0,0,0,0,0,0,1,0,0,0,2,2
554825,neutral->surprise,neutral,surprise,6,5,1,0,0,0,0,1,0,0,0,0,0,0,2,2
555317,sadness->neutral,sadness,neutral,4,6,1,0,0,1,0,0,0,0,1,0,0,0,3,3
556791,neutral->surprise,neutral,surprise,6,5,1,0,0,1,0,0,0,0,0,0,0,0,2,2
556882,surprise->neutral,surprise,neutral,5,6,1,0,0,1,0,0,0,0,0,0,0,0,2,2
557447,surprise->neutral,surprise,neutral,5,6,0,0,1,0,0,0,0,0,0,0,0,0,1,1
557682,neutral->surprise,neutral,surprise,6,5,1,0,0,0,0,0,0,0,0,0,0,0,1,1
557983,neutral->sadness,neutral,sadness,6,4,0,0,1,0,0,0,0,0,1,0,1,1,4,3
558703,sadness->neutral,sadness,neutral,4,6,0,1,0,0,0,0,0,0,1,0,1,1,4,3
558705,surprise->neutral,surprise,neutral,5,6,1,1,0,0,0,0,0,0,0,0,0,0,2,2
559169,neutral->surprise,neutral,surprise,6,5,1,0,0,1,0,0,0,0,0,0,0,0,2,2
559289,surprise->neutral,surprise,neutral,5,6,1,0,0,1,0,0,0,0,0,0,0,0,2,2
559589,surprise->neutral,surprise,neutral,5,6,1,0,0,1,0,0,0,0,0,0,0,0,2,2
563901,neutral->sadness,neutral,sadness,6,4,0,0,0,0,0,0,0,1,0,0,1,1,3,3
564012,sadness->neutral,sadness,neutral,4,6,0,0,0,0,0,0,0,1,1,0,1,1,4,3
564250,neutral->sadness,neutral,sadness,6,4,0,0,0,0,0,0,0,1,1,0,1,1,4,3
564498,sadness->neutral,sadness,neutral,4,6,0,0,0,0,0,0,0,1,1,0,1,1,4,3
564671,neutral->sadness,neutral,sadness,6,4,0,0,0,0,0,0,0,1,1,0,1,1,4,3
564707,neutral->sadness,neutral,sadness,6,4,0,0,0,0,0,0,0,0,1,0,1,1,3,3
565128,neutral->sadness,neutral,sadness,6,4,1,0,0,1,0,0,0,0,0,0,0,0,2,2
565278,neutral->surprise,neutral,surprise,6,5,1,0,0,0,0,0,0,0,0,0,0,0,1,1
565284,surprise->neutral,surprise,neutral,5,6,1,0,0,0,0,0,0,0,0,0,0,0,1,1
565559,neutral->surprise,neutral,surprise,6,5,1,0,0,0,0,0,0,0,0,0,0,0,1,1
565792,neutral->anger,neutral,anger,6,1,0,0,0,0,0,0,1,0,0,1,0,1,3,3
565797,neutral->anger,neutral,anger,6,1,0,0,0,0,0,0,1,0,0,1,0,1,3,3
565913,anger->neutral,anger,neutral,1,6,0,0,0,0,0,0,1,0,0,1,0,1,3,3
566064,sadness->neutral,sadness,neutral,4,6,0,0,0,1,0,0,0,0,0,0,0,0,1,1
566276,surprise->neutral,surprise,neutral,5,6,1,0,0,0,0,0,0,0,0,0,0,0,1,1
566328,anger->neutral,anger,neutral,1,6,0,0,0,0,0,0,1,0,0,1,0,1,3,3
566427,neutral->anger,neutral,anger,6,1,0,0,0,0,0,0,1,0,0,1,0,0,2,2
566685,anger->neutral,anger,neutral,1,6,0,0,0,0,0,0,1,0,0,0,0,0,1,1
572198,neutral->sadness,neutral,sadness,6,4,0,0,0,0,0,0,0,1,0,0,1,0,2,2
572224,sadness->neutral,sadness,neutral,4,6,0,0,0,0,0,0,0,1,0,0,1,0,2,2
572227,neutral->sadness,neutral,sadness,6,4,0,0,0,0,0,0,0,1,0,0,1,0,2,2
572241,sadness->neutral,sadness,neutral,4,6,0,0,0,0,0,0,0,1,0,0,1,0,2,2
575372,neutral->sadness,neutral,sadness,6,4,0,0,0,0,0,0,0,1,0,0,1,0,2,2
575385,sadness->neutral,sadness,neutral,4,6,0,0,0,0,0,0,0,1,0,0,1,0,2,2
575881,neutral->sadness,neutral,sadness,6,4,0,0,0,0,0,0,0,1,0,0,1,0,2,2
575963,sadness->neutral,sadness,neutral,4,6,0,0,0,0,0,0,0,1,0,0,1,0,2,2
576175,neutral->sadness,neutral,sadness,6,4,0,0,0,0,0,0,0,1,0,0,1,0,2,2
576302,sadness->neutral,sadness,neutral,4,6,0,0,0,0,0,0,0,1,0,0,1,0,2,2
576530,neutral->sadness,neutral,sadness,6,4,0,0,0,0,0,0,0,1,0,0,1,0,2,2
576833,neutral->sadness,neutral,sadness,6,4,0,0,0,0,0,0,0,0,0,0,1,0,1,1
576934,neutral->surprise,neutral,surprise,6,5,1,0,0,0,0,1,0,0,0,0,0,0,2,2
576994,sadness->neutral,sadness,neutral,4,6,0,0,0,0,0,0,0,1,0,0,1,0,2,2
577100,sadness->neutral,sadness,neutral,4,6,0,1,0,0,0,0,0,1,0,0,1,1,4,3
577124,sadness->neutral,sadness,neutral,4,6,0,1,0,0,0,0,0,1,0,0,1,1,4,3
577186,surprise->neutral,surprise,neutral,5,6,1,0,0,0,0,1,0,0,0,0,0,0,2,2
577459,anger->neutral,anger,neutral,1,6,0,0,1,0,0,0,0,0,0,0,0,0,1,1
577615,neutral->surprise,neutral,surprise,6,5,1,0,0,0,0,1,0,1,0,0,1,0,4,3
577670,neutral->surprise,neutral,surprise,6,5,1,0,0,1,0,1,0,1,0,0,1,0,5,3
577804,neutral->surprise,neutral,surprise,6,5,0,0,0,1,0,1,0,1,0,0,0,0,3,3
578215,disgust->neutral,disgust,neutral,2,6,1,0,0,0,0,0,0,0,0,0,0,0,1,1
578289,surprise->neutral,surprise,neutral,5,6,0,0,0,1,0,1,0,0,0,0,1,0,3,3
578456,neutral->sadness,neutral,sadness,6,4,1,1,0,0,0,0,0,0,0,0,1,0,3,3
579408,neutral->surprise,neutral,surprise,6,5,0,0,0,0,0,1,0,1,0,0,1,0,3,3
579525,surprise->neutral,surprise,neutral,5,6,0,0,0,0,0,1,0,1,0,0,1,0,3,3
579638,surprise->neutral,surprise,neutral,5,6,0,0,0,0,0,1,0,1,0,0,1,0,3,3
579655,neutral->surprise,neutral,surprise,6,5,0,1,0,0,0,1,0,1,0,0,1,0,4,3
579694,neutral->surprise,neutral,surprise,6,5,0,1,0,0,0,1,0,1,0,0,1,0,4,3
579791,sadness->neutral,sadness,neutral,4,6,1,0,0,0,0,0,0,0,0,0,1,0,2,2
580083,neutral->sadness,neutral,sadness,6,4,1,0,1,0,0,0,0,0,0,0,1,0,3,3
580087,sadness->neutral,sadness,neutral,4,6,1,0,1,0,0,0,0,0,0,0,1,0,3,3
580192,neutral->surprise,neutral,surprise,6,5,0,0,0,0,0,1,0,1,0,0,1,0,3,3
580339,surprise->neutral,surprise,neutral,5,6,0,0,0,0,0,1,0,0,0,0,1,0,2,2
580438,neutral->surprise,neutral,surprise,6,5,0,0,0,0,0,1,0,0,0,0,1,0,2,2
580516,sadness->neutral,sadness,neutral,4,6,1,0,1,0,0,0,0,0,0,0,1,0,3,3
580914,sadness->neutral,sadness,neutral,4,6,1,0,1,0,0,0,0,0,0,0,1,0,3,3
581025,neutral->sadness,neutral,sadness,6,4,0,0,1,0,0,0,0,0,0,0,1,0,2,2
581180,neutral->disgust,neutral,disgust,6,2,0,0,0,0,0,0,0,1,0,0,1,0,2,2
581314,disgust->neutral,disgust,neutral,2,6,0,0,0,0,0,0,0,1,0,0,1,0,2,2
581391,surprise->neutral,surprise,neutral,5,6,0,0,0,0,0,1,0,0,0,0,1,0,2,2
581497,neutral->sadness,neutral,sadness,6,4,1,0,1,0,0,0,0,1,0,0,1,1,5,3
581534,sadness->neutral,sadness,neutral,4,6,1,0,1,0,0,0,0,1,0,0,1,1,5,3
581561,neutral->sadness,neutral,sadness,6,4,0,0,1,0,0,0,0,1,0,0,1,1,4,3
581874,sadness->neutral,sadness,neutral,4,6,0,0,1,0,0,0,0,0,0,0,1,1,3,3
582031,neutral->surprise,neutral,surprise,6,5,0,0,0,0,0,1,0,1,0,0,1,0,3,3
582039,neutral->disgust,neutral,disgust,6,2,0,0,0,0,0,0,0,1,0,0,0,0,1,1
582164,disgust->neutral,disgust,neutral,2,6,0,0,0,0,0,0,0,1,0,0,0,0,1,1
582179,neutral->sadness,neutral,sadness,6,4,1,0,1,0,0,0,0,1,0,0,0,1,4,3
582196,surprise->neutral,surprise,neutral,5,6,0,0,0,0,0,1,0,0,0,0,1,0,2,2
582258,neutral->sadness,neutral,sadness,6,4,1,0,1,0,0,0,0,1,0,0,0,1,4,3
582522,sadness->neutral,sadness,neutral,4,6,0,0,1,0,0,0,0,0,0,0,0,1,2,2
582567,neutral->surprise,neutral,surprise,6,5,0,0,0,1,1,1,0,0,0,1,0,0,4,3
582628,surprise->neutral,surprise,neutral,5,6,0,0,0,1,1,1,0,0,0,1,0,0,4,3
582734,neutral->happiness,neutral,happiness,6,3,0,0,0,0,0,0,0,0,1,0,0,0,1,1
582779,neutral->anger,neutral,anger,6,1,0,0,0,0,1,0,1,0,0,0,0,0,2,2
582946,happiness->neutral,happiness,neutral,3,6,0,0,0,0,0,0,0,0,1,0,0,0,1,1
583153,surprise->neutral,surprise,neutral,5,6,0,1,0,0,0,0,0,0,0,1,0,0,2,2
583207,neutral->surprise,neutral,surprise,6,5,0,1,0,0,0,0,0,0,0,1,0,0,2,2
583240,neutral->disgust,neutral,disgust,6,2,0,0,0,0,0,0,0,0,0,1,0,0,1,1
584556,neutral->surprise,neutral,surprise,6,5,0,0,1,0,1,0,0,0,0,0,0,0,2,2
584618,neutral->surprise,neutral,surprise,6,5,0,0,1,0,1,0,0,0,0,0,0,0,2,2
584654,surprise->neutral,surprise,neutral,5,6,0,0,0,0,1,0,0,0,0,0,0,0,1,1
584673,neutral->surprise,neutral,surprise,6,5,0,0,0,0,1,0,0,0,0,0,0,0,1,1
584700,anger->neutral,anger,neutral,1,6,0,0,0,0,1,0,0,0,0,1,0,0,2,2
584724,neutral->disgust,neutral,disgust,6,2,0,0,0,0,0,0,0,1,0,1,0,0,2,2
584754,neutral->sadness,neutral,sadness,6,4,0,0,0,0,0,0,0,0,1,0,1,1,3,3
584826,anger->neutral,anger,neutral,1,6,0,0,0,0,1,0,0,0,0,0,0,0,1,1
584835,neutral->surprise,neutral,surprise,6,5,0,0,0,0,0,1,0,0,0,0,0,0,1,1
584841,neutral->sadness,neutral,sadness,6,4,0,0,0,0,0,0,0,1,1,0,1,1,4,3
584855,sadness->neutral,sadness,neutral,4,6,0,0,0,0,0,0,0,1,1,0,1,1,4,3
584868,sadness->neutral,sadness,neutral,4,6,0,0,0,0,0,0,0,1,1,0,1,1,4,3
584897,neutral->anger,neutral,anger,6,1,0,0,0,0,1,0,0,0,0,0,0,0,1,1
585085,sadness->neutral,sadness,neutral,4,6,0,0,0,0,0,0,0,0,0,0,0,1,1,1
585131,neutral->happiness,neutral,happiness,6,3,0,0,0,0,0,0,0,0,1,1,1,0,3,3
585151,anger->neutral,anger,neutral,1,6,0,0,0,0,1,0,1,0,0,0,0,0,2,2
585188,surprise->neutral,surprise,neutral,5,6,0,0,1,0,1,0,0,0,0,0,0,0,2,2
585202,happiness->neutral,happiness,neutral,3,6,0,0,0,0,0,0,0,1,1,1,1,0,4,3
585233,neutral->happiness,neutral,happiness,6,3,1,0,0,0,0,0,0,1,1,1,1,1,6,3
585250,neutral->anger,neutral,anger,6,1,0,0,0,0,0,0,0,0,0,1,0,0,1,1
585263,neutral->happiness,neutral,happiness,6,3,1,0,0,0,0,0,0,1,1,1,1,1,6,3
585289,happiness->neutral,happiness,neutral,3,6,1,0,0,0,0,0,0,1,1,1,1,1,6,3
585306,neutral->happiness,neutral,happiness,6,3,1,0,0,0,0,0,0,1,1,1,1,1,6,3
585324,neutral->happiness,neutral,happiness,6,3,1,0,0,0,0,0,0,0,1,1,1,1,5,3
585345,anger->neutral,anger,neutral,1,6,0,0,0,0,0,0,0,0,1,1,0,0,2,2
585389,surprise->neutral,surprise,neutral,5,6,1,0,1,0,0,0,0,0,0,0,0,0,2,2
585403,neutral->happiness,neutral,happiness,6,3,0,0,0,0,0,0,0,0,1,1,1,1,4,3
585497,neutral->happiness,neutral,happiness,6,3,0,0,0,0,0,0,0,0,1,1,1,1,4,3
585589,happiness->neutral,happiness,neutral,3,6,0,0,0,0,0,0,0,1,1,1,1,1,5,3
585645,surprise->neutral,surprise,neutral,5,6,0,0,1,1,0,0,0,0,0,0,0,0,2,2
585758,happiness->neutral,happiness,neutral,3,6,0,0,0,0,0,0,0,1,1,1,1,1,5,3
585784,happiness->neutral,happiness,neutral,3,6,0,0,0,0,0,0,0,1,1,1,1,1,5,3
585855,happiness->neutral,happiness,neutral,3,6,0,0,0,0,0,0,0,1,1,1,1,1,5,3
585981,neutral->happiness,neutral,happiness,6,3,0,0,0,1,0,0,0,0,1,1,1,1,5,3
586032,happiness->neutral,happiness,neutral,3,6,0,0,0,1,0,0,0,0,1,1,1,1,5,3
586137,neutral->surprise,neutral,surprise,6,5,1,0,1,0,0,0,0,0,0,0,0,0,2,2
586218,happiness->neutral,happiness,neutral,3,6,0,0,0,1,0,0,0,0,0,1,0,0,2,2
586248,neutral->anger,neutral,anger,6,1,0,0,0,0,0,0,1,0,0,0,0,0,1,1
586328,neutral->disgust,neutral,disgust,6,2,0,0,0,1,0,0,0,0,0,0,0,0,1,1
586455,disgust->neutral,disgust,neutral,2,6,0,0,0,1,0,0,0,0,0,0,0,0,1,1
586853,anger->neutral,anger,neutral,1,6,0,0,0,0,0,0,1,0,0,0,0,0,1,1
588182,surprise->neutral,surprise,neutral,5,6,1,0,1,0,0,0,0,0,0,0,0,0,2,2
588201,neutral->sadness,neutral,sadness,6,4,0,0,0,0,0,0,0,0,1,0,0,0,1,1
588291,sadness->neutral,sadness,neutral,4,6,0,0,0,0,0,0,0,0,1,0,0,0,1,1
588320,neutral->surprise,neutral,surprise,6,5,1,0,1,0,0,0,0,0,0,0,0,0,2,2
588768,neutral->sadness,neutral,sadness,6,4,0,0,0,0,0,0,0,0,1,0,0,0,1,1
588933,sadness->neutral,sadness,neutral,4,6,0,0,0,0,0,0,0,0,1,0,0,0,1,1
588937,neutral->anger,neutral,anger,6,1,0,0,0,0,0,0,0,0,0,1,0,0,1,1
589908,neutral->sadness,neutral,sadness,6,4,0,0,0,0,0,0,0,0,1,0,0,0,1,1
589952,sadness->neutral,sadness,neutral,4,6,0,0,0,0,0,0,0,0,1,0,0,0,1,1
591288,anger->neutral,anger,neutral,1,6,0,0,0,0,0,0,0,0,0,1,0,0,1,1
591335,neutral->sadness,neutral,sadness,6,4,0,0,0,0,0,0,0,0,1,0,0,0,1,1
591853,sadness->neutral,sadness,neutral,4,6,0,0,0,0,0,0,0,0,1,0,0,0,1,1
591899,neutral->anger,neutral,anger,6,1,0,0,0,0,0,0,0,0,0,1,0,0,1,1
591966,neutral->sadness,neutral,sadness,6,4,0,0,0,0,0,0,0,0,1,0,0,0,1,1
592133,sadness->neutral,sadness,neutral,4,6,0,0,0,0,0,0,0,0,1,0,0,0,1,1
592394,neutral->sadness,neutral,sadness,6,4,0,0,0,0,0,0,0,0,1,0,0,0,1,1
592538,sadness->neutral,sadness,neutral,4,6,0,0,0,0,0,0,0,0,1,0,0,0,1,1
592659,neutral->anger,neutral,anger,6,1,0,0,0,0,0,0,1,0,0,0,0,0,1,1
592731,neutral->sadness,neutral,sadness,6,4,0,0,0,0,0,0,0,0,1,0,0,0,1,1
592877,sadness->neutral,sadness,neutral,4,6,0,0,0,0,0,0,0,0,1,0,0,0,1,1
593266,neutral->sadness,neutral,sadness,6,4,0,0,0,0,0,0,0,0,1,0,0,0,1,1
593538,sadness->neutral,sadness,neutral,4,6,0,0,0,0,0,0,0,0,1,0,0,0,1,1
593744,neutral->sadness,neutral,sadness,6,4,0,0,0,0,0,0,0,0,1,0,0,0,1,1
593866,sadness->neutral,sadness,neutral,4,6,0,0,0,0,0,0,0,0,1,0,0,0,1,1
593947,neutral->sadness,neutral,sadness,6,4,0,0,0,0,0,0,0,0,1,0,0,0,1,1
593974,anger->neutral,anger,neutral,1,6,0,0,0,0,0,0,0,0,0,1,0,0,1,1
594190,sadness->neutral,sadness,neutral,4,6,0,0,0,0,0,0,0,0,1,0,0,0,1,1
594362,neutral->sadness,neutral,sadness,6,4,0,0,0,0,0,0,0,0,1,0,0,0,1,1
594515,sadness->neutral,sadness,neutral,4,6,0,0,0,0,0,0,0,0,1,0,0,0,1,1
594557,neutral->surprise,neutral,surprise,6,5,0,0,1,1,0,0,0,0,0,0,0,0,2,2
594818,anger->neutral,anger,neutral,1,6,0,0,0,0,0,0,1,0,0,0,0,0,1,1
594828,neutral->sadness,neutral,sadness,6,4,0,0,0,0,0,0,0,0,1,0,0,0,1,1
595146,neutral->anger,neutral,anger,6,1,0,0,0,0,0,0,1,0,0,0,0,0,1,1
595331,sadness->neutral,sadness,neutral,4,6,0,0,0,0,0,0,0,0,1,0,0,0,1,1
595372,surprise->neutral,surprise,neutral,5,6,1,0,1,0,0,0,0,0,0,0,0,0,2,2
595694,neutral->surprise,neutral,surprise,6,5,1,0,1,0,0,0,0,0,0,0,0,0,2,2
595765,anger->neutral,anger,neutral,1,6,0,0,0,0,0,0,1,0,0,0,0,0,1,1
595846,neutral->anger,neutral,anger,6,1,0,0,0,0,0,0,1,0,0,1,0,0,2,2
595880,neutral->anger,neutral,anger,6,1,0,0,0,0,0,0,1,0,0,1,0,0,2,2
596000,neutral->sadness,neutral,sadness,6,4,0,0,0,0,0,0,0,0,1,0,0,0,1,1
596144,sadness->neutral,sadness,neutral,4,6,0,0,0,0,0,0,0,0,1,0,0,0,1,1
596188,anger->neutral,anger,neutral,1,6,0,0,0,0,0,0,1,0,0,1,0,1,3,3
596332,surprise->neutral,surprise,neutral,5,6,1,0,1,0,0,0,0,0,0,0,0,0,2,2
596338,neutral->surprise,neutral,surprise,6,5,1,0,1,0,0,0,0,0,0,0,0,0,2,2
596407,anger->neutral,anger,neutral,1,6,0,0,0,0,0,0,1,0,0,0,0,0,1,1
596487,neutral->surprise,neutral,surprise,6,5,1,0,1,0,0,0,1,0,0,0,0,0,3,3
596558,sadness->neutral,sadness,neutral,4,6,0,1,0,0,0,0,0,1,0,0,1,0,3,3
596582,sadness->neutral,sadness,neutral,4,6,0,1,0,0,0,0,0,1,0,0,1,0,3,3
596644,surprise->neutral,surprise,neutral,5,6,1,0,1,0,0,0,1,0,0,0,0,0,3,3
596807,surprise->neutral,surprise,neutral,5,6,1,0,1,0,0,0,1,0,0,0,0,0,3,3
596810,neutral->surprise,neutral,surprise,6,5,1,0,1,0,0,0,1,0,0,0,0,0,3,3
597073,surprise->neutral,surprise,neutral,5,6,1,0,0,0,0,1,1,0,0,0,0,0,3,3
597187,surprise->neutral,surprise,neutral,5,6,1,0,0,0,0,1,1,0,0,0,0,0,3,3
597232,neutral->anger,neutral,anger,6,1,0,0,0,0,0,0,0,0,0,1,0,0,1,1
597400,neutral->happiness,neutral,happiness,6,3,0,0,0,0,0,0,0,0,1,0,1,0,2,2
597513,neutral->happiness,neutral,happiness,6,3,0,0,0,0,0,0,0,1,1,0,0,0,2,2
597517,neutral->sadness,neutral,sadness,6,4,0,1,0,0,1,0,0,0,1,0,0,0,3,3
597575,sadness->neutral,sadness,neutral,4,6,0,1,0,0,1,0,0,0,1,0,0,0,3,3
597615,happiness->neutral,happiness,neutral,3,6,0,0,0,0,0,0,0,1,1,0,0,0,2,2
597711,neutral->sadness,neutral,sadness,6,4,0,1,0,0,1,0,0,0,0,0,0,1,3,3
597781,neutral->sadness,neutral,sadness,6,4,0,1,0,0,1,0,0,0,0,0,0,1,3,3
597796,sadness->neutral,sadness,neutral,4,6,0,1,0,0,1,0,0,0,0,0,0,1,3,3
597867,neutral->surprise,neutral,surprise,6,5,0,0,1,0,0,0,0,0,0,0,0,0,1,1
597939,anger->neutral,anger,neutral,1,6,1,0,0,0,0,0,0,0,0,1,0,0,2,2
597974,sadness->neutral,sadness,neutral,4,6,0,1,0,1,1,0,0,0,0,0,0,1,4,3
597999,neutral->anger,neutral,anger,6,1,1,0,0,0,0,0,0,0,0,1,0,0,2,2
598031,anger->neutral,anger,neutral,1,6,1,0,0,0,0,0,0,0,0,1,0,0,2,2
598167,neutral->sadness,neutral,sadness,6,4,0,0,0,0,1,0,0,1,1,0,0,1,4,3
598175,sadness->neutral,sadness,neutral,4,6,0,0,1,0,1,0,0,1,1,0,0,1,5,3
598180,neutral->sadness,neutral,sadness,6,4,0,0,1,0,1,0,0,1,1,0,0,1,5,3
598206,surprise->neutral,surprise,neutral,5,6,0,0,1,0,0,1,0,0,0,0,0,0,2,2
598208,sadness->neutral,sadness,neutral,4,6,0,0,1,0,1,0,0,1,1,0,0,1,5,3
598313,neutral->surprise,neutral,surprise,6,5,1,0,0,0,0,1,0,0,0,0,0,0,2,2
598319,sadness->neutral,sadness,neutral,4,6,0,0,1,0,1,0,0,1,0,0,1,1,5,3
598350,sadness->neutral,sadness,neutral,4,6,0,1,1,0,1,0,0,1,0,0,1,1,6,3
598392,neutral->sadness,neutral,sadness,6,4,0,1,1,0,1,0,0,1,0,0,1,1,6,3
598418,neutral->sadness,neutral,sadness,6,4,0,1,1,0,1,0,0,1,0,0,1,1,6,3
598549,neutral->surprise,neutral,surprise,6,5,1,0,0,1,0,1,1,0,0,0,1,0,5,3
598572,sadness->neutral,sadness,neutral,4,6,0,1,1,0,0,0,0,1,0,0,1,1,5,3
598599,surprise->neutral,surprise,neutral,5,6,1,0,0,1,0,1,1,0,0,0,1,0,5,3
598738,sadness->neutral,sadness,neutral,4,6,0,0,1,0,1,0,0,1,0,0,1,1,5,3
598754,neutral->sadness,neutral,sadness,6,4,0,0,1,0,1,0,0,1,0,0,1,1,5,3
598774,neutral->sadness,neutral,sadness,6,4,0,0,1,0,1,0,0,1,0,0,1,1,5,3
598777,surprise->neutral,surprise,neutral,5,6,1,0,0,1,0,1,0,0,0,0,0,0,3,3
598811,sadness->neutral,sadness,neutral,4,6,0,0,1,0,1,0,0,1,0,0,1,1,5,3
598814,neutral->sadness,neutral,sadness,6,4,0,0,1,0,1,0,0,1,0,0,1,1,5,3
598888,surprise->neutral,surprise,neutral,5,6,1,1,0,1,0,1,0,0,0,0,0,0,4,3
598954,neutral->anger,neutral,anger,6,1,0,1,1,0,0,0,0,0,0,0,0,0,2,2
598977,sadness->neutral,sadness,neutral,4,6,0,0,0,0,1,0,0,1,0,0,1,0,3,3
599048,sadness->neutral,sadness,neutral,4,6,0,0,0,0,1,0,0,1,0,0,1,0,3,3
599423,neutral->disgust,neutral,disgust,6,2,0,0,0,0,1,0,0,0,0,0,0,0,1,1
599483,neutral->disgust,neutral,disgust,6,2,0,1,0,0,0,0,0,0,0,0,0,0,1,1
599702,disgust->neutral,disgust,neutral,2,6,0,0,0,0,1,0,0,1,0,0,0,0,2,2
599847,disgust->neutral,disgust,neutral,2,6,0,1,0,0,0,0,0,0,0,0,0,0,1,1
600169,neutral->sadness,neutral,sadness,6,4,0,1,0,0,1,1,0,1,0,0,1,1,6,3
600313,neutral->sadness,neutral,sadness,6,4,0,0,0,0,1,1,0,1,0,0,1,1,5,3
600420,neutral->sadness,neutral,sadness,6,4,0,1,0,0,1,1,0,1,0,0,0,1,5,3
600430,sadness->neutral,sadness,neutral,4,6,0,1,0,0,1,1,0,1,0,0,0,1,5,3
600443,neutral->sadness,neutral,sadness,6,4,0,1,0,0,1,1,0,1,0,0,0,1,5,3
600549,sadness->neutral,sadness,neutral,4,6,0,1,0,0,1,1,0,0,0,0,0,1,4,3
600712,neutral->sadness,neutral,sadness,6,4,0,1,0,0,1,1,0,0,0,0,0,1,4,3
600980,sadness->neutral,sadness,neutral,4,6,0,1,0,0,1,1,0,1,0,0,1,1,6,3
600997,sadness->neutral,sadness,neutral,4,6,0,1,0,0,1,1,0,1,0,0,1,1,6,3
600998,neutral->sadness,neutral,sadness,6,4,0,1,0,0,1,1,0,1,0,0,1,1,6,3
601016,sadness->neutral,sadness,neutral,4,6,0,1,0,0,1,1,0,1,0,0,1,1,6,3
601262,neutral->surprise,neutral,surprise,6,5,1,1,0,0,0,0,0,0,0,0,0,0,2,2
601392,sadness->neutral,sadness,neutral,4,6,0,0,0,0,1,1,0,0,0,0,0,0,2,2
601532,sadness->neutral,sadness,neutral,4,6,0,1,0,0,1,1,0,0,0,0,0,1,4,3
603198,neutral->anger,neutral,anger,6,1,0,0,1,0,0,0,0,0,0,1,0,1,3,3
603855,neutral->anger,neutral,anger,6,1,0,0,1,0,0,0,1,0,0,0,0,1,3,3
604017,neutral->anger,neutral,anger,6,1,0,0,1,0,0,0,1,0,0,0,0,1,3,3
604075,neutral->sadness,neutral,sadness,6,4,0,0,0,0,0,1,0,0,1,0,0,0,2,2
604242,sadness->neutral,sadness,neutral,4,6,0,0,0,0,0,1,0,0,1,0,0,0,2,2
604255,anger->neutral,anger,neutral,1,6,0,0,1,0,0,0,1,0,0,0,0,1,3,3
606413,neutral->sadness,neutral,sadness,6,4,0,0,0,0,0,1,0,0,1,0,1,0,3,3
606535,sadness->neutral,sadness,neutral,4,6,0,0,0,0,0,1,0,0,1,0,0,0,2,2
607300,neutral->anger,neutral,anger,6,1,0,0,1,0,0,0,1,0,0,0,0,1,3,3
607679,anger->neutral,anger,neutral,1,6,0,0,1,0,1,0,0,0,0,0,0,1,3,3
607787,neutral->anger,neutral,anger,6,1,0,0,1,0,1,0,0,0,0,0,0,1,3,3
607836,neutral->anger,neutral,anger,6,1,0,0,1,0,1,0,0,0,0,0,0,1,3,3
608102,anger->neutral,anger,neutral,1,6,0,0,1,0,1,0,1,0,0,0,0,1,4,3
608390,anger->neutral,anger,neutral,1,6,0,0,1,0,0,0,1,0,0,0,0,1,3,3
608617,neutral->sadness,neutral,sadness,6,4,0,0,0,0,0,1,0,0,1,0,0,0,2,2
608658,anger->neutral,anger,neutral,1,6,0,0,1,0,0,0,1,0,0,0,0,1,3,3
608730,neutral->anger,neutral,anger,6,1,0,0,1,0,0,0,1,0,0,0,0,0,2,2
608743,sadness->neutral,sadness,neutral,4,6,0,0,0,0,0,1,0,0,1,0,0,0,2,2
609339,neutral->anger,neutral,anger,6,1,0,0,1,0,1,0,0,0,0,0,0,0,2,2
609383,anger->neutral,anger,neutral,1,6,0,0,1,0,1,0,0,0,0,0,0,0,2,2
609883,neutral->disgust,neutral,disgust,6,2,0,0,0,0,0,0,0,1,1,0,0,0,2,2
609894,neutral->sadness,neutral,sadness,6,4,0,0,0,0,0,1,0,0,1,0,1,0,3,3
609900,disgust->neutral,disgust,neutral,2,6,0,0,0,0,0,0,0,1,1,0,0,0,2,2
610026,disgust->neutral,disgust,neutral,2,6,0,0,0,0,0,0,0,0,1,0,0,0,1,1
610629,neutral->sadness,neutral,sadness,6,4,0,0,0,0,0,1,0,0,1,0,0,0,2,2
610858,sadness->neutral,sadness,neutral,4,6,1,0,0,0,0,1,0,0,1,0,0,0,3,3
610953,neutral->sadness,neutral,sadness,6,4,1,0,0,0,0,1,0,0,1,0,1,0,4,3
611134,anger->neutral,anger,neutral,1,6,0,0,1,0,0,0,1,0,1,0,0,0,3,3
611141,sadness->neutral,sadness,neutral,4,6,1,0,0,0,0,1,0,0,1,0,1,0,4,3
611262,disgust->neutral,disgust,neutral,2,6,0,1,0,0,0,0,0,0,0,0,0,0,1,1
611332,anger->neutral,anger,neutral,1,6,0,0,1,0,0,0,0,0,0,1,0,0,2,2
611918,neutral->sadness,neutral,sadness,6,4,0,1,0,0,1,1,0,1,0,0,1,1,6,3
612135,neutral->sadness,neutral,sadness,6,4,0,0,0,0,1,1,0,0,0,0,1,1,4,3
612498,neutral->sadness,neutral,sadness,6,4,0,0,0,0,1,1,0,1,0,0,1,1,5,3
613361,sadness->neutral,sadness,neutral,4,6,0,0,0,0,1,1,0,1,0,0,1,0,4,3
613371,sadness->neutral,sadness,neutral,4,6,0,0,0,0,1,1,0,1,0,0,1,0,4,3
613804,anger->neutral,anger,neutral,1,6,0,0,1,0,0,0,0,0,0,0,0,0,1,1
614284,neutral->surprise,neutral,surprise,6,5,0,0,0,1,0,0,0,0,0,0,1,0,2,2
614410,neutral->surprise,neutral,surprise,6,5,0,0,0,1,0,0,0,1,0,0,0,0,2,2
614546,neutral->surprise,neutral,surprise,6,5,0,0,0,1,0,0,0,0,0,0,0,0,1,1
614836,neutral->sadness,neutral,sadness,6,4,1,0,0,0,1,1,0,0,0,0,0,0,3,3
614885,surprise->neutral,surprise,neutral,5,6,1,0,0,1,0,0,0,0,0,0,0,0,2,2
615257,neutral->surprise,neutral,surprise,6,5,1,0,0,1,0,0,0,0,0,0,0,0,2,2
615532,surprise->neutral,surprise,neutral,5,6,0,0,0,1,0,0,0,0,0,0,0,0,1,1
615588,neutral->sadness,neutral,sadness,6,4,0,0,0,0,1,1,0,0,0,0,0,0,2,2
616109,surprise->neutral,surprise,neutral,5,6,0,0,0,0,0,0,0,1,0,0,1,0,2,2
616403,surprise->neutral,surprise,neutral,5,6,0,0,0,1,0,0,0,1,0,0,1,0,3,3
616434,neutral->surprise,neutral,surprise,6,5,0,0,0,1,0,0,0,1,0,0,1,0,3,3
616550,neutral->surprise,neutral,surprise,6,5,0,0,0,1,0,0,0,1,0,0,1,0,3,3
616765,surprise->neutral,surprise,neutral,5,6,0,0,0,1,0,0,0,1,0,0,1,0,3,3
616857,surprise->neutral,surprise,neutral,5,6,0,0,0,1,0,0,0,1,0,0,1,0,3,3
616976,neutral->surprise,neutral,surprise,6,5,0,0,0,1,0,0,0,1,0,0,1,0,3,3
617033,surprise->neutral,surprise,neutral,5,6,0,0,0,1,0,0,0,1,0,0,1,0,3,3
617051,surprise->neutral,surprise,neutral,5,6,0,0,0,1,0,0,0,1,0,0,1,0,3,3
617356,sadness->neutral,sadness,neutral,4,6,1,0,0,0,0,1,0,0,0,0,0,0,2,2
617608,neutral->surprise,neutral,surprise,6,5,0,0,0,0,0,0,0,0,1,0,0,1,2,2
617686,neutral->surprise,neutral,surprise,6,5,0,0,0,0,0,0,0,0,1,0,0,1,2,2
617785,neutral->sadness,neutral,sadness,6,4,1,0,0,0,0,1,0,0,0,0,1,0,3,3
617806,sadness->neutral,sadness,neutral,4,6,1,0,0,0,0,1,0,0,0,0,1,0,3,3
617822,neutral->sadness,neutral,sadness,6,4,1,0,0,0,0,1,0,0,0,0,1,0,3,3
617906,surprise->neutral,surprise,neutral,5,6,0,0,0,0,0,0,0,1,1,0,0,1,3,3
617950,neutral->surprise,neutral,surprise,6,5,0,0,0,0,0,0,1,1,1,0,0,1,4,3
618081,neutral->sadness,neutral,sadness,6,4,1,0,0,0,0,1,0,0,0,0,1,0,3,3
618402,neutral->sadness,neutral,sadness,6,4,0,0,0,1,0,1,0,0,0,0,0,0,2,2
618476,surprise->neutral,surprise,neutral,5,6,0,0,0,0,0,0,1,0,1,0,0,0,2,2
618596,surprise->neutral,surprise,neutral,5,6,0,0,0,0,0,0,0,1,0,0,1,0,2,2
618604,neutral->sadness,neutral,sadness,6,4,0,0,0,0,0,1,1,0,0,1,0,1,4,3
618658,neutral->sadness,neutral,sadness,6,4,0,1,0,0,0,1,1,1,0,1,0,1,6,3
618690,surprise->neutral,surprise,neutral,5,6,0,0,0,0,0,0,0,0,0,0,1,0,1,1
619473,sadness->neutral,sadness,neutral,4,6,1,0,0,1,0,1,1,0,1,0,0,0,5,3
619476,neutral->sadness,neutral,sadness,6,4,1,0,0,1,0,1,1,0,1,0,0,0,5,3
619597,sadness->neutral,sadness,neutral,4,6,1,0,0,1,0,1,1,0,0,0,0,0,4,3
619732,sadness->neutral,sadness,neutral,4,6,1,0,0,1,1,1,0,0,0,0,0,0,4,3
620080,sadness->neutral,sadness,neutral,4,6,0,0,0,0,0,1,1,0,0,0,0,0,2,2
620116,neutral->anger,neutral,anger,6,1,0,0,1,0,0,0,1,0,0,0,0,1,3,3
622354,anger->neutral,anger,neutral,1,6,0,0,0,0,0,0,1,0,0,0,0,1,2,2
622732,neutral->sadness,neutral,sadness,6,4,0,0,0,0,1,1,0,0,1,0,0,0,3,3
622825,anger->neutral,anger,neutral,1,6,0,0,0,0,0,0,0,0,0,1,0,0,1,1
623927,neutral->sadness,neutral,sadness,6,4,0,0,0,0,1,1,0,0,0,0,0,1,3,3
624925,sadness->neutral,sadness,neutral,4,6,0,0,0,0,1,1,0,1,0,0,1,1,5,3
625223,neutral->sadness,neutral,sadness,6,4,0,0,0,0,1,1,0,1,0,0,1,1,5,3
625262,neutral->sadness,neutral,sadness,6,4,0,0,0,0,1,1,0,1,0,0,1,1,5,3
625590,sadness->neutral,sadness,neutral,4,6,0,1,0,0,1,1,0,1,0,0,1,0,5,3
625639,sadness->neutral,sadness,neutral,4,6,0,1,0,0,1,1,0,1,0,0,1,0,5,3
625643,sadness->neutral,sadness,neutral,4,6,0,1,0,0,1,1,0,1,0,0,1,0,5,3
626341,neutral->surprise,neutral,surprise,6,5,1,0,0,0,0,0,0,0,0,0,1,0,2,2
626907,surprise->neutral,surprise,neutral,5,6,1,0,0,0,0,0,0,0,0,0,1,0,2,2
627075,neutral->sadness,neutral,sadness,6,4,1,0,1,0,0,1,0,1,0,0,0,1,5,3
628310,sadness->neutral,sadness,neutral,4,6,1,0,1,0,0,1,0,0,0,0,0,0,3,3
628877,neutral->anger,neutral,anger,6,1,0,0,1,0,0,0,1,0,0,1,0,0,3,3
629067,neutral->anger,neutral,anger,6,1,0,0,1,0,0,0,1,0,0,1,0,0,3,3
629234,anger->neutral,anger,neutral,1,6,0,0,1,0,0,0,1,0,0,1,0,0,3,3
629275,anger->neutral,anger,neutral,1,6,0,0,1,0,0,0,1,0,0,1,0,0,3,3
629751,neutral->anger,neutral,anger,6,1,0,0,1,0,0,0,1,0,0,0,0,0,2,2
629818,neutral->surprise,neutral,surprise,6,5,0,0,0,0,1,0,0,0,0,0,0,0,1,1
629955,surprise->neutral,surprise,neutral,5,6,0,0,0,0,1,0,0,0,0,0,0,0,1,1
630197,anger->neutral,anger,neutral,1,6,0,0,1,0,0,0,1,0,0,1,0,0,3,3
630642,neutral->anger,neutral,anger,6,1,0,0,1,0,0,0,1,0,0,1,0,0,3,3
630900,neutral->anger,neutral,anger,6,1,0,0,1,0,0,0,1,0,0,1,0,0,3,3
631581,anger->neutral,anger,neutral,1,6,0,0,1,0,0,0,1,0,0,1,0,0,3,3
631689,neutral->anger,neutral,anger,6,1,0,0,1,0,0,0,1,0,0,1,0,0,3,3
632934,anger->neutral,anger,neutral,1,6,0,0,1,0,0,0,1,0,0,1,0,0,3,3
633158,neutral->anger,neutral,anger,6,1,0,0,1,0,0,0,1,0,0,1,0,1,4,3
633975,neutral->disgust,neutral,disgust,6,2,0,0,0,0,0,0,0,1,0,0,0,0,1,1
634025,disgust->neutral,disgust,neutral,2,6,0,0,0,0,0,0,0,1,0,0,0,0,1,1
634164,anger->neutral,anger,neutral,1,6,0,0,1,0,0,0,1,0,0,1,0,1,4,3
634486,neutral->anger,neutral,anger,6,1,0,0,1,0,0,0,1,0,0,1,0,1,4,3
634722,anger->neutral,anger,neutral,1,6,0,0,1,0,0,0,1,0,0,1,0,1,4,3
634868,anger->neutral,anger,neutral,1,6,0,0,1,0,0,0,0,0,0,1,0,1,3,3
635305,neutral->sadness,neutral,sadness,6,4,0,0,1,0,1,1,0,0,0,0,1,0,4,3
636173,neutral->sadness,neutral,sadness,6,4,1,0,0,0,1,1,0,0,0,0,1,1,5,3
636245,sadness->neutral,sadness,neutral,4,6,1,0,0,0,1,1,0,0,0,0,1,1,5,3
636660,neutral->sadness,neutral,sadness,6,4,0,0,0,0,1,1,0,1,0,0,1,1,5,3
636771,sadness->neutral,sadness,neutral,4,6,0,0,0,0,1,1,0,1,0,0,1,1,5,3
637394,neutral->sadness,neutral,sadness,6,4,0,0,0,0,1,1,0,1,0,0,1,0,4,3
637439,disgust->neutral,disgust,neutral,2,6,0,0,0,0,0,0,0,1,0,0,0,0,1,1
637948,neutral->sadness,neutral,sadness,6,4,1,0,0,1,1,1,0,0,0,0,0,1,5,3
637978,sadness->neutral,sadness,neutral,4,6,1,0,0,1,1,1,0,0,0,0,0,1,5,3
638511,neutral->anger,neutral,anger,6,1,0,0,1,0,0,0,0,0,0,1,0,0,2,2
638657,anger->neutral,anger,neutral,1,6,0,0,1,0,0,0,0,0,0,1,0,0,2,2
638846,neutral->sadness,neutral,sadness,6,4,0,0,0,1,1,1,0,1,1,0,0,0,5,3
638847,neutral->sadness,neutral,sadness,6,4,0,0,0,1,1,1,0,1,1,0,0,0,5,3
638952,sadness->neutral,sadness,neutral,4,6,0,0,0,1,1,1,0,0,0,0,1,0,4,3
639010,neutral->surprise,neutral,surprise,6,5,1,0,0,0,0,0,0,0,0,0,0,0,1,1
639068,neutral->sadness,neutral,sadness,6,4,0,0,0,1,1,1,0,1,0,0,1,0,5,3
639157,surprise->neutral,surprise,neutral,5,6,1,0,0,0,0,0,0,0,0,0,0,0,1,1
639267,sadness->neutral,sadness,neutral,4,6,0,0,0,0,1,1,0,1,0,0,1,0,4,3
639273,sadness->neutral,sadness,neutral,4,6,0,0,0,0,1,1,0,1,0,0,1,0,4,3
639415,neutral->surprise,neutral,surprise,6,5,1,0,0,0,0,0,0,0,0,1,0,0,2,2
639572,neutral->surprise,neutral,surprise,6,5,1,0,0,0,0,0,0,0,0,0,0,0,1,1
639984,surprise->neutral,surprise,neutral,5,6,1,0,0,0,0,0,0,0,0,1,0,0,2,2
640132,surprise->neutral,surprise,neutral,5,6,1,0,0,0,0,0,0,0,0,0,0,0,1,1
641606,neutral->sadness,neutral,sadness,6,4,0,0,0,0,1,1,0,0,1,0,1,1,5,3
641683,sadness->neutral,sadness,neutral,4,6,0,0,0,0,0,1,0,0,1,0,1,1,4,3
642108,neutral->surprise,neutral,surprise,6,5,0,0,0,0,0,0,0,1,0,0,0,0,1,1
642222,neutral->surprise,neutral,surprise,6,5,1,0,0,0,0,0,0,0,0,0,0,0,1,1
642347,neutral->surprise,neutral,surprise,6,5,1,0,0,0,0,0,0,0,0,1,0,0,2,2
642379,neutral->sadness,neutral,sadness,6,4,0,0,0,0,0,1,0,0,0,0,1,1,3,3
642413,surprise->neutral,surprise,neutral,5,6,1,0,0,0,0,0,0,0,0,1,0,0,2,2
642488,surprise->neutral,surprise,neutral,5,6,1,0,0,0,0,0,0,0,0,1,0,0,2,2
642611,sadness->neutral,sadness,neutral,4,6,0,0,0,0,0,1,0,0,0,0,1,0,2,2
642652,neutral->surprise,neutral,surprise,6,5,1,0,0,0,0,0,0,0,0,0,0,0,1,1
642730,surprise->neutral,surprise,neutral,5,6,1,0,0,0,0,0,0,1,0,0,0,0,2,2
643162,surprise->neutral,surprise,neutral,5,6,1,0,0,0,0,0,0,0,0,0,0,0,1,1
643269,neutral->surprise,neutral,surprise,6,5,1,0,0,0,0,0,0,0,0,0,0,0,1,1
643398,neutral->sadness,neutral,sadness,6,4,0,0,0,0,0,1,0,1,1,0,1,1,5,3
643443,sadness->neutral,sadness,neutral,4,6,0,0,0,0,0,1,0,1,1,0,1,1,5,3
643551,neutral->sadness,neutral,sadness,6,4,0,0,0,0,0,1,0,0,0,0,1,1,3,3
643837,neutral->surprise,neutral,surprise,6,5,0,0,0,1,0,0,0,0,0,0,0,0,1,1
644017,neutral->sadness,neutral,sadness,6,4,0,0,0,0,0,1,0,0,0,0,1,1,3,3
644022,sadness->neutral,sadness,neutral,4,6,0,0,0,0,0,1,0,0,0,0,1,1,3,3
644434,surprise->neutral,surprise,neutral,5,6,0,0,0,1,0,0,0,0,0,0,1,0,2,2
644466,neutral->surprise,neutral,surprise,6,5,0,0,0,1,0,0,0,0,0,0,1,0,2,2
644583,sadness->neutral,sadness,neutral,4,6,0,0,0,0,0,1,0,0,1,0,0,1,3,3
644943,surprise->neutral,surprise,neutral,5,6,1,0,0,0,0,0,0,0,0,0,0,0,1,1
645162,surprise->neutral,surprise,neutral,5,6,1,0,0,1,0,0,0,0,0,0,1,0,3,3
645197,neutral->surprise,neutral,surprise,6,5,1,0,0,1,0,0,0,0,0,0,0,0,2,2
645445,neutral->sadness,neutral,sadness,6,4,0,0,0,1,0,1,0,0,0,0,0,1,3,3
645554,sadness->neutral,sadness,neutral,4,6,0,0,0,0,0,1,0,1,0,0,0,1,3,3
646037,neutral->sadness,neutral,sadness,6,4,0,0,0,0,0,1,0,0,1,0,0,1,3,3
646063,sadness->neutral,sadness,neutral,4,6,0,0,0,0,0,1,0,0,1,0,0,1,3,3
646442,neutral->sadness,neutral,sadness,6,4,1,0,0,0,0,1,0,1,0,0,1,1,5,3
646551,sadness->neutral,sadness,neutral,4,6,1,0,0,0,0,1,0,0,0,0,1,1,4,3
646993,neutral->sadness,neutral,sadness,6,4,0,0,0,0,0,1,0,1,0,0,1,1,4,3
647022,sadness->neutral,sadness,neutral,4,6,0,0,0,0,0,1,0,1,0,0,1,1,4,3
647047,neutral->sadness,neutral,sadness,6,4,0,0,0,0,0,1,0,1,0,0,1,1,4,3
647055,sadness->neutral,sadness,neutral,4,6,0,0,0,0,0,1,0,1,0,0,1,1,4,3
647094,neutral->sadness,neutral,sadness,6,4,0,0,0,0,0,1,0,1,0,0,1,1,4,3
647226,sadness->neutral,sadness,neutral,4,6,0,0,0,0,0,1,0,1,0,0,1,1,4,3
647427,neutral->sadness,neutral,sadness,6,4,0,0,0,0,0,1,0,1,0,0,0,1,3,3
647511,neutral->surprise,neutral,surprise,6,5,0,0,0,1,0,0,0,0,0,0,1,0,2,2
647761,neutral->sadness,neutral,sadness,6,4,1,0,0,0,0,1,0,0,0,0,0,1,3,3
647781,surprise->neutral,surprise,neutral,5,6,0,0,0,0,0,0,0,1,1,0,1,0,3,3
647809,surprise->neutral,surprise,neutral,5,6,0,0,0,0,0,0,0,0,1,0,1,0,2,2
648035,neutral->anger,neutral,anger,6,1,0,0,0,0,0,0,1,0,0,1,0,0,2,2
648066,surprise->neutral,surprise,neutral,5,6,0,0,0,1,0,0,0,0,0,0,0,0,1,1
648165,sadness->neutral,sadness,neutral,4,6,0,0,0,0,0,1,0,0,1,0,0,1,3,3
648193,neutral->surprise,neutral,surprise,6,5,0,0,0,1,0,0,0,0,0,0,0,0,1,1
648271,neutral->anger,neutral,anger,6,1,0,0,0,0,0,0,1,0,0,1,0,0,2,2
648424,surprise->neutral,surprise,neutral,5,6,0,0,0,1,0,0,0,0,0,0,0,0,1,1
648524,neutral->happiness,neutral,happiness,6,3,0,0,1,0,0,0,0,1,0,0,1,0,3,3
648560,neutral->happiness,neutral,happiness,6,3,0,0,1,0,0,0,0,1,0,0,1,0,3,3
648809,anger->neutral,anger,neutral,1,6,0,0,0,0,0,0,1,0,0,0,0,0,1,1
648850,happiness->neutral,happiness,neutral,3,6,0,0,1,0,0,0,0,1,0,0,1,0,3,3
648870,neutral->happiness,neutral,happiness,6,3,0,0,1,0,0,0,0,1,0,0,1,0,3,3
649004,neutral->happiness,neutral,happiness,6,3,0,0,1,0,0,0,0,1,0,0,1,0,3,3
649028,happiness->neutral,happiness,neutral,3,6,0,0,1,0,0,0,0,1,0,0,1,0,3,3
649068,neutral->happiness,neutral,happiness,6,3,0,0,1,0,0,0,0,1,0,0,1,0,3,3
649251,disgust->neutral,disgust,neutral,2,6,0,0,0,0,0,0,0,0,0,0,1,0,1,1
649287,disgust->neutral,disgust,neutral,2,6,0,0,0,0,0,0,0,1,0,0,1,0,2,2
649290,anger->neutral,anger,neutral,1,6,0,0,0,0,0,0,0,0,0,1,0,0,1,1
649953,neutral->sadness,neutral,sadness,6,4,0,0,0,0,0,1,0,1,0,0,1,0,3,3
650111,neutral->sadness,neutral,sadness,6,4,1,0,0,0,0,1,0,1,0,0,1,0,4,3
650189,sadness->neutral,sadness,neutral,4,6,1,0,0,0,0,1,0,1,0,0,1,0,4,3
650409,neutral->sadness,neutral,sadness,6,4,0,0,0,1,0,1,0,1,0,0,0,0,3,3
650577,sadness->neutral,sadness,neutral,4,6,0,0,0,1,0,1,0,0,0,0,0,0,2,2
651600,neutral->sadness,neutral,sadness,6,4,0,0,0,0,0,1,0,1,0,0,1,1,4,3
651664,sadness->neutral,sadness,neutral,4,6,0,0,0,0,0,1,0,1,0,0,1,1,4,3
652540,sadness->neutral,sadness,neutral,4,6,1,0,0,0,0,1,0,0,1,0,0,0,3,3
654627,surprise->neutral,surprise,neutral,5,6,0,0,0,0,1,0,0,0,0,0,0,0,1,1
656454,neutral->sadness,neutral,sadness,6,4,0,0,0,0,0,1,0,1,0,0,0,0,2,2
656582,sadness->neutral,sadness,neutral,4,6,0,0,0,0,0,1,0,1,0,0,0,0,2,2
658918,neutral->sadness,neutral,sadness,6,4,0,0,0,0,0,1,0,1,0,0,0,1,3,3
659848,sadness->neutral,sadness,neutral,4,6,0,0,0,0,0,1,0,1,1,0,0,0,3,3
659986,neutral->sadness,neutral,sadness,6,4,0,0,0,0,0,1,0,1,1,0,0,0,3,3
660069,neutral->sadness,neutral,sadness,6,4,0,0,0,0,0,1,0,0,0,0,1,0,2,2
660183,sadness->neutral,sadness,neutral,4,6,0,0,0,0,0,1,0,0,0,0,1,0,2,2
660263,sadness->neutral,sadness,neutral,4,6,0,0,0,0,0,1,0,1,0,0,0,0,2,2
660421,neutral->sadness,neutral,sadness,6,4,0,0,0,1,0,1,0,1,1,0,0,0,4,3
660704,neutral->anger,neutral,anger,6,1,0,0,0,0,0,0,0,0,0,0,0,1,1,1
660744,sadness->neutral,sadness,neutral,4,6,1,0,0,0,0,1,0,1,1,0,1,1,6,3
660754,anger->neutral,anger,neutral,1,6,0,0,0,0,0,0,0,0,0,0,0,1,1,1
660941,surprise->neutral,surprise,neutral,5,6,0,1,0,0,0,0,0,0,0,0,0,0,1,1
661106,neutral->disgust,neutral,disgust,6,2,0,1,0,0,0,0,0,0,0,0,0,0,1,1
661222,disgust->neutral,disgust,neutral,2,6,0,1,0,0,0,0,0,0,0,0,0,0,1,1
661230,neutral->sadness,neutral,sadness,6,4,0,0,0,1,0,1,0,0,1,0,0,0,3,3
661272,neutral->anger,neutral,anger,6,1,0,0,0,0,0,0,1,0,1,1,0,0,3,3
661279,neutral->anger,neutral,anger,6,1,0,0,0,0,0,0,1,0,1,1,0,0,3,3
661328,happiness->neutral,happiness,neutral,3,6,0,0,1,0,0,0,0,0,0,0,0,0,1,1
661333,neutral->sadness,neutral,sadness,6,4,0,0,1,0,0,1,0,0,1,0,0,0,3,3
661368,neutral->disgust,neutral,disgust,6,2,0,1,0,0,0,0,0,0,1,0,0,0,2,2
661536,disgust->neutral,disgust,neutral,2,6,0,1,0,0,0,0,0,0,0,0,0,0,1,1
661632,neutral->disgust,neutral,disgust,6,2,0,1,0,0,0,0,0,0,1,0,0,0,2,2
661658,anger->neutral,anger,neutral,1,6,0,0,0,0,1,0,1,0,1,0,0,0,3,3
661804,sadness->neutral,sadness,neutral,4,6,0,1,1,1,0,1,0,0,1,0,0,1,6,3
661822,anger->neutral,anger,neutral,1,6,0,0,0,0,0,0,0,0,0,1,0,0,1,1
661896,neutral->sadness,neutral,sadness,6,4,0,1,1,1,0,1,0,0,1,0,1,1,7,3
662083,surprise->neutral,surprise,neutral,5,6,0,1,0,0,0,0,0,0,0,0,0,0,1,1
662089,neutral->sadness,neutral,sadness,6,4,0,0,1,1,1,1,0,0,1,0,1,1,7,3
662134,sadness->neutral,sadness,neutral,4,6,0,0,1,1,1,1,0,0,1,0,1,1,7,3
662677,neutral->sadness,neutral,sadness,6,4,0,0,1,0,0,1,0,1,1,0,1,0,5,3
662704,neutral->sadness,neutral,sadness,6,4,0,0,1,0,0,1,0,0,1,0,1,0,4,3
662755,neutral->anger,neutral,anger,6,1,0,0,0,0,0,0,0,0,1,1,0,1,3,3
662923,disgust->neutral,disgust,neutral,2,6,0,0,0,0,0,0,0,1,0,0,0,0,1,1
663071,anger->neutral,anger,neutral,1,6,0,0,0,0,0,0,0,0,0,0,0,1,1,1
663202,neutral->anger,neutral,anger,6,1,0,0,0,0,0,0,0,0,0,1,0,0,1,1
663315,surprise->neutral,surprise,neutral,5,6,0,0,0,0,1,0,0,0,0,0,0,0,1,1
663348,neutral->anger,neutral,anger,6,1,0,0,0,0,0,0,1,0,0,1,0,0,2,2
663426,neutral->sadness,neutral,sadness,6,4,1,0,1,1,0,1,0,0,1,0,0,0,5,3
663431,sadness->neutral,sadness,neutral,4,6,1,0,1,1,0,1,0,0,0,0,0,0,4,3
663523,neutral->disgust,neutral,disgust,6,2,0,0,0,0,0,0,0,1,0,0,0,0,1,1
663550,anger->neutral,anger,neutral,1,6,0,0,0,0,0,0,1,0,0,0,0,0,1,1
663705,anger->neutral,anger,neutral,1,6,0,0,0,0,0,0,0,0,0,1,0,1,2,2
663745,neutral->surprise,neutral,surprise,6,5,1,0,0,0,1,0,0,0,0,0,0,0,2,2
663761,neutral->disgust,neutral,disgust,6,2,0,0,0,0,0,0,1,1,0,1,0,0,3,3
663763,neutral->anger,neutral,anger,6,1,0,0,0,0,0,0,0,0,0,1,0,1,2,2
663793,neutral->surprise,neutral,surprise,6,5,1,0,0,0,1,0,0,0,0,0,0,0,2,2
663881,anger->neutral,anger,neutral,1,6,0,0,0,0,0,0,0,0,0,0,0,1,1,1
663940,disgust->neutral,disgust,neutral,2,6,0,0,0,0,0,0,1,1,0,1,0,0,3,3
663963,disgust->neutral,disgust,neutral,2,6,0,0,0,0,0,0,1,1,1,1,0,0,4,3
664086,neutral->disgust,neutral,disgust,6,2,0,0,0,0,0,0,0,1,0,0,0,0,1,1
664094,disgust->neutral,disgust,neutral,2,6,0,0,0,0,0,0,0,1,1,0,0,0,2,2
664247,surprise->neutral,surprise,neutral,5,6,1,0,0,0,0,0,0,0,0,0,0,0,1,1
664258,neutral->sadness,neutral,sadness,6,4,0,0,1,0,0,1,1,0,1,0,0,0,4,3
664387,surprise->neutral,surprise,neutral,5,6,1,0,0,0,1,0,0,0,0,0,0,0,2,2
664559,neutral->anger,neutral,anger,6,1,0,0,0,0,0,0,0,0,0,1,0,0,1,1
664684,disgust->neutral,disgust,neutral,2,6,0,1,0,0,0,0,0,0,1,0,0,0,2,2
665372,neutral->disgust,neutral,disgust,6,2,0,1,0,0,0,0,0,0,1,0,0,0,2,2
665445,neutral->disgust,neutral,disgust,6,2,0,0,0,0,0,0,0,1,0,0,0,0,1,1
665483,disgust->neutral,disgust,neutral,2,6,0,0,0,0,0,0,0,1,0,0,0,0,1,1
666310,sadness->neutral,sadness,neutral,4,6,0,0,1,0,0,1,0,0,1,0,0,0,3,3
666472,neutral->sadness,neutral,sadness,6,4,0,0,1,0,0,1,0,0,1,0,0,0,3,3
666582,anger->neutral,anger,neutral,1,6,0,0,0,0,0,0,0,0,0,1,0,1,2,2
666666,sadness->neutral,sadness,neutral,4,6,1,0,1,0,0,1,0,0,1,0,0,0,4,3
666782,neutral->sadness,neutral,sadness,6,4,1,0,1,0,0,1,0,0,1,0,0,0,4,3
666819,neutral->anger,neutral,anger,6,1,0,0,0,0,0,0,0,0,0,1,0,1,2,2
667461,disgust->neutral,disgust,neutral,2,6,0,0,0,0,0,0,0,0,1,0,0,0,1,1
667687,neutral->sadness,neutral,sadness,6,4,0,0,1,0,0,1,0,0,1,0,0,0,3,3
667772,sadness->neutral,sadness,neutral,4,6,0,0,1,0,0,1,0,0,1,0,0,0,3,3
667885,neutral->sadness,neutral,sadness,6,4,0,0,1,0,0,1,0,0,1,0,0,0,3,3
668077,sadness->neutral,sadness,neutral,4,6,0,0,1,0,0,1,0,0,1,0,0,0,3,3
668319,anger->neutral,anger,neutral,1,6,0,0,0,0,0,0,1,0,0,0,0,0,1,1
668322,neutral->sadness,neutral,sadness,6,4,0,0,1,0,0,1,0,0,1,0,0,0,3,3
668445,anger->neutral,anger,neutral,1,6,0,0,0,0,0,0,0,0,0,1,0,0,1,1
668450,sadness->neutral,sadness,neutral,4,6,0,0,1,0,0,1,0,0,1,0,0,1,4,3
668563,surprise->neutral,surprise,neutral,5,6,0,1,0,0,0,0,0,0,0,0,0,0,1,1
668598,neutral->sadness,neutral,sadness,6,4,0,0,1,0,1,1,0,0,1,0,1,1,6,3
668793,sadness->neutral,sadness,neutral,4,6,0,1,1,0,1,1,0,0,1,0,0,1,6,3
669424,neutral->sadness,neutral,sadness,6,4,0,0,1,0,1,1,0,0,1,0,1,1,6,3
669441,sadness->neutral,sadness,neutral,4,6,0,0,1,0,1,1,0,0,1,0,1,1,6,3
670086,neutral->disgust,neutral,disgust,6,2,0,1,0,0,0,0,0,0,0,0,0,0,1,1
670639,neutral->sadness,neutral,sadness,6,4,0,0,1,0,1,1,0,0,1,0,0,1,5,3
670705,sadness->neutral,sadness,neutral,4,6,0,0,1,0,1,1,0,0,1,0,1,1,6,3
671374,disgust->neutral,disgust,neutral,2,6,0,1,0,0,0,0,0,0,0,0,0,0,1,1
672315,neutral->disgust,neutral,disgust,6,2,0,1,0,0,0,0,0,0,0,0,0,0,1,1
672463,disgust->neutral,disgust,neutral,2,6,0,1,0,0,0,0,0,1,0,0,0,0,2,2
672591,neutral->surprise,neutral,surprise,6,5,1,1,0,0,0,0,0,0,0,0,0,0,2,2
673038,disgust->neutral,disgust,neutral,2,6,0,1,0,0,0,0,0,0,0,0,0,0,1,1
673407,neutral->disgust,neutral,disgust,6,2,0,1,0,0,0,0,0,1,0,0,0,0,2,2
674336,neutral->surprise,neutral,surprise,6,5,1,0,0,0,0,0,0,0,0,0,0,0,1,1
674666,surprise->neutral,surprise,neutral,5,6,1,0,0,0,0,0,0,0,0,0,1,0,2,2
674670,neutral->anger,neutral,anger,6,1,0,0,0,0,0,0,0,0,1,1,1,0,3,3
674830,neutral->sadness,neutral,sadness,6,4,1,0,1,0,1,1,0,0,0,0,0,1,5,3
674914,sadness->neutral,sadness,neutral,4,6,1,0,1,0,1,1,0,0,1,0,0,1,6,3
674929,neutral->sadness,neutral,sadness,6,4,1,0,1,0,1,1,0,0,1,0,0,1,6,3
675019,anger->neutral,anger,neutral,1,6,0,0,0,0,0,0,0,0,0,1,1,0,2,2
675129,sadness->neutral,sadness,neutral,4,6,1,0,1,0,1,1,0,0,1,0,0,1,6,3
675136,neutral->disgust,neutral,disgust,6,2,0,1,0,0,0,0,0,0,0,0,0,0,1,1
675219,neutral->surprise,neutral,surprise,6,5,0,0,0,0,0,0,0,0,0,0,1,0,1,1
675252,surprise->neutral,surprise,neutral,5,6,0,0,0,0,0,0,0,0,0,0,1,0,1,1
675264,neutral->sadness,neutral,sadness,6,4,1,0,1,0,1,1,0,0,1,0,0,1,6,3
675335,neutral->sadness,neutral,sadness,6,4,1,0,1,0,1,1,0,0,1,0,0,1,6,3
675464,sadness->neutral,sadness,neutral,4,6,1,0,1,0,1,1,0,0,0,0,0,1,5,3
675466,sadness->neutral,sadness,neutral,4,6,1,0,1,0,1,1,0,0,0,0,0,1,5,3
675751,happiness->neutral,happiness,neutral,3,6,0,0,1,0,0,0,0,0,0,0,0,0,1,1
675959,sadness->neutral,sadness,neutral,4,6,0,1,0,0,1,1,0,0,0,0,0,0,3,3
675964,neutral->surprise,neutral,surprise,6,5,1,0,0,0,0,0,0,0,0,0,1,0,2,2
676121,surprise->neutral,surprise,neutral,5,6,1,0,0,1,0,0,0,0,0,0,0,0,2,2
677168,neutral->surprise,neutral,surprise,6,5,0,0,0,1,0,0,0,0,0,0,1,0,2,2
677290,neutral->anger,neutral,anger,6,1,0,0,1,0,0,0,0,0,0,0,0,0,1,1
677316,neutral->surprise,neutral,surprise,6,5,1,0,1,1,0,0,0,1,0,0,1,0,5,3
677417,neutral->happiness,neutral,happiness,6,3,0,1,0,0,0,0,0,0,0,0,0,0,1,1
677561,neutral->sadness,neutral,sadness,6,4,0,0,0,0,1,1,0,0,0,0,0,1,3,3
677655,neutral->disgust,neutral,disgust,6,2,0,0,0,0,0,0,0,1,0,0,1,0,2,2
677697,neutral->disgust,neutral,disgust,6,2,0,0,0,0,0,0,0,1,0,0,1,0,2,2
677743,sadness->neutral,sadness,neutral,4,6,0,0,0,0,1,1,0,0,0,0,0,1,3,3
677861,neutral->happiness,neutral,happiness,6,3,0,0,1,0,0,0,0,0,1,1,0,0,3,3
677964,happiness->neutral,happiness,neutral,3,6,0,0,1,0,0,0,0,0,1,1,0,0,3,3
678100,neutral->happiness,neutral,happiness,6,3,0,0,1,0,0,0,0,0,1,0,0,1,3,3
678136,neutral->happiness,neutral,happiness,6,3,0,0,1,0,0,0,0,1,1,0,0,1,4,3
678145,happiness->neutral,happiness,neutral,3,6,0,0,1,0,0,0,0,1,1,0,0,1,4,3
678220,surprise->neutral,surprise,neutral,5,6,0,0,1,1,0,0,0,0,0,0,0,0,2,2
678261,neutral->happiness,neutral,happiness,6,3,0,0,1,0,0,0,1,1,1,0,0,0,4,3
678423,neutral->sadness,neutral,sadness,6,4,0,0,0,1,1,1,0,0,0,0,0,0,3,3
678643,neutral->happiness,neutral,happiness,6,3,0,0,1,0,0,0,1,1,1,1,0,0,5,3
678870,happiness->neutral,happiness,neutral,3,6,0,0,1,0,0,0,1,1,1,0,0,0,4,3
678924,happiness->neutral,happiness,neutral,3,6,0,0,1,0,0,0,1,1,1,0,1,0,5,3
678969,happiness->neutral,happiness,neutral,3,6,0,1,1,0,0,0,1,0,1,0,1,0,5,3
678988,happiness->neutral,happiness,neutral,3,6,0,1,1,0,0,0,1,0,1,0,1,1,6,3
679038,happiness->neutral,happiness,neutral,3,6,1,0,1,0,0,0,1,0,0,0,0,1,4,3
679061,happiness->neutral,happiness,neutral,3,6,1,0,1,0,0,0,1,0,0,0,0,1,4,3
679110,happiness->neutral,happiness,neutral,3,6,1,0,1,0,0,0,1,0,0,0,0,1,4,3
679157,neutral->happiness,neutral,happiness,6,3,1,1,1,0,0,0,0,0,0,1,0,0,4,3
679306,neutral->disgust,neutral,disgust,6,2,0,0,0,0,0,0,1,0,0,0,0,0,1,1
679410,sadness->neutral,sadness,neutral,4,6,0,0,0,1,0,1,0,0,0,0,0,0,2,2
679497,anger->neutral,anger,neutral,1,6,0,0,0,0,0,0,0,0,0,1,0,0,1,1
679593,disgust->neutral,disgust,neutral,2,6,0,0,0,0,0,0,1,0,0,0,0,0,1,1
680867,happiness->neutral,happiness,neutral,3,6,0,1,1,0,0,0,0,0,0,0,0,0,2,2
680902,neutral->anger,neutral,anger,6,1,0,0,0,0,0,0,1,0,0,0,0,0,1,1
681364,anger->neutral,anger,neutral,1,6,0,0,0,0,0,0,1,0,0,0,0,0,1,1
682099,sadness->neutral,sadness,neutral,4,6,0,0,0,0,0,1,0,1,0,0,1,0,3,3
682106,sadness->neutral,sadness,neutral,4,6,0,0,0,0,0,1,0,1,0,0,1,0,3,3
686749,disgust->neutral,disgust,neutral,2,6,0,1,0,0,0,0,0,0,0,0,0,0,1,1
687009,neutral->surprise,neutral,surprise,6,5,1,0,0,0,0,0,0,0,0,0,0,0,1,1
687744,surprise->neutral,surprise,neutral,5,6,1,0,0,0,0,0,0,0,0,0,0,0,1,1
688232,neutral->disgust,neutral,disgust,6,2,0,1,0,0,0,0,0,0,0,0,0,0,1,1
688346,disgust->neutral,disgust,neutral,2,6,0,1,0,0,0,0,0,1,0,0,0,0,2,2
689495,neutral->sadness,neutral,sadness,6,4,0,0,0,0,0,1,0,1,0,0,1,1,4,3
689517,neutral->sadness,neutral,sadness,6,4,0,0,0,0,0,1,0,1,0,0,1,1,4,3
689652,sadness->neutral,sadness,neutral,4,6,0,0,0,0,0,1,0,0,0,0,0,1,2,2
690035,neutral->surprise,neutral,surprise,6,5,0,0,0,0,0,0,0,0,0,0,1,0,1,1
690040,neutral->disgust,neutral,disgust,6,2,0,0,0,0,0,0,0,1,0,0,0,0,1,1
690052,surprise->neutral,surprise,neutral,5,6,0,0,0,0,0,0,0,0,0,0,1,0,1,1
690126,disgust->neutral,disgust,neutral,2,6,0,0,0,0,0,0,0,1,0,0,0,0,1,1
691096,neutral->sadness,neutral,sadness,6,4,0,0,0,0,0,1,0,0,0,0,1,1,3,3
691115,sadness->neutral,sadness,neutral,4,6,0,0,0,0,0,1,0,0,0,0,1,1,3,3
691374,neutral->sadness,neutral,sadness,6,4,0,0,0,0,0,1,0,1,1,0,1,1,5,3
691665,sadness->neutral,sadness,neutral,4,6,0,0,0,0,0,1,0,1,1,0,1,1,5,3
691780,neutral->surprise,neutral,surprise,6,5,1,0,0,0,0,0,0,0,0,0,0,0,1,1
692105,neutral->sadness,neutral,sadness,6,4,0,1,0,0,0,1,0,1,0,0,1,1,5,3
693330,sadness->neutral,sadness,neutral,4,6,0,0,0,0,0,1,0,0,1,0,1,1,4,3
693338,neutral->surprise,neutral,surprise,6,5,1,1,0,0,0,0,0,0,0,0,0,0,2,2
693489,surprise->neutral,surprise,neutral,5,6,1,0,0,0,0,0,0,0,0,0,0,0,1,1
693512,neutral->sadness,neutral,sadness,6,4,0,0,0,0,0,1,0,1,1,0,1,1,5,3
694290,sadness->neutral,sadness,neutral,4,6,0,1,0,0,0,1,0,0,1,0,0,1,4,3
694315,sadness->neutral,sadness,neutral,4,6,0,1,0,0,0,1,0,0,1,0,0,1,4,3
694693,neutral->sadness,neutral,sadness,6,4,0,0,0,0,0,1,0,0,0,0,0,1,2,2
695113,neutral->surprise,neutral,surprise,6,5,1,0,0,0,0,0,0,0,0,0,0,0,1,1
695286,sadness->neutral,sadness,neutral,4,6,0,0,0,0,0,1,0,0,0,0,0,1,2,2
695588,surprise->neutral,surprise,neutral,5,6,1,0,0,0,0,0,0,0,0,0,0,0,1,1
696590,neutral->disgust,neutral,disgust,6,2,0,1,0,0,0,0,0,0,0,0,0,0,1,1
696738,disgust->neutral,disgust,neutral,2,6,0,1,0,0,0,0,0,0,0,0,0,0,1,1
697921,neutral->disgust,neutral,disgust,6,2,0,1,0,0,0,0,0,0,0,0,0,0,1,1
697976,disgust->neutral,disgust,neutral,2,6,0,1,0,0,0,0,0,0,0,0,0,0,1,1
701870,disgust->neutral,disgust,neutral,2,6,0,1,0,0,0,0,0,0,0,0,0,0,1,1
702537,neutral->surprise,neutral,surprise,6,5,1,1,0,0,0,0,0,0,0,0,0,0,2,2
702612,surprise->neutral,surprise,neutral,5,6,1,1,0,0,0,0,0,0,0,0,0,0,2,2
702698,neutral->disgust,neutral,disgust,6,2,0,1,0,0,0,0,0,0,0,0,0,0,1,1
703735,neutral->disgust,neutral,disgust,6,2,0,1,0,0,0,0,0,0,0,0,0,0,1,1
703902,disgust->neutral,disgust,neutral,2,6,0,1,0,0,0,0,0,0,0,0,0,0,1,1
704213,neutral->disgust,neutral,disgust,6,2,0,1,0,0,0,0,0,0,0,0,0,0,1,1
704361,disgust->neutral,disgust,neutral,2,6,0,1,0,0,0,0,0,0,0,0,0,0,1,1
705520,neutral->disgust,neutral,disgust,6,2,0,1,0,0,0,0,0,0,0,0,0,0,1,1
706891,neutral->sadness,neutral,sadness,6,4,0,0,0,0,1,1,0,1,1,0,0,0,4,3
706905,sadness->neutral,sadness,neutral,4,6,0,0,0,0,1,1,0,1,1,0,0,0,4,3
707077,disgust->neutral,disgust,neutral,2,6,0,1,0,0,0,0,0,0,0,0,0,0,1,1
708807,neutral->surprise,neutral,surprise,6,5,1,0,0,0,0,0,0,0,0,0,0,0,1,1
709494,neutral->happiness,neutral,happiness,6,3,0,0,1,0,0,0,0,0,0,0,0,0,1,1
709526,happiness->neutral,happiness,neutral,3,6,0,0,1,0,0,0,0,0,0,0,0,0,1,1
709623,neutral->surprise,neutral,surprise,6,5,1,1,0,0,0,0,0,0,0,0,0,0,2,2
709875,surprise->neutral,surprise,neutral,5,6,1,0,1,0,0,0,0,0,0,0,0,0,2,2
709893,neutral->surprise,neutral,surprise,6,5,1,0,1,0,0,0,0,0,0,0,0,0,2,2
709907,neutral->sadness,neutral,sadness,6,4,0,0,0,1,0,1,0,0,0,0,1,1,4,3
710027,neutral->surprise,neutral,surprise,6,5,1,0,1,0,0,0,0,0,0,0,0,0,2,2
710132,surprise->neutral,surprise,neutral,5,6,1,0,1,0,0,0,0,0,0,0,0,0,2,2
710216,neutral->sadness,neutral,sadness,6,4,0,0,0,1,0,1,0,1,0,0,1,1,5,3
710344,surprise->neutral,surprise,neutral,5,6,1,1,1,0,0,0,0,0,0,0,0,0,3,3
710353,sadness->neutral,sadness,neutral,4,6,0,0,0,0,0,1,0,0,0,0,1,1,3,3
710367,surprise->neutral,surprise,neutral,5,6,1,1,1,0,0,0,0,0,0,0,0,0,3,3
710540,neutral->disgust,neutral,disgust,6,2,0,1,0,0,0,0,0,0,0,0,0,0,1,1
710571,neutral->surprise,neutral,surprise,6,5,1,0,1,0,0,0,0,0,0,0,0,0,2,2
710644,disgust->neutral,disgust,neutral,2,6,0,1,0,0,0,0,0,0,0,0,0,0,1,1
710705,happiness->neutral,happiness,neutral,3,6,0,0,0,1,0,0,0,0,0,0,0,0,1,1
710786,neutral->surprise,neutral,surprise,6,5,1,1,1,0,0,0,0,0,0,0,0,0,3,3
710956,neutral->surprise,neutral,surprise,6,5,1,0,1,1,0,0,0,0,0,0,0,0,3,3
711042,surprise->neutral,surprise,neutral,5,6,1,0,1,1,0,0,0,0,0,0,0,0,3,3
711372,surprise->neutral,surprise,neutral,5,6,1,0,1,1,0,0,0,0,0,0,0,0,3,3
711420,neutral->surprise,neutral,surprise,6,5,1,0,1,1,0,0,0,0,0,0,0,0,3,3
711474,neutral->surprise,neutral,surprise,6,5,1,0,1,1,0,0,0,0,0,0,0,0,3,3
712049,surprise->neutral,surprise,neutral,5,6,1,0,1,1,0,0,0,0,0,0,0,0,3,3
712059,surprise->neutral,surprise,neutral,5,6,1,0,1,1,0,0,0,0,0,0,0,0,3,3
712175,neutral->sadness,neutral,sadness,6,4,1,0,0,0,0,1,0,0,1,0,0,0,3,3
712621,neutral->disgust,neutral,disgust,6,2,0,0,0,1,0,0,0,0,0,0,0,0,1,1
712692,disgust->neutral,disgust,neutral,2,6,0,0,0,1,0,0,0,0,0,0,0,0,1,1
712725,sadness->neutral,sadness,neutral,4,6,1,0,0,0,0,1,0,0,1,0,0,1,4,3
713272,neutral->sadness,neutral,sadness,6,4,0,0,0,1,0,1,0,0,1,0,0,0,3,3
713427,sadness->neutral,sadness,neutral,4,6,0,0,0,1,0,1,0,0,1,0,0,0,3,3
713976,neutral->sadness,neutral,sadness,6,4,0,0,0,1,0,1,0,0,0,0,0,0,2,2
714347,neutral->surprise,neutral,surprise,6,5,1,0,1,0,0,0,0,0,0,0,0,0,2,2
714479,sadness->neutral,sadness,neutral,4,6,0,0,0,1,1,1,0,0,1,0,0,0,4,3
714947,surprise->neutral,surprise,neutral,5,6,1,0,1,0,0,0,0,0,0,0,0,0,2,2
715207,neutral->sadness,neutral,sadness,6,4,1,0,0,1,0,1,0,0,1,0,1,0,5,3
715233,neutral->surprise,neutral,surprise,6,5,0,0,1,0,0,0,0,0,0,0,0,0,1,1
715579,neutral->disgust,neutral,disgust,6,2,1,1,0,0,1,0,0,0,0,0,0,0,3,3
715599,neutral->disgust,neutral,disgust,6,2,1,0,0,0,1,0,0,0,0,0,0,0,2,2
715709,happiness->neutral,happiness,neutral,3,6,0,1,1,0,0,0,0,0,0,0,0,0,2,2
715749,disgust->neutral,disgust,neutral,2,6,1,0,0,0,1,0,0,0,0,0,0,0,2,2
715787,neutral->happiness,neutral,happiness,6,3,0,1,1,0,0,0,0,0,0,0,0,0,2,2
715848,disgust->neutral,disgust,neutral,2,6,1,0,0,0,0,0,0,0,0,0,0,0,1,1
716008,neutral->anger,neutral,anger,6,1,0,0,0,0,0,0,0,0,0,1,0,0,1,1
716144,anger->neutral,anger,neutral,1,6,0,0,0,0,0,0,0,0,0,1,0,0,1,1
716292,sadness->neutral,sadness,neutral,4,6,0,0,0,1,0,1,0,0,0,0,0,0,2,2
716334,happiness->neutral,happiness,neutral,3,6,0,1,1,0,0,0,0,0,0,0,0,0,2,2
716467,neutral->surprise,neutral,surprise,6,5,0,1,1,0,0,0,0,0,0,0,0,0,2,2
716555,neutral->anger,neutral,anger,6,1,0,0,0,0,0,0,1,0,0,1,0,0,2,2
716596,happiness->neutral,happiness,neutral,3,6,0,0,1,0,0,0,0,0,0,0,0,0,1,1
716635,neutral->sadness,neutral,sadness,6,4,0,0,0,1,0,1,0,0,0,0,0,1,3,3
716688,neutral->anger,neutral,anger,6,1,0,0,0,0,0,0,1,0,0,1,0,0,2,2
716847,anger->neutral,anger,neutral,1,6,0,0,0,0,1,0,1,0,0,1,0,0,3,3
716890,neutral->disgust,neutral,disgust,6,2,0,0,0,0,0,0,0,1,1,0,0,0,2,2
716912,disgust->neutral,disgust,neutral,2,6,0,0,0,0,0,0,0,1,1,0,0,0,2,2
716968,neutral->anger,neutral,anger,6,1,0,0,0,0,1,0,1,0,0,1,0,0,3,3
717066,neutral->sadness,neutral,sadness,6,4,0,0,0,1,0,1,0,0,0,0,1,1,4,3
717169,neutral->disgust,neutral,disgust,6,2,1,0,0,0,0,0,0,0,0,0,0,0,1,1
717176,happiness->neutral,happiness,neutral,3,6,0,1,0,0,0,0,0,0,0,0,0,0,1,1
717344,neutral->happiness,neutral,happiness,6,3,0,1,0,0,0,0,0,0,0,0,0,0,1,1
717378,neutral->disgust,neutral,disgust,6,2,1,0,0,0,0,0,0,1,0,0,0,0,2,2
717399,disgust->neutral,disgust,neutral,2,6,1,0,0,0,0,0,0,1,0,0,0,0,2,2
717430,anger->neutral,anger,neutral,1,6,0,0,0,0,0,0,1,0,0,1,0,0,2,2
717455,sadness->neutral,sadness,neutral,4,6,0,0,1,1,0,1,0,0,1,0,0,1,5,3
717556,anger->neutral,anger,neutral,1,6,0,0,0,0,0,0,1,0,0,1,0,0,2,2
717567,happiness->neutral,happiness,neutral,3,6,0,0,0,1,0,0,0,0,0,0,0,0,1,1
717637,neutral->happiness,neutral,happiness,6,3,0,0,0,1,0,0,0,0,0,0,0,0,1,1
717644,neutral->anger,neutral,anger,6,1,0,0,0,0,0,0,1,0,0,1,0,0,2,2
717652,neutral->anger,neutral,anger,6,1,0,0,0,0,0,0,1,0,0,1,0,0,2,2
717699,disgust->neutral,disgust,neutral,2,6,0,0,0,0,0,0,0,1,0,0,0,0,1,1
718060,happiness->neutral,happiness,neutral,3,6,0,1,0,1,0,0,0,0,0,0,0,0,2,2
718096,anger->neutral,anger,neutral,1,6,0,0,0,0,0,0,1,0,0,1,0,0,2,2
718199,neutral->anger,neutral,anger,6,1,0,0,0,0,0,0,1,0,0,1,0,0,2,2
718255,anger->neutral,anger,neutral,1,6,0,0,0,0,0,0,1,0,0,1,0,0,2,2
718353,happiness->neutral,happiness,neutral,3,6,0,1,0,1,0,0,0,0,0,0,0,0,2,2
718754,neutral->sadness,neutral,sadness,6,4,0,0,0,0,0,1,0,0,1,0,0,0,2,2
718815,neutral->happiness,neutral,happiness,6,3,0,1,0,1,0,0,0,0,0,0,0,0,2,2
718820,neutral->anger,neutral,anger,6,1,0,0,0,0,0,0,1,0,1,1,0,0,3,3
718879,happiness->neutral,happiness,neutral,3,6,0,1,0,1,0,0,0,0,0,0,0,0,2,2
718880,neutral->disgust,neutral,disgust,6,2,0,1,0,0,0,0,0,0,0,0,0,0,1,1
718954,sadness->neutral,sadness,neutral,4,6,0,0,0,0,0,1,0,0,1,0,0,0,2,2
719026,neutral->surprise,neutral,surprise,6,5,0,0,1,0,0,0,0,0,0,0,0,0,1,1
719068,anger->neutral,anger,neutral,1,6,0,0,0,0,0,0,1,0,0,1,0,0,2,2
719135,anger->neutral,anger,neutral,1,6,0,0,0,0,0,0,1,0,0,1,0,0,2,2
719500,neutral->sadness,neutral,sadness,6,4,1,0,0,1,0,1,0,0,1,0,0,0,4,3
719502,neutral->anger,neutral,anger,6,1,0,0,0,0,0,0,0,0,0,1,0,0,1,1
719653,neutral->sadness,neutral,sadness,6,4,1,0,0,1,0,1,0,0,1,0,0,0,4,3
719941,sadness->neutral,sadness,neutral,4,6,1,0,0,1,0,1,0,0,1,0,0,0,4,3
719979,neutral->happiness,neutral,happiness,6,3,0,0,0,1,0,0,0,0,0,0,0,0,1,1
720048,sadness->neutral,sadness,neutral,4,6,1,0,0,1,0,1,0,0,1,0,0,0,4,3
720386,sadness->neutral,sadness,neutral,4,6,0,0,0,1,1,1,0,0,1,0,0,0,4,3
720515,neutral->surprise,neutral,surprise,6,5,1,0,1,0,0,0,0,0,0,0,0,0,2,2
720803,anger->neutral,anger,neutral,1,6,0,0,0,0,0,0,0,0,0,1,0,1,2,2
720805,neutral->sadness,neutral,sadness,6,4,0,0,0,1,1,1,0,1,1,0,1,0,6,3
720831,neutral->anger,neutral,anger,6,1,0,0,0,0,0,0,0,0,0,1,0,1,2,2
720931,neutral->sadness,neutral,sadness,6,4,0,0,0,1,0,1,0,1,0,0,1,0,4,3
721023,neutral->surprise,neutral,surprise,6,5,0,0,1,0,1,0,0,0,0,0,0,0,2,2
721041,sadness->neutral,sadness,neutral,4,6,0,0,0,1,0,1,0,1,0,0,1,0,4,3
721074,surprise->neutral,surprise,neutral,5,6,1,0,1,0,1,0,0,0,0,0,0,0,3,3
721203,surprise->neutral,surprise,neutral,5,6,1,0,1,1,1,0,0,0,0,0,0,0,4,3
721244,surprise->neutral,surprise,neutral,5,6,1,0,1,1,1,0,0,0,0,0,0,0,4,3
721375,neutral->disgust,neutral,disgust,6,2,0,0,0,0,1,0,0,1,1,0,0,0,3,3
721444,neutral->sadness,neutral,sadness,6,4,0,0,0,1,0,1,0,0,1,0,1,0,4,3
721620,neutral->surprise,neutral,surprise,6,5,1,0,1,0,0,0,0,0,0,0,0,0,2,2
721621,sadness->neutral,sadness,neutral,4,6,0,0,0,1,0,1,1,1,0,0,1,0,5,3
721674,neutral->sadness,neutral,sadness,6,4,0,0,0,1,0,1,1,1,0,0,1,0,5,3
721817,disgust->neutral,disgust,neutral,2,6,0,0,0,0,1,0,0,1,0,0,0,0,2,2
721968,anger->neutral,anger,neutral,1,6,0,0,0,0,0,0,0,0,1,0,0,1,2,2
722011,sadness->neutral,sadness,neutral,4,6,0,0,0,0,0,1,0,0,1,0,0,0,2,2
722258,neutral->anger,neutral,anger,6,1,0,0,0,0,0,0,0,0,0,1,0,0,1,1
722371,surprise->neutral,surprise,neutral,5,6,1,0,0,0,0,0,0,0,0,0,0,0,1,1
722502,neutral->sadness,neutral,sadness,6,4,0,0,0,1,0,1,1,0,1,0,0,0,4,3
722523,sadness->neutral,sadness,neutral,4,6,0,0,0,1,0,1,1,0,1,0,0,0,4,3
722806,sadness->neutral,sadness,neutral,4,6,0,0,0,1,0,1,0,0,1,0,0,0,3,3
723080,neutral->anger,neutral,anger,6,1,0,0,0,0,0,0,1,0,0,0,0,0,1,1
723413,anger->neutral,anger,neutral,1,6,0,0,0,0,0,0,1,0,0,0,0,0,1,1
723538,neutral->sadness,neutral,sadness,6,4,1,0,0,1,0,1,0,0,0,0,0,0,3,3
723792,neutral->happiness,neutral,happiness,6,3,0,0,0,1,0,0,0,0,0,0,0,0,1,1
724066,sadness->neutral,sadness,neutral,4,6,1,0,0,1,0,1,0,0,1,0,0,0,4,3
724511,anger->neutral,anger,neutral,1,6,0,0,0,0,0,0,1,0,0,1,0,0,2,2
724717,neutral->sadness,neutral,sadness,6,4,0,0,0,1,0,1,0,0,0,0,1,1,4,3
724740,neutral->surprise,neutral,surprise,6,5,1,0,0,0,0,0,0,0,0,0,0,0,1,1
724904,sadness->neutral,sadness,neutral,4,6,0,0,0,1,0,1,0,0,0,0,1,1,4,3
724978,surprise->neutral,surprise,neutral,5,6,1,0,0,0,0,0,0,0,0,0,0,0,1,1
725051,sadness->neutral,sadness,neutral,4,6,0,0,0,1,0,1,0,0,1,0,1,1,5,3
725674,neutral->sadness,neutral,sadness,6,4,0,0,0,1,0,1,0,0,1,0,1,1,5,3
725687,neutral->disgust,neutral,disgust,6,2,0,0,1,0,0,0,0,0,0,0,0,0,1,1
725885,sadness->neutral,sadness,neutral,4,6,0,0,0,1,0,1,0,0,1,0,1,1,5,3
726182,neutral->happiness,neutral,happiness,6,3,0,1,1,1,0,0,0,0,0,0,0,0,3,3
726193,happiness->neutral,happiness,neutral,3,6,0,1,1,1,0,0,0,0,0,0,0,0,3,3
726645,sadness->neutral,sadness,neutral,4,6,0,0,0,1,0,1,0,0,1,0,1,1,5,3
727698,neutral->sadness,neutral,sadness,6,4,0,0,0,1,1,1,0,0,0,0,0,1,4,3
727918,surprise->neutral,surprise,neutral,5,6,0,1,1,0,0,0,0,0,0,0,0,0,2,2
728141,sadness->neutral,sadness,neutral,4,6,0,0,0,1,1,1,0,0,1,0,0,1,5,3
728180,neutral->disgust,neutral,disgust,6,2,0,1,0,0,0,0,0,0,0,0,0,0,1,1
728302,disgust->neutral,disgust,neutral,2,6,0,1,0,0,0,0,0,0,0,0,0,0,1,1
728417,neutral->disgust,neutral,disgust,6,2,0,1,0,0,0,0,0,0,0,0,0,0,1,1
728546,disgust->neutral,disgust,neutral,2,6,0,1,0,0,0,0,0,0,0,0,0,0,1,1
728904,neutral->sadness,neutral,sadness,6,4,0,0,0,1,1,1,0,0,1,0,0,1,5,3
729154,neutral->disgust,neutral,disgust,6,2,0,1,0,0,0,0,0,0,0,0,0,0,1,1
729175,disgust->neutral,disgust,neutral,2,6,0,1,0,0,0,0,0,0,0,0,0,0,1,1
729196,neutral->disgust,neutral,disgust,6,2,0,1,0,0,0,0,0,0,0,0,0,0,1,1
729746,neutral->surprise,neutral,surprise,6,5,1,0,1,0,0,0,0,0,0,0,0,0,2,2
729879,neutral->sadness,neutral,sadness,6,4,0,0,0,1,1,1,0,0,1,0,1,1,6,3
730255,sadness->neutral,sadness,neutral,4,6,1,0,0,0,1,1,0,0,1,0,0,0,4,3
730399,disgust->neutral,disgust,neutral,2,6,0,0,0,1,0,0,0,0,0,0,0,0,1,1
730993,neutral->sadness,neutral,sadness,6,4,0,0,0,1,1,1,0,0,0,0,0,0,3,3
731581,disgust->neutral,disgust,neutral,2,6,1,0,0,0,0,0,0,1,0,0,0,0,2,2
731743,neutral->anger,neutral,anger,6,1,1,0,0,0,0,0,0,0,0,1,0,0,2,2
731777,neutral->anger,neutral,anger,6,1,1,0,0,0,0,0,0,0,0,1,0,0,2,2
732323,anger->neutral,anger,neutral,1,6,1,0,0,0,0,0,0,0,0,1,0,0,2,2
732371,anger->neutral,anger,neutral,1,6,1,0,0,0,0,0,0,0,0,1,0,0,2,2
732808,neutral->anger,neutral,anger,6,1,0,0,0,0,0,0,0,0,0,1,0,0,1,1
732995,anger->neutral,anger,neutral,1,6,0,0,0,0,0,0,1,0,0,1,0,0,2,2
733103,neutral->anger,neutral,anger,6,1,0,0,0,0,0,0,1,0,0,1,0,0,2,2
733282,neutral->anger,neutral,anger,6,1,0,0,0,0,0,0,1,0,0,1,0,1,3,3
733372,neutral->anger,neutral,anger,6,1,0,0,0,0,0,0,1,0,0,1,0,1,3,3
733501,anger->neutral,anger,neutral,1,6,0,0,0,0,0,0,1,0,0,1,0,1,3,3
733656,anger->neutral,anger,neutral,1,6,1,0,0,0,0,0,1,0,0,1,0,1,4,3
733773,anger->neutral,anger,neutral,1,6,1,0,1,0,0,0,1,0,0,1,0,0,4,3
733785,neutral->anger,neutral,anger,6,1,1,0,1,0,0,0,1,0,0,1,0,0,4,3
733838,sadness->neutral,sadness,neutral,4,6,0,0,0,1,0,1,0,1,1,0,1,0,5,3
733844,neutral->sadness,neutral,sadness,6,4,0,0,0,1,0,1,0,1,1,0,1,0,5,3
734220,neutral->anger,neutral,anger,6,1,0,0,0,0,0,0,0,0,0,0,0,1,1,1
734581,neutral->disgust,neutral,disgust,6,2,0,0,0,0,0,0,0,1,1,0,0,0,2,2
734590,disgust->neutral,disgust,neutral,2,6,0,0,0,0,0,0,0,1,1,0,0,0,2,2
734592,anger->neutral,anger,neutral,1,6,0,0,0,0,0,0,0,0,0,0,0,1,1,1
734690,sadness->neutral,sadness,neutral,4,6,0,0,0,0,0,1,0,0,1,0,1,0,3,3
734783,happiness->neutral,happiness,neutral,3,6,0,1,1,0,0,0,0,0,0,0,0,0,2,2
734814,happiness->neutral,happiness,neutral,3,6,0,1,1,0,0,0,0,0,0,0,0,0,2,2
734989,neutral->anger,neutral,anger,6,1,0,0,0,0,0,0,1,0,0,1,0,0,2,2
735029,neutral->anger,neutral,anger,6,1,0,0,0,0,0,0,1,0,0,1,0,0,2,2
735033,neutral->sadness,neutral,sadness,6,4,1,0,0,0,0,0,0,0,0,0,0,0,1,1
735053,neutral->happiness,neutral,happiness,6,3,0,1,0,0,0,0,0,0,0,0,0,0,1,1
735057,happiness->neutral,happiness,neutral,3,6,0,1,0,0,0,0,0,0,0,0,0,0,1,1
735074,neutral->happiness,neutral,happiness,6,3,0,1,0,0,0,0,0,0,0,0,0,0,1,1
735183,neutral->happiness,neutral,happiness,6,3,0,1,1,0,0,0,0,0,0,0,0,0,2,2
735308,anger->neutral,anger,neutral,1,6,0,0,0,0,0,0,1,0,0,1,0,0,2,2
735375,anger->neutral,anger,neutral,1,6,0,0,0,0,0,0,1,0,0,1,0,0,2,2
735451,neutral->sadness,neutral,sadness,6,4,1,0,0,1,0,0,0,0,1,0,0,0,3,3
735681,disgust->neutral,disgust,neutral,2,6,1,0,0,0,0,0,0,0,0,0,0,0,1,1
735706,neutral->sadness,neutral,sadness,6,4,1,0,0,0,0,0,0,0,0,0,0,0,1,1
735904,sadness->neutral,sadness,neutral,4,6,1,0,0,1,0,0,0,0,0,0,0,0,2,2
735982,neutral->disgust,neutral,disgust,6,2,1,0,0,0,0,0,0,0,0,0,0,0,1,1
735987,sadness->neutral,sadness,neutral,4,6,0,0,0,1,0,0,0,0,0,0,0,0,1,1
736114,neutral->sadness,neutral,sadness,6,4,0,0,0,1,0,0,0,0,0,0,0,0,1,1
736165,disgust->neutral,disgust,neutral,2,6,1,0,0,0,0,0,0,0,0,0,0,0,1,1
736209,sadness->neutral,sadness,neutral,4,6,0,0,0,1,0,0,0,0,0,0,0,0,1,1
736416,neutral->disgust,neutral,disgust,6,2,0,0,0,0,0,0,0,1,0,0,0,0,1,1
736448,happiness->neutral,happiness,neutral,3,6,0,0,1,0,0,0,0,0,0,0,0,0,1,1
736479,disgust->neutral,disgust,neutral,2,6,0,0,0,0,0,0,0,1,0,0,0,0,1,1
736694,neutral->surprise,neutral,surprise,6,5,1,0,0,0,0,0,0,0,0,0,0,0,1,1
737463,neutral->disgust,neutral,disgust,6,2,0,0,0,0,0,0,0,1,0,0,0,0,1,1
737537,disgust->neutral,disgust,neutral,2,6,0,0,0,0,0,0,0,1,0,0,0,0,1,1
737564,neutral->sadness,neutral,sadness,6,4,0,0,1,1,1,0,0,0,1,0,1,0,5,3
737759,neutral->disgust,neutral,disgust,6,2,0,0,0,0,0,0,0,1,0,0,0,0,1,1
737767,disgust->neutral,disgust,neutral,2,6,0,0,0,0,0,0,0,1,0,0,0,0,1,1
737957,sadness->neutral,sadness,neutral,4,6,1,0,1,0,1,0,0,0,0,0,0,0,3,3
738120,neutral->sadness,neutral,sadness,6,4,0,0,1,0,1,0,0,0,0,0,1,1,4,3
738246,sadness->neutral,sadness,neutral,4,6,0,0,1,0,1,0,0,0,0,0,1,0,3,3
738362,sadness->neutral,sadness,neutral,4,6,0,0,1,1,1,0,0,0,0,0,0,0,3,3
738952,neutral->sadness,neutral,sadness,6,4,0,0,0,1,1,0,0,0,0,0,0,0,2,2
739211,neutral->surprise,neutral,surprise,6,5,0,0,0,0,0,0,0,1,0,1,1,0,3,3
739234,neutral->surprise,neutral,surprise,6,5,0,0,0,0,0,0,0,1,0,1,1,0,3,3
739302,surprise->neutral,surprise,neutral,5,6,0,0,0,0,0,0,0,1,0,1,1,0,3,3
739524,neutral->sadness,neutral,sadness,6,4,1,0,0,0,1,0,0,0,0,0,1,0,3,3
739529,neutral->sadness,neutral,sadness,6,4,1,0,0,0,1,0,0,0,0,0,1,0,3,3
739743,neutral->surprise,neutral,surprise,6,5,0,0,0,0,0,0,0,1,0,1,1,0,3,3
739760,surprise->neutral,surprise,neutral,5,6,0,0,0,0,0,0,0,1,0,1,1,0,3,3
739774,surprise->neutral,surprise,neutral,5,6,0,0,0,0,0,0,0,1,0,1,1,0,3,3
739783,sadness->neutral,sadness,neutral,4,6,0,0,0,1,1,0,0,0,0,0,1,0,3,3
739790,surprise->neutral,surprise,neutral,5,6,0,0,0,0,0,0,0,1,0,1,1,0,3,3
739832,neutral->sadness,neutral,sadness,6,4,0,0,0,1,1,0,0,1,0,0,1,0,4,3
740083,neutral->sadness,neutral,sadness,6,4,0,0,0,1,1,0,0,1,0,0,1,0,4,3
740099,sadness->neutral,sadness,neutral,4,6,0,0,0,1,1,0,0,1,0,0,1,0,4,3
740200,sadness->neutral,sadness,neutral,4,6,0,0,0,1,1,0,0,1,0,0,1,0,4,3
740446,neutral->sadness,neutral,sadness,6,4,0,0,0,1,1,0,0,1,0,0,1,0,4,3
740537,neutral->sadness,neutral,sadness,6,4,0,0,0,1,1,0,0,1,0,0,1,0,4,3
740567,neutral->sadness,neutral,sadness,6,4,0,0,0,1,1,0,0,1,0,0,1,0,4,3
740642,sadness->neutral,sadness,neutral,4,6,0,0,0,1,1,0,0,1,0,0,1,0,4,3
740663,sadness->neutral,sadness,neutral,4,6,0,0,0,0,1,0,0,1,0,0,1,0,3,3
740668,neutral->sadness,neutral,sadness,6,4,0,0,0,0,1,0,0,1,0,0,1,0,3,3
740678,sadness->neutral,sadness,neutral,4,6,0,0,0,0,1,0,0,1,0,0,1,0,3,3
740723,neutral->sadness,neutral,sadness,6,4,0,0,0,0,1,0,0,1,0,0,1,0,3,3
741387,neutral->sadness,neutral,sadness,6,4,0,0,0,0,1,0,0,1,0,0,1,0,3,3
742684,sadness->neutral,sadness,neutral,4,6,0,0,0,1,1,0,0,0,0,0,1,0,3,3
742919,sadness->neutral,sadness,neutral,4,6,0,0,0,0,1,0,0,1,0,0,0,0,2,2
743697,neutral->sadness,neutral,sadness,6,4,0,0,0,0,1,0,0,1,0,0,0,0,2,2
744000,sadness->neutral,sadness,neutral,4,6,0,0,0,1,1,0,0,1,0,0,1,0,4,3
744976,sadness->neutral,sadness,neutral,4,6,1,0,0,1,1,0,0,0,0,0,0,0,3,3
745156,neutral->sadness,neutral,sadness,6,4,1,0,0,0,1,0,0,1,0,0,1,0,4,3
745192,neutral->sadness,neutral,sadness,6,4,0,0,0,0,1,0,0,1,0,0,1,0,3,3
745296,sadness->neutral,sadness,neutral,4,6,0,0,0,0,1,0,0,0,1,0,1,0,3,3
745481,sadness->neutral,sadness,neutral,4,6,0,0,0,0,1,0,0,1,0,0,0,0,2,2
746569,neutral->sadness,neutral,sadness,6,4,0,0,0,0,1,0,0,1,1,0,0,0,3,3
746650,neutral->sadness,neutral,sadness,6,4,0,0,0,0,1,0,0,0,1,0,1,0,3,3
746716,sadness->neutral,sadness,neutral,4,6,0,0,0,0,1,0,0,0,1,0,1,0,3,3
747011,neutral->sadness,neutral,sadness,6,4,0,0,0,0,1,0,0,1,0,0,0,0,2,2
747235,neutral->surprise,neutral,surprise,6,5,1,0,0,0,0,0,0,0,0,0,0,0,1,1
747286,neutral->sadness,neutral,sadness,6,4,0,0,0,0,1,0,0,0,0,0,1,0,2,2
747465,sadness->neutral,sadness,neutral,4,6,0,0,0,0,1,0,0,0,0,0,1,0,2,2
747971,surprise->neutral,surprise,neutral,5,6,1,0,0,0,0,0,0,0,0,0,0,0,1,1
749140,neutral->sadness,neutral,sadness,6,4,0,0,0,0,1,0,0,1,0,0,0,0,2,2
749249,neutral->sadness,neutral,sadness,6,4,0,0,0,0,1,0,0,0,0,0,1,0,2,2
749298,sadness->neutral,sadness,neutral,4,6,0,0,0,0,1,0,0,0,0,0,1,0,2,2
749626,neutral->surprise,neutral,surprise,6,5,1,0,0,0,0,0,0,0,0,0,0,0,1,1
750053,surprise->neutral,surprise,neutral,5,6,1,0,0,0,0,0,0,0,0,0,0,0,1,1
751045,neutral->anger,neutral,anger,6,1,0,0,1,0,0,0,0,0,0,0,0,0,1,1
751898,neutral->surprise,neutral,surprise,6,5,1,0,0,0,0,0,0,0,0,0,0,0,1,1
752045,neutral->sadness,neutral,sadness,6,4,0,0,0,0,1,0,0,1,1,0,1,1,5,3
752326,sadness->neutral,sadness,neutral,4,6,0,0,0,0,1,0,0,1,0,0,1,1,4,3
752752,neutral->sadness,neutral,sadness,6,4,0,0,0,0,1,0,0,1,0,0,1,0,3,3
752767,surprise->neutral,surprise,neutral,5,6,1,0,0,0,0,0,0,0,0,0,0,0,1,1
753188,neutral->sadness,neutral,sadness,6,4,0,0,0,0,1,0,0,0,0,0,1,0,2,2
753269,sadness->neutral,sadness,neutral,4,6,0,0,0,0,1,0,0,0,0,0,1,0,2,2
753525,neutral->sadness,neutral,sadness,6,4,0,0,0,1,1,0,0,1,0,0,1,0,4,3
753782,sadness->neutral,sadness,neutral,4,6,1,0,0,1,1,0,0,0,0,0,1,0,4,3
753797,neutral->sadness,neutral,sadness,6,4,1,0,0,1,1,0,0,0,0,0,0,0,3,3
754134,neutral->sadness,neutral,sadness,6,4,0,0,0,0,1,0,0,1,0,0,0,0,2,2
754303,neutral->sadness,neutral,sadness,6,4,0,0,0,0,1,0,0,0,0,0,1,0,2,2
754402,sadness->neutral,sadness,neutral,4,6,0,0,0,0,1,0,0,0,0,0,1,0,2,2
754456,sadness->neutral,sadness,neutral,4,6,0,0,0,0,1,0,0,1,0,0,0,0,2,2
756224,sadness->neutral,sadness,neutral,4,6,1,0,0,0,1,0,0,0,0,0,0,0,2,2
757823,neutral->sadness,neutral,sadness,6,4,1,0,0,1,1,0,0,0,0,0,0,0,3,3
758400,sadness->neutral,sadness,neutral,4,6,1,0,0,0,1,0,0,1,1,0,1,1,6,3
758497,neutral->sadness,neutral,sadness,6,4,1,0,0,0,1,0,0,1,1,0,1,1,6,3
758708,sadness->neutral,sadness,neutral,4,6,0,0,0,0,1,0,0,1,0,0,1,1,4,3
758720,neutral->sadness,neutral,sadness,6,4,0,0,0,0,1,0,0,1,0,0,1,1,4,3
758730,neutral->sadness,neutral,sadness,6,4,0,0,0,0,1,0,0,1,0,0,1,1,4,3
759637,sadness->neutral,sadness,neutral,4,6,0,0,0,0,1,0,0,1,1,0,1,1,5,3
759647,neutral->sadness,neutral,sadness,6,4,0,0,0,0,1,0,0,1,1,0,1,1,5,3
759666,sadness->neutral,sadness,neutral,4,6,0,0,0,0,1,0,0,1,0,0,1,1,4,3
759835,neutral->sadness,neutral,sadness,6,4,0,0,0,0,1,0,0,1,1,0,1,1,5,3
759843,neutral->sadness,neutral,sadness,6,4,0,0,0,0,1,0,0,1,1,0,1,1,5,3
759902,sadness->neutral,sadness,neutral,4,6,0,0,0,0,1,0,0,1,1,0,1,1,5,3
760078,neutral->sadness,neutral,sadness,6,4,0,0,0,0,1,0,0,1,1,0,1,1,5,3
760267,sadness->neutral,sadness,neutral,4,6,0,0,0,0,1,0,0,1,1,0,1,1,5,3
760485,neutral->surprise,neutral,surprise,6,5,1,0,0,0,0,0,0,0,0,0,0,0,1,1
760857,surprise->neutral,surprise,neutral,5,6,1,0,0,1,0,0,0,0,0,0,0,0,2,2
760995,sadness->neutral,sadness,neutral,4,6,0,0,0,1,1,0,0,1,0,0,1,1,5,3
761079,neutral->sadness,neutral,sadness,6,4,0,0,0,1,1,0,0,1,0,0,1,1,5,3
761428,neutral->happiness,neutral,happiness,6,3,0,0,0,0,0,0,0,0,1,0,0,0,1,1
761434,happiness->neutral,happiness,neutral,3,6,0,0,0,0,0,0,0,0,1,0,0,0,1,1
762126,sadness->neutral,sadness,neutral,4,6,0,0,0,0,1,0,0,1,0,0,1,1,4,3
762132,sadness->neutral,sadness,neutral,4,6,0,0,0,0,1,0,0,1,0,0,1,1,4,3
762153,neutral->happiness,neutral,happiness,6,3,0,0,0,0,0,0,0,0,1,0,0,0,1,1
762416,happiness->neutral,happiness,neutral,3,6,0,0,0,0,0,0,0,0,1,0,0,0,1,1
762485,neutral->sadness,neutral,sadness,6,4,0,0,0,0,1,0,0,1,0,0,1,1,4,3
762516,neutral->sadness,neutral,sadness,6,4,0,0,0,0,1,0,0,1,0,0,1,1,4,3
762604,sadness->neutral,sadness,neutral,4,6,0,0,0,0,1,0,0,1,0,0,1,1,4,3
762678,neutral->sadness,neutral,sadness,6,4,0,0,0,0,0,0,0,1,0,0,1,1,3,3
762698,neutral->happiness,neutral,happiness,6,3,0,0,0,0,0,0,0,0,1,0,0,0,1,1
762744,neutral->sadness,neutral,sadness,6,4,0,0,0,0,0,0,0,1,0,0,1,1,3,3
762749,sadness->neutral,sadness,neutral,4,6,0,0,0,0,0,0,0,1,0,0,1,1,3,3
762752,anger->neutral,anger,neutral,1,6,0,0,1,0,0,0,0,0,0,0,0,0,1,1
762892,happiness->neutral,happiness,neutral,3,6,0,0,0,0,0,0,0,0,1,0,0,0,1,1
763088,neutral->happiness,neutral,happiness,6,3,0,0,0,0,0,0,0,0,1,0,0,0,1,1
763132,happiness->neutral,happiness,neutral,3,6,0,0,0,0,0,0,0,0,1,0,0,0,1,1
763189,sadness->neutral,sadness,neutral,4,6,0,0,0,0,0,0,0,1,0,0,1,1,3,3
763341,neutral->sadness,neutral,sadness,6,4,0,0,0,0,0,0,0,1,0,0,1,1,3,3
763377,sadness->neutral,sadness,neutral,4,6,0,0,0,0,0,0,0,1,0,0,1,1,3,3
763407,neutral->sadness,neutral,sadness,6,4,0,0,0,0,0,0,0,1,0,0,1,1,3,3
763415,sadness->neutral,sadness,neutral,4,6,0,0,0,0,0,0,0,1,0,0,1,1,3,3
763655,neutral->sadness,neutral,sadness,6,4,0,0,0,0,0,0,0,1,0,0,1,1,3,3
763659,neutral->sadness,neutral,sadness,6,4,0,0,0,0,0,0,0,1,0,0,1,1,3,3
763793,happiness->neutral,happiness,neutral,3,6,0,0,0,1,0,0,0,0,1,0,0,0,2,2
763899,sadness->neutral,sadness,neutral,4,6,0,0,0,0,0,0,0,1,0,0,1,1,3,3
763931,sadness->neutral,sadness,neutral,4,6,0,0,0,0,0,0,0,1,0,0,1,1,3,3
764048,neutral->sadness,neutral,sadness,6,4,0,0,0,0,0,0,0,1,0,0,1,1,3,3
764050,neutral->sadness,neutral,sadness,6,4,0,0,0,0,0,0,0,1,0,0,1,1,3,3
764113,neutral->anger,neutral,anger,6,1,0,0,1,0,0,0,0,0,0,0,0,0,1,1
764189,anger->neutral,anger,neutral,1,6,0,0,1,0,0,0,0,0,0,0,0,0,1,1
764329,sadness->neutral,sadness,neutral,4,6,0,0,0,0,0,0,0,1,1,0,1,1,4,3
764375,sadness->neutral,sadness,neutral,4,6,0,0,0,0,0,0,0,1,1,0,1,1,4,3
764488,neutral->sadness,neutral,sadness,6,4,0,0,0,0,0,0,0,1,0,0,1,1,3,3
765400,neutral->happiness,neutral,happiness,6,3,0,0,0,0,0,0,0,0,1,0,0,0,1,1
765595,happiness->neutral,happiness,neutral,3,6,0,0,0,0,0,0,0,0,1,0,0,0,1,1
765826,sadness->neutral,sadness,neutral,4,6,0,0,0,0,0,0,0,1,0,0,1,1,3,3
765857,neutral->sadness,neutral,sadness,6,4,0,0,0,0,0,0,0,1,0,0,1,1,3,3
765980,neutral->sadness,neutral,sadness,6,4,0,0,0,0,0,0,0,1,0,0,1,1,3,3
766006,sadness->neutral,sadness,neutral,4,6,0,0,0,0,0,0,0,1,0,0,1,1,3,3
766036,sadness->neutral,sadness,neutral,4,6,0,0,0,0,0,0,0,1,0,0,1,1,3,3
766056,neutral->happiness,neutral,happiness,6,3,0,0,0,0,0,0,0,0,1,0,0,0,1,1
766074,happiness->neutral,happiness,neutral,3,6,0,0,0,0,0,0,0,0,1,0,0,0,1,1
766197,neutral->sadness,neutral,sadness,6,4,0,0,0,0,0,0,0,1,0,0,1,1,3,3
766236,neutral->sadness,neutral,sadness,6,4,0,0,0,0,0,0,0,1,0,0,1,1,3,3
766378,sadness->neutral,sadness,neutral,4,6,0,0,0,0,0,0,0,1,0,0,1,1,3,3
766465,neutral->sadness,neutral,sadness,6,4,0,0,0,0,0,0,0,1,0,0,1,1,3,3
766572,sadness->neutral,sadness,neutral,4,6,0,0,0,0,0,0,0,1,0,0,1,1,3,3
767208,neutral->sadness,neutral,sadness,6,4,0,0,0,0,0,0,0,1,1,0,1,1,4,3
767300,sadness->neutral,sadness,neutral,4,6,0,0,0,0,0,0,0,1,1,0,1,1,4,3
767452,sadness->neutral,sadness,neutral,4,6,0,0,0,0,0,0,0,1,0,0,1,1,3,3
767507,neutral->sadness,neutral,sadness,6,4,0,0,0,0,0,0,0,1,0,0,1,1,3,3
767978,surprise->neutral,surprise,neutral,5,6,0,1,0,0,1,0,0,0,0,0,0,0,2,2
767984,neutral->sadness,neutral,sadness,6,4,0,0,0,0,0,0,0,1,0,0,1,1,3,3
768043,sadness->neutral,sadness,neutral,4,6,0,0,0,0,0,0,0,1,0,0,1,1,3,3
768092,neutral->sadness,neutral,sadness,6,4,0,0,0,0,0,0,0,1,0,0,1,1,3,3
768142,sadness->neutral,sadness,neutral,4,6,0,0,0,0,0,0,0,1,0,0,1,1,3,3
768158,neutral->sadness,neutral,sadness,6,4,0,0,0,0,0,0,0,1,0,0,1,1,3,3
768286,sadness->neutral,sadness,neutral,4,6,0,0,0,0,0,0,0,1,0,0,1,1,3,3
768339,sadness->neutral,sadness,neutral,4,6,0,0,0,0,0,0,0,1,0,0,1,1,3,3
768466,neutral->sadness,neutral,sadness,6,4,0,0,0,0,0,0,0,1,0,0,1,1,3,3
769138,neutral->sadness,neutral,sadness,6,4,0,0,0,0,0,0,0,1,0,0,1,1,3,3
769329,sadness->neutral,sadness,neutral,4,6,0,0,0,0,0,0,0,1,0,0,1,1,3,3
769628,neutral->happiness,neutral,happiness,6,3,0,0,0,0,0,0,0,0,1,0,0,0,1,1
769636,neutral->sadness,neutral,sadness,6,4,0,0,0,0,0,0,0,1,0,0,1,1,3,3
769688,sadness->neutral,sadness,neutral,4,6,0,0,0,0,0,0,0,1,0,0,1,1,3,3
769710,happiness->neutral,happiness,neutral,3,6,0,0,0,0,0,0,0,0,1,0,0,0,1,1
769817,neutral->sadness,neutral,sadness,6,4,0,0,0,0,0,0,0,1,0,0,1,1,3,3
770283,sadness->neutral,sadness,neutral,4,6,0,0,1,0,0,0,0,1,0,0,1,1,4,3
770473,neutral->happiness,neutral,happiness,6,3,0,0,0,0,0,0,0,0,1,0,0,0,1,1
770492,neutral->sadness,neutral,sadness,6,4,0,0,1,0,0,0,0,1,0,0,1,1,4,3
770514,happiness->neutral,happiness,neutral,3,6,0,0,0,0,0,0,0,0,1,0,0,0,1,1
770659,sadness->neutral,sadness,neutral,4,6,0,0,1,0,0,0,0,1,0,0,1,1,4,3
770806,neutral->happiness,neutral,happiness,6,3,0,0,0,0,0,0,0,0,1,0,0,0,1,1
770942,happiness->neutral,happiness,neutral,3,6,0,0,0,0,0,0,0,0,1,0,0,0,1,1
771007,neutral->sadness,neutral,sadness,6,4,0,0,1,0,0,0,0,1,0,0,1,1,4,3
771096,neutral->happiness,neutral,happiness,6,3,0,0,0,0,0,0,0,0,1,0,0,0,1,1
771200,sadness->neutral,sadness,neutral,4,6,0,0,1,0,0,0,0,1,0,0,1,1,4,3
771234,happiness->neutral,happiness,neutral,3,6,0,0,0,0,0,0,0,0,1,0,0,0,1,1
771298,neutral->happiness,neutral,happiness,6,3,0,0,0,0,0,0,0,0,1,0,0,0,1,1
771451,happiness->neutral,happiness,neutral,3,6,0,0,0,0,0,0,0,0,1,0,0,0,1,1
771554,neutral->sadness,neutral,sadness,6,4,0,0,1,0,0,0,0,1,0,0,1,1,4,3
771941,sadness->neutral,sadness,neutral,4,6,1,0,1,0,0,0,0,1,0,0,1,1,5,3
772526,neutral->happiness,neutral,happiness,6,3,0,0,0,0,0,0,0,0,1,0,0,0,1,1
772673,neutral->sadness,neutral,sadness,6,4,1,0,1,0,0,0,0,1,0,0,1,1,5,3
772827,neutral->sadness,neutral,sadness,6,4,1,0,1,0,0,0,0,1,0,0,1,1,5,3
773094,sadness->neutral,sadness,neutral,4,6,1,0,1,0,0,0,0,1,1,0,1,1,6,3
773232,happiness->neutral,happiness,neutral,3,6,0,0,0,0,0,0,0,0,1,0,0,0,1,1
774046,neutral->sadness,neutral,sadness,6,4,1,0,1,0,0,0,0,1,0,0,1,1,5,3
774172,sadness->neutral,sadness,neutral,4,6,1,0,1,0,0,0,0,1,0,0,1,1,5,3
774185,sadness->neutral,sadness,neutral,4,6,1,0,1,0,0,0,0,1,0,0,1,1,5,3
774274,sadness->neutral,sadness,neutral,4,6,1,0,1,0,0,0,0,1,0,0,1,1,5,3
774332,neutral->sadness,neutral,sadness,6,4,1,0,1,0,0,0,0,1,0,0,1,1,5,3
774376,neutral->sadness,neutral,sadness,6,4,1,0,1,0,0,0,0,1,0,0,1,1,5,3
774384,sadness->neutral,sadness,neutral,4,6,1,0,1,0,0,0,0,1,0,0,1,1,5,3
774499,sadness->neutral,sadness,neutral,4,6,1,0,1,0,0,0,0,1,0,0,1,1,5,3
774538,neutral->happiness,neutral,happiness,6,3,0,0,0,0,0,0,0,0,1,0,0,0,1,1
774617,neutral->sadness,neutral,sadness,6,4,0,0,1,0,0,0,0,1,0,0,1,1,4,3
774646,sadness->neutral,sadness,neutral,4,6,0,0,1,0,0,0,0,1,0,0,1,1,4,3
774688,happiness->neutral,happiness,neutral,3,6,0,0,0,0,0,0,0,0,1,0,0,0,1,1
775072,neutral->sadness,neutral,sadness,6,4,0,0,1,0,0,0,0,1,1,0,1,1,5,3
775154,neutral->happiness,neutral,happiness,6,3,0,0,0,0,0,0,0,0,1,0,0,0,1,1
775273,neutral->sadness,neutral,sadness,6,4,0,0,1,0,0,0,0,1,0,0,1,1,4,3
775390,sadness->neutral,sadness,neutral,4,6,0,0,1,0,0,0,0,1,0,0,1,1,4,3
775551,sadness->neutral,sadness,neutral,4,6,0,0,1,0,0,0,0,1,0,0,1,1,4,3
775555,neutral->sadness,neutral,sadness,6,4,0,0,1,0,0,0,0,1,0,0,1,1,4,3
775751,sadness->neutral,sadness,neutral,4,6,0,0,1,0,0,0,0,1,0,0,1,1,4,3
775785,neutral->sadness,neutral,sadness,6,4,0,0,1,0,0,0,0,1,1,0,1,1,5,3
775854,happiness->neutral,happiness,neutral,3,6,0,0,0,0,0,0,0,0,1,0,0,0,1,1
775880,neutral->happiness,neutral,happiness,6,3,0,0,0,0,0,0,0,0,1,0,0,0,1,1
775922,neutral->sadness,neutral,sadness,6,4,0,0,1,0,0,0,0,1,1,0,1,1,5,3
775990,sadness->neutral,sadness,neutral,4,6,0,0,1,0,0,0,0,1,0,0,1,1,4,3
776010,neutral->sadness,neutral,sadness,6,4,0,0,1,0,0,0,0,1,0,0,1,1,4,3
776013,sadness->neutral,sadness,neutral,4,6,0,0,1,0,0,0,0,1,0,0,1,1,4,3
776118,happiness->neutral,happiness,neutral,3,6,0,0,0,0,0,0,0,0,1,0,0,0,1,1
776264,neutral->sadness,neutral,sadness,6,4,0,0,1,0,0,0,0,1,0,0,1,1,4,3
776271,neutral->sadness,neutral,sadness,6,4,0,0,1,0,0,0,0,1,0,0,1,1,4,3
776288,sadness->neutral,sadness,neutral,4,6,0,0,1,0,0,0,0,1,0,0,1,1,4,3
776289,sadness->neutral,sadness,neutral,4,6,0,0,1,0,0,0,0,1,0,0,1,1,4,3
776293,neutral->happiness,neutral,happiness,6,3,0,0,0,0,0,0,0,0,1,0,0,0,1,1
776354,happiness->neutral,happiness,neutral,3,6,0,0,0,0,0,0,0,0,1,0,0,0,1,1
776460,neutral->sadness,neutral,sadness,6,4,0,0,1,0,0,0,0,1,0,0,1,1,4,3
776478,neutral->sadness,neutral,sadness,6,4,0,0,1,0,0,0,0,1,0,0,1,1,4,3
776530,sadness->neutral,sadness,neutral,4,6,0,0,1,0,0,0,0,1,1,0,1,1,5,3
776543,sadness->neutral,sadness,neutral,4,6,0,0,1,0,0,0,0,1,1,0,1,1,5,3
776552,sadness->neutral,sadness,neutral,4,6,0,0,1,0,0,0,0,1,1,0,1,1,5,3
776669,neutral->sadness,neutral,sadness,6,4,0,0,1,0,0,0,0,1,1,0,1,1,5,3
776851,neutral->sadness,neutral,sadness,6,4,0,0,1,0,0,0,0,1,1,0,1,1,5,3
776852,sadness->neutral,sadness,neutral,4,6,0,0,1,0,0,0,0,1,1,0,1,1,5,3
776947,neutral->sadness,neutral,sadness,6,4,0,0,1,0,0,0,0,1,0,0,1,1,4,3
777789,neutral->sadness,neutral,sadness,6,4,0,0,1,0,0,0,0,0,0,0,0,1,2,2
777969,sadness->neutral,sadness,neutral,4,6,0,0,1,0,0,0,0,0,0,0,0,1,2,2
778830,sadness->neutral,sadness,neutral,4,6,0,0,1,0,0,0,0,1,0,0,1,0,3,3
779000,sadness->neutral,sadness,neutral,4,6,0,0,1,0,0,0,0,1,0,0,1,0,3,3
779238,neutral->sadness,neutral,sadness,6,4,0,0,1,0,0,0,0,1,0,0,1,0,3,3
779671,neutral->sadness,neutral,sadness,6,4,0,0,1,0,0,0,0,0,0,0,1,0,2,2
780288,sadness->neutral,sadness,neutral,4,6,0,0,1,0,0,0,0,0,0,0,1,0,2,2
780384,neutral->sadness,neutral,sadness,6,4,0,0,1,0,0,0,0,0,0,0,1,0,2,2
783991,sadness->neutral,sadness,neutral,4,6,0,0,1,0,0,0,0,0,0,0,1,0,2,2
784088,neutral->sadness,neutral,sadness,6,4,0,0,1,0,0,0,0,0,0,0,1,0,2,2
784558,sadness->neutral,sadness,neutral,4,6,0,0,1,0,0,0,0,0,0,0,1,0,2,2
784680,neutral->sadness,neutral,sadness,6,4,0,0,1,0,0,0,0,0,0,0,1,0,2,2
785034,sadness->neutral,sadness,neutral,4,6,0,0,1,0,0,0,0,0,0,0,1,0,2,2
786043,neutral->sadness,neutral,sadness,6,4,0,0,1,0,0,0,0,0,0,0,1,0,2,2
786245,sadness->neutral,sadness,neutral,4,6,0,0,1,0,0,0,0,0,0,0,1,0,2,2
786452,neutral->sadness,neutral,sadness,6,4,1,0,1,0,0,0,0,0,0,0,1,0,3,3
786519,sadness->neutral,sadness,neutral,4,6,1,0,1,0,0,0,0,1,0,0,1,0,4,3
786620,sadness->neutral,sadness,neutral,4,6,1,0,1,0,0,0,0,0,0,0,0,0,2,2
788229,neutral->surprise,neutral,surprise,6,5,1,0,0,0,0,0,0,0,0,0,0,0,1,1
788314,surprise->neutral,surprise,neutral,5,6,1,0,0,0,0,0,0,0,0,0,0,0,1,1
788692,neutral->sadness,neutral,sadness,6,4,0,1,1,0,0,0,0,1,0,0,1,0,4,3
788931,sadness->neutral,sadness,neutral,4,6,0,1,1,0,0,0,0,0,0,0,1,0,3,3
789744,neutral->disgust,neutral,disgust,6,2,0,1,0,0,0,0,0,0,0,0,0,0,1,1
791627,neutral->disgust,neutral,disgust,6,2,0,0,0,0,0,0,0,1,0,0,0,0,1,1
791716,neutral->surprise,neutral,surprise,6,5,1,0,0,0,0,0,0,0,0,0,0,0,1,1
791728,neutral->anger,neutral,anger,6,1,0,0,1,0,0,0,0,0,0,0,0,1,2,2
791826,disgust->neutral,disgust,neutral,2,6,0,0,0,0,0,0,0,1,0,0,0,0,1,1
791875,surprise->neutral,surprise,neutral,5,6,1,0,0,0,0,0,0,0,0,0,0,0,1,1
791881,anger->neutral,anger,neutral,1,6,0,0,1,0,0,0,0,0,0,0,0,1,2,2
794220,neutral->sadness,neutral,sadness,6,4,0,0,1,0,0,0,0,1,1,0,1,1,5,3
794242,neutral->sadness,neutral,sadness,6,4,0,0,1,0,0,0,0,1,1,0,1,1,5,3
794420,sadness->neutral,sadness,neutral,4,6,0,0,1,0,0,0,0,0,1,0,1,1,4,3
794507,neutral->sadness,neutral,sadness,6,4,0,0,1,0,0,0,0,0,1,0,1,1,4,3
796091,neutral->anger,neutral,anger,6,1,0,0,1,0,0,0,0,0,0,0,0,1,2,2
796296,anger->neutral,anger,neutral,1,6,0,0,1,0,0,0,0,0,0,0,0,1,2,2
796764,neutral->anger,neutral,anger,6,1,0,0,1,0,0,0,0,0,0,0,0,1,2,2
797225,anger->neutral,anger,neutral,1,6,0,0,1,0,0,0,0,0,0,0,0,1,2,2
797399,neutral->anger,neutral,anger,6,1,0,0,1,0,0,0,0,0,0,0,0,1,2,2
797687,neutral->sadness,neutral,sadness,6,4,0,0,1,0,1,0,0,0,0,0,0,0,2,2
799485,anger->neutral,anger,neutral,1,6,0,0,1,0,0,0,0,0,0,0,0,1,2,2
799705,sadness->neutral,sadness,neutral,4,6,0,0,1,0,0,0,0,1,0,0,1,0,3,3
800200,neutral->surprise,neutral,surprise,6,5,0,0,0,1,0,0,0,0,0,0,1,0,2,2
800414,neutral->surprise,neutral,surprise,6,5,0,0,0,1,0,0,0,0,0,0,1,0,2,2
800557,surprise->neutral,surprise,neutral,5,6,1,0,0,1,0,0,0,0,0,0,1,0,3,3
800651,neutral->surprise,neutral,surprise,6,5,1,0,0,1,0,0,0,0,0,0,1,0,3,3
801067,surprise->neutral,surprise,neutral,5,6,1,0,0,1,0,0,0,0,0,0,0,0,2,2
802882,surprise->neutral,surprise,neutral,5,6,0,0,0,1,0,0,0,0,0,0,0,0,1,1
804606,neutral->sadness,neutral,sadness,6,4,0,0,1,0,0,0,0,1,0,0,1,1,4,3
804862,sadness->neutral,sadness,neutral,4,6,0,0,1,0,0,0,0,1,0,0,1,1,4,3
807377,neutral->sadness,neutral,sadness,6,4,0,0,1,0,0,0,0,1,0,0,1,0,3,3
807407,neutral->sadness,neutral,sadness,6,4,0,0,1,0,0,0,0,0,0,0,1,0,2,2
807704,sadness->neutral,sadness,neutral,4,6,0,0,1,0,1,0,0,0,0,0,0,0,2,2
807989,neutral->surprise,neutral,surprise,6,5,1,0,1,0,0,0,0,0,0,0,0,0,2,2
808130,neutral->sadness,neutral,sadness,6,4,0,1,1,0,0,0,0,0,0,0,1,0,3,3
808263,surprise->neutral,surprise,neutral,5,6,1,0,1,0,0,0,0,0,0,0,0,0,2,2
808894,neutral->surprise,neutral,surprise,6,5,1,0,0,1,0,0,0,0,0,0,0,0,2,2
815470,neutral->happiness,neutral,happiness,6,3,0,0,0,0,0,0,0,1,0,0,1,1,3,3
816122,happiness->neutral,happiness,neutral,3,6,0,0,0,0,0,0,0,0,0,0,1,1,2,2
817393,neutral->surprise,neutral,surprise,6,5,1,0,0,0,0,0,1,0,0,0,0,0,2,2
817703,surprise->neutral,surprise,neutral,5,6,1,0,0,0,0,0,1,0,0,0,0,0,2,2
818154,neutral->surprise,neutral,surprise,6,5,1,0,0,0,0,0,1,0,0,0,0,0,2,2
818633,surprise->neutral,surprise,neutral,5,6,1,0,0,0,0,0,1,0,0,0,0,0,2,2
820423,neutral->sadness,neutral,sadness,6,4,0,1,0,0,1,0,0,0,0,1,0,0,3,3
820550,sadness->neutral,sadness,neutral,4,6,0,1,0,0,1,0,0,0,0,1,0,0,3,3
820583,neutral->surprise,neutral,surprise,6,5,1,0,0,0,0,0,0,0,0,1,0,0,2,2
821331,neutral->anger,neutral,anger,6,1,0,0,0,0,0,0,0,0,0,0,0,1,1,1
821565,anger->neutral,anger,neutral,1,6,0,0,0,0,0,0,0,0,0,0,0,1,1,1
821765,neutral->anger,neutral,anger,6,1,0,0,0,0,0,0,0,0,0,0,0,1,1,1
822008,anger->neutral,anger,neutral,1,6,0,0,0,0,0,0,0,0,0,0,0,1,1,1
822190,neutral->happiness,neutral,happiness,6,3,0,0,0,0,0,0,0,0,0,0,1,0,1,1
822649,happiness->neutral,happiness,neutral,3,6,0,0,0,0,0,0,0,0,0,0,1,0,1,1
822676,neutral->happiness,neutral,happiness,6,3,0,0,0,0,0,0,0,0,0,0,1,0,1,1
822698,happiness->neutral,happiness,neutral,3,6,0,0,0,0,0,0,0,0,0,0,1,0,1,1
822926,neutral->happiness,neutral,happiness,6,3,0,0,0,0,0,0,0,0,0,0,1,0,1,1
822950,neutral->anger,neutral,anger,6,1,0,0,0,0,0,0,0,0,0,0,0,1,1,1
823145,anger->neutral,anger,neutral,1,6,0,0,0,0,0,0,0,0,0,1,0,1,2,2
823293,neutral->anger,neutral,anger,6,1,0,0,0,0,0,0,0,0,0,1,0,1,2,2
823786,anger->neutral,anger,neutral,1,6,0,0,0,0,0,0,1,0,0,0,0,1,2,2
824619,disgust->neutral,disgust,neutral,2,6,0,0,0,1,0,0,0,0,0,0,0,0,1,1
825451,neutral->disgust,neutral,disgust,6,2,0,0,0,1,0,0,0,0,0,0,0,0,1,1
826525,disgust->neutral,disgust,neutral,2,6,0,0,0,1,0,0,0,0,0,0,0,0,1,1
827272,neutral->disgust,neutral,disgust,6,2,0,0,0,1,0,0,0,0,0,0,0,0,1,1
827425,anger->neutral,anger,neutral,1,6,0,0,0,0,0,0,0,0,0,1,0,1,2,2
827943,neutral->anger,neutral,anger,6,1,0,0,0,0,0,0,0,0,0,1,0,1,2,2
829301,neutral->anger,neutral,anger,6,1,0,0,0,0,0,0,1,0,0,0,0,1,2,2
833498,happiness->neutral,happiness,neutral,3,6,0,0,0,0,0,0,0,0,0,0,1,0,1,1
833640,neutral->happiness,neutral,happiness,6,3,0,0,0,0,0,0,0,0,0,0,0,1,1,1
833934,sadness->neutral,sadness,neutral,4,6,0,1,0,0,1,0,0,0,0,0,0,1,3,3
834108,happiness->neutral,happiness,neutral,3,6,0,0,1,0,0,0,0,0,0,0,1,0,2,2
834202,anger->neutral,anger,neutral,1,6,0,0,0,0,0,0,1,0,1,1,0,0,3,3
834216,anger->neutral,anger,neutral,1,6,0,0,0,0,0,0,1,0,1,1,0,0,3,3
834860,neutral->happiness,neutral,happiness,6,3,0,0,0,0,0,0,1,0,0,0,0,0,1,1
835115,happiness->neutral,happiness,neutral,3,6,0,0,0,0,0,0,1,0,0,0,0,0,1,1
835388,neutral->surprise,neutral,surprise,6,5,0,0,0,0,0,0,0,1,0,0,1,0,2,2
835533,surprise->neutral,surprise,neutral,5,6,0,0,0,0,0,0,0,0,0,0,1,0,1,1
835744,neutral->surprise,neutral,surprise,6,5,0,0,0,0,0,0,0,0,0,1,0,0,1,1
836014,surprise->neutral,surprise,neutral,5,6,0,0,0,0,0,0,0,0,0,1,0,0,1,1
836410,neutral->surprise,neutral,surprise,6,5,0,0,0,0,0,0,1,0,0,0,0,0,1,1
836960,surprise->neutral,surprise,neutral,5,6,0,0,0,0,0,0,1,0,0,0,0,0,1,1
838862,neutral->sadness,neutral,sadness,6,4,0,1,0,0,1,0,1,0,0,0,0,0,3,3
838946,sadness->neutral,sadness,neutral,4,6,0,1,0,0,1,0,1,0,0,0,0,0,3,3
840446,neutral->anger,neutral,anger,6,1,0,0,0,0,0,0,0,0,0,0,0,1,1,1
840678,anger->neutral,anger,neutral,1,6,0,0,0,0,0,0,0,0,0,0,0,1,1,1
840790,neutral->anger,neutral,anger,6,1,0,0,0,0,0,0,1,0,0,1,0,1,3,3
840806,neutral->anger,neutral,anger,6,1,0,0,0,0,0,0,1,0,0,1,0,1,3,3
840995,anger->neutral,anger,neutral,1,6,0,0,0,0,0,0,1,0,0,1,0,0,2,2
841207,anger->neutral,anger,neutral,1,6,0,0,0,0,0,0,0,0,0,1,0,1,2,2
841371,neutral->anger,neutral,anger,6,1,0,0,0,0,0,0,0,0,0,0,0,1,1,1
841564,neutral->happiness,neutral,happiness,6,3,0,0,0,0,0,0,0,1,0,0,0,0,1,1
841801,anger->neutral,anger,neutral,1,6,0,0,0,0,0,0,0,0,0,0,0,1,1,1
842147,neutral->anger,neutral,anger,6,1,0,0,0,0,0,0,0,0,0,0,0,1,1,1
842192,neutral->happiness,neutral,happiness,6,3,0,0,0,0,0,0,0,1,0,0,0,0,1,1
842734,neutral->sadness,neutral,sadness,6,4,0,1,0,0,1,0,0,0,1,1,0,1,5,3
842744,neutral->sadness,neutral,sadness,6,4,0,1,0,0,1,0,0,0,1,1,0,1,5,3
842809,neutral->happiness,neutral,happiness,6,3,0,0,0,0,0,0,0,0,0,0,1,0,1,1
842923,happiness->neutral,happiness,neutral,3,6,0,0,0,0,0,0,0,0,0,0,1,0,1,1
843227,sadness->neutral,sadness,neutral,4,6,0,1,0,0,1,0,0,0,1,0,0,1,4,3
843423,neutral->happiness,neutral,happiness,6,3,1,0,0,0,0,0,0,0,0,0,0,0,1,1
843988,neutral->sadness,neutral,sadness,6,4,0,1,0,0,1,0,0,0,1,0,0,0,3,3
844557,disgust->neutral,disgust,neutral,2,6,0,0,0,0,0,0,0,0,1,0,0,0,1,1
844945,happiness->neutral,happiness,neutral,3,6,1,0,0,0,0,0,0,0,0,0,0,0,1,1
845342,neutral->happiness,neutral,happiness,6,3,0,0,0,0,0,0,0,0,0,0,1,0,1,1
845348,neutral->disgust,neutral,disgust,6,2,0,0,0,0,0,0,0,0,1,0,0,0,1,1
845419,happiness->neutral,happiness,neutral,3,6,0,0,0,0,0,0,0,0,0,0,1,0,1,1
846330,neutral->happiness,neutral,happiness,6,3,1,0,0,0,0,0,0,0,0,0,0,0,1,1
847156,neutral->anger,neutral,anger,6,1,0,0,0,0,0,0,0,0,1,0,1,1,3,3
847180,anger->neutral,anger,neutral,1,6,0,0,0,0,0,0,0,0,1,0,1,1,3,3
848324,neutral->anger,neutral,anger,6,1,0,0,0,0,0,0,0,0,1,0,1,1,3,3
848382,anger->neutral,anger,neutral,1,6,0,0,0,0,0,0,0,0,1,0,1,1,3,3
848395,neutral->anger,neutral,anger,6,1,0,0,0,0,0,0,0,0,1,0,1,1,3,3
848479,anger->neutral,anger,neutral,1,6,0,0,0,0,0,0,0,0,1,0,1,1,3,3
848741,neutral->happiness,neutral,happiness,6,3,0,0,0,0,0,0,0,0,0,0,1,0,1,1
848786,happiness->neutral,happiness,neutral,3,6,0,0,0,0,0,0,0,0,0,0,1,0,1,1
849643,anger->neutral,anger,neutral,1,6,0,0,0,0,0,0,0,0,0,0,0,1,1,1
850232,neutral->anger,neutral,anger,6,1,0,0,0,0,0,0,0,0,1,0,0,1,2,2
851074,neutral->disgust,neutral,disgust,6,2,1,0,0,0,0,0,0,0,1,0,0,0,2,2
851278,disgust->neutral,disgust,neutral,2,6,1,0,0,0,0,0,0,0,1,0,0,0,2,2
852466,neutral->happiness,neutral,happiness,6,3,1,0,0,0,0,0,0,0,0,0,0,0,1,1
853037,happiness->neutral,happiness,neutral,3,6,1,0,0,0,0,0,0,0,0,0,0,0,1,1
853338,neutral->disgust,neutral,disgust,6,2,1,0,0,0,0,0,0,0,0,0,0,0,1,1
853745,disgust->neutral,disgust,neutral,2,6,1,0,0,0,0,0,0,0,0,0,0,0,1,1
858182,anger->neutral,anger,neutral,1,6,0,0,0,0,0,0,0,0,1,0,0,1,2,2
858298,sadness->neutral,sadness,neutral,4,6,0,1,0,0,1,0,0,0,1,0,0,0,3,3
860116,neutral->sadness,neutral,sadness,6,4,0,1,0,0,1,0,0,0,0,0,0,1,3,3
860201,sadness->neutral,sadness,neutral,4,6,0,1,0,0,1,0,0,0,0,0,0,1,3,3
860364,surprise->neutral,surprise,neutral,5,6,0,0,0,0,0,0,0,0,0,1,0,0,1,1
860541,neutral->anger,neutral,anger,6,1,0,0,0,0,0,0,0,0,0,1,0,0,1,1
861166,anger->neutral,anger,neutral,1,6,0,0,0,0,0,0,0,0,0,1,0,1,2,2
861291,neutral->anger,neutral,anger,6,1,0,0,0,0,0,0,0,0,0,0,0,1,1,1
861535,anger->neutral,anger,neutral,1,6,0,0,0,0,0,0,0,0,0,0,0,1,1,1
861807,neutral->anger,neutral,anger,6,1,0,0,0,0,0,0,0,0,0,0,0,1,1,1
862292,anger->neutral,anger,neutral,1,6,0,0,0,0,0,0,0,0,0,0,0,1,1,1
862369,neutral->anger,neutral,anger,6,1,0,0,0,0,0,0,0,0,0,1,0,1,2,2
862546,neutral->sadness,neutral,sadness,6,4,0,1,0,0,1,0,0,0,1,0,0,1,4,3
862712,sadness->neutral,sadness,neutral,4,6,0,1,0,0,1,0,0,0,1,0,0,1,4,3
862816,neutral->anger,neutral,anger,6,1,0,0,0,0,0,0,0,0,0,1,0,1,2,2
863085,sadness->neutral,sadness,neutral,4,6,0,1,0,0,1,0,0,0,1,0,0,1,4,3
863376,neutral->anger,neutral,anger,6,1,0,0,0,0,0,0,0,0,0,0,0,1,1,1
864085,neutral->sadness,neutral,sadness,6,4,0,1,0,0,1,0,0,0,1,0,0,1,4,3
864244,sadness->neutral,sadness,neutral,4,6,0,1,0,0,1,0,0,0,1,0,0,1,4,3
864255,sadness->neutral,sadness,neutral,4,6,0,1,0,0,1,0,0,0,1,0,0,1,4,3
864442,neutral->sadness,neutral,sadness,6,4,0,1,0,0,1,0,0,0,0,0,0,1,3,3
864721,sadness->neutral,sadness,neutral,4,6,0,1,0,0,1,0,0,0,1,0,0,1,4,3
864962,neutral->sadness,neutral,sadness,6,4,0,1,0,0,1,0,0,0,0,0,0,1,3,3
865229,neutral->sadness,neutral,sadness,6,4,0,1,0,0,1,0,0,0,1,0,0,1,4,3
865435,sadness->neutral,sadness,neutral,4,6,0,1,0,0,1,0,0,0,1,0,0,1,4,3
866988,neutral->sadness,neutral,sadness,6,4,0,1,0,0,1,0,0,0,1,0,0,1,4,3
867069,sadness->neutral,sadness,neutral,4,6,0,1,0,0,1,0,0,0,1,0,0,1,4,3
867440,neutral->sadness,neutral,sadness,6,4,0,1,0,0,1,0,0,0,1,0,0,1,4,3
867638,sadness->neutral,sadness,neutral,4,6,0,1,0,0,1,0,0,0,1,0,0,1,4,3
868649,neutral->sadness,neutral,sadness,6,4,0,1,0,0,1,0,0,0,1,0,0,1,4,3
868682,sadness->neutral,sadness,neutral,4,6,0,1,0,0,1,0,0,0,1,0,0,1,4,3
869201,neutral->disgust,neutral,disgust,6,2,0,0,0,0,0,0,0,0,1,0,0,0,1,1
870891,anger->neutral,anger,neutral,1,6,0,0,0,0,0,0,0,0,0,0,0,1,1,1
870957,neutral->anger,neutral,anger,6,1,0,0,0,0,0,0,0,0,0,0,0,1,1,1
871708,disgust->neutral,disgust,neutral,2,6,0,0,0,0,0,0,0,0,1,0,0,0,1,1
871821,anger->neutral,anger,neutral,1,6,0,0,0,0,0,0,0,0,0,0,0,1,1,1
873034,neutral->sadness,neutral,sadness,6,4,0,1,0,0,1,0,1,1,0,0,1,0,5,3
873060,surprise->neutral,surprise,neutral,5,6,0,0,0,0,0,0,0,0,0,1,0,0,1,1
874172,disgust->neutral,disgust,neutral,2,6,0,0,0,1,0,0,0,0,0,0,0,0,1,1
874552,neutral->sadness,neutral,sadness,6,4,0,1,0,0,1,0,1,0,1,0,0,0,4,3
874776,neutral->anger,neutral,anger,6,1,0,0,0,0,0,0,0,0,0,1,0,0,1,1
875124,anger->neutral,anger,neutral,1,6,0,0,0,0,0,0,0,0,0,1,0,0,1,1
875366,neutral->sadness,neutral,sadness,6,4,0,1,0,0,1,0,1,0,1,1,0,0,5,3
875990,sadness->neutral,sadness,neutral,4,6,0,1,0,0,1,0,1,0,1,1,0,0,5,3
876588,neutral->sadness,neutral,sadness,6,4,0,1,0,0,1,0,1,0,1,1,0,0,5,3
877576,neutral->sadness,neutral,sadness,6,4,0,1,0,0,1,0,1,0,1,1,0,0,5,3
879032,sadness->neutral,sadness,neutral,4,6,0,1,0,0,1,0,1,0,1,1,0,0,5,3
879481,neutral->sadness,neutral,sadness,6,4,0,1,0,0,1,0,1,0,1,1,0,0,5,3
879892,neutral->sadness,neutral,sadness,6,4,0,0,0,0,1,0,1,0,1,1,0,0,4,3
879977,sadness->neutral,sadness,neutral,4,6,0,0,0,0,1,0,1,0,1,0,0,0,3,3
880322,neutral->sadness,neutral,sadness,6,4,0,0,0,0,1,0,1,0,1,1,0,0,4,3
883295,sadness->neutral,sadness,neutral,4,6,0,0,0,0,1,0,1,0,1,1,0,0,4,3
883405,sadness->neutral,sadness,neutral,4,6,0,0,0,0,1,0,1,0,1,1,0,0,4,3
883601,neutral->sadness,neutral,sadness,6,4,0,0,0,0,1,0,1,0,1,0,0,0,3,3
883971,neutral->sadness,neutral,sadness,6,4,0,0,0,0,1,0,1,0,1,1,0,0,4,3
884054,sadness->neutral,sadness,neutral,4,6,0,0,0,0,1,0,1,0,1,1,0,0,4,3
884447,sadness->neutral,sadness,neutral,4,6,0,0,0,0,1,0,0,0,1,1,0,0,3,3
884532,neutral->sadness,neutral,sadness,6,4,0,0,0,0,1,0,0,0,1,1,0,0,3,3
885797,sadness->neutral,sadness,neutral,4,6,0,0,0,0,1,0,0,0,1,1,0,1,4,3
886005,neutral->sadness,neutral,sadness,6,4,0,0,0,0,1,0,0,0,1,1,0,0,3,3
886680,neutral->anger,neutral,anger,6,1,0,0,0,0,0,0,0,0,0,0,0,1,1,1
886843,sadness->neutral,sadness,neutral,4,6,0,0,0,0,1,0,0,0,0,1,0,0,2,2
886953,neutral->anger,neutral,anger,6,1,0,0,0,0,0,0,0,0,0,1,1,1,3,3
888056,neutral->disgust,neutral,disgust,6,2,1,0,0,0,0,0,0,0,0,0,0,0,1,1
888655,anger->neutral,anger,neutral,1,6,0,0,0,0,0,0,0,0,0,1,0,1,2,2
888752,neutral->anger,neutral,anger,6,1,0,0,0,0,0,0,0,0,0,1,0,1,2,2
888960,anger->neutral,anger,neutral,1,6,0,0,0,0,0,0,0,0,0,1,0,1,2,2
889005,neutral->sadness,neutral,sadness,6,4,0,0,0,0,1,0,0,0,0,1,0,0,2,2
889826,sadness->neutral,sadness,neutral,4,6,0,0,0,0,1,0,0,0,1,1,0,0,3,3
889916,anger->neutral,anger,neutral,1,6,0,0,0,0,0,0,0,0,0,0,0,1,1,1
890001,neutral->anger,neutral,anger,6,1,0,0,0,0,0,0,0,0,0,0,0,1,1,1
891340,anger->neutral,anger,neutral,1,6,0,0,0,0,0,0,0,0,0,0,0,1,1,1
891469,neutral->anger,neutral,anger,6,1,0,0,0,0,0,0,0,0,0,0,0,1,1,1
892269,neutral->sadness,neutral,sadness,6,4,0,0,0,0,1,0,0,0,1,1,0,0,3,3
892339,anger->neutral,anger,neutral,1,6,0,0,0,0,0,0,0,0,0,0,0,1,1,1
892916,sadness->neutral,sadness,neutral,4,6,0,0,0,0,1,0,0,0,1,1,0,0,3,3
893500,neutral->happiness,neutral,happiness,6,3,0,0,0,0,0,0,0,0,0,0,0,1,1,1
893637,sadness->neutral,sadness,neutral,4,6,0,0,0,0,1,0,0,0,1,0,0,0,2,2
893782,neutral->anger,neutral,anger,6,1,0,0,0,0,0,0,0,0,1,0,0,1,2,2
894954,anger->neutral,anger,neutral,1,6,0,0,0,0,0,0,0,0,1,0,0,0,1,1
894959,happiness->neutral,happiness,neutral,3,6,0,0,0,0,0,0,0,0,0,0,0,1,1,1
895146,neutral->anger,neutral,anger,6,1,0,0,0,0,0,0,0,0,0,1,0,0,1,1
895690,neutral->anger,neutral,anger,6,1,0,0,0,0,0,0,1,0,0,0,0,0,1,1
896248,anger->neutral,anger,neutral,1,6,0,0,0,0,0,0,1,0,0,0,0,0,1,1
896778,anger->neutral,anger,neutral,1,6,0,0,0,0,0,0,1,0,0,1,0,1,3,3
896848,neutral->happiness,neutral,happiness,6,3,0,0,0,0,0,0,0,0,1,0,0,1,2,2
896882,neutral->happiness,neutral,happiness,6,3,0,0,0,0,0,0,0,0,1,0,0,1,2,2
897178,happiness->neutral,happiness,neutral,3,6,0,0,0,0,0,0,0,0,0,0,0,1,1,1
897206,neutral->anger,neutral,anger,6,1,0,0,0,0,0,0,0,0,0,1,0,0,1,1
897356,neutral->anger,neutral,anger,6,1,0,0,0,0,0,0,1,0,0,1,0,0,2,2
897694,anger->neutral,anger,neutral,1,6,0,0,0,0,0,0,1,0,0,0,0,0,1,1
897956,anger->neutral,anger,neutral,1,6,0,0,0,0,0,0,0,0,0,1,0,0,1,1
898532,neutral->anger,neutral,anger,6,1,0,0,0,0,0,0,1,0,0,1,0,0,2,2
898673,anger->neutral,anger,neutral,1,6,0,0,0,0,0,0,1,0,0,1,0,0,2,2
899124,neutral->anger,neutral,anger,6,1,0,0,0,0,0,0,0,0,0,1,0,0,1,1
899352,neutral->sadness,neutral,sadness,6,4,0,0,0,0,1,0,1,0,0,0,0,0,2,2
899431,anger->neutral,anger,neutral,1,6,0,0,0,0,0,0,1,0,0,1,0,0,2,2
899939,neutral->anger,neutral,anger,6,1,0,0,0,0,0,0,0,0,0,1,0,0,1,1
900716,anger->neutral,anger,neutral,1,6,0,0,0,0,0,0,0,0,0,1,0,0,1,1
903270,neutral->anger,neutral,anger,6,1,0,0,0,0,0,0,0,0,0,1,0,1,2,2
903381,neutral->anger,neutral,anger,6,1,0,0,0,0,0,0,0,0,0,1,0,1,2,2
903424,neutral->sadness,neutral,sadness,6,4,0,0,0,0,1,0,0,0,1,0,0,0,2,2
903554,sadness->neutral,sadness,neutral,4,6,0,0,0,0,1,0,0,0,1,0,0,0,2,2
904276,anger->neutral,anger,neutral,1,6,0,0,0,0,0,0,0,1,0,0,0,1,2,2
904408,neutral->anger,neutral,anger,6,1,0,0,0,0,0,0,0,1,0,0,0,1,2,2
904552,anger->neutral,anger,neutral,1,6,0,0,0,0,0,0,0,0,0,0,0,1,1,1
904592,neutral->sadness,neutral,sadness,6,4,0,0,0,0,1,0,0,0,1,0,0,1,3,3
904693,disgust->neutral,disgust,neutral,2,6,1,0,0,0,0,0,0,0,0,0,0,0,1,1
904740,sadness->neutral,sadness,neutral,4,6,0,0,0,0,1,0,0,0,1,0,0,1,3,3
905051,neutral->anger,neutral,anger,6,1,0,0,0,0,0,0,0,0,1,1,0,1,3,3
906521,anger->neutral,anger,neutral,1,6,0,0,0,0,0,0,0,0,0,1,1,1,3,3
906558,neutral->happiness,neutral,happiness,6,3,1,0,0,0,0,0,0,0,0,0,1,0,2,2
906599,happiness->neutral,happiness,neutral,3,6,1,0,0,0,0,0,0,0,0,0,1,0,2,2
906826,neutral->disgust,neutral,disgust,6,2,0,0,0,0,0,0,0,0,1,0,0,0,1,1
907331,neutral->anger,neutral,anger,6,1,0,0,0,0,0,0,0,0,1,1,1,1,4,3
907385,happiness->neutral,happiness,neutral,3,6,0,0,0,0,0,0,0,0,0,0,1,0,1,1
907409,anger->neutral,anger,neutral,1,6,0,0,0,0,0,0,0,0,1,1,0,1,3,3
907476,neutral->happiness,neutral,happiness,6,3,0,0,0,0,0,0,0,0,0,0,1,0,1,1
907507,happiness->neutral,happiness,neutral,3,6,0,0,0,0,0,0,0,0,0,0,1,0,1,1
907555,neutral->happiness,neutral,happiness,6,3,0,0,0,0,0,0,0,0,0,0,1,0,1,1
907776,neutral->anger,neutral,anger,6,1,0,0,0,0,0,0,0,0,1,1,0,1,3,3
908639,happiness->neutral,happiness,neutral,3,6,0,0,0,0,0,0,0,0,0,0,1,0,1,1
908682,neutral->happiness,neutral,happiness,6,3,0,0,0,0,0,0,0,0,0,0,1,0,1,1
908899,anger->neutral,anger,neutral,1,6,0,0,0,0,0,0,0,0,1,0,1,1,3,3
908975,neutral->happiness,neutral,happiness,6,3,0,0,0,0,0,0,0,0,0,0,1,0,1,1
909120,happiness->neutral,happiness,neutral,3,6,0,0,0,0,0,0,0,0,0,0,1,0,1,1
909170,neutral->anger,neutral,anger,6,1,0,0,0,0,0,0,0,0,1,0,1,1,3,3
909440,anger->neutral,anger,neutral,1,6,0,0,0,0,0,0,0,0,1,0,1,1,3,3
909472,neutral->anger,neutral,anger,6,1,0,0,0,0,0,0,0,0,1,0,1,1,3,3
909482,anger->neutral,anger,neutral,1,6,0,0,0,0,0,0,0,0,1,0,1,1,3,3
909624,neutral->sadness,neutral,sadness,6,4,1,0,0,0,1,0,0,0,0,0,0,1,3,3
909747,disgust->neutral,disgust,neutral,2,6,0,0,0,0,0,0,0,0,1,0,0,0,1,1
909874,neutral->happiness,neutral,happiness,6,3,0,0,0,0,0,0,0,0,0,0,1,0,1,1
909949,happiness->neutral,happiness,neutral,3,6,0,0,0,0,0,0,0,0,0,0,1,0,1,1
910212,anger->neutral,anger,neutral,1,6,0,0,0,0,0,0,0,0,0,0,0,1,1,1
910391,anger->neutral,anger,neutral,1,6,0,0,0,0,0,0,0,0,0,1,0,1,2,2
911760,neutral->anger,neutral,anger,6,1,0,0,0,0,0,0,0,0,0,1,0,0,1,1
912134,anger->neutral,anger,neutral,1,6,0,0,0,0,0,0,0,0,0,1,0,0,1,1
912775,neutral->anger,neutral,anger,6,1,0,0,0,0,0,0,0,0,0,1,0,0,1,1
913203,anger->neutral,anger,neutral,1,6,0,0,0,0,0,0,0,0,0,1,0,1,2,2
913509,neutral->anger,neutral,anger,6,1,0,0,0,0,0,0,0,0,0,1,0,1,2,2
913635,neutral->happiness,neutral,happiness,6,3,0,0,0,0,0,0,0,1,0,0,0,0,1,1
913695,neutral->sadness,neutral,sadness,6,4,0,0,0,0,1,0,0,0,1,0,0,0,2,2
913967,happiness->neutral,happiness,neutral,3,6,0,0,0,0,0,0,0,1,0,0,0,0,1,1
914301,neutral->anger,neutral,anger,6,1,0,0,0,0,0,0,0,0,0,0,0,1,1,1
914317,sadness->neutral,sadness,neutral,4,6,0,0,0,0,1,0,0,0,1,0,0,0,2,2
914422,anger->neutral,anger,neutral,1,6,0,0,0,0,0,0,0,0,0,1,0,1,2,2
914463,anger->neutral,anger,neutral,1,6,0,0,0,0,0,0,0,0,0,1,0,1,2,2
914887,neutral->anger,neutral,anger,6,1,0,0,0,0,0,0,0,0,0,1,0,0,1,1
915871,neutral->happiness,neutral,happiness,6,3,0,0,0,1,0,0,0,0,0,0,0,0,1,1
916078,happiness->neutral,happiness,neutral,3,6,0,0,0,1,0,0,0,0,0,0,0,0,1,1
916689,anger->neutral,anger,neutral,1,6,0,0,0,0,0,0,0,0,0,1,0,0,1,1
916948,neutral->anger,neutral,anger,6,1,0,0,0,0,0,0,0,0,0,1,0,1,2,2
917130,neutral->anger,neutral,anger,6,1,0,0,0,0,0,0,0,0,0,1,0,1,2,2
917210,anger->neutral,anger,neutral,1,6,0,0,0,0,0,0,0,0,0,1,0,1,2,2
917519,sadness->neutral,sadness,neutral,4,6,0,0,0,1,1,0,0,0,0,0,0,0,2,2
918129,sadness->neutral,sadness,neutral,4,6,0,0,0,0,1,0,1,0,0,0,0,0,2,2
921316,neutral->happiness,neutral,happiness,6,3,0,0,0,1,0,0,0,0,0,0,0,0,1,1
921632,happiness->neutral,happiness,neutral,3,6,0,0,0,1,0,0,0,0,0,0,0,0,1,1
923447,neutral->anger,neutral,anger,6,1,0,0,0,0,0,0,0,0,0,0,0,1,1,1
923746,anger->neutral,anger,neutral,1,6,0,0,0,0,0,0,0,0,0,0,0,1,1,1
924674,neutral->anger,neutral,anger,6,1,0,0,0,0,0,0,0,0,0,0,0,1,1,1
924797,neutral->disgust,neutral,disgust,6,2,0,0,0,1,0,0,0,0,0,0,0,1,2,2
925977,anger->neutral,anger,neutral,1,6,0,0,0,0,0,0,0,0,0,0,1,0,1,1
926467,anger->neutral,anger,neutral,1,6,0,0,0,0,0,0,0,0,1,0,0,1,2,2
927369,disgust->neutral,disgust,neutral,2,6,0,0,0,1,0,0,0,0,0,0,0,0,1,1
928142,neutral->happiness,neutral,happiness,6,3,0,0,0,0,0,0,0,0,0,0,1,0,1,1
928195,happiness->neutral,happiness,neutral,3,6,0,0,0,0,0,0,0,0,0,0,1,0,1,1
928218,neutral->happiness,neutral,happiness,6,3,0,0,0,0,0,0,0,0,0,0,1,0,1,1
928265,happiness->neutral,happiness,neutral,3,6,0,0,0,0,0,0,0,0,0,0,1,0,1,1
928632,neutral->happiness,neutral,happiness,6,3,0,0,0,0,0,0,0,0,0,0,1,0,1,1
928685,happiness->neutral,happiness,neutral,3,6,0,0,0,0,0,0,0,0,0,0,1,0,1,1
928712,neutral->happiness,neutral,happiness,6,3,0,0,0,0,0,0,0,0,0,0,1,0,1,1
928790,happiness->neutral,happiness,neutral,3,6,0,0,0,0,0,0,0,0,0,0,1,0,1,1
935022,neutral->anger,neutral,anger,6,1,0,0,0,0,0,0,0,0,0,0,1,0,1,1
935034,anger->neutral,anger,neutral,1,6,0,0,0,0,0,0,0,0,0,0,1,0,1,1
935060,neutral->anger,neutral,anger,6,1,0,0,0,0,0,0,0,0,0,0,1,0,1,1
935487,anger->neutral,anger,neutral,1,6,0,0,0,0,0,0,0,0,0,0,1,0,1,1
935646,neutral->sadness,neutral,sadness,6,4,0,0,0,0,1,0,0,0,0,0,0,1,2,2
935717,neutral->happiness,neutral,happiness,6,3,0,0,0,0,0,0,0,0,0,0,1,0,1,1
935821,happiness->neutral,happiness,neutral,3,6,0,0,0,0,0,0,0,0,0,0,1,0,1,1
936264,anger->neutral,anger,neutral,1,6,0,0,0,0,0,0,0,0,0,0,0,1,1,1
936684,neutral->surprise,neutral,surprise,6,5,0,0,0,0,0,0,0,1,0,0,0,0,1,1
936704,sadness->neutral,sadness,neutral,4,6,0,0,0,0,1,0,0,0,0,1,0,0,2,2
936740,neutral->surprise,neutral,surprise,6,5,0,0,0,0,0,0,0,0,1,0,1,0,2,2
936825,surprise->neutral,surprise,neutral,5,6,0,0,0,0,0,0,0,1,1,0,1,0,3,3
936850,surprise->neutral,surprise,neutral,5,6,0,0,0,0,0,0,0,1,1,0,1,0,3,3
938396,neutral->happiness,neutral,happiness,6,3,0,0,0,0,0,0,0,0,0,0,1,0,1,1
938513,happiness->neutral,happiness,neutral,3,6,0,0,0,0,0,0,0,0,0,0,1,0,1,1
943992,neutral->sadness,neutral,sadness,6,4,0,0,0,0,1,0,0,1,0,0,0,0,2,2
944029,neutral->anger,neutral,anger,6,1,0,0,0,0,0,0,0,0,0,1,0,0,1,1
944092,neutral->surprise,neutral,surprise,6,5,0,0,0,0,0,0,1,0,0,0,0,0,1,1
950816,neutral->happiness,neutral,happiness,6,3,0,0,0,0,0,0,0,0,0,0,1,0,1,1
951179,anger->neutral,anger,neutral,1,6,1,0,0,0,0,0,0,0,0,1,0,0,2,2
951217,sadness->neutral,sadness,neutral,4,6,1,0,0,0,1,0,0,1,0,0,1,0,4,3
951260,sadness->neutral,sadness,neutral,4,6,1,0,0,0,1,0,0,1,0,0,1,1,5,3
951373,surprise->neutral,surprise,neutral,5,6,1,0,0,0,0,0,1,0,0,0,0,0,2,2
951381,neutral->anger,neutral,anger,6,1,1,0,1,0,0,0,0,0,0,0,0,0,2,2
951398,neutral->anger,neutral,anger,6,1,1,0,1,0,0,0,0,0,0,0,0,0,2,2
951553,anger->neutral,anger,neutral,1,6,1,0,1,0,0,0,0,0,0,0,0,0,2,2
951682,sadness->neutral,sadness,neutral,4,6,0,0,0,0,1,0,0,1,0,0,1,0,3,3
951840,neutral->surprise,neutral,surprise,6,5,0,1,0,1,0,0,0,0,0,0,0,0,2,2
952036,neutral->surprise,neutral,surprise,6,5,1,1,0,1,0,0,1,0,0,0,0,0,4,3
952042,surprise->neutral,surprise,neutral,5,6,1,1,0,1,0,0,1,0,0,0,0,0,4,3
952093,surprise->neutral,surprise,neutral,5,6,1,1,0,0,0,0,1,0,0,0,0,0,3,3
952295,surprise->neutral,surprise,neutral,5,6,1,1,0,1,0,0,0,0,0,0,0,0,3,3
952586,neutral->sadness,neutral,sadness,6,4,1,0,0,0,0,0,0,1,0,0,1,1,4,3
952610,neutral->surprise,neutral,surprise,6,5,1,1,0,1,0,0,0,0,0,0,0,0,3,3
953644,sadness->neutral,sadness,neutral,4,6,1,0,0,0,0,0,0,1,0,0,0,0,2,2
954465,neutral->disgust,neutral,disgust,6,2,0,0,0,0,0,0,0,0,0,0,0,1,1,1
954660,disgust->neutral,disgust,neutral,2,6,0,0,0,0,0,0,0,0,0,0,0,1,1,1
955695,neutral->anger,neutral,anger,6,1,0,0,0,0,0,0,0,0,0,1,0,1,2,2
955767,neutral->surprise,neutral,surprise,6,5,1,0,0,1,0,0,0,0,0,0,0,0,2,2
955891,neutral->anger,neutral,anger,6,1,0,0,1,0,0,0,1,0,1,1,0,0,4,3
955976,neutral->anger,neutral,anger,6,1,0,0,1,0,0,0,0,0,1,1,0,0,3,3
956051,neutral->anger,neutral,anger,6,1,0,0,1,0,0,0,0,0,1,1,0,0,3,3
956055,anger->neutral,anger,neutral,1,6,0,0,1,0,0,0,0,0,1,1,0,0,3,3
956200,surprise->neutral,surprise,neutral,5,6,1,0,0,1,0,0,0,0,0,0,0,0,2,2
956233,anger->neutral,anger,neutral,1,6,0,0,0,0,0,0,1,0,0,0,0,1,2,2
956341,anger->neutral,anger,neutral,1,6,0,0,0,0,0,0,0,0,0,0,0,1,1,1
956483,neutral->anger,neutral,anger,6,1,0,0,0,0,0,0,0,0,0,0,0,1,1,1
956679,anger->neutral,anger,neutral,1,6,0,0,1,0,0,0,1,0,0,0,0,1,3,3
956743,neutral->anger,neutral,anger,6,1,0,0,1,0,0,0,1,0,0,0,0,1,3,3
957740,neutral->anger,neutral,anger,6,1,0,0,0,0,0,0,0,1,0,0,1,1,3,3
957775,neutral->anger,neutral,anger,6,1,0,0,0,0,0,0,0,1,0,0,1,1,3,3
957779,neutral->disgust,neutral,disgust,6,2,0,0,0,0,0,0,0,0,1,0,0,1,2,2
957887,anger->neutral,anger,neutral,1,6,0,0,0,0,0,0,0,1,0,0,1,0,2,2
957972,anger->neutral,anger,neutral,1,6,0,0,0,0,0,0,0,1,0,0,1,0,2,2
958037,neutral->anger,neutral,anger,6,1,0,0,0,0,0,0,0,1,0,0,1,0,2,2
958212,anger->neutral,anger,neutral,1,6,1,0,1,0,0,0,0,1,0,0,0,0,3,3
958251,anger->neutral,anger,neutral,1,6,1,0,1,0,0,0,0,1,0,0,0,0,3,3
958316,neutral->anger,neutral,anger,6,1,1,0,1,0,0,0,0,1,0,0,0,0,3,3
958496,neutral->anger,neutral,anger,6,1,1,0,0,0,0,0,0,1,1,0,1,0,4,3
958501,anger->neutral,anger,neutral,1,6,1,0,0,0,0,0,0,1,1,0,1,0,4,3
958503,anger->neutral,anger,neutral,1,6,1,0,0,0,0,0,0,1,1,0,1,0,4,3
958602,anger->neutral,anger,neutral,1,6,1,0,0,0,0,0,0,1,0,0,1,0,3,3
959025,anger->neutral,anger,neutral,1,6,0,0,0,0,0,0,1,0,0,0,0,1,2,2
959122,neutral->surprise,neutral,surprise,6,5,1,0,0,1,0,0,0,0,0,0,0,0,2,2
959488,anger->neutral,anger,neutral,1,6,0,0,0,0,0,0,1,0,0,0,0,1,2,2
959530,surprise->neutral,surprise,neutral,5,6,1,0,0,1,0,0,0,0,0,0,0,0,2,2
959664,neutral->surprise,neutral,surprise,6,5,1,0,0,1,0,0,0,0,0,0,0,0,2,2
959892,anger->neutral,anger,neutral,1,6,0,0,0,0,0,0,0,0,0,1,0,0,1,1
960247,surprise->neutral,surprise,neutral,5,6,1,0,0,1,0,0,0,0,0,0,0,0,2,2
960387,neutral->sadness,neutral,sadness,6,4,1,0,0,0,0,0,0,0,0,0,0,1,2,2
960464,neutral->anger,neutral,anger,6,1,0,0,0,0,0,0,1,0,0,0,0,1,2,2
960594,neutral->sadness,neutral,sadness,6,4,1,0,0,0,0,0,0,0,0,0,0,0,1,1
960689,sadness->neutral,sadness,neutral,4,6,1,0,0,0,0,0,0,0,0,0,0,1,2,2
960762,anger->neutral,anger,neutral,1,6,1,0,0,0,0,0,1,0,0,1,0,1,4,3
960782,neutral->anger,neutral,anger,6,1,1,0,0,0,0,0,1,0,0,1,0,1,4,3
961135,neutral->anger,neutral,anger,6,1,1,0,0,0,0,0,1,1,0,0,0,1,4,3
961218,neutral->anger,neutral,anger,6,1,1,0,0,0,0,0,0,1,0,0,0,1,3,3
962211,anger->neutral,anger,neutral,1,6,1,0,0,0,0,0,0,1,0,0,0,1,3,3
962397,anger->neutral,anger,neutral,1,6,1,0,0,0,0,0,0,1,0,0,0,1,3,3
962900,anger->neutral,anger,neutral,1,6,1,0,0,0,0,0,1,0,0,0,0,1,3,3
963495,neutral->surprise,neutral,surprise,6,5,1,0,0,1,0,0,0,0,0,0,0,0,2,2
963702,anger->neutral,anger,neutral,1,6,0,0,0,0,0,0,0,0,0,1,0,0,1,1
964054,neutral->surprise,neutral,surprise,6,5,1,0,0,1,0,0,0,0,1,0,0,0,3,3
964482,neutral->disgust,neutral,disgust,6,2,0,0,0,0,0,0,0,0,0,0,1,0,1,1
964544,surprise->neutral,surprise,neutral,5,6,0,0,0,1,0,0,0,0,1,0,0,0,2,2
964617,disgust->neutral,disgust,neutral,2,6,0,0,0,0,0,0,0,0,0,0,1,0,1,1
965226,neutral->anger,neutral,anger,6,1,0,0,0,0,0,0,0,0,0,1,0,0,1,1
966846,anger->neutral,anger,neutral,1,6,0,0,0,0,0,0,0,0,0,1,0,0,1,1
967133,neutral->anger,neutral,anger,6,1,0,0,0,0,0,0,0,0,1,1,0,1,3,3
967201,neutral->anger,neutral,anger,6,1,0,0,0,0,0,0,0,0,1,1,0,1,3,3
967218,anger->neutral,anger,neutral,1,6,0,0,0,0,0,0,0,0,1,1,0,1,3,3
968392,anger->neutral,anger,neutral,1,6,0,0,0,0,0,0,0,0,0,0,0,1,1,1
968603,neutral->anger,neutral,anger,6,1,0,0,0,0,0,0,0,0,0,0,0,1,1,1
968883,neutral->disgust,neutral,disgust,6,2,0,0,0,0,0,0,1,0,0,0,0,0,1,1
969249,neutral->surprise,neutral,surprise,6,5,0,0,0,1,0,0,0,0,0,1,0,0,2,2
969665,anger->neutral,anger,neutral,1,6,0,0,0,0,0,0,0,0,0,0,0,1,1,1
970171,neutral->anger,neutral,anger,6,1,0,0,0,0,0,0,1,0,0,0,0,1,2,2
970241,neutral->anger,neutral,anger,6,1,0,0,0,0,0,0,0,0,0,1,0,1,2,2
970511,anger->neutral,anger,neutral,1,6,0,0,0,0,0,0,0,0,0,0,0,1,1,1
970898,neutral->sadness,neutral,sadness,6,4,0,0,0,0,0,0,0,0,0,0,0,1,1,1
971080,neutral->anger,neutral,anger,6,1,0,0,0,0,0,0,1,0,0,1,0,1,3,3
971228,anger->neutral,anger,neutral,1,6,0,0,0,0,0,0,1,0,0,1,0,1,3,3
971307,neutral->anger,neutral,anger,6,1,0,0,0,0,0,0,1,0,0,0,0,1,2,2
971574,sadness->neutral,sadness,neutral,4,6,0,0,0,0,0,0,0,0,0,0,0,1,1,1
971874,neutral->sadness,neutral,sadness,6,4,0,0,0,0,0,0,0,0,0,0,0,1,1,1
972035,anger->neutral,anger,neutral,1,6,0,0,0,0,0,0,1,0,0,1,0,1,3,3
972133,anger->neutral,anger,neutral,1,6,0,0,0,0,0,0,1,0,0,1,0,1,3,3
972937,neutral->anger,neutral,anger,6,1,0,0,0,0,0,0,1,0,0,0,0,0,1,1
972967,disgust->neutral,disgust,neutral,2,6,1,0,0,0,0,0,0,0,0,0,0,0,1,1
973182,anger->neutral,anger,neutral,1,6,0,0,0,0,0,0,0,0,0,0,0,1,1,1
973416,neutral->disgust,neutral,disgust,6,2,1,0,0,0,0,0,0,0,0,0,0,1,2,2
973565,disgust->neutral,disgust,neutral,2,6,1,0,0,0,0,0,0,0,0,0,0,1,2,2
975231,neutral->anger,neutral,anger,6,1,0,0,0,0,0,0,0,0,0,0,0,1,1,1
975263,neutral->disgust,neutral,disgust,6,2,1,0,0,0,0,0,0,0,0,0,0,1,2,2
975665,disgust->neutral,disgust,neutral,2,6,1,0,0,0,0,0,0,0,0,0,0,1,2,2
975694,anger->neutral,anger,neutral,1,6,0,0,0,0,0,0,0,0,0,0,0,1,1,1
976471,neutral->anger,neutral,anger,6,1,1,0,0,0,0,0,0,0,0,0,0,1,2,2
977206,neutral->anger,neutral,anger,6,1,0,0,0,0,0,0,1,0,0,0,0,1,2,2
977273,anger->neutral,anger,neutral,1,6,0,0,0,0,0,0,1,0,0,0,0,1,2,2
977580,neutral->anger,neutral,anger,6,1,0,0,0,0,0,0,1,0,0,0,0,1,2,2
977609,sadness->neutral,sadness,neutral,4,6,0,0,0,0,0,0,0,0,0,0,0,1,1,1
977872,anger->neutral,anger,neutral,1,6,1,0,0,0,0,0,1,0,0,0,0,0,2,2
978239,neutral->anger,neutral,anger,6,1,1,0,0,0,0,0,1,0,0,0,0,1,3,3
978619,sadness->neutral,sadness,neutral,4,6,0,0,0,0,0,0,0,0,0,0,0,1,1,1
978645,neutral->anger,neutral,anger,6,1,1,0,0,0,0,0,1,0,0,0,0,1,3,3
978776,anger->neutral,anger,neutral,1,6,1,0,0,0,0,0,0,0,0,0,0,1,2,2
979426,neutral->sadness,neutral,sadness,6,4,0,0,0,0,0,0,0,0,0,0,0,1,1,1
979574,sadness->neutral,sadness,neutral,4,6,0,0,0,0,0,0,0,0,0,0,0,1,1,1
980281,anger->neutral,anger,neutral,1,6,0,0,0,0,0,0,1,0,0,0,0,1,2,2
980359,neutral->anger,neutral,anger,6,1,0,0,0,0,0,0,1,0,0,0,0,1,2,2
980362,neutral->sadness,neutral,sadness,6,4,0,0,0,0,0,0,0,0,0,0,0,1,1,1
981290,sadness->neutral,sadness,neutral,4,6,0,0,0,0,0,0,0,0,0,0,0,1,1,1
982003,neutral->surprise,neutral,surprise,6,5,1,0,0,1,0,0,0,0,0,0,0,0,2,2
982007,anger->neutral,anger,neutral,1,6,0,0,0,0,0,0,1,0,0,1,0,0,2,2
982070,neutral->anger,neutral,anger,6,1,0,0,0,0,0,0,1,0,0,1,0,0,2,2
982438,anger->neutral,anger,neutral,1,6,0,0,0,0,0,0,0,0,0,1,0,0,1,1
982792,neutral->sadness,neutral,sadness,6,4,0,0,0,0,0,0,0,0,0,0,1,0,1,1
982902,sadness->neutral,sadness,neutral,4,6,0,0,0,0,0,0,0,0,0,0,1,0,1,1
983013,neutral->sadness,neutral,sadness,6,4,0,0,0,0,0,0,0,0,0,0,1,0,1,1
984656,neutral->sadness,neutral,sadness,6,4,0,0,0,0,0,0,0,1,0,0,1,0,2,2
984874,sadness->neutral,sadness,neutral,4,6,0,0,0,0,0,0,0,1,0,0,1,0,2,2
985843,sadness->neutral,sadness,neutral,4,6,0,0,0,0,0,0,0,1,0,0,1,0,2,2
985968,neutral->sadness,neutral,sadness,6,4,0,0,0,0,0,0,0,1,0,0,1,0,2,2
986084,neutral->sadness,neutral,sadness,6,4,0,0,0,0,0,0,0,1,0,0,1,0,2,2
986183,sadness->neutral,sadness,neutral,4,6,0,0,0,0,0,0,0,1,0,0,1,0,2,2
986185,neutral->sadness,neutral,sadness,6,4,0,0,0,0,0,0,0,1,0,0,1,0,2,2
986199,sadness->neutral,sadness,neutral,4,6,0,0,0,0,0,0,0,1,0,0,1,0,2,2
986432,neutral->sadness,neutral,sadness,6,4,0,0,0,0,0,0,0,1,0,0,1,0,2,2
986625,sadness->neutral,sadness,neutral,4,6,0,0,0,0,0,0,0,1,0,0,1,0,2,2
986657,sadness->neutral,sadness,neutral,4,6,0,0,0,0,0,0,0,1,0,0,1,0,2,2
986799,neutral->sadness,neutral,sadness,6,4,0,0,0,0,0,0,0,1,0,0,1,0,2,2
986832,neutral->sadness,neutral,sadness,6,4,0,0,0,0,0,0,0,1,0,0,1,0,2,2
987555,sadness->neutral,sadness,neutral,4,6,0,0,0,0,0,0,0,1,0,0,1,0,2,2
987701,neutral->sadness,neutral,sadness,6,4,0,0,0,0,0,0,0,1,0,0,1,0,2,2
988599,sadness->neutral,sadness,neutral,4,6,0,0,0,0,0,0,0,1,0,0,1,0,2,2
988666,sadness->neutral,sadness,neutral,4,6,0,0,0,0,0,0,0,1,0,0,1,0,2,2
988743,neutral->sadness,neutral,sadness,6,4,0,0,0,0,0,0,0,1,0,0,1,0,2,2
988804,neutral->sadness,neutral,sadness,6,4,0,0,0,0,0,0,0,1,0,0,1,0,2,2
990821,sadness->neutral,sadness,neutral,4,6,0,0,0,0,0,0,0,1,0,0,1,0,2,2
990860,neutral->sadness,neutral,sadness,6,4,0,0,0,0,0,0,0,1,0,0,1,0,2,2
991368,sadness->neutral,sadness,neutral,4,6,0,0,0,0,0,0,0,1,0,0,1,0,2,2
991412,neutral->sadness,neutral,sadness,6,4,0,0,0,0,0,0,0,1,0,0,1,0,2,2
992322,sadness->neutral,sadness,neutral,4,6,0,0,0,0,0,0,0,1,0,0,1,1,3,3
992467,sadness->neutral,sadness,neutral,4,6,0,0,0,0,0,0,0,0,0,0,1,1,2,2
992605,neutral->sadness,neutral,sadness,6,4,0,0,0,0,0,0,0,1,1,0,1,1,4,3
992667,neutral->sadness,neutral,sadness,6,4,0,0,0,0,0,0,0,1,1,0,1,1,4,3
992769,neutral->anger,neutral,anger,6,1,0,0,0,0,0,0,0,0,0,0,0,1,1,1
992798,surprise->neutral,surprise,neutral,5,6,1,0,0,1,0,0,0,0,0,0,0,0,2,2
993537,anger->neutral,anger,neutral,1,6,0,0,0,0,0,0,1,0,0,0,0,1,2,2
993549,sadness->neutral,sadness,neutral,4,6,0,0,0,0,0,0,0,1,1,0,1,0,3,3
993588,sadness->neutral,sadness,neutral,4,6,0,0,0,0,0,0,0,1,1,0,1,0,3,3
993629,neutral->anger,neutral,anger,6,1,0,0,0,0,0,0,1,0,0,0,0,1,2,2
993665,neutral->anger,neutral,anger,6,1,0,0,0,0,0,0,1,0,0,0,0,1,2,2
993900,neutral->sadness,neutral,sadness,6,4,0,0,0,0,0,0,0,1,1,0,1,0,3,3
993934,neutral->anger,neutral,anger,6,1,0,0,0,0,0,0,1,0,0,1,0,1,3,3
993967,neutral->sadness,neutral,sadness,6,4,0,0,0,0,0,0,0,1,1,0,1,0,3,3
994080,neutral->sadness,neutral,sadness,6,4,0,0,0,0,0,0,0,1,1,0,1,0,3,3
994141,anger->neutral,anger,neutral,1,6,0,0,0,0,0,0,1,0,0,1,0,1,3,3
994170,sadness->neutral,sadness,neutral,4,6,0,0,0,0,0,0,0,1,1,0,1,0,3,3
994307,sadness->neutral,sadness,neutral,4,6,0,0,0,0,0,0,0,1,1,0,1,0,3,3
994352,neutral->sadness,neutral,sadness,6,4,0,0,0,0,0,0,0,1,1,0,1,0,3,3
994528,neutral->sadness,neutral,sadness,6,4,0,0,0,0,0,0,0,1,1,0,1,0,3,3
994596,sadness->neutral,sadness,neutral,4,6,0,0,0,0,0,0,0,1,1,0,1,0,3,3
994605,neutral->sadness,neutral,sadness,6,4,0,0,0,0,0,0,0,1,1,0,1,0,3,3
995598,sadness->neutral,sadness,neutral,4,6,0,0,0,0,0,0,0,1,0,0,1,0,2,2
995603,anger->neutral,anger,neutral,1,6,0,0,0,0,0,0,1,0,0,1,0,1,3,3
995720,neutral->sadness,neutral,sadness,6,4,0,0,0,0,0,0,0,1,0,0,1,0,2,2
995803,sadness->neutral,sadness,neutral,4,6,0,0,0,0,0,0,0,1,0,0,1,0,2,2
995848,neutral->sadness,neutral,sadness,6,4,0,0,0,0,0,0,0,1,0,0,1,0,2,2
995936,neutral->anger,neutral,anger,6,1,0,0,0,0,0,0,1,1,0,1,0,1,4,3
996049,sadness->neutral,sadness,neutral,4,6,0,0,0,0,0,0,0,1,0,0,1,0,2,2
996107,neutral->sadness,neutral,sadness,6,4,0,0,0,0,0,0,0,1,0,0,1,0,2,2
996582,sadness->neutral,sadness,neutral,4,6,0,0,0,0,0,0,0,1,0,0,1,0,2,2
996620,anger->neutral,anger,neutral,1,6,0,0,0,0,0,0,1,0,1,1,0,1,4,3
996692,neutral->sadness,neutral,sadness,6,4,0,0,0,0,0,0,0,1,1,0,1,0,3,3
996765,neutral->anger,neutral,anger,6,1,0,0,0,0,0,0,1,0,1,1,0,1,4,3
997010,sadness->neutral,sadness,neutral,4,6,0,0,0,0,0,0,0,1,1,0,1,0,3,3
997045,neutral->sadness,neutral,sadness,6,4,0,0,0,0,0,0,0,1,1,0,1,0,3,3
997247,sadness->neutral,sadness,neutral,4,6,0,0,0,0,0,0,0,1,1,0,1,0,3,3
997297,neutral->sadness,neutral,sadness,6,4,0,0,0,0,0,0,0,1,1,0,1,0,3,3
997321,sadness->neutral,sadness,neutral,4,6,0,0,0,0,0,0,0,1,1,0,1,0,3,3
997350,anger->neutral,anger,neutral,1,6,0,0,0,0,0,0,1,0,1,1,0,1,4,3
997396,neutral->sadness,neutral,sadness,6,4,0,0,0,0,0,0,0,1,1,0,1,0,3,3
997404,sadness->neutral,sadness,neutral,4,6,0,0,0,0,0,0,0,1,1,0,1,0,3,3
997488,neutral->sadness,neutral,sadness,6,4,0,0,0,0,0,0,0,1,1,0,1,0,3,3
997623,sadness->neutral,sadness,neutral,4,6,0,0,0,0,0,0,0,1,1,0,1,0,3,3
997818,neutral->sadness,neutral,sadness,6,4,0,0,0,0,0,0,0,1,1,0,1,0,3,3
998187,sadness->neutral,sadness,neutral,4,6,0,0,0,0,0,0,0,1,1,0,1,0,3,3
998208,neutral->sadness,neutral,sadness,6,4,0,0,0,0,0,0,0,1,1,0,1,0,3,3
998215,sadness->neutral,sadness,neutral,4,6,0,0,0,0,0,0,0,1,1,0,1,0,3,3
998329,neutral->anger,neutral,anger,6,1,0,0,0,0,0,0,1,1,0,1,0,1,4,3
998399,neutral->sadness,neutral,sadness,6,4,0,0,0,0,0,0,0,1,1,0,1,0,3,3
998476,sadness->neutral,sadness,neutral,4,6,0,0,0,0,0,0,0,1,1,0,1,0,3,3
998485,neutral->sadness,neutral,sadness,6,4,0,0,0,0,0,0,0,1,1,0,1,0,3,3
998507,sadness->neutral,sadness,neutral,4,6,0,0,0,0,0,0,0,1,1,0,1,0,3,3
998536,neutral->sadness,neutral,sadness,6,4,0,0,0,0,0,0,0,1,1,0,1,0,3,3
998542,anger->neutral,anger,neutral,1,6,0,0,0,0,0,0,1,1,0,1,0,1,4,3
998807,sadness->neutral,sadness,neutral,4,6,0,0,0,0,0,0,0,1,1,0,1,0,3,3
998919,neutral->sadness,neutral,sadness,6,4,0,0,0,0,0,0,0,1,1,0,1,0,3,3
999699,neutral->anger,neutral,anger,6,1,0,0,0,0,0,0,1,0,0,1,0,1,3,3
1000355,anger->neutral,anger,neutral,1,6,0,0,0,0,0,0,1,1,0,1,0,1,4,3
1001235,neutral->anger,neutral,anger,6,1,0,0,0,0,0,0,1,0,0,1,0,1,3,3
1001559,anger->neutral,anger,neutral,1,6,0,0,0,0,0,0,1,0,0,1,0,0,2,2
1001719,anger->neutral,anger,neutral,1,6,0,0,0,0,0,0,0,0,0,1,0,0,1,1
1002028,sadness->neutral,sadness,neutral,4,6,0,0,0,0,0,0,0,1,1,0,1,0,3,3
1002078,neutral->sadness,neutral,sadness,6,4,0,0,0,0,0,0,0,1,1,0,1,0,3,3
1002154,surprise->neutral,surprise,neutral,5,6,1,0,0,0,0,0,0,0,0,0,0,0,1,1
1003010,sadness->neutral,sadness,neutral,4,6,0,0,0,0,0,0,0,1,1,0,1,0,3,3
1003159,sadness->neutral,sadness,neutral,4,6,0,0,0,0,0,0,0,1,1,0,1,0,3,3
1003248,neutral->sadness,neutral,sadness,6,4,0,0,0,0,0,0,0,1,1,0,1,0,3,3
1003491,neutral->sadness,neutral,sadness,6,4,0,0,0,0,0,0,0,1,1,0,1,0,3,3
1003753,sadness->neutral,sadness,neutral,4,6,0,0,0,0,0,0,0,1,1,0,1,0,3,3
1003761,sadness->neutral,sadness,neutral,4,6,0,0,0,0,0,0,0,1,1,0,1,0,3,3
1003834,neutral->anger,neutral,anger,6,1,0,0,0,0,0,0,0,0,0,1,0,1,2,2
1003884,neutral->sadness,neutral,sadness,6,4,0,0,0,0,0,0,0,1,1,0,1,0,3,3
1003925,neutral->sadness,neutral,sadness,6,4,0,0,0,0,0,0,0,1,1,0,1,0,3,3
1003964,sadness->neutral,sadness,neutral,4,6,0,0,0,0,0,0,0,1,1,0,1,0,3,3
1003995,neutral->sadness,neutral,sadness,6,4,0,0,0,0,0,0,0,1,1,0,1,0,3,3
1004041,sadness->neutral,sadness,neutral,4,6,0,0,0,0,0,0,0,1,1,0,1,0,3,3
1004141,sadness->neutral,sadness,neutral,4,6,0,0,0,0,0,0,0,1,1,0,1,0,3,3
1004219,neutral->sadness,neutral,sadness,6,4,0,0,0,0,0,0,0,1,1,0,1,0,3,3
1004272,sadness->neutral,sadness,neutral,4,6,0,0,0,0,0,0,0,1,1,0,1,0,3,3
1004334,neutral->sadness,neutral,sadness,6,4,0,0,0,0,0,0,0,1,1,0,1,0,3,3
1004490,anger->neutral,anger,neutral,1,6,0,0,0,0,0,0,0,1,0,1,0,1,3,3
1004568,sadness->neutral,sadness,neutral,4,6,0,0,0,0,0,0,0,1,1,0,1,0,3,3
1004648,neutral->sadness,neutral,sadness,6,4,0,0,0,0,0,0,0,1,1,0,1,0,3,3
1004744,neutral->sadness,neutral,sadness,6,4,0,0,0,0,0,0,0,1,1,0,1,0,3,3
1004751,neutral->anger,neutral,anger,6,1,0,0,0,0,0,0,0,0,0,1,0,0,1,1
1005051,sadness->neutral,sadness,neutral,4,6,0,0,0,0,0,0,0,1,1,0,1,0,3,3
1005102,neutral->sadness,neutral,sadness,6,4,0,0,0,0,0,0,0,1,1,0,1,0,3,3
1005238,anger->neutral,anger,neutral,1,6,0,0,0,0,0,0,0,0,0,1,0,1,2,2
1006149,sadness->neutral,sadness,neutral,4,6,0,0,0,0,0,0,0,1,1,0,1,0,3,3
1006199,sadness->neutral,sadness,neutral,4,6,0,0,0,0,0,0,0,1,1,0,1,0,3,3
1006252,sadness->neutral,sadness,neutral,4,6,0,0,0,0,0,0,0,1,1,0,1,0,3,3
1006341,neutral->anger,neutral,anger,6,1,0,0,0,0,0,0,0,0,0,1,0,1,2,2
1006432,anger->neutral,anger,neutral,1,6,0,0,0,0,0,0,0,0,0,1,0,1,2,2
1006501,neutral->anger,neutral,anger,6,1,0,0,0,0,0,0,0,0,0,1,0,1,2,2
1006999,anger->neutral,anger,neutral,1,6,0,0,0,0,0,0,0,0,0,1,0,0,1,1
1008369,neutral->surprise,neutral,surprise,6,5,0,0,0,0,0,0,0,0,1,1,0,0,2,2
1008691,surprise->neutral,surprise,neutral,5,6,0,0,0,0,0,0,0,0,1,1,0,0,2,2
1008882,neutral->surprise,neutral,surprise,6,5,0,0,0,0,0,0,0,0,1,1,0,0,2,2
1009247,surprise->neutral,surprise,neutral,5,6,0,0,0,0,0,0,0,0,1,1,0,0,2,2
1009539,sadness->neutral,sadness,neutral,4,6,0,0,0,0,0,0,0,0,0,0,1,0,1,1
1009610,neutral->anger,neutral,anger,6,1,0,0,0,0,0,0,0,0,0,1,0,0,1,1
1009741,anger->neutral,anger,neutral,1,6,0,0,0,0,0,0,0,0,0,1,0,0,1,1
1010788,neutral->sadness,neutral,sadness,6,4,0,0,0,0,0,0,1,0,1,0,0,0,2,2
1010918,neutral->disgust,neutral,disgust,6,2,0,0,0,0,0,0,0,0,1,0,0,0,1,1
1011212,neutral->anger,neutral,anger,6,1,0,0,0,0,0,0,0,0,1,1,0,0,2,2
1011697,disgust->neutral,disgust,neutral,2,6,0,0,0,0,0,0,0,0,1,0,0,0,1,1
1011851,neutral->disgust,neutral,disgust,6,2,0,0,0,0,0,0,0,0,1,0,0,0,1,1
1012404,sadness->neutral,sadness,neutral,4,6,0,0,0,0,0,0,1,0,1,0,0,0,2,2
1012645,sadness->neutral,sadness,neutral,4,6,0,0,0,0,0,0,0,0,1,0,0,0,1,1
1012682,neutral->sadness,neutral,sadness,6,4,0,0,0,0,0,0,0,0,1,0,0,0,1,1
1012849,sadness->neutral,sadness,neutral,4,6,0,0,0,0,0,0,0,0,1,0,0,0,1,1
1013035,neutral->sadness,neutral,sadness,6,4,0,0,0,0,0,0,0,0,1,0,0,0,1,1
1013100,sadness->neutral,sadness,neutral,4,6,0,0,0,0,0,0,0,0,1,0,0,0,1,1
1013134,anger->neutral,anger,neutral,1,6,0,0,0,0,0,0,0,0,0,1,0,1,2,2
1013697,neutral->sadness,neutral,sadness,6,4,0,0,0,0,0,0,0,1,0,0,1,0,2,2
1013830,sadness->neutral,sadness,neutral,4,6,0,0,0,0,0,0,0,1,0,0,1,0,2,2
1014169,neutral->sadness,neutral,sadness,6,4,0,0,0,0,0,0,0,1,0,0,1,0,2,2
1014697,sadness->neutral,sadness,neutral,4,6,0,0,0,0,0,0,0,0,1,0,1,0,2,2
1014940,neutral->anger,neutral,anger,6,1,0,0,0,0,0,0,0,0,1,0,0,0,1,1
1015065,anger->neutral,anger,neutral,1,6,0,0,0,0,0,0,0,0,1,0,0,1,2,2
1015087,neutral->anger,neutral,anger,6,1,0,0,0,0,0,0,0,0,1,0,0,1,2,2
1015121,neutral->anger,neutral,anger,6,1,0,0,0,0,0,0,0,0,1,1,0,1,3,3
1015282,sadness->neutral,sadness,neutral,4,6,0,0,0,0,0,0,0,0,0,0,1,1,2,2
1015429,neutral->sadness,neutral,sadness,6,4,0,0,0,0,0,0,0,1,0,0,1,1,3,3
1015929,anger->neutral,anger,neutral,1,6,0,0,0,0,0,0,0,0,0,1,0,0,1,1
1016169,neutral->anger,neutral,anger,6,1,0,0,0,0,0,0,0,0,0,1,0,1,2,2
1018322,neutral->sadness,neutral,sadness,6,4,0,0,0,0,0,0,0,0,1,0,1,0,2,2
1018554,sadness->neutral,sadness,neutral,4,6,0,0,0,0,0,0,0,0,1,0,1,0,2,2
1018762,sadness->neutral,sadness,neutral,4,6,0,0,0,0,0,0,0,0,1,0,1,0,2,2
1018903,anger->neutral,anger,neutral,1,6,0,0,0,0,0,0,0,0,0,0,0,1,1,1
1018926,neutral->sadness,neutral,sadness,6,4,0,0,0,0,0,0,0,0,1,0,1,0,2,2
1019182,neutral->anger,neutral,anger,6,1,0,0,0,0,0,0,0,0,0,0,0,1,1,1
1019503,sadness->neutral,sadness,neutral,4,6,0,0,0,0,0,0,0,0,1,0,1,0,2,2
1019630,anger->neutral,anger,neutral,1,6,0,0,0,0,0,0,0,0,0,0,0,1,1,1
1019893,neutral->anger,neutral,anger,6,1,0,0,0,0,0,0,0,0,0,0,0,1,1,1
1020736,neutral->sadness,neutral,sadness,6,4,0,0,0,0,0,0,0,0,1,0,1,1,3,3
1020739,anger->neutral,anger,neutral,1,6,0,0,0,0,0,0,1,0,0,1,0,1,3,3
1020931,sadness->neutral,sadness,neutral,4,6,0,0,0,0,0,0,0,0,1,0,0,0,1,1
1021873,neutral->anger,neutral,anger,6,1,0,0,0,0,0,0,1,0,0,1,0,1,3,3
1021990,anger->neutral,anger,neutral,1,6,0,0,0,0,0,0,1,0,0,1,0,1,3,3
1022365,neutral->sadness,neutral,sadness,6,4,0,0,0,0,0,0,0,0,0,0,0,1,1,1
1022657,neutral->anger,neutral,anger,6,1,0,0,0,0,0,0,1,1,0,0,1,1,4,3
1022690,neutral->anger,neutral,anger,6,1,0,0,0,0,0,0,1,1,0,0,1,1,4,3
1022697,anger->neutral,anger,neutral,1,6,0,0,0,0,0,0,1,1,0,0,1,1,4,3
1022765,anger->neutral,anger,neutral,1,6,0,0,0,0,0,0,1,0,0,0,1,1,3,3
1022940,neutral->sadness,neutral,sadness,6,4,1,0,0,0,0,0,0,0,0,0,0,0,1,1
1023888,sadness->neutral,sadness,neutral,4,6,1,0,0,0,0,0,0,0,0,0,0,1,2,2
1024062,neutral->sadness,neutral,sadness,6,4,0,0,0,0,0,0,0,0,1,0,0,1,2,2
1024615,neutral->sadness,neutral,sadness,6,4,0,0,1,0,0,0,0,0,1,0,0,0,2,2
1024651,sadness->neutral,sadness,neutral,4,6,0,0,1,0,0,0,0,0,1,0,0,0,2,2
1024679,neutral->anger,neutral,anger,6,1,0,0,0,0,0,0,1,1,0,0,0,1,3,3
1024710,anger->neutral,anger,neutral,1,6,0,0,0,0,0,0,1,1,0,0,0,1,3,3
1024761,neutral->anger,neutral,anger,6,1,0,0,0,0,0,0,1,1,0,0,0,1,3,3
1025408,neutral->sadness,neutral,sadness,6,4,0,0,1,0,0,0,0,0,1,0,0,1,3,3
1025461,anger->neutral,anger,neutral,1,6,0,0,0,0,0,0,1,0,1,1,0,1,4,3
1025573,sadness->neutral,sadness,neutral,4,6,0,0,1,0,0,0,0,0,0,0,0,0,1,1
1025631,anger->neutral,anger,neutral,1,6,0,0,0,0,0,0,1,1,0,0,0,0,2,2
1025876,neutral->anger,neutral,anger,6,1,0,0,0,0,0,0,1,1,0,0,0,1,3,3
1026025,anger->neutral,anger,neutral,1,6,0,0,1,0,0,0,1,0,0,0,0,1,3,3
1026096,sadness->neutral,sadness,neutral,4,6,0,0,0,0,0,0,0,0,1,0,0,0,1,1
1026535,neutral->surprise,neutral,surprise,6,5,1,0,0,0,0,0,0,0,0,0,0,0,1,1
1026746,anger->neutral,anger,neutral,1,6,0,0,1,0,0,0,1,0,0,1,0,0,3,3
1027567,sadness->neutral,sadness,neutral,4,6,0,0,0,0,0,0,0,1,0,0,1,0,2,2
1028534,neutral->anger,neutral,anger,6,1,0,0,1,0,0,0,1,0,0,1,0,0,3,3
1028823,neutral->anger,neutral,anger,6,1,0,0,1,0,0,0,1,0,0,1,0,0,3,3
1029308,anger->neutral,anger,neutral,1,6,0,0,1,0,0,0,1,0,0,1,0,1,4,3
1029350,anger->neutral,anger,neutral,1,6,0,0,1,0,0,0,1,0,0,1,0,1,4,3
1030123,neutral->sadness,neutral,sadness,6,4,0,0,0,0,0,0,0,1,0,0,0,0,1,1
1030494,neutral->anger,neutral,anger,6,1,0,0,0,0,0,0,0,0,0,1,0,0,1,1
1030760,anger->neutral,anger,neutral,1,6,0,0,0,0,0,0,0,0,0,1,0,0,1,1
1031186,sadness->neutral,sadness,neutral,4,6,0,0,0,0,0,0,0,1,0,0,0,0,1,1
1031814,neutral->anger,neutral,anger,6,1,0,0,0,0,0,0,0,0,0,1,0,0,1,1
1032228,anger->neutral,anger,neutral,1,6,0,0,0,0,0,0,0,0,0,1,0,0,1,1
1032410,neutral->anger,neutral,anger,6,1,0,0,0,0,0,0,0,0,0,1,0,0,1,1
1033025,neutral->anger,neutral,anger,6,1,0,0,0,0,0,0,0,0,1,0,0,0,1,1
1033099,anger->neutral,anger,neutral,1,6,0,0,0,0,0,0,0,0,1,0,0,0,1,1
1033421,anger->neutral,anger,neutral,1,6,0,0,0,0,0,0,0,0,0,1,0,0,1,1
1033704,neutral->surprise,neutral,surprise,6,5,0,0,0,0,0,0,0,0,0,1,0,0,1,1
1034248,neutral->anger,neutral,anger,6,1,0,0,0,0,0,0,1,0,0,0,0,0,1,1
1034349,anger->neutral,anger,neutral,1,6,0,0,0,0,0,0,1,0,1,1,0,1,4,3
1034496,neutral->anger,neutral,anger,6,1,0,0,0,0,0,0,1,0,0,0,0,1,2,2
1034538,neutral->anger,neutral,anger,6,1,0,0,0,0,0,0,1,0,0,1,0,1,3,3
1034697,anger->neutral,anger,neutral,1,6,0,0,0,0,0,0,1,0,0,1,0,1,3,3
1034761,anger->neutral,anger,neutral,1,6,0,0,0,0,0,0,1,0,0,1,0,1,3,3
1034825,anger->neutral,anger,neutral,1,6,0,0,0,0,0,0,1,0,0,0,0,1,2,2
1035361,neutral->anger,neutral,anger,6,1,0,0,0,0,0,0,1,0,0,1,0,0,2,2
1035378,neutral->anger,neutral,anger,6,1,0,0,0,0,0,0,1,0,0,1,0,0,2,2
1035689,anger->neutral,anger,neutral,1,6,0,0,0,0,0,0,1,0,0,1,0,0,2,2
1036068,neutral->anger,neutral,anger,6,1,0,0,0,0,0,0,1,0,0,1,0,0,2,2
1036249,neutral->anger,neutral,anger,6,1,0,0,0,0,0,0,1,0,0,1,1,1,4,3
1036905,neutral->anger,neutral,anger,6,1,0,0,0,0,0,0,1,0,0,1,1,1,4,3
1036937,anger->neutral,anger,neutral,1,6,0,0,0,0,0,0,1,0,0,1,1,1,4,3
1036970,anger->neutral,anger,neutral,1,6,0,0,0,0,0,0,1,0,0,1,1,1,4,3
1037359,neutral->anger,neutral,anger,6,1,0,0,0,0,0,0,1,0,0,1,0,1,3,3
1037693,neutral->anger,neutral,anger,6,1,0,0,0,0,0,0,1,0,0,1,1,1,4,3
1038216,anger->neutral,anger,neutral,1,6,0,0,0,0,0,0,1,0,0,1,1,1,4,3
1039189,anger->neutral,anger,neutral,1,6,0,0,0,0,0,0,1,0,0,1,0,1,3,3
1039559,anger->neutral,anger,neutral,1,6,0,0,0,0,0,0,0,0,0,1,0,1,2,2
1041804,neutral->happiness,neutral,happiness,6,3,0,0,0,0,0,0,0,0,0,0,1,0,1,1
1042197,anger->neutral,anger,neutral,1,6,0,0,0,0,0,0,0,0,0,0,0,1,1,1
1042237,happiness->neutral,happiness,neutral,3,6,0,0,0,0,0,0,0,0,0,0,1,0,1,1
1042415,neutral->anger,neutral,anger,6,1,0,0,0,0,0,0,0,0,0,0,1,0,1,1
1042507,anger->neutral,anger,neutral,1,6,0,0,0,0,0,0,0,0,0,0,1,0,1,1
1042733,neutral->sadness,neutral,sadness,6,4,0,0,0,0,0,0,0,1,0,1,0,1,3,3
1042937,sadness->neutral,sadness,neutral,4,6,0,0,0,0,0,0,0,1,0,1,1,1,4,3
1048750,neutral->anger,neutral,anger,6,1,0,0,0,0,0,0,0,0,1,0,0,0,1,1
1048841,neutral->sadness,neutral,sadness,6,4,0,0,0,0,0,0,0,1,0,0,0,1,2,2
1049324,sadness->neutral,sadness,neutral,4,6,0,0,0,0,0,0,0,1,0,0,0,1,2,2
1049802,neutral->sadness,neutral,sadness,6,4,0,0,0,0,0,0,0,1,0,0,0,1,2,2
1049892,sadness->neutral,sadness,neutral,4,6,0,0,0,0,0,0,0,1,0,0,0,1,2,2
1050330,neutral->sadness,neutral,sadness,6,4,0,0,0,0,0,0,0,1,0,0,0,1,2,2
1050518,sadness->neutral,sadness,neutral,4,6,0,0,0,0,0,0,0,1,0,0,0,1,2,2
1051007,neutral->sadness,neutral,sadness,6,4,0,0,0,0,0,0,0,1,0,0,0,1,2,2
1055699,neutral->sadness,neutral,sadness,6,4,0,0,0,0,0,0,1,0,0,0,0,1,2,2
1055924,neutral->anger,neutral,anger,6,1,0,0,0,0,0,0,0,0,0,1,0,0,1,1
1061581,sadness->neutral,sadness,neutral,4,6,0,0,0,0,0,0,0,0,0,0,0,1,1,1
1061774,anger->neutral,anger,neutral,1,6,0,0,0,0,0,0,0,0,1,0,0,0,1,1
1062474,neutral->sadness,neutral,sadness,6,4,0,0,0,0,0,0,0,0,0,0,0,1,1,1
1062835,neutral->anger,neutral,anger,6,1,0,0,0,0,0,0,0,0,1,0,1,1,3,3
1062878,neutral->anger,neutral,anger,6,1,0,0,0,0,0,0,0,0,1,0,0,1,2,2
1062928,anger->neutral,anger,neutral,1,6,0,0,0,0,0,0,0,0,1,0,0,1,2,2
1063084,anger->neutral,anger,neutral,1,6,0,0,0,0,0,0,0,0,1,1,1,1,4,3
1063122,anger->neutral,anger,neutral,1,6,0,0,0,0,0,0,0,0,1,1,0,1,3,3
1063169,anger->neutral,anger,neutral,1,6,0,0,0,0,0,0,0,0,1,1,0,1,3,3
1063252,sadness->neutral,sadness,neutral,4,6,0,0,0,0,0,0,1,0,0,0,0,0,1,1
1064025,neutral->happiness,neutral,happiness,6,3,0,0,0,0,0,0,0,1,0,0,0,0,1,1
1064448,neutral->happiness,neutral,happiness,6,3,0,0,0,0,0,0,0,0,0,0,1,0,1,1
1064719,neutral->anger,neutral,anger,6,1,0,0,0,0,0,0,0,0,1,1,0,0,2,2
1064982,happiness->neutral,happiness,neutral,3,6,0,0,0,0,0,0,0,0,0,0,1,0,1,1
1065481,surprise->neutral,surprise,neutral,5,6,1,0,0,0,0,0,0,0,0,0,0,0,1,1
1070021,neutral->happiness,neutral,happiness,6,3,0,0,0,0,0,0,0,0,0,0,1,0,1,1
1083727,neutral->anger,neutral,anger,6,1,0,0,0,0,0,0,0,0,1,1,0,0,2,2
1085863,happiness->neutral,happiness,neutral,3,6,0,0,0,0,0,0,0,1,0,0,1,0,2,2
1101319,neutral->happiness,neutral,happiness,6,3,0,0,0,0,0,0,0,1,0,0,1,0,2,2
1101433,happiness->neutral,happiness,neutral,3,6,0,0,0,0,0,0,0,1,0,0,1,0,2,2
1102619,neutral->happiness,neutral,happiness,6,3,0,0,0,0,0,0,0,1,0,0,1,0,2,2
1102987,happiness->neutral,happiness,neutral,3,6,0,0,0,0,0,0,0,1,0,0,1,0,2,2
1103130,happiness->neutral,happiness,neutral,3,6,0,0,0,0,0,0,0,1,0,0,0,0,1,1
1103398,neutral->sadness,neutral,sadness,6,4,0,0,0,0,0,0,0,1,0,0,1,0,2,2
1103403,neutral->surprise,neutral,surprise,6,5,0,0,0,0,0,0,0,0,0,0,1,0,1,1
1103564,anger->neutral,anger,neutral,1,6,0,0,0,0,0,0,0,0,0,1,0,0,1,1
1103593,neutral->surprise,neutral,surprise,6,5,0,0,0,0,0,0,0,0,1,1,0,0,2,2
1103734,neutral->sadness,neutral,sadness,6,4,1,0,0,0,0,0,0,0,0,0,0,1,2,2
1103923,neutral->sadness,neutral,sadness,6,4,1,0,0,0,0,0,0,0,0,0,1,1,3,3
1103935,sadness->neutral,sadness,neutral,4,6,1,0,0,0,0,0,0,0,0,0,1,1,3,3
1103999,sadness->neutral,sadness,neutral,4,6,1,0,0,0,0,0,0,1,0,0,1,1,4,3
1104051,sadness->neutral,sadness,neutral,4,6,1,0,0,0,0,0,0,1,0,0,1,1,4,3
1104090,surprise->neutral,surprise,neutral,5,6,0,0,0,0,0,0,0,0,1,1,0,0,2,2
1104424,sadness->neutral,sadness,neutral,4,6,1,0,0,0,0,0,0,0,0,0,0,1,2,2
1106114,neutral->sadness,neutral,sadness,6,4,1,0,0,0,0,0,0,0,1,0,0,0,2,2
1106307,sadness->neutral,sadness,neutral,4,6,1,0,0,0,0,0,1,0,1,0,0,0,3,3
1106407,neutral->sadness,neutral,sadness,6,4,1,0,0,0,0,0,1,0,1,0,0,0,3,3
1106558,neutral->sadness,neutral,sadness,6,4,1,0,0,0,0,0,1,0,1,0,0,0,3,3
1106624,sadness->neutral,sadness,neutral,4,6,1,0,0,0,0,0,1,0,1,0,0,0,3,3
1106630,neutral->anger,neutral,anger,6,1,0,0,0,0,0,0,0,0,0,1,0,0,1,1
1106749,neutral->sadness,neutral,sadness,6,4,1,0,0,0,0,0,1,0,1,0,0,0,3,3
1107318,anger->neutral,anger,neutral,1,6,0,0,0,0,0,0,0,0,0,1,0,0,1,1
1107595,sadness->neutral,sadness,neutral,4,6,1,0,0,0,0,0,1,0,0,0,0,0,2,2
1107982,neutral->sadness,neutral,sadness,6,4,1,0,0,0,0,0,1,0,1,0,0,0,3,3
1108015,neutral->anger,neutral,anger,6,1,0,0,0,0,0,0,0,0,1,1,0,1,3,3
1109177,anger->neutral,anger,neutral,1,6,0,0,0,0,0,0,0,1,0,0,0,0,1,1
1109249,sadness->neutral,sadness,neutral,4,6,1,0,0,0,0,0,0,0,0,0,0,0,1,1
1110309,anger->neutral,anger,neutral,1,6,0,0,0,0,0,0,0,0,1,1,0,0,2,2
1110369,disgust->neutral,disgust,neutral,2,6,0,0,0,0,0,0,0,0,1,0,0,0,1,1
1110568,neutral->happiness,neutral,happiness,6,3,0,0,0,0,0,0,0,0,0,0,1,1,2,2
1110840,neutral->disgust,neutral,disgust,6,2,0,0,0,0,0,0,0,0,1,0,0,0,1,1
1111083,happiness->neutral,happiness,neutral,3,6,0,0,0,0,0,0,0,0,0,0,0,1,1,1
1111573,sadness->neutral,sadness,neutral,4,6,0,0,0,0,0,0,0,0,1,0,0,0,1,1
1112008,neutral->sadness,neutral,sadness,6,4,0,0,0,0,0,0,0,0,1,0,0,0,1,1
1112086,sadness->neutral,sadness,neutral,4,6,0,0,0,0,0,0,0,0,1,0,0,0,1,1
1112997,neutral->disgust,neutral,disgust,6,2,0,0,0,0,0,0,0,0,1,0,0,0,1,1
1113592,neutral->anger,neutral,anger,6,1,0,0,0,0,0,0,0,0,0,0,0,1,1,1
1114246,anger->neutral,anger,neutral,1,6,0,0,0,0,0,0,0,1,0,0,0,1,2,2
1114686,neutral->anger,neutral,anger,6,1,0,0,0,0,0,0,0,0,0,1,0,1,2,2
1117006,sadness->neutral,sadness,neutral,4,6,0,0,0,0,0,0,0,0,1,0,0,0,1,1
1117206,neutral->disgust,neutral,disgust,6,2,1,0,0,1,0,0,0,0,1,0,0,0,3,3
1117567,anger->neutral,anger,neutral,1,6,0,0,0,0,0,0,0,1,0,0,0,1,2,2
1118746,neutral->sadness,neutral,sadness,6,4,0,0,0,1,0,0,0,0,0,0,0,0,1,1
1119105,neutral->sadness,neutral,sadness,6,4,1,0,0,0,0,0,0,0,0,0,0,0,1,1
1121141,sadness->neutral,sadness,neutral,4,6,1,0,0,0,0,0,0,0,0,0,0,0,1,1
1121394,neutral->sadness,neutral,sadness,6,4,1,0,0,0,0,0,0,0,0,0,0,0,1,1
1121812,sadness->neutral,sadness,neutral,4,6,1,0,0,0,0,0,0,0,0,0,0,0,1,1
1122113,neutral->anger,neutral,anger,6,1,0,0,0,0,0,0,0,0,0,0,1,1,2,2
1122225,anger->neutral,anger,neutral,1,6,0,0,0,0,0,0,0,0,0,0,1,1,2,2
1122331,anger->neutral,anger,neutral,1,6,0,0,0,0,0,0,0,1,0,0,0,1,2,2
1122492,disgust->neutral,disgust,neutral,2,6,0,0,0,0,0,0,0,0,1,0,0,0,1,1
1122653,anger->neutral,anger,neutral,1,6,0,0,0,0,0,0,0,0,0,1,0,1,2,2
1122704,neutral->surprise,neutral,surprise,6,5,0,0,0,0,0,0,0,0,0,1,0,0,1,1
1122712,neutral->happiness,neutral,happiness,6,3,1,0,0,0,0,0,0,0,0,0,0,0,1,1
1122932,surprise->neutral,surprise,neutral,5,6,0,0,0,0,0,0,0,0,0,1,0,0,1,1
1123136,anger->neutral,anger,neutral,1,6,0,0,1,0,0,0,0,0,0,0,0,0,1,1
1123606,sadness->neutral,sadness,neutral,4,6,1,0,0,1,0,0,0,1,0,0,1,0,4,3
1123651,neutral->sadness,neutral,sadness,6,4,1,0,0,1,0,0,0,1,0,0,1,0,4,3
1123719,surprise->neutral,surprise,neutral,5,6,1,0,0,0,0,0,0,0,0,0,0,0,1,1
1123861,neutral->sadness,neutral,sadness,6,4,1,0,0,1,0,0,0,1,0,0,1,0,4,3
1123869,neutral->sadness,neutral,sadness,6,4,1,0,0,1,0,0,0,1,0,0,1,0,4,3
1123967,sadness->neutral,sadness,neutral,4,6,1,0,0,1,0,0,0,1,0,0,1,1,5,3
1124094,neutral->sadness,neutral,sadness,6,4,1,0,0,0,0,0,0,0,0,0,1,1,3,3
1124346,sadness->neutral,sadness,neutral,4,6,1,0,0,0,0,0,0,0,0,0,0,1,2,2
1124623,sadness->neutral,sadness,neutral,4,6,1,0,0,0,0,0,0,1,0,0,1,0,3,3
1124700,neutral->sadness,neutral,sadness,6,4,1,0,0,0,0,0,1,1,0,0,1,0,4,3
1124837,sadness->neutral,sadness,neutral,4,6,1,0,0,0,0,0,0,1,1,0,0,0,3,3
1125221,neutral->sadness,neutral,sadness,6,4,1,0,0,0,0,0,0,1,1,0,1,0,4,3
1125376,sadness->neutral,sadness,neutral,4,6,1,0,0,0,0,0,0,1,1,0,1,0,4,3
1125492,neutral->sadness,neutral,sadness,6,4,1,0,0,0,0,0,0,1,1,0,0,1,4,3
1125593,sadness->neutral,sadness,neutral,4,6,1,0,0,0,0,0,0,1,1,0,0,1,4,3
1125628,neutral->sadness,neutral,sadness,6,4,1,0,0,0,0,0,0,1,1,0,0,1,4,3
1125649,sadness->neutral,sadness,neutral,4,6,1,0,0,0,0,0,0,1,1,0,0,1,4,3
1125763,neutral->sadness,neutral,sadness,6,4,1,0,0,0,0,0,0,1,1,0,1,1,5,3
1126396,sadness->neutral,sadness,neutral,4,6,1,0,0,0,0,0,0,1,1,0,1,0,4,3
1126439,neutral->sadness,neutral,sadness,6,4,1,0,0,0,0,0,0,1,1,0,1,0,4,3
1126918,sadness->neutral,sadness,neutral,4,6,0,0,0,0,0,0,0,1,1,0,1,0,3,3
1127015,neutral->sadness,neutral,sadness,6,4,0,0,0,0,0,0,0,1,1,0,1,0,3,3
1127189,neutral->sadness,neutral,sadness,6,4,0,0,0,0,0,0,0,0,1,0,1,0,2,2
1127324,sadness->neutral,sadness,neutral,4,6,0,0,0,0,0,0,0,0,1,0,1,0,2,2
1127380,neutral->sadness,neutral,sadness,6,4,0,0,0,0,0,0,0,0,1,0,1,0,2,2
1127619,sadness->neutral,sadness,neutral,4,6,0,0,0,0,0,0,0,0,1,0,1,0,2,2
1127982,neutral->sadness,neutral,sadness,6,4,0,0,0,0,0,0,0,0,1,0,0,0,1,1
1128083,sadness->neutral,sadness,neutral,4,6,0,0,0,0,0,0,0,1,1,0,0,0,2,2
1128289,neutral->anger,neutral,anger,6,1,0,0,0,0,0,0,0,0,1,1,0,1,3,3
1128967,anger->neutral,anger,neutral,1,6,0,0,0,0,0,0,0,0,0,1,0,0,1,1
1129801,neutral->anger,neutral,anger,6,1,0,0,0,0,0,0,0,0,0,1,0,0,1,1
1130083,neutral->anger,neutral,anger,6,1,0,0,0,0,0,0,0,0,0,0,0,1,1,1
1130537,anger->neutral,anger,neutral,1,6,0,0,0,0,0,0,0,0,0,0,0,1,1,1
1130654,anger->neutral,anger,neutral,1,6,0,0,0,0,0,0,0,0,1,0,1,1,3,3
1130696,sadness->neutral,sadness,neutral,4,6,0,0,0,0,0,0,1,0,1,0,0,0,2,2
1131321,sadness->neutral,sadness,neutral,4,6,0,0,0,0,0,0,0,0,1,0,0,0,1,1
1131466,anger->neutral,anger,neutral,1,6,0,0,0,0,0,0,0,0,0,1,0,1,2,2
1131570,neutral->anger,neutral,anger,6,1,0,0,0,0,0,0,0,0,0,1,0,1,2,2
1131782,anger->neutral,anger,neutral,1,6,0,0,0,0,0,0,0,0,0,0,0,1,1,1
1131964,neutral->happiness,neutral,happiness,6,3,1,0,0,0,0,0,0,0,0,0,0,0,1,1
1132184,neutral->sadness,neutral,sadness,6,4,0,0,0,0,0,0,0,1,0,0,1,0,2,2
1132237,sadness->neutral,sadness,neutral,4,6,0,0,0,0,0,0,0,1,0,0,1,0,2,2
1132525,neutral->sadness,neutral,sadness,6,4,0,0,0,0,0,0,0,1,0,0,1,1,3,3
1132558,neutral->sadness,neutral,sadness,6,4,0,0,0,0,0,0,0,1,0,0,1,1,3,3
1133078,anger->neutral,anger,neutral,1,6,0,0,1,0,0,0,0,0,0,0,0,0,1,1
1133334,happiness->neutral,happiness,neutral,3,6,1,0,0,0,0,0,0,0,0,0,0,0,1,1
1133337,sadness->neutral,sadness,neutral,4,6,0,0,0,0,0,0,0,1,0,0,1,0,2,2
1133788,neutral->anger,neutral,anger,6,1,0,0,1,0,0,0,0,0,0,0,0,0,1,1
1134028,sadness->neutral,sadness,neutral,4,6,0,0,0,0,0,0,0,1,0,0,1,1,3,3
1134394,neutral->sadness,neutral,sadness,6,4,0,0,0,0,0,0,0,1,0,0,0,0,1,1
1134465,neutral->sadness,neutral,sadness,6,4,0,0,0,0,0,0,0,0,0,0,1,0,1,1
1134783,neutral->anger,neutral,anger,6,1,0,0,1,0,0,0,0,0,0,1,0,0,2,2
1134969,neutral->sadness,neutral,sadness,6,4,0,0,0,0,0,0,1,0,0,0,0,0,1,1
1135294,neutral->anger,neutral,anger,6,1,0,0,1,0,0,0,0,0,0,1,0,1,3,3
1135545,anger->neutral,anger,neutral,1,6,0,0,1,0,0,0,0,0,0,1,0,1,3,3
1136034,anger->neutral,anger,neutral,1,6,0,0,1,0,0,0,0,0,0,0,0,1,2,2
1136237,neutral->anger,neutral,anger,6,1,0,0,1,0,0,0,0,0,0,0,0,1,2,2
1136271,anger->neutral,anger,neutral,1,6,0,0,1,0,0,0,0,0,0,0,0,1,2,2
1136912,sadness->neutral,sadness,neutral,4,6,0,0,0,0,0,0,1,0,0,0,0,0,1,1
1137091,neutral->anger,neutral,anger,6,1,0,0,1,0,0,0,0,0,0,1,0,0,2,2
1137488,neutral->sadness,neutral,sadness,6,4,0,0,0,0,0,0,1,0,0,0,0,0,1,1
1137737,neutral->sadness,neutral,sadness,6,4,0,0,0,0,0,0,0,0,1,0,0,0,1,1
1137946,neutral->anger,neutral,anger,6,1,0,0,1,0,0,0,0,0,0,0,0,1,2,2
1138153,anger->neutral,anger,neutral,1,6,0,0,1,0,0,0,0,0,1,1,0,0,3,3
1138402,anger->neutral,anger,neutral,1,6,0,0,1,0,0,0,0,0,0,0,0,1,2,2
1138608,anger->neutral,anger,neutral,1,6,0,0,1,0,0,0,0,0,0,1,0,1,3,3
1138996,neutral->anger,neutral,anger,6,1,0,0,1,0,0,0,0,0,0,0,0,1,2,2
1139060,sadness->neutral,sadness,neutral,4,6,0,0,0,0,0,0,0,0,1,0,0,0,1,1
1139239,neutral->sadness,neutral,sadness,6,4,0,0,0,0,0,0,0,0,1,0,0,1,2,2
1139513,sadness->neutral,sadness,neutral,4,6,0,0,0,0,0,0,0,0,1,0,0,0,1,1
1139676,neutral->sadness,neutral,sadness,6,4,0,0,0,0,0,0,0,0,1,0,0,0,1,1
1140045,anger->neutral,anger,neutral,1,6,0,0,1,0,0,0,0,0,0,0,0,1,2,2
1140115,neutral->anger,neutral,anger,6,1,0,0,1,0,0,0,0,0,0,0,0,1,2,2
1140502,sadness->neutral,sadness,neutral,4,6,0,0,0,0,0,0,0,0,1,0,0,0,1,1
1140820,neutral->sadness,neutral,sadness,6,4,0,0,0,0,0,0,0,0,1,0,0,1,2,2
1141205,sadness->neutral,sadness,neutral,4,6,0,0,0,0,0,0,0,0,1,0,0,0,1,1
1141237,neutral->sadness,neutral,sadness,6,4,0,0,0,0,0,0,0,0,1,0,0,0,1,1
1141674,anger->neutral,anger,neutral,1,6,0,0,1,0,0,0,0,0,0,0,0,1,2,2
1141715,neutral->anger,neutral,anger,6,1,0,0,1,0,0,0,0,0,0,0,0,1,2,2
1141787,neutral->sadness,neutral,sadness,6,4,1,0,0,0,0,0,0,0,1,0,0,1,3,3
1141871,anger->neutral,anger,neutral,1,6,0,0,1,0,0,0,0,0,1,0,0,1,3,3
1142113,sadness->neutral,sadness,neutral,4,6,1,0,0,0,0,0,0,0,1,0,0,0,2,2
1142216,neutral->anger,neutral,anger,6,1,0,0,1,0,0,0,0,0,1,1,0,1,4,3
1142460,neutral->anger,neutral,anger,6,1,0,0,0,0,0,0,0,1,0,0,0,0,1,1
1143007,happiness->neutral,happiness,neutral,3,6,0,0,0,0,0,0,0,1,0,0,0,1,2,2
1143352,neutral->anger,neutral,anger,6,1,0,0,1,0,0,0,0,1,0,0,0,0,2,2
1144265,anger->neutral,anger,neutral,1,6,0,0,1,0,0,0,0,1,0,0,0,0,2,2
1152447,neutral->anger,neutral,anger,6,1,0,0,1,0,0,0,0,0,0,0,0,0,1,1
1156218,sadness->neutral,sadness,neutral,4,6,1,0,1,0,0,0,0,0,0,0,0,0,2,2
1159389,sadness->neutral,sadness,neutral,4,6,1,0,0,0,0,0,1,0,0,0,0,0,2,2
1160072,anger->neutral,anger,neutral,1,6,0,0,0,0,0,0,0,0,0,1,0,0,1,1
1160564,neutral->anger,neutral,anger,6,1,0,0,1,0,0,0,0,0,0,1,0,0,2,2
1164058,neutral->anger,neutral,anger,6,1,0,0,0,0,0,0,0,1,0,0,0,1,2,2
1164106,anger->neutral,anger,neutral,1,6,0,0,0,0,0,0,0,1,0,0,0,1,2,2
1166250,neutral->anger,neutral,anger,6,1,0,0,0,0,0,0,0,1,0,0,0,0,1,1
1167507,neutral->anger,neutral,anger,6,1,0,0,0,0,0,0,0,1,0,0,0,0,1,1
1167648,anger->neutral,anger,neutral,1,6,0,0,0,0,0,0,0,1,0,0,0,0,1,1
1167749,neutral->anger,neutral,anger,6,1,0,0,0,0,0,0,0,1,0,0,0,0,1,1
1169350,neutral->anger,neutral,anger,6,1,0,0,0,0,0,0,0,1,0,0,0,0,1,1
1169598,happiness->neutral,happiness,neutral,3,6,0,0,0,0,0,0,0,1,0,0,0,0,1,1
1172794,anger->neutral,anger,neutral,1,6,0,0,0,0,0,0,0,1,0,0,0,0,1,1
1172858,neutral->anger,neutral,anger,6,1,0,0,0,0,0,0,0,1,0,0,0,0,1,1
1173613,anger->neutral,anger,neutral,1,6,0,0,0,0,0,0,0,1,0,0,0,0,1,1
1173641,neutral->anger,neutral,anger,6,1,0,0,0,0,0,0,0,1,0,0,0,0,1,1
1174533,anger->neutral,anger,neutral,1,6,0,0,0,0,0,0,0,1,0,0,0,0,1,1
1176161,disgust->neutral,disgust,neutral,2,6,0,0,0,0,0,0,0,0,1,0,0,0,1,1
1176501,happiness->neutral,happiness,neutral,3,6,0,0,0,0,0,0,0,1,1,0,0,0,2,2
1176688,neutral->disgust,neutral,disgust,6,2,0,0,0,0,0,0,0,0,1,0,0,0,1,1
1176937,anger->neutral,anger,neutral,1,6,0,0,0,0,0,0,0,0,0,1,0,0,1,1
1176956,sadness->neutral,sadness,neutral,4,6,0,0,0,0,0,0,0,0,1,0,0,0,1,1
1177037,neutral->sadness,neutral,sadness,6,4,0,0,0,0,0,0,0,1,1,0,1,0,3,3
1177150,neutral->sadness,neutral,sadness,6,4,0,0,0,0,0,0,0,0,0,0,1,1,2,2
1177271,neutral->surprise,neutral,surprise,6,5,0,0,0,0,0,0,0,0,0,1,0,0,1,1
1177680,neutral->sadness,neutral,sadness,6,4,0,0,0,1,0,0,0,0,0,0,1,1,3,3
1177735,sadness->neutral,sadness,neutral,4,6,0,0,0,0,0,0,0,1,0,0,1,1,3,3
1177778,sadness->neutral,sadness,neutral,4,6,0,0,0,0,0,0,0,1,0,0,1,1,3,3
1178226,neutral->sadness,neutral,sadness,6,4,0,0,0,0,0,0,0,1,0,0,1,0,2,2
1178298,sadness->neutral,sadness,neutral,4,6,0,0,0,0,0,0,0,1,0,0,1,0,2,2
1178549,sadness->neutral,sadness,neutral,4,6,0,0,0,1,0,0,0,0,0,1,0,0,2,2
1178557,sadness->neutral,sadness,neutral,4,6,0,0,0,1,0,0,0,0,0,1,0,0,2,2
1178720,neutral->sadness,neutral,sadness,6,4,0,0,0,1,0,0,0,1,0,0,1,0,3,3
1178858,neutral->sadness,neutral,sadness,6,4,0,0,0,1,0,0,0,1,0,0,0,0,2,2
1179132,sadness->neutral,sadness,neutral,4,6,0,0,0,1,0,0,0,0,0,0,0,0,1,1
1179249,sadness->neutral,sadness,neutral,4,6,0,0,0,1,0,0,0,1,0,0,0,0,2,2
1179488,neutral->sadness,neutral,sadness,6,4,0,0,0,1,0,0,0,1,0,0,0,0,2,2
1179511,neutral->happiness,neutral,happiness,6,3,0,0,0,1,0,0,0,0,0,0,0,0,1,1
