rule_id,seq_id,od,do
0,0,80000,82500
0,0,105000,107500
0,0,120000,122500
0,0,182500,185000
0,0,195000,197500
0,0,250000,252500
0,0,252500,255000
0,0,285000,287500
0,0,287500,290000
0,0,292500,295000
0,0,295000,297500
0,0,342500,345000
0,0,355000,357500
0,0,612500,615000
0,0,767500,770000
0,0,775000,777500
1,0,112500,115000
1,0,237500,240000
1,0,252500,255000
1,0,277500,280000
1,0,290000,292500
1,0,292500,295000
1,0,442500,445000
1,0,765000,767500
1,0,770000,772500
2,0,130000,132500
2,0,205000,207500
2,0,207500,210000
2,0,220000,222500
2,0,252500,255000
2,0,477500,480000
2,0,492500,495000
2,0,495000,497500
2,0,497500,500000
2,0,615000,617500
3,0,202500,205000
3,0,210000,212500
3,0,475000,477500
3,0,485000,487500
3,0,492500,495000
3,0,495000,497500
3,0,667500,670000
4,0,137500,140000
4,0,140000,142500
4,0,180000,182500
4,0,205000,207500
4,0,207500,210000
4,0,220000,222500
4,0,492500,495000
4,0,637500,640000
4,0,640000,642500
4,0,642500,645000
4,0,645000,647500
4,0,647500,650000
4,0,650000,652500
4,0,652500,655000
4,0,655000,657500
4,0,657500,660000
4,0,665000,667500
5,0,132500,135000
5,0,202500,205000
5,0,210000,212500
5,0,635000,637500
5,0,637500,640000
5,0,640000,642500
5,0,642500,645000
5,0,645000,647500
5,0,647500,650000
5,0,650000,652500
5,0,652500,655000
5,0,655000,657500
5,0,667500,670000
0,1,252500,255000
0,1,255000,257500
0,1,272500,275000
0,1,275000,277500
0,1,307500,310000
0,1,310000,312500
0,1,320000,322500
0,1,382500,385000
1,1,80000,82500
1,1,82500,85000
1,1,140000,142500
1,1,185000,187500
1,1,187500,190000
1,1,225000,227500
1,1,227500,230000
2,1,20000,22500
2,1,57500,60000
2,1,60000,62500
2,1,112500,115000
2,1,135000,137500
2,1,137500,140000
2,1,162500,165000
2,1,165000,167500
2,1,167500,170000
2,1,170000,172500
2,1,172500,175000
2,1,255000,257500
2,1,257500,260000
2,1,260000,262500
2,1,272500,275000
2,1,275000,277500
2,1,287500,290000
2,1,290000,292500
2,1,297500,300000
2,1,310000,312500
2,1,345000,347500
2,1,382500,385000
2,1,412500,415000
2,1,672500,675000
2,1,675000,677500
2,1,677500,680000
2,1,680000,682500
2,1,682500,685000
2,1,685000,687500
2,1,687500,690000
2,1,690000,692500
2,1,692500,695000
2,1,695000,697500
2,1,697500,700000
2,1,700000,702500
2,1,702500,705000
2,1,705000,707500
2,1,707500,710000
2,1,710000,712500
2,1,712500,715000
2,1,715000,717500
2,1,717500,720000
2,1,720000,722500
2,1,722500,725000
2,1,725000,727500
2,1,727500,730000
2,1,730000,732500
2,1,732500,735000
2,1,735000,737500
2,1,737500,740000
2,1,740000,742500
2,1,742500,745000
2,1,745000,747500
2,1,747500,750000
2,1,750000,752500
2,1,752500,755000
2,1,755000,757500
2,1,757500,760000
2,1,760000,762500
2,1,762500,765000
2,1,765000,767500
2,1,767500,770000
2,1,770000,772500
2,1,772500,775000
2,1,775000,777500
2,1,777500,780000
2,1,780000,782500
2,1,782500,785000
3,1,27500,30000
3,1,35000,37500
3,1,55000,57500
3,1,80000,82500
3,1,82500,85000
3,1,132500,135000
3,1,135000,137500
3,1,137500,140000
3,1,140000,142500
3,1,165000,167500
3,1,167500,170000
3,1,170000,172500
3,1,225000,227500
3,1,227500,230000
3,1,255000,257500
3,1,257500,260000
3,1,285000,287500
3,1,292500,295000
3,1,302500,305000
3,1,310000,312500
3,1,312500,315000
3,1,325000,327500
3,1,347500,350000
3,1,485000,487500
3,1,675000,677500
3,1,677500,680000
3,1,680000,682500
3,1,682500,685000
3,1,685000,687500
3,1,687500,690000
3,1,690000,692500
3,1,692500,695000
3,1,695000,697500
3,1,697500,700000
3,1,700000,702500
3,1,702500,705000
3,1,705000,707500
3,1,707500,710000
3,1,710000,712500
3,1,712500,715000
3,1,715000,717500
3,1,717500,720000
3,1,720000,722500
3,1,722500,725000
3,1,725000,727500
3,1,727500,730000
3,1,730000,732500
3,1,732500,735000
3,1,735000,737500
3,1,737500,740000
3,1,740000,742500
3,1,742500,745000
3,1,745000,747500
3,1,747500,750000
3,1,750000,752500
3,1,752500,755000
3,1,755000,757500
3,1,757500,760000
3,1,760000,762500
3,1,762500,765000
3,1,765000,767500
3,1,767500,770000
3,1,770000,772500
3,1,772500,775000
3,1,775000,777500
3,1,777500,780000
3,1,780000,782500
3,1,782500,785000
4,1,32500,35000
0,2,197500,200000
0,2,402500,405000
0,2,405000,407500
0,2,475000,477500
0,2,477500,480000
1,2,200000,202500
1,2,417500,420000
1,2,420000,422500
1,2,477500,480000
1,2,550000,552500
4,2,152500,155000
4,2,160000,162500
4,2,197500,200000
4,2,220000,222500
4,2,222500,225000
4,2,225000,227500
4,2,227500,230000
4,2,230000,232500
4,2,232500,235000
4,2,235000,237500
4,2,237500,240000
4,2,240000,242500
4,2,250000,252500
4,2,307500,310000
4,2,310000,312500
4,2,312500,315000
4,2,332500,335000
4,2,372500,375000
4,2,375000,377500
4,2,377500,380000
4,2,380000,382500
4,2,382500,385000
4,2,475000,477500
4,2,510000,512500
4,2,512500,515000
4,2,515000,517500
4,2,517500,520000
4,2,520000,522500
4,2,522500,525000
4,2,525000,527500
4,2,527500,530000
4,2,530000,532500
4,2,532500,535000
4,2,535000,537500
4,2,537500,540000
4,2,540000,542500
4,2,542500,545000
4,2,545000,547500
4,2,547500,550000
4,2,570000,572500
5,2,140000,142500
5,2,155000,157500
5,2,165000,167500
5,2,222500,225000
5,2,225000,227500
5,2,227500,230000
5,2,230000,232500
5,2,232500,235000
5,2,235000,237500
5,2,237500,240000
5,2,240000,242500
5,2,242500,245000
5,2,252500,255000
5,2,310000,312500
5,2,312500,315000
5,2,315000,317500
5,2,352500,355000
5,2,375000,377500
5,2,377500,380000
5,2,380000,382500
5,2,382500,385000
5,2,385000,387500
5,2,417500,420000
5,2,477500,480000
5,2,480000,482500
5,2,512500,515000
5,2,515000,517500
5,2,517500,520000
5,2,520000,522500
5,2,522500,525000
5,2,525000,527500
5,2,527500,530000
5,2,530000,532500
5,2,532500,535000
5,2,535000,537500
5,2,537500,540000
5,2,540000,542500
5,2,542500,545000
5,2,545000,547500
5,2,547500,550000
5,2,572500,575000
5,2,575000,577500
0,3,187500,190000
0,3,300000,302500
0,3,367500,370000
0,3,375000,377500
0,3,380000,382500
0,3,382500,385000
0,3,395000,397500
1,3,192500,195000
1,3,205000,207500
1,3,230000,232500
1,3,257500,260000
1,3,260000,262500
1,3,297500,300000
1,3,365000,367500
1,3,372500,375000
1,3,377500,380000
1,3,380000,382500
1,3,392500,395000
1,3,417500,420000
1,3,597500,600000
2,3,165000,167500
2,3,167500,170000
2,3,250000,252500
2,3,285000,287500
2,3,287500,290000
2,3,382500,385000
2,3,387500,390000
2,3,395000,397500
2,3,447500,450000
2,3,590000,592500
2,3,592500,595000
3,3,147500,150000
3,3,150000,152500
3,3,380000,382500
3,3,385000,387500
3,3,392500,395000
3,3,450000,452500
4,3,165000,167500
4,3,167500,170000
4,3,200000,202500
4,3,285000,287500
5,3,20000,22500
5,3,117500,120000
5,3,120000,122500
5,3,195000,197500
5,3,205000,207500
2,4,12500,15000
2,4,347500,350000
3,4,0,2500
3,4,145000,147500
4,4,195000,197500
4,4,267500,270000
4,4,275000,277500
5,4,180000,182500
5,4,272500,275000
0,5,20000,22500
0,5,135000,137500
0,5,137500,140000
1,5,15000,17500
4,5,115000,117500
4,5,122500,125000
5,5,107500,110000
5,5,110000,112500
5,5,117500,120000
5,5,125000,127500
1,6,195000,197500
4,6,182500,185000
4,6,255000,257500
4,6,275000,277500
4,6,300000,302500
4,6,340000,342500
4,6,342500,345000
4,6,407500,410000
4,6,427500,430000
4,6,445000,447500
4,6,452500,455000
4,6,455000,457500
4,6,457500,460000
4,6,460000,462500
4,6,462500,465000
4,6,465000,467500
4,6,467500,470000
4,6,470000,472500
5,6,195000,197500
5,6,257500,260000
5,6,277500,280000
5,6,302500,305000
5,6,337500,340000
5,6,410000,412500
5,6,442500,445000
5,6,450000,452500
5,6,452500,455000
5,6,455000,457500
5,6,457500,460000
5,6,460000,462500
5,6,462500,465000
5,6,465000,467500
5,6,467500,470000
5,6,470000,472500
0,7,75000,77500
0,7,82500,85000
0,7,107500,110000
0,7,152500,155000
0,7,200000,202500
0,7,225000,227500
0,7,265000,267500
0,7,297500,300000
0,7,327500,330000
0,7,342500,345000
0,7,437500,440000
0,7,547500,550000
1,7,12500,15000
1,7,65000,67500
1,7,80000,82500
1,7,102500,105000
1,7,150000,152500
1,7,157500,160000
1,7,160000,162500
1,7,192500,195000
1,7,195000,197500
1,7,222500,225000
1,7,262500,265000
1,7,295000,297500
1,7,325000,327500
1,7,340000,342500
1,7,507500,510000
2,7,10000,12500
2,7,17500,20000
2,7,200000,202500
2,7,292500,295000
2,7,310000,312500
2,7,337500,340000
2,7,342500,345000
2,7,355000,357500
2,7,357500,360000
2,7,362500,365000
3,7,290000,292500
3,7,307500,310000
3,7,335000,337500
3,7,340000,342500
3,7,352500,355000
3,7,357500,360000
3,7,360000,362500
3,7,507500,510000
4,7,75000,77500
4,7,177500,180000
4,7,455000,457500
4,7,470000,472500
4,7,475000,477500
4,7,477500,480000
4,7,485000,487500
4,7,557500,560000
4,7,577500,580000
5,7,12500,15000
5,7,160000,162500
5,7,432500,435000
5,7,450000,452500
5,7,467500,470000
5,7,472500,475000
5,7,475000,477500
5,7,482500,485000
5,7,550000,552500
5,7,567500,570000
0,8,115000,117500
0,8,180000,182500
0,8,185000,187500
0,8,187500,190000
0,8,190000,192500
0,8,195000,197500
0,8,197500,200000
0,8,200000,202500
0,8,202500,205000
0,8,205000,207500
0,8,207500,210000
0,8,210000,212500
0,8,212500,215000
0,8,215000,217500
0,8,217500,220000
0,8,252500,255000
0,8,255000,257500
0,8,260000,262500
0,8,262500,265000
0,8,272500,275000
0,8,275000,277500
0,8,277500,280000
0,8,285000,287500
0,8,297500,300000
0,8,302500,305000
0,8,312500,315000
0,8,342500,345000
0,8,382500,385000
0,8,385000,387500
0,8,397500,400000
0,8,445000,447500
0,8,515000,517500
0,8,517500,520000
0,8,520000,522500
0,8,522500,525000
1,8,112500,115000
1,8,130000,132500
1,8,182500,185000
1,8,187500,190000
1,8,190000,192500
1,8,192500,195000
1,8,197500,200000
1,8,200000,202500
1,8,202500,205000
1,8,205000,207500
1,8,207500,210000
1,8,210000,212500
1,8,212500,215000
1,8,215000,217500
1,8,217500,220000
1,8,220000,222500
1,8,255000,257500
1,8,257500,260000
1,8,262500,265000
1,8,265000,267500
1,8,275000,277500
1,8,277500,280000
1,8,280000,282500
1,8,287500,290000
1,8,300000,302500
1,8,305000,307500
1,8,340000,342500
1,8,380000,382500
1,8,395000,397500
1,8,442500,445000
1,8,505000,507500
1,8,507500,510000
1,8,517500,520000
1,8,520000,522500
1,8,732500,735000
2,8,117500,120000
2,8,120000,122500
2,8,332500,335000
2,8,435000,437500
2,8,437500,440000
2,8,482500,485000
2,8,495000,497500
2,8,535000,537500
2,8,550000,552500
2,8,555000,557500
2,8,557500,560000
2,8,560000,562500
2,8,562500,565000
2,8,580000,582500
2,8,585000,587500
2,8,595000,597500
2,8,632500,635000
2,8,635000,637500
2,8,647500,650000
2,8,650000,652500
2,8,652500,655000
2,8,707500,710000
2,8,710000,712500
2,8,712500,715000
2,8,720000,722500
2,8,730000,732500
3,8,115000,117500
3,8,117500,120000
3,8,330000,332500
3,8,405000,407500
3,8,432500,435000
3,8,435000,437500
3,8,480000,482500
3,8,492500,495000
3,8,535000,537500
3,8,537500,540000
3,8,552500,555000
3,8,555000,557500
3,8,557500,560000
3,8,560000,562500
3,8,577500,580000
3,8,582500,585000
3,8,590000,592500
3,8,592500,595000
3,8,630000,632500
3,8,632500,635000
3,8,645000,647500
3,8,647500,650000
3,8,650000,652500
3,8,705000,707500
3,8,710000,712500
3,8,712500,715000
3,8,715000,717500
3,8,727500,730000
3,8,730000,732500
3,8,732500,735000
4,8,12500,15000
4,8,17500,20000
4,8,25000,27500
4,8,30000,32500
4,8,37500,40000
4,8,45000,47500
4,8,47500,50000
4,8,57500,60000
4,8,60000,62500
4,8,75000,77500
4,8,345000,347500
4,8,385000,387500
4,8,410000,412500
4,8,435000,437500
4,8,482500,485000
4,8,532500,535000
4,8,550000,552500
4,8,560000,562500
4,8,562500,565000
4,8,585000,587500
4,8,595000,597500
4,8,605000,607500
4,8,632500,635000
4,8,647500,650000
4,8,657500,660000
4,8,660000,662500
4,8,707500,710000
4,8,712500,715000
4,8,720000,722500
4,8,725000,727500
5,8,15000,17500
5,8,22500,25000
5,8,27500,30000
5,8,32500,35000
5,8,42500,45000
5,8,55000,57500
5,8,57500,60000
5,8,72500,75000
5,8,130000,132500
5,8,407500,410000
5,8,432500,435000
5,8,480000,482500
5,8,535000,537500
5,8,537500,540000
5,8,557500,560000
5,8,560000,562500
5,8,582500,585000
5,8,590000,592500
5,8,592500,595000
5,8,602500,605000
5,8,630000,632500
5,8,645000,647500
5,8,655000,657500
5,8,657500,660000
5,8,662500,665000
5,8,705000,707500
5,8,710000,712500
5,8,715000,717500
5,8,722500,725000
5,8,730000,732500
5,8,732500,735000
0,9,187500,190000
1,9,275000,277500
1,9,442500,445000
2,9,187500,190000
3,9,417500,420000
4,9,127500,130000
4,9,187500,190000
4,9,320000,322500
4,9,390000,392500
4,9,407500,410000
4,9,412500,415000
4,9,415000,417500
4,9,437500,440000
4,9,440000,442500
4,9,562500,565000
5,9,190000,192500
5,9,275000,277500
5,9,322500,325000
5,9,392500,395000
5,9,410000,412500
5,9,420000,422500
5,9,435000,437500
5,9,437500,440000
5,9,445000,447500
5,9,565000,567500
0,10,7500,10000
0,10,90000,92500
0,10,97500,100000
0,10,100000,102500
0,10,120000,122500
0,10,167500,170000
0,10,220000,222500
0,10,227500,230000
0,10,247500,250000
0,10,287500,290000
0,10,327500,330000
0,10,330000,332500
0,10,362500,365000
0,10,380000,382500
0,10,495000,497500
0,10,600000,602500
0,10,605000,607500
1,10,5000,7500
1,10,95000,97500
1,10,117500,120000
1,10,165000,167500
1,10,175000,177500
1,10,212500,215000
1,10,215000,217500
1,10,225000,227500
1,10,285000,287500
1,10,325000,327500
1,10,360000,362500
1,10,465000,467500
1,10,500000,502500
1,10,580000,582500
1,10,602500,605000
2,10,2500,5000
2,10,167500,170000
2,10,220000,222500
2,10,337500,340000
2,10,340000,342500
2,10,362500,365000
2,10,380000,382500
3,10,0,2500
3,10,165000,167500
3,10,335000,337500
3,10,337500,340000
3,10,360000,362500
4,10,200000,202500
4,10,512500,515000
4,10,520000,522500
4,10,560000,562500
4,10,572500,575000
5,10,177500,180000
5,10,500000,502500
5,10,517500,520000
5,10,557500,560000
5,10,565000,567500
0,11,62500,65000
0,11,85000,87500
0,11,187500,190000
0,11,367500,370000
0,11,392500,395000
0,11,445000,447500
0,11,485000,487500
0,11,555000,557500
0,11,827500,830000
0,11,875000,877500
0,11,887500,890000
1,11,60000,62500
1,11,102500,105000
1,11,185000,187500
1,11,190000,192500
1,11,202500,205000
1,11,205000,207500
1,11,220000,222500
1,11,390000,392500
1,11,440000,442500
1,11,442500,445000
1,11,482500,485000
1,11,552500,555000
1,11,655000,657500
1,11,825000,827500
1,11,860000,862500
1,11,885000,887500
1,11,892500,895000
2,11,62500,65000
2,11,367500,370000
2,11,767500,770000
2,11,772500,775000
2,11,782500,785000
2,11,785000,787500
2,11,787500,790000
2,11,790000,792500
2,11,795000,797500
2,11,822500,825000
2,11,837500,840000
3,11,2500,5000
3,11,60000,62500
3,11,62500,65000
3,11,87500,90000
3,11,205000,207500
3,11,230000,232500
3,11,327500,330000
3,11,765000,767500
3,11,770000,772500
3,11,780000,782500
3,11,782500,785000
3,11,785000,787500
3,11,787500,790000
3,11,792500,795000
3,11,812500,815000
3,11,820000,822500
3,11,835000,837500
4,11,25000,27500
4,11,35000,37500
4,11,47500,50000
4,11,57500,60000
4,11,60000,62500
4,11,62500,65000
4,11,67500,70000
4,11,72500,75000
4,11,77500,80000
4,11,100000,102500
4,11,112500,115000
4,11,115000,117500
4,11,125000,127500
4,11,132500,135000
4,11,167500,170000
4,11,180000,182500
4,11,182500,185000
4,11,187500,190000
4,11,200000,202500
4,11,202500,205000
4,11,212500,215000
4,11,217500,220000
4,11,227500,230000
4,11,230000,232500
4,11,235000,237500
4,11,247500,250000
4,11,257500,260000
4,11,292500,295000
4,11,297500,300000
4,11,305000,307500
4,11,320000,322500
4,11,325000,327500
4,11,365000,367500
4,11,367500,370000
4,11,370000,372500
4,11,377500,380000
4,11,397500,400000
4,11,400000,402500
4,11,412500,415000
4,11,417500,420000
4,11,460000,462500
4,11,477500,480000
4,11,500000,502500
4,11,510000,512500
4,11,517500,520000
4,11,542500,545000
4,11,545000,547500
4,11,590000,592500
4,11,600000,602500
4,11,605000,607500
4,11,635000,637500
4,11,640000,642500
4,11,647500,650000
4,11,670000,672500
4,11,675000,677500
4,11,677500,680000
4,11,680000,682500
4,11,682500,685000
4,11,685000,687500
4,11,687500,690000
4,11,690000,692500
4,11,692500,695000
4,11,695000,697500
4,11,697500,700000
4,11,700000,702500
4,11,702500,705000
4,11,705000,707500
4,11,732500,735000
4,11,735000,737500
4,11,747500,750000
4,11,752500,755000
4,11,757500,760000
4,11,760000,762500
4,11,772500,775000
4,11,775000,777500
4,11,777500,780000
4,11,782500,785000
4,11,785000,787500
4,11,787500,790000
4,11,790000,792500
4,11,792500,795000
4,11,795000,797500
4,11,810000,812500
4,11,812500,815000
4,11,817500,820000
4,11,820000,822500
4,11,822500,825000
4,11,825000,827500
4,11,827500,830000
4,11,830000,832500
4,11,832500,835000
4,11,835000,837500
4,11,837500,840000
4,11,847500,850000
4,11,850000,852500
4,11,852500,855000
4,11,855000,857500
4,11,875000,877500
4,11,882500,885000
4,11,887500,890000
4,11,890000,892500
5,11,2500,5000
5,11,27500,30000
5,11,37500,40000
5,11,52500,55000
5,11,60000,62500
5,11,62500,65000
5,11,65000,67500
5,11,70000,72500
5,11,75000,77500
5,11,80000,82500
5,11,87500,90000
5,11,90000,92500
5,11,102500,105000
5,11,122500,125000
5,11,125000,127500
5,11,127500,130000
5,11,152500,155000
5,11,175000,177500
5,11,177500,180000
5,11,185000,187500
5,11,202500,205000
5,11,205000,207500
5,11,215000,217500
5,11,230000,232500
5,11,232500,235000
5,11,242500,245000
5,11,250000,252500
5,11,260000,262500
5,11,295000,297500
5,11,300000,302500
5,11,302500,305000
5,11,310000,312500
5,11,322500,325000
5,11,327500,330000
5,11,367500,370000
5,11,370000,372500
5,11,372500,375000
5,11,392500,395000
5,11,395000,397500
5,11,410000,412500
5,11,415000,417500
5,11,447500,450000
5,11,475000,477500
5,11,492500,495000
5,11,515000,517500
5,11,537500,540000
5,11,587500,590000
5,11,597500,600000
5,11,602500,605000
5,11,627500,630000
5,11,630000,632500
5,11,637500,640000
5,11,642500,645000
5,11,672500,675000
5,11,677500,680000
5,11,680000,682500
5,11,682500,685000
5,11,685000,687500
5,11,687500,690000
5,11,690000,692500
5,11,692500,695000
5,11,695000,697500
5,11,697500,700000
5,11,700000,702500
5,11,702500,705000
5,11,705000,707500
5,11,707500,710000
5,11,735000,737500
5,11,737500,740000
5,11,750000,752500
5,11,755000,757500
5,11,767500,770000
5,11,770000,772500
5,11,775000,777500
5,11,780000,782500
5,11,782500,785000
5,11,785000,787500
5,11,787500,790000
5,11,790000,792500
5,11,792500,795000
5,11,797500,800000
5,11,812500,815000
5,11,815000,817500
5,11,820000,822500
5,11,822500,825000
5,11,825000,827500
5,11,827500,830000
5,11,830000,832500
5,11,832500,835000
5,11,835000,837500
5,11,845000,847500
5,11,847500,850000
5,11,850000,852500
5,11,852500,855000
5,11,860000,862500
5,11,880000,882500
5,11,885000,887500
5,11,890000,892500
0,12,150000,152500
0,12,300000,302500
1,12,147500,150000
1,12,297500,300000
2,12,180000,182500
2,12,182500,185000
2,12,472500,475000
2,12,995000,997500
3,12,177500,180000
3,12,180000,182500
3,12,470000,472500
3,12,992500,995000
4,12,60000,62500
4,12,62500,65000
4,12,122500,125000
4,12,125000,127500
4,12,127500,130000
4,12,665000,667500
4,12,890000,892500
4,12,985000,987500
4,12,987500,990000
4,12,1017500,1020000
4,12,1042500,1045000
4,12,1045000,1047500
4,12,1047500,1050000
4,12,1050000,1052500
4,12,1052500,1055000
4,12,1072500,1075000
4,12,1115000,1117500
4,12,1117500,1120000
5,12,57500,60000
5,12,60000,62500
5,12,120000,122500
5,12,125000,127500
5,12,662500,665000
5,12,887500,890000
5,12,982500,985000
5,12,985000,987500
5,12,1015000,1017500
5,12,1040000,1042500
5,12,1042500,1045000
5,12,1045000,1047500
5,12,1047500,1050000
5,12,1050000,1052500
5,12,1070000,1072500
5,12,1112500,1115000
5,12,1115000,1117500
0,13,5000,7500
0,13,130000,132500
0,13,227500,230000
0,13,387500,390000
0,13,427500,430000
0,13,592500,595000
0,13,742500,745000
0,13,767500,770000
1,13,0,2500
1,13,110000,112500
1,13,127500,130000
1,13,225000,227500
1,13,385000,387500
1,13,732500,735000
1,13,735000,737500
2,13,10000,12500
2,13,35000,37500
2,13,37500,40000
2,13,52500,55000
2,13,92500,95000
2,13,115000,117500
2,13,130000,132500
2,13,167500,170000
2,13,175000,177500
2,13,202500,205000
2,13,227500,230000
2,13,235000,237500
2,13,237500,240000
2,13,245000,247500
2,13,265000,267500
2,13,272500,275000
2,13,275000,277500
2,13,280000,282500
2,13,287500,290000
2,13,302500,305000
2,13,305000,307500
2,13,317500,320000
2,13,320000,322500
2,13,322500,325000
2,13,325000,327500
2,13,327500,330000
2,13,330000,332500
2,13,340000,342500
2,13,347500,350000
2,13,352500,355000
2,13,355000,357500
2,13,360000,362500
2,13,365000,367500
2,13,370000,372500
2,13,377500,380000
2,13,387500,390000
2,13,392500,395000
2,13,400000,402500
2,13,410000,412500
2,13,412500,415000
2,13,427500,430000
2,13,437500,440000
2,13,450000,452500
2,13,457500,460000
2,13,465000,467500
2,13,472500,475000
2,13,487500,490000
2,13,490000,492500
2,13,507500,510000
2,13,515000,517500
2,13,525000,527500
2,13,540000,542500
2,13,547500,550000
2,13,550000,552500
2,13,557500,560000
2,13,560000,562500
2,13,562500,565000
2,13,565000,567500
2,13,567500,570000
2,13,572500,575000
2,13,575000,577500
2,13,577500,580000
2,13,582500,585000
2,13,585000,587500
2,13,590000,592500
2,13,592500,595000
2,13,610000,612500
2,13,625000,627500
2,13,632500,635000
2,13,635000,637500
2,13,637500,640000
2,13,647500,650000
2,13,650000,652500
2,13,652500,655000
2,13,685000,687500
2,13,707500,710000
2,13,725000,727500
2,13,755000,757500
2,13,760000,762500
2,13,765000,767500
2,13,795000,797500
2,13,805000,807500
2,13,807500,810000
3,13,0,2500
3,13,7500,10000
3,13,32500,35000
3,13,50000,52500
3,13,90000,92500
3,13,110000,112500
3,13,125000,127500
3,13,127500,130000
3,13,165000,167500
3,13,170000,172500
3,13,200000,202500
3,13,207500,210000
3,13,225000,227500
3,13,232500,235000
3,13,242500,245000
3,13,262500,265000
3,13,267500,270000
3,13,277500,280000
3,13,280000,282500
3,13,282500,285000
3,13,300000,302500
3,13,302500,305000
3,13,310000,312500
3,13,320000,322500
3,13,322500,325000
3,13,325000,327500
3,13,327500,330000
3,13,335000,337500
3,13,337500,340000
3,13,342500,345000
3,13,345000,347500
3,13,350000,352500
3,13,352500,355000
3,13,357500,360000
3,13,362500,365000
3,13,365000,367500
3,13,367500,370000
3,13,375000,377500
3,13,385000,387500
3,13,390000,392500
3,13,397500,400000
3,13,405000,407500
3,13,407500,410000
3,13,420000,422500
3,13,422500,425000
3,13,435000,437500
3,13,447500,450000
3,13,455000,457500
3,13,462500,465000
3,13,467500,470000
3,13,470000,472500
3,13,482500,485000
3,13,505000,507500
3,13,512500,515000
3,13,522500,525000
3,13,537500,540000
3,13,545000,547500
3,13,547500,550000
3,13,555000,557500
3,13,557500,560000
3,13,560000,562500
3,13,562500,565000
3,13,565000,567500
3,13,570000,572500
3,13,572500,575000
3,13,575000,577500
3,13,580000,582500
3,13,582500,585000
3,13,585000,587500
3,13,587500,590000
3,13,607500,610000
3,13,622500,625000
3,13,630000,632500
3,13,632500,635000
3,13,635000,637500
3,13,645000,647500
3,13,647500,650000
3,13,650000,652500
3,13,682500,685000
3,13,705000,707500
3,13,722500,725000
3,13,732500,735000
3,13,735000,737500
3,13,752500,755000
3,13,757500,760000
3,13,762500,765000
3,13,792500,795000
3,13,802500,805000
3,13,805000,807500
4,13,212500,215000
4,13,405000,407500
4,13,725000,727500
4,13,810000,812500
4,13,820000,822500
5,13,210000,212500
5,13,312500,315000
5,13,402500,405000
5,13,722500,725000
5,13,807500,810000
5,13,812500,815000
0,14,0,2500
0,14,210000,212500
0,14,250000,252500
0,14,417500,420000
0,14,467500,470000
0,14,500000,502500
0,14,522500,525000
0,14,537500,540000
0,14,542500,545000
0,14,650000,652500
0,14,655000,657500
0,14,657500,660000
0,14,672500,675000
0,14,740000,742500
0,14,862500,865000
0,14,865000,867500
0,14,1027500,1030000
0,14,1035000,1037500
0,14,1067500,1070000
0,14,1070000,1072500
1,14,247500,250000
1,14,365000,367500
1,14,415000,417500
1,14,465000,467500
1,14,497500,500000
1,14,520000,522500
1,14,535000,537500
1,14,540000,542500
1,14,647500,650000
1,14,652500,655000
1,14,655000,657500
1,14,670000,672500
1,14,737500,740000
1,14,860000,862500
1,14,862500,865000
1,14,1020000,1022500
1,14,1032500,1035000
1,14,1065000,1067500
1,14,1067500,1070000
2,14,177500,180000
2,14,250000,252500
2,14,260000,262500
2,14,295000,297500
2,14,297500,300000
2,14,332500,335000
2,14,417500,420000
2,14,500000,502500
2,14,522500,525000
2,14,537500,540000
2,14,572500,575000
2,14,800000,802500
2,14,932500,935000
3,14,175000,177500
3,14,202500,205000
3,14,210000,212500
3,14,247500,250000
3,14,257500,260000
3,14,292500,295000
3,14,295000,297500
3,14,330000,332500
3,14,415000,417500
3,14,497500,500000
3,14,520000,522500
3,14,535000,537500
3,14,570000,572500
3,14,797500,800000
3,14,930000,932500
4,14,0,2500
4,14,2500,5000
4,14,10000,12500
4,14,12500,15000
4,14,17500,20000
4,14,20000,22500
4,14,22500,25000
4,14,30000,32500
4,14,42500,45000
4,14,47500,50000
4,14,50000,52500
4,14,52500,55000
4,14,55000,57500
4,14,57500,60000
4,14,60000,62500
4,14,62500,65000
4,14,67500,70000
4,14,70000,72500
4,14,72500,75000
4,14,77500,80000
4,14,80000,82500
4,14,82500,85000
4,14,85000,87500
4,14,87500,90000
4,14,92500,95000
4,14,95000,97500
4,14,102500,105000
4,14,105000,107500
4,14,115000,117500
4,14,132500,135000
4,14,142500,145000
4,14,145000,147500
4,14,152500,155000
4,14,155000,157500
4,14,162500,165000
4,14,165000,167500
4,14,167500,170000
4,14,170000,172500
4,14,172500,175000
4,14,177500,180000
4,14,180000,182500
4,14,185000,187500
4,14,187500,190000
4,14,192500,195000
4,14,197500,200000
4,14,207500,210000
4,14,215000,217500
4,14,217500,220000
4,14,220000,222500
4,14,222500,225000
4,14,225000,227500
4,14,227500,230000
4,14,230000,232500
4,14,232500,235000
4,14,240000,242500
4,14,242500,245000
4,14,245000,247500
4,14,247500,250000
4,14,250000,252500
4,14,252500,255000
4,14,255000,257500
4,14,260000,262500
4,14,262500,265000
4,14,265000,267500
4,14,267500,270000
4,14,270000,272500
4,14,272500,275000
4,14,277500,280000
4,14,280000,282500
4,14,282500,285000
4,14,285000,287500
4,14,287500,290000
4,14,290000,292500
4,14,292500,295000
4,14,295000,297500
4,14,297500,300000
4,14,300000,302500
4,14,302500,305000
4,14,305000,307500
4,14,307500,310000
4,14,310000,312500
4,14,312500,315000
4,14,315000,317500
4,14,317500,320000
4,14,320000,322500
4,14,322500,325000
4,14,327500,330000
4,14,332500,335000
4,14,335000,337500
4,14,342500,345000
4,14,345000,347500
4,14,347500,350000
4,14,350000,352500
4,14,352500,355000
4,14,355000,357500
4,14,357500,360000
4,14,360000,362500
4,14,362500,365000
4,14,375000,377500
4,14,380000,382500
4,14,382500,385000
4,14,385000,387500
4,14,387500,390000
4,14,390000,392500
4,14,392500,395000
4,14,395000,397500
4,14,397500,400000
4,14,400000,402500
4,14,402500,405000
4,14,405000,407500
4,14,407500,410000
4,14,410000,412500
4,14,415000,417500
4,14,417500,420000
4,14,420000,422500
4,14,422500,425000
4,14,425000,427500
4,14,427500,430000
4,14,430000,432500
4,14,432500,435000
4,14,435000,437500
4,14,437500,440000
4,14,440000,442500
4,14,442500,445000
4,14,450000,452500
4,14,452500,455000
4,14,455000,457500
4,14,457500,460000
4,14,460000,462500
4,14,462500,465000
4,14,465000,467500
4,14,467500,470000
4,14,470000,472500
4,14,475000,477500
4,14,477500,480000
4,14,480000,482500
4,14,482500,485000
4,14,485000,487500
4,14,487500,490000
4,14,490000,492500
4,14,492500,495000
4,14,495000,497500
4,14,500000,502500
4,14,507500,510000
4,14,510000,512500
4,14,512500,515000
4,14,515000,517500
4,14,520000,522500
4,14,522500,525000
4,14,525000,527500
4,14,530000,532500
4,14,532500,535000
4,14,537500,540000
4,14,540000,542500
4,14,542500,545000
4,14,545000,547500
4,14,547500,550000
4,14,550000,552500
4,14,552500,555000
4,14,555000,557500
4,14,557500,560000
4,14,567500,570000
4,14,570000,572500
4,14,572500,575000
4,14,575000,577500
4,14,577500,580000
4,14,580000,582500
4,14,582500,585000
4,14,590000,592500
4,14,592500,595000
4,14,595000,597500
4,14,597500,600000
4,14,600000,602500
4,14,602500,605000
4,14,605000,607500
4,14,607500,610000
4,14,610000,612500
4,14,612500,615000
4,14,617500,620000
4,14,620000,622500
4,14,622500,625000
4,14,625000,627500
4,14,627500,630000
4,14,635000,637500
4,14,637500,640000
4,14,640000,642500
4,14,642500,645000
4,14,645000,647500
4,14,647500,650000
4,14,652500,655000
4,14,655000,657500
4,14,662500,665000
4,14,665000,667500
4,14,672500,675000
4,14,680000,682500
4,14,682500,685000
4,14,690000,692500
4,14,695000,697500
4,14,697500,700000
4,14,702500,705000
4,14,705000,707500
4,14,715000,717500
4,14,717500,720000
4,14,720000,722500
4,14,722500,725000
4,14,725000,727500
4,14,727500,730000
4,14,730000,732500
4,14,737500,740000
4,14,762500,765000
4,14,767500,770000
4,14,770000,772500
4,14,775000,777500
4,14,777500,780000
4,14,780000,782500
4,14,782500,785000
4,14,787500,790000
4,14,790000,792500
4,14,800000,802500
4,14,802500,805000
4,14,807500,810000
4,14,810000,812500
4,14,817500,820000
4,14,820000,822500
4,14,832500,835000
4,14,835000,837500
4,14,840000,842500
4,14,842500,845000
4,14,865000,867500
4,14,892500,895000
4,14,897500,900000
4,14,900000,902500
4,14,902500,905000
4,14,910000,912500
4,14,912500,915000
4,14,915000,917500
4,14,917500,920000
4,14,920000,922500
4,14,922500,925000
4,14,925000,927500
4,14,927500,930000
4,14,935000,937500
4,14,940000,942500
4,14,942500,945000
4,14,945000,947500
4,14,947500,950000
4,14,950000,952500
4,14,952500,955000
4,14,955000,957500
4,14,962500,965000
4,14,965000,967500
4,14,967500,970000
4,14,972500,975000
4,14,975000,977500
4,14,987500,990000
4,14,990000,992500
4,14,992500,995000
4,14,997500,1000000
4,14,1000000,1002500
4,14,1007500,1010000
4,14,1012500,1015000
4,14,1025000,1027500
4,14,1027500,1030000
4,14,1047500,1050000
4,14,1050000,1052500
4,14,1055000,1057500
4,14,1057500,1060000
4,14,1060000,1062500
4,14,1065000,1067500
4,14,1095000,1097500
4,14,1097500,1100000
4,14,1100000,1102500
4,14,1112500,1115000
4,14,1115000,1117500
4,14,1117500,1120000
4,14,1120000,1122500
4,14,1125000,1127500
4,14,1127500,1130000
5,14,7500,10000
5,14,10000,12500
5,14,15000,17500
5,14,17500,20000
5,14,20000,22500
5,14,27500,30000
5,14,40000,42500
5,14,42500,45000
5,14,45000,47500
5,14,50000,52500
5,14,52500,55000
5,14,55000,57500
5,14,57500,60000
5,14,60000,62500
5,14,65000,67500
5,14,70000,72500
5,14,72500,75000
5,14,75000,77500
5,14,80000,82500
5,14,82500,85000
5,14,85000,87500
5,14,87500,90000
5,14,90000,92500
5,14,100000,102500
5,14,102500,105000
5,14,112500,115000
5,14,125000,127500
5,14,135000,137500
5,14,137500,140000
5,14,147500,150000
5,14,150000,152500
5,14,160000,162500
5,14,162500,165000
5,14,165000,167500
5,14,167500,170000
5,14,170000,172500
5,14,172500,175000
5,14,175000,177500
5,14,182500,185000
5,14,185000,187500
5,14,187500,190000
5,14,190000,192500
5,14,195000,197500
5,14,202500,205000
5,14,210000,212500
5,14,212500,215000
5,14,217500,220000
5,14,220000,222500
5,14,222500,225000
5,14,225000,227500
5,14,227500,230000
5,14,230000,232500
5,14,237500,240000
5,14,240000,242500
5,14,242500,245000
5,14,245000,247500
5,14,247500,250000
5,14,250000,252500
5,14,252500,255000
5,14,255000,257500
5,14,257500,260000
5,14,262500,265000
5,14,265000,267500
5,14,267500,270000
5,14,270000,272500
5,14,275000,277500
5,14,277500,280000
5,14,280000,282500
5,14,282500,285000
5,14,285000,287500
5,14,287500,290000
5,14,290000,292500
5,14,292500,295000
5,14,295000,297500
5,14,297500,300000
5,14,300000,302500
5,14,302500,305000
5,14,305000,307500
5,14,307500,310000
5,14,310000,312500
5,14,312500,315000
5,14,315000,317500
5,14,317500,320000
5,14,320000,322500
5,14,325000,327500
5,14,330000,332500
5,14,340000,342500
5,14,342500,345000
5,14,345000,347500
5,14,347500,350000
5,14,350000,352500
5,14,352500,355000
5,14,355000,357500
5,14,357500,360000
5,14,360000,362500
5,14,362500,365000
5,14,365000,367500
5,14,377500,380000
5,14,380000,382500
5,14,382500,385000
5,14,385000,387500
5,14,387500,390000
5,14,390000,392500
5,14,392500,395000
5,14,395000,397500
5,14,397500,400000
5,14,400000,402500
5,14,402500,405000
5,14,405000,407500
5,14,407500,410000
5,14,412500,415000
5,14,415000,417500
5,14,417500,420000
5,14,420000,422500
5,14,422500,425000
5,14,425000,427500
5,14,427500,430000
5,14,430000,432500
5,14,432500,435000
5,14,435000,437500
5,14,437500,440000
5,14,440000,442500
5,14,442500,445000
5,14,445000,447500
5,14,452500,455000
5,14,455000,457500
5,14,457500,460000
5,14,460000,462500
5,14,462500,465000
5,14,465000,467500
5,14,467500,470000
5,14,470000,472500
5,14,472500,475000
5,14,477500,480000
5,14,480000,482500
5,14,482500,485000
5,14,485000,487500
5,14,487500,490000
5,14,490000,492500
5,14,492500,495000
5,14,495000,497500
5,14,497500,500000
5,14,505000,507500
5,14,507500,510000
5,14,510000,512500
5,14,512500,515000
5,14,517500,520000
5,14,520000,522500
5,14,522500,525000
5,14,527500,530000
5,14,530000,532500
5,14,535000,537500
5,14,537500,540000
5,14,540000,542500
5,14,542500,545000
5,14,545000,547500
5,14,547500,550000
5,14,550000,552500
5,14,552500,555000
5,14,555000,557500
5,14,565000,567500
5,14,567500,570000
5,14,570000,572500
5,14,572500,575000
5,14,575000,577500
5,14,577500,580000
5,14,580000,582500
5,14,587500,590000
5,14,590000,592500
5,14,592500,595000
5,14,595000,597500
5,14,597500,600000
5,14,600000,602500
5,14,602500,605000
5,14,605000,607500
5,14,607500,610000
5,14,610000,612500
5,14,615000,617500
5,14,617500,620000
5,14,620000,622500
5,14,622500,625000
5,14,625000,627500
5,14,632500,635000
5,14,635000,637500
5,14,637500,640000
5,14,640000,642500
5,14,642500,645000
5,14,645000,647500
5,14,650000,652500
5,14,652500,655000
5,14,660000,662500
5,14,662500,665000
5,14,670000,672500
5,14,677500,680000
5,14,680000,682500
5,14,687500,690000
5,14,692500,695000
5,14,695000,697500
5,14,700000,702500
5,14,702500,705000
5,14,712500,715000
5,14,715000,717500
5,14,717500,720000
5,14,720000,722500
5,14,722500,725000
5,14,725000,727500
5,14,727500,730000
5,14,735000,737500
5,14,760000,762500
5,14,765000,767500
5,14,767500,770000
5,14,772500,775000
5,14,775000,777500
5,14,777500,780000
5,14,780000,782500
5,14,785000,787500
5,14,787500,790000
5,14,797500,800000
5,14,800000,802500
5,14,802500,805000
5,14,805000,807500
5,14,812500,815000
5,14,815000,817500
5,14,830000,832500
5,14,832500,835000
5,14,837500,840000
5,14,840000,842500
5,14,862500,865000
5,14,880000,882500
5,14,882500,885000
5,14,895000,897500
5,14,897500,900000
5,14,900000,902500
5,14,907500,910000
5,14,910000,912500
5,14,912500,915000
5,14,915000,917500
5,14,917500,920000
5,14,920000,922500
5,14,922500,925000
5,14,925000,927500
5,14,937500,940000
5,14,940000,942500
5,14,942500,945000
5,14,945000,947500
5,14,947500,950000
5,14,950000,952500
5,14,952500,955000
5,14,955000,957500
5,14,957500,960000
5,14,965000,967500
5,14,967500,970000
5,14,970000,972500
5,14,975000,977500
5,14,977500,980000
5,14,990000,992500
5,14,995000,997500
5,14,997500,1000000
5,14,1005000,1007500
5,14,1010000,1012500
5,14,1022500,1025000
5,14,1045000,1047500
5,14,1047500,1050000
5,14,1052500,1055000
5,14,1055000,1057500
5,14,1057500,1060000
5,14,1062500,1065000
5,14,1092500,1095000
5,14,1095000,1097500
5,14,1097500,1100000
5,14,1110000,1112500
5,14,1115000,1117500
5,14,1117500,1120000
5,14,1122500,1125000
5,14,1125000,1127500
5,14,1130000,1132500
0,15,687500,690000
0,15,1027500,1030000
1,15,685000,687500
1,15,1025000,1027500
2,15,207500,210000
2,15,210000,212500
2,15,212500,215000
2,15,215000,217500
2,15,217500,220000
2,15,280000,282500
2,15,300000,302500
2,15,347500,350000
2,15,412500,415000
2,15,465000,467500
2,15,520000,522500
2,15,522500,525000
2,15,712500,715000
2,15,972500,975000
2,15,1032500,1035000
3,15,205000,207500
3,15,207500,210000
3,15,210000,212500
3,15,212500,215000
3,15,215000,217500
3,15,277500,280000
3,15,297500,300000
3,15,345000,347500
3,15,410000,412500
3,15,462500,465000
3,15,517500,520000
3,15,520000,522500
3,15,705000,707500
3,15,707500,710000
3,15,970000,972500
3,15,1030000,1032500
4,15,122500,125000
4,15,125000,127500
4,15,127500,130000
4,15,150000,152500
4,15,1017500,1020000
4,15,1047500,1050000
4,15,1117500,1120000
5,15,120000,122500
5,15,125000,127500
5,15,147500,150000
5,15,1015000,1017500
5,15,1045000,1047500
5,15,1115000,1117500
0,16,2500,5000
0,16,565000,567500
0,16,860000,862500
0,16,862500,865000
1,16,0,2500
1,16,857500,860000
1,16,860000,862500
2,16,57500,60000
2,16,135000,137500
2,16,165000,167500
2,16,180000,182500
2,16,192500,195000
2,16,220000,222500
2,16,222500,225000
2,16,232500,235000
2,16,255000,257500
2,16,327500,330000
2,16,335000,337500
2,16,337500,340000
2,16,362500,365000
2,16,365000,367500
2,16,382500,385000
2,16,385000,387500
2,16,390000,392500
2,16,392500,395000
2,16,397500,400000
2,16,422500,425000
2,16,435000,437500
2,16,445000,447500
2,16,460000,462500
2,16,465000,467500
2,16,472500,475000
2,16,475000,477500
2,16,477500,480000
2,16,482500,485000
2,16,485000,487500
2,16,522500,525000
2,16,525000,527500
2,16,530000,532500
2,16,540000,542500
2,16,542500,545000
2,16,545000,547500
2,16,550000,552500
2,16,577500,580000
2,16,630000,632500
2,16,645000,647500
2,16,655000,657500
2,16,662500,665000
2,16,665000,667500
2,16,670000,672500
2,16,677500,680000
2,16,697500,700000
2,16,700000,702500
2,16,717500,720000
2,16,745000,747500
2,16,817500,820000
2,16,830000,832500
2,16,850000,852500
2,16,860000,862500
2,16,867500,870000
2,16,890000,892500
2,16,937500,940000
3,16,55000,57500
3,16,132500,135000
3,16,162500,165000
3,16,177500,180000
3,16,190000,192500
3,16,217500,220000
3,16,220000,222500
3,16,227500,230000
3,16,230000,232500
3,16,252500,255000
3,16,320000,322500
3,16,322500,325000
3,16,332500,335000
3,16,335000,337500
3,16,360000,362500
3,16,362500,365000
3,16,382500,385000
3,16,387500,390000
3,16,390000,392500
3,16,392500,395000
3,16,395000,397500
3,16,420000,422500
3,16,432500,435000
3,16,442500,445000
3,16,457500,460000
3,16,462500,465000
3,16,470000,472500
3,16,472500,475000
3,16,475000,477500
3,16,480000,482500
3,16,482500,485000
3,16,520000,522500
3,16,522500,525000
3,16,527500,530000
3,16,540000,542500
3,16,542500,545000
3,16,547500,550000
3,16,560000,562500
3,16,575000,577500
3,16,627500,630000
3,16,642500,645000
3,16,652500,655000
3,16,660000,662500
3,16,662500,665000
3,16,667500,670000
3,16,675000,677500
3,16,695000,697500
3,16,697500,700000
3,16,715000,717500
3,16,742500,745000
3,16,815000,817500
3,16,827500,830000
3,16,847500,850000
3,16,857500,860000
3,16,865000,867500
3,16,887500,890000
3,16,935000,937500
4,16,117500,120000
4,16,232500,235000
4,16,342500,345000
4,16,352500,355000
4,16,380000,382500
4,16,455000,457500
4,16,465000,467500
4,16,492500,495000
4,16,537500,540000
4,16,622500,625000
4,16,627500,630000
4,16,660000,662500
4,16,760000,762500
4,16,762500,765000
4,16,810000,812500
4,16,812500,815000
4,16,815000,817500
4,16,850000,852500
4,16,902500,905000
4,16,952500,955000
5,16,115000,117500
5,16,230000,232500
5,16,340000,342500
5,16,350000,352500
5,16,377500,380000
5,16,452500,455000
5,16,462500,465000
5,16,490000,492500
5,16,535000,537500
5,16,620000,622500
5,16,625000,627500
5,16,657500,660000
5,16,757500,760000
5,16,760000,762500
5,16,807500,810000
5,16,812500,815000
5,16,847500,850000
5,16,900000,902500
5,16,947500,950000
5,16,950000,952500
0,17,0,2500
0,17,180000,182500
0,17,267500,270000
0,17,295000,297500
0,17,332500,335000
0,17,672500,675000
0,17,835000,837500
0,17,837500,840000
1,17,177500,180000
1,17,265000,267500
1,17,292500,295000
1,17,330000,332500
1,17,670000,672500
1,17,830000,832500
1,17,832500,835000
2,17,170000,172500
2,17,267500,270000
2,17,295000,297500
2,17,332500,335000
2,17,472500,475000
3,17,167500,170000
3,17,265000,267500
3,17,292500,295000
3,17,330000,332500
3,17,470000,472500
4,17,45000,47500
4,17,57500,60000
4,17,67500,70000
4,17,72500,75000
4,17,90000,92500
4,17,92500,95000
4,17,115000,117500
4,17,125000,127500
4,17,177500,180000
4,17,180000,182500
4,17,185000,187500
4,17,192500,195000
4,17,195000,197500
4,17,202500,205000
4,17,220000,222500
4,17,235000,237500
4,17,237500,240000
4,17,250000,252500
4,17,267500,270000
4,17,285000,287500
4,17,305000,307500
4,17,310000,312500
4,17,315000,317500
4,17,322500,325000
4,17,332500,335000
4,17,337500,340000
4,17,365000,367500
4,17,380000,382500
4,17,390000,392500
4,17,402500,405000
4,17,432500,435000
4,17,440000,442500
4,17,462500,465000
4,17,490000,492500
4,17,492500,495000
4,17,512500,515000
4,17,525000,527500
4,17,532500,535000
4,17,540000,542500
4,17,542500,545000
4,17,547500,550000
4,17,592500,595000
4,17,595000,597500
4,17,622500,625000
4,17,630000,632500
4,17,632500,635000
4,17,655000,657500
4,17,695000,697500
4,17,697500,700000
4,17,700000,702500
4,17,707500,710000
4,17,732500,735000
4,17,762500,765000
4,17,765000,767500
4,17,775000,777500
4,17,777500,780000
4,17,792500,795000
4,17,795000,797500
4,17,800000,802500
4,17,802500,805000
4,17,822500,825000
4,17,835000,837500
4,17,837500,840000
5,17,42500,45000
5,17,55000,57500
5,17,65000,67500
5,17,70000,72500
5,17,87500,90000
5,17,90000,92500
5,17,112500,115000
5,17,122500,125000
5,17,177500,180000
5,17,182500,185000
5,17,190000,192500
5,17,192500,195000
5,17,200000,202500
5,17,217500,220000
5,17,232500,235000
5,17,235000,237500
5,17,247500,250000
5,17,265000,267500
5,17,282500,285000
5,17,302500,305000
5,17,307500,310000
5,17,312500,315000
5,17,320000,322500
5,17,330000,332500
5,17,335000,337500
5,17,362500,365000
5,17,377500,380000
5,17,387500,390000
5,17,400000,402500
5,17,430000,432500
5,17,437500,440000
5,17,460000,462500
5,17,487500,490000
5,17,490000,492500
5,17,510000,512500
5,17,522500,525000
5,17,537500,540000
5,17,540000,542500
5,17,545000,547500
5,17,590000,592500
5,17,592500,595000
5,17,620000,622500
5,17,625000,627500
5,17,627500,630000
5,17,647500,650000
5,17,650000,652500
5,17,692500,695000
5,17,695000,697500
5,17,697500,700000
5,17,705000,707500
5,17,730000,732500
5,17,760000,762500
5,17,762500,765000
5,17,772500,775000
5,17,775000,777500
5,17,790000,792500
5,17,792500,795000
5,17,797500,800000
5,17,800000,802500
5,17,820000,822500
5,17,832500,835000
0,18,122500,125000
0,18,202500,205000
0,18,287500,290000
0,18,962500,965000
1,18,122500,125000
1,18,200000,202500
1,18,950000,952500
1,18,990000,992500
4,18,20000,22500
4,18,32500,35000
4,18,35000,37500
4,18,95000,97500
4,18,100000,102500
4,18,120000,122500
4,18,135000,137500
4,18,137500,140000
4,18,140000,142500
4,18,142500,145000
4,18,145000,147500
4,18,147500,150000
4,18,182500,185000
4,18,192500,195000
4,18,195000,197500
4,18,197500,200000
4,18,200000,202500
4,18,202500,205000
4,18,205000,207500
4,18,225000,227500
4,18,232500,235000
4,18,240000,242500
4,18,242500,245000
4,18,247500,250000
4,18,250000,252500
4,18,252500,255000
4,18,255000,257500
4,18,265000,267500
4,18,270000,272500
4,18,287500,290000
4,18,312500,315000
4,18,327500,330000
4,18,332500,335000
4,18,347500,350000
4,18,355000,357500
4,18,370000,372500
4,18,372500,375000
4,18,375000,377500
4,18,390000,392500
4,18,392500,395000
4,18,400000,402500
4,18,402500,405000
4,18,410000,412500
4,18,412500,415000
4,18,415000,417500
4,18,417500,420000
4,18,425000,427500
4,18,430000,432500
4,18,437500,440000
4,18,440000,442500
4,18,445000,447500
4,18,447500,450000
4,18,450000,452500
4,18,457500,460000
4,18,460000,462500
4,18,462500,465000
4,18,465000,467500
4,18,467500,470000
4,18,470000,472500
4,18,472500,475000
4,18,475000,477500
4,18,482500,485000
4,18,485000,487500
4,18,487500,490000
4,18,497500,500000
4,18,507500,510000
4,18,512500,515000
4,18,517500,520000
4,18,522500,525000
4,18,525000,527500
4,18,537500,540000
4,18,542500,545000
4,18,547500,550000
4,18,550000,552500
4,18,552500,555000
4,18,557500,560000
4,18,560000,562500
4,18,562500,565000
4,18,565000,567500
4,18,567500,570000
4,18,572500,575000
4,18,575000,577500
4,18,580000,582500
4,18,582500,585000
4,18,587500,590000
4,18,595000,597500
4,18,597500,600000
4,18,605000,607500
4,18,615000,617500
4,18,622500,625000
4,18,625000,627500
4,18,630000,632500
4,18,635000,637500
4,18,637500,640000
4,18,645000,647500
4,18,652500,655000
4,18,660000,662500
4,18,662500,665000
4,18,675000,677500
4,18,680000,682500
4,18,682500,685000
4,18,692500,695000
4,18,710000,712500
4,18,745000,747500
4,18,747500,750000
4,18,750000,752500
4,18,757500,760000
4,18,772500,775000
4,18,787500,790000
4,18,795000,797500
4,18,857500,860000
4,18,865000,867500
4,18,880000,882500
4,18,892500,895000
4,18,900000,902500
4,18,907500,910000
4,18,910000,912500
4,18,915000,917500
4,18,917500,920000
4,18,920000,922500
4,18,937500,940000
4,18,947500,950000
4,18,962500,965000
4,18,965000,967500
4,18,975000,977500
4,18,985000,987500
4,18,987500,990000
4,18,990000,992500
4,18,1015000,1017500
4,18,1037500,1040000
4,18,1045000,1047500
5,18,22500,25000
5,18,35000,37500
5,18,37500,40000
5,18,97500,100000
5,18,102500,105000
5,18,125000,127500
5,18,137500,140000
5,18,140000,142500
5,18,142500,145000
5,18,145000,147500
5,18,147500,150000
5,18,150000,152500
5,18,185000,187500
5,18,195000,197500
5,18,197500,200000
5,18,200000,202500
5,18,202500,205000
5,18,205000,207500
5,18,212500,215000
5,18,227500,230000
5,18,235000,237500
5,18,245000,247500
5,18,247500,250000
5,18,250000,252500
5,18,252500,255000
5,18,257500,260000
5,18,260000,262500
5,18,267500,270000
5,18,272500,275000
5,18,275000,277500
5,18,290000,292500
5,18,315000,317500
5,18,327500,330000
5,18,330000,332500
5,18,335000,337500
5,18,350000,352500
5,18,367500,370000
5,18,370000,372500
5,18,372500,375000
5,18,377500,380000
5,18,380000,382500
5,18,395000,397500
5,18,407500,410000
5,18,410000,412500
5,18,412500,415000
5,18,415000,417500
5,18,417500,420000
5,18,420000,422500
5,18,427500,430000
5,18,430000,432500
5,18,432500,435000
5,18,440000,442500
5,18,442500,445000
5,18,447500,450000
5,18,450000,452500
5,18,452500,455000
5,18,460000,462500
5,18,462500,465000
5,18,465000,467500
5,18,467500,470000
5,18,470000,472500
5,18,472500,475000
5,18,480000,482500
5,18,482500,485000
5,18,485000,487500
5,18,492500,495000
5,18,495000,497500
5,18,502500,505000
5,18,505000,507500
5,18,510000,512500
5,18,515000,517500
5,18,517500,520000
5,18,520000,522500
5,18,527500,530000
5,18,530000,532500
5,18,540000,542500
5,18,545000,547500
5,18,547500,550000
5,18,550000,552500
5,18,555000,557500
5,18,560000,562500
5,18,562500,565000
5,18,565000,567500
5,18,567500,570000
5,18,570000,572500
5,18,575000,577500
5,18,577500,580000
5,18,585000,587500
5,18,587500,590000
5,18,590000,592500
5,18,597500,600000
5,18,600000,602500
5,18,607500,610000
5,18,610000,612500
5,18,620000,622500
5,18,622500,625000
5,18,625000,627500
5,18,627500,630000
5,18,632500,635000
5,18,640000,642500
5,18,642500,645000
5,18,650000,652500
5,18,657500,660000
5,18,660000,662500
5,18,662500,665000
5,18,665000,667500
5,18,677500,680000
5,18,682500,685000
5,18,685000,687500
5,18,712500,715000
5,18,747500,750000
5,18,752500,755000
5,18,755000,757500
5,18,760000,762500
5,18,775000,777500
5,18,790000,792500
5,18,797500,800000
5,18,860000,862500
5,18,867500,870000
5,18,882500,885000
5,18,895000,897500
5,18,902500,905000
5,18,910000,912500
5,18,912500,915000
5,18,917500,920000
5,18,920000,922500
5,18,922500,925000
5,18,940000,942500
5,18,965000,967500
5,18,967500,970000
5,18,977500,980000
5,18,987500,990000
5,18,990000,992500
5,18,997500,1000000
5,18,1017500,1020000
5,18,1040000,1042500
5,18,1047500,1050000
0,19,92500,95000
0,19,785000,787500
1,19,90000,92500
1,19,785000,787500
2,19,90000,92500
2,19,340000,342500
2,19,620000,622500
2,19,785000,787500
2,19,802500,805000
3,19,87500,90000
3,19,115000,117500
3,19,290000,292500
3,19,657500,660000
3,19,785000,787500
3,19,800000,802500
4,19,7500,10000
4,19,12500,15000
4,19,22500,25000
4,19,32500,35000
4,19,45000,47500
4,19,57500,60000
4,19,65000,67500
4,19,67500,70000
4,19,80000,82500
4,19,100000,102500
4,19,102500,105000
4,19,120000,122500
4,19,152500,155000
4,19,210000,212500
4,19,225000,227500
4,19,235000,237500
4,19,237500,240000
4,19,267500,270000
4,19,277500,280000
4,19,280000,282500
4,19,297500,300000
4,19,310000,312500
4,19,312500,315000
4,19,340000,342500
4,19,347500,350000
4,19,360000,362500
4,19,372500,375000
4,19,387500,390000
4,19,402500,405000
4,19,417500,420000
4,19,427500,430000
4,19,470000,472500
4,19,582500,585000
4,19,590000,592500
4,19,602500,605000
4,19,610000,612500
4,19,617500,620000
4,19,627500,630000
4,19,630000,632500
4,19,652500,655000
4,19,655000,657500
4,19,667500,670000
4,19,670000,672500
4,19,675000,677500
4,19,710000,712500
4,19,715000,717500
4,19,727500,730000
4,19,737500,740000
4,19,740000,742500
4,19,755000,757500
4,19,775000,777500
4,19,782500,785000
4,19,792500,795000
4,19,797500,800000
4,19,800000,802500
4,19,802500,805000
4,19,810000,812500
4,19,815000,817500
4,19,817500,820000
4,19,830000,832500
5,19,10000,12500
5,19,15000,17500
5,19,25000,27500
5,19,37500,40000
5,19,47500,50000
5,19,62500,65000
5,19,67500,70000
5,19,70000,72500
5,19,97500,100000
5,19,100000,102500
5,19,117500,120000
5,19,140000,142500
5,19,192500,195000
5,19,222500,225000
5,19,232500,235000
5,19,265000,267500
5,19,270000,272500
5,19,300000,302500
5,19,322500,325000
5,19,325000,327500
5,19,342500,345000
5,19,357500,360000
5,19,367500,370000
5,19,382500,385000
5,19,385000,387500
5,19,395000,397500
5,19,397500,400000
5,19,410000,412500
5,19,420000,422500
5,19,462500,465000
5,19,575000,577500
5,19,585000,587500
5,19,592500,595000
5,19,607500,610000
5,19,610000,612500
5,19,612500,615000
5,19,625000,627500
5,19,627500,630000
5,19,637500,640000
5,19,655000,657500
5,19,672500,675000
5,19,690000,692500
5,19,712500,715000
5,19,717500,720000
5,19,730000,732500
5,19,740000,742500
5,19,742500,745000
5,19,770000,772500
5,19,777500,780000
5,19,787500,790000
5,19,795000,797500
5,19,800000,802500
5,19,807500,810000
5,19,812500,815000
5,19,815000,817500
5,19,827500,830000
5,19,832500,835000
0,20,0,2500
0,20,2500,5000
0,20,140000,142500
0,20,202500,205000
0,20,795000,797500
0,20,922500,925000
1,20,137500,140000
1,20,200000,202500
1,20,792500,795000
1,20,917500,920000
1,20,920000,922500
2,20,912500,915000
3,20,910000,912500
4,20,12500,15000
4,20,15000,17500
4,20,17500,20000
4,20,22500,25000
4,20,25000,27500
4,20,32500,35000
4,20,40000,42500
4,20,55000,57500
4,20,65000,67500
4,20,67500,70000
4,20,70000,72500
4,20,75000,77500
4,20,77500,80000
4,20,92500,95000
4,20,95000,97500
4,20,107500,110000
4,20,117500,120000
4,20,130000,132500
4,20,132500,135000
4,20,135000,137500
4,20,137500,140000
4,20,150000,152500
4,20,152500,155000
4,20,155000,157500
4,20,165000,167500
4,20,167500,170000
4,20,180000,182500
4,20,182500,185000
4,20,205000,207500
4,20,210000,212500
4,20,222500,225000
4,20,230000,232500
4,20,237500,240000
4,20,240000,242500
4,20,242500,245000
4,20,245000,247500
4,20,247500,250000
4,20,250000,252500
4,20,252500,255000
4,20,255000,257500
4,20,260000,262500
4,20,262500,265000
4,20,265000,267500
4,20,267500,270000
4,20,272500,275000
4,20,275000,277500
4,20,277500,280000
4,20,280000,282500
4,20,282500,285000
4,20,285000,287500
4,20,287500,290000
4,20,310000,312500
4,20,312500,315000
4,20,315000,317500
4,20,317500,320000
4,20,320000,322500
4,20,327500,330000
4,20,330000,332500
4,20,332500,335000
4,20,335000,337500
4,20,337500,340000
4,20,340000,342500
4,20,342500,345000
4,20,345000,347500
4,20,347500,350000
4,20,350000,352500
4,20,352500,355000
4,20,355000,357500
4,20,357500,360000
4,20,362500,365000
4,20,365000,367500
4,20,377500,380000
4,20,380000,382500
4,20,385000,387500
4,20,395000,397500
4,20,397500,400000
4,20,405000,407500
4,20,407500,410000
4,20,417500,420000
4,20,420000,422500
4,20,427500,430000
4,20,430000,432500
4,20,437500,440000
4,20,440000,442500
4,20,442500,445000
4,20,445000,447500
4,20,447500,450000
4,20,450000,452500
4,20,452500,455000
4,20,455000,457500
4,20,457500,460000
4,20,460000,462500
4,20,462500,465000
4,20,475000,477500
4,20,477500,480000
4,20,480000,482500
4,20,482500,485000
4,20,485000,487500
4,20,487500,490000
4,20,497500,500000
4,20,500000,502500
4,20,512500,515000
4,20,520000,522500
4,20,522500,525000
4,20,525000,527500
4,20,547500,550000
4,20,550000,552500
4,20,552500,555000
4,20,555000,557500
4,20,557500,560000
4,20,562500,565000
4,20,565000,567500
4,20,567500,570000
4,20,570000,572500
4,20,572500,575000
4,20,575000,577500
4,20,577500,580000
4,20,595000,597500
4,20,612500,615000
4,20,615000,617500
4,20,627500,630000
4,20,630000,632500
4,20,635000,637500
4,20,637500,640000
4,20,647500,650000
4,20,650000,652500
4,20,662500,665000
4,20,680000,682500
4,20,685000,687500
4,20,695000,697500
4,20,697500,700000
4,20,705000,707500
4,20,710000,712500
4,20,712500,715000
4,20,717500,720000
4,20,742500,745000
4,20,745000,747500
4,20,747500,750000
4,20,752500,755000
4,20,760000,762500
4,20,762500,765000
4,20,770000,772500
4,20,772500,775000
4,20,775000,777500
4,20,787500,790000
4,20,810000,812500
4,20,822500,825000
4,20,825000,827500
4,20,827500,830000
4,20,837500,840000
4,20,840000,842500
4,20,845000,847500
4,20,847500,850000
4,20,850000,852500
4,20,870000,872500
4,20,882500,885000
4,20,890000,892500
4,20,892500,895000
4,20,895000,897500
4,20,897500,900000
4,20,900000,902500
4,20,915000,917500
4,20,957500,960000
4,20,977500,980000
4,20,980000,982500
4,20,982500,985000
4,20,985000,987500
4,20,987500,990000
4,20,990000,992500
4,20,992500,995000
4,20,997500,1000000
4,20,1002500,1005000
4,20,1005000,1007500
4,20,1007500,1010000
4,20,1010000,1012500
4,20,1012500,1015000
4,20,1015000,1017500
4,20,1017500,1020000
4,20,1020000,1022500
4,20,1022500,1025000
4,20,1025000,1027500
5,20,10000,12500
5,20,12500,15000
5,20,15000,17500
5,20,17500,20000
5,20,20000,22500
5,20,25000,27500
5,20,27500,30000
5,20,35000,37500
5,20,45000,47500
5,20,60000,62500
5,20,62500,65000
5,20,67500,70000
5,20,72500,75000
5,20,77500,80000
5,20,80000,82500
5,20,105000,107500
5,20,107500,110000
5,20,110000,112500
5,20,127500,130000
5,20,130000,132500
5,20,132500,135000
5,20,135000,137500
5,20,147500,150000
5,20,150000,152500
5,20,152500,155000
5,20,155000,157500
5,20,157500,160000
5,20,172500,175000
5,20,175000,177500
5,20,202500,205000
5,20,207500,210000
5,20,210000,212500
5,20,212500,215000
5,20,225000,227500
5,20,235000,237500
5,20,237500,240000
5,20,240000,242500
5,20,242500,245000
5,20,245000,247500
5,20,247500,250000
5,20,250000,252500
5,20,252500,255000
5,20,257500,260000
5,20,260000,262500
5,20,262500,265000
5,20,265000,267500
5,20,270000,272500
5,20,272500,275000
5,20,275000,277500
5,20,277500,280000
5,20,280000,282500
5,20,282500,285000
5,20,285000,287500
5,20,287500,290000
5,20,290000,292500
5,20,312500,315000
5,20,315000,317500
5,20,317500,320000
5,20,325000,327500
5,20,327500,330000
5,20,330000,332500
5,20,332500,335000
5,20,335000,337500
5,20,337500,340000
5,20,340000,342500
5,20,342500,345000
5,20,345000,347500
5,20,347500,350000
5,20,350000,352500
5,20,352500,355000
5,20,355000,357500
5,20,360000,362500
5,20,375000,377500
5,20,377500,380000
5,20,380000,382500
5,20,382500,385000
5,20,387500,390000
5,20,397500,400000
5,20,400000,402500
5,20,415000,417500
5,20,417500,420000
5,20,425000,427500
5,20,427500,430000
5,20,435000,437500
5,20,437500,440000
5,20,440000,442500
5,20,442500,445000
5,20,445000,447500
5,20,447500,450000
5,20,450000,452500
5,20,452500,455000
5,20,455000,457500
5,20,457500,460000
5,20,460000,462500
5,20,472500,475000
5,20,475000,477500
5,20,477500,480000
5,20,480000,482500
5,20,482500,485000
5,20,485000,487500
5,20,495000,497500
5,20,497500,500000
5,20,510000,512500
5,20,517500,520000
5,20,520000,522500
5,20,522500,525000
5,20,545000,547500
5,20,547500,550000
5,20,550000,552500
5,20,552500,555000
5,20,555000,557500
5,20,560000,562500
5,20,562500,565000
5,20,565000,567500
5,20,567500,570000
5,20,570000,572500
5,20,572500,575000
5,20,575000,577500
5,20,592500,595000
5,20,610000,612500
5,20,612500,615000
5,20,625000,627500
5,20,632500,635000
5,20,635000,637500
5,20,645000,647500
5,20,660000,662500
5,20,677500,680000
5,20,682500,685000
5,20,690000,692500
5,20,697500,700000
5,20,700000,702500
5,20,707500,710000
5,20,712500,715000
5,20,715000,717500
5,20,732500,735000
5,20,745000,747500
5,20,747500,750000
5,20,750000,752500
5,20,757500,760000
5,20,760000,762500
5,20,762500,765000
5,20,765000,767500
5,20,772500,775000
5,20,785000,787500
5,20,807500,810000
5,20,810000,812500
5,20,812500,815000
5,20,825000,827500
5,20,827500,830000
5,20,830000,832500
5,20,840000,842500
5,20,842500,845000
5,20,847500,850000
5,20,865000,867500
5,20,872500,875000
5,20,885000,887500
5,20,892500,895000
5,20,895000,897500
5,20,897500,900000
5,20,945000,947500
5,20,975000,977500
5,20,977500,980000
5,20,980000,982500
5,20,982500,985000
5,20,985000,987500
5,20,987500,990000
5,20,990000,992500
5,20,992500,995000
5,20,995000,997500
5,20,1000000,1002500
5,20,1005000,1007500
5,20,1007500,1010000
5,20,1010000,1012500
5,20,1012500,1015000
5,20,1015000,1017500
5,20,1017500,1020000
5,20,1020000,1022500
5,20,1022500,1025000
5,20,1025000,1027500
0,21,137500,140000
0,21,200000,202500
0,21,955000,957500
0,21,967500,970000
0,21,980000,982500
1,21,135000,137500
1,21,180000,182500
1,21,977500,980000
2,21,137500,140000
2,21,270000,272500
2,21,317500,320000
2,21,320000,322500
2,21,1055000,1057500
3,21,135000,137500
3,21,312500,315000
4,21,15000,17500
4,21,27500,30000
4,21,30000,32500
4,21,32500,35000
4,21,40000,42500
4,21,77500,80000
4,21,90000,92500
4,21,92500,95000
4,21,97500,100000
4,21,115000,117500
4,21,120000,122500
4,21,132500,135000
4,21,142500,145000
4,21,145000,147500
4,21,162500,165000
4,21,165000,167500
4,21,167500,170000
4,21,170000,172500
4,21,177500,180000
4,21,180000,182500
4,21,185000,187500
4,21,192500,195000
4,21,197500,200000
4,21,200000,202500
4,21,202500,205000
4,21,205000,207500
4,21,222500,225000
4,21,230000,232500
4,21,240000,242500
4,21,242500,245000
4,21,250000,252500
4,21,252500,255000
4,21,255000,257500
4,21,267500,270000
4,21,282500,285000
4,21,285000,287500
4,21,310000,312500
4,21,320000,322500
4,21,330000,332500
4,21,335000,337500
4,21,345000,347500
4,21,352500,355000
4,21,355000,357500
4,21,360000,362500
4,21,385000,387500
4,21,387500,390000
4,21,397500,400000
4,21,420000,422500
4,21,435000,437500
4,21,442500,445000
4,21,445000,447500
4,21,450000,452500
4,21,455000,457500
4,21,470000,472500
4,21,472500,475000
4,21,480000,482500
4,21,482500,485000
4,21,485000,487500
4,21,492500,495000
4,21,495000,497500
4,21,510000,512500
4,21,520000,522500
4,21,525000,527500
4,21,527500,530000
4,21,530000,532500
4,21,540000,542500
4,21,545000,547500
4,21,555000,557500
4,21,565000,567500
4,21,570000,572500
4,21,572500,575000
4,21,580000,582500
4,21,587500,590000
4,21,597500,600000
4,21,600000,602500
4,21,610000,612500
4,21,615000,617500
4,21,617500,620000
4,21,622500,625000
4,21,627500,630000
4,21,630000,632500
4,21,632500,635000
4,21,635000,637500
4,21,637500,640000
4,21,640000,642500
4,21,645000,647500
4,21,647500,650000
4,21,650000,652500
4,21,655000,657500
4,21,662500,665000
4,21,665000,667500
4,21,672500,675000
4,21,677500,680000
4,21,680000,682500
4,21,690000,692500
4,21,692500,695000
4,21,695000,697500
4,21,702500,705000
4,21,712500,715000
4,21,720000,722500
4,21,727500,730000
4,21,740000,742500
4,21,742500,745000
4,21,752500,755000
4,21,755000,757500
4,21,757500,760000
4,21,765000,767500
4,21,775000,777500
4,21,805000,807500
4,21,810000,812500
4,21,817500,820000
4,21,867500,870000
4,21,870000,872500
4,21,872500,875000
4,21,880000,882500
4,21,885000,887500
4,21,897500,900000
4,21,910000,912500
4,21,917500,920000
4,21,932500,935000
4,21,935000,937500
4,21,937500,940000
4,21,952500,955000
4,21,955000,957500
4,21,960000,962500
4,21,965000,967500
4,21,967500,970000
4,21,975000,977500
4,21,977500,980000
4,21,980000,982500
4,21,1000000,1002500
4,21,1002500,1005000
4,21,1005000,1007500
4,21,1007500,1010000
4,21,1052500,1055000
4,21,1055000,1057500
4,21,1062500,1065000
5,21,17500,20000
5,21,30000,32500
5,21,32500,35000
5,21,35000,37500
5,21,42500,45000
5,21,80000,82500
5,21,92500,95000
5,21,95000,97500
5,21,100000,102500
5,21,117500,120000
5,21,120000,122500
5,21,122500,125000
5,21,140000,142500
5,21,142500,145000
5,21,145000,147500
5,21,147500,150000
5,21,165000,167500
5,21,167500,170000
5,21,170000,172500
5,21,172500,175000
5,21,182500,185000
5,21,187500,190000
5,21,195000,197500
5,21,200000,202500
5,21,202500,205000
5,21,207500,210000
5,21,225000,227500
5,21,232500,235000
5,21,242500,245000
5,21,245000,247500
5,21,252500,255000
5,21,257500,260000
5,21,270000,272500
5,21,272500,275000
5,21,285000,287500
5,21,287500,290000
5,21,312500,315000
5,21,325000,327500
5,21,327500,330000
5,21,332500,335000
5,21,337500,340000
5,21,347500,350000
5,21,357500,360000
5,21,360000,362500
5,21,362500,365000
5,21,387500,390000
5,21,390000,392500
5,21,402500,405000
5,21,405000,407500
5,21,427500,430000
5,21,437500,440000
5,21,445000,447500
5,21,447500,450000
5,21,452500,455000
5,21,457500,460000
5,21,477500,480000
5,21,480000,482500
5,21,482500,485000
5,21,490000,492500
5,21,492500,495000
5,21,497500,500000
5,21,500000,502500
5,21,517500,520000
5,21,520000,522500
5,21,522500,525000
5,21,527500,530000
5,21,530000,532500
5,21,532500,535000
5,21,542500,545000
5,21,547500,550000
5,21,557500,560000
5,21,567500,570000
5,21,572500,575000
5,21,575000,577500
5,21,582500,585000
5,21,590000,592500
5,21,602500,605000
5,21,612500,615000
5,21,615000,617500
5,21,620000,622500
5,21,625000,627500
5,21,627500,630000
5,21,630000,632500
5,21,632500,635000
5,21,635000,637500
5,21,637500,640000
5,21,642500,645000
5,21,647500,650000
5,21,650000,652500
5,21,652500,655000
5,21,660000,662500
5,21,662500,665000
5,21,667500,670000
5,21,670000,672500
5,21,675000,677500
5,21,680000,682500
5,21,682500,685000
5,21,692500,695000
5,21,695000,697500
5,21,697500,700000
5,21,707500,710000
5,21,717500,720000
5,21,722500,725000
5,21,730000,732500
5,21,745000,747500
5,21,747500,750000
5,21,755000,757500
5,21,760000,762500
5,21,762500,765000
5,21,767500,770000
5,21,770000,772500
5,21,777500,780000
5,21,807500,810000
5,21,812500,815000
5,21,820000,822500
5,21,870000,872500
5,21,877500,880000
5,21,880000,882500
5,21,882500,885000
5,21,887500,890000
5,21,900000,902500
5,21,912500,915000
5,21,920000,922500
5,21,935000,937500
5,21,937500,940000
5,21,940000,942500
5,21,957500,960000
5,21,960000,962500
5,21,962500,965000
5,21,970000,972500
5,21,977500,980000
5,21,980000,982500
5,21,982500,985000
5,21,1002500,1005000
5,21,1005000,1007500
5,21,1007500,1010000
5,21,1010000,1012500
5,21,1055000,1057500
5,21,1057500,1060000
5,21,1065000,1067500
0,22,110000,112500
0,22,872500,875000
0,22,875000,877500
1,22,107500,110000
1,22,872500,875000
2,22,755000,757500
2,22,875000,877500
3,22,752500,755000
3,22,872500,875000
4,22,7500,10000
4,22,17500,20000
4,22,30000,32500
4,22,40000,42500
4,22,42500,45000
4,22,55000,57500
4,22,72500,75000
4,22,75000,77500
4,22,82500,85000
4,22,87500,90000
4,22,90000,92500
4,22,95000,97500
4,22,135000,137500
4,22,145000,147500
4,22,147500,150000
4,22,152500,155000
4,22,185000,187500
4,22,252500,255000
4,22,270000,272500
4,22,277500,280000
4,22,290000,292500
4,22,292500,295000
4,22,330000,332500
4,22,332500,335000
4,22,340000,342500
4,22,342500,345000
4,22,367500,370000
4,22,375000,377500
4,22,392500,395000
4,22,395000,397500
4,22,400000,402500
4,22,407500,410000
4,22,410000,412500
4,22,420000,422500
4,22,432500,435000
4,22,442500,445000
4,22,445000,447500
4,22,460000,462500
4,22,475000,477500
4,22,492500,495000
4,22,497500,500000
4,22,537500,540000
4,22,570000,572500
4,22,652500,655000
4,22,675000,677500
4,22,682500,685000
4,22,685000,687500
4,22,690000,692500
4,22,695000,697500
4,22,700000,702500
4,22,702500,705000
4,22,705000,707500
4,22,715000,717500
4,22,735000,737500
4,22,745000,747500
4,22,747500,750000
4,22,792500,795000
4,22,810000,812500
4,22,820000,822500
4,22,822500,825000
4,22,837500,840000
4,22,852500,855000
4,22,860000,862500
4,22,870000,872500
4,22,887500,890000
4,22,890000,892500
4,22,910000,912500
5,22,10000,12500
5,22,20000,22500
5,22,32500,35000
5,22,45000,47500
5,22,60000,62500
5,22,75000,77500
5,22,77500,80000
5,22,85000,87500
5,22,92500,95000
5,22,120000,122500
5,22,142500,145000
5,22,150000,152500
5,22,170000,172500
5,22,230000,232500
5,22,267500,270000
5,22,275000,277500
5,22,287500,290000
5,22,317500,320000
5,22,332500,335000
5,22,335000,337500
5,22,360000,362500
5,22,362500,365000
5,22,370000,372500
5,22,390000,392500
5,22,395000,397500
5,22,397500,400000
5,22,402500,405000
5,22,412500,415000
5,22,415000,417500
5,22,430000,432500
5,22,440000,442500
5,22,442500,445000
5,22,457500,460000
5,22,470000,472500
5,22,485000,487500
5,22,495000,497500
5,22,530000,532500
5,22,567500,570000
5,22,645000,647500
5,22,655000,657500
5,22,680000,682500
5,22,685000,687500
5,22,687500,690000
5,22,692500,695000
5,22,697500,700000
5,22,700000,702500
5,22,702500,705000
5,22,707500,710000
5,22,710000,712500
5,22,717500,720000
5,22,737500,740000
5,22,762500,765000
5,22,800000,802500
5,22,812500,815000
5,22,822500,825000
5,22,825000,827500
5,22,850000,852500
5,22,855000,857500
5,22,862500,865000
5,22,882500,885000
5,22,897500,900000
5,22,900000,902500
5,22,930000,932500
0,23,2500,5000
0,23,5000,7500
0,23,27500,30000
0,23,37500,40000
0,23,145000,147500
0,23,175000,177500
0,23,207500,210000
0,23,292500,295000
0,23,730000,732500
0,23,732500,735000
0,23,850000,852500
0,23,852500,855000
0,23,855000,857500
0,23,862500,865000
0,23,865000,867500
0,23,1002500,1005000
0,23,1005000,1007500
0,23,1007500,1010000
0,23,1010000,1012500
0,23,1012500,1015000
0,23,1027500,1030000
0,23,1030000,1032500
0,23,1035000,1037500
0,23,1112500,1115000
1,23,0,2500
1,23,2500,5000
1,23,25000,27500
1,23,35000,37500
1,23,142500,145000
1,23,145000,147500
1,23,172500,175000
1,23,205000,207500
1,23,727500,730000
1,23,730000,732500
1,23,847500,850000
1,23,850000,852500
1,23,852500,855000
1,23,860000,862500
1,23,997500,1000000
1,23,1000000,1002500
1,23,1005000,1007500
1,23,1007500,1010000
1,23,1010000,1012500
1,23,1015000,1017500
1,23,1017500,1020000
1,23,1032500,1035000
2,23,60000,62500
2,23,62500,65000
2,23,65000,67500
2,23,892500,895000
2,23,900000,902500
2,23,907500,910000
2,23,995000,997500
3,23,52500,55000
3,23,62500,65000
3,23,890000,892500
3,23,897500,900000
3,23,905000,907500
3,23,990000,992500
3,23,992500,995000
4,23,0,2500
4,23,12500,15000
4,23,27500,30000
4,23,32500,35000
4,23,45000,47500
4,23,47500,50000
4,23,60000,62500
4,23,62500,65000
4,23,70000,72500
4,23,72500,75000
4,23,75000,77500
4,23,77500,80000
4,23,82500,85000
4,23,85000,87500
4,23,97500,100000
4,23,122500,125000
4,23,132500,135000
4,23,135000,137500
4,23,140000,142500
4,23,142500,145000
4,23,145000,147500
4,23,150000,152500
4,23,152500,155000
4,23,167500,170000
4,23,170000,172500
4,23,177500,180000
4,23,180000,182500
4,23,182500,185000
4,23,185000,187500
4,23,190000,192500
4,23,197500,200000
4,23,215000,217500
4,23,227500,230000
4,23,230000,232500
4,23,232500,235000
4,23,235000,237500
4,23,245000,247500
4,23,250000,252500
4,23,252500,255000
4,23,255000,257500
4,23,257500,260000
4,23,260000,262500
4,23,270000,272500
4,23,272500,275000
4,23,275000,277500
4,23,290000,292500
4,23,292500,295000
4,23,295000,297500
4,23,297500,300000
4,23,300000,302500
4,23,302500,305000
4,23,305000,307500
4,23,307500,310000
4,23,310000,312500
4,23,317500,320000
4,23,320000,322500
4,23,327500,330000
4,23,337500,340000
4,23,340000,342500
4,23,342500,345000
4,23,347500,350000
4,23,357500,360000
4,23,360000,362500
4,23,362500,365000
4,23,365000,367500
4,23,372500,375000
4,23,385000,387500
4,23,387500,390000
4,23,392500,395000
4,23,395000,397500
4,23,397500,400000
4,23,400000,402500
4,23,402500,405000
4,23,405000,407500
4,23,410000,412500
4,23,412500,415000
4,23,415000,417500
4,23,427500,430000
4,23,430000,432500
4,23,432500,435000
4,23,435000,437500
4,23,437500,440000
4,23,440000,442500
4,23,447500,450000
4,23,450000,452500
4,23,452500,455000
4,23,455000,457500
4,23,457500,460000
4,23,462500,465000
4,23,465000,467500
4,23,467500,470000
4,23,472500,475000
4,23,477500,480000
4,23,480000,482500
4,23,482500,485000
4,23,485000,487500
4,23,487500,490000
4,23,490000,492500
4,23,492500,495000
4,23,495000,497500
4,23,497500,500000
4,23,505000,507500
4,23,517500,520000
4,23,527500,530000
4,23,530000,532500
4,23,532500,535000
4,23,542500,545000
4,23,545000,547500
4,23,547500,550000
4,23,550000,552500
4,23,555000,557500
4,23,557500,560000
4,23,560000,562500
4,23,562500,565000
4,23,575000,577500
4,23,577500,580000
4,23,585000,587500
4,23,587500,590000
4,23,590000,592500
4,23,592500,595000
4,23,595000,597500
4,23,605000,607500
4,23,610000,612500
4,23,620000,622500
4,23,622500,625000
4,23,625000,627500
4,23,627500,630000
4,23,632500,635000
4,23,637500,640000
4,23,640000,642500
4,23,642500,645000
4,23,645000,647500
4,23,650000,652500
4,23,652500,655000
4,23,660000,662500
4,23,662500,665000
4,23,667500,670000
4,23,677500,680000
4,23,687500,690000
4,23,690000,692500
4,23,692500,695000
4,23,707500,710000
4,23,710000,712500
4,23,712500,715000
4,23,715000,717500
4,23,720000,722500
4,23,722500,725000
4,23,725000,727500
4,23,727500,730000
4,23,732500,735000
4,23,752500,755000
4,23,755000,757500
4,23,762500,765000
4,23,765000,767500
4,23,772500,775000
4,23,775000,777500
4,23,780000,782500
4,23,790000,792500
4,23,792500,795000
4,23,795000,797500
4,23,800000,802500
4,23,837500,840000
4,23,842500,845000
4,23,845000,847500
4,23,850000,852500
4,23,875000,877500
4,23,880000,882500
4,23,887500,890000
4,23,912500,915000
4,23,927500,930000
4,23,932500,935000
4,23,937500,940000
4,23,940000,942500
4,23,952500,955000
4,23,955000,957500
4,23,975000,977500
4,23,980000,982500
4,23,1035000,1037500
4,23,1040000,1042500
4,23,1042500,1045000
4,23,1045000,1047500
4,23,1077500,1080000
4,23,1080000,1082500
4,23,1082500,1085000
4,23,1097500,1100000
4,23,1100000,1102500
4,23,1102500,1105000
4,23,1112500,1115000
5,23,10000,12500
5,23,25000,27500
5,23,27500,30000
5,23,30000,32500
5,23,40000,42500
5,23,52500,55000
5,23,67500,70000
5,23,70000,72500
5,23,72500,75000
5,23,75000,77500
5,23,80000,82500
5,23,85000,87500
5,23,87500,90000
5,23,112500,115000
5,23,115000,117500
5,23,130000,132500
5,23,135000,137500
5,23,137500,140000
5,23,142500,145000
5,23,147500,150000
5,23,155000,157500
5,23,157500,160000
5,23,175000,177500
5,23,177500,180000
5,23,180000,182500
5,23,182500,185000
5,23,187500,190000
5,23,190000,192500
5,23,192500,195000
5,23,212500,215000
5,23,215000,217500
5,23,217500,220000
5,23,230000,232500
5,23,232500,235000
5,23,242500,245000
5,23,247500,250000
5,23,250000,252500
5,23,252500,255000
5,23,255000,257500
5,23,257500,260000
5,23,267500,270000
5,23,270000,272500
5,23,272500,275000
5,23,280000,282500
5,23,292500,295000
5,23,295000,297500
5,23,297500,300000
5,23,300000,302500
5,23,302500,305000
5,23,305000,307500
5,23,307500,310000
5,23,310000,312500
5,23,312500,315000
5,23,320000,322500
5,23,322500,325000
5,23,332500,335000
5,23,335000,337500
5,23,340000,342500
5,23,345000,347500
5,23,355000,357500
5,23,357500,360000
5,23,360000,362500
5,23,362500,365000
5,23,370000,372500
5,23,382500,385000
5,23,385000,387500
5,23,390000,392500
5,23,392500,395000
5,23,395000,397500
5,23,397500,400000
5,23,400000,402500
5,23,402500,405000
5,23,407500,410000
5,23,410000,412500
5,23,412500,415000
5,23,425000,427500
5,23,427500,430000
5,23,430000,432500
5,23,432500,435000
5,23,435000,437500
5,23,437500,440000
5,23,445000,447500
5,23,447500,450000
5,23,450000,452500
5,23,452500,455000
5,23,455000,457500
5,23,457500,460000
5,23,460000,462500
5,23,465000,467500
5,23,470000,472500
5,23,472500,475000
5,23,475000,477500
5,23,480000,482500
5,23,482500,485000
5,23,485000,487500
5,23,487500,490000
5,23,490000,492500
5,23,492500,495000
5,23,495000,497500
5,23,502500,505000
5,23,512500,515000
5,23,515000,517500
5,23,525000,527500
5,23,527500,530000
5,23,530000,532500
5,23,540000,542500
5,23,542500,545000
5,23,545000,547500
5,23,547500,550000
5,23,552500,555000
5,23,555000,557500
5,23,557500,560000
5,23,560000,562500
5,23,572500,575000
5,23,575000,577500
5,23,582500,585000
5,23,585000,587500
5,23,587500,590000
5,23,590000,592500
5,23,592500,595000
5,23,602500,605000
5,23,607500,610000
5,23,615000,617500
5,23,617500,620000
5,23,622500,625000
5,23,625000,627500
5,23,627500,630000
5,23,630000,632500
5,23,635000,637500
5,23,637500,640000
5,23,640000,642500
5,23,642500,645000
5,23,647500,650000
5,23,650000,652500
5,23,657500,660000
5,23,660000,662500
5,23,665000,667500
5,23,675000,677500
5,23,685000,687500
5,23,687500,690000
5,23,690000,692500
5,23,705000,707500
5,23,707500,710000
5,23,710000,712500
5,23,712500,715000
5,23,715000,717500
5,23,717500,720000
5,23,722500,725000
5,23,725000,727500
5,23,730000,732500
5,23,750000,752500
5,23,752500,755000
5,23,755000,757500
5,23,757500,760000
5,23,767500,770000
5,23,775000,777500
5,23,777500,780000
5,23,787500,790000
5,23,790000,792500
5,23,792500,795000
5,23,797500,800000
5,23,835000,837500
5,23,840000,842500
5,23,842500,845000
5,23,847500,850000
5,23,872500,875000
5,23,875000,877500
5,23,877500,880000
5,23,885000,887500
5,23,910000,912500
5,23,925000,927500
5,23,930000,932500
5,23,935000,937500
5,23,942500,945000
5,23,957500,960000
5,23,977500,980000
5,23,990000,992500
5,23,1032500,1035000
5,23,1035000,1037500
5,23,1037500,1040000
5,23,1042500,1045000
5,23,1075000,1077500
5,23,1077500,1080000
5,23,1080000,1082500
5,23,1095000,1097500
5,23,1097500,1100000
5,23,1100000,1102500
5,23,1102500,1105000
5,23,1105000,1107500
0,24,132500,135000
1,24,135000,137500
1,25,5000,7500
2,25,2500,5000
2,25,220000,222500
2,25,222500,225000
2,25,225000,227500
2,25,227500,230000
2,25,230000,232500
2,25,232500,235000
2,25,235000,237500
2,25,237500,240000
2,25,240000,242500
2,25,242500,245000
2,25,245000,247500
2,25,260000,262500
2,25,262500,265000
2,25,267500,270000
2,25,270000,272500
2,25,280000,282500
2,25,282500,285000
2,25,287500,290000
2,25,290000,292500
2,25,315000,317500
2,25,317500,320000
2,25,320000,322500
2,25,322500,325000
2,25,325000,327500
2,25,327500,330000
2,25,332500,335000
2,25,337500,340000
2,25,342500,345000
2,25,345000,347500
2,25,347500,350000
2,25,350000,352500
2,25,352500,355000
2,25,355000,357500
2,25,357500,360000
2,25,362500,365000
2,25,397500,400000
2,25,407500,410000
2,25,410000,412500
2,25,415000,417500
2,25,442500,445000
2,25,445000,447500
2,25,447500,450000
2,25,455000,457500
2,25,457500,460000
2,25,460000,462500
2,25,462500,465000
2,25,467500,470000
2,25,470000,472500
2,25,472500,475000
2,25,497500,500000
2,25,515000,517500
2,25,547500,550000
2,25,557500,560000
2,25,560000,562500
2,25,570000,572500
2,25,587500,590000
2,25,590000,592500
2,25,607500,610000
2,25,610000,612500
2,25,612500,615000
2,25,615000,617500
2,25,617500,620000
2,25,620000,622500
2,25,622500,625000
2,25,625000,627500
2,25,627500,630000
2,25,630000,632500
2,25,657500,660000
2,25,660000,662500
2,25,680000,682500
2,25,682500,685000
2,25,685000,687500
2,25,695000,697500
2,25,697500,700000
2,25,700000,702500
2,25,702500,705000
2,25,720000,722500
2,25,722500,725000
2,25,727500,730000
2,25,730000,732500
2,25,732500,735000
2,25,767500,770000
2,25,770000,772500
2,25,772500,775000
2,25,777500,780000
2,25,780000,782500
2,25,787500,790000
2,25,790000,792500
2,25,792500,795000
2,25,797500,800000
2,25,845000,847500
2,25,847500,850000
3,25,5000,7500
3,25,222500,225000
3,25,225000,227500
3,25,227500,230000
3,25,230000,232500
3,25,232500,235000
3,25,235000,237500
3,25,237500,240000
3,25,240000,242500
3,25,242500,245000
3,25,245000,247500
3,25,247500,250000
3,25,265000,267500
3,25,267500,270000
3,25,270000,272500
3,25,272500,275000
3,25,285000,287500
3,25,287500,290000
3,25,290000,292500
3,25,292500,295000
3,25,317500,320000
3,25,320000,322500
3,25,322500,325000
3,25,325000,327500
3,25,327500,330000
3,25,330000,332500
3,25,335000,337500
3,25,340000,342500
3,25,342500,345000
3,25,345000,347500
3,25,347500,350000
3,25,350000,352500
3,25,352500,355000
3,25,355000,357500
3,25,357500,360000
3,25,360000,362500
3,25,365000,367500
3,25,400000,402500
3,25,410000,412500
3,25,412500,415000
3,25,417500,420000
3,25,445000,447500
3,25,450000,452500
3,25,457500,460000
3,25,460000,462500
3,25,462500,465000
3,25,465000,467500
3,25,470000,472500
3,25,472500,475000
3,25,475000,477500
3,25,500000,502500
3,25,517500,520000
3,25,555000,557500
3,25,557500,560000
3,25,567500,570000
3,25,577500,580000
3,25,590000,592500
3,25,592500,595000
3,25,610000,612500
3,25,612500,615000
3,25,615000,617500
3,25,617500,620000
3,25,620000,622500
3,25,622500,625000
3,25,625000,627500
3,25,627500,630000
3,25,630000,632500
3,25,632500,635000
3,25,665000,667500
3,25,682500,685000
3,25,685000,687500
3,25,687500,690000
3,25,697500,700000
3,25,700000,702500
3,25,702500,705000
3,25,705000,707500
3,25,722500,725000
3,25,725000,727500
3,25,730000,732500
3,25,732500,735000
3,25,735000,737500
3,25,770000,772500
3,25,775000,777500
3,25,777500,780000
3,25,782500,785000
3,25,785000,787500
3,25,790000,792500
3,25,792500,795000
3,25,795000,797500
3,25,805000,807500
3,25,807500,810000
3,25,847500,850000
3,25,850000,852500
4,25,2500,5000
4,25,447500,450000
4,25,497500,500000
4,25,587500,590000
4,25,590000,592500
4,25,607500,610000
4,25,610000,612500
4,25,695000,697500
5,25,365000,367500
5,25,445000,447500
5,25,577500,580000
5,25,590000,592500
5,25,592500,595000
5,25,662500,665000
5,25,665000,667500
5,25,685000,687500
5,25,687500,690000
5,25,782500,785000
0,26,87500,90000
2,26,235000,237500
2,26,237500,240000
2,26,242500,245000
2,26,247500,250000
2,26,852500,855000
3,26,237500,240000
3,26,240000,242500
3,26,245000,247500
4,26,235000,237500
4,26,237500,240000
4,26,242500,245000
4,26,247500,250000
4,26,852500,855000
5,26,90000,92500
5,26,237500,240000
5,26,240000,242500
5,26,245000,247500
5,26,250000,252500
5,26,855000,857500
1,28,947500,950000
2,28,85000,87500
2,28,87500,90000
2,28,97500,100000
2,28,102500,105000
2,28,185000,187500
2,28,190000,192500
2,28,192500,195000
2,28,200000,202500
2,28,202500,205000
2,28,205000,207500
2,28,207500,210000
2,28,212500,215000
2,28,215000,217500
2,28,217500,220000
2,28,220000,222500
2,28,270000,272500
2,28,285000,287500
2,28,312500,315000
2,28,315000,317500
2,28,317500,320000
2,28,320000,322500
2,28,322500,325000
2,28,325000,327500
2,28,327500,330000
2,28,330000,332500
2,28,332500,335000
2,28,335000,337500
2,28,337500,340000
2,28,350000,352500
2,28,385000,387500
2,28,392500,395000
2,28,410000,412500
2,28,415000,417500
2,28,420000,422500
2,28,422500,425000
2,28,425000,427500
2,28,427500,430000
2,28,430000,432500
2,28,515000,517500
2,28,540000,542500
2,28,560000,562500
2,28,572500,575000
2,28,587500,590000
2,28,590000,592500
2,28,592500,595000
2,28,595000,597500
2,28,597500,600000
2,28,600000,602500
2,28,602500,605000
2,28,630000,632500
2,28,655000,657500
2,28,667500,670000
2,28,682500,685000
2,28,687500,690000
2,28,700000,702500
2,28,765000,767500
2,28,777500,780000
2,28,782500,785000
2,28,940000,942500
2,28,942500,945000
2,28,945000,947500
2,28,947500,950000
3,28,87500,90000
3,28,90000,92500
3,28,100000,102500
3,28,105000,107500
3,28,187500,190000
3,28,190000,192500
3,28,192500,195000
3,28,195000,197500
3,28,202500,205000
3,28,205000,207500
3,28,207500,210000
3,28,210000,212500
3,28,215000,217500
3,28,217500,220000
3,28,220000,222500
3,28,222500,225000
3,28,275000,277500
3,28,310000,312500
3,28,312500,315000
3,28,315000,317500
3,28,317500,320000
3,28,320000,322500
3,28,322500,325000
3,28,325000,327500
3,28,327500,330000
3,28,330000,332500
3,28,332500,335000
3,28,335000,337500
3,28,337500,340000
3,28,340000,342500
3,28,352500,355000
3,28,387500,390000
3,28,395000,397500
3,28,412500,415000
3,28,417500,420000
3,28,422500,425000
3,28,425000,427500
3,28,427500,430000
3,28,442500,445000
3,28,525000,527500
3,28,542500,545000
3,28,562500,565000
3,28,585000,587500
3,28,587500,590000
3,28,590000,592500
3,28,592500,595000
3,28,595000,597500
3,28,597500,600000
3,28,600000,602500
3,28,602500,605000
3,28,605000,607500
3,28,620000,622500
3,28,635000,637500
3,28,637500,640000
3,28,657500,660000
3,28,670000,672500
3,28,672500,675000
3,28,685000,687500
3,28,690000,692500
3,28,702500,705000
3,28,767500,770000
3,28,780000,782500
3,28,785000,787500
3,28,942500,945000
3,28,945000,947500
3,28,947500,950000
3,28,950000,952500
4,28,385000,387500
4,28,515000,517500
4,28,522500,525000
4,28,560000,562500
4,28,572500,575000
4,28,617500,620000
4,28,655000,657500
4,28,682500,685000
5,28,517500,520000
5,28,562500,565000
5,28,637500,640000
5,28,767500,770000
5,28,785000,787500
0,29,62500,65000
0,29,67500,70000
0,29,592500,595000
0,29,697500,700000
1,29,65000,67500
1,29,587500,590000
1,29,695000,697500
2,29,570000,572500
2,29,595000,597500
3,29,202500,205000
3,29,237500,240000
3,29,240000,242500
3,29,400000,402500
4,29,32500,35000
4,29,35000,37500
4,29,37500,40000
4,29,142500,145000
4,29,145000,147500
4,29,167500,170000
4,29,192500,195000
4,29,197500,200000
4,29,235000,237500
4,29,352500,355000
4,29,367500,370000
4,29,375000,377500
4,29,377500,380000
4,29,382500,385000
4,29,385000,387500
4,29,397500,400000
4,29,470000,472500
4,29,472500,475000
4,29,477500,480000
4,29,480000,482500
4,29,482500,485000
4,29,485000,487500
4,29,487500,490000
4,29,490000,492500
4,29,495000,497500
4,29,497500,500000
4,29,520000,522500
4,29,570000,572500
4,29,585000,587500
4,29,592500,595000
4,29,632500,635000
4,29,635000,637500
4,29,640000,642500
4,29,647500,650000
4,29,650000,652500
4,29,682500,685000
4,29,685000,687500
4,29,690000,692500
4,29,692500,695000
4,29,695000,697500
5,29,35000,37500
5,29,40000,42500
5,29,80000,82500
5,29,145000,147500
5,29,147500,150000
5,29,170000,172500
5,29,195000,197500
5,29,200000,202500
5,29,202500,205000
5,29,362500,365000
5,29,365000,367500
5,29,370000,372500
5,29,380000,382500
5,29,382500,385000
5,29,385000,387500
5,29,387500,390000
5,29,400000,402500
5,29,475000,477500
5,29,477500,480000
5,29,480000,482500
5,29,482500,485000
5,29,485000,487500
5,29,487500,490000
5,29,490000,492500
5,29,492500,495000
5,29,497500,500000
5,29,500000,502500
5,29,522500,525000
5,29,572500,575000
5,29,587500,590000
5,29,630000,632500
5,29,632500,635000
5,29,637500,640000
5,29,645000,647500
5,29,647500,650000
5,29,650000,652500
5,29,652500,655000
5,29,685000,687500
5,29,687500,690000
5,29,692500,695000
0,31,60000,62500
0,31,875000,877500
0,31,887500,890000
1,31,882500,885000
1,31,927500,930000
2,31,25000,27500
2,31,92500,95000
2,31,280000,282500
2,31,287500,290000
2,31,887500,890000
3,31,37500,40000
3,31,40000,42500
3,31,90000,92500
3,31,277500,280000
3,31,285000,287500
3,31,862500,865000
4,31,22500,25000
4,31,227500,230000
4,31,230000,232500
4,31,270000,272500
4,31,417500,420000
4,31,420000,422500
4,31,505000,507500
4,31,632500,635000
4,31,635000,637500
4,31,742500,745000
4,31,847500,850000
4,31,912500,915000
5,31,217500,220000
5,31,252500,255000
5,31,315000,317500
5,31,485000,487500
5,31,587500,590000
5,31,737500,740000
5,31,845000,847500
5,31,895000,897500
0,32,10000,12500
0,32,32500,35000
0,32,37500,40000
0,32,47500,50000
1,32,5000,7500
1,32,7500,10000
1,32,30000,32500
1,32,35000,37500
1,32,40000,42500
1,32,42500,45000
1,32,52500,55000
3,32,537500,540000
4,32,47500,50000
4,32,57500,60000
4,32,60000,62500
4,32,110000,112500
4,32,125000,127500
4,32,155000,157500
4,32,167500,170000
4,32,332500,335000
4,32,345000,347500
4,32,425000,427500
4,32,427500,430000
4,32,430000,432500
4,32,432500,435000
4,32,435000,437500
4,32,437500,440000
4,32,440000,442500
4,32,442500,445000
4,32,450000,452500
4,32,452500,455000
4,32,462500,465000
4,32,465000,467500
4,32,467500,470000
4,32,470000,472500
4,32,490000,492500
4,32,497500,500000
4,32,500000,502500
4,32,505000,507500
4,32,507500,510000
4,32,510000,512500
4,32,512500,515000
4,32,515000,517500
4,32,517500,520000
4,32,520000,522500
4,32,522500,525000
4,32,525000,527500
4,32,527500,530000
4,32,530000,532500
4,32,532500,535000
4,32,535000,537500
5,32,52500,55000
5,32,55000,57500
5,32,97500,100000
5,32,100000,102500
5,32,117500,120000
5,32,145000,147500
5,32,157500,160000
5,32,330000,332500
5,32,342500,345000
5,32,422500,425000
5,32,425000,427500
5,32,427500,430000
5,32,430000,432500
5,32,432500,435000
5,32,435000,437500
5,32,437500,440000
5,32,440000,442500
5,32,447500,450000
5,32,450000,452500
5,32,460000,462500
5,32,462500,465000
5,32,465000,467500
5,32,467500,470000
5,32,487500,490000
5,32,495000,497500
5,32,497500,500000
5,32,502500,505000
5,32,505000,507500
5,32,507500,510000
5,32,510000,512500
5,32,512500,515000
5,32,515000,517500
5,32,517500,520000
5,32,520000,522500
5,32,522500,525000
5,32,525000,527500
5,32,527500,530000
5,32,530000,532500
5,32,532500,535000
5,32,540000,542500
0,34,52500,55000
0,34,757500,760000
0,34,900000,902500
0,34,902500,905000
0,34,1005000,1007500
1,34,45000,47500
1,34,755000,757500
1,34,897500,900000
1,34,907500,910000
1,34,1002500,1005000
2,34,12500,15000
2,34,170000,172500
2,34,895000,897500
2,34,905000,907500
2,34,912500,915000
3,34,5000,7500
3,34,7500,10000
3,34,167500,170000
3,34,892500,895000
3,34,902500,905000
4,34,22500,25000
4,34,40000,42500
4,34,282500,285000
4,34,285000,287500
4,34,315000,317500
4,34,397500,400000
4,34,510000,512500
4,34,632500,635000
4,34,635000,637500
4,34,637500,640000
4,34,640000,642500
4,34,867500,870000
4,34,987500,990000
4,34,1005000,1007500
5,34,20000,22500
5,34,37500,40000
5,34,275000,277500
5,34,277500,280000
5,34,312500,315000
5,34,342500,345000
5,34,485000,487500
5,34,590000,592500
5,34,592500,595000
5,34,635000,637500
5,34,637500,640000
5,34,862500,865000
5,34,952500,955000
5,34,1000000,1002500
5,34,1002500,1005000
0,35,7500,10000
0,35,25000,27500
0,35,32500,35000
0,35,45000,47500
1,35,10000,12500
1,35,27500,30000
1,35,30000,32500
1,35,40000,42500
1,35,632500,635000
4,35,100000,102500
4,35,262500,265000
4,35,265000,267500
4,35,435000,437500
4,35,437500,440000
4,35,440000,442500
4,35,447500,450000
4,35,495000,497500
4,35,500000,502500
4,35,507500,510000
4,35,510000,512500
4,35,520000,522500
4,35,522500,525000
4,35,525000,527500
4,35,527500,530000
4,35,530000,532500
4,35,532500,535000
4,35,535000,537500
4,35,537500,540000
4,35,540000,542500
4,35,542500,545000
4,35,545000,547500
4,35,547500,550000
4,35,550000,552500
4,35,552500,555000
4,35,557500,560000
4,35,560000,562500
4,35,565000,567500
4,35,570000,572500
4,35,572500,575000
4,35,577500,580000
4,35,582500,585000
4,35,585000,587500
4,35,587500,590000
4,35,592500,595000
4,35,595000,597500
4,35,600000,602500
4,35,602500,605000
4,35,625000,627500
4,35,645000,647500
4,35,687500,690000
5,35,97500,100000
5,35,235000,237500
5,35,422500,425000
5,35,437500,440000
5,35,440000,442500
5,35,442500,445000
5,35,492500,495000
5,35,497500,500000
5,35,505000,507500
5,35,507500,510000
5,35,517500,520000
5,35,520000,522500
5,35,522500,525000
5,35,525000,527500
5,35,527500,530000
5,35,530000,532500
5,35,532500,535000
5,35,535000,537500
5,35,537500,540000
5,35,540000,542500
5,35,542500,545000
5,35,545000,547500
5,35,547500,550000
5,35,550000,552500
5,35,552500,555000
5,35,555000,557500
5,35,560000,562500
5,35,562500,565000
5,35,567500,570000
5,35,572500,575000
5,35,575000,577500
5,35,580000,582500
5,35,582500,585000
5,35,585000,587500
5,35,590000,592500
5,35,592500,595000
5,35,595000,597500
5,35,597500,600000
5,35,602500,605000
5,35,605000,607500
5,35,632500,635000
5,35,652500,655000
5,35,690000,692500
5,35,692500,695000
0,36,7500,10000
0,36,47500,50000
0,36,70000,72500
1,36,35000,37500
1,36,50000,52500
1,36,80000,82500
4,36,77500,80000
4,36,142500,145000
4,36,147500,150000
5,36,75000,77500
5,36,145000,147500
0,37,135000,137500
1,37,187500,190000
1,37,190000,192500
2,37,5000,7500
2,37,30000,32500
2,37,35000,37500
2,37,37500,40000
2,37,140000,142500
2,37,185000,187500
2,37,187500,190000
3,37,7500,10000
3,37,32500,35000
3,37,37500,40000
3,37,40000,42500
3,37,137500,140000
3,37,187500,190000
3,37,190000,192500
4,37,155000,157500
4,37,197500,200000
5,37,142500,145000
5,37,167500,170000
5,37,200000,202500
0,39,10000,12500
0,39,120000,122500
0,39,200000,202500
0,39,260000,262500
1,39,37500,40000
1,39,122500,125000
1,39,202500,205000
1,39,205000,207500
0,40,70000,72500
0,40,95000,97500
0,40,105000,107500
0,40,202500,205000
0,40,262500,265000
0,40,300000,302500
1,40,30000,32500
1,40,32500,35000
1,40,77500,80000
1,40,97500,100000
1,40,187500,190000
1,40,255000,257500
1,40,257500,260000
1,40,290000,292500
1,40,305000,307500
2,40,110000,112500
2,40,145000,147500
2,40,177500,180000
2,40,180000,182500
2,40,202500,205000
2,40,287500,290000
3,40,32500,35000
3,40,107500,110000
3,40,142500,145000
3,40,175000,177500
3,40,177500,180000
3,40,185000,187500
3,40,285000,287500
4,40,25000,27500
4,40,95000,97500
4,40,287500,290000
5,40,285000,287500
1,41,620000,622500
4,41,230000,232500
4,41,307500,310000
4,41,340000,342500
4,41,350000,352500
4,41,482500,485000
4,41,540000,542500
4,41,555000,557500
4,41,557500,560000
4,41,560000,562500
4,41,562500,565000
4,41,565000,567500
4,41,617500,620000
4,41,732500,735000
4,41,735000,737500
4,41,755000,757500
4,41,775000,777500
4,41,782500,785000
4,41,787500,790000
4,41,795000,797500
4,41,800000,802500
4,41,802500,805000
4,41,805000,807500
4,41,807500,810000
4,41,812500,815000
4,41,1115000,1117500
4,41,1117500,1120000
4,41,1122500,1125000
4,41,1125000,1127500
4,41,1130000,1132500
4,41,1132500,1135000
5,41,232500,235000
5,41,310000,312500
5,41,342500,345000
5,41,352500,355000
5,41,485000,487500
5,41,545000,547500
5,41,557500,560000
5,41,560000,562500
5,41,562500,565000
5,41,565000,567500
5,41,567500,570000
5,41,620000,622500
5,41,737500,740000
5,41,757500,760000
5,41,777500,780000
5,41,785000,787500
5,41,790000,792500
5,41,797500,800000
5,41,802500,805000
5,41,805000,807500
5,41,807500,810000
5,41,810000,812500
5,41,815000,817500
5,41,1117500,1120000
5,41,1120000,1122500
5,41,1125000,1127500
5,41,1127500,1130000
5,41,1132500,1135000
5,41,1135000,1137500
0,42,5000,7500
0,42,10000,12500
1,42,0,2500
1,42,7500,10000
2,42,10000,12500
3,42,7500,10000
3,42,12500,15000
4,42,92500,95000
4,42,97500,100000
5,42,95000,97500
5,42,100000,102500
0,43,70000,72500
0,43,75000,77500
0,43,155000,157500
1,43,72500,75000
1,43,150000,152500
2,43,70000,72500
3,43,150000,152500
4,43,175000,177500
4,43,195000,197500
5,43,170000,172500
5,43,177500,180000
5,43,207500,210000
0,44,2500,5000
0,44,5000,7500
0,44,17500,20000
0,44,20000,22500
0,44,22500,25000
0,44,37500,40000
0,44,40000,42500
0,44,42500,45000
0,44,45000,47500
0,44,47500,50000
0,44,50000,52500
0,44,52500,55000
0,44,55000,57500
0,44,57500,60000
0,44,60000,62500
0,44,62500,65000
0,44,67500,70000
0,44,70000,72500
0,44,72500,75000
0,44,77500,80000
0,44,80000,82500
0,44,85000,87500
0,44,87500,90000
0,44,90000,92500
0,44,92500,95000
0,44,105000,107500
0,44,112500,115000
0,44,115000,117500
0,44,117500,120000
0,44,120000,122500
0,44,135000,137500
0,44,255000,257500
0,44,265000,267500
0,44,327500,330000
1,44,15000,17500
1,44,17500,20000
1,44,20000,22500
1,44,32500,35000
1,44,40000,42500
1,44,42500,45000
1,44,45000,47500
1,44,47500,50000
1,44,50000,52500
1,44,52500,55000
1,44,55000,57500
1,44,57500,60000
1,44,60000,62500
1,44,62500,65000
1,44,65000,67500
1,44,70000,72500
1,44,72500,75000
1,44,75000,77500
1,44,80000,82500
1,44,82500,85000
1,44,87500,90000
1,44,90000,92500
1,44,95000,97500
1,44,110000,112500
1,44,112500,115000
1,44,115000,117500
1,44,117500,120000
1,44,125000,127500
1,44,132500,135000
1,44,137500,140000
1,44,265000,267500
1,44,325000,327500
4,44,17500,20000
4,44,45000,47500
4,44,105000,107500
4,44,122500,125000
4,44,130000,132500
4,44,135000,137500
4,44,160000,162500
4,44,192500,195000
4,44,200000,202500
4,44,237500,240000
4,44,240000,242500
4,44,245000,247500
4,44,252500,255000
4,44,255000,257500
4,44,262500,265000
4,44,265000,267500
4,44,322500,325000
4,44,325000,327500
4,44,327500,330000
4,44,352500,355000
4,44,355000,357500
4,44,360000,362500
4,44,370000,372500
4,44,372500,375000
5,44,15000,17500
5,44,32500,35000
5,44,42500,45000
5,44,95000,97500
5,44,120000,122500
5,44,122500,125000
5,44,132500,135000
5,44,137500,140000
5,44,162500,165000
5,44,195000,197500
5,44,202500,205000
5,44,240000,242500
5,44,242500,245000
5,44,247500,250000
5,44,257500,260000
5,44,267500,270000
5,44,325000,327500
5,44,327500,330000
5,44,330000,332500
5,44,357500,360000
5,44,367500,370000
5,44,377500,380000
4,45,30000,32500
4,45,712500,715000
4,45,785000,787500
5,45,32500,35000
5,45,715000,717500
5,45,787500,790000
0,46,50000,52500
0,46,115000,117500
1,46,110000,112500
2,46,120000,122500
3,46,117500,120000
4,46,135000,137500
5,46,122500,125000
5,46,145000,147500
0,47,30000,32500
1,47,37500,40000
1,47,187500,190000
4,47,45000,47500
4,47,55000,57500
4,47,75000,77500
4,47,185000,187500
4,47,187500,190000
4,47,280000,282500
4,47,357500,360000
4,47,415000,417500
4,47,417500,420000
4,47,707500,710000
4,47,710000,712500
4,47,712500,715000
4,47,715000,717500
4,47,845000,847500
4,47,847500,850000
4,47,935000,937500
5,47,47500,50000
5,47,50000,52500
5,47,60000,62500
5,47,77500,80000
5,47,187500,190000
5,47,190000,192500
5,47,282500,285000
5,47,360000,362500
5,47,417500,420000
5,47,420000,422500
5,47,710000,712500
5,47,712500,715000
5,47,715000,717500
5,47,717500,720000
5,47,850000,852500
5,47,937500,940000
0,48,272500,275000
1,48,270000,272500
1,48,272500,275000
1,48,275000,277500
1,48,310000,312500
2,48,35000,37500
2,48,45000,47500
2,48,47500,50000
2,48,85000,87500
2,48,92500,95000
2,48,97500,100000
2,48,105000,107500
2,48,132500,135000
2,48,142500,145000
2,48,225000,227500
2,48,237500,240000
2,48,255000,257500
2,48,267500,270000
2,48,315000,317500
2,48,332500,335000
2,48,382500,385000
2,48,385000,387500
2,48,390000,392500
2,48,392500,395000
2,48,400000,402500
2,48,405000,407500
2,48,407500,410000
2,48,410000,412500
2,48,412500,415000
2,48,415000,417500
2,48,420000,422500
2,48,427500,430000
2,48,442500,445000
2,48,455000,457500
2,48,457500,460000
2,48,467500,470000
2,48,470000,472500
2,48,472500,475000
2,48,475000,477500
2,48,477500,480000
2,48,480000,482500
3,48,35000,37500
3,48,37500,40000
3,48,80000,82500
3,48,82500,85000
3,48,87500,90000
3,48,95000,97500
3,48,102500,105000
3,48,130000,132500
3,48,140000,142500
3,48,150000,152500
3,48,197500,200000
3,48,222500,225000
3,48,240000,242500
3,48,272500,275000
3,48,310000,312500
3,48,312500,315000
3,48,330000,332500
3,48,387500,390000
3,48,390000,392500
3,48,397500,400000
3,48,402500,405000
3,48,405000,407500
3,48,407500,410000
3,48,410000,412500
3,48,412500,415000
3,48,417500,420000
3,48,425000,427500
3,48,440000,442500
3,48,465000,467500
3,48,467500,470000
3,48,470000,472500
3,48,472500,475000
3,48,475000,477500
3,48,477500,480000
4,48,10000,12500
4,48,22500,25000
4,48,32500,35000
4,48,315000,317500
4,48,320000,322500
4,48,340000,342500
4,48,357500,360000
4,48,382500,385000
4,48,385000,387500
4,48,400000,402500
4,48,415000,417500
4,48,425000,427500
4,48,432500,435000
4,48,435000,437500
4,48,445000,447500
4,48,447500,450000
4,48,472500,475000
5,48,12500,15000
5,48,27500,30000
5,48,55000,57500
5,48,312500,315000
5,48,317500,320000
5,48,337500,340000
5,48,352500,355000
5,48,360000,362500
5,48,397500,400000
5,48,412500,415000
5,48,422500,425000
5,48,430000,432500
5,48,432500,435000
5,48,442500,445000
5,48,445000,447500
5,48,450000,452500
5,48,470000,472500
5,48,492500,495000
5,48,495000,497500
0,49,525000,527500
0,49,700000,702500
1,49,115000,117500
1,49,512500,515000
1,49,542500,545000
2,49,192500,195000
2,49,200000,202500
2,49,505000,507500
2,49,525000,527500
2,49,527500,530000
2,49,540000,542500
2,49,617500,620000
2,49,702500,705000
2,49,705000,707500
2,49,707500,710000
2,49,710000,712500
2,49,712500,715000
2,49,715000,717500
2,49,717500,720000
3,49,115000,117500
3,49,195000,197500
3,49,510000,512500
3,49,512500,515000
3,49,542500,545000
3,49,620000,622500
3,49,702500,705000
3,49,705000,707500
3,49,707500,710000
3,49,710000,712500
3,49,712500,715000
3,49,715000,717500
3,49,717500,720000
3,49,720000,722500
4,49,112500,115000
4,49,200000,202500
4,49,262500,265000
4,49,350000,352500
4,49,400000,402500
4,49,430000,432500
4,49,452500,455000
4,49,505000,507500
4,49,617500,620000
5,49,202500,205000
5,49,265000,267500
5,49,352500,355000
5,49,402500,405000
5,49,432500,435000
5,49,457500,460000
0,50,827500,830000
0,50,830000,832500
1,50,822500,825000
1,50,832500,835000
1,50,875000,877500
1,50,877500,880000
2,50,425000,427500
2,50,515000,517500
2,50,595000,597500
2,50,827500,830000
2,50,830000,832500
2,50,867500,870000
2,50,870000,872500
2,50,872500,875000
2,50,875000,877500
3,50,517500,520000
3,50,822500,825000
3,50,865000,867500
3,50,870000,872500
3,50,872500,875000
4,50,200000,202500
4,50,205000,207500
4,50,230000,232500
4,50,425000,427500
4,50,515000,517500
4,50,595000,597500
4,50,820000,822500
4,50,867500,870000
4,50,870000,872500
4,50,872500,875000
5,50,202500,205000
5,50,205000,207500
5,50,207500,210000
5,50,232500,235000
5,50,490000,492500
5,50,517500,520000
5,50,597500,600000
5,50,822500,825000
5,50,865000,867500
5,50,870000,872500
0,51,222500,225000
1,51,197500,200000
1,51,277500,280000
2,51,12500,15000
2,51,50000,52500
2,51,222500,225000
2,51,225000,227500
2,51,267500,270000
2,51,270000,272500
2,51,272500,275000
2,51,275000,277500
2,51,302500,305000
2,51,305000,307500
2,51,345000,347500
2,51,347500,350000
2,51,352500,355000
2,51,355000,357500
2,51,362500,365000
2,51,365000,367500
2,51,367500,370000
3,51,12500,15000
3,51,270000,272500
3,51,272500,275000
3,51,277500,280000
3,51,300000,302500
3,51,302500,305000
3,51,342500,345000
3,51,350000,352500
3,51,352500,355000
3,51,360000,362500
3,51,362500,365000
3,51,365000,367500
4,51,190000,192500
4,51,192500,195000
4,51,237500,240000
4,51,240000,242500
4,51,247500,250000
4,51,250000,252500
4,51,267500,270000
4,51,270000,272500
4,51,290000,292500
4,51,292500,295000
4,51,305000,307500
4,51,337500,340000
4,51,340000,342500
4,51,357500,360000
4,51,370000,372500
4,51,372500,375000
4,51,375000,377500
5,51,237500,240000
5,51,245000,247500
5,51,247500,250000
5,51,280000,282500
5,51,290000,292500
5,51,302500,305000
5,51,335000,337500
5,51,355000,357500
5,51,367500,370000
5,51,370000,372500
5,51,372500,375000
0,52,462500,465000
0,52,480000,482500
0,52,665000,667500
0,52,667500,670000
0,52,677500,680000
0,52,695000,697500
1,52,452500,455000
1,52,672500,675000
1,52,690000,692500
1,52,692500,695000
1,52,700000,702500
2,52,57500,60000
2,52,242500,245000
2,52,365000,367500
2,52,425000,427500
2,52,445000,447500
2,52,480000,482500
2,52,515000,517500
2,52,682500,685000
2,52,685000,687500
2,52,687500,690000
2,52,690000,692500
2,52,695000,697500
2,52,697500,700000
3,52,60000,62500
3,52,362500,365000
3,52,430000,432500
3,52,442500,445000
3,52,452500,455000
3,52,517500,520000
3,52,680000,682500
3,52,682500,685000
3,52,685000,687500
3,52,687500,690000
3,52,690000,692500
3,52,692500,695000
3,52,697500,700000
3,52,700000,702500
4,52,57500,60000
4,52,102500,105000
4,52,105000,107500
4,52,155000,157500
4,52,177500,180000
4,52,240000,242500
4,52,242500,245000
4,52,282500,285000
4,52,305000,307500
4,52,387500,390000
4,52,400000,402500
4,52,422500,425000
4,52,440000,442500
4,52,462500,465000
5,52,60000,62500
5,52,107500,110000
5,52,160000,162500
5,52,180000,182500
5,52,247500,250000
5,52,290000,292500
5,52,307500,310000
5,52,380000,382500
5,52,390000,392500
5,52,410000,412500
5,52,430000,432500
5,52,475000,477500
5,52,482500,485000
5,52,517500,520000
5,52,700000,702500
0,53,105000,107500
0,53,110000,112500
1,53,107500,110000
2,53,7500,10000
3,53,22500,25000
4,53,7500,10000
4,53,30000,32500
4,53,70000,72500
4,53,77500,80000
4,53,80000,82500
4,53,110000,112500
4,53,130000,132500
4,53,132500,135000
4,53,140000,142500
5,53,32500,35000
5,53,75000,77500
5,53,92500,95000
5,53,107500,110000
5,53,137500,140000
1,54,792500,795000
2,54,785000,787500
3,54,792500,795000
4,54,732500,735000
4,54,785000,787500
4,54,787500,790000
4,54,790000,792500
5,54,735000,737500
5,54,787500,790000
0,55,245000,247500
0,55,367500,370000
0,55,447500,450000
1,55,122500,125000
1,55,137500,140000
1,55,375000,377500
1,55,455000,457500
2,55,332500,335000
2,55,370000,372500
2,55,372500,375000
2,55,447500,450000
3,55,170000,172500
3,55,292500,295000
3,55,327500,330000
3,55,337500,340000
3,55,367500,370000
3,55,370000,372500
3,55,375000,377500
3,55,455000,457500
4,55,117500,120000
4,55,135000,137500
4,55,167500,170000
4,55,195000,197500
4,55,290000,292500
4,55,325000,327500
4,55,365000,367500
5,55,170000,172500
5,55,197500,200000
5,55,247500,250000
0,56,430000,432500
0,56,432500,435000
0,56,435000,437500
0,56,437500,440000
0,56,535000,537500
0,56,692500,695000
0,56,870000,872500
0,56,872500,875000
0,56,882500,885000
0,56,885000,887500
0,56,900000,902500
0,56,902500,905000
0,56,932500,935000
1,56,430000,432500
1,56,432500,435000
1,56,435000,437500
1,56,437500,440000
1,56,440000,442500
1,56,530000,532500
1,56,657500,660000
1,56,695000,697500
1,56,872500,875000
1,56,875000,877500
1,56,902500,905000
1,56,905000,907500
1,56,932500,935000
1,56,935000,937500
2,56,172500,175000
2,56,177500,180000
2,56,297500,300000
2,56,300000,302500
2,56,302500,305000
2,56,305000,307500
2,56,315000,317500
2,56,390000,392500
2,56,410000,412500
2,56,427500,430000
2,56,430000,432500
2,56,432500,435000
2,56,435000,437500
2,56,437500,440000
2,56,522500,525000
2,56,527500,530000
2,56,535000,537500
2,56,537500,540000
2,56,540000,542500
2,56,542500,545000
2,56,550000,552500
2,56,590000,592500
2,56,600000,602500
2,56,612500,615000
2,56,655000,657500
2,56,670000,672500
2,56,672500,675000
2,56,675000,677500
2,56,692500,695000
2,56,732500,735000
3,56,175000,177500
3,56,180000,182500
3,56,232500,235000
3,56,297500,300000
3,56,300000,302500
3,56,302500,305000
3,56,307500,310000
3,56,317500,320000
3,56,412500,415000
3,56,430000,432500
3,56,432500,435000
3,56,435000,437500
3,56,437500,440000
3,56,440000,442500
3,56,525000,527500
3,56,530000,532500
3,56,537500,540000
3,56,540000,542500
3,56,542500,545000
3,56,552500,555000
3,56,602500,605000
3,56,615000,617500
3,56,657500,660000
3,56,672500,675000
3,56,675000,677500
3,56,677500,680000
3,56,750000,752500
3,56,812500,815000
4,56,172500,175000
4,56,175000,177500
4,56,177500,180000
4,56,230000,232500
4,56,295000,297500
4,56,297500,300000
4,56,300000,302500
4,56,302500,305000
4,56,305000,307500
4,56,315000,317500
4,56,387500,390000
4,56,390000,392500
4,56,395000,397500
4,56,410000,412500
4,56,427500,430000
4,56,435000,437500
4,56,437500,440000
4,56,522500,525000
4,56,527500,530000
4,56,535000,537500
4,56,537500,540000
4,56,540000,542500
4,56,542500,545000
4,56,550000,552500
4,56,590000,592500
4,56,600000,602500
4,56,612500,615000
4,56,672500,675000
4,56,675000,677500
4,56,692500,695000
4,56,745000,747500
4,56,747500,750000
4,56,807500,810000
4,56,810000,812500
4,56,882500,885000
4,56,885000,887500
4,56,902500,905000
4,56,917500,920000
4,56,920000,922500
4,56,922500,925000
4,56,925000,927500
4,56,930000,932500
4,56,932500,935000
5,56,175000,177500
5,56,177500,180000
5,56,180000,182500
5,56,232500,235000
5,56,297500,300000
5,56,300000,302500
5,56,302500,305000
5,56,305000,307500
5,56,307500,310000
5,56,317500,320000
5,56,390000,392500
5,56,392500,395000
5,56,397500,400000
5,56,412500,415000
5,56,432500,435000
5,56,435000,437500
5,56,437500,440000
5,56,440000,442500
5,56,525000,527500
5,56,530000,532500
5,56,537500,540000
5,56,540000,542500
5,56,542500,545000
5,56,545000,547500
5,56,552500,555000
5,56,592500,595000
5,56,602500,605000
5,56,615000,617500
5,56,657500,660000
5,56,672500,675000
5,56,675000,677500
5,56,677500,680000
5,56,735000,737500
5,56,747500,750000
5,56,810000,812500
5,56,885000,887500
5,56,887500,890000
5,56,902500,905000
5,56,905000,907500
5,56,920000,922500
5,56,922500,925000
5,56,925000,927500
5,56,927500,930000
5,56,932500,935000
5,56,935000,937500
0,57,530000,532500
2,57,530000,532500
2,57,830000,832500
3,57,832500,835000
4,57,530000,532500
4,57,830000,832500
5,57,532500,535000
5,57,832500,835000
0,58,115000,117500
0,58,225000,227500
0,58,290000,292500
0,58,400000,402500
1,58,95000,97500
1,58,122500,125000
1,58,227500,230000
1,58,252500,255000
1,58,265000,267500
1,58,292500,295000
2,58,92500,95000
2,58,250000,252500
2,58,262500,265000
2,58,290000,292500
2,58,400000,402500
3,58,347500,350000
3,58,402500,405000
4,58,90000,92500
4,58,157500,160000
4,58,250000,252500
4,58,300000,302500
4,58,337500,340000
5,58,160000,162500
5,58,285000,287500
5,58,302500,305000
0,59,222500,225000
0,59,322500,325000
0,59,367500,370000
0,59,382500,385000
0,59,542500,545000
0,59,567500,570000
1,59,327500,330000
1,59,372500,375000
1,59,375000,377500
1,59,540000,542500
1,59,552500,555000
1,59,570000,572500
2,59,180000,182500
2,59,230000,232500
3,59,182500,185000
3,59,552500,555000
4,59,535000,537500
4,59,537500,540000
4,59,540000,542500
4,59,542500,545000
4,59,545000,547500
4,59,547500,550000
4,59,550000,552500
4,59,567500,570000
5,59,225000,227500
5,59,232500,235000
5,59,385000,387500
5,59,537500,540000
5,59,540000,542500
5,59,542500,545000
5,59,545000,547500
5,59,547500,550000
5,59,550000,552500
5,59,552500,555000
5,59,570000,572500
0,60,77500,80000
0,60,97500,100000
0,60,165000,167500
0,60,190000,192500
0,60,200000,202500
0,60,202500,205000
0,60,265000,267500
0,60,270000,272500
0,60,322500,325000
0,60,395000,397500
0,60,420000,422500
0,60,440000,442500
0,60,450000,452500
0,60,465000,467500
0,60,467500,470000
0,60,482500,485000
0,60,485000,487500
0,60,492500,495000
0,60,512500,515000
0,60,597500,600000
0,60,637500,640000
1,60,75000,77500
1,60,165000,167500
1,60,200000,202500
1,60,262500,265000
1,60,265000,267500
1,60,267500,270000
1,60,320000,322500
1,60,392500,395000
1,60,405000,407500
1,60,437500,440000
1,60,447500,450000
1,60,462500,465000
1,60,465000,467500
1,60,472500,475000
1,60,480000,482500
1,60,490000,492500
1,60,492500,495000
1,60,510000,512500
1,60,595000,597500
2,60,215000,217500
2,60,270000,272500
2,60,305000,307500
2,60,307500,310000
2,60,347500,350000
2,60,440000,442500
2,60,470000,472500
2,60,477500,480000
2,60,497500,500000
2,60,572500,575000
2,60,840000,842500
3,60,150000,152500
3,60,212500,215000
3,60,267500,270000
3,60,345000,347500
3,60,437500,440000
3,60,467500,470000
3,60,475000,477500
3,60,492500,495000
3,60,495000,497500
3,60,570000,572500
4,60,37500,40000
4,60,67500,70000
4,60,122500,125000
4,60,395000,397500
4,60,450000,452500
4,60,467500,470000
4,60,482500,485000
4,60,892500,895000
4,60,895000,897500
5,60,5000,7500
5,60,35000,37500
5,60,57500,60000
5,60,65000,67500
5,60,115000,117500
5,60,392500,395000
5,60,447500,450000
5,60,465000,467500
5,60,480000,482500
5,60,890000,892500
5,60,892500,895000
5,60,895000,897500
5,60,897500,900000
0,61,437500,440000
2,61,295000,297500
2,61,415000,417500
2,61,442500,445000
2,61,487500,490000
2,61,522500,525000
3,61,292500,295000
3,61,297500,300000
3,61,300000,302500
3,61,327500,330000
3,61,417500,420000
3,61,440000,442500
3,61,485000,487500
4,61,280000,282500
4,61,320000,322500
4,61,415000,417500
4,61,482500,485000
5,61,300000,302500
5,61,330000,332500
5,61,445000,447500
5,61,495000,497500
0,62,77500,80000
0,62,162500,165000
0,62,165000,167500
0,62,215000,217500
0,62,362500,365000
0,62,365000,367500
0,62,450000,452500
0,62,552500,555000
0,62,555000,557500
0,62,710000,712500
0,62,722500,725000
0,62,725000,727500
0,62,727500,730000
0,62,735000,737500
0,62,737500,740000
0,62,775000,777500
1,62,137500,140000
1,62,217500,220000
1,62,257500,260000
1,62,350000,352500
1,62,437500,440000
1,62,452500,455000
1,62,665000,667500
1,62,712500,715000
1,62,725000,727500
1,62,727500,730000
1,62,730000,732500
1,62,740000,742500
1,62,750000,752500
1,62,777500,780000
2,62,162500,165000
2,62,165000,167500
2,62,215000,217500
2,62,272500,275000
2,62,450000,452500
2,62,552500,555000
2,62,555000,557500
2,62,660000,662500
2,62,725000,727500
2,62,727500,730000
2,62,735000,737500
2,62,745000,747500
2,62,747500,750000
2,62,775000,777500
3,62,137500,140000
3,62,255000,257500
3,62,665000,667500
3,62,725000,727500
3,62,727500,730000
3,62,730000,732500
3,62,737500,740000
3,62,740000,742500
3,62,747500,750000
3,62,750000,752500
3,62,777500,780000
4,62,0,2500
4,62,17500,20000
4,62,92500,95000
4,62,95000,97500
4,62,107500,110000
4,62,110000,112500
4,62,127500,130000
4,62,135000,137500
4,62,172500,175000
4,62,175000,177500
4,62,187500,190000
4,62,190000,192500
4,62,195000,197500
4,62,232500,235000
4,62,237500,240000
4,62,245000,247500
4,62,247500,250000
4,62,250000,252500
4,62,252500,255000
4,62,255000,257500
4,62,272500,275000
4,62,337500,340000
4,62,347500,350000
4,62,370000,372500
4,62,372500,375000
4,62,375000,377500
4,62,377500,380000
4,62,380000,382500
4,62,382500,385000
4,62,402500,405000
4,62,407500,410000
4,62,410000,412500
4,62,425000,427500
4,62,427500,430000
4,62,450000,452500
4,62,552500,555000
4,62,555000,557500
4,62,570000,572500
4,62,572500,575000
4,62,575000,577500
4,62,577500,580000
4,62,580000,582500
4,62,582500,585000
4,62,585000,587500
4,62,602500,605000
4,62,612500,615000
4,62,615000,617500
4,62,617500,620000
4,62,622500,625000
4,62,625000,627500
4,62,635000,637500
4,62,640000,642500
4,62,642500,645000
4,62,660000,662500
4,62,807500,810000
5,62,15000,17500
5,62,17500,20000
5,62,62500,65000
5,62,82500,85000
5,62,85000,87500
5,62,95000,97500
5,62,105000,107500
5,62,107500,110000
5,62,110000,112500
5,62,112500,115000
5,62,130000,132500
5,62,132500,135000
5,62,137500,140000
5,62,167500,170000
5,62,177500,180000
5,62,180000,182500
5,62,190000,192500
5,62,192500,195000
5,62,197500,200000
5,62,220000,222500
5,62,235000,237500
5,62,240000,242500
5,62,242500,245000
5,62,247500,250000
5,62,250000,252500
5,62,252500,255000
5,62,275000,277500
5,62,332500,335000
5,62,350000,352500
5,62,367500,370000
5,62,370000,372500
5,62,372500,375000
5,62,375000,377500
5,62,377500,380000
5,62,380000,382500
5,62,400000,402500
5,62,405000,407500
5,62,407500,410000
5,62,415000,417500
5,62,417500,420000
5,62,452500,455000
5,62,567500,570000
5,62,570000,572500
5,62,572500,575000
5,62,575000,577500
5,62,577500,580000
5,62,580000,582500
5,62,582500,585000
5,62,585000,587500
5,62,587500,590000
5,62,605000,607500
5,62,615000,617500
5,62,620000,622500
5,62,632500,635000
5,62,635000,637500
5,62,637500,640000
5,62,642500,645000
5,62,645000,647500
5,62,665000,667500
0,63,85000,87500
0,63,155000,157500
0,63,160000,162500
0,63,207500,210000
0,63,227500,230000
0,63,235000,237500
0,63,237500,240000
0,63,240000,242500
0,63,242500,245000
0,63,300000,302500
0,63,312500,315000
0,63,357500,360000
0,63,360000,362500
0,63,362500,365000
0,63,387500,390000
0,63,390000,392500
0,63,392500,395000
0,63,407500,410000
0,63,410000,412500
0,63,457500,460000
0,63,460000,462500
0,63,485000,487500
0,63,532500,535000
0,63,537500,540000
0,63,570000,572500
0,63,645000,647500
0,63,687500,690000
0,63,695000,697500
1,63,82500,85000
1,63,152500,155000
1,63,157500,160000
1,63,205000,207500
1,63,232500,235000
1,63,235000,237500
1,63,237500,240000
1,63,240000,242500
1,63,297500,300000
1,63,307500,310000
1,63,355000,357500
1,63,357500,360000
1,63,360000,362500
1,63,385000,387500
1,63,390000,392500
1,63,402500,405000
1,63,405000,407500
1,63,450000,452500
1,63,482500,485000
1,63,535000,537500
1,63,567500,570000
1,63,640000,642500
1,63,642500,645000
1,63,692500,695000
1,63,920000,922500
2,63,197500,200000
2,63,200000,202500
2,63,252500,255000
2,63,272500,275000
2,63,287500,290000
2,63,312500,315000
2,63,370000,372500
2,63,387500,390000
2,63,410000,412500
2,63,415000,417500
2,63,417500,420000
2,63,525000,527500
2,63,590000,592500
2,63,627500,630000
2,63,697500,700000
2,63,785000,787500
2,63,787500,790000
2,63,865000,867500
2,63,867500,870000
3,63,195000,197500
3,63,197500,200000
3,63,247500,250000
3,63,285000,287500
3,63,367500,370000
3,63,385000,387500
3,63,412500,415000
3,63,415000,417500
3,63,522500,525000
3,63,695000,697500
3,63,865000,867500
4,63,37500,40000
4,63,95000,97500
4,63,130000,132500
4,63,147500,150000
4,63,272500,275000
4,63,287500,290000
4,63,440000,442500
4,63,485000,487500
4,63,530000,532500
4,63,572500,575000
4,63,590000,592500
4,63,652500,655000
4,63,697500,700000
4,63,710000,712500
4,63,712500,715000
4,63,715000,717500
4,63,832500,835000
4,63,835000,837500
4,63,852500,855000
4,63,855000,857500
4,63,865000,867500
4,63,870000,872500
4,63,895000,897500
4,63,900000,902500
5,63,35000,37500
5,63,92500,95000
5,63,127500,130000
5,63,145000,147500
5,63,247500,250000
5,63,265000,267500
5,63,285000,287500
5,63,437500,440000
5,63,482500,485000
5,63,527500,530000
5,63,570000,572500
5,63,650000,652500
5,63,695000,697500
5,63,707500,710000
5,63,710000,712500
5,63,712500,715000
5,63,797500,800000
5,63,800000,802500
5,63,832500,835000
5,63,835000,837500
5,63,845000,847500
5,63,857500,860000
5,63,867500,870000
5,63,890000,892500
5,63,892500,895000
5,63,897500,900000
0,64,167500,170000
0,64,192500,195000
1,64,185000,187500
1,64,187500,190000
2,64,167500,170000
2,64,192500,195000
2,64,232500,235000
2,64,265000,267500
2,64,267500,270000
2,64,270000,272500
2,64,295000,297500
3,64,185000,187500
3,64,187500,190000
3,64,265000,267500
3,64,267500,270000
3,64,270000,272500
3,64,297500,300000
4,64,237500,240000
4,64,262500,265000
4,64,282500,285000
4,64,295000,297500
4,64,322500,325000
4,64,335000,337500
4,64,405000,407500
5,64,195000,197500
5,64,235000,237500
5,64,240000,242500
5,64,272500,275000
5,64,297500,300000
5,64,327500,330000
5,64,410000,412500
0,65,245000,247500
0,65,247500,250000
0,65,255000,257500
0,65,260000,262500
0,65,287500,290000
0,65,290000,292500
0,65,292500,295000
0,65,295000,297500
1,65,247500,250000
1,65,250000,252500
1,65,257500,260000
1,65,285000,287500
1,65,290000,292500
1,65,292500,295000
1,65,322500,325000
2,65,245000,247500
2,65,247500,250000
3,65,205000,207500
3,65,322500,325000
4,65,0,2500
4,65,5000,7500
4,65,30000,32500
4,65,32500,35000
4,65,35000,37500
4,65,55000,57500
4,65,57500,60000
4,65,87500,90000
4,65,90000,92500
4,65,97500,100000
4,65,100000,102500
4,65,102500,105000
4,65,110000,112500
4,65,112500,115000
4,65,125000,127500
4,65,127500,130000
4,65,162500,165000
4,65,165000,167500
4,65,170000,172500
4,65,172500,175000
4,65,175000,177500
4,65,267500,270000
4,65,275000,277500
4,65,277500,280000
5,65,2500,5000
5,65,32500,35000
5,65,55000,57500
5,65,85000,87500
5,65,87500,90000
5,65,95000,97500
5,65,97500,100000
5,65,100000,102500
5,65,107500,110000
5,65,110000,112500
5,65,122500,125000
5,65,125000,127500
5,65,160000,162500
5,65,162500,165000
5,65,165000,167500
5,65,167500,170000
5,65,172500,175000
5,65,265000,267500
5,65,267500,270000
5,65,270000,272500
5,65,555000,557500
0,66,117500,120000
0,66,607500,610000
1,66,260000,262500
2,66,535000,537500
3,66,450000,452500
3,66,530000,532500
4,66,0,2500
4,66,7500,10000
4,66,10000,12500
4,66,30000,32500
4,66,32500,35000
4,66,85000,87500
4,66,87500,90000
4,66,152500,155000
4,66,182500,185000
4,66,277500,280000
4,66,285000,287500
4,66,295000,297500
4,66,297500,300000
4,66,305000,307500
4,66,315000,317500
4,66,342500,345000
4,66,362500,365000
4,66,370000,372500
4,66,372500,375000
4,66,377500,380000
4,66,380000,382500
4,66,385000,387500
4,66,387500,390000
4,66,390000,392500
4,66,395000,397500
4,66,397500,400000
4,66,415000,417500
4,66,430000,432500
4,66,435000,437500
4,66,440000,442500
4,66,455000,457500
4,66,457500,460000
4,66,462500,465000
4,66,465000,467500
4,66,475000,477500
4,66,490000,492500
4,66,500000,502500
4,66,505000,507500
4,66,515000,517500
4,66,517500,520000
4,66,522500,525000
4,66,527500,530000
4,66,535000,537500
4,66,557500,560000
4,66,622500,625000
4,66,642500,645000
4,66,645000,647500
4,66,650000,652500
4,66,655000,657500
4,66,682500,685000
4,66,697500,700000
5,66,0,2500
5,66,2500,5000
5,66,10000,12500
5,66,12500,15000
5,66,32500,35000
5,66,35000,37500
5,66,87500,90000
5,66,90000,92500
5,66,122500,125000
5,66,125000,127500
5,66,155000,157500
5,66,225000,227500
5,66,280000,282500
5,66,282500,285000
5,66,292500,295000
5,66,295000,297500
5,66,297500,300000
5,66,300000,302500
5,66,312500,315000
5,66,335000,337500
5,66,350000,352500
5,66,367500,370000
5,66,370000,372500
5,66,372500,375000
5,66,375000,377500
5,66,380000,382500
5,66,382500,385000
5,66,387500,390000
5,66,390000,392500
5,66,392500,395000
5,66,400000,402500
5,66,402500,405000
5,66,425000,427500
5,66,432500,435000
5,66,437500,440000
5,66,450000,452500
5,66,460000,462500
5,66,462500,465000
5,66,472500,475000
5,66,487500,490000
5,66,495000,497500
5,66,497500,500000
5,66,502500,505000
5,66,507500,510000
5,66,510000,512500
5,66,520000,522500
5,66,522500,525000
5,66,525000,527500
5,66,530000,532500
5,66,540000,542500
5,66,560000,562500
5,66,615000,617500
5,66,625000,627500
5,66,645000,647500
5,66,647500,650000
5,66,652500,655000
5,66,657500,660000
5,66,685000,687500
5,66,700000,702500
0,67,237500,240000
0,67,255000,257500
0,67,660000,662500
1,67,232500,235000
1,67,242500,245000
1,67,450000,452500
1,67,452500,455000
2,67,222500,225000
2,67,692500,695000
2,67,697500,700000
3,67,347500,350000
3,67,557500,560000
3,67,577500,580000
3,67,690000,692500
3,67,695000,697500
3,67,742500,745000
4,67,2500,5000
4,67,42500,45000
4,67,47500,50000
4,67,67500,70000
4,67,82500,85000
4,67,90000,92500
4,67,92500,95000
4,67,100000,102500
4,67,105000,107500
4,67,112500,115000
4,67,117500,120000
4,67,125000,127500
4,67,132500,135000
4,67,145000,147500
4,67,147500,150000
4,67,182500,185000
4,67,185000,187500
4,67,200000,202500
4,67,272500,275000
4,67,297500,300000
4,67,310000,312500
4,67,337500,340000
4,67,345000,347500
4,67,360000,362500
4,67,375000,377500
4,67,425000,427500
4,67,442500,445000
4,67,470000,472500
4,67,482500,485000
4,67,495000,497500
4,67,497500,500000
4,67,532500,535000
4,67,545000,547500
4,67,550000,552500
4,67,565000,567500
4,67,585000,587500
4,67,602500,605000
4,67,605000,607500
4,67,615000,617500
4,67,617500,620000
4,67,620000,622500
4,67,622500,625000
4,67,625000,627500
4,67,632500,635000
4,67,642500,645000
4,67,670000,672500
4,67,675000,677500
4,67,682500,685000
4,67,705000,707500
4,67,707500,710000
4,67,710000,712500
4,67,715000,717500
4,67,717500,720000
4,67,725000,727500
5,67,12500,15000
5,67,45000,47500
5,67,57500,60000
5,67,70000,72500
5,67,85000,87500
5,67,92500,95000
5,67,95000,97500
5,67,102500,105000
5,67,110000,112500
5,67,115000,117500
5,67,117500,120000
5,67,120000,122500
5,67,130000,132500
5,67,137500,140000
5,67,177500,180000
5,67,192500,195000
5,67,202500,205000
5,67,205000,207500
5,67,240000,242500
5,67,260000,262500
5,67,262500,265000
5,67,275000,277500
5,67,277500,280000
5,67,307500,310000
5,67,332500,335000
5,67,335000,337500
5,67,342500,345000
5,67,345000,347500
5,67,347500,350000
5,67,362500,365000
5,67,422500,425000
5,67,440000,442500
5,67,480000,482500
5,67,485000,487500
5,67,527500,530000
5,67,530000,532500
5,67,547500,550000
5,67,560000,562500
5,67,580000,582500
5,67,587500,590000
5,67,590000,592500
5,67,610000,612500
5,67,617500,620000
5,67,620000,622500
5,67,622500,625000
5,67,625000,627500
5,67,627500,630000
5,67,635000,637500
5,67,647500,650000
5,67,650000,652500
5,67,665000,667500
5,67,672500,675000
5,67,677500,680000
5,67,680000,682500
5,67,702500,705000
5,67,705000,707500
5,67,707500,710000
5,67,710000,712500
5,67,712500,715000
5,67,722500,725000
0,68,10000,12500
0,68,42500,45000
0,68,162500,165000
0,68,217500,220000
0,68,267500,270000
0,68,292500,295000
0,68,340000,342500
0,68,357500,360000
0,68,370000,372500
0,68,390000,392500
0,68,495000,497500
0,68,497500,500000
0,68,517500,520000
0,68,632500,635000
0,68,635000,637500
0,68,637500,640000
0,68,645000,647500
0,68,647500,650000
1,68,40000,42500
1,68,65000,67500
1,68,150000,152500
1,68,207500,210000
1,68,265000,267500
1,68,280000,282500
1,68,282500,285000
1,68,337500,340000
1,68,345000,347500
1,68,367500,370000
1,68,387500,390000
1,68,492500,495000
1,68,512500,515000
1,68,627500,630000
1,68,630000,632500
1,68,635000,637500
1,68,640000,642500
1,68,672500,675000
1,68,757500,760000
2,68,357500,360000
2,68,370000,372500
2,68,495000,497500
2,68,497500,500000
2,68,517500,520000
2,68,520000,522500
2,68,547500,550000
2,68,560000,562500
2,68,562500,565000
2,68,565000,567500
2,68,570000,572500
2,68,572500,575000
2,68,582500,585000
2,68,590000,592500
2,68,605000,607500
2,68,615000,617500
2,68,622500,625000
2,68,625000,627500
2,68,645000,647500
2,68,670000,672500
2,68,715000,717500
3,68,345000,347500
3,68,367500,370000
3,68,492500,495000
3,68,537500,540000
3,68,550000,552500
3,68,562500,565000
3,68,565000,567500
3,68,567500,570000
3,68,580000,582500
3,68,585000,587500
3,68,587500,590000
3,68,600000,602500
3,68,602500,605000
3,68,612500,615000
3,68,615000,617500
3,68,617500,620000
3,68,627500,630000
3,68,640000,642500
3,68,662500,665000
3,68,672500,675000
3,68,675000,677500
4,68,27500,30000
4,68,55000,57500
4,68,57500,60000
4,68,187500,190000
4,68,190000,192500
4,68,197500,200000
4,68,202500,205000
4,68,205000,207500
4,68,255000,257500
4,68,357500,360000
4,68,377500,380000
4,68,467500,470000
4,68,470000,472500
4,68,472500,475000
4,68,475000,477500
4,68,482500,485000
4,68,485000,487500
4,68,495000,497500
4,68,497500,500000
4,68,517500,520000
4,68,520000,522500
4,68,522500,525000
4,68,535000,537500
4,68,547500,550000
4,68,560000,562500
4,68,562500,565000
4,68,565000,567500
4,68,570000,572500
4,68,572500,575000
4,68,575000,577500
4,68,577500,580000
4,68,582500,585000
4,68,585000,587500
4,68,590000,592500
4,68,597500,600000
4,68,605000,607500
4,68,607500,610000
4,68,615000,617500
4,68,622500,625000
4,68,625000,627500
4,68,627500,630000
4,68,657500,660000
4,68,660000,662500
4,68,670000,672500
4,68,715000,717500
4,68,717500,720000
4,68,750000,752500
4,68,752500,755000
5,68,20000,22500
5,68,52500,55000
5,68,55000,57500
5,68,182500,185000
5,68,195000,197500
5,68,200000,202500
5,68,202500,205000
5,68,252500,255000
5,68,345000,347500
5,68,375000,377500
5,68,465000,467500
5,68,467500,470000
5,68,470000,472500
5,68,472500,475000
5,68,480000,482500
5,68,482500,485000
5,68,492500,495000
5,68,520000,522500
5,68,532500,535000
5,68,535000,537500
5,68,537500,540000
5,68,550000,552500
5,68,562500,565000
5,68,565000,567500
5,68,567500,570000
5,68,572500,575000
5,68,575000,577500
5,68,580000,582500
5,68,585000,587500
5,68,587500,590000
5,68,592500,595000
5,68,600000,602500
5,68,602500,605000
5,68,612500,615000
5,68,615000,617500
5,68,617500,620000
5,68,625000,627500
5,68,655000,657500
5,68,657500,660000
5,68,660000,662500
5,68,662500,665000
5,68,672500,675000
5,68,675000,677500
5,68,717500,720000
5,68,720000,722500
0,69,280000,282500
0,69,335000,337500
0,69,402500,405000
0,69,405000,407500
1,69,332500,335000
1,69,340000,342500
1,69,342500,345000
1,69,400000,402500
1,69,430000,432500
1,69,450000,452500
1,69,805000,807500
2,69,207500,210000
2,69,230000,232500
2,69,260000,262500
2,69,262500,265000
2,69,340000,342500
2,69,377500,380000
2,69,387500,390000
2,69,462500,465000
2,69,592500,595000
2,69,620000,622500
2,69,637500,640000
3,69,205000,207500
3,69,207500,210000
3,69,225000,227500
3,69,232500,235000
3,69,255000,257500
3,69,337500,340000
3,69,377500,380000
3,69,380000,382500
3,69,612500,615000
3,69,660000,662500
4,69,0,2500
4,69,40000,42500
4,69,90000,92500
4,69,92500,95000
4,69,122500,125000
4,69,125000,127500
4,69,157500,160000
4,69,172500,175000
4,69,182500,185000
4,69,230000,232500
4,69,247500,250000
4,69,252500,255000
4,69,270000,272500
4,69,287500,290000
4,69,325000,327500
4,69,327500,330000
4,69,330000,332500
4,69,357500,360000
4,69,362500,365000
4,69,365000,367500
4,69,367500,370000
4,69,370000,372500
4,69,375000,377500
4,69,377500,380000
4,69,387500,390000
4,69,392500,395000
4,69,395000,397500
4,69,397500,400000
4,69,410000,412500
4,69,420000,422500
4,69,437500,440000
4,69,450000,452500
4,69,465000,467500
4,69,467500,470000
4,69,472500,475000
4,69,475000,477500
4,69,485000,487500
4,69,500000,502500
4,69,507500,510000
4,69,510000,512500
4,69,525000,527500
4,69,575000,577500
4,69,590000,592500
4,69,592500,595000
4,69,595000,597500
4,69,597500,600000
4,69,605000,607500
4,69,620000,622500
4,69,622500,625000
4,69,637500,640000
4,69,657500,660000
4,69,665000,667500
4,69,695000,697500
4,69,755000,757500
4,69,802500,805000
5,69,2500,5000
5,69,42500,45000
5,69,92500,95000
5,69,95000,97500
5,69,127500,130000
5,69,130000,132500
5,69,160000,162500
5,69,175000,177500
5,69,177500,180000
5,69,225000,227500
5,69,232500,235000
5,69,250000,252500
5,69,265000,267500
5,69,267500,270000
5,69,272500,275000
5,69,282500,285000
5,69,320000,322500
5,69,327500,330000
5,69,360000,362500
5,69,362500,365000
5,69,365000,367500
5,69,367500,370000
5,69,372500,375000
5,69,377500,380000
5,69,380000,382500
5,69,390000,392500
5,69,392500,395000
5,69,395000,397500
5,69,397500,400000
5,69,407500,410000
5,69,417500,420000
5,69,427500,430000
5,69,447500,450000
5,69,452500,455000
5,69,465000,467500
5,69,470000,472500
5,69,472500,475000
5,69,482500,485000
5,69,497500,500000
5,69,505000,507500
5,69,507500,510000
5,69,510000,512500
5,69,512500,515000
5,69,527500,530000
5,69,540000,542500
5,69,577500,580000
5,69,592500,595000
5,69,595000,597500
5,69,602500,605000
5,69,605000,607500
5,69,612500,615000
5,69,622500,625000
5,69,625000,627500
5,69,640000,642500
5,69,642500,645000
5,69,660000,662500
5,69,667500,670000
5,69,697500,700000
5,69,757500,760000
0,70,252500,255000
0,70,255000,257500
0,70,267500,270000
0,70,270000,272500
0,70,485000,487500
0,70,487500,490000
0,70,617500,620000
0,70,620000,622500
0,70,767500,770000
1,70,247500,250000
1,70,257500,260000
1,70,472500,475000
1,70,475000,477500
1,70,630000,632500
1,70,765000,767500
2,70,207500,210000
2,70,335000,337500
2,70,750000,752500
2,70,762500,765000
3,70,205000,207500
3,70,207500,210000
3,70,247500,250000
3,70,332500,335000
3,70,747500,750000
3,70,757500,760000
3,70,835000,837500
4,70,0,2500
4,70,50000,52500
4,70,67500,70000
4,70,75000,77500
4,70,90000,92500
4,70,97500,100000
4,70,100000,102500
4,70,105000,107500
4,70,115000,117500
4,70,117500,120000
4,70,127500,130000
4,70,135000,137500
4,70,140000,142500
4,70,147500,150000
4,70,167500,170000
4,70,170000,172500
4,70,187500,190000
4,70,190000,192500
4,70,200000,202500
4,70,207500,210000
4,70,217500,220000
4,70,240000,242500
4,70,317500,320000
4,70,357500,360000
4,70,380000,382500
4,70,397500,400000
4,70,407500,410000
4,70,410000,412500
4,70,417500,420000
4,70,420000,422500
4,70,462500,465000
4,70,467500,470000
4,70,502500,505000
4,70,517500,520000
4,70,567500,570000
4,70,570000,572500
4,70,572500,575000
4,70,602500,605000
4,70,627500,630000
4,70,635000,637500
4,70,637500,640000
4,70,640000,642500
4,70,647500,650000
4,70,650000,652500
4,70,655000,657500
4,70,660000,662500
4,70,665000,667500
4,70,675000,677500
4,70,677500,680000
4,70,680000,682500
4,70,710000,712500
4,70,712500,715000
4,70,715000,717500
4,70,722500,725000
4,70,725000,727500
4,70,737500,740000
4,70,742500,745000
4,70,775000,777500
4,70,777500,780000
4,70,782500,785000
4,70,785000,787500
4,70,802500,805000
4,70,815000,817500
4,70,835000,837500
5,70,25000,27500
5,70,55000,57500
5,70,57500,60000
5,70,72500,75000
5,70,80000,82500
5,70,92500,95000
5,70,100000,102500
5,70,102500,105000
5,70,107500,110000
5,70,110000,112500
5,70,125000,127500
5,70,132500,135000
5,70,137500,140000
5,70,142500,145000
5,70,160000,162500
5,70,185000,187500
5,70,187500,190000
5,70,190000,192500
5,70,205000,207500
5,70,210000,212500
5,70,222500,225000
5,70,280000,282500
5,70,282500,285000
5,70,382500,385000
5,70,405000,407500
5,70,407500,410000
5,70,415000,417500
5,70,417500,420000
5,70,460000,462500
5,70,465000,467500
5,70,500000,502500
5,70,505000,507500
5,70,537500,540000
5,70,570000,572500
5,70,582500,585000
5,70,610000,612500
5,70,625000,627500
5,70,632500,635000
5,70,637500,640000
5,70,642500,645000
5,70,650000,652500
5,70,652500,655000
5,70,657500,660000
5,70,662500,665000
5,70,667500,670000
5,70,670000,672500
5,70,677500,680000
5,70,707500,710000
5,70,710000,712500
5,70,712500,715000
5,70,715000,717500
5,70,717500,720000
5,70,735000,737500
5,70,740000,742500
5,70,767500,770000
5,70,770000,772500
5,70,777500,780000
5,70,780000,782500
5,70,795000,797500
5,70,812500,815000
5,70,832500,835000
0,71,90000,92500
0,71,125000,127500
0,71,182500,185000
0,71,202500,205000
0,71,217500,220000
0,71,225000,227500
0,71,247500,250000
0,71,252500,255000
0,71,262500,265000
0,71,265000,267500
0,71,270000,272500
0,71,272500,275000
0,71,275000,277500
0,71,290000,292500
0,71,292500,295000
0,71,295000,297500
0,71,300000,302500
0,71,315000,317500
0,71,317500,320000
0,71,320000,322500
0,71,322500,325000
0,71,325000,327500
0,71,385000,387500
0,71,407500,410000
0,71,410000,412500
0,71,465000,467500
0,71,467500,470000
0,71,480000,482500
0,71,485000,487500
0,71,512500,515000
0,71,525000,527500
0,71,527500,530000
0,71,530000,532500
0,71,535000,537500
0,71,602500,605000
0,71,605000,607500
0,71,640000,642500
0,71,655000,657500
0,71,657500,660000
0,71,757500,760000
0,71,760000,762500
0,71,762500,765000
0,71,767500,770000
1,71,87500,90000
1,71,122500,125000
1,71,180000,182500
1,71,200000,202500
1,71,212500,215000
1,71,220000,222500
1,71,237500,240000
1,71,240000,242500
1,71,250000,252500
1,71,260000,262500
1,71,262500,265000
1,71,267500,270000
1,71,270000,272500
1,71,272500,275000
1,71,287500,290000
1,71,290000,292500
1,71,292500,295000
1,71,295000,297500
1,71,297500,300000
1,71,312500,315000
1,71,315000,317500
1,71,317500,320000
1,71,320000,322500
1,71,322500,325000
1,71,382500,385000
1,71,397500,400000
1,71,460000,462500
1,71,477500,480000
1,71,482500,485000
1,71,497500,500000
1,71,522500,525000
1,71,525000,527500
1,71,527500,530000
1,71,532500,535000
1,71,600000,602500
1,71,602500,605000
1,71,637500,640000
1,71,652500,655000
1,71,655000,657500
1,71,660000,662500
1,71,752500,755000
1,71,755000,757500
1,71,760000,762500
1,71,765000,767500
1,71,907500,910000
2,71,225000,227500
2,71,472500,475000
2,71,512500,515000
2,71,610000,612500
2,71,657500,660000
2,71,660000,662500
2,71,665000,667500
2,71,695000,697500
2,71,702500,705000
2,71,745000,747500
2,71,787500,790000
2,71,800000,802500
2,71,802500,805000
2,71,817500,820000
2,71,825000,827500
2,71,830000,832500
2,71,850000,852500
3,71,470000,472500
3,71,607500,610000
3,71,655000,657500
3,71,657500,660000
3,71,660000,662500
3,71,662500,665000
3,71,692500,695000
3,71,700000,702500
3,71,717500,720000
3,71,725000,727500
3,71,740000,742500
3,71,782500,785000
3,71,785000,787500
3,71,797500,800000
3,71,800000,802500
3,71,805000,807500
3,71,822500,825000
3,71,827500,830000
3,71,832500,835000
4,71,22500,25000
4,71,210000,212500
4,71,235000,237500
4,71,370000,372500
4,71,660000,662500
4,71,665000,667500
4,71,690000,692500
4,71,692500,695000
4,71,695000,697500
4,71,697500,700000
4,71,700000,702500
4,71,705000,707500
4,71,707500,710000
4,71,710000,712500
4,71,715000,717500
4,71,722500,725000
4,71,730000,732500
4,71,735000,737500
4,71,737500,740000
4,71,745000,747500
4,71,770000,772500
4,71,775000,777500
4,71,787500,790000
4,71,790000,792500
4,71,792500,795000
4,71,795000,797500
4,71,797500,800000
4,71,800000,802500
4,71,802500,805000
4,71,817500,820000
4,71,820000,822500
4,71,825000,827500
4,71,830000,832500
4,71,850000,852500
4,71,895000,897500
5,71,20000,22500
5,71,207500,210000
5,71,232500,235000
5,71,367500,370000
5,71,657500,660000
5,71,660000,662500
5,71,662500,665000
5,71,687500,690000
5,71,690000,692500
5,71,692500,695000
5,71,695000,697500
5,71,697500,700000
5,71,702500,705000
5,71,705000,707500
5,71,707500,710000
5,71,712500,715000
5,71,715000,717500
5,71,732500,735000
5,71,737500,740000
5,71,740000,742500
5,71,767500,770000
5,71,772500,775000
5,71,785000,787500
5,71,790000,792500
5,71,792500,795000
5,71,795000,797500
5,71,797500,800000
5,71,800000,802500
5,71,802500,805000
5,71,805000,807500
5,71,820000,822500
5,71,822500,825000
5,71,827500,830000
5,71,892500,895000
0,72,160000,162500
0,72,185000,187500
0,72,207500,210000
0,72,375000,377500
1,72,157500,160000
1,72,182500,185000
1,72,202500,205000
1,72,205000,207500
1,72,372500,375000
2,72,245000,247500
3,72,242500,245000
0,73,85000,87500
0,73,102500,105000
0,73,180000,182500
0,73,182500,185000
0,73,277500,280000
1,73,87500,90000
1,73,140000,142500
2,73,47500,50000
2,73,50000,52500
2,73,85000,87500
2,73,137500,140000
2,73,227500,230000
2,73,277500,280000
3,73,50000,52500
3,73,87500,90000
3,73,117500,120000
3,73,135000,137500
3,73,182500,185000
3,73,232500,235000
3,73,280000,282500
3,73,355000,357500
4,73,47500,50000
4,73,85000,87500
4,73,102500,105000
4,73,105000,107500
4,73,110000,112500
4,73,115000,117500
4,73,127500,130000
4,73,130000,132500
4,73,132500,135000
4,73,135000,137500
4,73,137500,140000
4,73,227500,230000
4,73,230000,232500
4,73,310000,312500
4,73,312500,315000
4,73,352500,355000
5,73,52500,55000
5,73,87500,90000
5,73,105000,107500
5,73,107500,110000
5,73,112500,115000
5,73,130000,132500
5,73,132500,135000
5,73,135000,137500
5,73,182500,185000
5,73,185000,187500
5,73,232500,235000
5,73,315000,317500
4,74,42500,45000
4,74,47500,50000
5,74,45000,47500
5,74,50000,52500
0,75,172500,175000
0,75,195000,197500
0,75,197500,200000
0,75,220000,222500
0,75,292500,295000
0,75,407500,410000
1,75,170000,172500
1,75,192500,195000
1,75,195000,197500
1,75,215000,217500
1,75,217500,220000
1,75,287500,290000
1,75,290000,292500
1,75,405000,407500
2,75,162500,165000
2,75,165000,167500
3,75,160000,162500
3,75,162500,165000
0,76,202500,205000
0,76,232500,235000
1,76,115000,117500
1,76,125000,127500
1,76,230000,232500
2,76,27500,30000
2,76,70000,72500
2,76,145000,147500
2,76,150000,152500
2,76,182500,185000
3,76,37500,40000
3,76,75000,77500
3,76,147500,150000
3,76,177500,180000
4,76,27500,30000
4,76,32500,35000
4,76,35000,37500
4,76,70000,72500
4,76,85000,87500
4,76,92500,95000
4,76,97500,100000
4,76,110000,112500
4,76,122500,125000
4,76,142500,145000
4,76,145000,147500
4,76,152500,155000
4,76,155000,157500
4,76,160000,162500
4,76,175000,177500
4,76,205000,207500
4,76,212500,215000
4,76,215000,217500
5,76,30000,32500
5,76,40000,42500
5,76,77500,80000
5,76,87500,90000
5,76,90000,92500
5,76,95000,97500
5,76,100000,102500
5,76,102500,105000
5,76,152500,155000
5,76,157500,160000
5,76,162500,165000
5,76,190000,192500
5,76,210000,212500
5,76,212500,215000
0,77,185000,187500
0,77,187500,190000
1,77,160000,162500
1,77,182500,185000
1,77,185000,187500
1,77,205000,207500
2,77,0,2500
3,77,255000,257500
4,77,0,2500
4,77,2500,5000
4,77,5000,7500
4,77,7500,10000
4,77,15000,17500
4,77,22500,25000
4,77,30000,32500
4,77,32500,35000
4,77,45000,47500
4,77,50000,52500
4,77,52500,55000
4,77,57500,60000
4,77,60000,62500
4,77,62500,65000
4,77,65000,67500
4,77,70000,72500
4,77,72500,75000
4,77,82500,85000
4,77,85000,87500
4,77,90000,92500
4,77,92500,95000
4,77,97500,100000
4,77,100000,102500
4,77,102500,105000
4,77,110000,112500
4,77,112500,115000
4,77,117500,120000
4,77,120000,122500
4,77,125000,127500
4,77,127500,130000
4,77,132500,135000
4,77,145000,147500
4,77,167500,170000
4,77,170000,172500
4,77,172500,175000
4,77,177500,180000
4,77,180000,182500
4,77,182500,185000
4,77,185000,187500
4,77,187500,190000
4,77,192500,195000
4,77,197500,200000
4,77,202500,205000
4,77,215000,217500
4,77,217500,220000
4,77,220000,222500
4,77,225000,227500
4,77,227500,230000
4,77,237500,240000
4,77,250000,252500
4,77,252500,255000
4,77,255000,257500
4,77,265000,267500
4,77,267500,270000
4,77,275000,277500
4,77,277500,280000
4,77,280000,282500
4,77,282500,285000
4,77,285000,287500
4,77,297500,300000
4,77,300000,302500
4,77,305000,307500
4,77,315000,317500
4,77,322500,325000
4,77,325000,327500
4,77,327500,330000
4,77,330000,332500
4,77,332500,335000
4,77,350000,352500
4,77,360000,362500
4,77,362500,365000
4,77,375000,377500
4,77,402500,405000
4,77,432500,435000
4,77,435000,437500
4,77,437500,440000
5,77,2500,5000
5,77,5000,7500
5,77,12500,15000
5,77,20000,22500
5,77,25000,27500
5,77,27500,30000
5,77,35000,37500
5,77,37500,40000
5,77,47500,50000
5,77,55000,57500
5,77,57500,60000
5,77,60000,62500
5,77,62500,65000
5,77,67500,70000
5,77,70000,72500
5,77,75000,77500
5,77,85000,87500
5,77,87500,90000
5,77,92500,95000
5,77,95000,97500
5,77,100000,102500
5,77,107500,110000
5,77,112500,115000
5,77,115000,117500
5,77,122500,125000
5,77,130000,132500
5,77,142500,145000
5,77,162500,165000
5,77,170000,172500
5,77,172500,175000
5,77,175000,177500
5,77,180000,182500
5,77,182500,185000
5,77,185000,187500
5,77,190000,192500
5,77,192500,195000
5,77,195000,197500
5,77,200000,202500
5,77,205000,207500
5,77,215000,217500
5,77,217500,220000
5,77,222500,225000
5,77,225000,227500
5,77,227500,230000
5,77,230000,232500
5,77,240000,242500
5,77,252500,255000
5,77,255000,257500
5,77,257500,260000
5,77,267500,270000
5,77,270000,272500
5,77,277500,280000
5,77,280000,282500
5,77,282500,285000
5,77,292500,295000
5,77,295000,297500
5,77,302500,305000
5,77,305000,307500
5,77,307500,310000
5,77,317500,320000
5,77,325000,327500
5,77,327500,330000
5,77,330000,332500
5,77,332500,335000
5,77,335000,337500
5,77,355000,357500
5,77,357500,360000
5,77,370000,372500
5,77,372500,375000
5,77,400000,402500
5,77,430000,432500
5,77,432500,435000
5,77,435000,437500
5,77,445000,447500
0,78,0,2500
0,78,105000,107500
1,78,45000,47500
1,78,47500,50000
1,78,102500,105000
3,78,45000,47500
4,78,10000,12500
4,78,45000,47500
4,78,60000,62500
4,78,70000,72500
4,78,80000,82500
4,78,87500,90000
4,78,100000,102500
5,78,2500,5000
5,78,42500,45000
5,78,62500,65000
5,78,75000,77500
5,78,85000,87500
5,78,92500,95000
0,79,105000,107500
0,79,235000,237500
1,79,90000,92500
1,79,232500,235000
2,79,150000,152500
3,79,147500,150000
0,80,65000,67500
0,80,115000,117500
0,80,150000,152500
0,80,295000,297500
0,80,297500,300000
1,80,62500,65000
1,80,170000,172500
1,80,292500,295000
1,80,295000,297500
4,80,0,2500
4,80,10000,12500
4,80,15000,17500
4,80,22500,25000
4,80,27500,30000
4,80,30000,32500
4,80,55000,57500
4,80,67500,70000
4,80,80000,82500
4,80,87500,90000
4,80,92500,95000
4,80,97500,100000
4,80,100000,102500
4,80,115000,117500
4,80,162500,165000
4,80,175000,177500
4,80,185000,187500
4,80,187500,190000
4,80,195000,197500
4,80,207500,210000
4,80,217500,220000
4,80,232500,235000
4,80,235000,237500
4,80,245000,247500
4,80,255000,257500
4,80,262500,265000
4,80,270000,272500
4,80,272500,275000
4,80,275000,277500
4,80,277500,280000
4,80,285000,287500
4,80,287500,290000
4,80,290000,292500
4,80,300000,302500
4,80,302500,305000
4,80,307500,310000
4,80,327500,330000
4,80,330000,332500
4,80,332500,335000
5,80,7500,10000
5,80,12500,15000
5,80,17500,20000
5,80,25000,27500
5,80,27500,30000
5,80,30000,32500
5,80,32500,35000
5,80,77500,80000
5,80,85000,87500
5,80,87500,90000
5,80,90000,92500
5,80,95000,97500
5,80,97500,100000
5,80,107500,110000
5,80,117500,120000
5,80,152500,155000
5,80,170000,172500
5,80,182500,185000
5,80,190000,192500
5,80,200000,202500
5,80,212500,215000
5,80,215000,217500
5,80,230000,232500
5,80,232500,235000
5,80,240000,242500
5,80,250000,252500
5,80,257500,260000
5,80,265000,267500
5,80,267500,270000
5,80,272500,275000
5,80,275000,277500
5,80,280000,282500
5,80,282500,285000
5,80,287500,290000
5,80,297500,300000
5,80,300000,302500
5,80,302500,305000
5,80,305000,307500
5,80,322500,325000
5,80,330000,332500
5,80,332500,335000
0,81,65000,67500
4,81,17500,20000
4,81,20000,22500
4,81,32500,35000
4,81,72500,75000
4,81,85000,87500
4,81,105000,107500
5,81,25000,27500
5,81,35000,37500
5,81,67500,70000
5,81,77500,80000
5,81,92500,95000
5,81,95000,97500
0,82,62500,65000
0,82,160000,162500
1,82,50000,52500
1,82,157500,160000
0,83,5000,7500
0,83,7500,10000
0,83,90000,92500
0,83,92500,95000
0,83,147500,150000
0,83,157500,160000
0,83,162500,165000
0,83,165000,167500
0,83,172500,175000
0,83,217500,220000
0,83,325000,327500
1,83,87500,90000
1,83,140000,142500
1,83,142500,145000
1,83,150000,152500
1,83,160000,162500
1,83,167500,170000
1,83,210000,212500
1,83,212500,215000
1,83,322500,325000
4,83,12500,15000
4,83,47500,50000
4,83,55000,57500
4,83,60000,62500
4,83,70000,72500
4,83,90000,92500
4,83,92500,95000
4,83,187500,190000
4,83,205000,207500
4,83,207500,210000
4,83,220000,222500
4,83,227500,230000
4,83,245000,247500
4,83,290000,292500
5,83,10000,12500
5,83,45000,47500
5,83,50000,52500
5,83,52500,55000
5,83,57500,60000
5,83,65000,67500
5,83,87500,90000
5,83,185000,187500
5,83,202500,205000
5,83,205000,207500
5,83,210000,212500
5,83,222500,225000
5,83,225000,227500
5,83,242500,245000
5,83,287500,290000
0,84,95000,97500
0,84,257500,260000
0,84,260000,262500
0,84,265000,267500
0,84,562500,565000
0,84,715000,717500
0,84,827500,830000
0,84,830000,832500
0,84,887500,890000
0,84,890000,892500
0,84,1040000,1042500
1,84,90000,92500
1,84,242500,245000
1,84,245000,247500
1,84,262500,265000
1,84,455000,457500
1,84,560000,562500
1,84,707500,710000
1,84,825000,827500
1,84,827500,830000
1,84,885000,887500
1,84,887500,890000
1,84,1037500,1040000
2,84,212500,215000
2,84,215000,217500
2,84,217500,220000
2,84,220000,222500
2,84,222500,225000
2,84,225000,227500
2,84,227500,230000
2,84,230000,232500
2,84,232500,235000
2,84,235000,237500
2,84,237500,240000
2,84,240000,242500
2,84,242500,245000
2,84,460000,462500
2,84,757500,760000
2,84,760000,762500
2,84,845000,847500
2,84,857500,860000
2,84,920000,922500
2,84,922500,925000
2,84,927500,930000
2,84,930000,932500
2,84,970000,972500
2,84,975000,977500
2,84,977500,980000
2,84,1105000,1107500
2,84,1125000,1127500
2,84,1127500,1130000
2,84,1130000,1132500
3,84,210000,212500
3,84,212500,215000
3,84,215000,217500
3,84,217500,220000
3,84,220000,222500
3,84,222500,225000
3,84,225000,227500
3,84,227500,230000
3,84,230000,232500
3,84,232500,235000
3,84,235000,237500
3,84,237500,240000
3,84,240000,242500
3,84,242500,245000
3,84,455000,457500
3,84,755000,757500
3,84,757500,760000
3,84,855000,857500
3,84,917500,920000
3,84,920000,922500
3,84,925000,927500
3,84,927500,930000
3,84,967500,970000
3,84,972500,975000
3,84,975000,977500
3,84,1045000,1047500
3,84,1102500,1105000
3,84,1122500,1125000
3,84,1125000,1127500
3,84,1127500,1130000
4,84,12500,15000
4,84,15000,17500
4,84,17500,20000
4,84,35000,37500
4,84,112500,115000
4,84,212500,215000
4,84,215000,217500
4,84,220000,222500
4,84,222500,225000
4,84,225000,227500
4,84,227500,230000
4,84,230000,232500
4,84,232500,235000
4,84,235000,237500
4,84,237500,240000
4,84,240000,242500
4,84,242500,245000
4,84,290000,292500
4,84,292500,295000
4,84,310000,312500
4,84,315000,317500
4,84,322500,325000
4,84,327500,330000
4,84,330000,332500
4,84,567500,570000
4,84,572500,575000
4,84,575000,577500
4,84,577500,580000
4,84,587500,590000
4,84,590000,592500
4,84,592500,595000
4,84,595000,597500
4,84,597500,600000
4,84,600000,602500
4,84,602500,605000
4,84,605000,607500
4,84,607500,610000
4,84,610000,612500
4,84,642500,645000
4,84,720000,722500
4,84,725000,727500
4,84,727500,730000
4,84,747500,750000
4,84,750000,752500
4,84,795000,797500
4,84,797500,800000
4,84,800000,802500
4,84,802500,805000
4,84,805000,807500
4,84,807500,810000
4,84,810000,812500
4,84,812500,815000
4,84,815000,817500
4,84,817500,820000
4,84,820000,822500
4,84,842500,845000
4,84,845000,847500
4,84,847500,850000
4,84,850000,852500
4,84,885000,887500
4,84,917500,920000
4,84,1067500,1070000
4,84,1070000,1072500
4,84,1092500,1095000
4,84,1095000,1097500
4,84,1097500,1100000
4,84,1100000,1102500
4,84,1102500,1105000
4,84,1105000,1107500
4,84,1107500,1110000
4,84,1110000,1112500
5,84,10000,12500
5,84,12500,15000
5,84,15000,17500
5,84,32500,35000
5,84,47500,50000
5,84,107500,110000
5,84,110000,112500
5,84,210000,212500
5,84,212500,215000
5,84,217500,220000
5,84,220000,222500
5,84,222500,225000
5,84,225000,227500
5,84,227500,230000
5,84,230000,232500
5,84,232500,235000
5,84,235000,237500
5,84,237500,240000
5,84,240000,242500
5,84,242500,245000
5,84,282500,285000
5,84,307500,310000
5,84,312500,315000
5,84,320000,322500
5,84,325000,327500
5,84,327500,330000
5,84,565000,567500
5,84,570000,572500
5,84,572500,575000
5,84,575000,577500
5,84,585000,587500
5,84,587500,590000
5,84,590000,592500
5,84,592500,595000
5,84,595000,597500
5,84,597500,600000
5,84,600000,602500
5,84,602500,605000
5,84,605000,607500
5,84,607500,610000
5,84,640000,642500
5,84,705000,707500
5,84,717500,720000
5,84,720000,722500
5,84,722500,725000
5,84,727500,730000
5,84,730000,732500
5,84,792500,795000
5,84,795000,797500
5,84,797500,800000
5,84,800000,802500
5,84,802500,805000
5,84,805000,807500
5,84,807500,810000
5,84,810000,812500
5,84,812500,815000
5,84,815000,817500
5,84,817500,820000
5,84,832500,835000
5,84,845000,847500
5,84,847500,850000
5,84,882500,885000
5,84,915000,917500
5,84,1045000,1047500
5,84,1090000,1092500
5,84,1092500,1095000
5,84,1095000,1097500
5,84,1097500,1100000
5,84,1100000,1102500
5,84,1102500,1105000
5,84,1105000,1107500
5,84,1107500,1110000
5,84,1182500,1185000
5,84,1185000,1187500
0,85,1002500,1005000
0,85,1005000,1007500
0,85,1075000,1077500
1,85,990000,992500
1,85,1072500,1075000
1,85,1250000,1252500
2,85,7500,10000
2,85,10000,12500
2,85,50000,52500
2,85,70000,72500
2,85,72500,75000
2,85,167500,170000
2,85,170000,172500
2,85,177500,180000
2,85,185000,187500
2,85,187500,190000
2,85,190000,192500
2,85,192500,195000
2,85,272500,275000
2,85,710000,712500
2,85,725000,727500
2,85,727500,730000
2,85,852500,855000
2,85,960000,962500
2,85,977500,980000
2,85,1002500,1005000
2,85,1005000,1007500
2,85,1087500,1090000
2,85,1117500,1120000
2,85,1152500,1155000
2,85,1197500,1200000
2,85,1240000,1242500
2,85,1247500,1250000
3,85,15000,17500
3,85,47500,50000
3,85,67500,70000
3,85,70000,72500
3,85,165000,167500
3,85,170000,172500
3,85,172500,175000
3,85,182500,185000
3,85,187500,190000
3,85,190000,192500
3,85,192500,195000
3,85,195000,197500
3,85,275000,277500
3,85,712500,715000
3,85,727500,730000
3,85,730000,732500
3,85,850000,852500
3,85,887500,890000
3,85,890000,892500
3,85,975000,977500
3,85,1085000,1087500
3,85,1102500,1105000
3,85,1142500,1145000
3,85,1185000,1187500
3,85,1187500,1190000
3,85,1217500,1220000
3,85,1245000,1247500
3,85,1247500,1250000
3,85,1250000,1252500
4,85,42500,45000
4,85,47500,50000
4,85,162500,165000
4,85,177500,180000
4,85,860000,862500
4,85,970000,972500
4,85,975000,977500
4,85,980000,982500
4,85,1020000,1022500
4,85,1022500,1025000
4,85,1032500,1035000
4,85,1035000,1037500
4,85,1117500,1120000
4,85,1120000,1122500
4,85,1122500,1125000
4,85,1125000,1127500
4,85,1127500,1130000
4,85,1130000,1132500
4,85,1132500,1135000
4,85,1135000,1137500
5,85,45000,47500
5,85,160000,162500
5,85,847500,850000
5,85,855000,857500
5,85,887500,890000
5,85,967500,970000
5,85,972500,975000
5,85,977500,980000
5,85,1017500,1020000
5,85,1020000,1022500
5,85,1030000,1032500
5,85,1032500,1035000
5,85,1102500,1105000
5,85,1120000,1122500
5,85,1122500,1125000
5,85,1125000,1127500
5,85,1127500,1130000
5,85,1130000,1132500
5,85,1132500,1135000
5,85,1142500,1145000
0,86,945000,947500
0,86,947500,950000
0,86,950000,952500
0,86,970000,972500
0,86,972500,975000
1,86,762500,765000
1,86,942500,945000
1,86,945000,947500
1,86,947500,950000
1,86,952500,955000
2,86,752500,755000
2,86,935000,937500
2,86,1117500,1120000
3,86,762500,765000
4,86,65000,67500
4,86,70000,72500
4,86,72500,75000
4,86,75000,77500
4,86,77500,80000
4,86,90000,92500
4,86,125000,127500
4,86,127500,130000
4,86,130000,132500
4,86,150000,152500
4,86,152500,155000
4,86,155000,157500
4,86,157500,160000
4,86,160000,162500
4,86,167500,170000
4,86,177500,180000
4,86,187500,190000
4,86,190000,192500
4,86,192500,195000
4,86,577500,580000
4,86,752500,755000
4,86,755000,757500
4,86,757500,760000
4,86,760000,762500
4,86,845000,847500
4,86,917500,920000
4,86,920000,922500
4,86,935000,937500
4,86,937500,940000
4,86,992500,995000
5,86,67500,70000
5,86,72500,75000
5,86,75000,77500
5,86,77500,80000
5,86,80000,82500
5,86,92500,95000
5,86,127500,130000
5,86,132500,135000
5,86,135000,137500
5,86,152500,155000
5,86,155000,157500
5,86,157500,160000
5,86,160000,162500
5,86,162500,165000
5,86,170000,172500
5,86,185000,187500
5,86,187500,190000
5,86,190000,192500
5,86,192500,195000
5,86,195000,197500
5,86,580000,582500
5,86,755000,757500
5,86,757500,760000
5,86,760000,762500
5,86,762500,765000
5,86,877500,880000
5,86,925000,927500
5,86,952500,955000
5,86,975000,977500
5,86,1012500,1015000
5,86,1135000,1137500
0,87,137500,140000
0,87,140000,142500
0,87,142500,145000
0,87,145000,147500
0,87,147500,150000
0,87,150000,152500
0,87,152500,155000
0,87,160000,162500
0,87,165000,167500
0,87,432500,435000
0,87,440000,442500
0,87,442500,445000
0,87,452500,455000
0,87,457500,460000
0,87,490000,492500
0,87,612500,615000
0,87,615000,617500
0,87,617500,620000
0,87,620000,622500
0,87,622500,625000
0,87,625000,627500
0,87,640000,642500
0,87,682500,685000
0,87,685000,687500
1,87,135000,137500
1,87,137500,140000
1,87,140000,142500
1,87,142500,145000
1,87,145000,147500
1,87,147500,150000
1,87,150000,152500
1,87,157500,160000
1,87,160000,162500
1,87,162500,165000
1,87,430000,432500
1,87,437500,440000
1,87,440000,442500
1,87,450000,452500
1,87,455000,457500
1,87,487500,490000
1,87,615000,617500
1,87,617500,620000
1,87,620000,622500
1,87,622500,625000
1,87,637500,640000
1,87,680000,682500
1,87,682500,685000
1,87,855000,857500
1,87,945000,947500
1,87,947500,950000
2,87,147500,150000
2,87,150000,152500
2,87,155000,157500
2,87,157500,160000
2,87,240000,242500
2,87,407500,410000
2,87,410000,412500
2,87,412500,415000
2,87,415000,417500
2,87,420000,422500
2,87,422500,425000
2,87,427500,430000
2,87,430000,432500
2,87,432500,435000
2,87,437500,440000
2,87,440000,442500
2,87,442500,445000
2,87,445000,447500
2,87,447500,450000
2,87,450000,452500
2,87,452500,455000
2,87,455000,457500
2,87,457500,460000
2,87,500000,502500
2,87,560000,562500
2,87,562500,565000
2,87,572500,575000
2,87,707500,710000
2,87,710000,712500
2,87,795000,797500
2,87,852500,855000
2,87,915000,917500
2,87,925000,927500
2,87,1000000,1002500
2,87,1002500,1005000
2,87,1042500,1045000
2,87,1175000,1177500
3,87,145000,147500
3,87,147500,150000
3,87,152500,155000
3,87,155000,157500
3,87,237500,240000
3,87,405000,407500
3,87,407500,410000
3,87,410000,412500
3,87,412500,415000
3,87,417500,420000
3,87,420000,422500
3,87,425000,427500
3,87,427500,430000
3,87,430000,432500
3,87,435000,437500
3,87,437500,440000
3,87,440000,442500
3,87,442500,445000
3,87,445000,447500
3,87,447500,450000
3,87,450000,452500
3,87,452500,455000
3,87,455000,457500
3,87,497500,500000
3,87,557500,560000
3,87,560000,562500
3,87,570000,572500
3,87,702500,705000
3,87,705000,707500
3,87,792500,795000
3,87,845000,847500
3,87,912500,915000
3,87,922500,925000
3,87,997500,1000000
3,87,1000000,1002500
3,87,1035000,1037500
3,87,1037500,1040000
4,87,292500,295000
4,87,312500,315000
4,87,315000,317500
4,87,317500,320000
4,87,322500,325000
4,87,325000,327500
4,87,327500,330000
4,87,330000,332500
4,87,362500,365000
4,87,365000,367500
4,87,367500,370000
4,87,370000,372500
4,87,372500,375000
4,87,375000,377500
4,87,377500,380000
4,87,380000,382500
4,87,387500,390000
4,87,460000,462500
4,87,470000,472500
4,87,472500,475000
4,87,475000,477500
4,87,477500,480000
4,87,480000,482500
4,87,482500,485000
4,87,485000,487500
4,87,487500,490000
4,87,490000,492500
4,87,492500,495000
4,87,495000,497500
4,87,497500,500000
4,87,555000,557500
4,87,557500,560000
4,87,560000,562500
4,87,562500,565000
4,87,565000,567500
4,87,567500,570000
4,87,570000,572500
4,87,572500,575000
4,87,577500,580000
4,87,582500,585000
4,87,587500,590000
4,87,660000,662500
4,87,707500,710000
4,87,710000,712500
4,87,852500,855000
4,87,875000,877500
4,87,900000,902500
4,87,1042500,1045000
4,87,1140000,1142500
4,87,1142500,1145000
4,87,1145000,1147500
4,87,1147500,1150000
4,87,1162500,1165000
5,87,42500,45000
5,87,255000,257500
5,87,257500,260000
5,87,310000,312500
5,87,312500,315000
5,87,315000,317500
5,87,320000,322500
5,87,322500,325000
5,87,325000,327500
5,87,327500,330000
5,87,360000,362500
5,87,362500,365000
5,87,365000,367500
5,87,367500,370000
5,87,370000,372500
5,87,372500,375000
5,87,375000,377500
5,87,377500,380000
5,87,385000,387500
5,87,457500,460000
5,87,467500,470000
5,87,470000,472500
5,87,472500,475000
5,87,475000,477500
5,87,477500,480000
5,87,480000,482500
5,87,482500,485000
5,87,485000,487500
5,87,487500,490000
5,87,490000,492500
5,87,492500,495000
5,87,495000,497500
5,87,552500,555000
5,87,555000,557500
5,87,557500,560000
5,87,560000,562500
5,87,562500,565000
5,87,565000,567500
5,87,567500,570000
5,87,570000,572500
5,87,572500,575000
5,87,575000,577500
5,87,580000,582500
5,87,585000,587500
5,87,587500,590000
5,87,590000,592500
5,87,657500,660000
5,87,702500,705000
5,87,705000,707500
5,87,845000,847500
5,87,872500,875000
5,87,897500,900000
5,87,1035000,1037500
5,87,1037500,1040000
5,87,1137500,1140000
5,87,1140000,1142500
5,87,1142500,1145000
5,87,1145000,1147500
5,87,1147500,1150000
5,87,1150000,1152500
0,88,157500,160000
0,88,612500,615000
0,88,667500,670000
0,88,810000,812500
0,88,837500,840000
0,88,840000,842500
0,88,917500,920000
1,88,615000,617500
1,88,827500,830000
1,88,830000,832500
1,88,900000,902500
2,88,7500,10000
2,88,20000,22500
2,88,47500,50000
2,88,50000,52500
2,88,157500,160000
2,88,225000,227500
2,88,227500,230000
2,88,270000,272500
2,88,312500,315000
2,88,315000,317500
2,88,317500,320000
2,88,320000,322500
2,88,327500,330000
2,88,337500,340000
2,88,377500,380000
2,88,385000,387500
2,88,390000,392500
2,88,397500,400000
2,88,515000,517500
2,88,517500,520000
2,88,522500,525000
2,88,577500,580000
2,88,580000,582500
2,88,612500,615000
2,88,667500,670000
2,88,732500,735000
2,88,735000,737500
2,88,837500,840000
2,88,952500,955000
2,88,955000,957500
2,88,1020000,1022500
3,88,15000,17500
3,88,17500,20000
3,88,45000,47500
3,88,47500,50000
3,88,142500,145000
3,88,165000,167500
3,88,262500,265000
3,88,290000,292500
3,88,292500,295000
3,88,315000,317500
3,88,317500,320000
3,88,320000,322500
3,88,322500,325000
3,88,330000,332500
3,88,340000,342500
3,88,382500,385000
3,88,387500,390000
3,88,395000,397500
3,88,437500,440000
3,88,440000,442500
3,88,517500,520000
3,88,520000,522500
3,88,575000,577500
3,88,577500,580000
3,88,585000,587500
3,88,615000,617500
3,88,757500,760000
3,88,827500,830000
3,88,830000,832500
3,88,900000,902500
3,88,945000,947500
3,88,1017500,1020000
4,88,397500,400000
4,88,405000,407500
4,88,407500,410000
4,88,410000,412500
4,88,412500,415000
4,88,415000,417500
4,88,417500,420000
4,88,420000,422500
4,88,427500,430000
4,88,430000,432500
4,88,432500,435000
4,88,435000,437500
4,88,437500,440000
4,88,515000,517500
4,88,517500,520000
4,88,525000,527500
4,88,527500,530000
4,88,530000,532500
4,88,542500,545000
4,88,545000,547500
4,88,552500,555000
4,88,555000,557500
4,88,702500,705000
4,88,810000,812500
4,88,815000,817500
4,88,822500,825000
4,88,825000,827500
4,88,827500,830000
4,88,845000,847500
4,88,920000,922500
4,88,922500,925000
4,88,925000,927500
4,88,927500,930000
4,88,930000,932500
4,88,1002500,1005000
5,88,142500,145000
5,88,165000,167500
5,88,395000,397500
5,88,400000,402500
5,88,407500,410000
5,88,410000,412500
5,88,412500,415000
5,88,415000,417500
5,88,417500,420000
5,88,420000,422500
5,88,422500,425000
5,88,430000,432500
5,88,432500,435000
5,88,435000,437500
5,88,525000,527500
5,88,527500,530000
5,88,530000,532500
5,88,532500,535000
5,88,545000,547500
5,88,547500,550000
5,88,692500,695000
5,88,717500,720000
5,88,812500,815000
5,88,817500,820000
5,88,825000,827500
5,88,827500,830000
5,88,842500,845000
5,88,920000,922500
5,88,922500,925000
5,88,925000,927500
5,88,927500,930000
5,88,1000000,1002500
0,89,5000,7500
0,89,7500,10000
0,89,237500,240000
0,89,247500,250000
0,89,250000,252500
0,89,265000,267500
0,89,267500,270000
0,89,530000,532500
0,89,532500,535000
0,89,535000,537500
0,89,537500,540000
0,89,547500,550000
0,89,550000,552500
0,89,552500,555000
0,89,555000,557500
0,89,557500,560000
0,89,560000,562500
0,89,562500,565000
0,89,565000,567500
0,89,567500,570000
0,89,570000,572500
0,89,572500,575000
0,89,575000,577500
0,89,577500,580000
0,89,580000,582500
0,89,582500,585000
0,89,585000,587500
0,89,587500,590000
0,89,590000,592500
0,89,592500,595000
1,89,232500,235000
1,89,240000,242500
1,89,250000,252500
1,89,252500,255000
1,89,530000,532500
1,89,532500,535000
1,89,535000,537500
1,89,542500,545000
1,89,550000,552500
1,89,552500,555000
1,89,555000,557500
1,89,557500,560000
1,89,560000,562500
1,89,562500,565000
1,89,565000,567500
1,89,567500,570000
1,89,570000,572500
1,89,572500,575000
1,89,575000,577500
1,89,577500,580000
1,89,580000,582500
1,89,582500,585000
1,89,585000,587500
1,89,587500,590000
1,89,590000,592500
1,89,592500,595000
1,89,687500,690000
2,89,460000,462500
2,89,492500,495000
2,89,500000,502500
2,89,567500,570000
2,89,587500,590000
3,89,457500,460000
3,89,497500,500000
3,89,565000,567500
3,89,585000,587500
4,89,35000,37500
4,89,40000,42500
4,89,42500,45000
4,89,47500,50000
4,89,50000,52500
4,89,52500,55000
4,89,70000,72500
4,89,100000,102500
4,89,122500,125000
4,89,125000,127500
4,89,157500,160000
4,89,160000,162500
4,89,162500,165000
4,89,165000,167500
4,89,167500,170000
4,89,170000,172500
4,89,172500,175000
4,89,175000,177500
4,89,177500,180000
4,89,180000,182500
4,89,182500,185000
4,89,185000,187500
4,89,187500,190000
4,89,190000,192500
4,89,192500,195000
4,89,197500,200000
4,89,202500,205000
4,89,205000,207500
4,89,207500,210000
4,89,210000,212500
4,89,212500,215000
4,89,215000,217500
4,89,217500,220000
4,89,220000,222500
4,89,222500,225000
4,89,225000,227500
4,89,227500,230000
4,89,230000,232500
4,89,380000,382500
4,89,382500,385000
4,89,385000,387500
4,89,387500,390000
4,89,390000,392500
4,89,392500,395000
4,89,395000,397500
4,89,405000,407500
4,89,407500,410000
4,89,410000,412500
4,89,412500,415000
4,89,415000,417500
4,89,417500,420000
4,89,420000,422500
4,89,422500,425000
4,89,425000,427500
4,89,427500,430000
4,89,430000,432500
4,89,432500,435000
4,89,435000,437500
4,89,440000,442500
4,89,455000,457500
4,89,460000,462500
4,89,527500,530000
4,89,530000,532500
4,89,532500,535000
4,89,540000,542500
4,89,547500,550000
4,89,600000,602500
4,89,605000,607500
4,89,620000,622500
4,89,622500,625000
4,89,627500,630000
4,89,630000,632500
4,89,632500,635000
4,89,635000,637500
4,89,640000,642500
4,89,685000,687500
4,89,700000,702500
4,89,770000,772500
4,89,772500,775000
4,89,800000,802500
4,89,825000,827500
4,89,827500,830000
4,89,830000,832500
4,89,832500,835000
4,89,852500,855000
4,89,855000,857500
4,89,857500,860000
4,89,860000,862500
4,89,910000,912500
4,89,912500,915000
5,89,15000,17500
5,89,37500,40000
5,89,42500,45000
5,89,45000,47500
5,89,50000,52500
5,89,67500,70000
5,89,97500,100000
5,89,120000,122500
5,89,122500,125000
5,89,155000,157500
5,89,157500,160000
5,89,160000,162500
5,89,162500,165000
5,89,165000,167500
5,89,167500,170000
5,89,170000,172500
5,89,172500,175000
5,89,175000,177500
5,89,177500,180000
5,89,180000,182500
5,89,182500,185000
5,89,185000,187500
5,89,187500,190000
5,89,190000,192500
5,89,195000,197500
5,89,200000,202500
5,89,202500,205000
5,89,205000,207500
5,89,207500,210000
5,89,210000,212500
5,89,212500,215000
5,89,215000,217500
5,89,217500,220000
5,89,220000,222500
5,89,222500,225000
5,89,225000,227500
5,89,227500,230000
5,89,230000,232500
5,89,377500,380000
5,89,380000,382500
5,89,382500,385000
5,89,385000,387500
5,89,387500,390000
5,89,390000,392500
5,89,392500,395000
5,89,402500,405000
5,89,405000,407500
5,89,407500,410000
5,89,410000,412500
5,89,412500,415000
5,89,415000,417500
5,89,417500,420000
5,89,420000,422500
5,89,422500,425000
5,89,425000,427500
5,89,427500,430000
5,89,430000,432500
5,89,432500,435000
5,89,437500,440000
5,89,452500,455000
5,89,455000,457500
5,89,457500,460000
5,89,462500,465000
5,89,502500,505000
5,89,530000,532500
5,89,537500,540000
5,89,595000,597500
5,89,602500,605000
5,89,617500,620000
5,89,620000,622500
5,89,625000,627500
5,89,627500,630000
5,89,630000,632500
5,89,632500,635000
5,89,635000,637500
5,89,637500,640000
5,89,662500,665000
5,89,772500,775000
5,89,775000,777500
5,89,822500,825000
5,89,825000,827500
5,89,827500,830000
5,89,830000,832500
5,89,832500,835000
5,89,835000,837500
5,89,855000,857500
5,89,857500,860000
5,89,860000,862500
5,89,907500,910000
5,89,910000,912500
5,89,912500,915000
1,90,780000,782500
1,90,950000,952500
1,90,980000,982500
1,90,1057500,1060000
1,90,1147500,1150000
1,90,1157500,1160000
2,90,882500,885000
2,90,1055000,1057500
2,90,1112500,1115000
2,90,1145000,1147500
2,90,1220000,1222500
2,90,1232500,1235000
2,90,1237500,1240000
2,90,1245000,1247500
3,90,60000,62500
3,90,860000,862500
3,90,862500,865000
3,90,1127500,1130000
3,90,1130000,1132500
3,90,1157500,1160000
3,90,1195000,1197500
3,90,1197500,1200000
3,90,1225000,1227500
3,90,1227500,1230000
3,90,1235000,1237500
3,90,1240000,1242500
4,90,57500,60000
4,90,65000,67500
4,90,85000,87500
4,90,120000,122500
4,90,122500,125000
4,90,170000,172500
4,90,172500,175000
4,90,175000,177500
4,90,187500,190000
4,90,190000,192500
4,90,352500,355000
4,90,375000,377500
4,90,377500,380000
4,90,430000,432500
4,90,432500,435000
4,90,435000,437500
4,90,460000,462500
4,90,470000,472500
4,90,477500,480000
4,90,480000,482500
4,90,485000,487500
4,90,642500,645000
4,90,690000,692500
4,90,710000,712500
4,90,715000,717500
4,90,742500,745000
4,90,750000,752500
4,90,762500,765000
4,90,777500,780000
4,90,900000,902500
4,90,902500,905000
4,90,907500,910000
4,90,910000,912500
4,90,912500,915000
4,90,927500,930000
4,90,942500,945000
4,90,975000,977500
4,90,977500,980000
4,90,1022500,1025000
4,90,1155000,1157500
4,90,1185000,1187500
4,90,1192500,1195000
4,90,1220000,1222500
4,90,1235000,1237500
4,90,1237500,1240000
5,90,60000,62500
5,90,77500,80000
5,90,92500,95000
5,90,160000,162500
5,90,162500,165000
5,90,172500,175000
5,90,175000,177500
5,90,177500,180000
5,90,192500,195000
5,90,362500,365000
5,90,377500,380000
5,90,380000,382500
5,90,432500,435000
5,90,450000,452500
5,90,452500,455000
5,90,467500,470000
5,90,472500,475000
5,90,480000,482500
5,90,482500,485000
5,90,487500,490000
5,90,645000,647500
5,90,700000,702500
5,90,702500,705000
5,90,712500,715000
5,90,740000,742500
5,90,742500,745000
5,90,745000,747500
5,90,760000,762500
5,90,780000,782500
5,90,892500,895000
5,90,905000,907500
5,90,907500,910000
5,90,910000,912500
5,90,920000,922500
5,90,930000,932500
5,90,1037500,1040000
5,90,1057500,1060000
5,90,1147500,1150000
5,90,1190000,1192500
5,90,1235000,1237500
5,90,1237500,1240000
0,91,25000,27500
0,91,290000,292500
0,91,495000,497500
0,91,592500,595000
0,91,667500,670000
0,91,670000,672500
0,91,730000,732500
0,91,767500,770000
0,91,850000,852500
0,91,1012500,1015000
0,91,1042500,1045000
0,91,1045000,1047500
0,91,1080000,1082500
0,91,1115000,1117500
1,91,7500,10000
1,91,10000,12500
1,91,310000,312500
1,91,312500,315000
1,91,572500,575000
1,91,695000,697500
1,91,847500,850000
1,91,1010000,1012500
1,91,1022500,1025000
1,91,1077500,1080000
1,91,1082500,1085000
2,91,362500,365000
2,91,365000,367500
2,91,370000,372500
2,91,375000,377500
2,91,377500,380000
2,91,380000,382500
2,91,382500,385000
2,91,392500,395000
2,91,440000,442500
2,91,445000,447500
2,91,447500,450000
2,91,450000,452500
2,91,570000,572500
2,91,645000,647500
2,91,647500,650000
2,91,850000,852500
2,91,1115000,1117500
2,91,1125000,1127500
2,91,1127500,1130000
2,91,1130000,1132500
2,91,1132500,1135000
3,91,362500,365000
3,91,367500,370000
3,91,372500,375000
3,91,375000,377500
3,91,377500,380000
3,91,380000,382500
3,91,390000,392500
3,91,397500,400000
3,91,400000,402500
3,91,442500,445000
3,91,445000,447500
3,91,447500,450000
3,91,450000,452500
3,91,645000,647500
3,91,847500,850000
3,91,1122500,1125000
3,91,1125000,1127500
3,91,1127500,1130000
3,91,1130000,1132500
4,91,2500,5000
4,91,52500,55000
4,91,157500,160000
4,91,360000,362500
4,91,362500,365000
4,91,492500,495000
4,91,567500,570000
4,91,570000,572500
4,91,617500,620000
4,91,642500,645000
4,91,842500,845000
4,91,845000,847500
4,91,887500,890000
4,91,1000000,1002500
5,91,0,2500
5,91,50000,52500
5,91,137500,140000
5,91,232500,235000
5,91,235000,237500
5,91,400000,402500
5,91,450000,452500
5,91,452500,455000
5,91,522500,525000
5,91,525000,527500
5,91,570000,572500
5,91,615000,617500
5,91,640000,642500
5,91,647500,650000
5,91,650000,652500
5,91,732500,735000
5,91,835000,837500
5,91,837500,840000
5,91,885000,887500
5,91,997500,1000000
0,92,867500,870000
0,92,1230000,1232500
1,92,1227500,1230000
2,92,280000,282500
2,92,1102500,1105000
2,92,1105000,1107500
2,92,1107500,1110000
2,92,1110000,1112500
2,92,1130000,1132500
2,92,1135000,1137500
2,92,1137500,1140000
2,92,1140000,1142500
2,92,1142500,1145000
2,92,1145000,1147500
2,92,1147500,1150000
2,92,1150000,1152500
2,92,1175000,1177500
3,92,57500,60000
3,92,1070000,1072500
3,92,1105000,1107500
3,92,1107500,1110000
3,92,1127500,1130000
3,92,1132500,1135000
3,92,1135000,1137500
3,92,1137500,1140000
3,92,1140000,1142500
3,92,1142500,1145000
3,92,1145000,1147500
3,92,1147500,1150000
3,92,1150000,1152500
3,92,1170000,1172500
4,92,55000,57500
4,92,132500,135000
4,92,142500,145000
4,92,150000,152500
4,92,222500,225000
4,92,282500,285000
4,92,392500,395000
4,92,395000,397500
4,92,635000,637500
4,92,642500,645000
4,92,647500,650000
4,92,670000,672500
4,92,695000,697500
4,92,697500,700000
4,92,707500,710000
4,92,760000,762500
4,92,867500,870000
4,92,872500,875000
4,92,875000,877500
4,92,877500,880000
4,92,887500,890000
4,92,1062500,1065000
4,92,1067500,1070000
4,92,1102500,1105000
4,92,1105000,1107500
4,92,1110000,1112500
4,92,1112500,1115000
4,92,1115000,1117500
4,92,1117500,1120000
4,92,1120000,1122500
4,92,1122500,1125000
4,92,1125000,1127500
4,92,1127500,1130000
4,92,1130000,1132500
4,92,1132500,1135000
4,92,1135000,1137500
4,92,1137500,1140000
4,92,1140000,1142500
4,92,1142500,1145000
4,92,1145000,1147500
4,92,1147500,1150000
4,92,1150000,1152500
4,92,1155000,1157500
4,92,1157500,1160000
4,92,1160000,1162500
4,92,1162500,1165000
4,92,1165000,1167500
4,92,1167500,1170000
4,92,1175000,1177500
4,92,1222500,1225000
4,92,1225000,1227500
4,92,1227500,1230000
4,92,1230000,1232500
4,92,1232500,1235000
4,92,1235000,1237500
4,92,1237500,1240000
4,92,1240000,1242500
4,92,1252500,1255000
5,92,57500,60000
5,92,140000,142500
5,92,145000,147500
5,92,147500,150000
5,92,152500,155000
5,92,225000,227500
5,92,282500,285000
5,92,285000,287500
5,92,395000,397500
5,92,397500,400000
5,92,637500,640000
5,92,645000,647500
5,92,650000,652500
5,92,672500,675000
5,92,697500,700000
5,92,700000,702500
5,92,710000,712500
5,92,762500,765000
5,92,870000,872500
5,92,875000,877500
5,92,877500,880000
5,92,880000,882500
5,92,890000,892500
5,92,1065000,1067500
5,92,1067500,1070000
5,92,1070000,1072500
5,92,1107500,1110000
5,92,1110000,1112500
5,92,1112500,1115000
5,92,1115000,1117500
5,92,1117500,1120000
5,92,1120000,1122500
5,92,1122500,1125000
5,92,1125000,1127500
5,92,1127500,1130000
5,92,1130000,1132500
5,92,1132500,1135000
5,92,1135000,1137500
5,92,1137500,1140000
5,92,1140000,1142500
5,92,1142500,1145000
5,92,1145000,1147500
5,92,1147500,1150000
5,92,1150000,1152500
5,92,1152500,1155000
5,92,1157500,1160000
5,92,1160000,1162500
5,92,1162500,1165000
5,92,1165000,1167500
5,92,1167500,1170000
5,92,1170000,1172500
5,92,1177500,1180000
5,92,1225000,1227500
5,92,1227500,1230000
5,92,1230000,1232500
5,92,1232500,1235000
5,92,1235000,1237500
5,92,1237500,1240000
5,92,1240000,1242500
5,92,1242500,1245000
5,92,1255000,1257500
0,93,822500,825000
0,93,850000,852500
1,93,300000,302500
1,93,820000,822500
1,93,937500,940000
1,93,1010000,1012500
2,93,62500,65000
2,93,390000,392500
2,93,392500,395000
2,93,705000,707500
2,93,797500,800000
2,93,1195000,1197500
3,93,62500,65000
3,93,347500,350000
3,93,700000,702500
3,93,835000,837500
3,93,937500,940000
3,93,1197500,1200000
4,93,60000,62500
4,93,62500,65000
4,93,120000,122500
4,93,137500,140000
4,93,225000,227500
4,93,257500,260000
4,93,280000,282500
4,93,282500,285000
4,93,295000,297500
4,93,320000,322500
4,93,345000,347500
4,93,390000,392500
4,93,482500,485000
4,93,660000,662500
4,93,675000,677500
4,93,705000,707500
4,93,782500,785000
4,93,810000,812500
4,93,895000,897500
4,93,925000,927500
4,93,930000,932500
4,93,937500,940000
4,93,1007500,1010000
4,93,1015000,1017500
4,93,1100000,1102500
4,93,1105000,1107500
4,93,1137500,1140000
5,93,62500,65000
5,93,65000,67500
5,93,127500,130000
5,93,227500,230000
5,93,260000,262500
5,93,292500,295000
5,93,302500,305000
5,93,322500,325000
5,93,395000,397500
5,93,485000,487500
5,93,662500,665000
5,93,707500,710000
5,93,785000,787500
5,93,800000,802500
5,93,835000,837500
5,93,862500,865000
5,93,897500,900000
5,93,927500,930000
5,93,935000,937500
5,93,940000,942500
5,93,1012500,1015000
5,93,1102500,1105000
5,93,1107500,1110000
5,93,1135000,1137500
5,93,1142500,1145000
5,93,1197500,1200000
0,94,7500,10000
0,94,282500,285000
0,94,570000,572500
0,94,650000,652500
0,94,712500,715000
0,94,765000,767500
0,94,812500,815000
0,94,815000,817500
0,94,855000,857500
0,94,985000,987500
0,94,1025000,1027500
0,94,1052500,1055000
1,94,5000,7500
1,94,302500,305000
1,94,305000,307500
1,94,535000,537500
1,94,675000,677500
1,94,677500,680000
1,94,810000,812500
1,94,812500,815000
1,94,850000,852500
1,94,852500,855000
1,94,972500,975000
1,94,992500,995000
1,94,995000,997500
1,94,1027500,1030000
2,94,675000,677500
2,94,1052500,1055000
3,94,672500,675000
4,94,147500,150000
4,94,152500,155000
4,94,230000,232500
4,94,352500,355000
4,94,355000,357500
4,94,402500,405000
4,94,455000,457500
4,94,530000,532500
4,94,532500,535000
4,94,842500,845000
4,94,882500,885000
4,94,1132500,1135000
5,94,135000,137500
5,94,150000,152500
5,94,227500,230000
5,94,230000,232500
5,94,232500,235000
5,94,360000,362500
5,94,412500,415000
5,94,415000,417500
5,94,485000,487500
5,94,487500,490000
5,94,625000,627500
5,94,627500,630000
5,94,727500,730000
5,94,730000,732500
5,94,825000,827500
5,94,827500,830000
5,94,880000,882500
5,94,1097500,1100000
5,94,1100000,1102500
0,95,27500,30000
0,95,195000,197500
0,95,260000,262500
0,95,262500,265000
0,95,617500,620000
0,95,620000,622500
0,95,680000,682500
0,95,682500,685000
0,95,685000,687500
0,95,842500,845000
0,95,865000,867500
0,95,970000,972500
0,95,1000000,1002500
1,95,90000,92500
1,95,192500,195000
1,95,570000,572500
1,95,682500,685000
1,95,705000,707500
1,95,707500,710000
1,95,845000,847500
2,95,45000,47500
2,95,50000,52500
2,95,682500,685000
2,95,760000,762500
2,95,970000,972500
2,95,1000000,1002500
3,95,47500,50000
4,95,27500,30000
4,95,32500,35000
4,95,45000,47500
4,95,50000,52500
4,95,75000,77500
4,95,102500,105000
4,95,105000,107500
4,95,127500,130000
4,95,142500,145000
4,95,155000,157500
4,95,190000,192500
4,95,207500,210000
4,95,210000,212500
4,95,212500,215000
4,95,215000,217500
4,95,217500,220000
4,95,230000,232500
4,95,262500,265000
4,95,265000,267500
4,95,267500,270000
4,95,270000,272500
4,95,272500,275000
4,95,275000,277500
4,95,277500,280000
4,95,280000,282500
4,95,282500,285000
4,95,287500,290000
4,95,395000,397500
4,95,397500,400000
4,95,447500,450000
4,95,460000,462500
4,95,462500,465000
4,95,465000,467500
4,95,567500,570000
4,95,617500,620000
4,95,620000,622500
4,95,625000,627500
4,95,627500,630000
4,95,630000,632500
4,95,635000,637500
4,95,680000,682500
4,95,692500,695000
4,95,882500,885000
4,95,885000,887500
4,95,887500,890000
4,95,890000,892500
4,95,902500,905000
4,95,970000,972500
4,95,1000000,1002500
4,95,1002500,1005000
5,95,30000,32500
5,95,35000,37500
5,95,47500,50000
5,95,62500,65000
5,95,90000,92500
5,95,92500,95000
5,95,122500,125000
5,95,137500,140000
5,95,145000,147500
5,95,157500,160000
5,95,205000,207500
5,95,207500,210000
5,95,210000,212500
5,95,212500,215000
5,95,215000,217500
5,95,217500,220000
5,95,220000,222500
5,95,232500,235000
5,95,262500,265000
5,95,265000,267500
5,95,267500,270000
5,95,270000,272500
5,95,272500,275000
5,95,275000,277500
5,95,277500,280000
5,95,280000,282500
5,95,282500,285000
5,95,285000,287500
5,95,290000,292500
5,95,405000,407500
5,95,407500,410000
5,95,452500,455000
5,95,462500,465000
5,95,557500,560000
5,95,570000,572500
5,95,622500,625000
5,95,625000,627500
5,95,627500,630000
5,95,630000,632500
5,95,632500,635000
5,95,637500,640000
5,95,690000,692500
5,95,705000,707500
5,95,707500,710000
5,95,765000,767500
5,95,845000,847500
5,95,880000,882500
5,95,882500,885000
5,95,885000,887500
5,95,887500,890000
5,95,890000,892500
5,95,892500,895000
5,95,905000,907500
5,95,972500,975000
5,95,1002500,1005000
5,95,1005000,1007500
0,96,127500,130000
0,96,197500,200000
1,96,112500,115000
1,96,130000,132500
1,96,195000,197500
1,96,227500,230000
2,96,125000,127500
2,96,225000,227500
2,96,352500,355000
2,96,362500,365000
2,96,365000,367500
2,96,567500,570000
2,96,570000,572500
2,96,572500,575000
2,96,575000,577500
2,96,577500,580000
2,96,580000,582500
2,96,582500,585000
3,96,120000,122500
3,96,230000,232500
3,96,342500,345000
3,96,360000,362500
3,96,427500,430000
3,96,430000,432500
3,96,567500,570000
3,96,570000,572500
3,96,572500,575000
3,96,575000,577500
3,96,577500,580000
3,96,580000,582500
3,96,877500,880000
3,96,962500,965000
4,96,7500,10000
4,96,45000,47500
4,96,67500,70000
4,96,172500,175000
4,96,192500,195000
4,96,197500,200000
4,96,225000,227500
4,96,310000,312500
4,96,352500,355000
4,96,370000,372500
4,96,372500,375000
4,96,375000,377500
4,96,377500,380000
4,96,405000,407500
4,96,442500,445000
4,96,450000,452500
4,96,472500,475000
4,96,477500,480000
4,96,480000,482500
4,96,512500,515000
4,96,525000,527500
4,96,542500,545000
4,96,597500,600000
4,96,600000,602500
4,96,602500,605000
4,96,615000,617500
4,96,650000,652500
4,96,757500,760000
4,96,762500,765000
4,96,777500,780000
4,96,785000,787500
4,96,790000,792500
4,96,835000,837500
4,96,837500,840000
4,96,855000,857500
4,96,882500,885000
4,96,922500,925000
4,96,937500,940000
4,96,970000,972500
4,96,972500,975000
5,96,10000,12500
5,96,65000,67500
5,96,87500,90000
5,96,195000,197500
5,96,207500,210000
5,96,280000,282500
5,96,307500,310000
5,96,322500,325000
5,96,345000,347500
5,96,367500,370000
5,96,370000,372500
5,96,372500,375000
5,96,375000,377500
5,96,387500,390000
5,96,390000,392500
5,96,427500,430000
5,96,430000,432500
5,96,447500,450000
5,96,460000,462500
5,96,475000,477500
5,96,510000,512500
5,96,515000,517500
5,96,540000,542500
5,96,585000,587500
5,96,600000,602500
5,96,605000,607500
5,96,607500,610000
5,96,647500,650000
5,96,755000,757500
5,96,760000,762500
5,96,770000,772500
5,96,782500,785000
5,96,787500,790000
5,96,822500,825000
5,96,845000,847500
5,96,857500,860000
5,96,877500,880000
5,96,917500,920000
5,96,935000,937500
5,96,962500,965000
5,96,977500,980000
0,97,187500,190000
0,97,200000,202500
0,97,282500,285000
1,97,185000,187500
1,97,192500,195000
1,97,195000,197500
1,97,277500,280000
1,97,280000,282500
2,97,17500,20000
2,97,32500,35000
2,97,35000,37500
2,97,62500,65000
2,97,92500,95000
2,97,95000,97500
2,97,140000,142500
2,97,152500,155000
2,97,167500,170000
2,97,177500,180000
2,97,200000,202500
2,97,222500,225000
2,97,232500,235000
2,97,235000,237500
2,97,247500,250000
2,97,250000,252500
2,97,252500,255000
2,97,262500,265000
2,97,272500,275000
2,97,275000,277500
2,97,277500,280000
2,97,285000,287500
2,97,287500,290000
2,97,290000,292500
2,97,292500,295000
2,97,295000,297500
2,97,347500,350000
2,97,467500,470000
2,97,475000,477500
2,97,477500,480000
2,97,480000,482500
2,97,830000,832500
2,97,877500,880000
3,97,20000,22500
3,97,65000,67500
3,97,102500,105000
3,97,147500,150000
3,97,155000,157500
3,97,172500,175000
3,97,212500,215000
3,97,215000,217500
3,97,225000,227500
3,97,247500,250000
3,97,250000,252500
3,97,260000,262500
3,97,267500,270000
3,97,270000,272500
3,97,275000,277500
3,97,277500,280000
3,97,285000,287500
3,97,287500,290000
3,97,290000,292500
3,97,292500,295000
3,97,320000,322500
3,97,350000,352500
3,97,477500,480000
3,97,502500,505000
4,97,17500,20000
4,97,32500,35000
4,97,62500,65000
4,97,95000,97500
4,97,165000,167500
4,97,245000,247500
4,97,467500,470000
4,97,877500,880000
5,97,20000,22500
5,97,37500,40000
5,97,172500,175000
5,97,237500,240000
5,97,350000,352500
5,97,470000,472500
5,97,832500,835000
5,97,880000,882500
0,98,5000,7500
0,98,165000,167500
0,98,177500,180000
0,98,265000,267500
0,98,302500,305000
0,98,357500,360000
0,98,455000,457500
0,98,470000,472500
1,98,12500,15000
1,98,170000,172500
1,98,172500,175000
1,98,180000,182500
1,98,270000,272500
1,98,297500,300000
1,98,300000,302500
1,98,360000,362500
1,98,377500,380000
1,98,467500,470000
1,98,472500,475000
2,98,415000,417500
2,98,455000,457500
2,98,685000,687500
2,98,687500,690000
2,98,690000,692500
3,98,180000,182500
3,98,267500,270000
3,98,297500,300000
3,98,360000,362500
3,98,682500,685000
3,98,685000,687500
3,98,687500,690000
3,98,740000,742500
4,98,45000,47500
4,98,85000,87500
4,98,87500,90000
4,98,165000,167500
4,98,177500,180000
4,98,220000,222500
4,98,222500,225000
4,98,265000,267500
4,98,267500,270000
4,98,282500,285000
4,98,285000,287500
4,98,295000,297500
4,98,375000,377500
4,98,382500,385000
4,98,455000,457500
4,98,460000,462500
4,98,465000,467500
4,98,675000,677500
4,98,700000,702500
4,98,710000,712500
4,98,712500,715000
4,98,715000,717500
4,98,717500,720000
4,98,720000,722500
4,98,722500,725000
4,98,725000,727500
4,98,727500,730000
4,98,730000,732500
4,98,732500,735000
4,98,735000,737500
4,98,737500,740000
5,98,12500,15000
5,98,47500,50000
5,98,87500,90000
5,98,90000,92500
5,98,222500,225000
5,98,225000,227500
5,98,267500,270000
5,98,270000,272500
5,98,310000,312500
5,98,360000,362500
5,98,377500,380000
5,98,420000,422500
5,98,457500,460000
5,98,462500,465000
5,98,697500,700000
5,98,700000,702500
5,98,702500,705000
5,98,712500,715000
5,98,715000,717500
5,98,717500,720000
5,98,720000,722500
5,98,722500,725000
5,98,725000,727500
5,98,727500,730000
5,98,730000,732500
5,98,732500,735000
5,98,735000,737500
5,98,737500,740000
5,98,740000,742500
2,99,160000,162500
2,99,172500,175000
2,99,227500,230000
2,99,257500,260000
2,99,322500,325000
2,99,335000,337500
2,99,340000,342500
2,99,342500,345000
2,99,417500,420000
2,99,570000,572500
3,99,142500,145000
3,99,162500,165000
3,99,217500,220000
3,99,320000,322500
3,99,332500,335000
3,99,337500,340000
3,99,387500,390000
3,99,415000,417500
3,99,420000,422500
3,99,535000,537500
3,99,560000,562500
3,99,562500,565000
3,99,802500,805000
4,99,7500,10000
4,99,127500,130000
4,99,227500,230000
4,99,257500,260000
4,99,267500,270000
4,99,270000,272500
4,99,297500,300000
4,99,375000,377500
4,99,400000,402500
4,99,412500,415000
4,99,432500,435000
4,99,440000,442500
4,99,455000,457500
4,99,480000,482500
4,99,552500,555000
4,99,557500,560000
4,99,560000,562500
4,99,570000,572500
4,99,627500,630000
4,99,667500,670000
4,99,762500,765000
4,99,772500,775000
4,99,780000,782500
4,99,787500,790000
4,99,807500,810000
5,99,10000,12500
5,99,25000,27500
5,99,42500,45000
5,99,80000,82500
5,99,102500,105000
5,99,230000,232500
5,99,232500,235000
5,99,265000,267500
5,99,267500,270000
5,99,272500,275000
5,99,295000,297500
5,99,345000,347500
5,99,367500,370000
5,99,387500,390000
5,99,422500,425000
5,99,435000,437500
5,99,442500,445000
5,99,460000,462500
5,99,500000,502500
5,99,555000,557500
5,99,560000,562500
5,99,562500,565000
5,99,660000,662500
5,99,727500,730000
5,99,765000,767500
5,99,777500,780000
5,99,782500,785000
5,99,820000,822500
2,100,20000,22500
2,100,25000,27500
2,100,32500,35000
2,100,42500,45000
2,100,50000,52500
2,100,65000,67500
2,100,82500,85000
2,100,87500,90000
2,100,140000,142500
2,100,142500,145000
2,100,145000,147500
2,100,147500,150000
2,100,150000,152500
2,100,152500,155000
2,100,155000,157500
2,100,157500,160000
2,100,160000,162500
2,100,162500,165000
2,100,165000,167500
2,100,167500,170000
2,100,180000,182500
2,100,182500,185000
2,100,190000,192500
2,100,210000,212500
2,100,220000,222500
2,100,272500,275000
2,100,285000,287500
2,100,330000,332500
2,100,340000,342500
2,100,342500,345000
2,100,347500,350000
2,100,397500,400000
2,100,410000,412500
2,100,427500,430000
2,100,482500,485000
2,100,485000,487500
2,100,487500,490000
2,100,490000,492500
2,100,492500,495000
2,100,495000,497500
2,100,500000,502500
2,100,525000,527500
2,100,527500,530000
2,100,532500,535000
2,100,630000,632500
2,100,642500,645000
2,100,672500,675000
2,100,802500,805000
3,100,22500,25000
3,100,30000,32500
3,100,40000,42500
3,100,45000,47500
3,100,62500,65000
3,100,80000,82500
3,100,85000,87500
3,100,140000,142500
3,100,142500,145000
3,100,145000,147500
3,100,147500,150000
3,100,150000,152500
3,100,152500,155000
3,100,155000,157500
3,100,157500,160000
3,100,160000,162500
3,100,162500,165000
3,100,165000,167500
3,100,177500,180000
3,100,180000,182500
3,100,182500,185000
3,100,185000,187500
3,100,205000,207500
3,100,207500,210000
3,100,212500,215000
3,100,215000,217500
3,100,262500,265000
3,100,332500,335000
3,100,345000,347500
3,100,395000,397500
3,100,402500,405000
3,100,460000,462500
3,100,462500,465000
3,100,482500,485000
3,100,485000,487500
3,100,487500,490000
3,100,490000,492500
3,100,492500,495000
3,100,495000,497500
3,100,497500,500000
3,100,515000,517500
3,100,527500,530000
3,100,530000,532500
3,100,535000,537500
3,100,632500,635000
3,100,645000,647500
3,100,677500,680000
3,100,740000,742500
3,100,755000,757500
4,100,10000,12500
4,100,17500,20000
4,100,42500,45000
4,100,137500,140000
4,100,202500,205000
4,100,205000,207500
4,100,222500,225000
4,100,225000,227500
4,100,257500,260000
4,100,282500,285000
4,100,300000,302500
4,100,425000,427500
4,100,452500,455000
4,100,590000,592500
4,100,630000,632500
4,100,640000,642500
4,100,737500,740000
4,100,750000,752500
4,100,770000,772500
4,100,800000,802500
4,100,805000,807500
4,100,822500,825000
5,100,12500,15000
5,100,40000,42500
5,100,100000,102500
5,100,102500,105000
5,100,200000,202500
5,100,202500,205000
5,100,222500,225000
5,100,255000,257500
5,100,277500,280000
5,100,297500,300000
5,100,325000,327500
5,100,422500,425000
5,100,430000,432500
5,100,517500,520000
5,100,592500,595000
5,100,595000,597500
5,100,632500,635000
5,100,645000,647500
5,100,677500,680000
5,100,740000,742500
5,100,755000,757500
5,100,772500,775000
5,100,802500,805000
5,100,807500,810000
0,101,5000,7500
0,101,247500,250000
0,101,265000,267500
1,101,195000,197500
1,101,197500,200000
1,101,267500,270000
1,101,380000,382500
1,101,382500,385000
2,101,100000,102500
2,101,195000,197500
3,101,192500,195000
3,101,342500,345000
4,101,72500,75000
4,101,162500,165000
4,101,167500,170000
4,101,180000,182500
4,101,195000,197500
4,101,212500,215000
4,101,265000,267500
4,101,315000,317500
4,101,335000,337500
4,101,337500,340000
4,101,340000,342500
4,101,357500,360000
4,101,362500,365000
4,101,370000,372500
4,101,377500,380000
4,101,380000,382500
4,101,440000,442500
4,101,545000,547500
4,101,580000,582500
5,101,7500,10000
5,101,75000,77500
5,101,102500,105000
5,101,165000,167500
5,101,177500,180000
5,101,192500,195000
5,101,195000,197500
5,101,197500,200000
5,101,267500,270000
5,101,317500,320000
5,101,325000,327500
5,101,337500,340000
5,101,340000,342500
5,101,360000,362500
5,101,365000,367500
5,101,375000,377500
5,101,380000,382500
5,101,442500,445000
5,101,542500,545000
5,101,572500,575000
5,101,582500,585000
2,102,182500,185000
2,102,277500,280000
2,102,332500,335000
2,102,335000,337500
2,102,355000,357500
3,102,185000,187500
4,102,182500,185000
4,102,220000,222500
4,102,277500,280000
4,102,352500,355000
4,102,355000,357500
5,102,280000,282500
5,102,335000,337500
5,102,337500,340000
5,102,355000,357500
5,102,357500,360000
0,103,95000,97500
0,103,125000,127500
0,103,130000,132500
0,103,140000,142500
0,103,177500,180000
0,103,245000,247500
0,103,252500,255000
0,103,260000,262500
0,103,282500,285000
0,103,302500,305000
0,103,315000,317500
1,103,77500,80000
1,103,80000,82500
1,103,102500,105000
1,103,127500,130000
1,103,137500,140000
1,103,230000,232500
1,103,237500,240000
1,103,247500,250000
1,103,255000,257500
1,103,277500,280000
1,103,300000,302500
2,103,127500,130000
2,103,130000,132500
2,103,145000,147500
2,103,180000,182500
2,103,217500,220000
2,103,220000,222500
2,103,262500,265000
2,103,295000,297500
2,103,362500,365000
2,103,365000,367500
2,103,367500,370000
3,103,100000,102500
3,103,102500,105000
3,103,127500,130000
3,103,142500,145000
3,103,177500,180000
3,103,230000,232500
3,103,292500,295000
3,103,305000,307500
3,103,307500,310000
3,103,360000,362500
3,103,362500,365000
3,103,365000,367500
3,103,367500,370000
4,103,27500,30000
4,103,35000,37500
4,103,50000,52500
4,103,175000,177500
4,103,217500,220000
4,103,235000,237500
4,103,315000,317500
4,103,357500,360000
4,103,372500,375000
4,103,440000,442500
4,103,447500,450000
4,103,472500,475000
4,103,485000,487500
4,103,500000,502500
4,103,522500,525000
4,103,537500,540000
5,103,32500,35000
5,103,37500,40000
5,103,80000,82500
5,103,155000,157500
5,103,185000,187500
5,103,247500,250000
5,103,325000,327500
5,103,370000,372500
5,103,377500,380000
5,103,442500,445000
5,103,465000,467500
5,103,482500,485000
5,103,495000,497500
5,103,497500,500000
5,103,507500,510000
5,103,532500,535000
5,103,542500,545000
0,104,222500,225000
0,104,310000,312500
0,104,355000,357500
0,104,435000,437500
0,104,452500,455000
0,104,470000,472500
1,104,350000,352500
1,104,425000,427500
1,104,467500,470000
2,104,190000,192500
2,104,200000,202500
2,104,222500,225000
3,104,202500,205000
3,104,425000,427500
3,104,437500,440000
4,104,182500,185000
4,104,187500,190000
4,104,190000,192500
4,104,222500,225000
4,104,277500,280000
4,104,280000,282500
4,104,282500,285000
4,104,285000,287500
4,104,340000,342500
4,104,342500,345000
4,104,347500,350000
4,104,355000,357500
4,104,422500,425000
4,104,435000,437500
4,104,452500,455000
4,104,465000,467500
4,104,475000,477500
4,104,495000,497500
5,104,185000,187500
5,104,190000,192500
5,104,192500,195000
5,104,202500,205000
5,104,225000,227500
5,104,280000,282500
5,104,282500,285000
5,104,285000,287500
5,104,287500,290000
5,104,312500,315000
5,104,315000,317500
5,104,345000,347500
5,104,365000,367500
5,104,425000,427500
5,104,437500,440000
5,104,455000,457500
5,104,472500,475000
5,104,475000,477500
5,104,477500,480000
5,104,497500,500000
2,105,322500,325000
3,105,325000,327500
4,105,425000,427500
4,105,1170000,1172500
5,105,307500,310000
5,105,325000,327500
5,105,427500,430000
5,105,1172500,1175000
0,106,122500,125000
0,106,135000,137500
0,106,167500,170000
0,106,215000,217500
0,106,225000,227500
0,106,232500,235000
0,106,265000,267500
0,106,302500,305000
0,106,352500,355000
0,106,357500,360000
0,106,430000,432500
0,106,440000,442500
1,106,65000,67500
1,106,132500,135000
1,106,170000,172500
1,106,217500,220000
1,106,220000,222500
1,106,227500,230000
1,106,255000,257500
1,106,272500,275000
1,106,275000,277500
1,106,335000,337500
1,106,355000,357500
2,106,95000,97500
2,106,132500,135000
2,106,137500,140000
2,106,145000,147500
2,106,182500,185000
2,106,215000,217500
2,106,250000,252500
2,106,267500,270000
2,106,270000,272500
2,106,272500,275000
2,106,357500,360000
3,106,92500,95000
3,106,102500,105000
3,106,105000,107500
3,106,130000,132500
3,106,135000,137500
3,106,142500,145000
3,106,145000,147500
3,106,177500,180000
3,106,245000,247500
3,106,252500,255000
3,106,267500,270000
3,106,270000,272500
3,106,272500,275000
3,106,355000,357500
4,106,15000,17500
4,106,35000,37500
4,106,87500,90000
4,106,165000,167500
4,106,175000,177500
4,106,302500,305000
4,106,372500,375000
4,106,422500,425000
5,106,20000,22500
5,106,147500,150000
5,106,190000,192500
5,106,220000,222500
5,106,227500,230000
5,106,275000,277500
5,106,367500,370000
5,106,377500,380000
5,106,425000,427500
5,106,435000,437500
5,106,442500,445000
5,106,445000,447500
0,107,0,2500
0,107,177500,180000
0,107,212500,215000
0,107,225000,227500
0,107,235000,237500
0,107,257500,260000
0,107,287500,290000
0,107,305000,307500
0,107,447500,450000
0,107,480000,482500
0,107,535000,537500
1,107,215000,217500
1,107,232500,235000
1,107,252500,255000
1,107,255000,257500
1,107,277500,280000
1,107,295000,297500
1,107,477500,480000
1,107,485000,487500
1,107,1042500,1045000
1,107,1045000,1047500
2,107,212500,215000
4,107,0,2500
4,107,10000,12500
4,107,47500,50000
4,107,50000,52500
4,107,117500,120000
4,107,160000,162500
4,107,182500,185000
4,107,195000,197500
4,107,212500,215000
4,107,225000,227500
4,107,227500,230000
4,107,257500,260000
4,107,262500,265000
4,107,267500,270000
4,107,275000,277500
4,107,287500,290000
4,107,290000,292500
4,107,292500,295000
4,107,307500,310000
4,107,310000,312500
4,107,325000,327500
4,107,327500,330000
4,107,332500,335000
4,107,352500,355000
4,107,367500,370000
4,107,405000,407500
4,107,420000,422500
4,107,447500,450000
4,107,450000,452500
4,107,462500,465000
4,107,465000,467500
4,107,475000,477500
4,107,477500,480000
4,107,490000,492500
4,107,535000,537500
4,107,590000,592500
4,107,592500,595000
4,107,645000,647500
4,107,690000,692500
4,107,1040000,1042500
4,107,1042500,1045000
4,107,1107500,1110000
4,107,1110000,1112500
5,107,5000,7500
5,107,12500,15000
5,107,50000,52500
5,107,52500,55000
5,107,120000,122500
5,107,162500,165000
5,107,180000,182500
5,107,185000,187500
5,107,197500,200000
5,107,215000,217500
5,107,255000,257500
5,107,260000,262500
5,107,265000,267500
5,107,272500,275000
5,107,277500,280000
5,107,290000,292500
5,107,292500,295000
5,107,307500,310000
5,107,310000,312500
5,107,312500,315000
5,107,330000,332500
5,107,332500,335000
5,107,335000,337500
5,107,355000,357500
5,107,382500,385000
5,107,415000,417500
5,107,417500,420000
5,107,422500,425000
5,107,457500,460000
5,107,460000,462500
5,107,472500,475000
5,107,475000,477500
5,107,482500,485000
5,107,485000,487500
5,107,495000,497500
5,107,497500,500000
5,107,537500,540000
5,107,592500,595000
5,107,595000,597500
5,107,647500,650000
5,107,692500,695000
5,107,1110000,1112500
5,107,1112500,1115000
0,108,5000,7500
0,108,95000,97500
0,108,137500,140000
0,108,240000,242500
0,108,250000,252500
0,108,297500,300000
0,108,340000,342500
0,108,430000,432500
0,108,447500,450000
0,108,455000,457500
1,108,2500,5000
1,108,92500,95000
1,108,132500,135000
1,108,242500,245000
1,108,270000,272500
1,108,290000,292500
1,108,292500,295000
1,108,307500,310000
1,108,332500,335000
1,108,427500,430000
1,108,445000,447500
1,108,450000,452500
1,108,685000,687500
2,108,0,2500
2,108,20000,22500
2,108,25000,27500
2,108,27500,30000
2,108,50000,52500
2,108,87500,90000
2,108,90000,92500
2,108,100000,102500
2,108,105000,107500
2,108,107500,110000
2,108,110000,112500
2,108,122500,125000
2,108,125000,127500
2,108,130000,132500
2,108,155000,157500
2,108,315000,317500
2,108,317500,320000
2,108,465000,467500
2,108,480000,482500
2,108,492500,495000
2,108,495000,497500
2,108,500000,502500
2,108,507500,510000
2,108,512500,515000
2,108,515000,517500
2,108,517500,520000
2,108,522500,525000
2,108,525000,527500
2,108,527500,530000
2,108,530000,532500
2,108,535000,537500
2,108,540000,542500
2,108,557500,560000
2,108,562500,565000
2,108,565000,567500
2,108,567500,570000
2,108,570000,572500
2,108,575000,577500
2,108,580000,582500
2,108,582500,585000
2,108,585000,587500
2,108,612500,615000
2,108,615000,617500
2,108,630000,632500
2,108,632500,635000
2,108,640000,642500
2,108,645000,647500
2,108,647500,650000
2,108,657500,660000
2,108,670000,672500
2,108,672500,675000
2,108,675000,677500
2,108,677500,680000
2,108,682500,685000
2,108,695000,697500
2,108,700000,702500
2,108,712500,715000
2,108,715000,717500
2,108,717500,720000
2,108,722500,725000
2,108,725000,727500
2,108,727500,730000
2,108,732500,735000
2,108,735000,737500
2,108,737500,740000
2,108,740000,742500
2,108,742500,745000
2,108,747500,750000
2,108,750000,752500
2,108,752500,755000
2,108,760000,762500
2,108,762500,765000
2,108,765000,767500
2,108,767500,770000
2,108,770000,772500
3,108,7500,10000
3,108,22500,25000
3,108,27500,30000
3,108,30000,32500
3,108,85000,87500
3,108,90000,92500
3,108,97500,100000
3,108,102500,105000
3,108,107500,110000
3,108,127500,130000
3,108,155000,157500
3,108,157500,160000
3,108,167500,170000
3,108,462500,465000
3,108,480000,482500
3,108,482500,485000
3,108,495000,497500
3,108,497500,500000
3,108,505000,507500
3,108,510000,512500
3,108,512500,515000
3,108,515000,517500
3,108,520000,522500
3,108,522500,525000
3,108,525000,527500
3,108,527500,530000
3,108,532500,535000
3,108,537500,540000
3,108,555000,557500
3,108,557500,560000
3,108,560000,562500
3,108,565000,567500
3,108,567500,570000
3,108,572500,575000
3,108,577500,580000
3,108,580000,582500
3,108,582500,585000
3,108,610000,612500
3,108,612500,615000
3,108,627500,630000
3,108,630000,632500
3,108,635000,637500
3,108,637500,640000
3,108,642500,645000
3,108,645000,647500
3,108,655000,657500
3,108,667500,670000
3,108,670000,672500
3,108,672500,675000
3,108,675000,677500
3,108,677500,680000
3,108,680000,682500
3,108,685000,687500
3,108,697500,700000
3,108,710000,712500
3,108,712500,715000
3,108,715000,717500
3,108,720000,722500
3,108,722500,725000
3,108,725000,727500
3,108,730000,732500
3,108,732500,735000
3,108,735000,737500
3,108,737500,740000
3,108,740000,742500
3,108,745000,747500
3,108,747500,750000
3,108,750000,752500
3,108,757500,760000
3,108,760000,762500
3,108,762500,765000
3,108,765000,767500
3,108,767500,770000
3,108,770000,772500
4,108,682500,685000
5,108,680000,682500
0,109,5000,7500
0,109,517500,520000
0,109,580000,582500
1,109,2500,5000
1,109,12500,15000
1,109,160000,162500
1,109,577500,580000
1,109,657500,660000
1,109,670000,672500
2,109,5000,7500
2,109,90000,92500
2,109,117500,120000
2,109,190000,192500
2,109,220000,222500
2,109,255000,257500
2,109,260000,262500
2,109,262500,265000
2,109,277500,280000
2,109,295000,297500
2,109,372500,375000
2,109,375000,377500
2,109,377500,380000
2,109,380000,382500
2,109,382500,385000
2,109,385000,387500
2,109,407500,410000
2,109,452500,455000
2,109,495000,497500
2,109,497500,500000
2,109,500000,502500
2,109,505000,507500
2,109,537500,540000
2,109,547500,550000
2,109,562500,565000
2,109,600000,602500
2,109,607500,610000
2,109,610000,612500
2,109,612500,615000
2,109,615000,617500
2,109,617500,620000
2,109,620000,622500
2,109,622500,625000
2,109,655000,657500
2,109,667500,670000
3,109,2500,5000
3,109,12500,15000
3,109,15000,17500
3,109,25000,27500
3,109,115000,117500
3,109,160000,162500
3,109,187500,190000
3,109,197500,200000
3,109,247500,250000
3,109,250000,252500
3,109,257500,260000
3,109,260000,262500
3,109,275000,277500
3,109,292500,295000
3,109,370000,372500
3,109,372500,375000
3,109,375000,377500
3,109,377500,380000
3,109,380000,382500
3,109,382500,385000
3,109,402500,405000
3,109,405000,407500
3,109,447500,450000
3,109,450000,452500
3,109,492500,495000
3,109,495000,497500
3,109,497500,500000
3,109,502500,505000
3,109,507500,510000
3,109,535000,537500
3,109,542500,545000
3,109,545000,547500
3,109,560000,562500
3,109,595000,597500
3,109,597500,600000
3,109,602500,605000
3,109,610000,612500
3,109,612500,615000
3,109,615000,617500
3,109,617500,620000
3,109,620000,622500
3,109,622500,625000
3,109,625000,627500
3,109,652500,655000
3,109,657500,660000
3,109,670000,672500
4,109,0,2500
4,109,22500,25000
4,109,32500,35000
4,109,35000,37500
4,109,72500,75000
4,109,90000,92500
4,109,92500,95000
4,109,97500,100000
4,109,115000,117500
4,109,127500,130000
4,109,130000,132500
4,109,137500,140000
4,109,147500,150000
4,109,165000,167500
4,109,167500,170000
4,109,185000,187500
4,109,190000,192500
4,109,325000,327500
4,109,425000,427500
4,109,477500,480000
4,109,517500,520000
4,109,580000,582500
4,109,650000,652500
5,109,25000,27500
5,109,70000,72500
5,109,80000,82500
5,109,92500,95000
5,109,95000,97500
5,109,112500,115000
5,109,120000,122500
5,109,132500,135000
5,109,145000,147500
5,109,160000,162500
5,109,177500,180000
5,109,187500,190000
5,109,322500,325000
5,109,422500,425000
5,109,475000,477500
5,109,542500,545000
5,109,577500,580000
0,110,0,2500
0,110,5000,7500
0,110,7500,10000
0,110,80000,82500
0,110,87500,90000
0,110,197500,200000
0,110,205000,207500
0,110,207500,210000
0,110,210000,212500
0,110,215000,217500
0,110,217500,220000
0,110,277500,280000
0,110,282500,285000
0,110,355000,357500
0,110,647500,650000
0,110,665000,667500
0,110,677500,680000
0,110,695000,697500
0,110,720000,722500
0,110,742500,745000
0,110,785000,787500
0,110,827500,830000
0,110,830000,832500
1,110,2500,5000
1,110,5000,7500
1,110,12500,15000
1,110,77500,80000
1,110,80000,82500
1,110,90000,92500
1,110,127500,130000
1,110,177500,180000
1,110,195000,197500
1,110,205000,207500
1,110,207500,210000
1,110,212500,215000
1,110,215000,217500
1,110,222500,225000
1,110,237500,240000
1,110,240000,242500
1,110,272500,275000
1,110,280000,282500
1,110,292500,295000
1,110,342500,345000
1,110,345000,347500
1,110,645000,647500
1,110,662500,665000
1,110,672500,675000
1,110,675000,677500
1,110,692500,695000
1,110,717500,720000
1,110,740000,742500
1,110,750000,752500
1,110,777500,780000
1,110,795000,797500
1,110,827500,830000
4,110,2500,5000
4,110,25000,27500
4,110,30000,32500
4,110,40000,42500
4,110,50000,52500
4,110,62500,65000
4,110,75000,77500
4,110,77500,80000
4,110,80000,82500
4,110,87500,90000
4,110,90000,92500
4,110,105000,107500
4,110,107500,110000
4,110,115000,117500
4,110,125000,127500
4,110,135000,137500
4,110,137500,140000
4,110,145000,147500
4,110,147500,150000
4,110,160000,162500
4,110,165000,167500
4,110,167500,170000
4,110,170000,172500
4,110,182500,185000
4,110,202500,205000
4,110,205000,207500
4,110,235000,237500
4,110,237500,240000
4,110,262500,265000
4,110,267500,270000
4,110,277500,280000
4,110,297500,300000
4,110,300000,302500
4,110,315000,317500
4,110,322500,325000
4,110,327500,330000
4,110,337500,340000
4,110,340000,342500
4,110,355000,357500
4,110,360000,362500
4,110,365000,367500
4,110,370000,372500
4,110,385000,387500
4,110,387500,390000
4,110,390000,392500
4,110,402500,405000
4,110,407500,410000
4,110,412500,415000
4,110,415000,417500
4,110,417500,420000
4,110,422500,425000
4,110,425000,427500
4,110,445000,447500
4,110,447500,450000
4,110,460000,462500
4,110,462500,465000
4,110,465000,467500
4,110,467500,470000
4,110,470000,472500
4,110,477500,480000
4,110,480000,482500
4,110,482500,485000
4,110,485000,487500
4,110,487500,490000
4,110,490000,492500
4,110,492500,495000
4,110,495000,497500
4,110,505000,507500
4,110,507500,510000
4,110,510000,512500
4,110,522500,525000
4,110,525000,527500
4,110,527500,530000
4,110,530000,532500
4,110,532500,535000
4,110,535000,537500
4,110,537500,540000
4,110,540000,542500
4,110,550000,552500
4,110,552500,555000
4,110,577500,580000
4,110,580000,582500
4,110,582500,585000
4,110,585000,587500
4,110,587500,590000
4,110,590000,592500
4,110,592500,595000
4,110,605000,607500
4,110,607500,610000
4,110,610000,612500
4,110,612500,615000
4,110,615000,617500
4,110,617500,620000
4,110,627500,630000
4,110,632500,635000
4,110,635000,637500
4,110,637500,640000
4,110,640000,642500
4,110,647500,650000
4,110,650000,652500
4,110,652500,655000
4,110,655000,657500
4,110,665000,667500
4,110,677500,680000
4,110,680000,682500
4,110,682500,685000
4,110,687500,690000
4,110,690000,692500
4,110,707500,710000
4,110,710000,712500
4,110,712500,715000
4,110,720000,722500
4,110,722500,725000
4,110,725000,727500
4,110,735000,737500
4,110,737500,740000
4,110,750000,752500
4,110,760000,762500
4,110,762500,765000
4,110,770000,772500
4,110,792500,795000
4,110,807500,810000
4,110,825000,827500
4,110,827500,830000
4,110,830000,832500
4,110,840000,842500
4,110,897500,900000
4,110,902500,905000
4,110,905000,907500
4,110,907500,910000
4,110,910000,912500
5,110,15000,17500
5,110,27500,30000
5,110,37500,40000
5,110,42500,45000
5,110,45000,47500
5,110,55000,57500
5,110,65000,67500
5,110,67500,70000
5,110,77500,80000
5,110,80000,82500
5,110,82500,85000
5,110,92500,95000
5,110,112500,115000
5,110,115000,117500
5,110,117500,120000
5,110,130000,132500
5,110,140000,142500
5,110,157500,160000
5,110,162500,165000
5,110,167500,170000
5,110,175000,177500
5,110,197500,200000
5,110,200000,202500
5,110,222500,225000
5,110,265000,267500
5,110,310000,312500
5,110,320000,322500
5,110,325000,327500
5,110,335000,337500
5,110,337500,340000
5,110,345000,347500
5,110,357500,360000
5,110,362500,365000
5,110,367500,370000
5,110,380000,382500
5,110,387500,390000
5,110,400000,402500
5,110,405000,407500
5,110,410000,412500
5,110,412500,415000
5,110,415000,417500
5,110,417500,420000
5,110,420000,422500
5,110,442500,445000
5,110,445000,447500
5,110,455000,457500
5,110,462500,465000
5,110,465000,467500
5,110,467500,470000
5,110,472500,475000
5,110,480000,482500
5,110,482500,485000
5,110,485000,487500
5,110,487500,490000
5,110,490000,492500
5,110,492500,495000
5,110,502500,505000
5,110,505000,507500
5,110,507500,510000
5,110,520000,522500
5,110,522500,525000
5,110,525000,527500
5,110,527500,530000
5,110,530000,532500
5,110,532500,535000
5,110,535000,537500
5,110,537500,540000
5,110,542500,545000
5,110,572500,575000
5,110,575000,577500
5,110,580000,582500
5,110,582500,585000
5,110,585000,587500
5,110,587500,590000
5,110,590000,592500
5,110,602500,605000
5,110,605000,607500
5,110,607500,610000
5,110,610000,612500
5,110,612500,615000
5,110,615000,617500
5,110,625000,627500
5,110,630000,632500
5,110,632500,635000
5,110,635000,637500
5,110,637500,640000
5,110,645000,647500
5,110,647500,650000
5,110,650000,652500
5,110,652500,655000
5,110,662500,665000
5,110,675000,677500
5,110,680000,682500
5,110,685000,687500
5,110,687500,690000
5,110,705000,707500
5,110,707500,710000
5,110,710000,712500
5,110,717500,720000
5,110,720000,722500
5,110,722500,725000
5,110,727500,730000
5,110,747500,750000
5,110,750000,752500
5,110,752500,755000
5,110,767500,770000
5,110,777500,780000
5,110,790000,792500
5,110,797500,800000
5,110,810000,812500
5,110,827500,830000
5,110,835000,837500
5,110,837500,840000
5,110,842500,845000
5,110,900000,902500
5,110,905000,907500
5,110,907500,910000
5,110,910000,912500
5,110,912500,915000
0,111,2500,5000
0,111,45000,47500
0,111,237500,240000
0,111,272500,275000
0,111,290000,292500
0,111,317500,320000
0,111,330000,332500
0,111,352500,355000
0,111,377500,380000
0,111,400000,402500
0,111,445000,447500
0,111,477500,480000
0,111,725000,727500
0,111,732500,735000
1,111,5000,7500
1,111,42500,45000
1,111,62500,65000
1,111,65000,67500
1,111,105000,107500
1,111,142500,145000
1,111,240000,242500
1,111,285000,287500
1,111,307500,310000
1,111,325000,327500
1,111,335000,337500
1,111,367500,370000
1,111,397500,400000
1,111,437500,440000
1,111,455000,457500
1,111,727500,730000
1,111,787500,790000
2,111,22500,25000
2,111,25000,27500
2,111,62500,65000
2,111,80000,82500
2,111,82500,85000
2,111,97500,100000
2,111,100000,102500
2,111,135000,137500
2,111,140000,142500
2,111,382500,385000
2,111,517500,520000
2,111,525000,527500
2,111,537500,540000
2,111,540000,542500
2,111,542500,545000
2,111,552500,555000
2,111,557500,560000
2,111,565000,567500
2,111,580000,582500
2,111,590000,592500
2,111,592500,595000
2,111,595000,597500
2,111,597500,600000
2,111,600000,602500
2,111,615000,617500
2,111,670000,672500
2,111,697500,700000
2,111,712500,715000
2,111,715000,717500
2,111,717500,720000
2,111,757500,760000
2,111,767500,770000
2,111,780000,782500
2,111,785000,787500
3,111,5000,7500
3,111,25000,27500
3,111,27500,30000
3,111,47500,50000
3,111,60000,62500
3,111,62500,65000
3,111,102500,105000
3,111,137500,140000
3,111,380000,382500
3,111,507500,510000
3,111,510000,512500
3,111,520000,522500
3,111,535000,537500
3,111,540000,542500
3,111,545000,547500
3,111,547500,550000
3,111,555000,557500
3,111,562500,565000
3,111,577500,580000
3,111,587500,590000
3,111,590000,592500
3,111,592500,595000
3,111,595000,597500
3,111,597500,600000
3,111,600000,602500
3,111,602500,605000
3,111,612500,615000
3,111,667500,670000
3,111,695000,697500
3,111,710000,712500
3,111,712500,715000
3,111,715000,717500
3,111,717500,720000
3,111,720000,722500
3,111,755000,757500
3,111,760000,762500
3,111,762500,765000
3,111,772500,775000
3,111,775000,777500
3,111,782500,785000
4,111,497500,500000
5,111,480000,482500
0,112,165000,167500
0,112,170000,172500
0,112,377500,380000
0,112,472500,475000
1,112,15000,17500
1,112,147500,150000
1,112,162500,165000
1,112,167500,170000
1,112,470000,472500
1,112,790000,792500
2,112,10000,12500
2,112,25000,27500
2,112,165000,167500
2,112,170000,172500
2,112,210000,212500
2,112,232500,235000
2,112,302500,305000
2,112,385000,387500
2,112,410000,412500
2,112,412500,415000
2,112,420000,422500
2,112,422500,425000
2,112,425000,427500
2,112,427500,430000
2,112,467500,470000
2,112,472500,475000
2,112,552500,555000
2,112,562500,565000
2,112,565000,567500
2,112,570000,572500
2,112,582500,585000
2,112,585000,587500
2,112,590000,592500
2,112,595000,597500
2,112,597500,600000
2,112,605000,607500
2,112,627500,630000
2,112,630000,632500
2,112,632500,635000
2,112,650000,652500
2,112,652500,655000
2,112,692500,695000
2,112,700000,702500
2,112,702500,705000
2,112,707500,710000
2,112,710000,712500
2,112,727500,730000
2,112,732500,735000
2,112,765000,767500
2,112,770000,772500
2,112,775000,777500
2,112,785000,787500
3,112,5000,7500
3,112,7500,10000
3,112,15000,17500
3,112,22500,25000
3,112,25000,27500
3,112,75000,77500
3,112,147500,150000
3,112,162500,165000
3,112,167500,170000
3,112,195000,197500
3,112,220000,222500
3,112,287500,290000
3,112,337500,340000
3,112,382500,385000
3,112,407500,410000
3,112,410000,412500
3,112,412500,415000
3,112,415000,417500
3,112,422500,425000
3,112,425000,427500
3,112,432500,435000
3,112,470000,472500
3,112,547500,550000
3,112,550000,552500
3,112,557500,560000
3,112,560000,562500
3,112,567500,570000
3,112,580000,582500
3,112,587500,590000
3,112,592500,595000
3,112,602500,605000
3,112,625000,627500
3,112,630000,632500
3,112,647500,650000
3,112,650000,652500
3,112,690000,692500
3,112,697500,700000
3,112,705000,707500
3,112,720000,722500
3,112,730000,732500
3,112,767500,770000
3,112,772500,775000
3,112,790000,792500
4,112,20000,22500
4,112,32500,35000
4,112,87500,90000
4,112,115000,117500
4,112,117500,120000
4,112,135000,137500
4,112,137500,140000
4,112,152500,155000
4,112,155000,157500
4,112,215000,217500
4,112,477500,480000
4,112,545000,547500
4,112,572500,575000
4,112,577500,580000
4,112,605000,607500
4,112,642500,645000
4,112,665000,667500
4,112,667500,670000
4,112,715000,717500
4,112,742500,745000
4,112,755000,757500
4,112,785000,787500
5,112,17500,20000
5,112,25000,27500
5,112,27500,30000
5,112,110000,112500
5,112,112500,115000
5,112,132500,135000
5,112,212500,215000
5,112,475000,477500
5,112,530000,532500
5,112,570000,572500
5,112,572500,575000
5,112,575000,577500
5,112,585000,587500
5,112,602500,605000
5,112,640000,642500
5,112,662500,665000
5,112,665000,667500
5,112,712500,715000
5,112,717500,720000
5,112,720000,722500
5,112,735000,737500
5,112,747500,750000
5,112,760000,762500
5,112,780000,782500
0,113,7500,10000
0,113,15000,17500
0,113,57500,60000
0,113,90000,92500
0,113,92500,95000
0,113,165000,167500
0,113,172500,175000
0,113,177500,180000
0,113,232500,235000
0,113,235000,237500
0,113,275000,277500
0,113,277500,280000
0,113,315000,317500
0,113,325000,327500
0,113,330000,332500
0,113,350000,352500
0,113,352500,355000
0,113,355000,357500
0,113,367500,370000
0,113,405000,407500
0,113,410000,412500
0,113,422500,425000
0,113,435000,437500
0,113,445000,447500
0,113,450000,452500
0,113,487500,490000
0,113,552500,555000
0,113,560000,562500
0,113,582500,585000
0,113,587500,590000
0,113,592500,595000
0,113,595000,597500
0,113,597500,600000
0,113,627500,630000
0,113,635000,637500
0,113,642500,645000
1,113,5000,7500
1,113,10000,12500
1,113,45000,47500
1,113,92500,95000
1,113,95000,97500
1,113,170000,172500
1,113,175000,177500
1,113,230000,232500
1,113,232500,235000
1,113,272500,275000
1,113,275000,277500
1,113,312500,315000
1,113,322500,325000
1,113,327500,330000
1,113,350000,352500
1,113,352500,355000
1,113,365000,367500
1,113,402500,405000
1,113,407500,410000
1,113,420000,422500
1,113,432500,435000
1,113,440000,442500
1,113,442500,445000
1,113,447500,450000
1,113,485000,487500
1,113,550000,552500
1,113,557500,560000
1,113,585000,587500
1,113,590000,592500
1,113,592500,595000
1,113,595000,597500
1,113,632500,635000
1,113,637500,640000
1,113,640000,642500
1,113,670000,672500
3,113,622500,625000
4,113,22500,25000
4,113,40000,42500
4,113,42500,45000
4,113,72500,75000
4,113,197500,200000
4,113,200000,202500
4,113,465000,467500
4,113,467500,470000
4,113,475000,477500
4,113,485000,487500
4,113,487500,490000
4,113,490000,492500
4,113,492500,495000
4,113,497500,500000
4,113,507500,510000
4,113,510000,512500
4,113,530000,532500
4,113,532500,535000
4,113,535000,537500
4,113,545000,547500
4,113,547500,550000
4,113,557500,560000
4,113,565000,567500
4,113,567500,570000
4,113,570000,572500
4,113,572500,575000
4,113,587500,590000
4,113,600000,602500
4,113,602500,605000
4,113,615000,617500
4,113,650000,652500
5,113,20000,22500
5,113,37500,40000
5,113,40000,42500
5,113,42500,45000
5,113,70000,72500
5,113,195000,197500
5,113,462500,465000
5,113,465000,467500
5,113,472500,475000
5,113,482500,485000
5,113,485000,487500
5,113,487500,490000
5,113,490000,492500
5,113,495000,497500
5,113,505000,507500
5,113,507500,510000
5,113,527500,530000
5,113,530000,532500
5,113,532500,535000
5,113,542500,545000
5,113,545000,547500
5,113,555000,557500
5,113,562500,565000
5,113,565000,567500
5,113,567500,570000
5,113,570000,572500
5,113,572500,575000
5,113,575000,577500
5,113,585000,587500
5,113,597500,600000
5,113,600000,602500
5,113,610000,612500
5,113,647500,650000
0,115,330000,332500
0,115,365000,367500
1,115,7500,10000
1,115,32500,35000
1,115,362500,365000
1,115,367500,370000
1,115,370000,372500
2,115,2500,5000
2,115,5000,7500
2,115,12500,15000
2,115,50000,52500
2,115,57500,60000
2,115,60000,62500
2,115,67500,70000
2,115,72500,75000
2,115,90000,92500
2,115,102500,105000
2,115,110000,112500
2,115,117500,120000
2,115,127500,130000
2,115,210000,212500
2,115,292500,295000
2,115,360000,362500
2,115,365000,367500
2,115,367500,370000
3,115,7500,10000
3,115,55000,57500
3,115,62500,65000
3,115,70000,72500
3,115,80000,82500
3,115,82500,85000
3,115,97500,100000
3,115,107500,110000
3,115,115000,117500
3,115,125000,127500
3,115,207500,210000
3,115,290000,292500
3,115,357500,360000
3,115,362500,365000
3,115,367500,370000
3,115,370000,372500
4,115,122500,125000
4,115,265000,267500
5,115,120000,122500
5,115,247500,250000
5,115,325000,327500
0,116,62500,65000
0,116,582500,585000
0,116,662500,665000
0,116,672500,675000
0,116,710000,712500
0,116,717500,720000
1,116,65000,67500
1,116,327500,330000
1,116,330000,332500
1,116,577500,580000
1,116,580000,582500
1,116,585000,587500
1,116,630000,632500
1,116,632500,635000
1,116,650000,652500
1,116,652500,655000
1,116,665000,667500
1,116,675000,677500
1,116,692500,695000
1,116,720000,722500
1,116,737500,740000
4,116,322500,325000
4,116,327500,330000
4,116,575000,577500
4,116,577500,580000
4,116,582500,585000
4,116,627500,630000
4,116,672500,675000
4,116,690000,692500
4,116,692500,695000
4,116,717500,720000
4,116,735000,737500
5,116,325000,327500
5,116,577500,580000
5,116,580000,582500
5,116,630000,632500
5,116,650000,652500
5,116,675000,677500
5,116,692500,695000
5,116,695000,697500
5,116,712500,715000
0,117,522500,525000
5,117,525000,527500
0,118,5000,7500
0,118,185000,187500
0,118,227500,230000
0,118,255000,257500
0,118,300000,302500
0,118,312500,315000
0,118,322500,325000
1,118,0,2500
1,118,15000,17500
1,118,187500,190000
1,118,215000,217500
1,118,230000,232500
1,118,257500,260000
1,118,310000,312500
1,118,315000,317500
1,118,325000,327500
1,118,327500,330000
2,118,212500,215000
2,118,287500,290000
2,118,325000,327500
3,118,325000,327500
3,118,327500,330000
5,118,295000,297500
0,119,5000,7500
0,119,12500,15000
0,119,15000,17500
0,119,17500,20000
0,119,27500,30000
0,119,30000,32500
0,119,37500,40000
0,119,45000,47500
0,119,50000,52500
0,119,52500,55000
0,119,57500,60000
0,119,60000,62500
0,119,65000,67500
0,119,67500,70000
0,119,70000,72500
0,119,72500,75000
0,119,82500,85000
0,119,87500,90000
0,119,90000,92500
0,119,97500,100000
0,119,100000,102500
0,119,102500,105000
0,119,105000,107500
0,119,107500,110000
0,119,110000,112500
0,119,112500,115000
0,119,115000,117500
0,119,120000,122500
0,119,122500,125000
0,119,125000,127500
0,119,127500,130000
0,119,132500,135000
0,119,137500,140000
0,119,140000,142500
0,119,142500,145000
0,119,147500,150000
0,119,150000,152500
0,119,155000,157500
0,119,157500,160000
0,119,160000,162500
0,119,162500,165000
0,119,165000,167500
0,119,167500,170000
0,119,170000,172500
0,119,172500,175000
0,119,180000,182500
0,119,182500,185000
0,119,185000,187500
0,119,187500,190000
0,119,195000,197500
0,119,197500,200000
0,119,200000,202500
0,119,202500,205000
0,119,205000,207500
0,119,207500,210000
0,119,210000,212500
0,119,217500,220000
0,119,220000,222500
0,119,222500,225000
0,119,225000,227500
0,119,230000,232500
0,119,232500,235000
0,119,250000,252500
0,119,277500,280000
0,119,280000,282500
0,119,282500,285000
0,119,285000,287500
0,119,292500,295000
0,119,295000,297500
0,119,302500,305000
0,119,307500,310000
0,119,310000,312500
0,119,317500,320000
0,119,320000,322500
0,119,322500,325000
0,119,325000,327500
0,119,327500,330000
0,119,330000,332500
0,119,337500,340000
0,119,340000,342500
0,119,342500,345000
0,119,345000,347500
0,119,347500,350000
0,119,350000,352500
0,119,352500,355000
0,119,355000,357500
0,119,357500,360000
0,119,360000,362500
0,119,365000,367500
0,119,372500,375000
0,119,385000,387500
0,119,387500,390000
0,119,390000,392500
0,119,397500,400000
0,119,400000,402500
0,119,402500,405000
0,119,405000,407500
0,119,407500,410000
0,119,410000,412500
0,119,412500,415000
0,119,420000,422500
0,119,422500,425000
0,119,425000,427500
0,119,427500,430000
0,119,430000,432500
0,119,432500,435000
0,119,435000,437500
0,119,437500,440000
0,119,440000,442500
0,119,447500,450000
0,119,450000,452500
0,119,452500,455000
0,119,455000,457500
0,119,460000,462500
0,119,465000,467500
0,119,467500,470000
0,119,472500,475000
0,119,477500,480000
0,119,480000,482500
0,119,482500,485000
0,119,485000,487500
0,119,502500,505000
0,119,505000,507500
0,119,520000,522500
0,119,522500,525000
0,119,525000,527500
0,119,527500,530000
0,119,530000,532500
0,119,547500,550000
0,119,555000,557500
0,119,557500,560000
0,119,577500,580000
0,119,600000,602500
0,119,602500,605000
0,119,620000,622500
0,119,622500,625000
0,119,630000,632500
0,119,635000,637500
0,119,637500,640000
0,119,640000,642500
0,119,642500,645000
0,119,650000,652500
0,119,657500,660000
0,119,660000,662500
0,119,677500,680000
0,119,680000,682500
0,119,692500,695000
0,119,695000,697500
0,119,697500,700000
0,119,717500,720000
0,119,722500,725000
0,119,727500,730000
0,119,737500,740000
0,119,742500,745000
0,119,745000,747500
0,119,747500,750000
0,119,752500,755000
0,119,755000,757500
0,119,757500,760000
0,119,760000,762500
0,119,765000,767500
0,119,767500,770000
0,119,770000,772500
0,119,772500,775000
0,119,787500,790000
0,119,790000,792500
0,119,795000,797500
0,119,805000,807500
0,119,807500,810000
0,119,810000,812500
0,119,812500,815000
0,119,830000,832500
0,119,832500,835000
0,119,835000,837500
0,119,837500,840000
0,119,840000,842500
0,119,850000,852500
0,119,865000,867500
0,119,875000,877500
0,119,877500,880000
1,119,0,2500
1,119,7500,10000
1,119,15000,17500
1,119,17500,20000
1,119,20000,22500
1,119,30000,32500
1,119,32500,35000
1,119,40000,42500
1,119,47500,50000
1,119,52500,55000
1,119,55000,57500
1,119,60000,62500
1,119,62500,65000
1,119,67500,70000
1,119,70000,72500
1,119,75000,77500
1,119,77500,80000
1,119,85000,87500
1,119,92500,95000
1,119,95000,97500
1,119,100000,102500
1,119,102500,105000
1,119,105000,107500
1,119,107500,110000
1,119,110000,112500
1,119,112500,115000
1,119,117500,120000
1,119,120000,122500
1,119,122500,125000
1,119,125000,127500
1,119,130000,132500
1,119,135000,137500
1,119,137500,140000
1,119,140000,142500
1,119,142500,145000
1,119,145000,147500
1,119,150000,152500
1,119,152500,155000
1,119,157500,160000
1,119,160000,162500
1,119,162500,165000
1,119,165000,167500
1,119,167500,170000
1,119,170000,172500
1,119,172500,175000
1,119,175000,177500
1,119,182500,185000
1,119,185000,187500
1,119,187500,190000
1,119,190000,192500
1,119,197500,200000
1,119,200000,202500
1,119,202500,205000
1,119,205000,207500
1,119,207500,210000
1,119,210000,212500
1,119,212500,215000
1,119,220000,222500
1,119,222500,225000
1,119,225000,227500
1,119,227500,230000
1,119,232500,235000
1,119,235000,237500
1,119,252500,255000
1,119,280000,282500
1,119,282500,285000
1,119,285000,287500
1,119,287500,290000
1,119,295000,297500
1,119,297500,300000
1,119,305000,307500
1,119,307500,310000
1,119,310000,312500
1,119,312500,315000
1,119,320000,322500
1,119,322500,325000
1,119,325000,327500
1,119,327500,330000
1,119,330000,332500
1,119,332500,335000
1,119,340000,342500
1,119,342500,345000
1,119,345000,347500
1,119,347500,350000
1,119,350000,352500
1,119,352500,355000
1,119,355000,357500
1,119,357500,360000
1,119,362500,365000
1,119,367500,370000
1,119,370000,372500
1,119,375000,377500
1,119,387500,390000
1,119,390000,392500
1,119,392500,395000
1,119,400000,402500
1,119,402500,405000
1,119,405000,407500
1,119,407500,410000
1,119,410000,412500
1,119,417500,420000
1,119,422500,425000
1,119,425000,427500
1,119,427500,430000
1,119,430000,432500
1,119,432500,435000
1,119,435000,437500
1,119,437500,440000
1,119,445000,447500
1,119,447500,450000
1,119,450000,452500
1,119,452500,455000
1,119,457500,460000
1,119,460000,462500
1,119,462500,465000
1,119,470000,472500
1,119,475000,477500
1,119,477500,480000
1,119,480000,482500
1,119,482500,485000
1,119,500000,502500
1,119,502500,505000
1,119,517500,520000
1,119,520000,522500
1,119,522500,525000
1,119,525000,527500
1,119,527500,530000
1,119,545000,547500
1,119,552500,555000
1,119,555000,557500
1,119,575000,577500
1,119,597500,600000
1,119,600000,602500
1,119,617500,620000
1,119,620000,622500
1,119,627500,630000
1,119,632500,635000
1,119,635000,637500
1,119,637500,640000
1,119,640000,642500
1,119,642500,645000
1,119,645000,647500
1,119,652500,655000
1,119,655000,657500
1,119,660000,662500
1,119,662500,665000
1,119,690000,692500
1,119,692500,695000
1,119,695000,697500
1,119,697500,700000
1,119,700000,702500
1,119,715000,717500
1,119,720000,722500
1,119,722500,725000
1,119,725000,727500
1,119,735000,737500
1,119,740000,742500
1,119,742500,745000
1,119,745000,747500
1,119,750000,752500
1,119,752500,755000
1,119,755000,757500
1,119,757500,760000
1,119,762500,765000
1,119,765000,767500
1,119,767500,770000
1,119,770000,772500
1,119,785000,787500
1,119,787500,790000
1,119,792500,795000
1,119,802500,805000
1,119,805000,807500
1,119,807500,810000
1,119,810000,812500
1,119,820000,822500
1,119,822500,825000
1,119,832500,835000
1,119,835000,837500
1,119,837500,840000
1,119,845000,847500
1,119,852500,855000
1,119,867500,870000
1,119,880000,882500
4,119,60000,62500
4,119,65000,67500
4,119,67500,70000
4,119,70000,72500
4,119,102500,105000
4,119,115000,117500
4,119,117500,120000
4,119,120000,122500
4,119,132500,135000
4,119,137500,140000
4,119,157500,160000
4,119,305000,307500
4,119,345000,347500
4,119,402500,405000
4,119,412500,415000
4,119,460000,462500
4,119,572500,575000
4,119,585000,587500
4,119,590000,592500
4,119,705000,707500
4,119,770000,772500
4,119,785000,787500
4,119,815000,817500
4,119,817500,820000
4,119,820000,822500
5,119,52500,55000
5,119,62500,65000
5,119,67500,70000
5,119,100000,102500
5,119,112500,115000
5,119,115000,117500
5,119,117500,120000
5,119,130000,132500
5,119,135000,137500
5,119,150000,152500
5,119,342500,345000
5,119,400000,402500
5,119,410000,412500
5,119,457500,460000
5,119,460000,462500
5,119,570000,572500
5,119,582500,585000
5,119,587500,590000
5,119,767500,770000
5,119,782500,785000
5,119,812500,815000
5,119,815000,817500
5,119,817500,820000
5,119,877500,880000
