moment,next_moment,detected_cs,from_emotion,to_emotion,from_emotion_id,to_emotion_id,agreement,hidden_both_active_count,hidden_combo_count,dominant_rule_count,hidden_before_active_pct,hidden_before_top2_pct,hidden_after_active_pct,hidden_after_top2_pct,hidden_both_active_pct,hidden_both_before_top2_pct,hidden_both_after_top2_pct,hidden_both_before_dist_mean,hidden_both_after_dist_mean,target_count_raw,target_class_id,target_class_label
1446,1447,UR_XP,neutral,sadness,6,4,8.33,1,11,1,63.64,100.0,9.09,100.0,9.09,100.0,100.0,-1.0,0.59822,1,1,1
1518,1519,UR_XP,sadness,neutral,4,6,66.67,1,11,1,9.09,100.0,63.64,100.0,9.09,100.0,100.0,0.47107,-1.0,1,1,1
1871,1872,UR_FR,surprise,neutral,5,6,75.0,0,11,1,18.18,100.0,72.73,100.0,,,,-1.0,-1.0,0,0,0
1919,1920,UR_LU,neutral,sadness,6,4,8.33,2,11,1,81.82,100.0,18.18,100.0,18.18,100.0,100.0,-1.0,0.47785,2,2,2
1973,1974,UR_FR,neutral,happiness,6,3,8.33,0,11,1,81.82,100.0,0.0,0.0,,,,-1.0,-1.0,0,0,0
2177,2178,DL_FR,surprise,neutral,5,6,66.67,1,11,1,9.09,100.0,81.82,100.0,9.09,100.0,100.0,-1.0,0.09185,1,1,1
2309,2310,DL_FR,neutral,surprise,6,5,16.67,0,11,1,63.64,100.0,27.27,100.0,,,,-1.0,-1.0,0,0,0
2642,2643,UR_LU,sadness,neutral,4,6,58.33,1,11,1,9.09,100.0,63.64,100.0,9.09,100.0,100.0,0.5517,-1.0,1,1,1
2970,2971,DR_FR,disgust,neutral,2,6,66.67,0,11,1,0.0,0.0,63.64,100.0,,,,-1.0,-1.0,0,0,0
3068,3069,DR_FR,neutral,sadness,6,4,8.33,1,11,1,63.64,100.0,18.18,100.0,9.09,100.0,100.0,-1.0,0.48644,1,1,1
3339,3340,DR_FR,sadness,neutral,4,6,66.67,0,11,1,0.0,0.0,81.82,100.0,,,,-1.0,-1.0,0,0,0
3347,3348,DL_FR,surprise,neutral,5,6,75.0,0,11,1,0.0,0.0,81.82,100.0,,,,-1.0,-1.0,0,0,0
3354,3355,DR_FR,neutral,surprise,6,5,8.33,1,11,1,81.82,100.0,9.09,100.0,9.09,100.0,100.0,-1.0,0.03311,1,1,1
3391,3392,UR_FR,anger,neutral,1,6,75.0,2,11,1,18.18,100.0,90.91,100.0,18.18,100.0,100.0,0.49238,0.55755,2,2,2
3491,3492,UL_FR,anger,neutral,1,6,83.33,2,11,1,18.18,100.0,81.82,100.0,18.18,100.0,100.0,0.45318,-1.0,2,2,2
3663,3664,DR_FR,surprise,neutral,5,6,91.67,0,11,1,0.0,0.0,90.91,100.0,,,,-1.0,-1.0,0,0,0
4078,4079,DL_LU,anger,neutral,1,6,100.0,1,11,1,9.09,100.0,100.0,100.0,9.09,100.0,100.0,0.49143,-1.0,1,1,1
4461,4462,DL_LU,neutral,anger,6,1,8.33,1,11,1,100.0,100.0,9.09,100.0,9.09,100.0,100.0,-1.0,0.44266,1,1,1
4802,4803,DL_LU,anger,neutral,1,6,100.0,3,11,1,27.27,66.67,100.0,100.0,27.27,66.67,100.0,0.48466,-1.0,3,3,3_plus
4843,4844,DL_FR,neutral,happiness,6,3,8.33,2,11,1,100.0,100.0,18.18,100.0,18.18,100.0,100.0,-1.0,0.33989,2,2,2
4905,4906,UL_FR,neutral,happiness,6,3,16.67,2,11,1,100.0,100.0,18.18,100.0,18.18,100.0,100.0,0.23591,0.20119,2,2,2
4957,4958,UR_FR,neutral,happiness,6,3,25.0,2,11,1,100.0,100.0,18.18,100.0,18.18,100.0,100.0,0.28055,-1.0,2,2,2
5298,5299,DR_FR,neutral,happiness,6,3,33.33,2,11,1,81.82,100.0,36.36,100.0,18.18,100.0,100.0,0.7276,0.43274,2,2,2
5631,5632,DL_FR,happiness,neutral,3,6,75.0,3,11,1,36.36,100.0,90.91,100.0,27.27,100.0,100.0,0.47376,0.38973,3,3,3_plus
6051,6052,UR_FR,happiness,neutral,3,6,75.0,3,11,1,27.27,100.0,90.91,100.0,27.27,100.0,100.0,0.67268,0.11947,3,3,3_plus
6148,6149,UL_FR,happiness,neutral,3,6,83.33,2,11,1,18.18,100.0,90.91,100.0,18.18,100.0,100.0,0.15041,0.05991,2,2,2
6227,6228,UL_FR,neutral,happiness,6,3,16.67,3,11,1,90.91,100.0,27.27,100.0,27.27,100.0,100.0,0.06355,0.37265,3,3,3_plus
6327,6328,DR_FR,happiness,neutral,3,6,83.33,3,11,1,27.27,100.0,90.91,100.0,27.27,100.0,100.0,0.19671,0.20619,3,3,3_plus
6366,6367,UR_FR,neutral,happiness,6,3,16.67,3,11,1,90.91,100.0,27.27,100.0,27.27,100.0,100.0,0.2857,0.19097,3,3,3_plus
6465,6466,UR_FR,happiness,neutral,3,6,83.33,3,11,1,27.27,100.0,90.91,100.0,27.27,100.0,100.0,0.34713,0.26432,3,3,3_plus
6581,6582,UR_FR,neutral,happiness,6,3,25.0,3,11,1,90.91,100.0,36.36,100.0,27.27,100.0,100.0,0.18427,0.46749,3,3,3_plus
6589,6590,DR_LU,neutral,anger,6,1,8.33,0,11,1,90.91,100.0,0.0,0.0,,,,-1.0,-1.0,0,0,0
6700,6701,DR_LU,anger,neutral,1,6,75.0,0,11,1,0.0,0.0,90.91,100.0,,,,-1.0,-1.0,0,0,0
6839,6840,DR_FR,neutral,happiness,6,3,33.33,2,11,1,90.91,100.0,27.27,100.0,18.18,100.0,100.0,0.33231,-1.0,2,2,2
6959,6960,UL_FR,happiness,neutral,3,6,66.67,2,11,1,27.27,100.0,81.82,100.0,18.18,100.0,100.0,-1.0,0.19257,2,2,2
7047,7048,UR_FR,happiness,neutral,3,6,75.0,2,11,1,27.27,100.0,81.82,100.0,18.18,100.0,100.0,0.10422,0.22535,2,2,2
7291,7292,DR_FR,happiness,neutral,3,6,83.33,2,11,1,27.27,100.0,81.82,100.0,18.18,100.0,100.0,0.21399,-1.0,2,2,2
7504,7505,UL_FR,neutral,happiness,6,3,16.67,2,11,1,90.91,100.0,27.27,100.0,18.18,100.0,100.0,-1.0,0.30366,2,2,2
7687,7688,UL_FR,happiness,neutral,3,6,91.67,2,11,1,18.18,100.0,90.91,100.0,18.18,100.0,100.0,0.32138,-1.0,2,2,2
8961,8962,UR_XP,neutral,disgust,6,2,16.67,0,11,1,90.91,100.0,9.09,100.0,,,,-1.0,-1.0,0,0,0
9104,9105,UR_FR,neutral,anger,6,1,8.33,1,11,1,81.82,100.0,18.18,100.0,9.09,100.0,100.0,-1.0,0.65647,1,1,1
9326,9327,UR_XP,disgust,neutral,2,6,83.33,0,11,1,9.09,100.0,90.91,100.0,,,,-1.0,-1.0,0,0,0
9338,9339,UR_FR,anger,neutral,1,6,91.67,1,11,1,9.09,100.0,90.91,100.0,9.09,100.0,100.0,0.13983,-1.0,1,1,1
9583,9584,UR_XP,neutral,disgust,6,2,16.67,0,11,1,90.91,100.0,9.09,100.0,,,,-1.0,-1.0,0,0,0
9632,9633,UL_XP,neutral,anger,6,1,8.33,3,11,1,90.91,100.0,27.27,100.0,27.27,100.0,100.0,0.09206,0.2607,3,3,3_plus
9658,9659,UL_XP,anger,neutral,1,6,83.33,3,11,1,27.27,100.0,90.91,90.0,27.27,100.0,66.67,0.2461,0.06516,3,3,3_plus
9755,9756,UR_XP,anger,neutral,1,6,91.67,2,11,1,18.18,100.0,90.91,100.0,18.18,100.0,100.0,0.43182,-1.0,2,2,2
9886,9887,UR_XP,neutral,anger,6,1,8.33,2,11,1,90.91,100.0,18.18,100.0,18.18,100.0,100.0,-1.0,0.52653,2,2,2
10025,10026,UR_XP,anger,neutral,1,6,91.67,2,11,1,18.18,100.0,90.91,100.0,18.18,100.0,100.0,0.59902,-1.0,2,2,2
10670,10671,UR_XP,neutral,anger,6,1,8.33,2,11,1,90.91,100.0,18.18,100.0,18.18,100.0,100.0,-1.0,0.53887,2,2,2
10719,10720,UR_XP,anger,neutral,1,6,91.67,2,11,1,18.18,100.0,90.91,100.0,18.18,100.0,100.0,0.51427,-1.0,2,2,2
10858,10859,UR_FR,neutral,anger,6,1,8.33,2,11,1,90.91,100.0,18.18,100.0,18.18,100.0,100.0,-1.0,0.54351,2,2,2
11209,11210,UR_XP,neutral,anger,6,1,16.67,2,11,1,90.91,100.0,18.18,100.0,18.18,100.0,100.0,0.02045,0.57484,2,2,2
11249,11250,UR_FR,anger,neutral,1,6,83.33,2,11,1,18.18,100.0,90.91,90.0,18.18,100.0,50.0,0.49251,0.12921,2,2,2
11286,11287,UR_FR,neutral,anger,6,1,16.67,2,11,1,90.91,90.0,18.18,100.0,18.18,50.0,100.0,0.28516,0.3713,2,2,2
11533,11534,UR_FR,anger,neutral,1,6,83.33,1,11,1,18.18,100.0,81.82,100.0,9.09,100.0,100.0,0.04693,-1.0,1,1,1
12733,12734,DL_XP,neutral,anger,6,1,16.67,1,11,1,81.82,100.0,18.18,100.0,9.09,100.0,100.0,-1.0,0.20102,1,1,1
12808,12809,UL_LU,neutral,disgust,6,2,16.67,1,11,1,81.82,100.0,27.27,100.0,9.09,100.0,100.0,-1.0,0.22261,1,1,1
12906,12907,UL_LU,disgust,neutral,2,6,75.0,1,11,1,27.27,100.0,81.82,100.0,9.09,100.0,100.0,0.13159,-1.0,1,1,1
12944,12945,DL_XP,anger,neutral,1,6,83.33,1,11,1,18.18,100.0,81.82,100.0,9.09,100.0,100.0,0.1915,-1.0,1,1,1
13308,13309,DR_LU,neutral,disgust,6,2,16.67,0,11,1,90.91,100.0,9.09,100.0,,,,-1.0,-1.0,0,0,0
13385,13386,DR_LU,disgust,neutral,2,6,83.33,1,11,1,18.18,50.0,90.91,100.0,9.09,0.0,100.0,0.26106,0.03761,1,1,1
13798,13799,DR_LU,neutral,disgust,6,2,16.67,1,11,1,81.82,100.0,27.27,100.0,9.09,100.0,100.0,-1.0,0.28228,1,1,1
14018,14019,DL_XP,neutral,anger,6,1,16.67,0,11,1,81.82,100.0,9.09,100.0,,,,-1.0,-1.0,0,0,0
14037,14038,DL_XP,anger,neutral,1,6,75.0,0,11,1,9.09,100.0,81.82,100.0,,,,-1.0,-1.0,0,0,0
14118,14119,DR_LU,disgust,neutral,2,6,83.33,1,11,1,18.18,100.0,90.91,90.0,9.09,100.0,0.0,-1.0,0.22233,1,1,1
14122,14123,DR_LU,neutral,disgust,6,2,25.0,1,11,1,90.91,90.0,18.18,100.0,9.09,0.0,100.0,0.22644,-1.0,1,1,1
14134,14135,DR_LU,disgust,neutral,2,6,83.33,1,11,1,18.18,100.0,90.91,90.0,9.09,100.0,0.0,-1.0,0.24624,1,1,1
14142,14143,DL_FR,neutral,surprise,6,5,8.33,1,11,1,81.82,100.0,18.18,50.0,9.09,100.0,0.0,-1.0,0.34944,1,1,1
14375,14376,DL_FR,surprise,neutral,5,6,83.33,3,11,1,36.36,75.0,81.82,100.0,27.27,66.67,100.0,0.41154,-1.0,3,3,3_plus
14381,14382,UR_FR,neutral,anger,6,1,16.67,2,11,1,81.82,100.0,27.27,100.0,18.18,100.0,100.0,-1.0,0.08277,2,2,2
14382,14383,UL_FR,neutral,anger,6,1,25.0,2,11,1,81.82,100.0,27.27,100.0,18.18,100.0,100.0,0.00036,0.16447,2,2,2
14409,14410,DR_LU,neutral,surprise,6,5,8.33,3,11,1,81.82,100.0,36.36,75.0,27.27,100.0,66.67,-1.0,0.37737,3,3,3_plus
14470,14471,UR_FR,anger,neutral,1,6,66.67,2,11,1,27.27,100.0,81.82,88.89,18.18,100.0,100.0,0.09873,0.10157,2,2,2
14489,14490,UL_LU,neutral,disgust,6,2,8.33,2,11,1,81.82,88.89,36.36,100.0,18.18,50.0,100.0,0.31105,0.31042,2,2,2
14543,14544,UL_FR,anger,neutral,1,6,66.67,3,11,1,27.27,100.0,90.91,80.0,27.27,100.0,66.67,0.05146,0.22158,3,3,3_plus
14550,14551,UL_LU,disgust,neutral,2,6,75.0,3,11,1,36.36,100.0,90.91,80.0,27.27,100.0,33.33,0.32674,0.36158,3,3,3_plus
14606,14607,UR_XP,disgust,neutral,2,6,83.33,0,11,1,18.18,100.0,81.82,100.0,,,,-1.0,-1.0,0,0,0
14857,14858,DR_LU,disgust,neutral,2,6,91.67,2,11,1,27.27,100.0,90.91,100.0,18.18,100.0,100.0,0.12409,-1.0,2,2,2
14883,14884,UR_LU,neutral,disgust,6,2,16.67,1,11,1,90.91,100.0,18.18,100.0,9.09,100.0,100.0,-1.0,0.02176,1,1,1
14902,14903,UL_LU,neutral,disgust,6,2,25.0,1,11,1,90.91,100.0,18.18,100.0,9.09,100.0,100.0,0.11132,-1.0,1,1,1
14941,14942,UL_LU,disgust,neutral,2,6,83.33,1,11,1,18.18,100.0,90.91,100.0,9.09,100.0,100.0,-1.0,0.26268,1,1,1
15003,15004,UR_LU,disgust,neutral,2,6,91.67,0,11,1,0.0,0.0,90.91,100.0,,,,-1.0,-1.0,0,0,0
15335,15336,UR_LU,neutral,disgust,6,2,8.33,2,11,1,90.91,100.0,27.27,100.0,18.18,100.0,100.0,-1.0,0.05724,2,2,2
15341,15342,UR_XP,neutral,disgust,6,2,16.67,2,11,1,90.91,100.0,27.27,100.0,18.18,100.0,100.0,0.03372,0.03444,2,2,2
15347,15348,DL_FR,neutral,surprise,6,5,16.67,2,11,1,90.91,100.0,27.27,66.67,18.18,100.0,50.0,-1.0,0.26308,2,2,2
15351,15352,UL_LU,neutral,disgust,6,2,25.0,3,11,1,90.91,100.0,36.36,100.0,27.27,100.0,100.0,0.08191,0.625,3,3,3_plus
15519,15520,DR_FR,neutral,surprise,6,5,25.0,1,11,1,81.82,100.0,18.18,100.0,9.09,100.0,100.0,0.58877,-1.0,1,1,1
15583,15584,UL_LU,disgust,neutral,2,6,58.33,2,11,1,36.36,100.0,72.73,100.0,18.18,100.0,100.0,0.02064,0.23654,2,2,2
15589,15590,UL_XP,neutral,disgust,6,2,25.0,2,11,1,72.73,100.0,36.36,100.0,18.18,100.0,100.0,0.23597,0.02256,2,2,2
15595,15596,DR_LU,neutral,surprise,6,5,33.33,1,11,1,72.73,100.0,27.27,100.0,9.09,100.0,100.0,0.15052,-1.0,1,1,1
15623,15624,UL_LU,neutral,disgust,6,2,33.33,2,11,1,63.64,100.0,45.45,100.0,18.18,100.0,100.0,0.13738,-1.0,2,2,2
15743,15744,UL_XP,disgust,neutral,2,6,41.67,2,11,1,45.45,100.0,63.64,100.0,18.18,100.0,100.0,-1.0,0.11879,2,2,2
15747,15748,UR_FR,neutral,anger,6,1,8.33,0,11,1,63.64,100.0,9.09,100.0,,,,-1.0,-1.0,0,0,0
15808,15809,UR_LU,disgust,neutral,2,6,41.67,2,11,1,45.45,100.0,63.64,100.0,18.18,100.0,100.0,0.21002,0.22036,2,2,2
15814,15815,UL_FR,neutral,anger,6,1,16.67,1,11,1,63.64,100.0,18.18,100.0,9.09,100.0,100.0,0.08514,-1.0,1,1,1
16048,16049,UL_FR,anger,neutral,1,6,41.67,2,11,1,27.27,66.67,72.73,100.0,18.18,50.0,100.0,0.65804,0.41181,2,2,2
16136,16137,DL_FR,surprise,neutral,5,6,50.0,2,11,1,36.36,75.0,72.73,100.0,18.18,50.0,100.0,0.52305,0.47612,2,2,2
16393,16394,DR_FR,surprise,neutral,5,6,58.33,2,11,1,36.36,75.0,81.82,100.0,18.18,50.0,100.0,0.49378,-1.0,2,2,2
16490,16491,UL_LU,disgust,neutral,2,6,66.67,0,11,1,27.27,100.0,72.73,100.0,,,,-1.0,-1.0,0,0,0
16503,16504,UR_FR,anger,neutral,1,6,75.0,1,11,1,18.18,100.0,72.73,100.0,9.09,100.0,100.0,0.16617,-1.0,1,1,1
16519,16520,UL_LU,neutral,disgust,6,2,25.0,0,11,1,72.73,100.0,27.27,100.0,,,,-1.0,-1.0,0,0,0
16584,16585,UL_LU,disgust,neutral,2,6,75.0,0,11,1,27.27,100.0,72.73,100.0,,,,-1.0,-1.0,0,0,0
16929,16930,DL_XP,neutral,anger,6,1,16.67,0,11,1,72.73,100.0,9.09,100.0,,,,-1.0,-1.0,0,0,0
17174,17175,DL_FR,neutral,surprise,6,5,16.67,2,11,1,72.73,87.5,36.36,100.0,18.18,50.0,100.0,0.07308,0.22393,2,2,2
17355,17356,DL_XP,anger,neutral,1,6,66.67,0,11,1,9.09,100.0,72.73,100.0,,,,-1.0,-1.0,0,0,0
17471,17472,DR_FR,neutral,surprise,6,5,33.33,2,11,1,72.73,100.0,36.36,100.0,18.18,100.0,100.0,0.17182,0.04532,2,2,2
17481,17482,DL_XP,neutral,surprise,6,5,41.67,2,11,1,72.73,100.0,36.36,100.0,18.18,100.0,100.0,0.11152,-1.0,2,2,2
17669,17670,UL_LU,neutral,happiness,6,3,8.33,0,11,1,72.73,100.0,9.09,0.0,,,,-1.0,-1.0,0,0,0
17774,17775,UL_XP,neutral,anger,6,1,16.67,1,11,1,63.64,100.0,18.18,50.0,9.09,100.0,0.0,0.20301,0.30751,1,1,1
17841,17842,DL_XP,surprise,neutral,5,6,41.67,2,11,1,36.36,100.0,63.64,100.0,18.18,100.0,100.0,-1.0,0.11526,2,2,2
17863,17864,DL_FR,surprise,neutral,5,6,50.0,2,11,1,36.36,100.0,63.64,100.0,18.18,100.0,100.0,0.07686,0.17076,2,2,2
17933,17934,DR_FR,surprise,neutral,5,6,58.33,2,11,1,36.36,50.0,72.73,100.0,18.18,0.0,100.0,0.20655,-1.0,2,2,2
17952,17953,DL_FR,neutral,anger,6,1,25.0,2,11,1,72.73,100.0,27.27,100.0,18.18,100.0,100.0,0.11363,0.26035,2,2,2
18036,18037,DR_FR,neutral,surprise,6,5,8.33,1,11,1,72.73,100.0,27.27,66.67,9.09,100.0,0.0,-1.0,0.53313,1,1,1
18047,18048,DL_FR,anger,neutral,1,6,50.0,2,11,1,27.27,100.0,72.73,100.0,18.18,100.0,100.0,0.23056,0.03418,2,2,2
18132,18133,UL_LU,happiness,neutral,3,6,58.33,0,11,1,0.0,0.0,72.73,100.0,,,,-1.0,-1.0,0,0,0
18137,18138,DR_FR,surprise,neutral,5,6,66.67,1,11,1,27.27,66.67,72.73,100.0,9.09,0.0,100.0,0.47446,-1.0,1,1,1
18223,18224,UL_XP,anger,neutral,1,6,75.0,2,11,1,27.27,100.0,72.73,100.0,18.18,100.0,100.0,0.11915,-1.0,2,2,2
18323,18324,DR_LU,surprise,neutral,5,6,83.33,2,11,1,27.27,66.67,81.82,100.0,18.18,50.0,100.0,0.33754,-1.0,2,2,2
18409,18410,DL_FR,neutral,anger,6,1,16.67,2,11,1,81.82,100.0,27.27,100.0,18.18,100.0,100.0,-1.0,0.36414,2,2,2
18525,18526,DR_LU,neutral,disgust,6,2,16.67,0,11,1,81.82,100.0,18.18,100.0,,,,-1.0,-1.0,0,0,0
18548,18549,DR_LU,disgust,neutral,2,6,75.0,0,11,1,18.18,100.0,81.82,100.0,,,,-1.0,-1.0,0,0,0
18593,18594,DR_LU,neutral,disgust,6,2,16.67,0,11,1,81.82,100.0,18.18,50.0,,,,-1.0,-1.0,0,0,0
18703,18704,DL_FR,anger,neutral,1,6,75.0,1,11,1,18.18,100.0,81.82,100.0,9.09,100.0,100.0,0.59137,-1.0,1,1,1
18947,18948,UL_LU,neutral,happiness,6,3,8.33,0,11,1,81.82,100.0,9.09,0.0,,,,-1.0,-1.0,0,0,0
18960,18961,UL_XP,neutral,anger,6,1,16.67,1,11,1,81.82,100.0,18.18,100.0,9.09,100.0,100.0,-1.0,0.21619,1,1,1
19028,19029,UL_XP,anger,neutral,1,6,75.0,2,11,1,27.27,100.0,81.82,100.0,18.18,100.0,100.0,0.2049,-1.0,2,2,2
19046,19047,UL_LU,happiness,neutral,3,6,83.33,0,11,1,0.0,0.0,81.82,100.0,,,,-1.0,-1.0,0,0,0
19062,19063,UL_LU,neutral,happiness,6,3,8.33,0,11,1,81.82,100.0,0.0,0.0,,,,-1.0,-1.0,0,0,0
19066,19067,UL_LU,happiness,neutral,3,6,83.33,0,11,1,0.0,0.0,81.82,100.0,,,,-1.0,-1.0,0,0,0
19119,19120,DL_XP,neutral,anger,6,1,16.67,3,11,1,81.82,100.0,36.36,100.0,27.27,100.0,100.0,-1.0,0.22124,3,3,3_plus
19196,19197,DR_LU,neutral,disgust,6,2,8.33,0,11,1,81.82,100.0,0.0,0.0,,,,-1.0,-1.0,0,0,0
19231,19232,UL_FR,neutral,anger,6,1,25.0,2,11,1,72.73,100.0,27.27,100.0,18.18,100.0,100.0,0.08953,0.26171,2,2,2
19302,19303,DL_XP,anger,neutral,1,6,66.67,2,11,1,27.27,100.0,72.73,100.0,18.18,100.0,100.0,0.41155,0.08338,2,2,2
19515,19516,UL_FR,anger,neutral,1,6,75.0,2,11,1,27.27,100.0,72.73,100.0,18.18,100.0,100.0,0.20311,-1.0,2,2,2
19557,19558,UL_XP,neutral,anger,6,1,16.67,2,11,1,72.73,100.0,27.27,100.0,18.18,100.0,100.0,-1.0,0.13458,2,2,2
19652,19653,UL_XP,anger,neutral,1,6,83.33,2,11,1,27.27,100.0,81.82,100.0,18.18,100.0,100.0,0.10338,-1.0,2,2,2
19753,19754,DR_LU,neutral,disgust,6,2,16.67,1,11,1,81.82,100.0,27.27,66.67,9.09,100.0,0.0,-1.0,0.13061,1,1,1
20160,20161,DR_LU,disgust,neutral,2,6,83.33,0,11,1,9.09,100.0,81.82,100.0,,,,-1.0,-1.0,0,0,0
20578,20579,DR_LU,neutral,disgust,6,2,8.33,0,11,1,81.82,100.0,9.09,100.0,,,,-1.0,-1.0,0,0,0
20600,20601,UR_FR,neutral,anger,6,1,16.67,1,11,1,81.82,100.0,18.18,100.0,9.09,100.0,100.0,-1.0,0.52008,1,1,1
20820,20821,DR_LU,disgust,neutral,2,6,75.0,0,11,1,9.09,100.0,72.73,100.0,,,,-1.0,-1.0,0,0,0
21415,21416,DL_FR,neutral,surprise,6,5,8.33,0,11,1,81.82,88.89,0.0,0.0,,,,-1.0,-1.0,0,0,0
21667,21668,UL_FR,neutral,surprise,6,5,16.67,1,11,1,81.82,100.0,9.09,100.0,9.09,100.0,100.0,0.11229,-1.0,1,1,1
21721,21722,UR_FR,anger,neutral,1,6,66.67,2,11,1,27.27,100.0,81.82,100.0,18.18,100.0,100.0,0.31114,-1.0,2,2,2
21756,21757,DL_FR,surprise,neutral,5,6,75.0,1,11,1,9.09,100.0,81.82,100.0,9.09,100.0,100.0,-1.0,0.18151,1,1,1
21841,21842,UL_FR,surprise,neutral,5,6,83.33,2,11,1,18.18,50.0,81.82,100.0,18.18,50.0,100.0,0.42049,-1.0,2,2,2
21868,21869,DR_LU,neutral,disgust,6,2,16.67,0,11,1,81.82,100.0,18.18,100.0,,,,-1.0,-1.0,0,0,0
22007,22008,UR_FR,neutral,anger,6,1,16.67,2,11,1,81.82,100.0,27.27,100.0,18.18,100.0,100.0,-1.0,0.30148,2,2,2
22116,22117,UR_FR,anger,neutral,1,6,75.0,3,11,1,36.36,75.0,81.82,100.0,27.27,66.67,100.0,0.3609,-1.0,3,3,3_plus
22209,22210,DR_LU,disgust,neutral,2,6,83.33,0,11,1,18.18,100.0,81.82,100.0,,,,-1.0,-1.0,0,0,0
22353,22354,DR_LU,neutral,disgust,6,2,16.67,0,11,1,81.82,100.0,18.18,100.0,,,,-1.0,-1.0,0,0,0
22441,22442,DL_FR,neutral,anger,6,1,16.67,1,11,1,81.82,100.0,18.18,100.0,9.09,100.0,100.0,-1.0,0.22531,1,1,1
22721,22722,DL_FR,anger,neutral,1,6,75.0,1,11,1,18.18,100.0,81.82,100.0,9.09,100.0,100.0,0.42172,-1.0,1,1,1
22974,22975,DR_LU,disgust,neutral,2,6,83.33,0,11,1,9.09,100.0,81.82,100.0,,,,-1.0,-1.0,0,0,0
23326,23327,UL_XP,neutral,anger,6,1,16.67,0,11,1,81.82,100.0,9.09,100.0,,,,-1.0,-1.0,0,0,0
23437,23438,UR_XP,happiness,neutral,3,6,83.33,0,11,1,0.0,0.0,81.82,100.0,,,,-1.0,-1.0,0,0,0
23523,23524,UL_XP,anger,neutral,1,6,75.0,1,11,1,9.09,100.0,72.73,100.0,9.09,100.0,100.0,0.05154,-1.0,1,1,1
23539,23540,UR_FR,neutral,anger,6,1,8.33,2,11,1,72.73,100.0,18.18,100.0,18.18,100.0,100.0,-1.0,0.13899,2,2,2
23605,23606,UL_FR,neutral,anger,6,1,16.67,2,11,1,72.73,100.0,18.18,100.0,18.18,100.0,100.0,0.15946,0.45346,2,2,2
23633,23634,UL_FR,anger,neutral,1,6,66.67,2,11,1,18.18,100.0,72.73,100.0,18.18,100.0,100.0,0.46948,0.19213,2,2,2
23783,23784,UL_XP,neutral,anger,6,1,16.67,2,11,1,90.91,100.0,18.18,100.0,18.18,100.0,100.0,0.137,0.17675,2,2,2
23890,23891,UL_FR,neutral,anger,6,1,25.0,2,11,1,90.91,100.0,18.18,100.0,18.18,100.0,100.0,0.26858,-1.0,2,2,2
24451,24452,UL_XP,anger,neutral,1,6,66.67,1,11,1,27.27,66.67,72.73,87.5,9.09,0.0,100.0,0.53583,-1.0,1,1,1
24462,24463,DR_LU,surprise,neutral,5,6,75.0,0,11,1,0.0,0.0,72.73,100.0,,,,-1.0,-1.0,0,0,0
24608,24609,UL_XP,neutral,anger,6,1,25.0,1,11,1,72.73,100.0,27.27,100.0,9.09,100.0,100.0,-1.0,0.28377,1,1,1
24879,24880,UR_XP,neutral,anger,6,1,33.33,2,11,1,81.82,100.0,27.27,100.0,18.18,100.0,100.0,0.22636,-1.0,2,2,2
24918,24919,UL_XP,anger,neutral,1,6,66.67,2,11,1,27.27,100.0,81.82,100.0,18.18,100.0,100.0,-1.0,0.19443,2,2,2
25566,25567,UL_FR,anger,neutral,1,6,75.0,2,11,1,36.36,100.0,72.73,100.0,18.18,100.0,100.0,0.33571,-1.0,2,2,2
25764,25765,UR_FR,anger,neutral,1,6,83.33,3,11,1,36.36,100.0,81.82,100.0,27.27,100.0,100.0,0.06028,-1.0,3,3,3_plus
25813,25814,DL_XP,neutral,anger,6,1,16.67,3,11,1,81.82,100.0,36.36,100.0,27.27,100.0,100.0,-1.0,0.07705,3,3,3_plus
26209,26210,DL_XP,anger,neutral,1,6,83.33,1,11,1,18.18,100.0,81.82,100.0,9.09,100.0,100.0,0.12131,-1.0,1,1,1
26381,26382,UR_XP,anger,neutral,1,6,91.67,2,11,1,18.18,100.0,90.91,100.0,18.18,100.0,100.0,0.1909,-1.0,2,2,2
26448,26449,UL_FR,neutral,anger,6,1,8.33,3,11,1,90.91,100.0,27.27,100.0,27.27,100.0,100.0,-1.0,0.34794,3,3,3_plus
26585,26586,UR_FR,neutral,anger,6,1,16.67,3,11,1,90.91,100.0,27.27,100.0,27.27,100.0,100.0,0.13412,0.55413,3,3,3_plus
27121,27122,UR_XP,neutral,anger,6,1,25.0,1,11,1,81.82,100.0,18.18,100.0,9.09,100.0,100.0,0.25596,-1.0,1,1,1
27189,27190,UR_XP,anger,neutral,1,6,75.0,1,11,1,18.18,100.0,81.82,100.0,9.09,100.0,100.0,-1.0,0.2956,1,1,1
27932,27933,UR_XP,neutral,anger,6,1,25.0,2,11,1,81.82,100.0,27.27,100.0,18.18,100.0,100.0,0.46779,0.19918,2,2,2
28144,28145,UR_XP,anger,neutral,1,6,75.0,2,11,1,18.18,100.0,90.91,100.0,18.18,100.0,100.0,-1.0,0.27258,2,2,2
28717,28718,UL_XP,neutral,anger,6,1,25.0,1,11,1,72.73,100.0,27.27,100.0,9.09,100.0,100.0,-1.0,0.31355,1,1,1
28874,28875,UR_XP,neutral,anger,6,1,33.33,1,11,1,72.73,100.0,27.27,100.0,9.09,100.0,100.0,0.06804,-1.0,1,1,1
28894,28895,UL_XP,anger,neutral,1,6,66.67,1,11,1,27.27,100.0,72.73,100.0,9.09,100.0,100.0,-1.0,0.08155,1,1,1
29193,29194,UR_XP,anger,neutral,1,6,75.0,1,11,1,27.27,100.0,72.73,100.0,9.09,100.0,100.0,0.55929,-1.0,1,1,1
29276,29277,UR_XP,neutral,anger,6,1,25.0,3,11,1,81.82,100.0,36.36,100.0,27.27,100.0,100.0,0.45544,0.3209,3,3,3_plus
29401,29402,UR_XP,anger,neutral,1,6,75.0,3,11,1,27.27,100.0,90.91,100.0,27.27,100.0,100.0,0.19069,0.32198,3,3,3_plus
29750,29751,UR_XP,neutral,anger,6,1,25.0,2,11,1,81.82,100.0,27.27,100.0,18.18,100.0,100.0,0.2802,0.3525,2,2,2
29898,29899,UR_XP,anger,neutral,1,6,75.0,2,11,1,27.27,100.0,81.82,100.0,18.18,100.0,100.0,0.58834,0.39938,2,2,2
30370,30371,UR_XP,neutral,anger,6,1,25.0,1,11,1,72.73,100.0,27.27,100.0,9.09,100.0,100.0,-1.0,0.11948,1,1,1
30700,30701,UR_XP,anger,neutral,1,6,75.0,0,11,1,18.18,100.0,72.73,100.0,,,,-1.0,-1.0,0,0,0
30929,30930,UL_FR,anger,neutral,1,6,83.33,2,11,1,18.18,100.0,90.91,100.0,18.18,100.0,100.0,0.21907,0.46772,2,2,2
31021,31022,UR_FR,anger,neutral,1,6,100.0,2,11,1,18.18,100.0,100.0,100.0,18.18,100.0,100.0,0.37642,-1.0,2,2,2
31838,31839,DR_FR,neutral,sadness,6,4,8.33,2,11,1,100.0,100.0,18.18,100.0,18.18,100.0,100.0,-1.0,0.42695,2,2,2
32223,32224,DR_FR,sadness,neutral,4,6,100.0,1,11,1,9.09,100.0,100.0,100.0,9.09,100.0,100.0,0.35258,-1.0,1,1,1
32801,32802,UR_FR,neutral,anger,6,1,8.33,0,11,1,100.0,100.0,0.0,0.0,,,,-1.0,-1.0,0,0,0
33160,33161,UL_FR,neutral,anger,6,1,16.67,0,11,1,90.91,100.0,9.09,100.0,,,,-1.0,-1.0,0,0,0
33358,33359,UL_FR,anger,neutral,1,6,91.67,0,11,1,9.09,100.0,90.91,100.0,,,,-1.0,-1.0,0,0,0
34047,34048,UL_FR,neutral,anger,6,1,16.67,0,11,1,90.91,100.0,9.09,100.0,,,,-1.0,-1.0,0,0,0
34380,34381,UL_FR,anger,neutral,1,6,91.67,2,11,1,18.18,100.0,100.0,100.0,18.18,100.0,100.0,0.59777,0.49579,2,2,2
35278,35279,UL_FR,neutral,anger,6,1,16.67,1,11,1,90.91,100.0,18.18,100.0,9.09,100.0,100.0,-1.0,0.63495,1,1,1
36146,36147,UR_XP,neutral,anger,6,1,25.0,1,11,1,90.91,100.0,18.18,100.0,9.09,100.0,100.0,0.37535,-1.0,1,1,1
36225,36226,UR_XP,anger,neutral,1,6,83.33,1,11,1,18.18,100.0,90.91,100.0,9.09,100.0,100.0,-1.0,0.38221,1,1,1
36848,36849,UR_XP,neutral,anger,6,1,25.0,0,11,1,72.73,100.0,18.18,100.0,,,,-1.0,-1.0,0,0,0
37420,37421,UR_XP,anger,neutral,1,6,75.0,0,11,1,18.18,100.0,72.73,100.0,,,,-1.0,-1.0,0,0,0
38281,38282,UL_XP,neutral,anger,6,1,25.0,1,11,1,72.73,100.0,27.27,100.0,9.09,100.0,100.0,-1.0,0.28171,1,1,1
38505,38506,UL_XP,anger,neutral,1,6,75.0,1,11,1,27.27,100.0,72.73,100.0,9.09,100.0,100.0,0.24387,-1.0,1,1,1
38603,38604,UR_XP,neutral,anger,6,1,25.0,1,11,1,72.73,100.0,27.27,100.0,9.09,100.0,100.0,-1.0,0.36714,1,1,1
38962,38963,UR_XP,anger,neutral,1,6,75.0,2,11,1,27.27,100.0,81.82,100.0,18.18,100.0,100.0,0.21286,0.33467,2,2,2
39212,39213,UR_XP,neutral,anger,6,1,25.0,2,11,1,81.82,100.0,27.27,100.0,18.18,100.0,100.0,0.23883,0.27556,2,2,2
39729,39730,UL_FR,anger,neutral,1,6,75.0,2,11,1,27.27,66.67,81.82,100.0,18.18,50.0,100.0,0.31498,0.11397,2,2,2
40173,40174,DL_FR,neutral,sadness,6,4,8.33,2,11,1,90.91,100.0,18.18,50.0,18.18,100.0,50.0,0.13893,0.30681,2,2,2
40201,40202,UR_FR,anger,neutral,1,6,75.0,1,11,1,9.09,100.0,90.91,100.0,9.09,100.0,100.0,-1.0,0.15769,1,1,1
40264,40265,UL_LU,neutral,disgust,6,2,8.33,0,11,1,90.91,100.0,0.0,0.0,,,,-1.0,-1.0,0,0,0
40295,40296,UL_LU,disgust,neutral,2,6,75.0,0,11,1,0.0,0.0,90.91,100.0,,,,-1.0,-1.0,0,0,0
40383,40384,UL_LU,neutral,disgust,6,2,8.33,1,11,1,81.82,100.0,9.09,100.0,9.09,100.0,100.0,-1.0,0.14736,1,1,1
40422,40423,UL_LU,disgust,neutral,2,6,75.0,1,11,1,9.09,100.0,81.82,100.0,9.09,100.0,100.0,0.15765,-1.0,1,1,1
40458,40459,UR_LU,neutral,sadness,6,4,16.67,2,11,1,81.82,100.0,27.27,66.67,18.18,100.0,50.0,0.50173,0.38675,2,2,2
40492,40493,UR_LU,sadness,neutral,4,6,75.0,3,11,1,36.36,75.0,81.82,100.0,27.27,66.67,100.0,0.40397,0.515,3,3,3_plus
40564,40565,DR_FR,neutral,sadness,6,4,16.67,2,11,1,81.82,100.0,27.27,66.67,18.18,100.0,50.0,0.46282,0.45076,2,2,2
41119,41120,DL_FR,sadness,neutral,4,6,75.0,3,11,1,27.27,66.67,90.91,100.0,27.27,66.67,100.0,0.38554,0.33883,3,3,3_plus
41190,41191,UR_FR,neutral,anger,6,1,16.67,1,11,1,90.91,100.0,9.09,100.0,9.09,100.0,100.0,0.36284,-1.0,1,1,1
41210,41211,DR_FR,sadness,neutral,4,6,75.0,2,11,1,18.18,100.0,90.91,100.0,18.18,100.0,100.0,0.35706,-1.0,2,2,2
41494,41495,UL_FR,neutral,anger,6,1,25.0,2,11,1,90.91,100.0,18.18,100.0,18.18,100.0,100.0,0.24396,-1.0,2,2,2
42086,42087,UR_XP,anger,neutral,1,6,58.33,0,11,1,18.18,100.0,54.55,100.0,,,,-1.0,-1.0,0,0,0
43696,43697,UR_XP,neutral,anger,6,1,25.0,0,11,1,72.73,100.0,18.18,100.0,,,,-1.0,-1.0,0,0,0
44231,44232,UR_XP,anger,neutral,1,6,75.0,0,11,1,18.18,100.0,72.73,100.0,,,,-1.0,-1.0,0,0,0
44569,44570,UR_XP,neutral,anger,6,1,25.0,0,11,1,72.73,100.0,18.18,100.0,,,,-1.0,-1.0,0,0,0
44614,44615,UR_XP,anger,neutral,1,6,75.0,0,11,1,18.18,100.0,72.73,100.0,,,,-1.0,-1.0,0,0,0
44700,44701,UR_XP,neutral,anger,6,1,25.0,0,11,1,72.73,100.0,18.18,100.0,,,,-1.0,-1.0,0,0,0
45488,45489,UR_XP,anger,neutral,1,6,75.0,0,11,1,18.18,100.0,72.73,100.0,,,,-1.0,-1.0,0,0,0
45873,45874,UR_XP,neutral,anger,6,1,25.0,0,11,1,72.73,100.0,18.18,100.0,,,,-1.0,-1.0,0,0,0
46179,46180,UR_XP,anger,neutral,1,6,75.0,0,11,1,18.18,100.0,72.73,100.0,,,,-1.0,-1.0,0,0,0
46451,46452,UR_XP,neutral,anger,6,1,25.0,0,11,1,72.73,100.0,18.18,100.0,,,,-1.0,-1.0,0,0,0
46786,46787,UR_XP,anger,neutral,1,6,75.0,0,11,1,18.18,100.0,72.73,100.0,,,,-1.0,-1.0,0,0,0
46819,46820,UR_XP,neutral,anger,6,1,25.0,0,11,1,72.73,100.0,18.18,100.0,,,,-1.0,-1.0,0,0,0
47182,47183,UR_XP,anger,neutral,1,6,75.0,0,11,1,18.18,100.0,72.73,100.0,,,,-1.0,-1.0,0,0,0
47342,47343,UR_XP,neutral,anger,6,1,25.0,0,11,1,72.73,100.0,18.18,100.0,,,,-1.0,-1.0,0,0,0
47897,47898,UR_XP,anger,neutral,1,6,75.0,0,11,1,18.18,100.0,72.73,100.0,,,,-1.0,-1.0,0,0,0
48008,48009,UR_XP,neutral,anger,6,1,25.0,0,11,1,72.73,100.0,18.18,100.0,,,,-1.0,-1.0,0,0,0
48300,48301,UR_XP,anger,neutral,1,6,75.0,0,11,1,18.18,100.0,72.73,100.0,,,,-1.0,-1.0,0,0,0
48769,48770,UR_XP,neutral,anger,6,1,25.0,0,11,1,72.73,100.0,18.18,100.0,,,,-1.0,-1.0,0,0,0
49072,49073,UL_XP,neutral,sadness,6,4,8.33,0,11,1,72.73,100.0,0.0,0.0,,,,-1.0,-1.0,0,0,0
49118,49119,UL_XP,sadness,neutral,4,6,66.67,0,11,1,0.0,0.0,72.73,100.0,,,,-1.0,-1.0,0,0,0
49618,49619,UL_XP,neutral,sadness,6,4,16.67,0,11,1,72.73,100.0,9.09,100.0,,,,-1.0,-1.0,0,0,0
49654,49655,UL_XP,sadness,neutral,4,6,66.67,0,11,1,9.09,100.0,72.73,100.0,,,,-1.0,-1.0,0,0,0
50907,50908,UL_XP,neutral,sadness,6,4,8.33,0,11,1,72.73,100.0,0.0,0.0,,,,-1.0,-1.0,0,0,0
51015,51016,UL_XP,sadness,neutral,4,6,66.67,0,11,1,0.0,0.0,63.64,100.0,,,,-1.0,-1.0,0,0,0
51037,51038,UL_LU,neutral,anger,6,1,33.33,3,11,1,63.64,100.0,54.55,83.33,27.27,100.0,66.67,-1.0,0.309,3,3,3_plus
51077,51078,UL_LU,anger,neutral,1,6,66.67,2,11,1,36.36,100.0,72.73,100.0,18.18,100.0,100.0,0.22025,0.7643,2,2,2
51441,51442,UL_LU,neutral,anger,6,1,33.33,1,11,1,72.73,100.0,27.27,100.0,9.09,100.0,100.0,0.73594,-1.0,1,1,1
51540,51541,UL_LU,anger,neutral,1,6,66.67,1,11,1,27.27,100.0,72.73,100.0,9.09,100.0,100.0,-1.0,0.69099,1,1,1
51641,51642,UL_XP,neutral,sadness,6,4,8.33,0,11,1,63.64,100.0,0.0,0.0,,,,-1.0,-1.0,0,0,0
51968,51969,UL_XP,sadness,neutral,4,6,66.67,1,11,1,9.09,100.0,72.73,100.0,9.09,100.0,100.0,0.20612,-1.0,1,1,1
52514,52515,DL_FR,neutral,anger,6,1,33.33,1,11,1,72.73,100.0,27.27,100.0,9.09,100.0,100.0,0.37387,-1.0,1,1,1
52542,52543,DL_FR,anger,neutral,1,6,66.67,1,11,1,27.27,100.0,72.73,100.0,9.09,100.0,100.0,-1.0,0.33229,1,1,1
52693,52694,UR_XP,anger,neutral,1,6,83.33,1,11,1,27.27,100.0,81.82,100.0,9.09,100.0,100.0,0.12445,-1.0,1,1,1
53137,53138,UR_FR,anger,neutral,1,6,91.67,1,11,1,9.09,100.0,100.0,100.0,9.09,100.0,100.0,-1.0,0.10856,1,1,1
53163,53164,UL_FR,anger,neutral,1,6,100.0,1,11,1,9.09,100.0,100.0,100.0,9.09,100.0,100.0,0.08875,-1.0,1,1,1
53929,53930,DL_FR,neutral,sadness,6,4,8.33,0,11,1,100.0,100.0,0.0,0.0,,,,-1.0,-1.0,0,0,0
54101,54102,DL_FR,sadness,neutral,4,6,100.0,0,11,1,0.0,0.0,100.0,100.0,,,,-1.0,-1.0,0,0,0
58832,58833,UR_FR,neutral,anger,6,1,8.33,2,11,1,90.91,100.0,18.18,100.0,18.18,100.0,100.0,-1.0,0.30678,2,2,2
58878,58879,UL_FR,neutral,anger,6,1,16.67,2,11,1,100.0,100.0,18.18,100.0,18.18,100.0,100.0,0.14694,0.55461,2,2,2
59358,59359,UL_FR,anger,neutral,1,6,83.33,1,11,1,9.09,100.0,90.91,100.0,9.09,100.0,100.0,-1.0,0.03393,1,1,1
59372,59373,UR_FR,anger,neutral,1,6,91.67,1,11,1,9.09,100.0,90.91,100.0,9.09,100.0,100.0,0.03535,-1.0,1,1,1
60507,60508,UR_FR,neutral,anger,6,1,8.33,1,11,1,90.91,100.0,9.09,100.0,9.09,100.0,100.0,-1.0,0.33552,1,1,1
60575,60576,UL_FR,neutral,anger,6,1,16.67,1,11,1,90.91,100.0,9.09,100.0,9.09,100.0,100.0,0.28762,-1.0,1,1,1
60876,60877,UR_XP,neutral,sadness,6,4,8.33,1,11,1,72.73,100.0,9.09,100.0,9.09,100.0,100.0,-1.0,0.39112,1,1,1
60968,60969,UR_LU,neutral,sadness,6,4,16.67,1,11,1,72.73,100.0,9.09,100.0,9.09,100.0,100.0,0.21659,-1.0,1,1,1
61042,61043,DL_FR,neutral,surprise,6,5,8.33,0,11,1,72.73,100.0,0.0,0.0,,,,-1.0,-1.0,0,0,0
61336,61337,UR_XP,sadness,neutral,4,6,58.33,0,11,1,9.09,100.0,72.73,100.0,,,,-1.0,-1.0,0,0,0
61578,61579,UR_XP,neutral,sadness,6,4,16.67,1,11,1,81.82,100.0,9.09,100.0,9.09,100.0,100.0,0.30717,-1.0,1,1,1
61672,61673,DL_LU,anger,neutral,1,6,58.33,0,11,1,18.18,100.0,81.82,100.0,,,,-1.0,-1.0,0,0,0
61717,61718,UR_XP,sadness,neutral,4,6,66.67,1,11,1,9.09,100.0,81.82,100.0,9.09,100.0,100.0,-1.0,0.3557,1,1,1
61722,61723,DL_FR,surprise,neutral,5,6,75.0,0,11,1,0.0,0.0,81.82,100.0,,,,-1.0,-1.0,0,0,0
61778,61779,UR_LU,sadness,neutral,4,6,83.33,1,11,1,9.09,100.0,81.82,100.0,9.09,100.0,100.0,0.08847,-1.0,1,1,1
63085,63086,DL_LU,neutral,disgust,6,2,8.33,0,11,1,90.91,100.0,0.0,0.0,,,,-1.0,-1.0,0,0,0
63165,63166,UL_XP,neutral,sadness,6,4,8.33,0,11,1,81.82,100.0,0.0,0.0,,,,-1.0,-1.0,0,0,0
63239,63240,UL_XP,sadness,neutral,4,6,83.33,0,11,1,0.0,0.0,90.91,100.0,,,,-1.0,-1.0,0,0,0
64193,64194,UR_XP,neutral,anger,6,1,25.0,0,11,1,72.73,100.0,18.18,100.0,,,,-1.0,-1.0,0,0,0
64829,64830,UR_XP,anger,neutral,1,6,75.0,0,11,1,18.18,100.0,72.73,100.0,,,,-1.0,-1.0,0,0,0
64863,64864,UR_XP,neutral,anger,6,1,25.0,0,11,1,72.73,100.0,18.18,100.0,,,,-1.0,-1.0,0,0,0
65002,65003,UR_XP,anger,neutral,1,6,75.0,0,11,1,18.18,100.0,72.73,100.0,,,,-1.0,-1.0,0,0,0
65317,65318,UR_XP,neutral,anger,6,1,25.0,1,11,1,72.73,100.0,27.27,100.0,9.09,100.0,100.0,-1.0,0.21776,1,1,1
65414,65415,UR_XP,anger,neutral,1,6,83.33,1,11,1,27.27,100.0,81.82,100.0,9.09,100.0,100.0,0.19225,-1.0,1,1,1
67061,67062,UL_FR,anger,neutral,1,6,91.67,1,11,1,9.09,100.0,100.0,100.0,9.09,100.0,100.0,-1.0,0.5141,1,1,1
67209,67210,UR_FR,anger,neutral,1,6,100.0,1,11,1,9.09,100.0,100.0,100.0,9.09,100.0,100.0,0.4165,-1.0,1,1,1
68494,68495,DR_LU,neutral,surprise,6,5,8.33,0,11,1,100.0,100.0,0.0,0.0,,,,-1.0,-1.0,0,0,0
68736,68737,UL_FR,neutral,anger,6,1,8.33,1,11,1,90.91,100.0,9.09,100.0,9.09,100.0,100.0,-1.0,0.42881,1,1,1
68876,68877,UR_FR,neutral,anger,6,1,16.67,1,11,1,90.91,100.0,9.09,100.0,9.09,100.0,100.0,0.24733,-1.0,1,1,1
69944,69945,DL_LU,neutral,disgust,6,2,8.33,0,11,1,81.82,100.0,0.0,0.0,,,,-1.0,-1.0,0,0,0
70126,70127,UR_XP,neutral,happiness,6,3,8.33,1,11,1,72.73,100.0,9.09,100.0,9.09,100.0,100.0,-1.0,0.51512,1,1,1
70522,70523,UL_XP,neutral,anger,6,1,16.67,0,11,1,63.64,100.0,18.18,100.0,,,,-1.0,-1.0,0,0,0
70554,70555,DR_LU,surprise,neutral,5,6,58.33,0,11,1,0.0,0.0,72.73,87.5,,,,-1.0,-1.0,0,0,0
70686,70687,UR_FR,disgust,neutral,2,6,66.67,0,11,1,18.18,50.0,63.64,100.0,,,,-1.0,-1.0,0,0,0
70714,70715,DR_LU,neutral,surprise,6,5,8.33,0,11,1,63.64,100.0,0.0,0.0,,,,-1.0,-1.0,0,0,0
70958,70959,DR_LU,surprise,neutral,5,6,66.67,0,11,1,0.0,0.0,81.82,100.0,,,,-1.0,-1.0,0,0,0
70980,70981,UL_XP,anger,neutral,1,6,75.0,1,11,1,18.18,100.0,81.82,100.0,9.09,100.0,100.0,-1.0,0.27501,1,1,1
71162,71163,UR_FR,neutral,anger,6,1,25.0,1,11,1,81.82,100.0,18.18,100.0,9.09,100.0,100.0,0.38909,-1.0,1,1,1
71464,71465,UR_FR,anger,neutral,1,6,75.0,2,11,1,36.36,100.0,72.73,100.0,18.18,100.0,100.0,0.44698,-1.0,2,2,2
72068,72069,UL_XP,neutral,anger,6,1,25.0,2,11,1,72.73,100.0,36.36,100.0,18.18,100.0,100.0,-1.0,0.44302,2,2,2
72195,72196,DR_LU,neutral,sadness,6,4,8.33,1,11,1,63.64,100.0,36.36,75.0,9.09,100.0,100.0,-1.0,0.28727,1,1,1
72232,72233,DR_LU,sadness,neutral,4,6,66.67,1,11,1,36.36,75.0,63.64,100.0,9.09,100.0,100.0,0.29269,-1.0,1,1,1
72329,72330,UL_XP,anger,neutral,1,6,75.0,0,11,1,18.18,100.0,72.73,100.0,,,,-1.0,-1.0,0,0,0
72492,72493,DL_FR,neutral,anger,6,1,25.0,0,11,1,72.73,100.0,18.18,100.0,,,,-1.0,-1.0,0,0,0
72593,72594,UR_LU,neutral,happiness,6,3,8.33,0,11,1,72.73,100.0,0.0,0.0,,,,-1.0,-1.0,0,0,0
72648,72649,DR_LU,neutral,surprise,6,5,8.33,0,11,1,63.64,100.0,0.0,0.0,,,,-1.0,-1.0,0,0,0
72804,72805,UR_FR,neutral,anger,6,1,33.33,0,11,1,54.55,100.0,27.27,100.0,,,,-1.0,-1.0,0,0,0
72862,72863,DR_LU,surprise,neutral,5,6,50.0,0,11,1,9.09,100.0,54.55,100.0,,,,-1.0,-1.0,0,0,0
72902,72903,DR_XP,neutral,sadness,6,4,8.33,0,11,1,45.45,100.0,9.09,0.0,,,,-1.0,-1.0,0,0,0
73019,73020,UL_LU,neutral,happiness,6,3,16.67,0,11,1,45.45,100.0,9.09,100.0,,,,-1.0,-1.0,0,0,0
73059,73060,DR_LU,neutral,surprise,6,5,8.33,1,11,1,54.55,100.0,18.18,100.0,9.09,100.0,100.0,-1.0,0.14444,1,1,1
73084,73085,UR_LU,happiness,neutral,3,6,33.33,1,11,1,9.09,100.0,63.64,85.71,9.09,100.0,100.0,-1.0,0.29223,1,1,1
73122,73123,DR_LU,surprise,neutral,5,6,41.67,1,11,1,9.09,100.0,63.64,100.0,9.09,100.0,100.0,0.03029,-1.0,1,1,1
73139,73140,UR_FR,disgust,neutral,2,6,50.0,0,11,1,18.18,100.0,63.64,100.0,,,,-1.0,-1.0,0,0,0
73143,73144,DR_FR,neutral,surprise,6,5,8.33,1,11,1,63.64,100.0,9.09,100.0,9.09,100.0,100.0,-1.0,0.11313,1,1,1
73194,73195,UL_LU,happiness,neutral,3,6,50.0,1,11,1,9.09,100.0,63.64,100.0,9.09,100.0,100.0,0.30274,-1.0,1,1,1
73228,73229,DR_XP,sadness,neutral,4,6,58.33,0,11,1,0.0,0.0,63.64,100.0,,,,-1.0,-1.0,0,0,0
73276,73277,DL_LU,disgust,neutral,2,6,66.67,1,11,1,9.09,100.0,81.82,88.89,9.09,100.0,0.0,0.30975,0.63055,1,1,1
73296,73297,DR_FR,surprise,neutral,5,6,75.0,1,11,1,9.09,100.0,81.82,88.89,9.09,100.0,100.0,0.32952,-1.0,1,1,1
73493,73494,DL_LU,neutral,disgust,6,2,8.33,0,11,1,90.91,100.0,0.0,0.0,,,,-1.0,-1.0,0,0,0
73547,73548,UL_XP,neutral,anger,6,1,33.33,3,11,1,81.82,100.0,36.36,100.0,27.27,100.0,100.0,0.26641,0.12303,3,3,3_plus
73646,73647,UL_XP,anger,neutral,1,6,66.67,3,11,1,45.45,80.0,72.73,100.0,27.27,66.67,100.0,0.2657,0.00402,3,3,3_plus
73649,73650,DL_FR,anger,neutral,1,6,75.0,3,11,1,45.45,80.0,72.73,100.0,27.27,66.67,100.0,0.18266,-1.0,3,3,3_plus
73685,73686,UR_FR,neutral,disgust,6,2,16.67,0,11,1,81.82,100.0,18.18,100.0,,,,-1.0,-1.0,0,0,0
73824,73825,UL_XP,neutral,anger,6,1,33.33,4,11,1,81.82,88.89,45.45,100.0,36.36,75.0,100.0,0.25512,0.31299,4,3,3_plus
73827,73828,DR_LU,neutral,surprise,6,5,8.33,0,11,1,81.82,88.89,0.0,0.0,,,,-1.0,-1.0,0,0,0
73834,73835,UL_XP,anger,neutral,1,6,58.33,4,11,1,45.45,100.0,81.82,88.89,36.36,100.0,75.0,0.306,0.26974,4,3,3_plus
73993,73994,UL_FR,anger,neutral,1,6,66.67,3,11,1,45.45,100.0,72.73,100.0,27.27,100.0,100.0,0.36219,-1.0,3,3,3_plus
74000,74001,DR_LU,surprise,neutral,5,6,75.0,0,11,1,0.0,0.0,72.73,100.0,,,,-1.0,-1.0,0,0,0
74500,74501,UL_FR,neutral,anger,6,1,25.0,3,11,1,81.82,100.0,36.36,100.0,27.27,100.0,100.0,0.19082,0.40144,3,3,3_plus
74608,74609,DL_LU,disgust,neutral,2,6,75.0,1,11,1,18.18,50.0,90.91,90.0,9.09,0.0,100.0,0.1774,0.1163,1,1,1
74640,74641,UL_XP,neutral,anger,6,1,25.0,3,11,1,90.91,90.0,36.36,100.0,27.27,66.67,100.0,0.17855,0.15685,3,3,3_plus
74882,74883,UL_FR,anger,neutral,1,6,75.0,2,11,1,27.27,100.0,90.91,100.0,18.18,100.0,100.0,-1.0,0.14651,2,2,2
74909,74910,UL_XP,anger,neutral,1,6,83.33,2,11,1,27.27,100.0,90.91,100.0,18.18,100.0,100.0,0.03075,0.23765,2,2,2
75077,75078,UL_XP,neutral,anger,6,1,16.67,2,11,1,90.91,100.0,18.18,100.0,18.18,100.0,100.0,0.20854,0.17943,2,2,2
75172,75173,UR_XP,anger,neutral,1,6,83.33,4,11,1,36.36,100.0,100.0,90.91,36.36,100.0,75.0,0.32275,0.29186,4,3,3_plus
75204,75205,UL_XP,anger,neutral,1,6,91.67,3,11,1,27.27,100.0,100.0,90.91,27.27,100.0,66.67,0.22706,0.40609,3,3,3_plus
75428,75429,UR_FR,surprise,neutral,5,6,100.0,1,11,1,9.09,100.0,100.0,100.0,9.09,100.0,100.0,0.11028,-1.0,1,1,1
75456,75457,UL_FR,neutral,surprise,6,5,8.33,1,11,1,100.0,100.0,9.09,0.0,9.09,100.0,0.0,-1.0,0.03014,1,1,1
75831,75832,UR_FR,neutral,anger,6,1,8.33,0,11,1,81.82,100.0,0.0,0.0,,,,-1.0,-1.0,0,0,0
75986,75987,UL_FR,surprise,neutral,5,6,83.33,1,11,1,18.18,100.0,90.91,100.0,9.09,100.0,100.0,0.35062,-1.0,1,1,1
76027,76028,DR_LU,neutral,surprise,6,5,8.33,1,11,1,90.91,100.0,18.18,100.0,9.09,100.0,100.0,-1.0,0.07915,1,1,1
76196,76197,DL_FR,neutral,surprise,6,5,16.67,2,11,1,81.82,100.0,36.36,100.0,18.18,100.0,100.0,0.42764,0.05791,2,2,2
76248,76249,UR_XP,neutral,happiness,6,3,8.33,0,11,1,81.82,100.0,0.0,0.0,,,,-1.0,-1.0,0,0,0
76411,76412,UL_FR,neutral,anger,6,1,16.67,0,11,1,72.73,87.5,9.09,100.0,,,,-1.0,-1.0,0,0,0
76481,76482,UR_XP,happiness,neutral,3,6,58.33,0,11,1,0.0,0.0,81.82,100.0,,,,-1.0,-1.0,0,0,0
76482,76483,DL_LU,disgust,neutral,2,6,66.67,0,11,1,0.0,0.0,81.82,100.0,,,,-1.0,-1.0,0,0,0
76627,76628,DR_FR,neutral,surprise,6,5,25.0,2,11,1,81.82,100.0,18.18,100.0,18.18,100.0,100.0,0.11133,-1.0,2,2,2
76646,76647,DL_FR,surprise,neutral,5,6,66.67,2,11,1,18.18,100.0,81.82,100.0,18.18,100.0,100.0,-1.0,0.0857,2,2,2
76681,76682,DR_LU,surprise,neutral,5,6,75.0,2,11,1,18.18,100.0,81.82,100.0,18.18,100.0,100.0,0.07049,0.07093,2,2,2
76800,76801,DR_FR,surprise,neutral,5,6,83.33,0,11,1,0.0,0.0,90.91,100.0,,,,-1.0,-1.0,0,0,0
76813,76814,UR_FR,anger,neutral,1,6,91.67,1,11,1,18.18,100.0,90.91,100.0,9.09,100.0,100.0,0.35606,-1.0,1,1,1
76866,76867,DL_LU,neutral,surprise,6,5,8.33,1,11,1,90.91,100.0,9.09,100.0,9.09,100.0,100.0,-1.0,0.15303,1,1,1
77022,77023,UL_FR,anger,neutral,1,6,91.67,0,11,1,0.0,0.0,90.91,100.0,,,,-1.0,-1.0,0,0,0
77400,77401,UR_FR,neutral,anger,6,1,8.33,0,11,1,90.91,100.0,0.0,0.0,,,,-1.0,-1.0,0,0,0
77711,77712,UR_XP,neutral,sadness,6,4,8.33,1,11,1,90.91,100.0,9.09,100.0,9.09,100.0,100.0,-1.0,0.49449,1,1,1
77747,77748,UR_FR,anger,neutral,1,6,83.33,0,11,1,0.0,0.0,90.91,100.0,,,,-1.0,-1.0,0,0,0
77930,77931,UR_XP,sadness,neutral,4,6,91.67,1,11,1,9.09,100.0,90.91,100.0,9.09,100.0,100.0,0.49449,-1.0,1,1,1
78814,78815,UR_FR,neutral,anger,6,1,8.33,0,11,1,90.91,100.0,0.0,0.0,,,,-1.0,-1.0,0,0,0
78978,78979,UL_FR,neutral,anger,6,1,16.67,0,11,1,81.82,100.0,9.09,100.0,,,,-1.0,-1.0,0,0,0
79081,79082,UR_XP,neutral,sadness,6,4,8.33,1,11,1,90.91,100.0,9.09,100.0,9.09,100.0,100.0,-1.0,0.49449,1,1,1
79183,79184,UL_FR,anger,neutral,1,6,75.0,2,11,1,18.18,50.0,90.91,100.0,18.18,50.0,100.0,0.24859,0.13208,2,2,2
79312,79313,UR_XP,anger,neutral,1,6,83.33,2,11,1,18.18,100.0,90.91,100.0,18.18,100.0,100.0,0.19174,0.19625,2,2,2
80069,80070,UL_FR,neutral,surprise,6,5,8.33,0,11,1,100.0,100.0,0.0,0.0,,,,-1.0,-1.0,0,0,0
80884,80885,UL_FR,surprise,neutral,5,6,83.33,0,11,1,0.0,0.0,81.82,100.0,,,,-1.0,-1.0,0,0,0
81314,81315,DL_LU,disgust,neutral,2,6,91.67,0,11,1,0.0,0.0,90.91,100.0,,,,-1.0,-1.0,0,0,0
81588,81589,UR_XP,neutral,anger,6,1,16.67,1,11,1,90.91,100.0,18.18,100.0,9.09,100.0,100.0,-1.0,0.36954,1,1,1
81708,81709,UR_XP,anger,neutral,1,6,91.67,0,11,1,9.09,100.0,90.91,100.0,,,,-1.0,-1.0,0,0,0
82863,82864,UR_XP,neutral,anger,6,1,16.67,0,11,1,90.91,100.0,9.09,100.0,,,,-1.0,-1.0,0,0,0
82907,82908,DL_LU,neutral,disgust,6,2,8.33,1,11,1,90.91,100.0,9.09,100.0,9.09,100.0,100.0,-1.0,0.52114,1,1,1
83564,83565,UR_XP,anger,neutral,1,6,83.33,1,11,1,9.09,100.0,90.91,100.0,9.09,100.0,100.0,-1.0,0.50705,1,1,1
83758,83759,UR_XP,neutral,anger,6,1,16.67,0,11,1,90.91,100.0,9.09,100.0,,,,-1.0,-1.0,0,0,0
83880,83881,DL_LU,neutral,disgust,6,2,8.33,0,11,1,90.91,100.0,0.0,0.0,,,,-1.0,-1.0,0,0,0
84704,84705,UL_FR,neutral,anger,6,1,25.0,2,11,1,90.91,100.0,18.18,100.0,18.18,100.0,100.0,0.24586,-1.0,2,2,2
84751,84752,UR_XP,anger,neutral,1,6,75.0,1,11,1,18.18,100.0,81.82,100.0,9.09,100.0,100.0,-1.0,0.13246,1,1,1
85916,85917,DL_LU,neutral,disgust,6,2,8.33,0,11,1,81.82,100.0,0.0,0.0,,,,-1.0,-1.0,0,0,0
85935,85936,DL_LU,disgust,neutral,2,6,83.33,0,11,1,0.0,0.0,81.82,100.0,,,,-1.0,-1.0,0,0,0
87128,87129,DL_LU,neutral,disgust,6,2,8.33,0,11,1,81.82,100.0,0.0,0.0,,,,-1.0,-1.0,0,0,0
87260,87261,UL_XP,neutral,anger,6,1,25.0,1,11,1,81.82,100.0,18.18,100.0,9.09,100.0,100.0,0.34837,-1.0,1,1,1
87343,87344,UL_FR,anger,neutral,1,6,75.0,1,11,1,18.18,100.0,81.82,100.0,9.09,100.0,100.0,-1.0,0.13646,1,1,1
87360,87361,UR_XP,neutral,happiness,6,3,8.33,0,11,1,81.82,100.0,0.0,0.0,,,,-1.0,-1.0,0,0,0
87387,87388,UR_FR,anger,neutral,1,6,75.0,1,11,1,18.18,100.0,81.82,100.0,9.09,100.0,100.0,0.11014,-1.0,1,1,1
87684,87685,UR_XP,happiness,neutral,3,6,83.33,0,11,1,0.0,0.0,90.91,100.0,,,,-1.0,-1.0,0,0,0
87689,87690,UL_FR,neutral,anger,6,1,16.67,3,11,1,90.91,100.0,27.27,66.67,27.27,100.0,66.67,0.0815,0.04358,3,3,3_plus
87694,87695,UR_FR,neutral,anger,6,1,25.0,3,11,1,90.91,100.0,27.27,66.67,27.27,100.0,66.67,0.02944,0.06298,3,3,3_plus
87697,87698,UL_XP,anger,neutral,1,6,75.0,3,11,1,27.27,100.0,90.91,100.0,27.27,100.0,100.0,0.06136,0.03008,3,3,3_plus
87741,87742,UR_XP,neutral,anger,6,1,25.0,3,11,1,100.0,100.0,27.27,100.0,27.27,100.0,100.0,0.23606,0.4209,3,3,3_plus
87888,87889,UR_XP,anger,neutral,1,6,75.0,0,11,1,18.18,100.0,72.73,100.0,,,,-1.0,-1.0,0,0,0
88200,88201,UR_XP,neutral,anger,6,1,25.0,1,11,1,81.82,100.0,18.18,100.0,9.09,100.0,100.0,0.3559,-1.0,1,1,1
88341,88342,UL_FR,anger,neutral,1,6,75.0,1,11,1,18.18,100.0,81.82,100.0,9.09,100.0,100.0,-1.0,0.39512,1,1,1
88473,88474,UL_XP,neutral,sadness,6,4,8.33,1,11,1,90.91,100.0,9.09,0.0,9.09,100.0,0.0,0.37263,0.42453,1,1,1
88565,88566,UL_XP,anger,neutral,1,6,75.0,2,11,1,27.27,100.0,81.82,100.0,18.18,100.0,100.0,0.08414,0.28622,2,2,2
88625,88626,UL_FR,neutral,anger,6,1,25.0,2,11,1,81.82,100.0,27.27,100.0,18.18,100.0,100.0,0.31174,0.21784,2,2,2
89572,89573,UR_XP,anger,neutral,1,6,75.0,1,11,1,18.18,100.0,81.82,100.0,9.09,100.0,100.0,-1.0,0.38995,1,1,1
89800,89801,UL_FR,anger,neutral,1,6,91.67,2,11,1,18.18,100.0,100.0,100.0,18.18,100.0,100.0,0.70658,0.37321,2,2,2
89877,89878,UR_FR,anger,neutral,1,6,100.0,1,11,1,9.09,100.0,100.0,100.0,9.09,100.0,100.0,0.25414,-1.0,1,1,1
91974,91975,UR_FR,neutral,anger,6,1,8.33,3,11,1,100.0,100.0,27.27,100.0,27.27,100.0,100.0,-1.0,0.27529,3,3,3_plus
92334,92335,DL_LU,neutral,disgust,6,2,8.33,0,11,1,100.0,100.0,0.0,0.0,,,,-1.0,-1.0,0,0,0
92549,92550,DL_LU,disgust,neutral,2,6,91.67,0,11,1,0.0,0.0,100.0,100.0,,,,-1.0,-1.0,0,0,0
93854,93855,UR_FR,anger,neutral,1,6,100.0,2,11,1,18.18,100.0,100.0,100.0,18.18,100.0,100.0,0.41768,-1.0,2,2,2
94038,94039,UR_FR,neutral,anger,6,1,8.33,2,11,1,100.0,100.0,18.18,100.0,18.18,100.0,100.0,-1.0,0.4103,2,2,2
94478,94479,UR_FR,anger,neutral,1,6,91.67,2,11,1,18.18,100.0,90.91,100.0,18.18,100.0,100.0,0.24828,-1.0,2,2,2
94888,94889,UR_XP,neutral,anger,6,1,8.33,1,11,1,90.91,100.0,9.09,100.0,9.09,100.0,100.0,-1.0,0.37026,1,1,1
95107,95108,UR_XP,anger,neutral,1,6,91.67,0,11,1,0.0,0.0,90.91,100.0,,,,-1.0,-1.0,0,0,0
96137,96138,DL_FR,neutral,surprise,6,5,16.67,1,11,1,90.91,100.0,18.18,100.0,9.09,100.0,100.0,-1.0,0.59728,1,1,1
96459,96460,DL_FR,surprise,neutral,5,6,91.67,1,11,1,9.09,100.0,90.91,100.0,9.09,100.0,100.0,0.15837,-1.0,1,1,1
97172,97173,UR_FR,neutral,anger,6,1,8.33,0,11,1,90.91,100.0,0.0,0.0,,,,-1.0,-1.0,0,0,0
97461,97462,UR_FR,anger,neutral,1,6,91.67,0,11,1,0.0,0.0,90.91,100.0,,,,-1.0,-1.0,0,0,0
97568,97569,UL_LU,neutral,sadness,6,4,8.33,1,11,1,90.91,100.0,9.09,100.0,9.09,100.0,100.0,-1.0,0.10902,1,1,1
97606,97607,UR_LU,neutral,sadness,6,4,16.67,1,11,1,81.82,100.0,18.18,100.0,9.09,100.0,100.0,-1.0,0.10902,1,1,1
99075,99076,UL_LU,neutral,happiness,6,3,8.33,1,11,1,90.91,100.0,9.09,100.0,9.09,100.0,100.0,-1.0,0.13707,1,1,1
99103,99104,UR_XP,neutral,happiness,6,3,16.67,1,11,1,90.91,100.0,9.09,100.0,9.09,100.0,100.0,0.07811,-1.0,1,1,1
99230,99231,UL_XP,neutral,happiness,6,3,25.0,2,11,1,90.91,100.0,18.18,100.0,18.18,100.0,100.0,0.31497,-1.0,2,2,2
99365,99366,UL_LU,happiness,neutral,3,6,75.0,2,11,1,18.18,100.0,90.91,100.0,18.18,100.0,100.0,-1.0,0.36618,2,2,2
99414,99415,UL_XP,happiness,neutral,3,6,83.33,2,11,1,18.18,100.0,90.91,100.0,18.18,100.0,100.0,0.13758,0.36796,2,2,2
99507,99508,UR_XP,happiness,neutral,3,6,91.67,0,11,1,0.0,0.0,90.91,100.0,,,,-1.0,-1.0,0,0,0
102501,102502,UL_LU,neutral,happiness,6,3,8.33,0,11,1,90.91,100.0,0.0,0.0,,,,-1.0,-1.0,0,0,0
102684,102685,UL_LU,happiness,neutral,3,6,83.33,0,11,1,0.0,0.0,81.82,100.0,,,,-1.0,-1.0,0,0,0
102892,102893,UR_FR,neutral,anger,6,1,8.33,0,11,1,90.91,100.0,0.0,0.0,,,,-1.0,-1.0,0,0,0
103226,103227,UL_FR,neutral,anger,6,1,16.67,1,11,1,72.73,100.0,18.18,50.0,9.09,100.0,0.0,-1.0,0.23724,1,1,1
104223,104224,UR_LU,neutral,sadness,6,4,8.33,3,11,1,81.82,100.0,27.27,100.0,27.27,100.0,100.0,-1.0,0.27223,3,3,3_plus
104266,104267,UL_XP,neutral,anger,6,1,25.0,0,11,1,72.73,100.0,18.18,100.0,,,,-1.0,-1.0,0,0,0
104309,104310,UR_XP,neutral,sadness,6,4,16.67,2,11,1,72.73,100.0,27.27,100.0,18.18,100.0,100.0,-1.0,0.26897,2,2,2
104322,104323,DL_FR,neutral,surprise,6,5,8.33,0,11,1,72.73,100.0,0.0,0.0,,,,-1.0,-1.0,0,0,0
104401,104402,UR_XP,sadness,neutral,4,6,58.33,2,11,1,18.18,100.0,72.73,100.0,18.18,100.0,100.0,0.26897,-1.0,2,2,2
104473,104474,UL_XP,anger,neutral,1,6,66.67,0,11,1,18.18,100.0,63.64,100.0,,,,-1.0,-1.0,0,0,0
104984,104985,UL_XP,neutral,anger,6,1,25.0,0,11,1,72.73,100.0,18.18,100.0,,,,-1.0,-1.0,0,0,0
105053,105054,DR_FR,neutral,anger,6,1,33.33,1,11,1,72.73,100.0,27.27,100.0,9.09,100.0,100.0,0.1796,-1.0,1,1,1
105153,105154,DR_FR,anger,neutral,1,6,66.67,1,11,1,27.27,100.0,72.73,100.0,9.09,100.0,100.0,-1.0,0.57528,1,1,1
105531,105532,UR_XP,neutral,anger,6,1,33.33,0,11,1,63.64,100.0,27.27,100.0,,,,-1.0,-1.0,0,0,0
105811,105812,UR_FR,anger,neutral,1,6,58.33,1,11,1,36.36,100.0,63.64,100.0,9.09,100.0,100.0,0.1083,-1.0,1,1,1
105866,105867,DL_XP,neutral,anger,6,1,33.33,2,11,1,72.73,87.5,36.36,100.0,18.18,50.0,100.0,0.27492,0.10371,2,2,2
105891,105892,DL_FR,surprise,neutral,5,6,58.33,0,11,1,0.0,0.0,72.73,87.5,,,,-1.0,-1.0,0,0,0
105924,105925,UL_XP,anger,neutral,1,6,66.67,2,11,1,36.36,100.0,72.73,100.0,18.18,100.0,100.0,0.13545,0.07503,2,2,2
106044,106045,UR_FR,neutral,anger,6,1,33.33,2,11,1,72.73,100.0,36.36,100.0,18.18,100.0,100.0,0.18642,0.31722,2,2,2
106127,106128,DL_XP,anger,neutral,1,6,66.67,2,11,1,27.27,100.0,81.82,100.0,18.18,100.0,100.0,-1.0,0.26943,2,2,2
106444,106445,UR_FR,anger,neutral,1,6,75.0,0,11,1,18.18,100.0,72.73,100.0,,,,-1.0,-1.0,0,0,0
106673,106674,UL_XP,neutral,sadness,6,4,8.33,1,11,1,72.73,100.0,18.18,100.0,9.09,100.0,100.0,-1.0,0.61828,1,1,1
106817,106818,UL_XP,sadness,neutral,4,6,75.0,0,11,1,9.09,0.0,81.82,100.0,,,,-1.0,-1.0,0,0,0
107133,107134,UL_XP,neutral,sadness,6,4,8.33,0,11,1,81.82,100.0,0.0,0.0,,,,-1.0,-1.0,0,0,0
107742,107743,UR_FR,neutral,anger,6,1,25.0,2,11,1,72.73,100.0,36.36,100.0,18.18,100.0,100.0,0.70939,0.495,2,2,2
107928,107929,UL_XP,sadness,neutral,4,6,66.67,0,11,1,0.0,0.0,81.82,100.0,,,,-1.0,-1.0,0,0,0
108176,108177,UR_XP,anger,neutral,1,6,75.0,1,11,1,27.27,100.0,72.73,100.0,9.09,100.0,100.0,0.495,-1.0,1,1,1
108585,108586,UR_FR,anger,neutral,1,6,83.33,3,11,1,27.27,100.0,90.91,100.0,27.27,100.0,100.0,0.45188,0.23734,3,3,3_plus
108616,108617,DL_FR,neutral,surprise,6,5,8.33,0,11,1,81.82,100.0,0.0,0.0,,,,-1.0,-1.0,0,0,0
108815,108816,UL_FR,anger,neutral,1,6,75.0,1,11,1,9.09,100.0,72.73,100.0,9.09,100.0,100.0,0.495,-1.0,1,1,1
109062,109063,UL_FR,neutral,anger,6,1,8.33,1,11,1,72.73,100.0,9.09,100.0,9.09,100.0,100.0,-1.0,0.495,1,1,1
109083,109084,UL_FR,anger,neutral,1,6,75.0,1,11,1,9.09,100.0,72.73,100.0,9.09,100.0,100.0,0.495,-1.0,1,1,1
109283,109284,UL_LU,neutral,happiness,6,3,8.33,0,11,1,72.73,100.0,0.0,0.0,,,,-1.0,-1.0,0,0,0
109321,109322,UL_LU,happiness,neutral,3,6,75.0,0,11,1,0.0,0.0,72.73,100.0,,,,-1.0,-1.0,0,0,0
109422,109423,DR_FR,neutral,surprise,6,5,16.67,1,11,1,81.82,100.0,9.09,100.0,9.09,100.0,100.0,0.46117,-1.0,1,1,1
109523,109524,UL_FR,neutral,happiness,6,3,8.33,0,11,1,90.91,100.0,0.0,0.0,,,,-1.0,-1.0,0,0,0
109743,109744,DL_FR,surprise,neutral,5,6,75.0,1,11,1,9.09,100.0,90.91,100.0,9.09,100.0,100.0,-1.0,0.43555,1,1,1
109910,109911,UL_FR,happiness,neutral,3,6,83.33,0,11,1,0.0,0.0,90.91,100.0,,,,-1.0,-1.0,0,0,0
109934,109935,DR_FR,surprise,neutral,5,6,91.67,1,11,1,9.09,100.0,90.91,100.0,9.09,100.0,100.0,0.57648,-1.0,1,1,1
110277,110278,DR_FR,neutral,surprise,6,5,8.33,0,11,1,90.91,100.0,0.0,0.0,,,,-1.0,-1.0,0,0,0
110591,110592,UR_FR,neutral,anger,6,1,8.33,1,11,1,90.91,100.0,9.09,100.0,9.09,100.0,100.0,-1.0,0.495,1,1,1
110660,110661,DR_FR,surprise,neutral,5,6,83.33,0,11,1,0.0,0.0,90.91,100.0,,,,-1.0,-1.0,0,0,0
111013,111014,UR_FR,anger,neutral,1,6,91.67,1,11,1,9.09,100.0,90.91,100.0,9.09,100.0,100.0,0.495,-1.0,1,1,1
111692,111693,UR_FR,neutral,anger,6,1,8.33,2,11,1,90.91,100.0,18.18,100.0,18.18,100.0,100.0,-1.0,0.35229,2,2,2
111828,111829,UL_FR,neutral,anger,6,1,16.67,2,11,1,90.91,100.0,18.18,100.0,18.18,100.0,100.0,0.21924,0.495,2,2,2
111978,111979,UL_FR,anger,neutral,1,6,83.33,2,11,1,18.18,100.0,90.91,100.0,18.18,100.0,100.0,0.495,0.32596,2,2,2
112490,112491,UL_FR,neutral,anger,6,1,16.67,1,11,1,81.82,100.0,18.18,100.0,9.09,100.0,100.0,-1.0,0.495,1,1,1
113708,113709,DR_FR,neutral,surprise,6,5,8.33,0,11,1,63.64,100.0,0.0,0.0,,,,-1.0,-1.0,0,0,0
114797,114798,UL_FR,anger,neutral,1,6,75.0,1,11,1,18.18,100.0,72.73,100.0,9.09,100.0,100.0,0.495,-1.0,1,1,1
114903,114904,DL_FR,neutral,surprise,6,5,16.67,0,11,1,81.82,100.0,9.09,100.0,,,,-1.0,-1.0,0,0,0
115203,115204,DR_FR,surprise,neutral,5,6,75.0,0,11,1,9.09,100.0,81.82,100.0,,,,-1.0,-1.0,0,0,0
115531,115532,DL_FR,surprise,neutral,5,6,83.33,0,11,1,0.0,0.0,81.82,100.0,,,,-1.0,-1.0,0,0,0
115905,115906,UL_FR,neutral,anger,6,1,16.67,1,11,1,81.82,100.0,18.18,100.0,9.09,100.0,100.0,-1.0,0.495,1,1,1
116769,116770,UL_FR,anger,neutral,1,6,83.33,1,11,1,18.18,100.0,81.82,100.0,9.09,100.0,100.0,0.495,-1.0,1,1,1
116855,116856,UL_FR,neutral,anger,6,1,16.67,2,11,1,81.82,100.0,27.27,100.0,18.18,100.0,100.0,-1.0,0.51097,2,2,2
119879,119880,UL_FR,anger,neutral,1,6,83.33,2,11,1,18.18,100.0,90.91,100.0,18.18,100.0,100.0,0.495,0.30926,2,2,2
120168,120169,UL_LU,neutral,anger,6,1,16.67,3,11,1,90.91,100.0,27.27,100.0,27.27,100.0,100.0,0.32637,0.25915,3,3,3_plus
120183,120184,UL_FR,neutral,anger,6,1,25.0,3,11,1,90.91,100.0,27.27,100.0,27.27,100.0,100.0,0.18408,0.495,3,3,3_plus
120204,120205,UL_LU,anger,neutral,1,6,75.0,3,11,1,27.27,100.0,90.91,100.0,27.27,100.0,100.0,0.495,0.20569,3,3,3_plus
120442,120443,UL_FR,anger,neutral,1,6,83.33,2,11,1,18.18,100.0,90.91,100.0,18.18,100.0,100.0,0.495,0.43747,2,2,2
120622,120623,UR_FR,anger,neutral,1,6,91.67,2,11,1,18.18,100.0,90.91,100.0,18.18,100.0,100.0,0.42954,-1.0,2,2,2
121720,121721,DL_FR,neutral,surprise,6,5,8.33,0,11,1,90.91,100.0,0.0,0.0,,,,-1.0,-1.0,0,0,0
122397,122398,DL_FR,surprise,neutral,5,6,91.67,0,11,1,0.0,0.0,90.91,100.0,,,,-1.0,-1.0,0,0,0
130970,130971,UR_FR,neutral,anger,6,1,8.33,2,11,1,100.0,100.0,18.18,100.0,18.18,100.0,100.0,-1.0,0.30292,2,2,2
131043,131044,UL_FR,neutral,anger,6,1,16.67,3,11,1,100.0,100.0,27.27,100.0,27.27,100.0,100.0,0.11281,0.59081,3,3,3_plus
134029,134030,UL_FR,anger,neutral,1,6,91.67,3,11,1,27.27,100.0,100.0,100.0,27.27,100.0,100.0,0.40997,0.2611,3,3,3_plus
134155,134156,UR_XP,neutral,happiness,6,3,8.33,1,11,1,100.0,100.0,9.09,100.0,9.09,100.0,100.0,-1.0,0.46848,1,1,1
134167,134168,UR_FR,anger,neutral,1,6,91.67,3,11,1,27.27,66.67,100.0,100.0,27.27,66.67,100.0,0.30048,0.09772,3,3,3_plus
134257,134258,UL_XP,neutral,happiness,6,3,16.67,1,11,1,100.0,100.0,9.09,100.0,9.09,100.0,100.0,0.58294,-1.0,1,1,1
134402,134403,UL_FR,neutral,happiness,6,3,25.0,1,11,1,90.91,100.0,18.18,100.0,9.09,100.0,100.0,0.33022,-1.0,1,1,1
134528,134529,UL_XP,happiness,neutral,3,6,83.33,1,11,1,18.18,100.0,90.91,100.0,9.09,100.0,100.0,-1.0,0.10412,1,1,1
134590,134591,UL_FR,happiness,neutral,3,6,91.67,3,11,1,27.27,100.0,100.0,90.91,27.27,100.0,66.67,0.45563,0.334,3,3,3_plus
134687,134688,UR_XP,anger,neutral,1,6,100.0,1,11,1,9.09,100.0,100.0,100.0,9.09,100.0,100.0,0.495,-1.0,1,1,1
135278,135279,UR_FR,neutral,anger,6,1,8.33,4,11,1,100.0,100.0,36.36,75.0,36.36,100.0,75.0,-1.0,0.30784,4,3,3_plus
135538,135539,UL_FR,neutral,anger,6,1,16.67,3,11,1,100.0,100.0,27.27,100.0,27.27,100.0,100.0,0.22832,0.31049,3,3,3_plus
136936,136937,UL_FR,anger,neutral,1,6,91.67,3,11,1,27.27,100.0,100.0,100.0,27.27,100.0,100.0,0.48955,0.23028,3,3,3_plus
137046,137047,UL_FR,neutral,anger,6,1,16.67,3,11,1,100.0,100.0,27.27,100.0,27.27,100.0,100.0,0.12707,0.49562,3,3,3_plus
138949,138950,DL_LU,neutral,disgust,6,2,8.33,0,11,1,90.91,100.0,0.0,0.0,,,,-1.0,-1.0,0,0,0
139019,139020,UL_XP,neutral,sadness,6,4,8.33,0,11,1,81.82,100.0,0.0,0.0,,,,-1.0,-1.0,0,0,0
139143,139144,UL_XP,sadness,neutral,4,6,83.33,0,11,1,0.0,0.0,90.91,100.0,,,,-1.0,-1.0,0,0,0
139221,139222,UL_XP,neutral,sadness,6,4,8.33,0,11,1,81.82,100.0,0.0,0.0,,,,-1.0,-1.0,0,0,0
139242,139243,DL_LU,neutral,disgust,6,2,8.33,0,11,1,81.82,88.89,0.0,0.0,,,,-1.0,-1.0,0,0,0
139277,139278,UR_XP,neutral,anger,6,1,33.33,2,11,1,72.73,87.5,36.36,100.0,18.18,50.0,100.0,0.28996,0.495,2,2,2
139759,139760,UL_XP,anger,neutral,1,6,66.67,2,11,1,36.36,100.0,72.73,100.0,18.18,100.0,100.0,0.495,0.36829,2,2,2
139809,139810,UL_XP,neutral,anger,6,1,33.33,2,11,1,72.73,100.0,36.36,100.0,18.18,100.0,100.0,0.32346,0.495,2,2,2
139971,139972,UL_XP,anger,neutral,1,6,66.67,2,11,1,36.36,100.0,72.73,100.0,18.18,100.0,100.0,0.495,0.10825,2,2,2
140069,140070,UR_XP,anger,neutral,1,6,75.0,2,11,1,36.36,100.0,72.73,100.0,18.18,100.0,100.0,0.29856,-1.0,2,2,2
140150,140151,UL_XP,neutral,anger,6,1,25.0,2,11,1,72.73,100.0,36.36,100.0,18.18,100.0,100.0,-1.0,0.2567,2,2,2
140241,140242,UL_XP,anger,neutral,1,6,75.0,2,11,1,36.36,100.0,72.73,100.0,18.18,100.0,100.0,0.29516,-1.0,2,2,2
140815,140816,UL_XP,neutral,anger,6,1,25.0,2,11,1,72.73,100.0,36.36,100.0,18.18,100.0,100.0,-1.0,0.35592,2,2,2
141043,141044,UL_XP,anger,neutral,1,6,75.0,2,11,1,36.36,100.0,72.73,100.0,18.18,100.0,100.0,0.36446,-1.0,2,2,2
141882,141883,UL_FR,anger,neutral,1,6,91.67,2,11,1,18.18,100.0,100.0,100.0,18.18,100.0,100.0,0.43863,0.45734,2,2,2
141961,141962,UR_FR,anger,neutral,1,6,100.0,2,11,1,18.18,100.0,100.0,100.0,18.18,100.0,100.0,0.38598,-1.0,2,2,2
143587,143588,DL_LU,neutral,happiness,6,3,8.33,0,11,1,100.0,100.0,0.0,0.0,,,,-1.0,-1.0,0,0,0
143668,143669,DL_LU,happiness,neutral,3,6,100.0,0,11,1,0.0,0.0,100.0,100.0,,,,-1.0,-1.0,0,0,0
144199,144200,DL_FR,neutral,surprise,6,5,8.33,1,11,1,100.0,100.0,9.09,100.0,9.09,100.0,100.0,-1.0,0.58029,1,1,1
145815,145816,UR_LU,neutral,sadness,6,4,16.67,0,11,1,90.91,100.0,9.09,100.0,,,,-1.0,-1.0,0,0,0
147159,147160,UR_LU,sadness,neutral,4,6,83.33,0,11,1,0.0,0.0,90.91,100.0,,,,-1.0,-1.0,0,0,0
149248,149249,UR_LU,neutral,sadness,6,4,16.67,1,11,1,90.91,100.0,18.18,100.0,9.09,100.0,100.0,-1.0,0.30735,1,1,1
149488,149489,UR_LU,sadness,neutral,4,6,83.33,1,11,1,18.18,100.0,90.91,100.0,9.09,100.0,100.0,0.37725,-1.0,1,1,1
149637,149638,UR_LU,neutral,sadness,6,4,16.67,1,11,1,90.91,100.0,18.18,100.0,9.09,100.0,100.0,-1.0,0.44769,1,1,1
149707,149708,UR_LU,sadness,neutral,4,6,83.33,0,11,1,9.09,100.0,90.91,100.0,,,,-1.0,-1.0,0,0,0
150342,150343,UR_LU,neutral,sadness,6,4,8.33,1,11,1,90.91,100.0,9.09,100.0,9.09,100.0,100.0,-1.0,0.39251,1,1,1
150522,150523,UR_LU,sadness,neutral,4,6,83.33,1,11,1,9.09,100.0,90.91,100.0,9.09,100.0,100.0,0.3878,-1.0,1,1,1
150610,150611,UR_LU,neutral,sadness,6,4,16.67,1,11,1,90.91,100.0,18.18,100.0,9.09,100.0,100.0,-1.0,0.52799,1,1,1
150714,150715,UR_LU,sadness,neutral,4,6,83.33,1,11,1,9.09,100.0,90.91,100.0,9.09,100.0,100.0,0.46091,-1.0,1,1,1
150954,150955,DL_FR,surprise,neutral,5,6,100.0,1,11,1,9.09,100.0,100.0,100.0,9.09,100.0,100.0,0.31744,-1.0,1,1,1
152477,152478,UR_LU,neutral,sadness,6,4,16.67,0,11,1,90.91,100.0,9.09,100.0,,,,-1.0,-1.0,0,0,0
152727,152728,UR_LU,sadness,neutral,4,6,91.67,1,11,1,9.09,100.0,90.91,100.0,9.09,100.0,100.0,0.53132,-1.0,1,1,1
153096,153097,UR_LU,neutral,sadness,6,4,16.67,0,11,1,90.91,100.0,9.09,100.0,,,,-1.0,-1.0,0,0,0
153399,153400,UR_LU,sadness,neutral,4,6,91.67,0,11,1,0.0,0.0,90.91,100.0,,,,-1.0,-1.0,0,0,0
154460,154461,UR_LU,neutral,sadness,6,4,16.67,0,11,1,90.91,100.0,9.09,100.0,,,,-1.0,-1.0,0,0,0
155978,155979,UR_LU,sadness,neutral,4,6,91.67,0,11,1,9.09,100.0,90.91,100.0,,,,-1.0,-1.0,0,0,0
156024,156025,UL_LU,sadness,neutral,4,6,100.0,1,11,1,9.09,100.0,100.0,100.0,9.09,100.0,100.0,0.12681,-1.0,1,1,1
156092,156093,UR_LU,neutral,sadness,6,4,8.33,1,11,1,100.0,100.0,9.09,100.0,9.09,100.0,100.0,-1.0,0.0177,1,1,1
156123,156124,UR_LU,sadness,neutral,4,6,100.0,0,11,1,0.0,0.0,100.0,100.0,,,,-1.0,-1.0,0,0,0
156734,156735,UR_LU,neutral,sadness,6,4,16.67,0,11,1,90.91,100.0,9.09,100.0,,,,-1.0,-1.0,0,0,0
156850,156851,UR_LU,sadness,neutral,4,6,91.67,1,11,1,9.09,100.0,90.91,100.0,9.09,100.0,100.0,0.39716,-1.0,1,1,1
158049,158050,DL_FR,neutral,surprise,6,5,8.33,1,11,1,90.91,100.0,9.09,100.0,9.09,100.0,100.0,-1.0,0.31744,1,1,1
159477,159478,DL_FR,surprise,neutral,5,6,100.0,1,11,1,9.09,100.0,100.0,100.0,9.09,100.0,100.0,0.31744,-1.0,1,1,1
161627,161628,DL_FR,neutral,anger,6,1,8.33,1,11,1,100.0,100.0,9.09,100.0,9.09,100.0,100.0,-1.0,0.43863,1,1,1
161995,161996,UR_LU,neutral,sadness,6,4,16.67,0,11,1,81.82,100.0,9.09,100.0,,,,-1.0,-1.0,0,0,0
162195,162196,UR_LU,sadness,neutral,4,6,83.33,0,11,1,0.0,0.0,81.82,100.0,,,,-1.0,-1.0,0,0,0
162737,162738,UL_LU,sadness,neutral,4,6,91.67,1,11,1,9.09,100.0,90.91,100.0,9.09,100.0,100.0,0.23545,-1.0,1,1,1
162789,162790,UL_LU,neutral,sadness,6,4,8.33,1,11,1,90.91,100.0,9.09,100.0,9.09,100.0,100.0,-1.0,0.19946,1,1,1
163154,163155,UL_LU,sadness,neutral,4,6,91.67,1,11,1,9.09,100.0,90.91,100.0,9.09,100.0,100.0,0.09549,-1.0,1,1,1
163992,163993,UR_XP,neutral,sadness,6,4,8.33,1,11,1,90.91,100.0,9.09,100.0,9.09,100.0,100.0,-1.0,0.18437,1,1,1
164093,164094,UR_XP,sadness,neutral,4,6,91.67,1,11,1,9.09,100.0,90.91,100.0,9.09,100.0,100.0,0.33653,-1.0,1,1,1
164376,164377,UL_LU,neutral,sadness,6,4,8.33,2,11,1,90.91,100.0,18.18,100.0,18.18,100.0,100.0,-1.0,0.19338,2,2,2
164807,164808,UR_LU,neutral,sadness,6,4,16.67,0,11,1,81.82,100.0,9.09,100.0,,,,-1.0,-1.0,0,0,0
164911,164912,UR_LU,sadness,neutral,4,6,83.33,0,11,1,9.09,100.0,81.82,100.0,,,,-1.0,-1.0,0,0,0
166894,166895,DL_FR,surprise,neutral,5,6,100.0,1,11,1,9.09,100.0,100.0,100.0,9.09,100.0,100.0,0.31744,-1.0,1,1,1
166933,166934,DL_FR,neutral,happiness,6,3,8.33,0,11,1,100.0,100.0,0.0,0.0,,,,-1.0,-1.0,0,0,0
167273,167274,DL_FR,happiness,neutral,3,6,100.0,0,11,1,0.0,0.0,100.0,100.0,,,,-1.0,-1.0,0,0,0
167818,167819,DL_FR,neutral,surprise,6,5,8.33,1,11,1,100.0,100.0,9.09,100.0,9.09,100.0,100.0,-1.0,0.31744,1,1,1
167888,167889,DL_FR,surprise,neutral,5,6,100.0,0,11,1,0.0,0.0,100.0,100.0,,,,-1.0,-1.0,0,0,0
167907,167908,DR_FR,neutral,sadness,6,4,8.33,0,11,1,100.0,100.0,0.0,0.0,,,,-1.0,-1.0,0,0,0
168045,168046,UR_FR,neutral,anger,6,1,8.33,2,11,1,90.91,100.0,18.18,100.0,18.18,100.0,100.0,-1.0,0.22865,2,2,2
168051,168052,UL_FR,neutral,anger,6,1,16.67,2,11,1,90.91,100.0,18.18,100.0,18.18,100.0,100.0,0.02526,0.43863,2,2,2
169353,169354,UL_XP,neutral,sadness,6,4,16.67,0,11,1,81.82,100.0,9.09,100.0,,,,-1.0,-1.0,0,0,0
169422,169423,UR_XP,neutral,anger,6,1,25.0,3,11,1,90.91,100.0,27.27,100.0,27.27,100.0,100.0,0.16461,0.43863,3,3,3_plus
169477,169478,UL_FR,anger,neutral,1,6,66.67,3,11,1,27.27,100.0,90.91,100.0,27.27,100.0,100.0,0.43863,0.08647,3,3,3_plus
169545,169546,UR_FR,anger,neutral,1,6,75.0,3,11,1,27.27,100.0,90.91,100.0,27.27,100.0,100.0,0.26255,0.1216,3,3,3_plus
169726,169727,UL_XP,sadness,neutral,4,6,83.33,0,11,1,9.09,100.0,90.91,100.0,,,,-1.0,-1.0,0,0,0
169764,169765,UL_FR,neutral,anger,6,1,16.67,3,11,1,90.91,100.0,27.27,100.0,27.27,100.0,100.0,0.19552,0.30721,3,3,3_plus
169842,169843,UR_FR,neutral,anger,6,1,25.0,3,11,1,90.91,100.0,27.27,100.0,27.27,100.0,100.0,0.16819,0.43863,3,3,3_plus
169874,169875,UR_XP,anger,neutral,1,6,75.0,3,11,1,27.27,100.0,90.91,100.0,27.27,100.0,100.0,0.43863,0.23848,3,3,3_plus
169957,169958,UR_XP,neutral,anger,6,1,25.0,3,11,1,90.91,100.0,27.27,100.0,27.27,100.0,100.0,0.36955,0.43863,3,3,3_plus
170029,170030,UL_XP,neutral,sadness,6,4,16.67,0,11,1,90.91,100.0,9.09,100.0,,,,-1.0,-1.0,0,0,0
170090,170091,UL_FR,anger,neutral,1,6,66.67,3,11,1,27.27,100.0,90.91,100.0,27.27,100.0,100.0,0.43863,0.25904,3,3,3_plus
170181,170182,UR_FR,anger,neutral,1,6,75.0,3,11,1,27.27,100.0,90.91,100.0,27.27,100.0,100.0,0.28321,0.37286,3,3,3_plus
170293,170294,UL_XP,sadness,neutral,4,6,83.33,0,11,1,9.09,100.0,90.91,100.0,,,,-1.0,-1.0,0,0,0
170300,170301,UL_FR,neutral,anger,6,1,16.67,3,11,1,90.91,100.0,27.27,100.0,27.27,100.0,100.0,0.28869,0.24863,3,3,3_plus
170328,170329,UR_FR,neutral,anger,6,1,25.0,3,11,1,90.91,100.0,27.27,100.0,27.27,100.0,100.0,0.16215,0.43863,3,3,3_plus
170422,170423,UR_XP,anger,neutral,1,6,75.0,2,11,1,27.27,100.0,81.82,100.0,18.18,100.0,100.0,0.43863,0.3445,2,2,2
171654,171655,UL_FR,anger,neutral,1,6,83.33,2,11,1,27.27,100.0,81.82,100.0,18.18,100.0,100.0,0.41707,-1.0,2,2,2
171710,171711,UL_FR,neutral,anger,6,1,16.67,2,11,1,81.82,100.0,27.27,100.0,18.18,100.0,100.0,-1.0,0.40075,2,2,2
172254,172255,UL_FR,anger,neutral,1,6,83.33,3,11,1,27.27,100.0,90.91,100.0,27.27,100.0,100.0,0.33757,0.26868,3,3,3_plus
172389,172390,UR_FR,anger,neutral,1,6,91.67,2,11,1,18.18,100.0,90.91,100.0,18.18,100.0,100.0,0.50038,-1.0,2,2,2
175202,175203,UR_FR,neutral,sadness,6,4,16.67,3,11,1,72.73,100.0,36.36,100.0,27.27,100.0,100.0,-1.0,0.41183,3,3,3_plus
176646,176647,UR_FR,sadness,neutral,4,6,75.0,2,11,1,27.27,100.0,72.73,100.0,18.18,100.0,100.0,0.42732,-1.0,2,2,2
180420,180421,UR_FR,neutral,sadness,6,4,16.67,2,11,1,72.73,100.0,27.27,100.0,18.18,100.0,100.0,-1.0,0.48625,2,2,2
181922,181923,UR_FR,sadness,neutral,4,6,75.0,4,11,1,45.45,100.0,72.73,100.0,36.36,100.0,100.0,0.20791,-1.0,4,3,3_plus
181938,181939,DL_FR,neutral,sadness,6,4,16.67,4,11,1,72.73,100.0,45.45,100.0,36.36,100.0,100.0,-1.0,0.16243,4,3,3_plus
182491,182492,UR_FR,neutral,surprise,6,5,8.33,0,11,1,63.64,100.0,0.0,0.0,,,,-1.0,-1.0,0,0,0
182719,182720,UR_XP,neutral,sadness,6,4,25.0,3,11,1,54.55,100.0,45.45,100.0,27.27,100.0,100.0,-1.0,0.45335,3,3,3_plus
182870,182871,UR_XP,sadness,neutral,4,6,58.33,3,11,1,45.45,100.0,54.55,100.0,27.27,100.0,100.0,0.39029,-1.0,3,3,3_plus
183136,183137,UR_XP,neutral,sadness,6,4,25.0,3,11,1,54.55,100.0,45.45,100.0,27.27,100.0,100.0,-1.0,0.43327,3,3,3_plus
184068,184069,UR_XP,sadness,neutral,4,6,58.33,3,11,1,45.45,100.0,54.55,100.0,27.27,100.0,100.0,0.52156,-1.0,3,3,3_plus
184262,184263,UR_FR,surprise,neutral,5,6,66.67,0,11,1,0.0,0.0,63.64,100.0,,,,-1.0,-1.0,0,0,0
184544,184545,UR_XP,neutral,sadness,6,4,25.0,3,11,1,63.64,100.0,45.45,100.0,27.27,100.0,100.0,-1.0,0.4182,3,3,3_plus
184556,184557,UR_FR,neutral,surprise,6,5,8.33,0,11,1,63.64,100.0,0.0,0.0,,,,-1.0,-1.0,0,0,0
184623,184624,UR_XP,sadness,neutral,4,6,58.33,3,11,1,45.45,100.0,63.64,100.0,27.27,100.0,100.0,0.47721,-1.0,3,3,3_plus
185366,185367,UR_FR,surprise,neutral,5,6,66.67,0,11,1,0.0,0.0,63.64,100.0,,,,-1.0,-1.0,0,0,0
186189,186190,UR_XP,neutral,sadness,6,4,25.0,2,11,1,63.64,100.0,36.36,100.0,18.18,100.0,100.0,-1.0,0.22362,2,2,2
186775,186776,UR_FR,neutral,surprise,6,5,8.33,0,11,1,63.64,100.0,0.0,0.0,,,,-1.0,-1.0,0,0,0
186824,186825,UR_XP,sadness,neutral,4,6,58.33,3,11,1,45.45,100.0,63.64,100.0,27.27,100.0,100.0,0.38898,-1.0,3,3,3_plus
186893,186894,UR_XP,neutral,sadness,6,4,25.0,3,11,1,63.64,100.0,45.45,100.0,27.27,100.0,100.0,-1.0,0.35684,3,3,3_plus
187304,187305,UR_XP,sadness,neutral,4,6,58.33,2,11,1,36.36,100.0,63.64,100.0,18.18,100.0,100.0,0.29417,-1.0,2,2,2
187620,187621,UR_XP,neutral,sadness,6,4,25.0,3,11,1,63.64,100.0,45.45,100.0,27.27,100.0,100.0,-1.0,0.37958,3,3,3_plus
187953,187954,UR_XP,sadness,neutral,4,6,58.33,3,11,1,45.45,100.0,54.55,100.0,27.27,100.0,100.0,0.41457,-1.0,3,3,3_plus
188080,188081,UR_XP,neutral,sadness,6,4,25.0,3,11,1,54.55,100.0,45.45,100.0,27.27,100.0,100.0,-1.0,0.43162,3,3,3_plus
188584,188585,UR_XP,sadness,neutral,4,6,58.33,3,11,1,45.45,100.0,54.55,100.0,27.27,100.0,100.0,0.42085,-1.0,3,3,3_plus
188621,188622,UR_LU,neutral,sadness,6,4,25.0,3,11,1,54.55,100.0,45.45,100.0,27.27,100.0,100.0,-1.0,0.48139,3,3,3_plus
188731,188732,UR_LU,sadness,neutral,4,6,58.33,2,11,1,36.36,100.0,54.55,100.0,18.18,100.0,100.0,0.48203,-1.0,2,2,2
188858,188859,UR_XP,neutral,sadness,6,4,25.0,2,11,1,63.64,100.0,36.36,100.0,18.18,100.0,100.0,-1.0,0.302,2,2,2
189654,189655,UR_XP,sadness,neutral,4,6,66.67,2,11,1,36.36,100.0,63.64,100.0,18.18,100.0,100.0,0.29346,-1.0,2,2,2
189869,189870,UR_XP,neutral,sadness,6,4,25.0,3,11,1,81.82,100.0,45.45,100.0,27.27,100.0,100.0,-1.0,0.46143,3,3,3_plus
190011,190012,UR_FR,surprise,neutral,5,6,66.67,0,11,1,0.0,0.0,81.82,100.0,,,,-1.0,-1.0,0,0,0
190537,190538,UR_XP,sadness,neutral,4,6,75.0,2,11,1,36.36,100.0,81.82,100.0,18.18,100.0,100.0,0.40341,-1.0,2,2,2
190679,190680,UR_FR,neutral,surprise,6,5,8.33,1,11,1,81.82,100.0,9.09,100.0,9.09,100.0,100.0,-1.0,0.55878,1,1,1
190717,190718,UR_LU,neutral,sadness,6,4,25.0,1,11,1,81.82,100.0,27.27,100.0,9.09,100.0,100.0,-1.0,0.01124,1,1,1
190718,190719,UL_LU,neutral,sadness,6,4,33.33,1,11,1,81.82,100.0,27.27,100.0,9.09,100.0,100.0,0.00019,-1.0,1,1,1
190748,190749,DR_XP,happiness,neutral,3,6,58.33,0,11,1,0.0,0.0,81.82,100.0,,,,-1.0,-1.0,0,0,0
190974,190975,DR_XP,neutral,happiness,6,3,8.33,0,11,1,63.64,100.0,0.0,0.0,,,,-1.0,-1.0,0,0,0
191504,191505,UR_FR,surprise,neutral,5,6,58.33,1,11,1,9.09,100.0,72.73,100.0,9.09,100.0,100.0,0.57646,-1.0,1,1,1
191679,191680,DR_FR,sadness,neutral,4,6,66.67,1,11,1,18.18,100.0,81.82,100.0,9.09,100.0,100.0,-1.0,0.15983,1,1,1
191761,191762,DL_FR,sadness,neutral,4,6,75.0,1,11,1,18.18,100.0,81.82,100.0,9.09,100.0,100.0,0.15319,-1.0,1,1,1
192225,192226,DL_FR,neutral,sadness,6,4,25.0,1,11,1,81.82,100.0,27.27,100.0,9.09,100.0,100.0,-1.0,0.37063,1,1,1
192498,192499,DL_FR,sadness,neutral,4,6,75.0,1,11,1,27.27,100.0,81.82,100.0,9.09,100.0,100.0,0.255,-1.0,1,1,1
192904,192905,DL_FR,neutral,sadness,6,4,25.0,1,11,1,81.82,100.0,27.27,100.0,9.09,100.0,100.0,-1.0,0.23408,1,1,1
193482,193483,DR_FR,neutral,sadness,6,4,25.0,1,11,1,81.82,100.0,18.18,100.0,9.09,100.0,100.0,0.38259,-1.0,1,1,1
193850,193851,DL_FR,sadness,neutral,4,6,66.67,1,11,1,9.09,100.0,81.82,100.0,9.09,100.0,100.0,-1.0,0.32957,1,1,1
194328,194329,DL_FR,neutral,surprise,6,5,8.33,2,11,1,63.64,100.0,18.18,50.0,18.18,100.0,50.0,-1.0,0.64278,2,2,2
196610,196611,UL_LU,sadness,neutral,4,6,66.67,3,11,1,27.27,100.0,81.82,100.0,27.27,100.0,100.0,0.58449,0.2605,3,3,3_plus
196703,196704,UR_LU,sadness,neutral,4,6,75.0,2,11,1,18.18,100.0,81.82,100.0,18.18,100.0,100.0,0.43692,0.06526,2,2,2
196743,196744,DR_FR,sadness,neutral,4,6,83.33,3,11,1,27.27,100.0,81.82,100.0,27.27,100.0,100.0,0.39468,-1.0,3,3,3_plus
196827,196828,DR_FR,neutral,surprise,6,5,16.67,1,11,1,81.82,100.0,18.18,100.0,9.09,100.0,100.0,-1.0,0.57646,1,1,1
198240,198241,UR_XP,neutral,sadness,6,4,8.33,1,11,1,81.82,100.0,9.09,100.0,9.09,100.0,100.0,-1.0,0.65492,1,1,1
198343,198344,UR_XP,sadness,neutral,4,6,75.0,1,11,1,9.09,100.0,81.82,100.0,9.09,100.0,100.0,0.72509,-1.0,1,1,1
198879,198880,UR_XP,neutral,sadness,6,4,8.33,1,11,1,81.82,100.0,9.09,100.0,9.09,100.0,100.0,-1.0,0.5813,1,1,1
199378,199379,UR_XP,sadness,neutral,4,6,75.0,1,11,1,9.09,100.0,72.73,100.0,9.09,100.0,100.0,0.7527,-1.0,1,1,1
199558,199559,UR_XP,neutral,sadness,6,4,8.33,1,11,1,72.73,100.0,9.09,100.0,9.09,100.0,100.0,-1.0,0.59866,1,1,1
199828,199829,UR_XP,sadness,neutral,4,6,75.0,2,11,1,18.18,100.0,81.82,100.0,18.18,100.0,100.0,0.56727,-1.0,2,2,2
200493,200494,DR_FR,surprise,neutral,5,6,83.33,1,11,1,18.18,100.0,81.82,100.0,9.09,100.0,100.0,0.57646,-1.0,1,1,1
200802,200803,DR_FR,neutral,surprise,6,5,16.67,1,11,1,81.82,100.0,18.18,100.0,9.09,100.0,100.0,-1.0,0.57646,1,1,1
201658,201659,UL_FR,neutral,anger,6,1,8.33,2,11,1,81.82,100.0,18.18,100.0,18.18,100.0,100.0,-1.0,0.35404,2,2,2
201661,201662,UR_FR,neutral,anger,6,1,16.67,2,11,1,81.82,100.0,18.18,100.0,18.18,100.0,100.0,0.00652,0.69462,2,2,2
201908,201909,UR_FR,anger,neutral,1,6,66.67,2,11,1,18.18,100.0,81.82,100.0,18.18,100.0,100.0,0.2703,0.2195,2,2,2
202008,202009,DR_FR,surprise,neutral,5,6,75.0,1,11,1,18.18,100.0,81.82,100.0,9.09,100.0,100.0,0.57646,-1.0,1,1,1
202117,202118,DL_FR,surprise,neutral,5,6,83.33,1,11,1,9.09,100.0,90.91,100.0,9.09,100.0,100.0,0.57646,-1.0,1,1,1
202513,202514,UR_FR,neutral,anger,6,1,16.67,2,11,1,90.91,100.0,18.18,100.0,18.18,100.0,100.0,0.04797,0.62639,2,2,2
202911,202912,UL_FR,anger,neutral,1,6,83.33,2,11,1,18.18,100.0,90.91,100.0,18.18,100.0,100.0,0.5232,0.14036,2,2,2
202954,202955,UR_FR,anger,neutral,1,6,91.67,2,11,1,18.18,100.0,90.91,100.0,18.18,100.0,100.0,0.33827,-1.0,2,2,2
206014,206015,DR_FR,neutral,sadness,6,4,8.33,0,11,1,90.91,100.0,0.0,0.0,,,,-1.0,-1.0,0,0,0
206023,206024,UR_FR,neutral,anger,6,1,8.33,0,11,1,90.91,100.0,0.0,0.0,,,,-1.0,-1.0,0,0,0
206145,206146,UR_FR,anger,neutral,1,6,83.33,0,11,1,0.0,0.0,90.91,100.0,,,,-1.0,-1.0,0,0,0
206210,206211,DR_FR,sadness,neutral,4,6,91.67,0,11,1,0.0,0.0,90.91,100.0,,,,-1.0,-1.0,0,0,0
206446,206447,DR_FR,neutral,sadness,6,4,8.33,0,11,1,90.91,100.0,0.0,0.0,,,,-1.0,-1.0,0,0,0
206882,206883,UL_LU,neutral,disgust,6,2,8.33,0,11,1,90.91,100.0,0.0,0.0,,,,-1.0,-1.0,0,0,0
206933,206934,UL_LU,disgust,neutral,2,6,83.33,0,11,1,0.0,0.0,81.82,100.0,,,,-1.0,-1.0,0,0,0
207680,207681,UR_FR,neutral,anger,6,1,8.33,0,11,1,90.91,100.0,0.0,0.0,,,,-1.0,-1.0,0,0,0
207970,207971,DR_FR,sadness,neutral,4,6,83.33,2,11,1,18.18,100.0,90.91,100.0,18.18,100.0,100.0,0.60864,-1.0,2,2,2
208021,208022,UR_FR,anger,neutral,1,6,91.67,1,11,1,9.09,100.0,90.91,100.0,9.09,100.0,100.0,0.18608,-1.0,1,1,1
208124,208125,DR_FR,neutral,sadness,6,4,8.33,1,11,1,90.91,100.0,9.09,100.0,9.09,100.0,100.0,-1.0,0.7216,1,1,1
208126,208127,UR_FR,neutral,anger,6,1,8.33,0,11,1,90.91,100.0,0.0,0.0,,,,-1.0,-1.0,0,0,0
208581,208582,DR_FR,sadness,neutral,4,6,83.33,1,11,1,9.09,100.0,90.91,100.0,9.09,100.0,100.0,0.73287,-1.0,1,1,1
208649,208650,UR_FR,anger,neutral,1,6,91.67,0,11,1,0.0,0.0,90.91,100.0,,,,-1.0,-1.0,0,0,0
208865,208866,DR_FR,neutral,sadness,6,4,8.33,1,11,1,90.91,100.0,9.09,100.0,9.09,100.0,100.0,-1.0,0.44855,1,1,1
209409,209410,UR_XP,neutral,anger,6,1,8.33,1,11,1,90.91,100.0,9.09,100.0,9.09,100.0,100.0,-1.0,0.09293,1,1,1
209544,209545,UR_XP,anger,neutral,1,6,83.33,0,11,1,0.0,0.0,90.91,100.0,,,,-1.0,-1.0,0,0,0
209631,209632,DL_FR,neutral,sadness,6,4,16.67,1,11,1,90.91,100.0,9.09,100.0,9.09,100.0,100.0,0.32199,-1.0,1,1,1
209853,209854,DR_FR,sadness,neutral,4,6,75.0,2,11,1,18.18,100.0,81.82,88.89,18.18,100.0,50.0,0.2957,0.46117,2,2,2
210707,210708,DL_FR,sadness,neutral,4,6,83.33,0,11,1,0.0,0.0,81.82,100.0,,,,-1.0,-1.0,0,0,0
211192,211193,DR_FR,neutral,surprise,6,5,8.33,0,11,1,72.73,100.0,0.0,0.0,,,,-1.0,-1.0,0,0,0
212040,212041,DL_FR,neutral,surprise,6,5,16.67,0,11,1,63.64,100.0,9.09,100.0,,,,-1.0,-1.0,0,0,0
212831,212832,UL_FR,neutral,anger,6,1,8.33,0,11,1,63.64,100.0,0.0,0.0,,,,-1.0,-1.0,0,0,0
213850,213851,DR_FR,surprise,neutral,5,6,58.33,0,11,1,18.18,100.0,54.55,100.0,,,,-1.0,-1.0,0,0,0
213995,213996,UL_XP,neutral,sadness,6,4,8.33,0,11,1,54.55,100.0,9.09,100.0,,,,-1.0,-1.0,0,0,0
214003,214004,UL_XP,sadness,neutral,4,6,58.33,0,11,1,9.09,100.0,54.55,100.0,,,,-1.0,-1.0,0,0,0
214172,214173,DR_FR,neutral,surprise,6,5,25.0,0,11,1,54.55,100.0,18.18,100.0,,,,-1.0,-1.0,0,0,0
218248,218249,UL_LU,neutral,sadness,6,4,16.67,1,11,1,45.45,100.0,18.18,100.0,9.09,100.0,100.0,-1.0,0.14585,1,1,1
218301,218302,UL_XP,neutral,sadness,6,4,25.0,0,11,1,36.36,100.0,18.18,100.0,,,,-1.0,-1.0,0,0,0
218436,218437,UR_XP,neutral,anger,6,1,16.67,0,11,1,36.36,100.0,9.09,100.0,,,,-1.0,-1.0,0,0,0
218458,218459,UL_XP,sadness,neutral,4,6,33.33,0,11,1,9.09,100.0,36.36,100.0,,,,-1.0,-1.0,0,0,0
218548,218549,UR_XP,anger,neutral,1,6,41.67,0,11,1,9.09,100.0,36.36,100.0,,,,-1.0,-1.0,0,0,0
219557,219558,DL_FR,surprise,neutral,5,6,58.33,0,11,1,9.09,100.0,54.55,100.0,,,,-1.0,-1.0,0,0,0
219951,219952,UR_FR,neutral,anger,6,1,16.67,1,11,1,54.55,100.0,18.18,100.0,9.09,100.0,100.0,-1.0,0.73379,1,1,1
220346,220347,UR_FR,anger,neutral,1,6,58.33,1,11,1,9.09,100.0,63.64,100.0,9.09,100.0,100.0,-1.0,0.03585,1,1,1
220349,220350,UR_LU,neutral,sadness,6,4,16.67,1,11,1,63.64,100.0,18.18,100.0,9.09,100.0,100.0,-1.0,0.74087,1,1,1
220813,220814,UL_FR,anger,neutral,1,6,58.33,0,11,1,0.0,0.0,63.64,100.0,,,,-1.0,-1.0,0,0,0
220890,220891,UR_LU,sadness,neutral,4,6,66.67,2,11,1,18.18,100.0,72.73,100.0,18.18,100.0,100.0,0.04559,0.16605,2,2,2
220915,220916,UL_LU,sadness,neutral,4,6,75.0,2,11,1,18.18,100.0,72.73,100.0,18.18,100.0,100.0,0.11347,-1.0,2,2,2
222112,222113,UL_LU,neutral,sadness,6,4,8.33,2,11,1,72.73,100.0,18.18,100.0,18.18,100.0,100.0,-1.0,0.49705,2,2,2
222117,222118,UL_LU,sadness,neutral,4,6,75.0,2,11,1,18.18,100.0,72.73,100.0,18.18,100.0,100.0,0.49868,-1.0,2,2,2
222608,222609,UR_FR,neutral,anger,6,1,8.33,0,11,1,72.73,100.0,0.0,0.0,,,,-1.0,-1.0,0,0,0
222675,222676,UR_FR,anger,neutral,1,6,75.0,0,11,1,0.0,0.0,72.73,100.0,,,,-1.0,-1.0,0,0,0
224560,224561,UR_XP,neutral,sadness,6,4,16.67,2,11,1,81.82,100.0,18.18,100.0,18.18,100.0,100.0,0.46028,0.77084,2,2,2
224740,224741,UR_XP,sadness,neutral,4,6,75.0,1,11,1,9.09,100.0,81.82,100.0,9.09,100.0,100.0,-1.0,0.46028,1,1,1
225331,225332,UL_LU,neutral,sadness,6,4,16.67,3,11,1,81.82,100.0,27.27,100.0,27.27,100.0,100.0,0.46028,0.364,3,3,3_plus
225424,225425,UL_LU,sadness,neutral,4,6,75.0,4,11,1,36.36,100.0,81.82,100.0,36.36,100.0,100.0,0.50345,0.46028,4,3,3_plus
226635,226636,UR_XP,neutral,sadness,6,4,16.67,2,11,1,81.82,100.0,18.18,100.0,18.18,100.0,100.0,0.46028,0.71174,2,2,2
226853,226854,UL_LU,neutral,sadness,6,4,25.0,4,11,1,81.82,100.0,36.36,100.0,36.36,100.0,100.0,0.38981,0.60512,4,3,3_plus
226950,226951,UR_LU,neutral,sadness,6,4,33.33,2,11,1,72.73,100.0,27.27,100.0,18.18,100.0,100.0,0.27288,-1.0,2,2,2
226969,226970,UR_XP,sadness,neutral,4,6,58.33,2,11,1,27.27,100.0,72.73,100.0,18.18,100.0,100.0,-1.0,0.29722,2,2,2
227620,227621,UR_LU,sadness,neutral,4,6,66.67,2,11,1,18.18,100.0,81.82,100.0,18.18,100.0,100.0,-1.0,0.3001,2,2,2
227638,227639,UL_LU,sadness,neutral,4,6,75.0,2,11,1,18.18,100.0,81.82,100.0,18.18,100.0,100.0,0.10276,0.46028,2,2,2
227730,227731,DL_FR,neutral,sadness,6,4,16.67,3,11,1,81.82,100.0,27.27,100.0,27.27,100.0,100.0,0.46028,0.5915,3,3,3_plus
228106,228107,DL_LU,neutral,sadness,6,4,25.0,2,11,1,81.82,100.0,18.18,100.0,18.18,100.0,100.0,0.52053,-1.0,2,2,2
228169,228170,DL_LU,sadness,neutral,4,6,66.67,1,11,1,18.18,100.0,72.73,100.0,9.09,100.0,100.0,-1.0,0.46028,1,1,1
228826,228827,UR_FR,neutral,anger,6,1,8.33,2,11,1,72.73,100.0,18.18,100.0,18.18,100.0,100.0,-1.0,0.54948,2,2,2
228956,228957,UL_FR,neutral,anger,6,1,16.67,0,11,1,63.64,100.0,9.09,100.0,,,,-1.0,-1.0,0,0,0
229043,229044,DL_LU,neutral,sadness,6,4,25.0,3,11,1,63.64,100.0,36.36,100.0,27.27,100.0,100.0,0.22387,0.47723,3,3,3_plus
229091,229092,DL_FR,sadness,neutral,4,6,58.33,2,10,2,30.0,100.0,60.0,100.0,20.0,100.0,100.0,0.39371,-1.0,2,2,2
229091,229092,DL_LU,sadness,neutral,4,6,58.33,2,10,2,30.0,100.0,60.0,100.0,20.0,100.0,100.0,0.39371,-1.0,2,2,2
229165,229166,UL_LU,neutral,sadness,6,4,16.67,3,11,1,81.82,100.0,36.36,100.0,27.27,100.0,100.0,-1.0,0.26169,3,3,3_plus
229215,229216,UL_FR,anger,neutral,1,6,75.0,2,11,1,27.27,100.0,90.91,100.0,18.18,100.0,100.0,0.31681,-1.0,2,2,2
229302,229303,DR_FR,sadness,neutral,4,6,83.33,3,11,1,27.27,100.0,90.91,100.0,27.27,100.0,100.0,0.32087,0.0105,3,3,3_plus
229304,229305,UL_LU,sadness,neutral,4,6,91.67,3,11,1,27.27,100.0,90.91,100.0,27.27,100.0,100.0,0.21627,-1.0,3,3,3_plus
229616,229617,DL_LU,neutral,sadness,6,4,8.33,3,11,1,100.0,100.0,27.27,100.0,27.27,100.0,100.0,-1.0,0.47431,3,3,3_plus
229634,229635,UR_FR,anger,neutral,1,6,91.67,0,11,1,0.0,0.0,100.0,100.0,,,,-1.0,-1.0,0,0,0
229910,229911,DL_LU,sadness,neutral,4,6,100.0,5,11,1,45.45,100.0,100.0,100.0,45.45,100.0,100.0,0.3203,-1.0,5,3,3_plus
229951,229952,UL_FR,neutral,surprise,6,5,8.33,0,11,1,100.0,100.0,0.0,0.0,,,,-1.0,-1.0,0,0,0
229959,229960,DR_LU,neutral,sadness,6,4,8.33,4,11,1,100.0,100.0,36.36,100.0,36.36,100.0,100.0,-1.0,0.14025,4,3,3_plus
229963,229964,UR_LU,neutral,sadness,6,4,16.67,4,11,1,100.0,100.0,36.36,100.0,36.36,100.0,100.0,0.02508,0.17942,4,3,3_plus
230018,230019,UR_LU,sadness,neutral,4,6,83.33,4,11,1,36.36,100.0,100.0,100.0,36.36,100.0,100.0,0.14177,0.24014,4,3,3_plus
230131,230132,UL_FR,surprise,neutral,5,6,91.67,0,11,1,0.0,0.0,100.0,100.0,,,,-1.0,-1.0,0,0,0
231792,231793,DR_FR,neutral,anger,6,1,8.33,0,11,1,100.0,100.0,0.0,0.0,,,,-1.0,-1.0,0,0,0
233980,233981,DL_FR,neutral,disgust,6,2,8.33,0,11,1,90.91,100.0,0.0,0.0,,,,-1.0,-1.0,0,0,0
234361,234362,UR_FR,neutral,anger,6,1,16.67,1,11,1,90.91,100.0,18.18,100.0,9.09,100.0,100.0,-1.0,0.71193,1,1,1
235195,235196,DL_FR,disgust,neutral,2,6,75.0,0,11,1,0.0,0.0,90.91,100.0,,,,-1.0,-1.0,0,0,0
235245,235246,UL_XP,neutral,sadness,6,4,16.67,4,11,1,90.91,100.0,36.36,75.0,36.36,100.0,75.0,0.46598,0.22123,4,3,3_plus
235337,235338,UL_XP,sadness,neutral,4,6,75.0,4,11,1,36.36,75.0,90.91,100.0,36.36,75.0,100.0,0.20016,0.46598,4,3,3_plus
236618,236619,UR_FR,anger,neutral,1,6,83.33,1,11,1,18.18,100.0,90.91,100.0,9.09,100.0,100.0,0.27304,-1.0,1,1,1
236898,236899,UR_XP,neutral,sadness,6,4,16.67,3,11,1,90.91,100.0,27.27,100.0,27.27,100.0,100.0,0.46598,0.16817,3,3,3_plus
236967,236968,UR_XP,sadness,neutral,4,6,83.33,6,11,1,54.55,100.0,90.91,100.0,54.55,100.0,100.0,0.31713,0.46598,6,3,3_plus
236996,236997,UL_LU,neutral,sadness,6,4,16.67,6,11,1,90.91,100.0,54.55,100.0,54.55,100.0,100.0,0.46598,0.21205,6,3,3_plus
237043,237044,UR_LU,neutral,sadness,6,4,25.0,6,11,1,90.91,100.0,54.55,100.0,54.55,100.0,100.0,0.30745,0.19923,6,3,3_plus
237073,237074,UL_LU,sadness,neutral,4,6,75.0,6,11,1,54.55,100.0,90.91,100.0,54.55,100.0,100.0,0.19692,0.29166,6,3,3_plus
237173,237174,UR_LU,sadness,neutral,4,6,83.33,5,11,1,45.45,100.0,90.91,100.0,45.45,100.0,100.0,0.27977,0.46598,5,3,3_plus
237182,237183,UR_LU,neutral,sadness,6,4,16.67,5,11,1,90.91,100.0,45.45,100.0,45.45,100.0,100.0,0.46598,0.29485,5,3,3_plus
237966,237967,DL_FR,neutral,sadness,6,4,25.0,5,11,1,90.91,100.0,45.45,100.0,45.45,100.0,100.0,0.33808,0.20807,5,3,3_plus
238323,238324,UR_LU,sadness,neutral,4,6,75.0,4,11,1,45.45,100.0,81.82,100.0,36.36,100.0,100.0,0.24907,0.46598,4,3,3_plus
238740,238741,UR_LU,neutral,sadness,6,4,25.0,4,11,1,81.82,100.0,45.45,100.0,36.36,100.0,100.0,0.46598,0.28547,4,3,3_plus
238768,238769,UR_LU,sadness,neutral,4,6,75.0,4,11,1,45.45,100.0,81.82,100.0,36.36,100.0,100.0,0.27308,0.46598,4,3,3_plus
240142,240143,DL_FR,anger,neutral,1,6,83.33,1,11,1,18.18,100.0,90.91,100.0,9.09,100.0,100.0,0.36826,-1.0,1,1,1
240914,240915,UR_FR,neutral,anger,6,1,16.67,1,11,1,90.91,100.0,18.18,100.0,9.09,100.0,100.0,-1.0,0.59456,1,1,1
241269,241270,UL_FR,neutral,anger,6,1,25.0,2,11,1,90.91,100.0,27.27,100.0,18.18,100.0,100.0,0.30278,0.46162,2,2,2
241587,241588,UR_FR,anger,neutral,1,6,75.0,2,11,1,27.27,66.67,90.91,100.0,18.18,50.0,100.0,0.64527,0.02944,2,2,2
241625,241626,UL_FR,anger,neutral,1,6,83.33,2,11,1,27.27,66.67,90.91,100.0,18.18,50.0,100.0,0.34998,-1.0,2,2,2
241829,241830,UL_FR,neutral,anger,6,1,16.67,2,11,1,90.91,100.0,27.27,100.0,18.18,100.0,100.0,-1.0,0.42642,2,2,2
242500,242501,UL_FR,anger,neutral,1,6,83.33,1,11,1,18.18,100.0,90.91,100.0,9.09,100.0,100.0,0.50561,-1.0,1,1,1
244309,244310,UR_LU,neutral,surprise,6,5,8.33,0,11,1,90.91,100.0,0.0,0.0,,,,-1.0,-1.0,0,0,0
244350,244351,UL_LU,neutral,surprise,6,5,16.67,1,11,1,90.91,100.0,9.09,100.0,9.09,100.0,100.0,0.49107,-1.0,1,1,1
244597,244598,UL_FR,neutral,surprise,6,5,16.67,2,11,1,72.73,100.0,36.36,100.0,18.18,100.0,100.0,-1.0,0.44488,2,2,2
244640,244641,UL_LU,surprise,neutral,5,6,66.67,3,11,1,36.36,100.0,81.82,100.0,27.27,100.0,100.0,0.41259,0.06365,3,3,3_plus
244782,244783,UR_LU,surprise,neutral,5,6,75.0,2,11,1,18.18,50.0,90.91,100.0,18.18,50.0,100.0,0.10839,0.09492,2,2,2
244858,244859,UL_FR,anger,neutral,1,6,83.33,0,11,1,9.09,100.0,90.91,100.0,,,,-1.0,-1.0,0,0,0
245068,245069,UR_XP,neutral,happiness,6,3,8.33,0,11,1,90.91,100.0,0.0,0.0,,,,-1.0,-1.0,0,0,0
245084,245085,UR_LU,neutral,disgust,6,2,8.33,0,11,1,90.91,100.0,0.0,0.0,,,,-1.0,-1.0,0,0,0
245164,245165,UR_XP,happiness,neutral,3,6,75.0,2,11,1,18.18,100.0,90.91,100.0,18.18,100.0,100.0,0.3952,-1.0,2,2,2
245289,245290,UL_XP,neutral,happiness,6,3,8.33,2,11,1,90.91,100.0,18.18,100.0,18.18,100.0,100.0,-1.0,0.34998,2,2,2
245318,245319,UR_LU,disgust,neutral,2,6,75.0,0,11,1,0.0,0.0,90.91,100.0,,,,-1.0,-1.0,0,0,0
245338,245339,UR_LU,neutral,disgust,6,2,8.33,0,11,1,90.91,100.0,0.0,0.0,,,,-1.0,-1.0,0,0,0
245357,245358,UR_LU,disgust,neutral,2,6,75.0,0,11,1,0.0,0.0,90.91,100.0,,,,-1.0,-1.0,0,0,0
245404,245405,UR_XP,neutral,happiness,6,3,16.67,2,11,1,90.91,100.0,18.18,100.0,18.18,100.0,100.0,0.04426,0.40869,2,2,2
245420,245421,UL_XP,happiness,neutral,3,6,75.0,2,11,1,18.18,100.0,90.91,100.0,18.18,100.0,100.0,0.37669,0.06787,2,2,2
245489,245490,UR_LU,neutral,disgust,6,2,8.33,0,11,1,90.91,100.0,0.0,0.0,,,,-1.0,-1.0,0,0,0
245655,245656,UR_LU,disgust,neutral,2,6,75.0,0,11,1,0.0,0.0,90.91,100.0,,,,-1.0,-1.0,0,0,0
245689,245690,UR_LU,neutral,disgust,6,2,8.33,0,11,1,90.91,100.0,0.0,0.0,,,,-1.0,-1.0,0,0,0
245708,245709,UR_LU,disgust,neutral,2,6,75.0,0,11,1,0.0,0.0,90.91,100.0,,,,-1.0,-1.0,0,0,0
245792,245793,UR_LU,neutral,disgust,6,2,8.33,0,11,1,90.91,100.0,0.0,0.0,,,,-1.0,-1.0,0,0,0
245892,245893,UR_LU,disgust,neutral,2,6,75.0,0,11,1,0.0,0.0,90.91,100.0,,,,-1.0,-1.0,0,0,0
246052,246053,UR_XP,happiness,neutral,3,6,83.33,2,11,1,18.18,50.0,90.91,100.0,18.18,50.0,100.0,0.42353,-1.0,2,2,2
247217,247218,UL_FR,neutral,surprise,6,5,8.33,0,11,1,90.91,100.0,0.0,0.0,,,,-1.0,-1.0,0,0,0
247635,247636,UR_FR,neutral,anger,6,1,16.67,0,11,1,90.91,100.0,9.09,100.0,,,,-1.0,-1.0,0,0,0
247641,247642,UL_FR,surprise,neutral,5,6,75.0,0,11,1,0.0,0.0,90.91,100.0,,,,-1.0,-1.0,0,0,0
247808,247809,UR_FR,anger,neutral,1,6,83.33,1,11,1,18.18,100.0,90.91,100.0,9.09,100.0,100.0,0.06994,-1.0,1,1,1
248139,248140,UR_FR,neutral,anger,6,1,16.67,0,11,1,90.91,100.0,9.09,100.0,,,,-1.0,-1.0,0,0,0
248180,248181,DL_LU,neutral,disgust,6,2,8.33,1,11,1,90.91,100.0,9.09,100.0,9.09,100.0,100.0,-1.0,0.38249,1,1,1
248426,248427,DR_LU,sadness,neutral,4,6,75.0,1,11,1,9.09,100.0,72.73,100.0,9.09,100.0,100.0,0.31904,-1.0,1,1,1
249160,249161,DR_FR,anger,neutral,1,6,83.33,1,11,1,18.18,100.0,81.82,100.0,9.09,100.0,100.0,0.16429,-1.0,1,1,1
251110,251111,UR_LU,neutral,anger,6,1,16.67,0,11,1,81.82,100.0,9.09,100.0,,,,-1.0,-1.0,0,0,0
251190,251191,UR_LU,anger,neutral,1,6,83.33,0,11,1,9.09,100.0,81.82,100.0,,,,-1.0,-1.0,0,0,0
252655,252656,UR_FR,anger,neutral,1,6,91.67,1,11,1,9.09,100.0,90.91,100.0,9.09,100.0,100.0,0.75271,-1.0,1,1,1
252892,252893,UL_LU,neutral,sadness,6,4,8.33,2,11,1,90.91,100.0,18.18,100.0,18.18,100.0,100.0,-1.0,0.22646,2,2,2
253059,253060,UL_LU,sadness,neutral,4,6,91.67,3,11,1,27.27,100.0,90.91,100.0,27.27,100.0,100.0,0.29972,-1.0,3,3,3_plus
255447,255448,UR_XP,neutral,anger,6,1,8.33,0,11,1,90.91,100.0,0.0,0.0,,,,-1.0,-1.0,0,0,0
255576,255577,UR_XP,anger,neutral,1,6,91.67,0,11,1,0.0,0.0,90.91,100.0,,,,-1.0,-1.0,0,0,0
256049,256050,UL_LU,neutral,sadness,6,4,8.33,4,11,1,90.91,100.0,36.36,100.0,36.36,100.0,100.0,-1.0,0.38671,4,3,3_plus
256164,256165,UL_LU,sadness,neutral,4,6,91.67,4,11,1,36.36,100.0,90.91,100.0,36.36,100.0,100.0,0.34546,-1.0,4,3,3_plus
260513,260514,UL_LU,neutral,sadness,6,4,8.33,4,11,1,90.91,100.0,36.36,100.0,36.36,100.0,100.0,-1.0,0.34414,4,3,3_plus
260634,260635,UL_LU,sadness,neutral,4,6,91.67,4,11,1,36.36,100.0,90.91,100.0,36.36,100.0,100.0,0.2996,-1.0,4,3,3_plus
261001,261002,UR_XP,neutral,anger,6,1,8.33,0,11,1,90.91,100.0,0.0,0.0,,,,-1.0,-1.0,0,0,0
261098,261099,UL_XP,neutral,happiness,6,3,8.33,0,11,1,81.82,100.0,9.09,100.0,,,,-1.0,-1.0,0,0,0
261162,261163,UR_FR,neutral,anger,6,1,16.67,0,11,1,81.82,100.0,9.09,100.0,,,,-1.0,-1.0,0,0,0
261240,261241,UL_XP,happiness,neutral,3,6,75.0,0,11,1,9.09,100.0,81.82,100.0,,,,-1.0,-1.0,0,0,0
261352,261353,UL_FR,neutral,anger,6,1,25.0,0,11,1,72.73,100.0,18.18,100.0,,,,-1.0,-1.0,0,0,0
261617,261618,UR_XP,anger,neutral,1,6,75.0,3,11,1,45.45,100.0,72.73,100.0,27.27,100.0,100.0,0.31798,-1.0,3,3,3_plus
261653,261654,DL_FR,neutral,anger,6,1,25.0,2,11,1,72.73,100.0,36.36,100.0,18.18,100.0,100.0,-1.0,0.08844,2,2,2
261856,261857,UL_LU,neutral,anger,6,1,33.33,2,11,1,72.73,100.0,36.36,100.0,18.18,100.0,100.0,0.41406,0.25858,2,2,2
261882,261883,UL_LU,anger,neutral,1,6,66.67,2,11,1,36.36,100.0,72.73,100.0,18.18,100.0,100.0,0.27062,0.43463,2,2,2
262632,262633,UL_LU,neutral,anger,6,1,33.33,4,11,1,72.73,100.0,54.55,100.0,36.36,100.0,100.0,0.25092,0.44796,4,3,3_plus
262686,262687,UL_LU,anger,neutral,1,6,66.67,3,11,1,45.45,100.0,72.73,100.0,27.27,100.0,100.0,0.37176,0.28365,3,3,3_plus
262817,262818,UR_LU,neutral,anger,6,1,33.33,3,11,1,72.73,100.0,45.45,100.0,27.27,100.0,100.0,0.01843,0.38008,3,3,3_plus
262825,262826,DL_FR,anger,neutral,1,6,66.67,3,11,1,45.45,100.0,72.73,100.0,27.27,100.0,100.0,0.38178,0.07291,3,3,3_plus
262849,262850,UR_LU,anger,neutral,1,6,75.0,3,11,1,45.45,100.0,72.73,100.0,27.27,100.0,100.0,0.2735,-1.0,3,3,3_plus
262928,262929,DL_FR,neutral,anger,6,1,25.0,3,11,1,72.73,100.0,45.45,100.0,27.27,100.0,100.0,-1.0,0.35122,3,3,3_plus
263189,263190,DL_FR,anger,neutral,1,6,75.0,3,11,1,45.45,100.0,72.73,100.0,27.27,100.0,100.0,0.29143,-1.0,3,3,3_plus
263604,263605,UR_XP,neutral,anger,6,1,25.0,1,11,1,72.73,100.0,27.27,100.0,9.09,100.0,100.0,-1.0,0.40266,1,1,1
263839,263840,DL_FR,neutral,surprise,6,5,8.33,0,11,1,72.73,100.0,0.0,0.0,,,,-1.0,-1.0,0,0,0
263911,263912,UR_FR,anger,neutral,1,6,66.67,0,11,1,18.18,100.0,72.73,100.0,,,,-1.0,-1.0,0,0,0
264179,264180,UR_FR,neutral,anger,6,1,25.0,1,11,1,81.82,100.0,18.18,100.0,9.09,100.0,100.0,0.26969,-1.0,1,1,1
264369,264370,DR_FR,neutral,surprise,6,5,16.67,0,11,1,72.73,87.5,9.09,100.0,,,,-1.0,-1.0,0,0,0
264375,264376,UR_FR,anger,neutral,1,6,58.33,0,11,1,18.18,50.0,63.64,100.0,,,,-1.0,-1.0,0,0,0
264653,264654,UR_FR,neutral,anger,6,1,8.33,1,11,1,54.55,100.0,9.09,100.0,9.09,100.0,100.0,-1.0,0.07775,1,1,1
264677,264678,UL_XP,neutral,anger,6,1,16.67,1,11,1,54.55,100.0,9.09,100.0,9.09,100.0,100.0,0.02874,-1.0,1,1,1
264767,264768,UR_FR,anger,neutral,1,6,50.0,1,11,1,9.09,100.0,54.55,100.0,9.09,100.0,100.0,-1.0,0.38548,1,1,1
265044,265045,UR_FR,neutral,happiness,6,3,16.67,0,11,1,63.64,100.0,18.18,100.0,,,,-1.0,-1.0,0,0,0
265063,265064,UL_XP,anger,neutral,1,6,50.0,0,11,1,9.09,100.0,63.64,100.0,,,,-1.0,-1.0,0,0,0
265249,265250,UR_LU,neutral,disgust,6,2,25.0,0,11,1,45.45,100.0,27.27,100.0,,,,-1.0,-1.0,0,0,0
265282,265283,UL_LU,neutral,happiness,6,3,16.67,1,11,1,45.45,100.0,27.27,66.67,9.09,100.0,0.0,0.05361,0.13694,1,1,1
265455,265456,DR_XP,neutral,surprise,6,5,25.0,0,11,1,36.36,100.0,18.18,100.0,,,,-1.0,-1.0,0,0,0
265484,265485,UL_XP,neutral,anger,6,1,16.67,0,11,1,36.36,100.0,9.09,100.0,,,,-1.0,-1.0,0,0,0
265764,265765,DL_FR,surprise,neutral,5,6,25.0,1,11,1,18.18,100.0,45.45,100.0,9.09,100.0,100.0,-1.0,0.06963,1,1,1
266048,266049,DR_FR,surprise,neutral,5,6,33.33,1,11,1,9.09,100.0,54.55,100.0,9.09,100.0,100.0,-1.0,0.06963,1,1,1
266126,266127,UL_XP,anger,neutral,1,6,41.67,0,11,1,0.0,0.0,72.73,100.0,,,,-1.0,-1.0,0,0,0
266244,266245,DR_XP,surprise,neutral,5,6,50.0,0,11,1,0.0,0.0,63.64,100.0,,,,-1.0,-1.0,0,0,0
266288,266289,UR_FR,disgust,neutral,2,6,58.33,1,11,1,18.18,100.0,63.64,100.0,9.09,100.0,100.0,-1.0,0.16594,1,1,1
266359,266360,UL_XP,neutral,anger,6,1,16.67,1,11,1,54.55,100.0,27.27,100.0,9.09,100.0,100.0,-1.0,0.09146,1,1,1
266405,266406,UR_FR,neutral,anger,6,1,25.0,2,11,1,54.55,100.0,36.36,100.0,18.18,100.0,100.0,0.23191,0.04346,2,2,2
266460,266461,UL_XP,anger,neutral,1,6,50.0,3,11,1,45.45,80.0,63.64,100.0,27.27,66.67,100.0,0.23733,0.2675,3,3,3_plus
266518,266519,UR_XP,happiness,neutral,3,6,58.33,2,11,1,36.36,50.0,63.64,100.0,18.18,0.0,100.0,0.28162,0.27069,2,2,2
266540,266541,DL_LU,disgust,neutral,2,6,66.67,1,11,1,9.09,100.0,63.64,100.0,9.09,100.0,100.0,0.04674,-1.0,1,1,1
266667,266668,DL_FR,neutral,anger,6,1,33.33,0,11,1,72.73,100.0,27.27,100.0,,,,-1.0,-1.0,0,0,0
266690,266691,UL_XP,neutral,disgust,6,2,8.33,0,11,1,81.82,100.0,0.0,0.0,,,,-1.0,-1.0,0,0,0
266701,266702,DR_LU,neutral,sadness,6,4,8.33,1,11,1,81.82,100.0,9.09,100.0,9.09,100.0,100.0,-1.0,0.54464,1,1,1
266703,266704,UL_XP,disgust,neutral,2,6,50.0,0,11,1,0.0,0.0,81.82,100.0,,,,-1.0,-1.0,0,0,0
266713,266714,UL_LU,anger,neutral,1,6,58.33,1,11,1,27.27,100.0,81.82,100.0,9.09,100.0,100.0,-1.0,0.16924,1,1,1
266729,266730,UL_XP,neutral,disgust,6,2,8.33,0,11,1,72.73,100.0,0.0,0.0,,,,-1.0,-1.0,0,0,0
266744,266745,UL_XP,disgust,neutral,2,6,58.33,1,11,1,9.09,100.0,72.73,100.0,9.09,100.0,100.0,0.70863,-1.0,1,1,1
266870,266871,DR_LU,surprise,neutral,5,6,66.67,2,11,1,18.18,100.0,72.73,100.0,18.18,100.0,100.0,0.30508,-1.0,2,2,2
267128,267129,UR_LU,anger,neutral,1,6,75.0,2,11,1,45.45,100.0,72.73,100.0,18.18,100.0,100.0,0.37679,-1.0,2,2,2
267474,267475,UL_XP,neutral,happiness,6,3,8.33,0,11,1,90.91,100.0,0.0,0.0,,,,-1.0,-1.0,0,0,0
267532,267533,UL_XP,happiness,neutral,3,6,66.67,0,11,1,0.0,0.0,90.91,100.0,,,,-1.0,-1.0,0,0,0
267546,267547,DL_FR,sadness,neutral,4,6,75.0,4,11,1,36.36,100.0,100.0,100.0,36.36,100.0,100.0,0.38811,0.07478,4,3,3_plus
267580,267581,UL_LU,sadness,neutral,4,6,83.33,4,11,1,36.36,100.0,100.0,100.0,36.36,100.0,100.0,0.3223,-1.0,4,3,3_plus
267587,267588,UR_FR,anger,neutral,1,6,91.67,2,11,1,18.18,100.0,100.0,100.0,18.18,100.0,100.0,0.3802,0.34104,2,2,2
267875,267876,DR_FR,neutral,sadness,6,4,8.33,5,11,1,90.91,100.0,45.45,100.0,45.45,100.0,100.0,-1.0,0.48629,5,3,3_plus
267989,267990,DL_FR,neutral,sadness,6,4,16.67,3,11,1,90.91,90.0,27.27,100.0,27.27,66.67,100.0,0.41824,0.51405,3,3,3_plus
268129,268130,DL_FR,surprise,neutral,5,6,83.33,1,11,1,18.18,100.0,90.91,100.0,9.09,100.0,100.0,0.19363,-1.0,1,1,1
269106,269107,UL_FR,surprise,neutral,5,6,91.67,2,11,1,18.18,100.0,100.0,100.0,18.18,100.0,100.0,0.37297,-1.0,2,2,2
269436,269437,UR_XP,neutral,anger,6,1,8.33,0,11,1,100.0,100.0,0.0,0.0,,,,-1.0,-1.0,0,0,0
269848,269849,UR_LU,neutral,sadness,6,4,25.0,3,11,1,90.91,100.0,36.36,100.0,27.27,100.0,100.0,0.40661,0.51405,3,3,3_plus
270248,270249,UL_XP,neutral,happiness,6,3,8.33,0,11,1,81.82,100.0,0.0,0.0,,,,-1.0,-1.0,0,0,0
270267,270268,UR_XP,anger,neutral,1,6,66.67,1,11,1,9.09,100.0,81.82,100.0,9.09,100.0,100.0,0.15871,-1.0,1,1,1
270490,270491,UR_FR,neutral,anger,6,1,8.33,2,11,1,81.82,100.0,18.18,100.0,18.18,100.0,100.0,-1.0,0.36133,2,2,2
270507,270508,UL_FR,neutral,anger,6,1,16.67,2,11,1,81.82,100.0,18.18,100.0,18.18,100.0,100.0,0.03865,0.67029,2,2,2
270970,270971,DL_FR,neutral,surprise,6,5,8.33,1,11,1,90.91,100.0,9.09,100.0,9.09,100.0,100.0,-1.0,0.19363,1,1,1
270983,270984,UR_FR,anger,neutral,1,6,66.67,1,11,1,9.09,100.0,90.91,100.0,9.09,100.0,100.0,-1.0,0.46389,1,1,1
271120,271121,UR_FR,neutral,anger,6,1,16.67,1,11,1,90.91,100.0,9.09,100.0,9.09,100.0,100.0,0.45059,-1.0,1,1,1
271214,271215,DL_FR,surprise,neutral,5,6,58.33,1,11,1,9.09,100.0,81.82,100.0,9.09,100.0,100.0,0.19363,-1.0,1,1,1
271266,271267,DR_FR,sadness,neutral,4,6,75.0,2,11,1,18.18,100.0,81.82,100.0,18.18,100.0,100.0,0.51405,-1.0,2,2,2
271329,271330,DR_FR,neutral,disgust,6,2,8.33,1,11,1,81.82,100.0,9.09,100.0,9.09,100.0,100.0,-1.0,0.04285,1,1,1
272293,272294,UR_XP,neutral,anger,6,1,25.0,2,11,1,90.91,100.0,18.18,100.0,18.18,100.0,100.0,0.19661,-1.0,2,2,2
272488,272489,UL_FR,anger,neutral,1,6,66.67,2,11,1,18.18,100.0,100.0,100.0,18.18,100.0,100.0,-1.0,0.2779,2,2,2
272537,272538,UR_FR,anger,neutral,1,6,75.0,2,11,1,18.18,100.0,100.0,90.91,18.18,100.0,50.0,0.08404,0.46922,2,2,2
272542,272543,UL_XP,happiness,neutral,3,6,83.33,0,11,1,0.0,0.0,100.0,90.91,,,,-1.0,-1.0,0,0,0
272825,272826,UR_XP,anger,neutral,1,6,91.67,1,11,1,9.09,100.0,100.0,100.0,9.09,100.0,100.0,0.40843,-1.0,1,1,1
272977,272978,UR_FR,neutral,anger,6,1,8.33,1,11,1,100.0,100.0,9.09,100.0,9.09,100.0,100.0,-1.0,0.47477,1,1,1
273621,273622,UR_XP,neutral,anger,6,1,16.67,1,11,1,90.91,100.0,18.18,100.0,9.09,100.0,100.0,-1.0,0.09339,1,1,1
273829,273830,UR_XP,anger,neutral,1,6,83.33,1,11,1,18.18,100.0,90.91,100.0,9.09,100.0,100.0,0.02768,-1.0,1,1,1
273998,273999,UR_XP,neutral,anger,6,1,16.67,1,11,1,90.91,100.0,18.18,100.0,9.09,100.0,100.0,-1.0,0.10349,1,1,1
274302,274303,UL_FR,neutral,anger,6,1,25.0,2,11,1,100.0,100.0,18.18,100.0,18.18,100.0,100.0,0.19529,-1.0,2,2,2
274327,274328,UR_XP,anger,neutral,1,6,75.0,1,11,1,18.18,100.0,90.91,100.0,9.09,100.0,100.0,-1.0,0.04605,1,1,1
274429,274430,UR_XP,neutral,anger,6,1,25.0,1,11,1,90.91,100.0,18.18,100.0,9.09,100.0,100.0,0.16977,-1.0,1,1,1
274628,274629,UL_FR,anger,neutral,1,6,75.0,2,11,1,18.18,100.0,100.0,100.0,18.18,100.0,100.0,-1.0,0.30773,2,2,2
275017,275018,DR_FR,disgust,neutral,2,6,83.33,1,11,1,9.09,100.0,100.0,100.0,9.09,100.0,100.0,0.04285,-1.0,1,1,1
275801,275802,DR_FR,neutral,anger,6,1,25.0,2,11,1,90.91,100.0,27.27,100.0,18.18,100.0,100.0,0.3522,0.13246,2,2,2
275945,275946,UL_FR,neutral,anger,6,1,33.33,2,11,1,90.91,90.0,27.27,100.0,18.18,50.0,100.0,0.18931,-1.0,2,2,2
276600,276601,DR_FR,anger,neutral,1,6,75.0,2,11,1,27.27,100.0,90.91,100.0,18.18,100.0,100.0,-1.0,0.20849,2,2,2
277731,277732,UL_FR,anger,neutral,1,6,83.33,2,11,1,18.18,100.0,100.0,90.91,18.18,100.0,50.0,-1.0,0.36662,2,2,2
277788,277789,UR_FR,anger,neutral,1,6,91.67,2,11,1,18.18,100.0,100.0,90.91,18.18,100.0,50.0,0.1909,0.34871,2,2,2
277826,277827,UL_LU,neutral,sadness,6,4,8.33,5,11,1,100.0,100.0,45.45,80.0,45.45,100.0,80.0,0.26717,0.46547,5,3,3_plus
277880,277881,UR_LU,neutral,sadness,6,4,16.67,4,11,1,90.91,100.0,45.45,80.0,36.36,100.0,75.0,0.09427,0.46975,4,3,3_plus
277902,277903,UR_XP,anger,neutral,1,6,83.33,1,11,1,9.09,100.0,90.91,100.0,9.09,100.0,100.0,0.43364,-1.0,1,1,1
278039,278040,UL_LU,sadness,neutral,4,6,91.67,3,11,1,27.27,100.0,100.0,100.0,27.27,100.0,100.0,0.56824,0.01782,3,3,3_plus
278076,278077,UR_LU,sadness,neutral,4,6,100.0,3,11,1,27.27,100.0,100.0,100.0,27.27,100.0,100.0,0.44498,-1.0,3,3,3_plus
278868,278869,DR_FR,neutral,surprise,6,5,8.33,1,11,1,90.91,100.0,9.09,100.0,9.09,100.0,100.0,-1.0,0.30808,1,1,1
279056,279057,DR_FR,surprise,neutral,5,6,91.67,1,11,1,9.09,100.0,90.91,100.0,9.09,100.0,100.0,0.30808,-1.0,1,1,1
279676,279677,UL_XP,neutral,happiness,6,3,8.33,0,11,1,90.91,100.0,0.0,0.0,,,,-1.0,-1.0,0,0,0
279894,279895,UL_XP,happiness,neutral,3,6,91.67,0,11,1,0.0,0.0,90.91,100.0,,,,-1.0,-1.0,0,0,0
280121,280122,DR_FR,neutral,surprise,6,5,8.33,1,11,1,90.91,100.0,9.09,100.0,9.09,100.0,100.0,-1.0,0.30808,1,1,1
281322,281323,UR_LU,neutral,surprise,6,5,16.67,2,11,1,81.82,100.0,27.27,100.0,18.18,100.0,100.0,-1.0,0.2131,2,2,2
281335,281336,UL_LU,neutral,surprise,6,5,25.0,2,11,1,81.82,100.0,27.27,100.0,18.18,100.0,100.0,0.13818,0.30808,2,2,2
281629,281630,UL_LU,surprise,neutral,5,6,75.0,4,11,1,54.55,100.0,72.73,100.0,36.36,100.0,100.0,0.17721,-1.0,4,3,3_plus
281684,281685,UR_XP,neutral,surprise,6,5,25.0,3,11,1,72.73,100.0,45.45,100.0,27.27,100.0,100.0,-1.0,0.17135,3,3,3_plus
281741,281742,UR_LU,surprise,neutral,5,6,75.0,4,11,1,45.45,100.0,81.82,100.0,36.36,100.0,100.0,0.21431,0.11696,4,3,3_plus
281950,281951,UR_LU,neutral,happiness,6,3,16.67,1,11,1,81.82,100.0,9.09,100.0,9.09,100.0,100.0,0.10061,-1.0,1,1,1
282079,282080,UR_LU,happiness,neutral,3,6,75.0,3,11,1,27.27,100.0,81.82,100.0,27.27,100.0,100.0,0.3461,0.14489,3,3,3_plus
282132,282133,UR_XP,happiness,neutral,3,6,83.33,4,11,1,36.36,100.0,81.82,100.0,36.36,100.0,100.0,0.11662,-1.0,4,3,3_plus
282140,282141,UL_LU,neutral,happiness,6,3,8.33,4,11,1,81.82,100.0,36.36,100.0,36.36,100.0,100.0,-1.0,0.09865,4,3,3_plus
282157,282158,UR_FR,neutral,happiness,6,3,16.67,4,11,1,81.82,100.0,36.36,75.0,36.36,100.0,75.0,0.18244,0.13667,4,3,3_plus
282173,282174,UL_XP,neutral,happiness,6,3,25.0,4,11,1,81.82,100.0,36.36,75.0,36.36,100.0,75.0,0.17379,0.19641,4,3,3_plus
282375,282376,UL_LU,happiness,neutral,3,6,66.67,4,11,1,36.36,100.0,81.82,100.0,36.36,100.0,100.0,0.15586,0.34408,4,3,3_plus
282458,282459,UR_XP,neutral,happiness,6,3,25.0,4,11,1,81.82,100.0,36.36,100.0,36.36,100.0,100.0,0.1745,0.27827,4,3,3_plus
282473,282474,UR_LU,neutral,happiness,6,3,33.33,4,11,1,81.82,100.0,36.36,100.0,36.36,100.0,100.0,0.09142,0.5898,4,3,3_plus
282489,282490,UR_FR,happiness,neutral,3,6,58.33,4,11,1,36.36,100.0,81.82,100.0,36.36,100.0,100.0,0.65864,0.07638,4,3,3_plus
282519,282520,UL_XP,happiness,neutral,3,6,66.67,4,11,1,36.36,100.0,81.82,100.0,36.36,100.0,100.0,0.34328,0.09207,4,3,3_plus
282739,282740,UR_LU,happiness,neutral,3,6,75.0,3,11,1,27.27,100.0,81.82,100.0,27.27,100.0,100.0,0.27521,0.18946,3,3,3_plus
282839,282840,UL_XP,neutral,happiness,6,3,16.67,2,11,1,81.82,100.0,18.18,100.0,18.18,100.0,100.0,0.21621,0.46833,2,2,2
282980,282981,UL_XP,happiness,neutral,3,6,75.0,2,11,1,18.18,100.0,81.82,100.0,18.18,100.0,100.0,0.18467,0.00772,2,2,2
282983,282984,UR_XP,happiness,neutral,3,6,83.33,2,11,1,18.18,100.0,81.82,100.0,18.18,100.0,100.0,0.0995,-1.0,2,2,2
283135,283136,UR_FR,neutral,happiness,6,3,8.33,0,11,1,81.82,100.0,0.0,0.0,,,,-1.0,-1.0,0,0,0
283282,283283,UR_FR,happiness,neutral,3,6,83.33,1,11,1,9.09,100.0,81.82,100.0,9.09,100.0,100.0,0.45421,-1.0,1,1,1
284132,284133,DL_FR,neutral,anger,6,1,8.33,1,11,1,63.64,100.0,9.09,100.0,9.09,100.0,100.0,-1.0,0.77668,1,1,1
284224,284225,UL_XP,neutral,happiness,6,3,8.33,0,11,1,54.55,100.0,0.0,0.0,,,,-1.0,-1.0,0,0,0
284349,284350,UL_XP,happiness,neutral,3,6,58.33,0,11,1,0.0,0.0,54.55,100.0,,,,-1.0,-1.0,0,0,0
284703,284704,UL_XP,neutral,happiness,6,3,8.33,0,11,1,54.55,100.0,0.0,0.0,,,,-1.0,-1.0,0,0,0
284774,284775,UL_LU,sadness,neutral,4,6,66.67,0,11,1,0.0,0.0,72.73,100.0,,,,-1.0,-1.0,0,0,0
284856,284857,UL_XP,happiness,neutral,3,6,75.0,0,11,1,0.0,0.0,72.73,100.0,,,,-1.0,-1.0,0,0,0
285078,285079,UR_XP,neutral,anger,6,1,16.67,0,11,1,72.73,100.0,9.09,100.0,,,,-1.0,-1.0,0,0,0
285327,285328,UR_LU,neutral,sadness,6,4,16.67,0,11,1,63.64,100.0,9.09,100.0,,,,-1.0,-1.0,0,0,0
285680,285681,UR_XP,anger,neutral,1,6,58.33,0,11,1,9.09,100.0,54.55,100.0,,,,-1.0,-1.0,0,0,0
286308,286309,UR_XP,neutral,anger,6,1,16.67,0,11,1,45.45,100.0,18.18,100.0,,,,-1.0,-1.0,0,0,0
286383,286384,UR_XP,anger,neutral,1,6,50.0,0,11,1,18.18,100.0,45.45,100.0,,,,-1.0,-1.0,0,0,0
286625,286626,UL_XP,neutral,happiness,6,3,8.33,0,11,1,45.45,100.0,0.0,0.0,,,,-1.0,-1.0,0,0,0
286706,286707,UL_XP,happiness,neutral,3,6,50.0,0,11,1,0.0,0.0,45.45,100.0,,,,-1.0,-1.0,0,0,0
287593,287594,UR_XP,neutral,anger,6,1,16.67,0,11,1,45.45,100.0,18.18,100.0,,,,-1.0,-1.0,0,0,0
287747,287748,UR_XP,anger,neutral,1,6,50.0,0,11,1,18.18,100.0,45.45,100.0,,,,-1.0,-1.0,0,0,0
288500,288501,UL_XP,neutral,happiness,6,3,8.33,0,11,1,45.45,100.0,0.0,0.0,,,,-1.0,-1.0,0,0,0
288565,288566,UL_XP,happiness,neutral,3,6,50.0,0,11,1,0.0,0.0,45.45,100.0,,,,-1.0,-1.0,0,0,0
288707,288708,DL_FR,anger,neutral,1,6,58.33,1,11,1,18.18,0.0,54.55,100.0,9.09,0.0,100.0,0.65029,-1.0,1,1,1
289384,289385,UR_XP,neutral,sadness,6,4,25.0,0,11,1,54.55,100.0,18.18,100.0,,,,-1.0,-1.0,0,0,0
289798,289799,UL_XP,neutral,happiness,6,3,8.33,0,11,1,54.55,83.33,0.0,0.0,,,,-1.0,-1.0,0,0,0
289903,289904,UL_FR,neutral,disgust,6,2,8.33,0,11,1,54.55,100.0,9.09,0.0,,,,-1.0,-1.0,0,0,0
290047,290048,UL_LU,neutral,happiness,6,3,16.67,1,11,1,54.55,100.0,9.09,100.0,9.09,100.0,100.0,0.24452,-1.0,1,1,1
290127,290128,UR_FR,neutral,anger,6,1,16.67,0,11,1,45.45,100.0,9.09,100.0,,,,-1.0,-1.0,0,0,0
290239,290240,UL_FR,disgust,neutral,2,6,41.67,0,11,1,9.09,100.0,45.45,100.0,,,,-1.0,-1.0,0,0,0
290239,290240,UL_XP,happiness,neutral,3,6,41.67,0,11,1,9.09,100.0,45.45,100.0,,,,-1.0,-1.0,0,0,0
290290,290291,UR_FR,anger,neutral,1,6,58.33,0,11,1,9.09,100.0,54.55,100.0,,,,-1.0,-1.0,0,0,0
290344,290345,UR_LU,happiness,neutral,3,6,66.67,2,11,1,18.18,100.0,72.73,100.0,18.18,100.0,100.0,0.5017,0.2541,2,2,2
290403,290404,UL_LU,happiness,neutral,3,6,66.67,2,11,1,18.18,100.0,63.64,100.0,18.18,100.0,100.0,0.28991,-1.0,2,2,2
290591,290592,UR_FR,neutral,surprise,6,5,16.67,1,11,1,81.82,100.0,18.18,100.0,9.09,100.0,100.0,-1.0,0.19553,1,1,1
290612,290613,UR_XP,anger,neutral,1,6,66.67,0,11,1,0.0,0.0,81.82,100.0,,,,-1.0,-1.0,0,0,0
290671,290672,UL_XP,neutral,happiness,6,3,8.33,0,11,1,90.91,100.0,0.0,0.0,,,,-1.0,-1.0,0,0,0
290699,290700,DR_FR,sadness,neutral,4,6,75.0,0,11,1,0.0,0.0,90.91,100.0,,,,-1.0,-1.0,0,0,0
290826,290827,UL_XP,happiness,neutral,3,6,83.33,0,11,1,0.0,0.0,100.0,100.0,,,,-1.0,-1.0,0,0,0
290830,290831,DR_LU,disgust,neutral,2,6,91.67,0,11,1,0.0,0.0,90.91,100.0,,,,-1.0,-1.0,0,0,0
291030,291031,UR_FR,surprise,neutral,5,6,100.0,1,11,1,9.09,100.0,100.0,100.0,9.09,100.0,100.0,0.45148,-1.0,1,1,1
291914,291915,UL_XP,neutral,happiness,6,3,8.33,0,11,1,100.0,100.0,0.0,0.0,,,,-1.0,-1.0,0,0,0
292101,292102,UL_XP,happiness,neutral,3,6,100.0,0,11,1,0.0,0.0,100.0,100.0,,,,-1.0,-1.0,0,0,0
292241,292242,UL_XP,neutral,happiness,6,3,8.33,0,11,1,100.0,100.0,0.0,0.0,,,,-1.0,-1.0,0,0,0
292421,292422,UL_XP,happiness,neutral,3,6,100.0,0,11,1,0.0,0.0,100.0,100.0,,,,-1.0,-1.0,0,0,0
292782,292783,UR_XP,neutral,anger,6,1,8.33,0,11,1,100.0,100.0,0.0,0.0,,,,-1.0,-1.0,0,0,0
292856,292857,UL_LU,neutral,sadness,6,4,8.33,2,11,1,100.0,100.0,18.18,100.0,18.18,100.0,100.0,-1.0,0.52163,2,2,2
293018,293019,UR_XP,anger,neutral,1,6,91.67,0,11,1,0.0,0.0,90.91,100.0,,,,-1.0,-1.0,0,0,0
293038,293039,UR_LU,neutral,sadness,6,4,16.67,1,11,1,90.91,100.0,18.18,100.0,9.09,100.0,100.0,-1.0,0.6956,1,1,1
293252,293253,UR_XP,neutral,anger,6,1,8.33,0,11,1,81.82,100.0,0.0,0.0,,,,-1.0,-1.0,0,0,0
293383,293384,UR_XP,anger,neutral,1,6,83.33,0,11,1,0.0,0.0,81.82,100.0,,,,-1.0,-1.0,0,0,0
293597,293598,UR_XP,neutral,anger,6,1,8.33,0,11,1,81.82,100.0,0.0,0.0,,,,-1.0,-1.0,0,0,0
293728,293729,UR_XP,anger,neutral,1,6,83.33,0,11,1,0.0,0.0,81.82,100.0,,,,-1.0,-1.0,0,0,0
293880,293881,UR_XP,neutral,anger,6,1,8.33,0,11,1,81.82,100.0,0.0,0.0,,,,-1.0,-1.0,0,0,0
294425,294426,UR_XP,anger,neutral,1,6,83.33,0,11,1,0.0,0.0,81.82,100.0,,,,-1.0,-1.0,0,0,0
294430,294431,DL_FR,neutral,surprise,6,5,8.33,0,11,1,81.82,100.0,0.0,0.0,,,,-1.0,-1.0,0,0,0
295281,295282,UL_XP,neutral,happiness,6,3,8.33,0,11,1,81.82,100.0,0.0,0.0,,,,-1.0,-1.0,0,0,0
295609,295610,UL_XP,happiness,neutral,3,6,75.0,0,11,1,0.0,0.0,81.82,100.0,,,,-1.0,-1.0,0,0,0
295921,295922,UL_XP,neutral,happiness,6,3,8.33,0,11,1,81.82,100.0,0.0,0.0,,,,-1.0,-1.0,0,0,0
296770,296771,DL_FR,surprise,neutral,5,6,75.0,1,11,1,9.09,100.0,81.82,100.0,9.09,100.0,100.0,0.64834,-1.0,1,1,1
297990,297991,UL_XP,happiness,neutral,3,6,83.33,0,11,1,0.0,0.0,81.82,100.0,,,,-1.0,-1.0,0,0,0
298116,298117,UL_XP,neutral,happiness,6,3,8.33,0,11,1,81.82,100.0,0.0,0.0,,,,-1.0,-1.0,0,0,0
298217,298218,UL_XP,happiness,neutral,3,6,83.33,0,11,1,0.0,0.0,81.82,100.0,,,,-1.0,-1.0,0,0,0
298471,298472,UL_LU,sadness,neutral,4,6,91.67,3,11,1,27.27,100.0,100.0,100.0,27.27,100.0,100.0,0.58949,0.15287,3,3,3_plus
298572,298573,UR_LU,sadness,neutral,4,6,100.0,3,11,1,27.27,100.0,100.0,100.0,27.27,100.0,100.0,0.44417,-1.0,3,3,3_plus
299991,299992,UL_XP,neutral,happiness,6,3,8.33,0,11,1,100.0,100.0,0.0,0.0,,,,-1.0,-1.0,0,0,0
300030,300031,UL_XP,happiness,neutral,3,6,100.0,0,11,1,0.0,0.0,100.0,100.0,,,,-1.0,-1.0,0,0,0
300571,300572,UL_XP,neutral,happiness,6,3,8.33,0,11,1,100.0,100.0,0.0,0.0,,,,-1.0,-1.0,0,0,0
300968,300969,DL_FR,neutral,surprise,6,5,8.33,0,11,1,100.0,100.0,0.0,0.0,,,,-1.0,-1.0,0,0,0
301017,301018,UR_XP,neutral,sadness,6,4,8.33,3,11,1,100.0,100.0,27.27,100.0,27.27,100.0,100.0,-1.0,0.41104,3,3,3_plus
301162,301163,UR_XP,sadness,neutral,4,6,83.33,3,11,1,27.27,100.0,90.91,100.0,27.27,100.0,100.0,0.35861,-1.0,3,3,3_plus
301772,301773,UL_XP,happiness,neutral,3,6,91.67,0,11,1,0.0,0.0,90.91,100.0,,,,-1.0,-1.0,0,0,0
302326,302327,UL_XP,neutral,happiness,6,3,8.33,0,11,1,90.91,100.0,0.0,0.0,,,,-1.0,-1.0,0,0,0
302353,302354,UL_XP,happiness,neutral,3,6,91.67,0,11,1,0.0,0.0,90.91,100.0,,,,-1.0,-1.0,0,0,0
303266,303267,UL_LU,neutral,sadness,6,4,8.33,2,11,1,90.91,100.0,18.18,100.0,18.18,100.0,100.0,-1.0,0.52894,2,2,2
303847,303848,UR_LU,neutral,sadness,6,4,16.67,1,11,1,90.91,100.0,18.18,100.0,9.09,100.0,100.0,-1.0,0.60124,1,1,1
303971,303972,DL_FR,surprise,neutral,5,6,83.33,1,11,1,9.09,100.0,81.82,100.0,9.09,100.0,100.0,0.42656,-1.0,1,1,1
303999,304000,UR_LU,sadness,neutral,4,6,91.67,1,11,1,18.18,100.0,90.91,100.0,9.09,100.0,100.0,0.60124,-1.0,1,1,1
304518,304519,UL_LU,neutral,sadness,6,4,8.33,1,11,1,100.0,100.0,9.09,100.0,9.09,100.0,100.0,-1.0,0.60124,1,1,1
304570,304571,UR_LU,neutral,sadness,6,4,16.67,2,11,1,90.91,100.0,27.27,66.67,18.18,100.0,50.0,-1.0,0.43156,2,2,2
304579,304580,UR_XP,neutral,anger,6,1,8.33,0,11,1,90.91,100.0,0.0,0.0,,,,-1.0,-1.0,0,0,0
304721,304722,UR_LU,sadness,neutral,4,6,83.33,2,11,1,18.18,100.0,90.91,100.0,18.18,100.0,100.0,0.49208,-1.0,2,2,2
304764,304765,UR_XP,anger,neutral,1,6,91.67,0,11,1,0.0,0.0,90.91,100.0,,,,-1.0,-1.0,0,0,0
304851,304852,DL_FR,neutral,happiness,6,3,8.33,1,11,1,90.91,100.0,9.09,100.0,9.09,100.0,100.0,-1.0,0.20802,1,1,1
305311,305312,DL_FR,happiness,neutral,3,6,91.67,0,11,1,0.0,0.0,90.91,100.0,,,,-1.0,-1.0,0,0,0
305343,305344,UR_XP,neutral,anger,6,1,8.33,0,11,1,90.91,100.0,0.0,0.0,,,,-1.0,-1.0,0,0,0
305368,305369,UR_LU,neutral,sadness,6,4,16.67,1,11,1,90.91,100.0,18.18,100.0,9.09,100.0,100.0,-1.0,0.60124,1,1,1
305580,305581,UR_LU,sadness,neutral,4,6,83.33,1,11,1,9.09,100.0,90.91,100.0,9.09,100.0,100.0,0.60124,-1.0,1,1,1
305801,305802,UR_XP,anger,neutral,1,6,91.67,0,11,1,0.0,0.0,90.91,100.0,,,,-1.0,-1.0,0,0,0
306004,306005,UR_XP,neutral,anger,6,1,8.33,0,11,1,90.91,100.0,0.0,0.0,,,,-1.0,-1.0,0,0,0
306035,306036,UR_XP,anger,neutral,1,6,91.67,0,11,1,0.0,0.0,90.91,100.0,,,,-1.0,-1.0,0,0,0
306250,306251,UR_XP,neutral,anger,6,1,8.33,0,11,1,90.91,100.0,0.0,0.0,,,,-1.0,-1.0,0,0,0
306255,306256,UR_LU,neutral,sadness,6,4,16.67,1,11,1,90.91,100.0,18.18,100.0,9.09,100.0,100.0,-1.0,0.60124,1,1,1
306418,306419,UR_LU,sadness,neutral,4,6,83.33,1,11,1,9.09,100.0,90.91,100.0,9.09,100.0,100.0,0.60124,-1.0,1,1,1
306781,306782,UR_LU,sadness,neutral,4,6,83.33,1,11,1,9.09,100.0,90.91,100.0,9.09,100.0,100.0,0.60124,-1.0,1,1,1
306805,306806,UR_XP,anger,neutral,1,6,91.67,0,11,1,0.0,0.0,90.91,100.0,,,,-1.0,-1.0,0,0,0
307902,307903,DR_FR,neutral,surprise,6,5,8.33,1,11,1,100.0,100.0,9.09,100.0,9.09,100.0,100.0,-1.0,0.44784,1,1,1
307933,307934,UR_XP,neutral,anger,6,1,8.33,0,11,1,100.0,100.0,0.0,0.0,,,,-1.0,-1.0,0,0,0
308261,308262,UR_LU,neutral,sadness,6,4,8.33,1,11,1,100.0,100.0,9.09,100.0,9.09,100.0,100.0,-1.0,0.60124,1,1,1
308287,308288,UL_LU,neutral,disgust,6,2,8.33,0,11,1,100.0,100.0,0.0,0.0,,,,-1.0,-1.0,0,0,0
308302,308303,UR_XP,anger,neutral,1,6,75.0,0,11,1,0.0,0.0,100.0,100.0,,,,-1.0,-1.0,0,0,0
308418,308419,UL_FR,neutral,anger,6,1,8.33,1,11,1,90.91,100.0,9.09,100.0,9.09,100.0,100.0,-1.0,0.00998,1,1,1
308420,308421,UR_FR,neutral,anger,6,1,16.67,1,11,1,90.91,100.0,9.09,100.0,9.09,100.0,100.0,0.00686,-1.0,1,1,1
308673,308674,UR_LU,sadness,neutral,4,6,66.67,2,11,1,18.18,100.0,90.91,100.0,18.18,100.0,100.0,0.49662,-1.0,2,2,2
308713,308714,UR_LU,neutral,happiness,6,3,16.67,1,11,1,81.82,100.0,18.18,100.0,9.09,100.0,100.0,-1.0,0.30442,1,1,1
308842,308843,UL_FR,anger,neutral,1,6,66.67,1,11,1,9.09,100.0,81.82,100.0,9.09,100.0,100.0,-1.0,0.33458,1,1,1
309083,309084,UR_XP,neutral,happiness,6,3,33.33,2,11,1,81.82,100.0,36.36,100.0,18.18,100.0,100.0,0.09553,0.29366,2,2,2
309340,309341,UR_XP,happiness,neutral,3,6,66.67,4,11,1,36.36,100.0,100.0,100.0,36.36,100.0,100.0,0.35672,0.31952,4,3,3_plus
309368,309369,UL_LU,happiness,neutral,3,6,75.0,4,11,1,36.36,100.0,100.0,100.0,36.36,100.0,100.0,0.22985,0.26388,4,3,3_plus
309414,309415,UR_LU,happiness,neutral,3,6,83.33,4,11,1,36.36,100.0,100.0,100.0,36.36,100.0,100.0,0.3718,0.06678,4,3,3_plus
309559,309560,UR_XP,neutral,happiness,6,3,16.67,2,11,1,100.0,100.0,18.18,100.0,18.18,100.0,100.0,0.0874,0.52106,2,2,2
309620,309621,UR_FR,happiness,neutral,3,6,83.33,1,11,1,9.09,100.0,100.0,100.0,9.09,100.0,100.0,-1.0,0.20462,1,1,1
309726,309727,UR_XP,happiness,neutral,3,6,91.67,2,11,1,18.18,100.0,100.0,100.0,18.18,100.0,100.0,0.30739,-1.0,2,2,2
309873,309874,UR_XP,neutral,anger,6,1,8.33,0,11,1,100.0,100.0,0.0,0.0,,,,-1.0,-1.0,0,0,0
310128,310129,UR_XP,anger,neutral,1,6,91.67,0,11,1,0.0,0.0,100.0,100.0,,,,-1.0,-1.0,0,0,0
310224,310225,UL_XP,neutral,happiness,6,3,8.33,0,11,1,100.0,100.0,0.0,0.0,,,,-1.0,-1.0,0,0,0
310406,310407,UL_XP,happiness,neutral,3,6,91.67,0,11,1,0.0,0.0,100.0,100.0,,,,-1.0,-1.0,0,0,0
310707,310708,UL_LU,neutral,happiness,6,3,8.33,1,11,1,100.0,100.0,9.09,100.0,9.09,100.0,100.0,-1.0,0.4708,1,1,1
310869,310870,UL_LU,happiness,neutral,3,6,91.67,1,11,1,9.09,100.0,100.0,100.0,9.09,100.0,100.0,0.33493,-1.0,1,1,1
310987,310988,UL_LU,neutral,happiness,6,3,8.33,1,11,1,90.91,100.0,9.09,100.0,9.09,100.0,100.0,-1.0,0.43444,1,1,1
311171,311172,UR_XP,neutral,happiness,6,3,25.0,0,11,1,81.82,100.0,18.18,100.0,,,,-1.0,-1.0,0,0,0
311270,311271,UR_XP,happiness,neutral,3,6,75.0,0,11,1,9.09,100.0,81.82,100.0,,,,-1.0,-1.0,0,0,0
311441,311442,UL_XP,neutral,happiness,6,3,8.33,0,11,1,100.0,100.0,0.0,0.0,,,,-1.0,-1.0,0,0,0
311565,311566,UL_XP,happiness,neutral,3,6,91.67,0,11,1,0.0,0.0,100.0,100.0,,,,-1.0,-1.0,0,0,0
311975,311976,UL_XP,neutral,happiness,6,3,8.33,0,11,1,100.0,100.0,0.0,0.0,,,,-1.0,-1.0,0,0,0
312490,312491,UL_XP,happiness,neutral,3,6,91.67,1,11,1,9.09,100.0,100.0,100.0,9.09,100.0,100.0,0.37803,-1.0,1,1,1
312893,312894,DL_FR,neutral,anger,6,1,8.33,2,11,1,90.91,100.0,18.18,100.0,18.18,100.0,100.0,-1.0,0.38956,2,2,2
313161,313162,UL_XP,neutral,happiness,6,3,8.33,0,11,1,81.82,100.0,0.0,0.0,,,,-1.0,-1.0,0,0,0
313301,313302,UR_XP,neutral,anger,6,1,16.67,2,11,1,81.82,100.0,18.18,100.0,18.18,100.0,100.0,0.21973,0.15668,2,2,2
313338,313339,UL_XP,happiness,neutral,3,6,58.33,0,11,1,0.0,0.0,81.82,100.0,,,,-1.0,-1.0,0,0,0
313348,313349,DR_FR,surprise,neutral,5,6,66.67,0,11,1,0.0,0.0,81.82,100.0,,,,-1.0,-1.0,0,0,0
313471,313472,UR_FR,neutral,anger,6,1,25.0,2,11,1,90.91,100.0,18.18,100.0,18.18,100.0,100.0,0.15179,-1.0,2,2,2
313709,313710,UR_XP,anger,neutral,1,6,66.67,2,11,1,18.18,100.0,81.82,100.0,18.18,100.0,100.0,-1.0,0.15796,2,2,2
313842,313843,UR_FR,anger,neutral,1,6,75.0,2,11,1,18.18,100.0,81.82,100.0,18.18,100.0,100.0,0.24123,0.21973,2,2,2
314006,314007,UR_XP,neutral,anger,6,1,16.67,2,11,1,81.82,100.0,18.18,100.0,18.18,100.0,100.0,0.21973,0.04551,2,2,2
314221,314222,UR_FR,neutral,anger,6,1,25.0,2,11,1,81.82,100.0,18.18,100.0,18.18,100.0,100.0,0.1137,-1.0,2,2,2
315004,315005,UR_XP,anger,neutral,1,6,66.67,1,11,1,18.18,100.0,72.73,100.0,9.09,100.0,100.0,-1.0,0.21973,1,1,1
315288,315289,UR_XP,neutral,anger,6,1,25.0,1,11,1,72.73,100.0,18.18,100.0,9.09,100.0,100.0,0.21973,-1.0,1,1,1
315439,315440,UR_XP,anger,neutral,1,6,66.67,1,11,1,18.18,100.0,72.73,100.0,9.09,100.0,100.0,-1.0,0.21973,1,1,1
316176,316177,UR_XP,neutral,anger,6,1,25.0,2,11,1,72.73,100.0,27.27,100.0,18.18,100.0,100.0,0.21973,0.01764,2,2,2
316181,316182,UL_FR,neutral,anger,6,1,33.33,2,11,1,72.73,100.0,27.27,100.0,18.18,100.0,100.0,0.11588,-1.0,2,2,2
316441,316442,UR_XP,anger,neutral,1,6,58.33,1,11,1,27.27,100.0,63.64,100.0,9.09,100.0,100.0,-1.0,0.21973,1,1,1
317007,317008,UL_XP,neutral,happiness,6,3,8.33,1,11,1,72.73,100.0,9.09,100.0,9.09,100.0,100.0,-1.0,0.05106,1,1,1
317046,317047,UL_XP,happiness,neutral,3,6,58.33,1,11,1,9.09,100.0,72.73,100.0,9.09,100.0,100.0,0.05106,-1.0,1,1,1
317138,317139,UL_FR,anger,neutral,1,6,66.67,2,11,1,27.27,100.0,72.73,100.0,18.18,100.0,100.0,0.13715,0.21973,2,2,2
317285,317286,UR_XP,neutral,anger,6,1,25.0,2,11,1,72.73,100.0,27.27,100.0,18.18,100.0,100.0,0.21973,0.01425,2,2,2
317294,317295,UL_FR,neutral,anger,6,1,33.33,2,11,1,72.73,100.0,27.27,100.0,18.18,100.0,100.0,0.12513,-1.0,2,2,2
317823,317824,DL_FR,anger,neutral,1,6,58.33,2,11,1,27.27,100.0,72.73,100.0,18.18,100.0,100.0,-1.0,0.15435,2,2,2
317840,317841,DL_FR,neutral,happiness,6,3,8.33,1,11,1,72.73,100.0,9.09,100.0,9.09,100.0,100.0,-1.0,0.05106,1,1,1
317921,317922,UL_LU,sadness,neutral,4,6,58.33,1,11,1,9.09,100.0,81.82,100.0,9.09,100.0,100.0,0.63835,-1.0,1,1,1
317979,317980,UR_LU,surprise,neutral,5,6,66.67,0,11,1,0.0,0.0,100.0,100.0,,,,-1.0,-1.0,0,0,0
317985,317986,UL_FR,anger,neutral,1,6,75.0,2,11,1,18.18,100.0,100.0,100.0,18.18,100.0,100.0,-1.0,0.31379,2,2,2
318065,318066,UR_FR,anger,neutral,1,6,83.33,2,11,1,18.18,100.0,100.0,100.0,18.18,100.0,100.0,0.17235,0.19714,2,2,2
318123,318124,UR_XP,anger,neutral,1,6,91.67,1,11,1,9.09,100.0,100.0,100.0,9.09,100.0,100.0,0.22124,-1.0,1,1,1
318333,318334,UL_FR,neutral,surprise,6,5,8.33,1,11,1,100.0,100.0,9.09,100.0,9.09,100.0,100.0,-1.0,0.03836,1,1,1
318397,318398,UR_FR,neutral,surprise,6,5,16.67,1,11,1,100.0,100.0,9.09,100.0,9.09,100.0,100.0,0.05801,-1.0,1,1,1
318400,318401,UR_FR,surprise,neutral,5,6,83.33,1,11,1,9.09,100.0,100.0,100.0,9.09,100.0,100.0,-1.0,0.05913,1,1,1
318406,318407,UR_FR,neutral,surprise,6,5,16.67,1,11,1,100.0,100.0,9.09,100.0,9.09,100.0,100.0,0.06053,-1.0,1,1,1
318430,318431,UR_FR,surprise,neutral,5,6,83.33,1,11,1,9.09,100.0,100.0,100.0,9.09,100.0,100.0,-1.0,0.06937,1,1,1
318535,318536,DL_FR,happiness,neutral,3,6,91.67,2,11,1,18.18,100.0,100.0,100.0,18.18,100.0,100.0,0.31579,-1.0,2,2,2
318629,318630,DL_FR,neutral,sadness,6,4,8.33,4,11,1,100.0,100.0,36.36,100.0,36.36,100.0,100.0,-1.0,0.48453,4,3,3_plus
318662,318663,UL_FR,surprise,neutral,5,6,91.67,1,11,1,9.09,100.0,100.0,90.91,9.09,100.0,100.0,0.26053,-1.0,1,1,1
318847,318848,UL_FR,neutral,surprise,6,5,8.33,0,11,1,100.0,90.91,0.0,0.0,,,,-1.0,-1.0,0,0,0
319045,319046,UL_FR,surprise,neutral,5,6,91.67,0,11,1,0.0,0.0,100.0,90.91,,,,-1.0,-1.0,0,0,0
320182,320183,DL_LU,neutral,sadness,6,4,16.67,3,11,1,100.0,100.0,27.27,100.0,27.27,100.0,100.0,0.11887,0.48898,3,3,3_plus
320923,320924,DL_FR,sadness,neutral,4,6,100.0,0,11,1,0.0,0.0,100.0,100.0,,,,-1.0,-1.0,0,0,0
321286,321287,UL_XP,neutral,happiness,6,3,8.33,0,11,1,90.91,100.0,0.0,0.0,,,,-1.0,-1.0,0,0,0
321484,321485,UL_XP,happiness,neutral,3,6,91.67,0,11,1,0.0,0.0,90.91,100.0,,,,-1.0,-1.0,0,0,0
321726,321727,UL_XP,neutral,happiness,6,3,8.33,0,11,1,90.91,100.0,0.0,0.0,,,,-1.0,-1.0,0,0,0
321976,321977,UL_XP,happiness,neutral,3,6,91.67,0,11,1,0.0,0.0,90.91,100.0,,,,-1.0,-1.0,0,0,0
322093,322094,UL_XP,neutral,happiness,6,3,8.33,0,11,1,90.91,100.0,0.0,0.0,,,,-1.0,-1.0,0,0,0
322319,322320,UL_XP,happiness,neutral,3,6,91.67,0,11,1,0.0,0.0,90.91,100.0,,,,-1.0,-1.0,0,0,0
324200,324201,UL_XP,neutral,happiness,6,3,8.33,0,11,1,100.0,100.0,0.0,0.0,,,,-1.0,-1.0,0,0,0
324284,324285,UL_XP,happiness,neutral,3,6,100.0,0,11,1,0.0,0.0,100.0,100.0,,,,-1.0,-1.0,0,0,0
324325,324326,UR_XP,neutral,anger,6,1,8.33,1,11,1,100.0,100.0,9.09,100.0,9.09,100.0,100.0,-1.0,0.72363,1,1,1
324552,324553,UR_XP,anger,neutral,1,6,100.0,2,11,1,18.18,100.0,100.0,100.0,18.18,100.0,100.0,0.55425,-1.0,2,2,2
324800,324801,UL_XP,neutral,happiness,6,3,8.33,0,11,1,100.0,100.0,0.0,0.0,,,,-1.0,-1.0,0,0,0
325050,325051,UL_XP,happiness,neutral,3,6,100.0,0,11,1,0.0,0.0,100.0,100.0,,,,-1.0,-1.0,0,0,0
325758,325759,DL_LU,neutral,sadness,6,4,8.33,1,11,1,100.0,100.0,9.09,0.0,9.09,100.0,0.0,-1.0,0.22336,1,1,1
325774,325775,UL_LU,neutral,disgust,6,2,8.33,0,11,1,90.91,100.0,0.0,0.0,,,,-1.0,-1.0,0,0,0
325842,325843,UR_LU,neutral,sadness,6,4,16.67,0,11,1,81.82,100.0,9.09,100.0,,,,-1.0,-1.0,0,0,0
328504,328505,UR_XP,neutral,anger,6,1,8.33,1,11,1,90.91,100.0,9.09,100.0,9.09,100.0,100.0,-1.0,0.59703,1,1,1
328553,328554,DL_LU,disgust,neutral,2,6,91.67,0,11,1,0.0,0.0,100.0,100.0,,,,-1.0,-1.0,0,0,0
328555,328556,UR_XP,anger,neutral,1,6,100.0,1,11,1,9.09,100.0,100.0,100.0,9.09,100.0,100.0,0.61191,-1.0,1,1,1
329121,329122,DR_LU,neutral,sadness,6,4,8.33,4,11,1,100.0,100.0,36.36,75.0,36.36,100.0,75.0,-1.0,0.52218,4,3,3_plus
329399,329400,DR_LU,sadness,neutral,4,6,100.0,4,11,1,36.36,100.0,100.0,100.0,36.36,100.0,100.0,0.53755,-1.0,4,3,3_plus
329445,329446,DL_LU,neutral,sadness,6,4,8.33,3,11,1,100.0,100.0,27.27,100.0,27.27,100.0,100.0,-1.0,0.56503,3,3,3_plus
330814,330815,UL_XP,neutral,happiness,6,3,8.33,0,11,1,100.0,100.0,0.0,0.0,,,,-1.0,-1.0,0,0,0
330833,330834,DL_LU,neutral,disgust,6,2,8.33,0,11,1,100.0,100.0,0.0,0.0,,,,-1.0,-1.0,0,0,0
330948,330949,UL_XP,happiness,neutral,3,6,91.67,0,11,1,0.0,0.0,90.91,100.0,,,,-1.0,-1.0,0,0,0
331529,331530,UL_XP,neutral,happiness,6,3,8.33,0,11,1,90.91,100.0,0.0,0.0,,,,-1.0,-1.0,0,0,0
331729,331730,UL_XP,happiness,neutral,3,6,91.67,0,11,1,0.0,0.0,90.91,100.0,,,,-1.0,-1.0,0,0,0
332323,332324,UR_XP,neutral,anger,6,1,8.33,1,11,1,90.91,100.0,9.09,100.0,9.09,100.0,100.0,-1.0,0.76096,1,1,1
332409,332410,UL_XP,neutral,happiness,6,3,8.33,0,11,1,90.91,100.0,0.0,0.0,,,,-1.0,-1.0,0,0,0
332487,332488,UL_XP,happiness,neutral,3,6,83.33,0,11,1,0.0,0.0,90.91,100.0,,,,-1.0,-1.0,0,0,0
332955,332956,UR_XP,anger,neutral,1,6,91.67,0,11,1,0.0,0.0,90.91,100.0,,,,-1.0,-1.0,0,0,0
333179,333180,UR_XP,neutral,anger,6,1,8.33,1,11,1,90.91,100.0,9.09,100.0,9.09,100.0,100.0,-1.0,0.67898,1,1,1
333714,333715,UR_XP,anger,neutral,1,6,91.67,0,11,1,0.0,0.0,90.91,100.0,,,,-1.0,-1.0,0,0,0
334256,334257,UR_XP,neutral,anger,6,1,8.33,0,11,1,90.91,100.0,0.0,0.0,,,,-1.0,-1.0,0,0,0
334346,334347,UL_LU,neutral,disgust,6,2,16.67,0,11,1,90.91,100.0,9.09,100.0,,,,-1.0,-1.0,0,0,0
334582,334583,UR_XP,anger,neutral,1,6,83.33,0,11,1,0.0,0.0,81.82,100.0,,,,-1.0,-1.0,0,0,0
334611,334612,UR_LU,neutral,sadness,6,4,25.0,1,11,1,81.82,100.0,27.27,100.0,9.09,100.0,100.0,-1.0,0.71462,1,1,1
334893,334894,DR_LU,neutral,sadness,6,4,33.33,2,11,1,72.73,100.0,45.45,80.0,18.18,100.0,50.0,-1.0,0.68301,2,2,2
335063,335064,DR_LU,sadness,neutral,4,6,75.0,2,11,1,36.36,100.0,81.82,100.0,18.18,100.0,100.0,0.71412,0.29704,2,2,2
335099,335100,UL_XP,neutral,happiness,6,3,8.33,0,11,1,81.82,100.0,0.0,0.0,,,,-1.0,-1.0,0,0,0
335128,335129,UL_XP,happiness,neutral,3,6,75.0,0,11,1,0.0,0.0,81.82,100.0,,,,-1.0,-1.0,0,0,0
335216,335217,UL_XP,neutral,happiness,6,3,8.33,0,11,1,90.91,100.0,0.0,0.0,,,,-1.0,-1.0,0,0,0
335228,335229,UR_LU,sadness,neutral,4,6,75.0,4,11,1,45.45,100.0,90.91,100.0,36.36,100.0,100.0,0.58281,0.22378,4,3,3_plus
335265,335266,DR_LU,neutral,sadness,6,4,25.0,4,11,1,90.91,100.0,45.45,100.0,36.36,100.0,100.0,0.10177,0.52613,4,3,3_plus
335267,335268,DR_LU,sadness,neutral,4,6,75.0,4,11,1,45.45,100.0,90.91,100.0,36.36,100.0,100.0,0.52559,0.10129,4,3,3_plus
335280,335281,DR_LU,neutral,sadness,6,4,25.0,4,11,1,90.91,100.0,45.45,100.0,36.36,100.0,100.0,0.08466,0.5195,4,3,3_plus
335302,335303,UL_LU,sadness,neutral,4,6,75.0,5,11,1,54.55,83.33,90.91,100.0,45.45,80.0,100.0,0.49251,0.12137,5,3,3_plus
335356,335357,DR_LU,sadness,neutral,4,6,83.33,5,11,1,54.55,83.33,90.91,100.0,45.45,80.0,100.0,0.50554,0.21089,5,3,3_plus
335547,335548,UL_XP,happiness,neutral,3,6,91.67,0,11,1,0.0,0.0,90.91,100.0,,,,-1.0,-1.0,0,0,0
335653,335654,DL_LU,sadness,neutral,4,6,100.0,4,11,1,36.36,100.0,100.0,100.0,36.36,100.0,100.0,0.63963,-1.0,4,3,3_plus
336112,336113,DL_LU,neutral,sadness,6,4,8.33,2,11,1,100.0,100.0,18.18,100.0,18.18,100.0,100.0,-1.0,0.53614,2,2,2
336315,336316,UL_LU,neutral,disgust,6,2,16.67,0,11,1,90.91,100.0,9.09,100.0,,,,-1.0,-1.0,0,0,0
336335,336336,UL_LU,disgust,neutral,2,6,91.67,0,11,1,9.09,100.0,90.91,100.0,,,,-1.0,-1.0,0,0,0
336672,336673,UR_XP,neutral,anger,6,1,8.33,0,11,1,90.91,100.0,0.0,0.0,,,,-1.0,-1.0,0,0,0
336734,336735,UR_XP,anger,neutral,1,6,91.67,0,11,1,0.0,0.0,90.91,100.0,,,,-1.0,-1.0,0,0,0
336781,336782,UR_XP,neutral,anger,6,1,8.33,0,11,1,90.91,100.0,0.0,0.0,,,,-1.0,-1.0,0,0,0
336953,336954,UR_XP,anger,neutral,1,6,100.0,1,11,1,9.09,100.0,100.0,100.0,9.09,100.0,100.0,0.76235,-1.0,1,1,1
338140,338141,UR_XP,neutral,anger,6,1,8.33,2,11,1,90.91,100.0,18.18,100.0,18.18,100.0,100.0,-1.0,0.44614,2,2,2
338251,338252,UR_XP,anger,neutral,1,6,91.67,2,11,1,18.18,100.0,90.91,100.0,18.18,100.0,100.0,0.55882,-1.0,2,2,2
339153,339154,DL_XP,neutral,anger,6,1,8.33,1,11,1,100.0,100.0,9.09,100.0,9.09,100.0,100.0,-1.0,0.39251,1,1,1
339335,339336,UL_XP,neutral,happiness,6,3,8.33,0,11,1,100.0,100.0,0.0,0.0,,,,-1.0,-1.0,0,0,0
339450,339451,UL_XP,happiness,neutral,3,6,91.67,0,11,1,0.0,0.0,100.0,100.0,,,,-1.0,-1.0,0,0,0
339492,339493,DL_XP,anger,neutral,1,6,100.0,0,11,1,0.0,0.0,100.0,100.0,,,,-1.0,-1.0,0,0,0
340543,340544,UL_LU,neutral,disgust,6,2,8.33,0,11,1,90.91,100.0,0.0,0.0,,,,-1.0,-1.0,0,0,0
340549,340550,UR_LU,neutral,sadness,6,4,16.67,2,11,1,90.91,90.0,27.27,100.0,18.18,50.0,100.0,0.0553,0.05914,2,2,2
340625,340626,UL_LU,disgust,neutral,2,6,83.33,0,11,1,0.0,0.0,90.91,100.0,,,,-1.0,-1.0,0,0,0
340628,340629,UR_LU,sadness,neutral,4,6,91.67,2,11,1,27.27,33.33,90.91,100.0,18.18,0.0,100.0,0.14505,-1.0,2,2,2
341268,341269,DL_LU,neutral,sadness,6,4,8.33,1,11,1,100.0,100.0,9.09,100.0,9.09,100.0,100.0,-1.0,0.19149,1,1,1
341299,341300,UR_LU,neutral,sadness,6,4,16.67,1,11,1,100.0,100.0,9.09,100.0,9.09,100.0,100.0,0.11144,-1.0,1,1,1
341308,341309,UL_LU,neutral,disgust,6,2,8.33,0,11,1,90.91,100.0,0.0,0.0,,,,-1.0,-1.0,0,0,0
341367,341368,UL_LU,disgust,neutral,2,6,83.33,0,11,1,0.0,0.0,90.91,100.0,,,,-1.0,-1.0,0,0,0
341391,341392,UR_LU,sadness,neutral,4,6,91.67,0,11,1,9.09,100.0,90.91,100.0,,,,-1.0,-1.0,0,0,0
341474,341475,DL_LU,sadness,neutral,4,6,100.0,0,11,1,0.0,0.0,100.0,100.0,,,,-1.0,-1.0,0,0,0
341957,341958,UL_XP,neutral,happiness,6,3,8.33,0,11,1,90.91,100.0,0.0,0.0,,,,-1.0,-1.0,0,0,0
342116,342117,UL_XP,happiness,neutral,3,6,100.0,0,11,1,0.0,0.0,100.0,100.0,,,,-1.0,-1.0,0,0,0
342375,342376,UL_XP,neutral,happiness,6,3,8.33,0,11,1,100.0,100.0,0.0,0.0,,,,-1.0,-1.0,0,0,0
342645,342646,UL_XP,happiness,neutral,3,6,100.0,0,11,1,0.0,0.0,100.0,100.0,,,,-1.0,-1.0,0,0,0
342776,342777,UL_LU,neutral,sadness,6,4,8.33,2,11,1,100.0,100.0,18.18,100.0,18.18,100.0,100.0,-1.0,0.14737,2,2,2
342777,342778,DL_LU,neutral,sadness,6,4,16.67,2,11,1,100.0,100.0,18.18,100.0,18.18,100.0,100.0,0.00281,0.27982,2,2,2
342869,342870,UL_LU,sadness,neutral,4,6,91.67,1,11,1,18.18,100.0,90.91,100.0,9.09,100.0,100.0,0.04605,-1.0,1,1,1
342881,342882,DL_LU,sadness,neutral,4,6,100.0,2,11,1,18.18,100.0,100.0,100.0,18.18,100.0,100.0,0.09894,-1.0,2,2,2
343175,343176,UL_XP,neutral,happiness,6,3,8.33,0,11,1,100.0,100.0,0.0,0.0,,,,-1.0,-1.0,0,0,0
343401,343402,UL_XP,happiness,neutral,3,6,100.0,0,11,1,0.0,0.0,100.0,100.0,,,,-1.0,-1.0,0,0,0
343532,343533,UL_XP,neutral,happiness,6,3,8.33,0,11,1,100.0,100.0,0.0,0.0,,,,-1.0,-1.0,0,0,0
343749,343750,UL_XP,happiness,neutral,3,6,91.67,0,11,1,0.0,0.0,90.91,100.0,,,,-1.0,-1.0,0,0,0
343853,343854,DL_LU,neutral,sadness,6,4,8.33,3,11,1,100.0,100.0,27.27,100.0,27.27,100.0,100.0,-1.0,0.2887,3,3,3_plus
343872,343873,UL_LU,neutral,sadness,6,4,16.67,2,11,1,90.91,100.0,27.27,100.0,18.18,100.0,100.0,-1.0,0.28275,2,2,2
343898,343899,UR_LU,neutral,sadness,6,4,25.0,2,11,1,90.91,100.0,27.27,100.0,18.18,100.0,100.0,0.21508,0.38796,2,2,2
344022,344023,UR_LU,sadness,neutral,4,6,83.33,1,11,1,9.09,100.0,90.91,100.0,9.09,100.0,100.0,-1.0,0.07887,1,1,1
344033,344034,UL_LU,sadness,neutral,4,6,91.67,1,11,1,9.09,100.0,90.91,100.0,9.09,100.0,100.0,0.08846,-1.0,1,1,1
346747,346748,UL_XP,neutral,happiness,6,3,8.33,0,11,1,90.91,100.0,0.0,0.0,,,,-1.0,-1.0,0,0,0
346865,346866,UL_XP,happiness,neutral,3,6,91.67,0,11,1,0.0,0.0,90.91,100.0,,,,-1.0,-1.0,0,0,0
347547,347548,UL_LU,neutral,sadness,6,4,8.33,2,11,1,100.0,100.0,18.18,100.0,18.18,100.0,100.0,-1.0,0.18968,2,2,2
347551,347552,DL_LU,neutral,sadness,6,4,16.67,2,11,1,100.0,100.0,18.18,100.0,18.18,100.0,100.0,0.0126,0.32848,2,2,2
347584,347585,UR_LU,neutral,sadness,6,4,25.0,2,11,1,100.0,90.91,18.18,100.0,18.18,50.0,100.0,0.11222,-1.0,2,2,2
347725,347726,UL_LU,sadness,neutral,4,6,83.33,1,11,1,9.09,100.0,90.91,100.0,9.09,100.0,100.0,-1.0,0.00656,1,1,1
347726,347727,UR_LU,sadness,neutral,4,6,91.67,1,11,1,9.09,100.0,90.91,100.0,9.09,100.0,100.0,0.00305,-1.0,1,1,1
349296,349297,DL_LU,sadness,neutral,4,6,100.0,2,11,1,18.18,100.0,100.0,100.0,18.18,100.0,100.0,0.62786,-1.0,2,2,2
349699,349700,DL_LU,neutral,sadness,6,4,8.33,2,11,1,100.0,100.0,18.18,100.0,18.18,100.0,100.0,-1.0,0.42595,2,2,2
350114,350115,DL_LU,sadness,neutral,4,6,100.0,1,11,1,9.09,100.0,100.0,100.0,9.09,100.0,100.0,0.60414,-1.0,1,1,1
350224,350225,DL_LU,neutral,sadness,6,4,8.33,1,11,1,100.0,100.0,9.09,100.0,9.09,100.0,100.0,-1.0,0.69487,1,1,1
350918,350919,UL_LU,neutral,sadness,6,4,16.67,1,11,1,90.91,100.0,18.18,50.0,9.09,100.0,0.0,-1.0,0.36236,1,1,1
350972,350973,UL_LU,sadness,neutral,4,6,91.67,1,11,1,18.18,50.0,90.91,100.0,9.09,0.0,100.0,0.44906,-1.0,1,1,1
350989,350990,UL_LU,neutral,sadness,6,4,16.67,1,11,1,90.91,100.0,18.18,50.0,9.09,100.0,0.0,-1.0,0.4708,1,1,1
351163,351164,UR_LU,neutral,sadness,6,4,25.0,2,11,1,90.91,100.0,27.27,66.67,18.18,100.0,50.0,0.17717,0.43426,2,2,2
351174,351175,UR_LU,sadness,neutral,4,6,83.33,2,11,1,27.27,66.67,90.91,100.0,18.18,50.0,100.0,0.42781,0.18466,2,2,2
351705,351706,UL_LU,sadness,neutral,4,6,91.67,0,11,1,9.09,100.0,90.91,100.0,,,,-1.0,-1.0,0,0,0
352484,352485,UR_XP,neutral,anger,6,1,8.33,1,11,1,72.73,100.0,9.09,100.0,9.09,100.0,100.0,-1.0,0.61901,1,1,1
352567,352568,UR_XP,anger,neutral,1,6,75.0,1,11,1,9.09,100.0,72.73,100.0,9.09,100.0,100.0,0.53996,-1.0,1,1,1
352988,352989,UL_XP,neutral,happiness,6,3,8.33,0,11,1,72.73,100.0,0.0,0.0,,,,-1.0,-1.0,0,0,0
352990,352991,UR_XP,neutral,anger,6,1,8.33,1,11,1,72.73,100.0,9.09,100.0,9.09,100.0,100.0,-1.0,0.72964,1,1,1
353167,353168,UL_XP,happiness,neutral,3,6,66.67,0,11,1,0.0,0.0,72.73,100.0,,,,-1.0,-1.0,0,0,0
353179,353180,UR_XP,anger,neutral,1,6,75.0,0,11,1,0.0,0.0,72.73,100.0,,,,-1.0,-1.0,0,0,0
353804,353805,UR_LU,neutral,sadness,6,4,16.67,0,11,1,81.82,100.0,9.09,100.0,,,,-1.0,-1.0,0,0,0
353947,353948,UL_LU,sadness,neutral,4,6,83.33,2,11,1,27.27,100.0,90.91,100.0,18.18,100.0,100.0,0.55013,0.25433,2,2,2
353975,353976,UR_LU,sadness,neutral,4,6,91.67,1,11,1,18.18,100.0,90.91,100.0,9.09,100.0,100.0,0.54416,-1.0,1,1,1
354000,354001,DL_LU,sadness,neutral,4,6,100.0,2,11,1,18.18,100.0,100.0,100.0,18.18,100.0,100.0,0.36264,-1.0,2,2,2
354926,354927,DL_LU,neutral,sadness,6,4,8.33,3,11,1,100.0,100.0,27.27,66.67,27.27,100.0,66.67,-1.0,0.41737,3,3,3_plus
355771,355772,DL_LU,sadness,neutral,4,6,100.0,3,11,1,27.27,100.0,100.0,100.0,27.27,100.0,100.0,0.56769,-1.0,3,3,3_plus
356688,356689,DL_LU,neutral,sadness,6,4,8.33,0,11,1,100.0,100.0,0.0,0.0,,,,-1.0,-1.0,0,0,0
356737,356738,UL_LU,neutral,disgust,6,2,8.33,0,11,1,100.0,100.0,0.0,0.0,,,,-1.0,-1.0,0,0,0
356829,356830,UL_LU,disgust,neutral,2,6,91.67,0,11,1,0.0,0.0,90.91,100.0,,,,-1.0,-1.0,0,0,0
357169,357170,DL_LU,neutral,sadness,6,4,8.33,1,11,1,100.0,100.0,9.09,100.0,9.09,100.0,100.0,-1.0,0.38156,1,1,1
357213,357214,DL_LU,sadness,neutral,4,6,100.0,1,11,1,9.09,100.0,100.0,100.0,9.09,100.0,100.0,0.40062,-1.0,1,1,1
357230,357231,DL_LU,neutral,sadness,6,4,8.33,1,11,1,100.0,100.0,9.09,100.0,9.09,100.0,100.0,-1.0,0.43014,1,1,1
357266,357267,DL_LU,neutral,sadness,6,4,8.33,1,11,1,100.0,100.0,9.09,100.0,9.09,100.0,100.0,-1.0,0.4673,1,1,1
357296,357297,DL_LU,sadness,neutral,4,6,100.0,1,11,1,9.09,100.0,100.0,100.0,9.09,100.0,100.0,0.48528,-1.0,1,1,1
357405,357406,DL_LU,neutral,sadness,6,4,8.33,1,11,1,100.0,100.0,9.09,0.0,9.09,100.0,0.0,-1.0,0.40702,1,1,1
357606,357607,UL_XP,neutral,happiness,6,3,8.33,0,11,1,90.91,100.0,0.0,0.0,,,,-1.0,-1.0,0,0,0
357747,357748,UL_XP,happiness,neutral,3,6,91.67,0,11,1,0.0,0.0,90.91,100.0,,,,-1.0,-1.0,0,0,0
358133,358134,UR_LU,neutral,sadness,6,4,16.67,1,11,1,81.82,100.0,27.27,100.0,9.09,100.0,100.0,-1.0,0.44938,1,1,1
358302,358303,UR_LU,sadness,neutral,4,6,83.33,1,11,1,27.27,100.0,81.82,100.0,9.09,100.0,100.0,0.50866,-1.0,1,1,1
358590,358591,UR_LU,neutral,sadness,6,4,8.33,0,11,1,81.82,100.0,0.0,0.0,,,,-1.0,-1.0,0,0,0
358639,358640,UR_XP,neutral,anger,6,1,8.33,1,11,1,81.82,100.0,9.09,100.0,9.09,100.0,100.0,-1.0,0.61509,1,1,1
358657,358658,UR_LU,sadness,neutral,4,6,83.33,0,11,1,0.0,0.0,90.91,100.0,,,,-1.0,-1.0,0,0,0
358768,358769,UR_XP,anger,neutral,1,6,91.67,1,11,1,9.09,100.0,90.91,100.0,9.09,100.0,100.0,0.71463,-1.0,1,1,1
359197,359198,UR_LU,neutral,sadness,6,4,25.0,1,11,1,81.82,100.0,27.27,100.0,9.09,100.0,100.0,-1.0,0.58712,1,1,1
360263,360264,UL_XP,neutral,happiness,6,3,8.33,0,11,1,63.64,100.0,0.0,0.0,,,,-1.0,-1.0,0,0,0
360340,360341,UL_XP,happiness,neutral,3,6,66.67,0,11,1,0.0,0.0,63.64,100.0,,,,-1.0,-1.0,0,0,0
360459,360460,UL_LU,sadness,neutral,4,6,75.0,1,11,1,18.18,100.0,81.82,100.0,9.09,100.0,100.0,-1.0,0.52568,1,1,1
360528,360529,UR_LU,sadness,neutral,4,6,83.33,2,11,1,27.27,100.0,90.91,100.0,18.18,100.0,100.0,0.55397,0.33736,2,2,2
360894,360895,UL_XP,neutral,happiness,6,3,8.33,0,11,1,100.0,100.0,0.0,0.0,,,,-1.0,-1.0,0,0,0
360923,360924,UL_XP,happiness,neutral,3,6,83.33,0,11,1,0.0,0.0,100.0,100.0,,,,-1.0,-1.0,0,0,0
362661,362662,DR_FR,neutral,sadness,6,4,25.0,5,11,1,100.0,100.0,45.45,100.0,45.45,100.0,100.0,0.56795,0.28784,5,3,3_plus
363591,363592,UL_LU,neutral,sadness,6,4,33.33,4,11,1,81.82,100.0,45.45,100.0,36.36,100.0,100.0,0.56795,0.23944,4,3,3_plus
363655,363656,UR_LU,neutral,sadness,6,4,41.67,3,11,1,72.73,100.0,45.45,100.0,27.27,100.0,100.0,0.56795,0.10374,3,3,3_plus
363695,363696,DL_FR,neutral,sadness,6,4,50.0,3,11,1,72.73,100.0,45.45,100.0,27.27,100.0,100.0,0.40486,-1.0,3,3,3_plus
363765,363766,UR_LU,sadness,neutral,4,6,50.0,3,11,1,45.45,100.0,72.73,100.0,27.27,100.0,100.0,-1.0,0.4351,3,3,3_plus
363769,363770,UR_LU,neutral,sadness,6,4,50.0,3,11,1,72.73,100.0,45.45,100.0,27.27,100.0,100.0,0.43742,-1.0,3,3,3_plus
364172,364173,DL_FR,sadness,neutral,4,6,50.0,1,11,1,45.45,100.0,54.55,100.0,9.09,100.0,100.0,-1.0,0.76247,1,1,1
364494,364495,DR_FR,sadness,neutral,4,6,58.33,1,11,1,45.45,100.0,54.55,100.0,9.09,100.0,100.0,0.57113,-1.0,1,1,1
364926,364927,UR_LU,sadness,neutral,4,6,66.67,1,11,1,18.18,100.0,72.73,87.5,9.09,100.0,0.0,-1.0,0.09378,1,1,1
365011,365012,UR_XP,neutral,anger,6,1,8.33,0,11,1,72.73,100.0,0.0,0.0,,,,-1.0,-1.0,0,0,0
365046,365047,UR_XP,anger,neutral,1,6,66.67,0,11,1,0.0,0.0,72.73,100.0,,,,-1.0,-1.0,0,0,0
365061,365062,UL_LU,sadness,neutral,4,6,75.0,0,11,1,9.09,100.0,72.73,100.0,,,,-1.0,-1.0,0,0,0
365102,365103,UL_XP,neutral,happiness,6,3,8.33,0,11,1,72.73,100.0,0.0,0.0,,,,-1.0,-1.0,0,0,0
365268,365269,UL_XP,happiness,neutral,3,6,75.0,0,11,1,0.0,0.0,72.73,100.0,,,,-1.0,-1.0,0,0,0
365466,365467,UL_LU,neutral,sadness,6,4,16.67,0,11,1,72.73,100.0,9.09,100.0,,,,-1.0,-1.0,0,0,0
365480,365481,UL_LU,sadness,neutral,4,6,75.0,0,11,1,9.09,100.0,72.73,100.0,,,,-1.0,-1.0,0,0,0
365481,365482,UL_LU,neutral,sadness,6,4,16.67,0,11,1,72.73,100.0,9.09,100.0,,,,-1.0,-1.0,0,0,0
365649,365650,UL_LU,sadness,neutral,4,6,75.0,0,11,1,9.09,100.0,72.73,100.0,,,,-1.0,-1.0,0,0,0
365823,365824,UL_LU,neutral,sadness,6,4,16.67,0,11,1,72.73,100.0,9.09,100.0,,,,-1.0,-1.0,0,0,0
365861,365862,UL_LU,sadness,neutral,4,6,75.0,0,11,1,9.09,100.0,72.73,100.0,,,,-1.0,-1.0,0,0,0
365913,365914,UL_LU,neutral,sadness,6,4,16.67,0,11,1,72.73,100.0,9.09,100.0,,,,-1.0,-1.0,0,0,0
365932,365933,UL_LU,sadness,neutral,4,6,75.0,0,11,1,9.09,100.0,72.73,100.0,,,,-1.0,-1.0,0,0,0
366035,366036,UL_LU,neutral,sadness,6,4,16.67,0,11,1,72.73,100.0,9.09,100.0,,,,-1.0,-1.0,0,0,0
366190,366191,UL_XP,neutral,happiness,6,3,8.33,0,11,1,63.64,100.0,0.0,0.0,,,,-1.0,-1.0,0,0,0
366372,366373,UL_XP,happiness,neutral,3,6,66.67,0,11,1,0.0,0.0,63.64,100.0,,,,-1.0,-1.0,0,0,0
366579,366580,UL_XP,neutral,happiness,6,3,8.33,0,11,1,72.73,100.0,0.0,0.0,,,,-1.0,-1.0,0,0,0
366723,366724,UL_LU,neutral,sadness,6,4,16.67,0,11,1,72.73,100.0,9.09,100.0,,,,-1.0,-1.0,0,0,0
366779,366780,UL_XP,happiness,neutral,3,6,66.67,0,11,1,0.0,0.0,63.64,100.0,,,,-1.0,-1.0,0,0,0
366783,366784,UR_LU,neutral,sadness,6,4,25.0,0,11,1,63.64,100.0,18.18,100.0,,,,-1.0,-1.0,0,0,0
366848,366849,UR_XP,neutral,anger,6,1,8.33,0,11,1,63.64,100.0,0.0,0.0,,,,-1.0,-1.0,0,0,0
366875,366876,UR_LU,sadness,neutral,4,6,58.33,0,11,1,18.18,100.0,63.64,100.0,,,,-1.0,-1.0,0,0,0
366947,366948,UR_XP,anger,neutral,1,6,66.67,0,11,1,0.0,0.0,63.64,100.0,,,,-1.0,-1.0,0,0,0
367565,367566,UR_LU,neutral,sadness,6,4,25.0,0,11,1,63.64,100.0,18.18,100.0,,,,-1.0,-1.0,0,0,0
367658,367659,UR_XP,neutral,anger,6,1,8.33,0,11,1,63.64,100.0,0.0,0.0,,,,-1.0,-1.0,0,0,0
367820,367821,UL_XP,neutral,happiness,6,3,8.33,0,11,1,54.55,100.0,0.0,0.0,,,,-1.0,-1.0,0,0,0
367828,367829,UR_XP,anger,neutral,1,6,50.0,0,11,1,0.0,0.0,54.55,100.0,,,,-1.0,-1.0,0,0,0
367902,367903,UL_XP,happiness,neutral,3,6,58.33,0,11,1,0.0,0.0,63.64,100.0,,,,-1.0,-1.0,0,0,0
367998,367999,UL_LU,sadness,neutral,4,6,66.67,1,11,1,18.18,50.0,72.73,100.0,9.09,100.0,100.0,-1.0,0.11636,1,1,1
368029,368030,UR_LU,sadness,neutral,4,6,75.0,1,11,1,9.09,100.0,72.73,100.0,9.09,100.0,100.0,0.22435,-1.0,1,1,1
368287,368288,UR_LU,neutral,sadness,6,4,8.33,1,11,1,72.73,100.0,9.09,100.0,9.09,100.0,100.0,-1.0,0.47493,1,1,1
368368,368369,UL_XP,neutral,happiness,6,3,8.33,0,11,1,72.73,100.0,0.0,0.0,,,,-1.0,-1.0,0,0,0
368447,368448,UR_LU,sadness,neutral,4,6,66.67,2,11,1,18.18,100.0,72.73,100.0,18.18,100.0,100.0,0.44352,-1.0,2,2,2
368733,368734,DL_FR,neutral,sadness,6,4,8.33,4,11,1,72.73,100.0,36.36,75.0,36.36,100.0,75.0,0.11601,0.4449,4,3,3_plus
368993,368994,UL_XP,happiness,neutral,3,6,66.67,0,11,1,0.0,0.0,63.64,100.0,,,,-1.0,-1.0,0,0,0
369144,369145,UL_XP,neutral,happiness,6,3,8.33,0,11,1,72.73,100.0,0.0,0.0,,,,-1.0,-1.0,0,0,0
369320,369321,UL_XP,happiness,neutral,3,6,66.67,0,11,1,0.0,0.0,72.73,100.0,,,,-1.0,-1.0,0,0,0
369436,369437,DL_FR,sadness,neutral,4,6,75.0,1,11,1,9.09,100.0,72.73,100.0,9.09,100.0,100.0,0.26777,-1.0,1,1,1
369458,369459,UL_XP,neutral,happiness,6,3,8.33,0,11,1,72.73,100.0,0.0,0.0,,,,-1.0,-1.0,0,0,0
369620,369621,UL_XP,happiness,neutral,3,6,75.0,0,11,1,0.0,0.0,72.73,100.0,,,,-1.0,-1.0,0,0,0
370065,370066,DL_FR,neutral,sadness,6,4,8.33,3,11,1,72.73,100.0,27.27,100.0,27.27,100.0,100.0,-1.0,0.44348,3,3,3_plus
370104,370105,DR_FR,neutral,sadness,6,4,16.67,3,11,1,72.73,100.0,27.27,100.0,27.27,100.0,100.0,0.02451,0.44523,3,3,3_plus
371046,371047,DL_FR,sadness,neutral,4,6,66.67,2,11,1,27.27,100.0,63.64,100.0,18.18,100.0,100.0,0.21507,-1.0,2,2,2
371262,371263,UL_XP,neutral,happiness,6,3,8.33,0,11,1,63.64,100.0,9.09,0.0,,,,-1.0,-1.0,0,0,0
371341,371342,UL_XP,happiness,neutral,3,6,66.67,0,11,1,9.09,100.0,63.64,100.0,,,,-1.0,-1.0,0,0,0
371415,371416,UL_XP,neutral,happiness,6,3,8.33,0,11,1,63.64,100.0,9.09,100.0,,,,-1.0,-1.0,0,0,0
371573,371574,DR_FR,sadness,neutral,4,6,66.67,2,11,1,18.18,100.0,72.73,100.0,18.18,100.0,100.0,0.10098,-1.0,2,2,2
371616,371617,DL_FR,neutral,surprise,6,5,16.67,0,11,1,63.64,100.0,18.18,50.0,,,,-1.0,-1.0,0,0,0
371714,371715,UR_LU,neutral,surprise,6,5,25.0,1,11,1,63.64,100.0,27.27,66.67,9.09,100.0,100.0,0.348,-1.0,1,1,1
371734,371735,UL_LU,neutral,sadness,6,4,8.33,1,11,1,63.64,100.0,9.09,100.0,9.09,100.0,100.0,-1.0,0.41921,1,1,1
371898,371899,UL_XP,happiness,neutral,3,6,50.0,0,11,1,9.09,100.0,54.55,100.0,,,,-1.0,-1.0,0,0,0
372206,372207,UL_XP,neutral,happiness,6,3,16.67,0,11,1,54.55,100.0,9.09,100.0,,,,-1.0,-1.0,0,0,0
372342,372343,UL_XP,happiness,neutral,3,6,50.0,0,11,1,9.09,100.0,54.55,100.0,,,,-1.0,-1.0,0,0,0
372523,372524,UL_XP,neutral,happiness,6,3,16.67,0,11,1,54.55,100.0,9.09,100.0,,,,-1.0,-1.0,0,0,0
372621,372622,UL_XP,happiness,neutral,3,6,50.0,0,11,1,9.09,100.0,54.55,100.0,,,,-1.0,-1.0,0,0,0
373105,373106,DL_FR,surprise,neutral,5,6,58.33,0,11,1,27.27,66.67,54.55,100.0,,,,-1.0,-1.0,0,0,0
373306,373307,UL_XP,neutral,happiness,6,3,16.67,0,11,1,54.55,100.0,9.09,100.0,,,,-1.0,-1.0,0,0,0
373358,373359,UL_XP,happiness,neutral,3,6,58.33,0,11,1,9.09,100.0,54.55,100.0,,,,-1.0,-1.0,0,0,0
374101,374102,UL_XP,neutral,happiness,6,3,16.67,0,11,1,54.55,100.0,9.09,100.0,,,,-1.0,-1.0,0,0,0
374537,374538,UL_XP,happiness,neutral,3,6,58.33,0,11,1,9.09,100.0,54.55,100.0,,,,-1.0,-1.0,0,0,0
374591,374592,UL_XP,neutral,happiness,6,3,16.67,0,11,1,54.55,100.0,9.09,100.0,,,,-1.0,-1.0,0,0,0
374716,374717,UL_XP,happiness,neutral,3,6,58.33,0,11,1,9.09,100.0,54.55,100.0,,,,-1.0,-1.0,0,0,0
375759,375760,UL_XP,neutral,happiness,6,3,16.67,0,11,1,54.55,100.0,9.09,100.0,,,,-1.0,-1.0,0,0,0
375895,375896,UL_XP,happiness,neutral,3,6,58.33,0,11,1,9.09,100.0,54.55,100.0,,,,-1.0,-1.0,0,0,0
376068,376069,UR_FR,neutral,anger,6,1,8.33,1,11,1,54.55,100.0,9.09,100.0,9.09,100.0,100.0,-1.0,0.31802,1,1,1
376121,376122,UL_LU,sadness,neutral,4,6,58.33,2,11,1,18.18,100.0,72.73,100.0,18.18,100.0,100.0,0.22435,-1.0,2,2,2
376127,376128,UL_FR,neutral,anger,6,1,16.67,1,11,1,72.73,100.0,9.09,100.0,9.09,100.0,100.0,0.12314,-1.0,1,1,1
376127,376128,UR_LU,surprise,neutral,5,6,58.33,0,11,1,18.18,50.0,72.73,100.0,,,,-1.0,-1.0,0,0,0
376210,376211,UR_FR,anger,neutral,1,6,66.67,1,11,1,9.09,100.0,72.73,100.0,9.09,100.0,100.0,-1.0,0.07217,1,1,1
376247,376248,UL_FR,anger,neutral,1,6,75.0,1,11,1,9.09,100.0,72.73,100.0,9.09,100.0,100.0,0.07608,-1.0,1,1,1
376486,376487,UR_XP,neutral,happiness,6,3,16.67,1,11,1,72.73,100.0,18.18,100.0,9.09,100.0,100.0,-1.0,0.39266,1,1,1
376505,376506,DR_FR,neutral,sadness,6,4,8.33,2,11,1,72.73,87.5,18.18,50.0,18.18,100.0,50.0,-1.0,0.27932,2,2,2
376671,376672,UR_LU,neutral,happiness,6,3,25.0,2,11,1,54.55,100.0,45.45,100.0,18.18,100.0,100.0,-1.0,0.37341,2,2,2
376903,376904,UL_LU,neutral,happiness,6,3,16.67,1,11,1,45.45,100.0,45.45,100.0,9.09,100.0,100.0,-1.0,0.54921,1,1,1
377184,377185,UL_LU,happiness,neutral,3,6,50.0,1,11,1,45.45,100.0,45.45,100.0,9.09,100.0,100.0,0.26165,-1.0,1,1,1
377313,377314,UL_LU,neutral,happiness,6,3,16.67,1,11,1,45.45,100.0,45.45,100.0,9.09,100.0,100.0,-1.0,0.02548,1,1,1
377322,377323,UL_XP,neutral,happiness,6,3,25.0,1,11,1,45.45,100.0,45.45,100.0,9.09,100.0,100.0,0.03773,-1.0,1,1,1
377424,377425,UL_XP,happiness,neutral,3,6,41.67,1,11,1,36.36,100.0,45.45,100.0,9.09,100.0,100.0,-1.0,0.28922,1,1,1
377470,377471,UL_LU,happiness,neutral,3,6,50.0,1,11,1,36.36,100.0,54.55,100.0,9.09,100.0,100.0,0.20692,-1.0,1,1,1
377531,377532,DR_FR,sadness,neutral,4,6,58.33,1,11,1,9.09,100.0,54.55,100.0,9.09,100.0,100.0,0.11156,-1.0,1,1,1
377722,377723,UR_XP,disgust,neutral,2,6,66.67,0,11,1,9.09,100.0,72.73,100.0,,,,-1.0,-1.0,0,0,0
377787,377788,UR_LU,happiness,neutral,3,6,75.0,3,11,1,36.36,75.0,72.73,100.0,27.27,66.67,100.0,0.27098,-1.0,3,3,3_plus
377885,377886,UL_XP,neutral,happiness,6,3,16.67,2,11,1,72.73,100.0,27.27,100.0,18.18,100.0,100.0,-1.0,0.35385,2,2,2
378204,378205,UR_LU,neutral,sadness,6,4,8.33,1,11,1,72.73,100.0,9.09,100.0,9.09,100.0,100.0,-1.0,0.11156,1,1,1
378215,378216,UL_XP,happiness,neutral,3,6,66.67,0,11,1,9.09,100.0,72.73,100.0,,,,-1.0,-1.0,0,0,0
379009,379010,UL_FR,neutral,surprise,6,5,16.67,0,11,1,54.55,100.0,18.18,50.0,,,,-1.0,-1.0,0,0,0
379433,379434,UL_FR,surprise,neutral,5,6,66.67,0,11,1,18.18,50.0,63.64,100.0,,,,-1.0,-1.0,0,0,0
380057,380058,DL_FR,neutral,anger,6,1,8.33,1,11,1,54.55,100.0,9.09,100.0,9.09,100.0,100.0,-1.0,0.55643,1,1,1
381571,381572,UL_XP,neutral,happiness,6,3,16.67,0,11,1,54.55,100.0,9.09,100.0,,,,-1.0,-1.0,0,0,0
382055,382056,UL_XP,happiness,neutral,3,6,50.0,0,11,1,9.09,100.0,54.55,100.0,,,,-1.0,-1.0,0,0,0
382222,382223,DR_FR,neutral,anger,6,1,16.67,2,11,1,63.64,100.0,18.18,100.0,18.18,100.0,100.0,0.00241,0.3739,2,2,2
382695,382696,UR_XP,neutral,anger,6,1,25.0,2,11,1,72.73,100.0,18.18,100.0,18.18,100.0,100.0,0.14313,-1.0,2,2,2
382894,382895,UL_FR,neutral,anger,6,1,25.0,3,11,1,63.64,85.71,27.27,100.0,27.27,66.67,100.0,0.32548,0.25585,3,3,3_plus
383380,383381,UL_XP,neutral,happiness,6,3,25.0,1,11,1,54.55,66.67,18.18,100.0,9.09,0.0,100.0,0.26768,-1.0,1,1,1
383532,383533,UL_XP,happiness,neutral,3,6,33.33,1,11,1,18.18,100.0,63.64,85.71,9.09,100.0,0.0,-1.0,0.26768,1,1,1
383692,383693,UL_FR,anger,neutral,1,6,33.33,2,11,1,27.27,100.0,45.45,80.0,18.18,100.0,50.0,0.25585,0.27409,2,2,2
384883,384884,UL_FR,neutral,anger,6,1,25.0,2,11,1,45.45,100.0,18.18,100.0,18.18,100.0,100.0,0.4648,-1.0,2,2,2
386044,386045,UL_XP,neutral,happiness,6,3,25.0,0,11,1,45.45,100.0,18.18,100.0,,,,-1.0,-1.0,0,0,0
386081,386082,UR_FR,neutral,anger,6,1,33.33,2,11,1,36.36,100.0,27.27,100.0,18.18,100.0,100.0,0.20864,-1.0,2,2,2
386140,386141,UR_XP,anger,neutral,1,6,16.67,2,11,1,27.27,100.0,36.36,100.0,18.18,100.0,100.0,-1.0,0.23767,2,2,2
386147,386148,UL_XP,happiness,neutral,3,6,25.0,0,11,1,18.18,100.0,36.36,100.0,,,,-1.0,-1.0,0,0,0
386243,386244,UR_XP,neutral,anger,6,1,33.33,2,11,1,54.55,100.0,27.27,100.0,18.18,100.0,100.0,0.32334,-1.0,2,2,2
386325,386326,UR_XP,anger,neutral,1,6,33.33,1,11,1,27.27,100.0,36.36,100.0,9.09,100.0,100.0,-1.0,0.28051,1,1,1
386566,386567,UR_XP,neutral,anger,6,1,41.67,1,11,1,36.36,100.0,36.36,100.0,9.09,100.0,100.0,0.27088,-1.0,1,1,1
386701,386702,UL_XP,neutral,happiness,6,3,16.67,0,11,1,27.27,100.0,9.09,100.0,,,,-1.0,-1.0,0,0,0
386898,386899,UL_XP,happiness,neutral,3,6,16.67,0,11,1,9.09,100.0,27.27,100.0,,,,-1.0,-1.0,0,0,0
387056,387057,UR_FR,anger,neutral,1,6,33.33,2,11,1,36.36,100.0,45.45,80.0,18.18,100.0,50.0,-1.0,0.15353,2,2,2
387095,387096,UL_FR,anger,neutral,1,6,41.67,2,11,1,36.36,100.0,45.45,100.0,18.18,100.0,100.0,0.08363,0.19508,2,2,2
387227,387228,DR_LU,surprise,neutral,5,6,41.67,0,11,1,9.09,0.0,45.45,100.0,,,,-1.0,-1.0,0,0,0
387802,387803,DR_FR,anger,neutral,1,6,50.0,2,11,1,18.18,100.0,63.64,85.71,18.18,100.0,50.0,-1.0,0.29378,2,2,2
388125,388126,UL_XP,neutral,happiness,6,3,16.67,0,11,1,63.64,85.71,9.09,100.0,,,,-1.0,-1.0,0,0,0
388307,388308,UL_XP,happiness,neutral,3,6,50.0,0,11,1,9.09,100.0,63.64,85.71,,,,-1.0,-1.0,0,0,0
388356,388357,DL_FR,anger,neutral,1,6,58.33,1,11,1,9.09,100.0,63.64,100.0,9.09,100.0,100.0,-1.0,0.45909,1,1,1
389190,389191,UR_XP,anger,neutral,1,6,66.67,0,11,1,0.0,0.0,63.64,100.0,,,,-1.0,-1.0,0,0,0
389298,389299,UL_LU,sadness,neutral,4,6,75.0,1,11,1,9.09,100.0,81.82,100.0,9.09,100.0,100.0,-1.0,0.31024,1,1,1
389344,389345,UR_LU,sadness,neutral,4,6,83.33,2,11,1,18.18,100.0,81.82,100.0,18.18,100.0,100.0,0.13738,-1.0,2,2,2
389345,389346,DR_FR,neutral,sadness,6,4,8.33,2,11,1,81.82,100.0,18.18,100.0,18.18,100.0,100.0,-1.0,0.14132,2,2,2
389517,389518,UR_LU,neutral,happiness,6,3,8.33,2,11,1,72.73,100.0,18.18,100.0,18.18,100.0,100.0,-1.0,0.29872,2,2,2
389557,389558,UL_LU,neutral,happiness,6,3,16.67,3,11,1,72.73,100.0,27.27,100.0,27.27,100.0,100.0,0.27219,0.37742,3,3,3_plus
389617,389618,UR_XP,neutral,happiness,6,3,25.0,3,11,1,72.73,87.5,27.27,100.0,27.27,66.67,100.0,0.33272,0.07945,3,3,3_plus
389644,389645,UL_XP,neutral,happiness,6,3,33.33,3,11,1,72.73,87.5,27.27,100.0,27.27,66.67,100.0,0.31563,-1.0,3,3,3_plus
389678,389679,DL_FR,neutral,sadness,6,4,16.67,0,11,1,72.73,87.5,9.09,100.0,,,,-1.0,-1.0,0,0,0
389852,389853,UL_FR,neutral,sadness,6,4,25.0,2,11,1,72.73,100.0,18.18,100.0,18.18,100.0,100.0,0.3455,-1.0,2,2,2
390057,390058,UL_XP,happiness,neutral,3,6,41.67,3,11,1,27.27,100.0,81.82,100.0,27.27,100.0,100.0,-1.0,0.17233,3,3,3_plus
390061,390062,UR_LU,happiness,neutral,3,6,50.0,3,11,1,27.27,100.0,81.82,100.0,27.27,100.0,100.0,0.00671,0.21435,3,3,3_plus
390064,390065,UL_LU,happiness,neutral,3,6,58.33,3,11,1,27.27,100.0,81.82,100.0,27.27,100.0,100.0,0.01747,0.39469,3,3,3_plus
390114,390115,UR_XP,happiness,neutral,3,6,66.67,3,11,1,27.27,100.0,81.82,100.0,27.27,100.0,100.0,0.25426,-1.0,3,3,3_plus
390149,390150,UR_FR,neutral,anger,6,1,8.33,1,11,1,81.82,100.0,9.09,0.0,9.09,100.0,0.0,-1.0,0.52029,1,1,1
390166,390167,UL_LU,neutral,happiness,6,3,8.33,2,11,1,81.82,100.0,18.18,100.0,18.18,100.0,100.0,-1.0,0.21329,2,2,2
390222,390223,DL_FR,sadness,neutral,4,6,58.33,1,11,1,18.18,100.0,81.82,100.0,9.09,100.0,100.0,-1.0,0.03348,1,1,1
390251,390252,UL_XP,neutral,happiness,6,3,16.67,1,11,1,72.73,100.0,18.18,50.0,9.09,100.0,0.0,-1.0,0.57765,1,1,1
390311,390312,UL_XP,happiness,neutral,3,6,58.33,0,11,1,9.09,100.0,72.73,100.0,,,,-1.0,-1.0,0,0,0
390337,390338,UL_XP,neutral,happiness,6,3,16.67,0,11,1,72.73,100.0,9.09,100.0,,,,-1.0,-1.0,0,0,0
390341,390342,UR_XP,neutral,anger,6,1,16.67,2,11,1,72.73,100.0,18.18,100.0,18.18,100.0,100.0,0.21375,0.0971,2,2,2
390387,390388,UR_LU,neutral,anger,6,1,25.0,3,11,1,72.73,100.0,27.27,100.0,27.27,100.0,100.0,0.16267,0.25013,3,3,3_plus
390424,390425,UR_LU,anger,neutral,1,6,41.67,3,11,1,27.27,100.0,72.73,100.0,27.27,100.0,100.0,0.11953,0.20148,3,3,3_plus
390450,390451,UR_LU,neutral,anger,6,1,25.0,3,11,1,72.73,100.0,27.27,100.0,27.27,100.0,100.0,0.2198,0.03517,3,3,3_plus
390464,390465,DL_FR,neutral,anger,6,1,33.33,3,11,1,81.82,88.89,27.27,100.0,27.27,100.0,100.0,0.16532,-1.0,3,3,3_plus
390524,390525,DR_FR,disgust,neutral,2,6,33.33,0,11,1,0.0,0.0,81.82,100.0,,,,-1.0,-1.0,0,0,0
390533,390534,UR_LU,anger,neutral,1,6,41.67,3,11,1,27.27,100.0,81.82,100.0,27.27,100.0,100.0,-1.0,0.19177,3,3,3_plus
390576,390577,UR_LU,neutral,anger,6,1,33.33,4,11,1,81.82,100.0,36.36,100.0,36.36,100.0,100.0,0.20666,0.08468,4,3,3_plus
390659,390660,UL_XP,happiness,neutral,3,6,41.67,0,11,1,0.0,0.0,81.82,100.0,,,,-1.0,-1.0,0,0,0
390785,390786,UL_XP,neutral,happiness,6,3,8.33,0,11,1,72.73,100.0,0.0,0.0,,,,-1.0,-1.0,0,0,0
390824,390825,UL_XP,happiness,neutral,3,6,41.67,0,11,1,0.0,0.0,72.73,100.0,,,,-1.0,-1.0,0,0,0
390886,390887,UL_XP,neutral,happiness,6,3,8.33,0,11,1,72.73,100.0,0.0,0.0,,,,-1.0,-1.0,0,0,0
390966,390967,DR_FR,neutral,surprise,6,5,8.33,0,11,1,81.82,100.0,0.0,0.0,,,,-1.0,-1.0,0,0,0
390978,390979,UR_XP,anger,neutral,1,6,41.67,2,11,1,18.18,100.0,81.82,100.0,18.18,100.0,100.0,-1.0,0.18505,2,2,2
391012,391013,UL_XP,happiness,neutral,3,6,50.0,0,11,1,0.0,0.0,72.73,100.0,,,,-1.0,-1.0,0,0,0
391289,391290,UL_XP,neutral,happiness,6,3,8.33,0,11,1,72.73,100.0,0.0,0.0,,,,-1.0,-1.0,0,0,0
391389,391390,UL_XP,happiness,neutral,3,6,50.0,0,11,1,0.0,0.0,72.73,100.0,,,,-1.0,-1.0,0,0,0
391405,391406,DL_FR,anger,neutral,1,6,58.33,1,11,1,18.18,100.0,72.73,100.0,9.09,100.0,100.0,-1.0,0.27905,1,1,1
391823,391824,UR_LU,neutral,anger,6,1,25.0,2,11,1,72.73,100.0,27.27,100.0,18.18,100.0,100.0,0.27905,0.22327,2,2,2
392028,392029,UR_LU,anger,neutral,1,6,58.33,2,11,1,27.27,100.0,72.73,100.0,18.18,100.0,100.0,0.22327,0.27905,2,2,2
392054,392055,UR_LU,neutral,anger,6,1,25.0,2,11,1,72.73,100.0,27.27,100.0,18.18,100.0,100.0,0.27905,0.22327,2,2,2
392121,392122,UL_XP,neutral,happiness,6,3,8.33,0,11,1,72.73,100.0,0.0,0.0,,,,-1.0,-1.0,0,0,0
392349,392350,UL_XP,happiness,neutral,3,6,50.0,0,11,1,0.0,0.0,63.64,100.0,,,,-1.0,-1.0,0,0,0
392615,392616,UR_LU,neutral,anger,6,1,25.0,1,11,1,72.73,100.0,18.18,100.0,9.09,100.0,100.0,0.27905,-1.0,1,1,1
392660,392661,UL_XP,neutral,happiness,6,3,8.33,0,11,1,72.73,100.0,0.0,0.0,,,,-1.0,-1.0,0,0,0
392802,392803,UL_XP,happiness,neutral,3,6,50.0,0,11,1,0.0,0.0,72.73,100.0,,,,-1.0,-1.0,0,0,0
392820,392821,UR_LU,anger,neutral,1,6,58.33,1,11,1,27.27,100.0,72.73,100.0,9.09,100.0,100.0,-1.0,0.27905,1,1,1
392954,392955,UR_LU,neutral,anger,6,1,33.33,1,11,1,72.73,100.0,27.27,100.0,9.09,100.0,100.0,0.27905,-1.0,1,1,1
393453,393454,UR_LU,anger,neutral,1,6,58.33,2,11,1,27.27,100.0,81.82,100.0,18.18,100.0,100.0,-1.0,0.18915,2,2,2
393475,393476,UR_LU,neutral,anger,6,1,33.33,2,11,1,81.82,100.0,27.27,100.0,18.18,100.0,100.0,0.2025,-1.0,2,2,2
394130,394131,UR_LU,anger,neutral,1,6,58.33,1,11,1,27.27,100.0,72.73,100.0,9.09,100.0,100.0,-1.0,0.27905,1,1,1
394232,394233,UL_XP,neutral,happiness,6,3,8.33,0,11,1,72.73,100.0,0.0,0.0,,,,-1.0,-1.0,0,0,0
394260,394261,UR_LU,neutral,anger,6,1,33.33,1,11,1,72.73,100.0,27.27,100.0,9.09,100.0,100.0,0.27905,-1.0,1,1,1
394510,394511,UL_XP,happiness,neutral,3,6,50.0,0,11,1,0.0,0.0,72.73,100.0,,,,-1.0,-1.0,0,0,0
394800,394801,UL_XP,neutral,happiness,6,3,8.33,0,11,1,72.73,100.0,0.0,0.0,,,,-1.0,-1.0,0,0,0
394852,394853,UL_XP,happiness,neutral,3,6,50.0,0,11,1,0.0,0.0,72.73,100.0,,,,-1.0,-1.0,0,0,0
394916,394917,UR_LU,anger,neutral,1,6,58.33,1,11,1,27.27,100.0,72.73,100.0,9.09,100.0,100.0,-1.0,0.27905,1,1,1
394926,394927,DL_FR,neutral,surprise,6,5,8.33,0,11,1,72.73,100.0,0.0,0.0,,,,-1.0,-1.0,0,0,0
395084,395085,UR_LU,neutral,anger,6,1,33.33,1,11,1,72.73,100.0,27.27,100.0,9.09,100.0,100.0,0.27905,-1.0,1,1,1
395470,395471,UR_LU,anger,neutral,1,6,50.0,1,11,1,27.27,100.0,72.73,100.0,9.09,100.0,100.0,-1.0,0.27905,1,1,1
396301,396302,UR_LU,neutral,anger,6,1,33.33,1,11,1,72.73,100.0,27.27,100.0,9.09,100.0,100.0,0.27905,-1.0,1,1,1
396653,396654,DR_FR,anger,neutral,1,6,50.0,1,11,1,18.18,100.0,63.64,100.0,9.09,100.0,100.0,-1.0,0.27905,1,1,1
396715,396716,UR_XP,neutral,disgust,6,2,8.33,0,11,1,72.73,100.0,0.0,0.0,,,,-1.0,-1.0,0,0,0
397081,397082,UR_XP,disgust,neutral,2,6,50.0,0,11,1,0.0,0.0,72.73,100.0,,,,-1.0,-1.0,0,0,0
397566,397567,UL_XP,neutral,happiness,6,3,16.67,1,11,1,81.82,100.0,9.09,100.0,9.09,100.0,100.0,0.20476,-1.0,1,1,1
397626,397627,DL_FR,surprise,neutral,5,6,50.0,0,11,1,0.0,0.0,81.82,100.0,,,,-1.0,-1.0,0,0,0
397921,397922,UR_LU,happiness,neutral,3,6,58.33,0,11,1,9.09,100.0,72.73,100.0,,,,-1.0,-1.0,0,0,0
397934,397935,UR_LU,neutral,happiness,6,3,16.67,0,11,1,72.73,100.0,9.09,100.0,,,,-1.0,-1.0,0,0,0
398176,398177,UL_XP,happiness,neutral,3,6,58.33,0,11,1,9.09,100.0,72.73,100.0,,,,-1.0,-1.0,0,0,0
398241,398242,UL_XP,neutral,happiness,6,3,16.67,0,11,1,72.73,100.0,9.09,100.0,,,,-1.0,-1.0,0,0,0
398956,398957,UL_XP,happiness,neutral,3,6,58.33,0,11,1,0.0,0.0,63.64,100.0,,,,-1.0,-1.0,0,0,0
399129,399130,DR_FR,neutral,surprise,6,5,8.33,0,11,1,63.64,100.0,0.0,0.0,,,,-1.0,-1.0,0,0,0
400264,400265,UR_LU,anger,neutral,1,6,58.33,1,11,1,27.27,100.0,72.73,100.0,9.09,100.0,100.0,0.72592,-1.0,1,1,1
400382,400383,UL_XP,neutral,happiness,6,3,8.33,0,11,1,72.73,100.0,0.0,0.0,,,,-1.0,-1.0,0,0,0
400832,400833,UL_XP,happiness,neutral,3,6,58.33,0,11,1,0.0,0.0,72.73,100.0,,,,-1.0,-1.0,0,0,0
401083,401084,UL_XP,neutral,happiness,6,3,8.33,0,11,1,72.73,100.0,0.0,0.0,,,,-1.0,-1.0,0,0,0
401102,401103,UR_LU,neutral,anger,6,1,25.0,1,11,1,72.73,100.0,27.27,100.0,9.09,100.0,100.0,-1.0,0.35118,1,1,1
401302,401303,DL_FR,neutral,surprise,6,5,16.67,1,11,1,63.64,100.0,9.09,100.0,9.09,100.0,100.0,0.55556,-1.0,1,1,1
401312,401313,UL_XP,happiness,neutral,3,6,41.67,0,11,1,0.0,0.0,63.64,100.0,,,,-1.0,-1.0,0,0,0
401445,401446,UR_LU,anger,neutral,1,6,50.0,1,11,1,27.27,66.67,72.73,100.0,9.09,0.0,100.0,0.4608,-1.0,1,1,1
401498,401499,UR_LU,neutral,anger,6,1,25.0,1,11,1,72.73,100.0,27.27,66.67,9.09,100.0,0.0,-1.0,0.40735,1,1,1
401817,401818,UL_XP,neutral,happiness,6,3,8.33,0,11,1,63.64,100.0,0.0,0.0,,,,-1.0,-1.0,0,0,0
401899,401900,UL_FR,sadness,neutral,4,6,41.67,1,11,1,9.09,0.0,63.64,100.0,9.09,0.0,100.0,0.20497,0.05638,1,1,1
401921,401922,UL_XP,happiness,neutral,3,6,50.0,0,11,1,0.0,0.0,63.64,100.0,,,,-1.0,-1.0,0,0,0
401924,401925,UR_XP,neutral,anger,6,1,33.33,1,11,1,63.64,100.0,36.36,100.0,9.09,100.0,100.0,-1.0,0.73936,1,1,1
402129,402130,UR_XP,anger,neutral,1,6,50.0,0,11,1,27.27,100.0,54.55,100.0,,,,-1.0,-1.0,0,0,0
402817,402818,UR_LU,happiness,neutral,3,6,58.33,0,11,1,0.0,0.0,72.73,100.0,,,,-1.0,-1.0,0,0,0
402864,402865,UR_LU,neutral,anger,6,1,25.0,1,11,1,72.73,100.0,27.27,100.0,9.09,100.0,100.0,-1.0,0.70038,1,1,1
402954,402955,DL_FR,surprise,neutral,5,6,58.33,1,11,1,9.09,100.0,63.64,100.0,9.09,100.0,100.0,-1.0,0.4979,1,1,1
404485,404486,UL_XP,neutral,happiness,6,3,8.33,0,11,1,72.73,100.0,0.0,0.0,,,,-1.0,-1.0,0,0,0
404623,404624,DR_FR,surprise,neutral,5,6,58.33,0,11,1,0.0,0.0,63.64,100.0,,,,-1.0,-1.0,0,0,0
405128,405129,UL_XP,happiness,neutral,3,6,66.67,0,11,1,9.09,100.0,63.64,100.0,,,,-1.0,-1.0,0,0,0
405345,405346,UL_XP,neutral,happiness,6,3,8.33,0,11,1,72.73,100.0,0.0,0.0,,,,-1.0,-1.0,0,0,0
405646,405647,UR_LU,happiness,neutral,3,6,66.67,1,11,1,9.09,100.0,72.73,100.0,9.09,100.0,100.0,-1.0,0.30046,1,1,1
405726,405727,UR_LU,neutral,anger,6,1,25.0,1,11,1,72.73,100.0,27.27,100.0,9.09,100.0,100.0,-1.0,0.69394,1,1,1
405782,405783,UL_XP,happiness,neutral,3,6,66.67,0,11,1,0.0,0.0,72.73,100.0,,,,-1.0,-1.0,0,0,0
405888,405889,UL_LU,anger,neutral,1,6,75.0,0,11,1,18.18,100.0,72.73,100.0,,,,-1.0,-1.0,0,0,0
406422,406423,DR_LU,neutral,disgust,6,2,8.33,0,11,1,72.73,100.0,0.0,0.0,,,,-1.0,-1.0,0,0,0
406522,406523,DR_LU,disgust,neutral,2,6,75.0,0,11,1,0.0,0.0,81.82,100.0,,,,-1.0,-1.0,0,0,0
406702,406703,DR_FR,neutral,surprise,6,5,8.33,0,11,1,81.82,100.0,0.0,0.0,,,,-1.0,-1.0,0,0,0
406818,406819,UR_XP,neutral,happiness,6,3,8.33,1,11,1,81.82,100.0,9.09,100.0,9.09,100.0,100.0,-1.0,0.50899,1,1,1
407194,407195,DR_LU,neutral,sadness,6,4,8.33,0,11,1,72.73,100.0,0.0,0.0,,,,-1.0,-1.0,0,0,0
407372,407373,UL_LU,anger,neutral,1,6,50.0,0,11,1,9.09,100.0,63.64,100.0,,,,-1.0,-1.0,0,0,0
407380,407381,UR_XP,happiness,neutral,3,6,58.33,1,11,1,9.09,100.0,63.64,100.0,9.09,100.0,100.0,0.52801,-1.0,1,1,1
407539,407540,DR_FR,surprise,neutral,5,6,66.67,0,11,1,0.0,0.0,63.64,100.0,,,,-1.0,-1.0,0,0,0
407854,407855,DR_FR,neutral,surprise,6,5,8.33,0,11,1,63.64,100.0,0.0,0.0,,,,-1.0,-1.0,0,0,0
407987,407988,UR_LU,anger,neutral,1,6,66.67,0,11,1,9.09,100.0,72.73,100.0,,,,-1.0,-1.0,0,0,0
408196,408197,UR_LU,neutral,anger,6,1,16.67,0,11,1,72.73,100.0,9.09,100.0,,,,-1.0,-1.0,0,0,0
408198,408199,UR_LU,anger,neutral,1,6,66.67,0,11,1,9.09,100.0,72.73,100.0,,,,-1.0,-1.0,0,0,0
408232,408233,UR_LU,neutral,anger,6,1,16.67,0,11,1,72.73,100.0,9.09,100.0,,,,-1.0,-1.0,0,0,0
409020,409021,UR_LU,anger,neutral,1,6,66.67,0,11,1,9.09,100.0,72.73,100.0,,,,-1.0,-1.0,0,0,0
409171,409172,UR_LU,neutral,anger,6,1,16.67,0,11,1,72.73,100.0,9.09,100.0,,,,-1.0,-1.0,0,0,0
409649,409650,UR_LU,anger,neutral,1,6,58.33,0,11,1,9.09,100.0,63.64,100.0,,,,-1.0,-1.0,0,0,0
409786,409787,UR_LU,neutral,anger,6,1,16.67,0,11,1,63.64,100.0,9.09,100.0,,,,-1.0,-1.0,0,0,0
410236,410237,DR_FR,anger,neutral,1,6,58.33,0,11,1,18.18,100.0,54.55,100.0,,,,-1.0,-1.0,0,0,0
410361,410362,UL_XP,neutral,happiness,6,3,16.67,0,11,1,54.55,100.0,9.09,100.0,,,,-1.0,-1.0,0,0,0
410398,410399,UR_LU,anger,neutral,1,6,58.33,0,11,1,9.09,100.0,63.64,100.0,,,,-1.0,-1.0,0,0,0
410498,410499,UL_XP,happiness,neutral,3,6,58.33,0,11,1,9.09,100.0,54.55,100.0,,,,-1.0,-1.0,0,0,0
410901,410902,UR_LU,neutral,anger,6,1,16.67,0,11,1,63.64,100.0,9.09,100.0,,,,-1.0,-1.0,0,0,0
411395,411396,UL_XP,neutral,happiness,6,3,16.67,0,11,1,63.64,100.0,9.09,100.0,,,,-1.0,-1.0,0,0,0
411496,411497,UL_XP,happiness,neutral,3,6,58.33,0,11,1,9.09,100.0,63.64,100.0,,,,-1.0,-1.0,0,0,0
413870,413871,DR_FR,neutral,surprise,6,5,8.33,0,11,1,63.64,100.0,0.0,0.0,,,,-1.0,-1.0,0,0,0
413970,413971,DR_FR,surprise,neutral,5,6,66.67,1,11,1,9.09,100.0,72.73,100.0,9.09,100.0,100.0,0.53885,-1.0,1,1,1
413995,413996,UL_XP,neutral,happiness,6,3,16.67,1,11,1,72.73,100.0,18.18,100.0,9.09,100.0,100.0,-1.0,0.33593,1,1,1
414055,414056,UL_XP,happiness,neutral,3,6,66.67,1,11,1,18.18,100.0,72.73,100.0,9.09,100.0,100.0,0.20538,-1.0,1,1,1
414058,414059,UR_FR,anger,neutral,1,6,75.0,0,11,1,0.0,0.0,72.73,100.0,,,,-1.0,-1.0,0,0,0
414140,414141,DR_FR,neutral,surprise,6,5,8.33,1,11,1,72.73,100.0,9.09,100.0,9.09,100.0,100.0,-1.0,0.34724,1,1,1
414289,414290,UR_FR,neutral,anger,6,1,8.33,0,11,1,72.73,100.0,0.0,0.0,,,,-1.0,-1.0,0,0,0
414429,414430,UR_FR,anger,neutral,1,6,66.67,0,11,1,0.0,0.0,72.73,100.0,,,,-1.0,-1.0,0,0,0
414464,414465,UR_FR,neutral,surprise,6,5,16.67,0,11,1,63.64,100.0,9.09,100.0,,,,-1.0,-1.0,0,0,0
414754,414755,UR_FR,surprise,neutral,5,6,66.67,0,11,1,9.09,100.0,63.64,100.0,,,,-1.0,-1.0,0,0,0
414994,414995,UL_XP,neutral,happiness,6,3,16.67,0,11,1,72.73,100.0,9.09,100.0,,,,-1.0,-1.0,0,0,0
415149,415150,DR_FR,surprise,neutral,5,6,66.67,0,11,1,0.0,0.0,72.73,100.0,,,,-1.0,-1.0,0,0,0
415171,415172,UL_XP,happiness,neutral,3,6,75.0,0,11,1,9.09,100.0,72.73,100.0,,,,-1.0,-1.0,0,0,0
415309,415310,UL_LU,neutral,sadness,6,4,16.67,0,11,1,72.73,100.0,9.09,100.0,,,,-1.0,-1.0,0,0,0
415352,415353,UL_XP,neutral,happiness,6,3,16.67,0,11,1,72.73,100.0,9.09,100.0,,,,-1.0,-1.0,0,0,0
415381,415382,UR_LU,neutral,sadness,6,4,25.0,2,11,1,72.73,100.0,27.27,66.67,18.18,100.0,50.0,0.28718,0.30707,2,2,2
415477,415478,UL_XP,happiness,neutral,3,6,58.33,0,11,1,9.09,100.0,63.64,100.0,,,,-1.0,-1.0,0,0,0
415702,415703,UR_LU,sadness,neutral,4,6,66.67,3,11,1,36.36,75.0,72.73,100.0,27.27,66.67,100.0,0.41221,0.09237,3,3,3_plus
415739,415740,UL_XP,neutral,happiness,6,3,16.67,1,11,1,72.73,100.0,18.18,100.0,9.09,100.0,100.0,-1.0,0.32146,1,1,1
415816,415817,DL_FR,neutral,happiness,6,3,25.0,1,11,1,72.73,100.0,18.18,100.0,9.09,100.0,100.0,0.13619,-1.0,1,1,1
415885,415886,UR_LU,neutral,sadness,6,4,25.0,1,11,1,72.73,100.0,18.18,100.0,9.09,100.0,100.0,0.39463,-1.0,1,1,1
415921,415922,UL_XP,happiness,neutral,3,6,50.0,1,11,1,18.18,100.0,63.64,100.0,9.09,100.0,100.0,-1.0,0.05001,1,1,1
416082,416083,UR_LU,sadness,neutral,4,6,58.33,0,11,1,18.18,100.0,63.64,100.0,,,,-1.0,-1.0,0,0,0
416231,416232,UR_LU,neutral,sadness,6,4,25.0,0,11,1,63.64,100.0,18.18,100.0,,,,-1.0,-1.0,0,0,0
416269,416270,UR_LU,sadness,neutral,4,6,58.33,0,11,1,18.18,100.0,63.64,100.0,,,,-1.0,-1.0,0,0,0
416310,416311,UR_LU,neutral,sadness,6,4,25.0,0,11,1,63.64,100.0,18.18,100.0,,,,-1.0,-1.0,0,0,0
416629,416630,DL_FR,happiness,neutral,3,6,58.33,1,11,1,18.18,100.0,54.55,100.0,9.09,100.0,100.0,0.36888,-1.0,1,1,1
416792,416793,UL_XP,neutral,happiness,6,3,16.67,1,11,1,54.55,100.0,18.18,100.0,9.09,100.0,100.0,-1.0,0.40207,1,1,1
417140,417141,UL_XP,happiness,neutral,3,6,58.33,1,11,1,18.18,100.0,54.55,100.0,9.09,100.0,100.0,0.40207,-1.0,1,1,1
417225,417226,UR_LU,sadness,neutral,4,6,66.67,0,11,1,18.18,100.0,63.64,100.0,,,,-1.0,-1.0,0,0,0
417401,417402,UR_LU,neutral,sadness,6,4,25.0,0,11,1,63.64,100.0,18.18,100.0,,,,-1.0,-1.0,0,0,0
418882,418883,UL_XP,neutral,happiness,6,3,16.67,1,11,1,63.64,100.0,18.18,100.0,9.09,100.0,100.0,-1.0,0.52399,1,1,1
419016,419017,UL_XP,happiness,neutral,3,6,66.67,1,11,1,18.18,100.0,63.64,100.0,9.09,100.0,100.0,0.52399,-1.0,1,1,1
419428,419429,UR_LU,sadness,neutral,4,6,75.0,0,11,1,18.18,100.0,72.73,100.0,,,,-1.0,-1.0,0,0,0
419921,419922,UR_XP,neutral,happiness,6,3,16.67,1,11,1,90.91,100.0,18.18,100.0,9.09,100.0,100.0,-1.0,0.52399,1,1,1
419939,419940,UR_XP,happiness,neutral,3,6,83.33,1,11,1,18.18,100.0,90.91,100.0,9.09,100.0,100.0,0.52399,-1.0,1,1,1
419963,419964,DR_LU,sadness,neutral,4,6,91.67,0,11,1,0.0,0.0,90.91,100.0,,,,-1.0,-1.0,0,0,0
420088,420089,UR_LU,neutral,sadness,6,4,8.33,0,11,1,90.91,100.0,0.0,0.0,,,,-1.0,-1.0,0,0,0
420325,420326,UL_LU,neutral,sadness,6,4,16.67,1,11,1,90.91,100.0,9.09,100.0,9.09,100.0,100.0,0.05032,-1.0,1,1,1
420346,420347,UL_LU,sadness,neutral,4,6,83.33,1,11,1,9.09,100.0,90.91,100.0,9.09,100.0,100.0,-1.0,0.09125,1,1,1
420362,420363,UL_LU,neutral,sadness,6,4,16.67,1,11,1,90.91,100.0,9.09,100.0,9.09,100.0,100.0,0.103,-1.0,1,1,1
420722,420723,UR_LU,sadness,neutral,4,6,83.33,0,11,1,9.09,100.0,81.82,100.0,,,,-1.0,-1.0,0,0,0
420782,420783,UL_LU,sadness,neutral,4,6,91.67,1,11,1,9.09,100.0,90.91,100.0,9.09,100.0,100.0,0.12613,-1.0,1,1,1
420957,420958,DL_FR,neutral,happiness,6,3,16.67,1,11,1,90.91,100.0,18.18,100.0,9.09,100.0,100.0,-1.0,0.1402,1,1,1
421284,421285,UL_LU,neutral,sadness,6,4,8.33,1,11,1,81.82,100.0,9.09,0.0,9.09,100.0,0.0,-1.0,0.16043,1,1,1
421295,421296,UL_XP,neutral,happiness,6,3,25.0,0,11,1,81.82,100.0,18.18,100.0,,,,-1.0,-1.0,0,0,0
421375,421376,UR_LU,neutral,sadness,6,4,16.67,0,11,1,72.73,100.0,9.09,100.0,,,,-1.0,-1.0,0,0,0
421536,421537,UL_XP,happiness,neutral,3,6,66.67,0,11,1,18.18,100.0,63.64,100.0,,,,-1.0,-1.0,0,0,0
421641,421642,UR_LU,sadness,neutral,4,6,75.0,0,11,1,9.09,100.0,72.73,100.0,,,,-1.0,-1.0,0,0,0
421798,421799,UL_XP,neutral,happiness,6,3,25.0,0,11,1,72.73,100.0,18.18,100.0,,,,-1.0,-1.0,0,0,0
421975,421976,UR_LU,neutral,sadness,6,4,16.67,0,11,1,72.73,100.0,9.09,100.0,,,,-1.0,-1.0,0,0,0
422565,422566,UL_XP,happiness,neutral,3,6,66.67,0,11,1,18.18,100.0,72.73,100.0,,,,-1.0,-1.0,0,0,0
422613,422614,UR_LU,sadness,neutral,4,6,75.0,0,11,1,9.09,100.0,72.73,100.0,,,,-1.0,-1.0,0,0,0
422695,422696,UR_LU,neutral,sadness,6,4,8.33,0,11,1,72.73,100.0,0.0,0.0,,,,-1.0,-1.0,0,0,0
422712,422713,UR_LU,sadness,neutral,4,6,75.0,0,11,1,0.0,0.0,72.73,100.0,,,,-1.0,-1.0,0,0,0
422731,422732,UR_LU,neutral,sadness,6,4,16.67,0,11,1,72.73,100.0,9.09,100.0,,,,-1.0,-1.0,0,0,0
422769,422770,UR_LU,sadness,neutral,4,6,75.0,0,11,1,9.09,100.0,72.73,100.0,,,,-1.0,-1.0,0,0,0
422813,422814,UL_XP,neutral,happiness,6,3,25.0,0,11,1,72.73,100.0,18.18,100.0,,,,-1.0,-1.0,0,0,0
423132,423133,UR_LU,neutral,sadness,6,4,8.33,0,11,1,72.73,100.0,0.0,0.0,,,,-1.0,-1.0,0,0,0
424497,424498,UL_XP,happiness,neutral,3,6,66.67,0,11,1,18.18,100.0,63.64,100.0,,,,-1.0,-1.0,0,0,0
424686,424687,UL_XP,neutral,happiness,6,3,25.0,0,11,1,63.64,100.0,18.18,100.0,,,,-1.0,-1.0,0,0,0
424882,424883,UL_XP,happiness,neutral,3,6,66.67,0,11,1,18.18,100.0,63.64,100.0,,,,-1.0,-1.0,0,0,0
425157,425158,UL_XP,neutral,happiness,6,3,25.0,0,11,1,63.64,100.0,18.18,100.0,,,,-1.0,-1.0,0,0,0
425762,425763,UL_XP,happiness,neutral,3,6,66.67,0,11,1,18.18,100.0,63.64,100.0,,,,-1.0,-1.0,0,0,0
426143,426144,UL_XP,neutral,happiness,6,3,25.0,0,11,1,72.73,100.0,18.18,100.0,,,,-1.0,-1.0,0,0,0
426611,426612,UL_XP,happiness,neutral,3,6,66.67,0,11,1,18.18,100.0,72.73,100.0,,,,-1.0,-1.0,0,0,0
426682,426683,UR_LU,sadness,neutral,4,6,75.0,1,11,1,18.18,50.0,72.73,100.0,9.09,0.0,100.0,0.40029,-1.0,1,1,1
426825,426826,UR_LU,neutral,sadness,6,4,16.67,1,11,1,72.73,100.0,18.18,50.0,9.09,100.0,0.0,-1.0,0.2852,1,1,1
426827,426828,UL_XP,neutral,happiness,6,3,25.0,0,11,1,72.73,100.0,18.18,100.0,,,,-1.0,-1.0,0,0,0
427032,427033,UR_LU,sadness,neutral,4,6,66.67,0,11,1,9.09,100.0,72.73,100.0,,,,-1.0,-1.0,0,0,0
427159,427160,UR_LU,neutral,sadness,6,4,16.67,0,11,1,72.73,100.0,9.09,100.0,,,,-1.0,-1.0,0,0,0
427233,427234,UL_XP,happiness,neutral,3,6,66.67,0,11,1,18.18,100.0,63.64,100.0,,,,-1.0,-1.0,0,0,0
428141,428142,UR_XP,neutral,anger,6,1,8.33,0,11,1,63.64,100.0,0.0,0.0,,,,-1.0,-1.0,0,0,0
428209,428210,UR_XP,anger,neutral,1,6,66.67,0,11,1,0.0,0.0,63.64,100.0,,,,-1.0,-1.0,0,0,0
428655,428656,DL_FR,sadness,neutral,4,6,75.0,3,11,1,27.27,100.0,90.91,100.0,27.27,100.0,100.0,0.07994,0.55875,3,3,3_plus
428784,428785,DL_FR,neutral,sadness,6,4,25.0,1,11,1,81.82,100.0,18.18,100.0,9.09,100.0,100.0,0.59292,-1.0,1,1,1
428848,428849,UL_LU,sadness,neutral,4,6,75.0,2,11,1,18.18,100.0,90.91,100.0,18.18,100.0,100.0,-1.0,0.1337,2,2,2
428879,428880,DL_XP,happiness,neutral,3,6,83.33,1,11,1,9.09,100.0,100.0,100.0,9.09,100.0,100.0,0.32029,-1.0,1,1,1
428889,428890,UR_LU,sadness,neutral,4,6,91.67,3,11,1,27.27,100.0,100.0,100.0,27.27,100.0,100.0,0.38711,0.29884,3,3,3_plus
428946,428947,UR_LU,neutral,happiness,6,3,8.33,2,11,1,90.91,100.0,18.18,100.0,18.18,100.0,100.0,-1.0,0.23819,2,2,2
428983,428984,UR_LU,happiness,neutral,3,6,91.67,2,11,1,18.18,100.0,90.91,100.0,18.18,100.0,100.0,0.3308,-1.0,2,2,2
429058,429059,DR_FR,neutral,surprise,6,5,8.33,0,11,1,90.91,100.0,0.0,0.0,,,,-1.0,-1.0,0,0,0
429112,429113,UL_XP,neutral,happiness,6,3,8.33,1,11,1,90.91,100.0,9.09,100.0,9.09,100.0,100.0,-1.0,0.39396,1,1,1
429151,429152,UR_LU,neutral,happiness,6,3,16.67,1,11,1,90.91,100.0,9.09,100.0,9.09,100.0,100.0,0.19769,-1.0,1,1,1
429219,429220,UR_FR,neutral,anger,6,1,8.33,2,11,1,90.91,100.0,18.18,100.0,18.18,100.0,100.0,-1.0,0.25288,2,2,2
429258,429259,UL_LU,neutral,happiness,6,3,25.0,2,11,1,90.91,100.0,27.27,100.0,18.18,100.0,100.0,0.47996,0.48924,2,2,2
429284,429285,UR_XP,neutral,disgust,6,2,8.33,0,11,1,90.91,90.0,0.0,0.0,,,,-1.0,-1.0,0,0,0
429378,429379,UR_FR,anger,neutral,1,6,50.0,1,11,1,18.18,100.0,81.82,88.89,9.09,100.0,100.0,0.20919,-1.0,1,1,1
429411,429412,UL_LU,happiness,neutral,3,6,58.33,4,11,1,45.45,80.0,81.82,100.0,36.36,75.0,100.0,0.29685,0.13327,4,3,3_plus
429420,429421,UL_XP,happiness,neutral,3,6,66.67,4,11,1,45.45,80.0,81.82,100.0,36.36,75.0,100.0,0.2235,0.23547,4,3,3_plus
429749,429750,UL_LU,neutral,happiness,6,3,25.0,4,11,1,81.82,88.89,45.45,100.0,36.36,75.0,100.0,0.39375,0.30923,4,3,3_plus
429774,429775,UR_FR,neutral,disgust,6,2,16.67,0,11,1,81.82,88.89,9.09,100.0,,,,-1.0,-1.0,0,0,0
429876,429877,DR_FR,happiness,neutral,3,6,58.33,4,11,1,45.45,100.0,81.82,100.0,36.36,100.0,100.0,0.20463,0.23916,4,3,3_plus
429889,429890,UL_LU,happiness,neutral,3,6,66.67,4,11,1,45.45,100.0,81.82,100.0,36.36,100.0,100.0,0.14517,0.36373,4,3,3_plus
430013,430014,UR_FR,disgust,neutral,2,6,75.0,0,11,1,9.09,100.0,81.82,100.0,,,,-1.0,-1.0,0,0,0
430021,430022,DR_FR,neutral,happiness,6,3,25.0,4,11,1,81.82,100.0,45.45,100.0,36.36,100.0,100.0,0.22613,0.27227,4,3,3_plus
430170,430171,DL_FR,happiness,neutral,3,6,75.0,7,11,1,72.73,87.5,90.91,90.0,63.64,85.71,85.71,0.23184,0.2732,7,3,3_plus
430183,430184,UL_LU,neutral,happiness,6,3,33.33,7,11,1,90.91,90.0,72.73,87.5,63.64,85.71,85.71,0.27986,0.21243,7,3,3_plus
430413,430414,UR_XP,happiness,neutral,3,6,75.0,5,11,1,63.64,100.0,81.82,100.0,45.45,100.0,100.0,0.22436,0.013,5,3,3_plus
430419,430420,DR_FR,happiness,neutral,3,6,83.33,5,11,1,63.64,100.0,81.82,100.0,45.45,100.0,100.0,0.18063,-1.0,5,3,3_plus
430477,430478,DL_FR,neutral,sadness,6,4,8.33,0,11,1,81.82,100.0,0.0,0.0,,,,-1.0,-1.0,0,0,0
430565,430566,UR_XP,neutral,happiness,6,3,25.0,5,11,1,81.82,100.0,54.55,100.0,45.45,100.0,100.0,0.27204,0.22685,5,3,3_plus
430569,430570,UR_FR,neutral,anger,6,1,8.33,0,11,1,81.82,100.0,0.0,0.0,,,,-1.0,-1.0,0,0,0
430592,430593,UL_LU,happiness,neutral,3,6,66.67,5,11,1,54.55,100.0,81.82,100.0,45.45,100.0,100.0,0.23023,0.09287,5,3,3_plus
430767,430768,UR_LU,neutral,anger,6,1,16.67,0,11,1,81.82,100.0,9.09,100.0,,,,-1.0,-1.0,0,0,0
430826,430827,DR_FR,neutral,sadness,6,4,16.67,0,11,1,81.82,100.0,9.09,100.0,,,,-1.0,-1.0,0,0,0
430840,430841,UR_XP,happiness,neutral,3,6,66.67,4,11,1,36.36,100.0,81.82,100.0,36.36,100.0,100.0,0.31175,-1.0,4,3,3_plus
430854,430855,UR_LU,anger,neutral,1,6,75.0,0,11,1,9.09,100.0,81.82,100.0,,,,-1.0,-1.0,0,0,0
430942,430943,DR_FR,sadness,neutral,4,6,83.33,1,11,1,9.09,100.0,90.91,100.0,9.09,100.0,100.0,-1.0,0.44597,1,1,1
431011,431012,DL_LU,neutral,disgust,6,2,8.33,1,11,1,90.91,100.0,9.09,100.0,9.09,100.0,100.0,-1.0,0.70042,1,1,1
431080,431081,DR_FR,neutral,happiness,6,3,8.33,2,11,1,90.91,90.0,18.18,100.0,18.18,100.0,100.0,-1.0,0.42603,2,2,2
431131,431132,DL_LU,sadness,neutral,4,6,75.0,2,11,1,18.18,100.0,100.0,100.0,18.18,100.0,100.0,0.4694,0.1954,2,2,2
431204,431205,UR_FR,anger,neutral,1,6,83.33,1,11,1,9.09,100.0,100.0,100.0,9.09,100.0,100.0,0.43255,-1.0,1,1,1
431219,431220,DR_FR,happiness,neutral,3,6,91.67,0,11,1,0.0,0.0,100.0,100.0,,,,-1.0,-1.0,0,0,0
431281,431282,DL_FR,sadness,neutral,4,6,100.0,2,11,1,18.18,100.0,100.0,100.0,18.18,100.0,100.0,0.28782,-1.0,2,2,2
431439,431440,DL_LU,neutral,disgust,6,2,8.33,1,11,1,100.0,100.0,9.09,100.0,9.09,100.0,100.0,-1.0,0.46848,1,1,1
431558,431559,DL_LU,disgust,neutral,2,6,100.0,1,11,1,9.09,100.0,100.0,100.0,9.09,100.0,100.0,0.40937,-1.0,1,1,1
431567,431568,DL_XP,neutral,sadness,6,4,8.33,2,11,1,100.0,100.0,18.18,100.0,18.18,100.0,100.0,-1.0,0.27341,2,2,2
431570,431571,UL_FR,neutral,sadness,6,4,16.67,2,11,1,100.0,100.0,18.18,100.0,18.18,100.0,100.0,0.0164,0.5375,2,2,2
431801,431802,UR_FR,neutral,anger,6,1,8.33,0,11,1,90.91,100.0,0.0,0.0,,,,-1.0,-1.0,0,0,0
431815,431816,UL_FR,sadness,neutral,4,6,83.33,1,11,1,18.18,50.0,90.91,100.0,9.09,0.0,100.0,0.3195,-1.0,1,1,1
431993,431994,UL_FR,neutral,anger,6,1,16.67,0,11,1,81.82,100.0,9.09,100.0,,,,-1.0,-1.0,0,0,0
432151,432152,DL_LU,neutral,disgust,6,2,8.33,0,11,1,81.82,100.0,0.0,0.0,,,,-1.0,-1.0,0,0,0
432251,432252,DR_XP,neutral,sadness,6,4,16.67,2,11,1,81.82,100.0,18.18,50.0,18.18,100.0,50.0,0.16359,0.37945,2,2,2
432277,432278,DL_XP,sadness,neutral,4,6,66.67,2,11,1,27.27,66.67,81.82,100.0,18.18,50.0,100.0,0.33914,0.10623,2,2,2
432467,432468,UL_FR,anger,neutral,1,6,75.0,1,11,1,9.09,100.0,90.91,100.0,9.09,100.0,100.0,-1.0,0.19143,1,1,1
432606,432607,UR_FR,anger,neutral,1,6,83.33,0,11,1,0.0,0.0,90.91,100.0,,,,-1.0,-1.0,0,0,0
432761,432762,DL_FR,neutral,surprise,6,5,8.33,0,11,1,90.91,100.0,0.0,0.0,,,,-1.0,-1.0,0,0,0
432832,432833,DL_FR,surprise,neutral,5,6,83.33,1,11,1,9.09,100.0,90.91,100.0,9.09,100.0,100.0,0.13992,-1.0,1,1,1
433304,433305,UL_XP,neutral,happiness,6,3,8.33,1,11,1,90.91,100.0,9.09,100.0,9.09,100.0,100.0,-1.0,0.11635,1,1,1
433345,433346,UL_XP,happiness,neutral,3,6,83.33,1,11,1,9.09,100.0,90.91,100.0,9.09,100.0,100.0,0.11635,-1.0,1,1,1
433532,433533,UR_FR,neutral,anger,6,1,8.33,1,11,1,90.91,100.0,9.09,100.0,9.09,100.0,100.0,-1.0,0.59463,1,1,1
434496,434497,UL_FR,neutral,anger,6,1,16.67,1,11,1,90.91,100.0,9.09,100.0,9.09,100.0,100.0,0.30089,-1.0,1,1,1
434579,434580,UL_XP,neutral,happiness,6,3,8.33,0,11,1,81.82,100.0,0.0,0.0,,,,-1.0,-1.0,0,0,0
434709,434710,UL_XP,happiness,neutral,3,6,58.33,0,11,1,0.0,0.0,81.82,100.0,,,,-1.0,-1.0,0,0,0
435688,435689,UL_XP,neutral,happiness,6,3,8.33,0,11,1,63.64,100.0,0.0,0.0,,,,-1.0,-1.0,0,0,0
435900,435901,UL_XP,happiness,neutral,3,6,58.33,0,11,1,0.0,0.0,63.64,100.0,,,,-1.0,-1.0,0,0,0
435978,435979,UL_XP,neutral,happiness,6,3,8.33,0,11,1,63.64,100.0,0.0,0.0,,,,-1.0,-1.0,0,0,0
436177,436178,UL_XP,happiness,neutral,3,6,58.33,0,11,1,0.0,0.0,72.73,100.0,,,,-1.0,-1.0,0,0,0
436491,436492,UR_LU,neutral,disgust,6,2,16.67,0,11,1,63.64,100.0,9.09,100.0,,,,-1.0,-1.0,0,0,0
436492,436493,UR_XP,neutral,happiness,6,3,8.33,1,11,1,63.64,100.0,9.09,100.0,9.09,100.0,100.0,-1.0,0.19845,1,1,1
436607,436608,UL_LU,neutral,happiness,6,3,16.67,1,11,1,63.64,100.0,27.27,100.0,9.09,100.0,100.0,-1.0,0.22207,1,1,1
436666,436667,DR_LU,neutral,surprise,6,5,8.33,1,11,1,63.64,85.71,9.09,100.0,9.09,100.0,100.0,-1.0,0.05152,1,1,1
436709,436710,UR_LU,disgust,neutral,2,6,41.67,0,11,1,36.36,75.0,54.55,100.0,,,,-1.0,-1.0,0,0,0
436715,436716,UR_LU,neutral,disgust,6,2,16.67,0,11,1,45.45,100.0,36.36,75.0,,,,-1.0,-1.0,0,0,0
436743,436744,DR_XP,sadness,neutral,4,6,41.67,0,11,1,18.18,50.0,45.45,100.0,,,,-1.0,-1.0,0,0,0
436784,436785,DL_FR,neutral,surprise,6,5,16.67,0,11,1,54.55,83.33,9.09,100.0,,,,-1.0,-1.0,0,0,0
437056,437057,DL_FR,surprise,neutral,5,6,41.67,3,11,1,27.27,33.33,54.55,100.0,27.27,33.33,100.0,0.41255,0.44245,3,3,3_plus
437065,437066,DR_FR,neutral,surprise,6,5,8.33,3,11,1,54.55,100.0,27.27,33.33,27.27,100.0,33.33,0.45032,0.41875,3,3,3_plus
437111,437112,DL_XP,neutral,anger,6,1,33.33,0,11,1,45.45,100.0,27.27,100.0,,,,-1.0,-1.0,0,0,0
437210,437211,UR_LU,disgust,neutral,2,6,33.33,1,11,1,36.36,100.0,54.55,83.33,9.09,100.0,100.0,-1.0,0.33906,1,1,1
437378,437379,UR_FR,anger,neutral,1,6,33.33,3,11,1,27.27,100.0,63.64,100.0,27.27,100.0,100.0,-1.0,0.26215,3,3,3_plus
437420,437421,DR_FR,surprise,neutral,5,6,41.67,1,11,1,9.09,0.0,63.64,100.0,9.09,0.0,100.0,0.62521,0.32878,1,1,1
437454,437455,UR_XP,anger,neutral,1,6,50.0,3,11,1,27.27,100.0,63.64,100.0,27.27,100.0,100.0,0.28176,0.2847,3,3,3_plus
437615,437616,UL_FR,anger,neutral,1,6,58.33,2,11,1,18.18,100.0,63.64,100.0,18.18,100.0,100.0,0.28819,0.32878,2,2,2
438250,438251,UR_XP,neutral,anger,6,1,16.67,2,11,1,63.64,100.0,18.18,100.0,18.18,100.0,100.0,0.32878,0.05863,2,2,2
438291,438292,UL_FR,neutral,anger,6,1,25.0,2,11,1,63.64,100.0,18.18,100.0,18.18,100.0,100.0,0.17658,-1.0,2,2,2
438303,438304,UR_XP,anger,neutral,1,6,50.0,2,11,1,18.18,100.0,63.64,100.0,18.18,100.0,100.0,-1.0,0.17421,2,2,2
438638,438639,DL_FR,neutral,sadness,6,4,8.33,2,11,1,63.64,100.0,27.27,100.0,18.18,100.0,100.0,-1.0,0.53229,2,2,2
438889,438890,UL_FR,anger,neutral,1,6,50.0,2,11,1,18.18,100.0,63.64,100.0,18.18,100.0,100.0,0.37761,0.4849,2,2,2
438946,438947,DL_FR,sadness,neutral,4,6,58.33,1,11,1,18.18,100.0,63.64,100.0,9.09,100.0,100.0,0.43747,-1.0,1,1,1
439172,439173,UR_XP,neutral,anger,6,1,16.67,2,11,1,63.64,100.0,18.18,100.0,18.18,100.0,100.0,0.4849,0.19482,2,2,2
440122,440123,UR_XP,anger,neutral,1,6,58.33,1,11,1,9.09,100.0,63.64,100.0,9.09,100.0,100.0,-1.0,0.4849,1,1,1
440390,440391,UL_LU,sadness,neutral,4,6,66.67,2,11,1,27.27,100.0,81.82,100.0,18.18,100.0,100.0,0.36567,0.11777,2,2,2
440435,440436,UR_LU,sadness,neutral,4,6,75.0,2,11,1,27.27,100.0,81.82,100.0,18.18,100.0,100.0,0.28855,-1.0,2,2,2
440488,440489,UR_LU,neutral,sadness,6,4,16.67,2,11,1,81.82,100.0,27.27,100.0,18.18,100.0,100.0,-1.0,0.4754,2,2,2
440514,440515,UR_LU,sadness,neutral,4,6,75.0,2,11,1,27.27,100.0,81.82,100.0,18.18,100.0,100.0,0.50806,-1.0,2,2,2
440520,440521,UL_FR,neutral,surprise,6,5,8.33,1,11,1,81.82,100.0,9.09,0.0,9.09,100.0,0.0,0.4849,0.69655,1,1,1
440530,440531,UL_XP,neutral,happiness,6,3,8.33,0,11,1,90.91,100.0,0.0,0.0,,,,-1.0,-1.0,0,0,0
440642,440643,UL_XP,happiness,neutral,3,6,75.0,0,11,1,0.0,0.0,81.82,100.0,,,,-1.0,-1.0,0,0,0
440973,440974,UL_XP,neutral,happiness,6,3,8.33,0,11,1,81.82,100.0,0.0,0.0,,,,-1.0,-1.0,0,0,0
441089,441090,UL_XP,happiness,neutral,3,6,75.0,0,11,1,0.0,0.0,81.82,100.0,,,,-1.0,-1.0,0,0,0
441127,441128,DR_FR,neutral,surprise,6,5,16.67,2,11,1,81.82,100.0,27.27,66.67,18.18,100.0,50.0,0.4849,0.5031,2,2,2
441143,441144,DR_FR,surprise,neutral,5,6,75.0,2,11,1,27.27,66.67,81.82,100.0,18.18,50.0,100.0,0.5031,0.4849,2,2,2
441416,441417,UL_XP,neutral,happiness,6,3,8.33,0,11,1,81.82,100.0,0.0,0.0,,,,-1.0,-1.0,0,0,0
441706,441707,UL_XP,happiness,neutral,3,6,75.0,0,11,1,0.0,0.0,81.82,100.0,,,,-1.0,-1.0,0,0,0
441828,441829,UL_FR,surprise,neutral,5,6,83.33,2,11,1,18.18,100.0,90.91,100.0,18.18,100.0,100.0,0.18688,-1.0,2,2,2
441944,441945,DR_FR,neutral,surprise,6,5,16.67,3,11,1,100.0,100.0,27.27,100.0,27.27,100.0,100.0,0.14549,0.36962,3,3,3_plus
442123,442124,DR_FR,surprise,neutral,5,6,83.33,2,11,1,18.18,100.0,100.0,100.0,18.18,100.0,100.0,0.30966,0.2039,2,2,2
443335,443336,DL_FR,neutral,surprise,6,5,16.67,3,11,1,100.0,90.91,27.27,100.0,27.27,66.67,100.0,0.37088,0.37437,3,3,3_plus
443338,443339,DL_XP,anger,neutral,1,6,83.33,0,11,1,0.0,0.0,100.0,90.91,,,,-1.0,-1.0,0,0,0
443381,443382,UL_XP,neutral,happiness,6,3,8.33,1,11,1,90.91,100.0,9.09,100.0,9.09,100.0,100.0,-1.0,0.18095,1,1,1
443402,443403,UR_LU,neutral,happiness,6,3,16.67,1,11,1,90.91,100.0,9.09,100.0,9.09,100.0,100.0,0.04035,-1.0,1,1,1
443447,443448,UR_FR,neutral,disgust,6,2,16.67,0,11,1,90.91,100.0,9.09,100.0,,,,-1.0,-1.0,0,0,0
443540,443541,UL_XP,happiness,neutral,3,6,66.67,0,11,1,9.09,100.0,63.64,100.0,,,,-1.0,-1.0,0,0,0
443603,443604,UL_FR,neutral,disgust,6,2,25.0,0,11,1,63.64,100.0,18.18,100.0,,,,-1.0,-1.0,0,0,0
443622,443623,DR_FR,neutral,surprise,6,5,16.67,1,11,1,63.64,100.0,18.18,100.0,9.09,100.0,100.0,-1.0,0.05402,1,1,1
443693,443694,DR_LU,neutral,surprise,6,5,25.0,1,11,1,54.55,100.0,18.18,100.0,9.09,100.0,100.0,0.32956,-1.0,1,1,1
443913,443914,DR_LU,surprise,neutral,5,6,50.0,0,11,1,18.18,100.0,45.45,100.0,,,,-1.0,-1.0,0,0,0
443957,443958,DR_LU,neutral,surprise,6,5,25.0,0,11,1,45.45,100.0,18.18,100.0,,,,-1.0,-1.0,0,0,0
443980,443981,DR_LU,surprise,neutral,5,6,50.0,0,11,1,18.18,100.0,45.45,100.0,,,,-1.0,-1.0,0,0,0
443997,443998,DR_LU,neutral,surprise,6,5,25.0,0,11,1,54.55,100.0,18.18,100.0,,,,-1.0,-1.0,0,0,0
444037,444038,UR_LU,happiness,neutral,3,6,50.0,1,11,1,9.09,100.0,54.55,100.0,9.09,100.0,100.0,0.06985,-1.0,1,1,1
444085,444086,DR_LU,surprise,neutral,5,6,58.33,0,11,1,18.18,100.0,54.55,100.0,,,,-1.0,-1.0,0,0,0
444098,444099,UR_XP,neutral,anger,6,1,16.67,0,11,1,54.55,100.0,9.09,100.0,,,,-1.0,-1.0,0,0,0
444154,444155,UL_FR,disgust,neutral,2,6,58.33,0,11,1,9.09,100.0,63.64,100.0,,,,-1.0,-1.0,0,0,0
444349,444350,DL_LU,disgust,neutral,2,6,66.67,0,11,1,0.0,0.0,81.82,100.0,,,,-1.0,-1.0,0,0,0
444445,444446,UR_XP,anger,neutral,1,6,75.0,1,11,1,9.09,100.0,90.91,90.0,9.09,100.0,0.0,-1.0,0.3386,1,1,1
444873,444874,DR_FR,surprise,neutral,5,6,83.33,1,11,1,18.18,100.0,90.91,100.0,9.09,100.0,100.0,-1.0,0.49526,1,1,1
445323,445324,UR_FR,surprise,neutral,5,6,91.67,1,11,1,18.18,100.0,90.91,100.0,9.09,100.0,100.0,0.21969,-1.0,1,1,1
445449,445450,DL_LU,neutral,disgust,6,2,8.33,0,11,1,100.0,100.0,0.0,0.0,,,,-1.0,-1.0,0,0,0
445461,445462,DR_FR,neutral,surprise,6,5,16.67,1,11,1,100.0,100.0,9.09,100.0,9.09,100.0,100.0,0.57599,-1.0,1,1,1
445579,445580,DL_LU,disgust,neutral,2,6,83.33,0,11,1,0.0,0.0,100.0,100.0,,,,-1.0,-1.0,0,0,0
445902,445903,DR_FR,surprise,neutral,5,6,91.67,1,11,1,9.09,100.0,100.0,100.0,9.09,100.0,100.0,-1.0,0.29017,1,1,1
446027,446028,DR_FR,neutral,surprise,6,5,16.67,1,11,1,100.0,100.0,9.09,100.0,9.09,100.0,100.0,0.18481,-1.0,1,1,1
446509,446510,UL_XP,neutral,happiness,6,3,8.33,0,11,1,100.0,100.0,0.0,0.0,,,,-1.0,-1.0,0,0,0
446563,446564,DR_LU,neutral,sadness,6,4,8.33,0,11,1,100.0,100.0,0.0,0.0,,,,-1.0,-1.0,0,0,0
446666,446667,UR_XP,neutral,anger,6,1,8.33,0,11,1,100.0,100.0,0.0,0.0,,,,-1.0,-1.0,0,0,0
446673,446674,UL_XP,happiness,neutral,3,6,66.67,0,11,1,0.0,0.0,100.0,100.0,,,,-1.0,-1.0,0,0,0
446693,446694,UL_XP,neutral,happiness,6,3,8.33,0,11,1,100.0,100.0,0.0,0.0,,,,-1.0,-1.0,0,0,0
446761,446762,UR_XP,anger,neutral,1,6,58.33,0,11,1,0.0,0.0,90.91,100.0,,,,-1.0,-1.0,0,0,0
446812,446813,UL_XP,happiness,neutral,3,6,66.67,0,11,1,0.0,0.0,90.91,100.0,,,,-1.0,-1.0,0,0,0
446836,446837,DL_FR,surprise,neutral,5,6,75.0,1,11,1,9.09,100.0,90.91,100.0,9.09,100.0,100.0,-1.0,0.04347,1,1,1
447138,447139,DR_FR,surprise,neutral,5,6,83.33,1,11,1,9.09,100.0,90.91,100.0,9.09,100.0,100.0,0.18756,-1.0,1,1,1
447210,447211,DL_FR,neutral,surprise,6,5,8.33,1,11,1,90.91,100.0,9.09,100.0,9.09,100.0,100.0,-1.0,0.30113,1,1,1
447324,447325,DL_FR,surprise,neutral,5,6,83.33,1,11,1,9.09,100.0,90.91,100.0,9.09,100.0,100.0,0.60756,-1.0,1,1,1
447344,447345,UL_XP,neutral,happiness,6,3,8.33,0,11,1,90.91,100.0,0.0,0.0,,,,-1.0,-1.0,0,0,0
447467,447468,UL_XP,happiness,neutral,3,6,83.33,0,11,1,0.0,0.0,100.0,100.0,,,,-1.0,-1.0,0,0,0
447996,447997,UL_XP,neutral,happiness,6,3,8.33,0,11,1,90.91,100.0,0.0,0.0,,,,-1.0,-1.0,0,0,0
448028,448029,UL_XP,happiness,neutral,3,6,83.33,0,11,1,0.0,0.0,90.91,100.0,,,,-1.0,-1.0,0,0,0
448621,448622,UL_XP,neutral,happiness,6,3,8.33,0,11,1,90.91,100.0,0.0,0.0,,,,-1.0,-1.0,0,0,0
448639,448640,UL_XP,happiness,neutral,3,6,83.33,0,11,1,0.0,0.0,90.91,100.0,,,,-1.0,-1.0,0,0,0
449096,449097,UL_XP,neutral,happiness,6,3,8.33,0,11,1,90.91,100.0,0.0,0.0,,,,-1.0,-1.0,0,0,0
449830,449831,UL_XP,happiness,neutral,3,6,75.0,0,11,1,0.0,0.0,81.82,100.0,,,,-1.0,-1.0,0,0,0
450496,450497,DL_FR,neutral,surprise,6,5,8.33,0,11,1,81.82,100.0,0.0,0.0,,,,-1.0,-1.0,0,0,0
450744,450745,DL_FR,surprise,neutral,5,6,75.0,0,11,1,0.0,0.0,81.82,100.0,,,,-1.0,-1.0,0,0,0
451081,451082,DL_FR,neutral,sadness,6,4,16.67,2,11,1,81.82,100.0,18.18,50.0,18.18,100.0,50.0,0.64674,0.42641,2,2,2
453910,453911,UL_LU,neutral,sadness,6,4,33.33,2,11,1,72.73,100.0,36.36,100.0,18.18,100.0,100.0,0.64674,0.38214,2,2,2
453954,453955,UR_LU,neutral,sadness,6,4,41.67,1,11,1,63.64,100.0,36.36,100.0,9.09,100.0,100.0,0.64674,-1.0,1,1,1
454390,454391,DL_FR,sadness,neutral,4,6,58.33,2,11,1,36.36,100.0,72.73,100.0,18.18,100.0,100.0,-1.0,0.5035,2,2,2
454411,454412,UL_LU,sadness,neutral,4,6,66.67,3,11,1,36.36,100.0,81.82,100.0,27.27,100.0,100.0,0.06965,0.47337,3,3,3_plus
454607,454608,UR_LU,sadness,neutral,4,6,75.0,2,11,1,27.27,100.0,81.82,100.0,18.18,100.0,100.0,0.63097,0.64674,2,2,2
455209,455210,DR_FR,neutral,surprise,6,5,8.33,0,11,1,90.91,100.0,0.0,0.0,,,,-1.0,-1.0,0,0,0
455249,455250,DL_FR,neutral,happiness,6,3,8.33,0,11,1,90.91,100.0,0.0,0.0,,,,-1.0,-1.0,0,0,0
455293,455294,DR_LU,sadness,neutral,4,6,75.0,1,11,1,18.18,100.0,90.91,100.0,9.09,100.0,100.0,0.50678,-1.0,1,1,1
456799,456800,DL_XP,neutral,anger,6,1,8.33,0,11,1,81.82,100.0,0.0,0.0,,,,-1.0,-1.0,0,0,0
458386,458387,DR_FR,anger,neutral,1,6,75.0,1,11,1,9.09,100.0,90.91,100.0,9.09,100.0,100.0,-1.0,0.43243,1,1,1
458509,458510,DR_FR,neutral,happiness,6,3,16.67,2,11,1,100.0,100.0,18.18,100.0,18.18,100.0,100.0,0.08066,0.00862,2,2,2
459215,459216,DR_FR,happiness,neutral,3,6,83.33,2,11,1,18.18,100.0,100.0,100.0,18.18,100.0,100.0,0.00862,0.26248,2,2,2
459627,459628,DL_XP,anger,neutral,1,6,83.33,0,11,1,0.0,0.0,90.91,100.0,,,,-1.0,-1.0,0,0,0
459919,459920,DL_FR,happiness,neutral,3,6,91.67,1,11,1,9.09,100.0,90.91,100.0,9.09,100.0,100.0,0.00862,-1.0,1,1,1
460216,460217,DL_XP,neutral,anger,6,1,8.33,0,11,1,90.91,100.0,0.0,0.0,,,,-1.0,-1.0,0,0,0
460799,460800,DL_FR,neutral,happiness,6,3,8.33,1,11,1,90.91,100.0,9.09,100.0,9.09,100.0,100.0,-1.0,0.00862,1,1,1
461139,461140,DL_XP,anger,neutral,1,6,83.33,0,11,1,0.0,0.0,90.91,100.0,,,,-1.0,-1.0,0,0,0
461152,461153,DL_FR,happiness,neutral,3,6,91.67,1,11,1,9.09,100.0,90.91,100.0,9.09,100.0,100.0,0.00862,-1.0,1,1,1
461883,461884,DL_FR,neutral,happiness,6,3,8.33,1,11,1,90.91,100.0,9.09,100.0,9.09,100.0,100.0,-1.0,0.00862,1,1,1
462559,462560,UR_LU,neutral,sadness,6,4,8.33,1,11,1,90.91,100.0,9.09,100.0,9.09,100.0,100.0,-1.0,0.25235,1,1,1
462613,462614,UR_LU,sadness,neutral,4,6,83.33,2,11,1,18.18,100.0,90.91,100.0,18.18,100.0,100.0,0.40875,-1.0,2,2,2
462751,462752,DR_FR,neutral,sadness,6,4,8.33,1,11,1,90.91,100.0,9.09,100.0,9.09,100.0,100.0,-1.0,0.25235,1,1,1
462993,462994,DL_LU,neutral,happiness,6,3,16.67,1,11,1,72.73,100.0,18.18,100.0,9.09,100.0,100.0,-1.0,0.12388,1,1,1
463157,463158,UR_LU,neutral,sadness,6,4,16.67,2,11,1,54.55,100.0,27.27,100.0,18.18,100.0,100.0,-1.0,0.39463,2,2,2
463368,463369,DL_LU,neutral,happiness,6,3,16.67,0,11,1,63.64,100.0,9.09,100.0,,,,-1.0,-1.0,0,0,0
463427,463428,DL_LU,happiness,neutral,3,6,58.33,0,11,1,9.09,100.0,54.55,100.0,,,,-1.0,-1.0,0,0,0
463628,463629,DL_LU,neutral,happiness,6,3,16.67,1,11,1,63.64,100.0,9.09,100.0,9.09,100.0,100.0,0.38231,-1.0,1,1,1
463643,463644,DL_LU,happiness,neutral,3,6,58.33,1,11,1,9.09,100.0,63.64,100.0,9.09,100.0,100.0,-1.0,0.34517,1,1,1
463778,463779,DL_FR,happiness,neutral,3,6,66.67,0,11,1,0.0,0.0,72.73,100.0,,,,-1.0,-1.0,0,0,0
463793,463794,DR_FR,sadness,neutral,4,6,75.0,3,11,1,45.45,100.0,72.73,100.0,27.27,100.0,100.0,0.40994,-1.0,3,3,3_plus
464102,464103,DL_FR,neutral,sadness,6,4,33.33,2,11,1,63.64,100.0,45.45,100.0,18.18,100.0,100.0,-1.0,0.28508,2,2,2
464329,464330,DL_FR,sadness,neutral,4,6,66.67,3,11,1,54.55,100.0,63.64,100.0,27.27,100.0,100.0,0.27704,-1.0,3,3,3_plus
464405,464406,DR_FR,neutral,sadness,6,4,25.0,3,11,1,72.73,100.0,45.45,100.0,27.27,100.0,100.0,-1.0,0.20824,3,3,3_plus
464493,464494,UR_LU,sadness,neutral,4,6,75.0,4,11,1,45.45,100.0,81.82,100.0,36.36,100.0,100.0,0.26067,0.14131,4,3,3_plus
464858,464859,UL_LU,sadness,neutral,4,6,75.0,4,11,1,36.36,100.0,81.82,100.0,36.36,100.0,100.0,0.32864,0.06698,4,3,3_plus
464882,464883,DR_FR,sadness,neutral,4,6,83.33,2,11,1,18.18,100.0,81.82,100.0,18.18,100.0,100.0,0.24332,-1.0,2,2,2
465082,465083,DR_FR,neutral,sadness,6,4,16.67,2,11,1,72.73,100.0,27.27,100.0,18.18,100.0,100.0,-1.0,0.1295,2,2,2
465085,465086,DL_FR,neutral,sadness,6,4,25.0,2,11,1,72.73,100.0,27.27,100.0,18.18,100.0,100.0,0.01046,0.25235,2,2,2
465456,465457,UR_XP,neutral,sadness,6,4,41.67,3,11,1,54.55,100.0,54.55,100.0,27.27,100.0,100.0,0.04241,0.41,3,3,3_plus
465475,465476,DL_FR,sadness,neutral,4,6,50.0,3,11,1,54.55,100.0,54.55,100.0,27.27,100.0,100.0,0.34774,0.0371,3,3,3_plus
465541,465542,DR_LU,neutral,sadness,6,4,41.67,4,11,1,63.64,100.0,54.55,100.0,36.36,100.0,100.0,0.13001,0.19564,4,3,3_plus
465685,465686,DR_FR,sadness,neutral,4,6,50.0,5,11,1,54.55,100.0,72.73,100.0,45.45,100.0,100.0,0.26954,0.19737,5,3,3_plus
465838,465839,DR_FR,neutral,sadness,6,4,41.67,4,11,1,63.64,100.0,54.55,100.0,36.36,100.0,100.0,0.2328,0.23033,4,3,3_plus
466150,466151,DL_FR,neutral,sadness,6,4,50.0,5,11,1,72.73,100.0,54.55,100.0,45.45,100.0,100.0,0.20609,0.25235,5,3,3_plus
466626,466627,UR_XP,sadness,neutral,4,6,41.67,4,11,1,54.55,100.0,63.64,100.0,36.36,100.0,100.0,0.22246,0.32158,4,3,3_plus
466658,466659,DR_FR,sadness,neutral,4,6,50.0,4,11,1,54.55,100.0,63.64,100.0,36.36,100.0,100.0,0.12379,0.41243,4,3,3_plus
466871,466872,UR_XP,neutral,sadness,6,4,41.67,3,11,1,63.64,100.0,45.45,100.0,27.27,100.0,100.0,0.44139,0.21976,3,3,3_plus
467014,467015,UR_XP,sadness,neutral,4,6,50.0,3,11,1,45.45,100.0,63.64,100.0,27.27,100.0,100.0,0.21976,0.44544,3,3,3_plus
467919,467920,DR_FR,neutral,sadness,6,4,41.67,2,11,1,54.55,100.0,45.45,100.0,18.18,100.0,100.0,0.19886,0.21976,2,2,2
468056,468057,UL_LU,sadness,neutral,4,6,50.0,5,11,1,54.55,100.0,72.73,100.0,45.45,100.0,100.0,0.41503,0.22323,5,3,3_plus
468130,468131,DR_FR,sadness,neutral,4,6,58.33,3,11,1,36.36,100.0,72.73,87.5,27.27,100.0,66.67,0.21976,0.23426,3,3,3_plus
468349,468350,UR_LU,surprise,neutral,5,6,66.67,0,11,1,0.0,0.0,72.73,100.0,,,,-1.0,-1.0,0,0,0
468545,468546,DR_FR,neutral,sadness,6,4,25.0,2,11,1,72.73,100.0,27.27,100.0,18.18,100.0,100.0,0.19886,0.21976,2,2,2
469948,469949,UR_LU,neutral,surprise,6,5,8.33,0,11,1,72.73,87.5,0.0,0.0,,,,-1.0,-1.0,0,0,0
470090,470091,UL_LU,neutral,surprise,6,5,16.67,1,11,1,72.73,87.5,9.09,100.0,9.09,100.0,100.0,0.55389,-1.0,1,1,1
470110,470111,UL_LU,surprise,neutral,5,6,50.0,1,11,1,9.09,100.0,63.64,100.0,9.09,100.0,100.0,-1.0,0.55227,1,1,1
470321,470322,UR_LU,surprise,neutral,5,6,58.33,4,11,1,36.36,100.0,72.73,100.0,36.36,100.0,100.0,0.36516,-1.0,4,3,3_plus
470348,470349,DL_FR,sadness,neutral,4,6,66.67,2,11,1,27.27,100.0,72.73,100.0,18.18,100.0,100.0,0.21976,0.19886,2,2,2
470375,470376,UL_FR,neutral,surprise,6,5,8.33,4,11,1,72.73,100.0,36.36,100.0,36.36,100.0,100.0,-1.0,0.22351,4,3,3_plus
470461,470462,UR_XP,neutral,sadness,6,4,25.0,3,11,1,72.73,100.0,36.36,75.0,27.27,100.0,66.67,0.19886,0.19203,3,3,3_plus
470474,470475,UR_FR,neutral,surprise,6,5,16.67,4,11,1,72.73,87.5,36.36,75.0,36.36,75.0,75.0,0.19327,0.11181,4,3,3_plus
470494,470495,DL_FR,neutral,surprise,6,5,25.0,4,11,1,72.73,87.5,36.36,100.0,36.36,75.0,100.0,0.17635,0.12781,4,3,3_plus
470579,470580,UR_FR,surprise,neutral,5,6,41.67,2,11,1,27.27,100.0,72.73,100.0,18.18,100.0,100.0,-1.0,0.21307,2,2,2
470644,470645,DR_FR,sadness,neutral,4,6,50.0,4,11,1,36.36,100.0,81.82,88.89,36.36,100.0,75.0,0.33772,0.26367,4,3,3_plus
470661,470662,UL_FR,surprise,neutral,5,6,58.33,3,11,1,27.27,100.0,81.82,88.89,27.27,100.0,66.67,0.13903,0.17126,3,3,3_plus
470711,470712,UR_XP,sadness,neutral,4,6,66.67,3,11,1,27.27,100.0,81.82,100.0,27.27,100.0,100.0,0.16886,0.19886,3,3,3_plus
470718,470719,DL_FR,surprise,neutral,5,6,75.0,3,11,1,27.27,33.33,81.82,100.0,27.27,33.33,100.0,0.22554,-1.0,3,3,3_plus
470745,470746,UR_FR,neutral,happiness,6,3,8.33,0,11,1,81.82,100.0,0.0,0.0,,,,-1.0,-1.0,0,0,0
470765,470766,DL_FR,neutral,sadness,6,4,16.67,5,11,1,81.82,100.0,45.45,80.0,45.45,100.0,80.0,0.19886,0.31209,5,3,3_plus
470771,470772,DR_FR,neutral,surprise,6,5,8.33,1,11,1,81.82,100.0,9.09,0.0,9.09,100.0,0.0,0.01357,0.07665,1,1,1
470885,470886,DL_FR,sadness,neutral,4,6,50.0,4,11,1,36.36,100.0,72.73,100.0,36.36,100.0,100.0,0.43778,0.19886,4,3,3_plus
470973,470974,UL_LU,neutral,happiness,6,3,16.67,2,11,1,72.73,87.5,18.18,100.0,18.18,100.0,100.0,0.32394,0.64467,2,2,2
471049,471050,DL_FR,neutral,sadness,6,4,25.0,3,11,1,72.73,87.5,27.27,100.0,27.27,66.67,100.0,0.22598,0.13859,3,3,3_plus
471129,471130,UR_XP,neutral,happiness,6,3,25.0,1,11,1,54.55,100.0,18.18,100.0,9.09,100.0,100.0,0.35071,-1.0,1,1,1
471497,471498,DR_FR,sadness,neutral,4,6,33.33,4,11,1,36.36,75.0,72.73,100.0,36.36,75.0,100.0,0.30612,0.25421,4,3,3_plus
471618,471619,UL_FR,neutral,happiness,6,3,33.33,4,11,1,72.73,87.5,45.45,100.0,36.36,75.0,100.0,0.27359,0.16816,4,3,3_plus
471644,471645,UR_LU,disgust,neutral,2,6,33.33,0,11,1,0.0,0.0,72.73,100.0,,,,-1.0,-1.0,0,0,0
471651,471652,UR_LU,neutral,disgust,6,2,8.33,0,11,1,72.73,100.0,0.0,0.0,,,,-1.0,-1.0,0,0,0
471681,471682,UR_LU,disgust,neutral,2,6,33.33,0,11,1,0.0,0.0,72.73,100.0,,,,-1.0,-1.0,0,0,0
471703,471704,UR_XP,happiness,neutral,3,6,41.67,3,11,1,36.36,100.0,72.73,100.0,27.27,100.0,100.0,0.22154,0.29234,3,3,3_plus
471737,471738,UL_LU,happiness,neutral,3,6,50.0,3,11,1,36.36,100.0,72.73,100.0,27.27,100.0,100.0,0.15994,0.35139,3,3,3_plus
471931,471932,UL_FR,happiness,neutral,3,6,58.33,1,11,1,18.18,100.0,72.73,100.0,9.09,100.0,100.0,0.16043,-1.0,1,1,1
471939,471940,DL_FR,sadness,neutral,4,6,66.67,2,11,1,18.18,50.0,72.73,100.0,18.18,50.0,100.0,0.08465,0.19886,2,2,2
472073,472074,UR_FR,happiness,neutral,3,6,75.0,1,11,1,9.09,100.0,81.82,100.0,9.09,100.0,100.0,0.21612,-1.0,1,1,1
473013,473014,UR_XP,neutral,anger,6,1,8.33,1,11,1,81.82,100.0,9.09,100.0,9.09,100.0,100.0,-1.0,0.08451,1,1,1
473219,473220,UR_XP,anger,neutral,1,6,75.0,1,11,1,9.09,100.0,81.82,100.0,9.09,100.0,100.0,0.08451,-1.0,1,1,1
473420,473421,UL_LU,neutral,sadness,6,4,16.67,4,11,1,81.82,100.0,36.36,75.0,36.36,100.0,75.0,0.19886,0.13058,4,3,3_plus
473431,473432,UR_LU,neutral,sadness,6,4,25.0,3,11,1,72.73,100.0,36.36,75.0,27.27,100.0,66.67,0.19886,0.14604,3,3,3_plus
474275,474276,DL_FR,neutral,surprise,6,5,8.33,0,11,1,63.64,100.0,0.0,0.0,,,,-1.0,-1.0,0,0,0
478451,478452,DR_FR,neutral,happiness,6,3,8.33,0,11,1,63.64,100.0,0.0,0.0,,,,-1.0,-1.0,0,0,0
479677,479678,DR_LU,sadness,neutral,4,6,50.0,2,11,1,36.36,75.0,63.64,100.0,18.18,50.0,100.0,0.18292,0.37013,2,2,2
479690,479691,DR_LU,neutral,anger,6,1,8.33,1,11,1,63.64,100.0,9.09,100.0,9.09,100.0,100.0,-1.0,0.09311,1,1,1
481881,481882,DL_FR,sadness,neutral,4,6,50.0,1,11,1,27.27,66.67,54.55,100.0,9.09,0.0,100.0,0.18292,-1.0,1,1,1
482069,482070,UL_FR,neutral,sadness,6,4,25.0,2,11,1,54.55,100.0,36.36,75.0,18.18,100.0,50.0,-1.0,0.26937,2,2,2
482140,482141,UR_XP,neutral,sadness,6,4,33.33,3,11,1,54.55,100.0,45.45,80.0,27.27,100.0,66.67,0.30074,0.47004,3,3,3_plus
482435,482436,DL_FR,neutral,surprise,6,5,16.67,1,11,1,54.55,100.0,18.18,100.0,9.09,100.0,100.0,0.3368,-1.0,1,1,1
482513,482514,UL_FR,sadness,neutral,4,6,33.33,3,11,1,36.36,75.0,54.55,100.0,27.27,66.67,100.0,0.48593,0.12622,3,3,3_plus
482712,482713,DL_FR,surprise,neutral,5,6,41.67,1,11,1,18.18,100.0,54.55,100.0,9.09,100.0,100.0,-1.0,0.3368,1,1,1
482733,482734,UL_FR,neutral,anger,6,1,16.67,1,11,1,54.55,100.0,18.18,100.0,9.09,100.0,100.0,-1.0,0.09311,1,1,1
483004,483005,UL_LU,neutral,sadness,6,4,16.67,4,11,1,54.55,100.0,36.36,75.0,36.36,100.0,75.0,0.29492,0.24923,4,3,3_plus
483086,483087,DL_FR,neutral,sadness,6,4,25.0,3,11,1,45.45,100.0,36.36,75.0,27.27,100.0,66.67,0.18573,0.2315,3,3,3_plus
483206,483207,UR_XP,sadness,neutral,4,6,33.33,3,11,1,36.36,75.0,45.45,80.0,27.27,66.67,66.67,0.25525,0.30815,3,3,3_plus
483376,483377,DL_FR,sadness,neutral,4,6,41.67,3,11,1,36.36,75.0,45.45,100.0,27.27,66.67,100.0,0.22069,-1.0,3,3,3_plus
483549,483550,UR_XP,neutral,sadness,6,4,16.67,2,11,1,45.45,100.0,27.27,66.67,18.18,100.0,50.0,-1.0,0.35733,2,2,2
483975,483976,UL_LU,sadness,neutral,4,6,41.67,4,11,1,36.36,75.0,63.64,100.0,36.36,75.0,100.0,0.4903,0.24499,4,3,3_plus
484050,484051,UR_XP,sadness,neutral,4,6,50.0,3,11,1,27.27,66.67,63.64,100.0,27.27,66.67,100.0,0.34836,0.12766,3,3,3_plus
484187,484188,UL_FR,anger,neutral,1,6,58.33,1,11,1,18.18,100.0,72.73,100.0,9.09,100.0,100.0,0.09311,-1.0,1,1,1
484224,484225,UR_LU,sadness,neutral,4,6,66.67,3,11,1,27.27,66.67,72.73,100.0,27.27,66.67,100.0,0.41807,-1.0,3,3,3_plus
484358,484359,DL_FR,neutral,sadness,6,4,8.33,2,11,1,72.73,100.0,18.18,50.0,18.18,100.0,50.0,-1.0,0.36225,2,2,2
484513,484514,DL_XP,neutral,anger,6,1,16.67,0,11,1,72.73,100.0,9.09,100.0,,,,-1.0,-1.0,0,0,0
484909,484910,DL_XP,anger,neutral,1,6,58.33,0,11,1,9.09,100.0,63.64,100.0,,,,-1.0,-1.0,0,0,0
485265,485266,DR_FR,happiness,neutral,3,6,66.67,0,11,1,0.0,0.0,81.82,100.0,,,,-1.0,-1.0,0,0,0
485266,485267,DL_XP,neutral,anger,6,1,16.67,0,11,1,81.82,100.0,9.09,100.0,,,,-1.0,-1.0,0,0,0
485284,485285,DR_FR,neutral,disgust,6,2,8.33,0,11,1,81.82,100.0,0.0,0.0,,,,-1.0,-1.0,0,0,0
485586,485587,DL_XP,anger,neutral,1,6,58.33,0,11,1,9.09,100.0,81.82,100.0,,,,-1.0,-1.0,0,0,0
485637,485638,DL_XP,neutral,anger,6,1,16.67,0,11,1,81.82,100.0,9.09,100.0,,,,-1.0,-1.0,0,0,0
485882,485883,DL_XP,anger,neutral,1,6,58.33,0,11,1,9.09,100.0,81.82,100.0,,,,-1.0,-1.0,0,0,0
486023,486024,DL_XP,neutral,anger,6,1,16.67,0,11,1,81.82,100.0,9.09,100.0,,,,-1.0,-1.0,0,0,0
486642,486643,DR_FR,disgust,neutral,2,6,58.33,0,11,1,0.0,0.0,81.82,100.0,,,,-1.0,-1.0,0,0,0
487425,487426,UR_XP,neutral,sadness,6,4,16.67,2,11,1,72.73,100.0,27.27,100.0,18.18,100.0,100.0,-1.0,0.56515,2,2,2
487681,487682,UR_XP,sadness,neutral,4,6,58.33,0,11,1,9.09,100.0,72.73,100.0,,,,-1.0,-1.0,0,0,0
488971,488972,DL_FR,sadness,neutral,4,6,66.67,1,11,1,9.09,100.0,81.82,100.0,9.09,100.0,100.0,0.78424,-1.0,1,1,1
492694,492695,UL_LU,neutral,sadness,6,4,8.33,3,11,1,81.82,100.0,27.27,100.0,27.27,100.0,100.0,-1.0,0.59138,3,3,3_plus
492737,492738,UL_LU,sadness,neutral,4,6,66.67,3,11,1,27.27,100.0,81.82,100.0,27.27,100.0,100.0,0.57507,-1.0,3,3,3_plus
493521,493522,UR_XP,neutral,sadness,6,4,8.33,0,11,1,81.82,100.0,0.0,0.0,,,,-1.0,-1.0,0,0,0
493559,493560,DL_XP,anger,neutral,1,6,66.67,0,11,1,9.09,100.0,81.82,100.0,,,,-1.0,-1.0,0,0,0
493611,493612,DL_FR,neutral,surprise,6,5,16.67,2,11,1,81.82,100.0,27.27,66.67,18.18,100.0,50.0,0.21847,0.48051,2,2,2
493640,493641,DL_LU,surprise,neutral,5,6,66.67,2,11,1,27.27,100.0,81.82,100.0,18.18,100.0,100.0,0.57453,0.1375,2,2,2
493657,493658,UR_FR,neutral,anger,6,1,16.67,1,11,1,81.82,100.0,18.18,50.0,9.09,100.0,0.0,0.00403,0.25383,1,1,1
493724,493725,UL_FR,neutral,anger,6,1,25.0,2,11,1,81.82,100.0,27.27,66.67,18.18,100.0,50.0,0.09683,0.25383,2,2,2
493791,493792,UR_XP,sadness,neutral,4,6,58.33,1,11,1,9.09,100.0,90.91,90.0,9.09,100.0,100.0,0.56311,-1.0,1,1,1
493846,493847,UL_LU,neutral,happiness,6,3,8.33,0,11,1,90.91,100.0,0.0,0.0,,,,-1.0,-1.0,0,0,0
493855,493856,DR_LU,anger,neutral,1,6,66.67,2,11,1,27.27,66.67,90.91,100.0,18.18,50.0,100.0,0.26673,0.24096,2,2,2
494096,494097,UL_LU,happiness,neutral,3,6,75.0,0,11,1,0.0,0.0,90.91,80.0,,,,-1.0,-1.0,0,0,0
494185,494186,DL_FR,surprise,neutral,5,6,83.33,0,11,1,0.0,0.0,90.91,90.0,,,,-1.0,-1.0,0,0,0
494445,494446,UL_FR,anger,neutral,1,6,91.67,1,11,1,18.18,100.0,90.91,100.0,9.09,100.0,100.0,0.18962,-1.0,1,1,1
494693,494694,DL_LU,neutral,surprise,6,5,16.67,0,11,1,90.91,100.0,9.09,100.0,,,,-1.0,-1.0,0,0,0
494996,494997,UR_FR,surprise,neutral,5,6,91.67,1,11,1,18.18,100.0,90.91,100.0,9.09,100.0,100.0,0.56911,-1.0,1,1,1
496293,496294,DL_FR,neutral,surprise,6,5,8.33,1,11,1,100.0,100.0,9.09,100.0,9.09,100.0,100.0,-1.0,0.10815,1,1,1
496476,496477,DL_FR,surprise,neutral,5,6,91.67,1,11,1,9.09,100.0,90.91,100.0,9.09,100.0,100.0,0.26955,-1.0,1,1,1
497563,497564,DR_LU,neutral,sadness,6,4,8.33,0,11,1,90.91,100.0,0.0,0.0,,,,-1.0,-1.0,0,0,0
497617,497618,UR_FR,neutral,surprise,6,5,8.33,0,11,1,90.91,100.0,0.0,0.0,,,,-1.0,-1.0,0,0,0
498112,498113,UR_FR,surprise,neutral,5,6,83.33,0,11,1,0.0,0.0,81.82,100.0,,,,-1.0,-1.0,0,0,0
498670,498671,UR_FR,neutral,surprise,6,5,8.33,0,11,1,81.82,100.0,0.0,0.0,,,,-1.0,-1.0,0,0,0
499112,499113,UR_FR,surprise,neutral,5,6,83.33,0,11,1,0.0,0.0,81.82,100.0,,,,-1.0,-1.0,0,0,0
500206,500207,UR_FR,neutral,surprise,6,5,8.33,0,11,1,81.82,100.0,0.0,0.0,,,,-1.0,-1.0,0,0,0
500437,500438,UL_LU,neutral,sadness,6,4,25.0,2,11,1,81.82,100.0,27.27,100.0,18.18,100.0,100.0,0.32434,0.28316,2,2,2
500476,500477,UR_LU,neutral,sadness,6,4,33.33,2,11,1,81.82,100.0,27.27,100.0,18.18,100.0,100.0,0.2053,-1.0,2,2,2
500555,500556,UL_LU,sadness,neutral,4,6,66.67,2,11,1,27.27,100.0,81.82,100.0,18.18,100.0,100.0,-1.0,0.37924,2,2,2
500575,500576,UR_LU,sadness,neutral,4,6,75.0,2,11,1,27.27,100.0,90.91,100.0,18.18,100.0,100.0,0.09973,0.68057,2,2,2
500724,500725,DL_FR,neutral,surprise,6,5,16.67,1,11,1,90.91,100.0,9.09,100.0,9.09,100.0,100.0,0.32963,-1.0,1,1,1
500921,500922,UR_FR,surprise,neutral,5,6,75.0,2,11,1,27.27,100.0,90.91,100.0,18.18,100.0,100.0,0.62406,0.088,2,2,2
500952,500953,DL_FR,surprise,neutral,5,6,83.33,2,11,1,27.27,100.0,90.91,100.0,18.18,100.0,100.0,0.30858,-1.0,2,2,2
501111,501112,UL_LU,neutral,sadness,6,4,25.0,2,11,1,90.91,100.0,27.27,100.0,18.18,100.0,100.0,0.59307,0.34252,2,2,2
501134,501135,UL_LU,sadness,neutral,4,6,83.33,3,11,1,36.36,100.0,90.91,100.0,27.27,100.0,100.0,0.30055,0.58445,3,3,3_plus
501213,501214,DL_FR,neutral,sadness,6,4,25.0,3,11,1,90.91,100.0,36.36,100.0,27.27,100.0,100.0,0.57403,0.36167,3,3,3_plus
501314,501315,UL_LU,neutral,sadness,6,4,33.33,3,11,1,90.91,100.0,36.36,100.0,27.27,100.0,100.0,0.46305,0.3479,3,3,3_plus
501315,501316,UR_FR,neutral,anger,6,1,8.33,1,11,1,90.91,100.0,9.09,100.0,9.09,100.0,100.0,-1.0,0.28746,1,1,1
501326,501327,UL_LU,sadness,neutral,4,6,66.67,3,11,1,36.36,100.0,90.91,100.0,27.27,100.0,100.0,0.31496,0.48229,3,3,3_plus
501331,501332,UL_LU,neutral,sadness,6,4,33.33,3,11,1,90.91,100.0,36.36,100.0,27.27,100.0,100.0,0.48839,0.294,3,3,3_plus
501397,501398,UR_LU,neutral,sadness,6,4,41.67,3,11,1,90.91,100.0,36.36,100.0,27.27,100.0,100.0,0.40367,-1.0,3,3,3_plus
501431,501432,DR_LU,sadness,neutral,4,6,58.33,3,11,1,36.36,100.0,90.91,90.0,27.27,100.0,66.67,-1.0,0.34119,3,3,3_plus
501650,501651,UR_XP,neutral,sadness,6,4,41.67,4,11,1,81.82,100.0,45.45,100.0,36.36,100.0,100.0,0.34719,0.6241,4,3,3_plus
501736,501737,UL_LU,sadness,neutral,4,6,58.33,4,11,1,45.45,100.0,81.82,100.0,36.36,100.0,100.0,0.6241,0.20124,4,3,3_plus
501756,501757,UR_LU,sadness,neutral,4,6,66.67,4,11,1,45.45,100.0,90.91,100.0,36.36,100.0,100.0,0.32816,0.30358,4,3,3_plus
501818,501819,UL_LU,neutral,sadness,6,4,33.33,4,11,1,90.91,100.0,45.45,100.0,36.36,100.0,100.0,0.37159,0.38288,4,3,3_plus
501890,501891,UL_LU,sadness,neutral,4,6,66.67,4,11,1,45.45,100.0,90.91,100.0,36.36,100.0,100.0,0.37699,0.44131,4,3,3_plus
501922,501923,UR_FR,anger,neutral,1,6,75.0,1,11,1,9.09,100.0,90.91,100.0,9.09,100.0,100.0,0.28746,-1.0,1,1,1
502025,502026,UR_LU,neutral,sadness,6,4,25.0,4,11,1,90.91,100.0,45.45,100.0,36.36,100.0,100.0,0.50925,0.34616,4,3,3_plus
502054,502055,UL_LU,neutral,sadness,6,4,33.33,4,11,1,90.91,100.0,45.45,100.0,36.36,100.0,100.0,0.34214,0.6241,4,3,3_plus
502059,502060,UR_LU,sadness,neutral,4,6,66.67,4,11,1,45.45,100.0,90.91,100.0,36.36,100.0,100.0,0.6241,0.34354,4,3,3_plus
502220,502221,UR_LU,neutral,sadness,6,4,33.33,4,11,1,90.91,100.0,36.36,100.0,36.36,100.0,100.0,0.34281,0.6241,4,3,3_plus
502328,502329,UR_XP,sadness,neutral,4,6,66.67,3,11,1,36.36,100.0,81.82,100.0,27.27,100.0,100.0,0.6241,0.46394,3,3,3_plus
502476,502477,UR_XP,neutral,sadness,6,4,33.33,2,11,1,72.73,100.0,36.36,100.0,18.18,100.0,100.0,0.27649,0.6241,2,2,2
502563,502564,UR_FR,neutral,surprise,6,5,16.67,0,11,1,72.73,100.0,9.09,100.0,,,,-1.0,-1.0,0,0,0
502606,502607,UR_XP,sadness,neutral,4,6,58.33,2,11,1,36.36,100.0,72.73,100.0,18.18,100.0,100.0,0.6241,0.04801,2,2,2
502619,502620,UR_LU,sadness,neutral,4,6,66.67,2,11,1,36.36,100.0,72.73,100.0,18.18,100.0,100.0,0.33183,-1.0,2,2,2
502790,502791,UL_LU,sadness,neutral,4,6,75.0,3,11,1,36.36,100.0,72.73,100.0,27.27,100.0,100.0,0.25925,-1.0,3,3,3_plus
502808,502809,UL_XP,neutral,sadness,6,4,16.67,3,11,1,72.73,100.0,36.36,100.0,27.27,100.0,100.0,-1.0,0.23435,3,3,3_plus
502840,502841,UR_LU,neutral,sadness,6,4,25.0,3,11,1,72.73,87.5,36.36,100.0,27.27,66.67,100.0,0.21095,0.41095,3,3,3_plus
502851,502852,UR_LU,sadness,neutral,4,6,66.67,3,11,1,36.36,100.0,72.73,87.5,27.27,100.0,66.67,0.43637,0.28493,3,3,3_plus
502928,502929,UR_XP,neutral,anger,6,1,8.33,1,11,1,63.64,100.0,9.09,100.0,9.09,100.0,100.0,-1.0,0.12276,1,1,1
503222,503223,UR_XP,anger,neutral,1,6,66.67,1,11,1,9.09,100.0,81.82,88.89,9.09,100.0,100.0,0.05863,-1.0,1,1,1
503281,503282,UR_FR,surprise,neutral,5,6,75.0,1,11,1,9.09,100.0,81.82,100.0,9.09,100.0,100.0,0.62532,-1.0,1,1,1
503285,503286,UL_XP,sadness,neutral,4,6,83.33,1,11,1,18.18,100.0,81.82,100.0,9.09,100.0,100.0,0.6241,-1.0,1,1,1
503566,503567,UR_FR,neutral,sadness,6,4,16.67,3,11,1,90.91,100.0,27.27,100.0,27.27,100.0,100.0,0.00254,0.51338,3,3,3_plus
503567,503568,DL_FR,sadness,neutral,4,6,83.33,3,11,1,27.27,100.0,90.91,100.0,27.27,100.0,100.0,0.51338,0.00077,3,3,3_plus
503782,503783,UR_FR,sadness,neutral,4,6,91.67,3,11,1,27.27,100.0,90.91,100.0,27.27,100.0,100.0,0.50203,-1.0,3,3,3_plus
503956,503957,UL_LU,neutral,sadness,6,4,8.33,3,11,1,90.91,100.0,27.27,100.0,27.27,100.0,100.0,-1.0,0.53123,3,3,3_plus
504071,504072,UL_LU,sadness,neutral,4,6,91.67,3,11,1,27.27,100.0,90.91,100.0,27.27,100.0,100.0,0.3985,-1.0,3,3,3_plus
504195,504196,UR_XP,neutral,sadness,6,4,8.33,3,11,1,90.91,100.0,27.27,100.0,27.27,100.0,100.0,-1.0,0.55939,3,3,3_plus
504328,504329,UR_XP,sadness,neutral,4,6,91.67,2,11,1,18.18,100.0,90.91,100.0,18.18,100.0,100.0,0.38371,-1.0,2,2,2
504373,504374,UR_LU,neutral,sadness,6,4,8.33,2,11,1,90.91,100.0,18.18,100.0,18.18,100.0,100.0,-1.0,0.38512,2,2,2
504527,504528,UR_LU,sadness,neutral,4,6,91.67,2,11,1,18.18,100.0,90.91,100.0,18.18,100.0,100.0,0.60346,-1.0,2,2,2
504542,504543,UR_LU,neutral,surprise,6,5,8.33,1,11,1,90.91,100.0,9.09,100.0,9.09,100.0,100.0,-1.0,0.30515,1,1,1
504657,504658,DL_FR,neutral,surprise,6,5,16.67,1,11,1,90.91,100.0,9.09,100.0,9.09,100.0,100.0,0.0742,-1.0,1,1,1
504781,504782,UR_LU,surprise,neutral,5,6,83.33,1,11,1,9.09,100.0,90.91,100.0,9.09,100.0,100.0,-1.0,0.109,1,1,1
504782,504783,UR_LU,neutral,surprise,6,5,16.67,1,11,1,90.91,100.0,9.09,100.0,9.09,100.0,100.0,0.109,-1.0,1,1,1
504869,504870,UR_LU,surprise,neutral,5,6,83.33,1,11,1,9.09,100.0,90.91,100.0,9.09,100.0,100.0,-1.0,0.09544,1,1,1
504986,504987,DL_XP,neutral,anger,6,1,8.33,0,11,1,90.91,100.0,0.0,0.0,,,,-1.0,-1.0,0,0,0
505054,505055,DL_FR,surprise,neutral,5,6,83.33,1,11,1,9.09,100.0,90.91,100.0,9.09,100.0,100.0,0.37978,-1.0,1,1,1
505502,505503,DR_FR,neutral,surprise,6,5,8.33,2,11,1,81.82,100.0,18.18,100.0,18.18,100.0,100.0,-1.0,0.49279,2,2,2
505782,505783,DR_FR,surprise,neutral,5,6,83.33,2,11,1,18.18,100.0,90.91,100.0,18.18,100.0,100.0,0.22953,-1.0,2,2,2
505919,505920,DL_XP,anger,neutral,1,6,91.67,0,11,1,0.0,0.0,90.91,100.0,,,,-1.0,-1.0,0,0,0
506980,506981,DR_FR,neutral,surprise,6,5,8.33,0,11,1,90.91,100.0,0.0,0.0,,,,-1.0,-1.0,0,0,0
507186,507187,DL_XP,neutral,anger,6,1,8.33,0,11,1,90.91,100.0,0.0,0.0,,,,-1.0,-1.0,0,0,0
507443,507444,UR_FR,neutral,sadness,6,4,8.33,3,11,1,90.91,100.0,27.27,100.0,27.27,100.0,100.0,-1.0,0.53205,3,3,3_plus
507630,507631,UR_FR,sadness,neutral,4,6,75.0,3,11,1,27.27,100.0,90.91,100.0,27.27,100.0,100.0,0.55046,-1.0,3,3,3_plus
507739,507740,DL_XP,anger,neutral,1,6,83.33,0,11,1,0.0,0.0,90.91,100.0,,,,-1.0,-1.0,0,0,0
508459,508460,DL_XP,neutral,anger,6,1,8.33,0,11,1,81.82,100.0,0.0,0.0,,,,-1.0,-1.0,0,0,0
508565,508566,DL_FR,neutral,surprise,6,5,16.67,0,11,1,81.82,100.0,9.09,100.0,,,,-1.0,-1.0,0,0,0
508650,508651,DL_FR,surprise,neutral,5,6,75.0,0,11,1,9.09,100.0,81.82,100.0,,,,-1.0,-1.0,0,0,0
508778,508779,DL_XP,anger,neutral,1,6,83.33,0,11,1,0.0,0.0,81.82,100.0,,,,-1.0,-1.0,0,0,0
508853,508854,DL_XP,neutral,anger,6,1,8.33,0,11,1,81.82,100.0,9.09,100.0,,,,-1.0,-1.0,0,0,0
510386,510387,UR_FR,neutral,sadness,6,4,16.67,3,11,1,81.82,100.0,36.36,100.0,27.27,100.0,100.0,-1.0,0.50484,3,3,3_plus
510534,510535,DL_XP,anger,neutral,1,6,75.0,0,11,1,9.09,100.0,81.82,100.0,,,,-1.0,-1.0,0,0,0
510571,510572,UR_FR,sadness,neutral,4,6,83.33,3,11,1,36.36,100.0,81.82,100.0,27.27,100.0,100.0,0.49895,-1.0,3,3,3_plus
510750,510751,DL_XP,neutral,anger,6,1,8.33,0,11,1,81.82,100.0,9.09,100.0,,,,-1.0,-1.0,0,0,0
510884,510885,UR_FR,neutral,sadness,6,4,16.67,2,11,1,81.82,100.0,27.27,100.0,18.18,100.0,100.0,-1.0,0.54042,2,2,2
510894,510895,DL_FR,neutral,surprise,6,5,16.67,1,11,1,81.82,100.0,18.18,100.0,9.09,100.0,100.0,-1.0,0.3196,1,1,1
511060,511061,DL_FR,surprise,neutral,5,6,66.67,1,11,1,18.18,100.0,81.82,100.0,9.09,100.0,100.0,0.41355,-1.0,1,1,1
511327,511328,UR_FR,sadness,neutral,4,6,75.0,4,11,1,45.45,100.0,81.82,100.0,36.36,100.0,100.0,0.55932,-1.0,4,3,3_plus
511868,511869,DL_XP,anger,neutral,1,6,83.33,0,11,1,0.0,0.0,81.82,100.0,,,,-1.0,-1.0,0,0,0
512027,512028,DL_XP,neutral,anger,6,1,8.33,0,11,1,81.82,100.0,0.0,0.0,,,,-1.0,-1.0,0,0,0
512400,512401,DL_FR,neutral,surprise,6,5,8.33,0,11,1,81.82,100.0,0.0,0.0,,,,-1.0,-1.0,0,0,0
512460,512461,UR_LU,neutral,surprise,6,5,16.67,1,11,1,81.82,100.0,9.09,100.0,9.09,100.0,100.0,0.15662,-1.0,1,1,1
512496,512497,DL_XP,anger,neutral,1,6,66.67,0,11,1,0.0,0.0,81.82,100.0,,,,-1.0,-1.0,0,0,0
512543,512544,UL_LU,neutral,disgust,6,2,16.67,0,11,1,81.82,88.89,9.09,100.0,,,,-1.0,-1.0,0,0,0
513412,513413,UR_XP,neutral,sadness,6,4,50.0,2,11,1,63.64,100.0,54.55,100.0,18.18,100.0,100.0,0.28996,0.6241,2,2,2
514003,514004,UR_XP,sadness,neutral,4,6,58.33,2,11,1,54.55,100.0,63.64,100.0,18.18,100.0,100.0,0.6241,0.49561,2,2,2
518953,518954,UR_LU,sadness,neutral,4,6,66.67,2,11,1,36.36,100.0,72.73,100.0,18.18,100.0,100.0,0.6241,0.19311,2,2,2
518974,518975,UL_LU,sadness,neutral,4,6,75.0,2,11,1,36.36,100.0,72.73,100.0,18.18,100.0,100.0,0.41934,-1.0,2,2,2
519698,519699,DL_FR,sadness,neutral,4,6,83.33,2,11,1,27.27,100.0,81.82,100.0,18.18,100.0,100.0,0.65661,-1.0,2,2,2
520970,520971,UR_XP,neutral,sadness,6,4,16.67,3,11,1,90.91,100.0,27.27,100.0,27.27,100.0,100.0,0.65843,0.63596,3,3,3_plus
521007,521008,UR_XP,sadness,neutral,4,6,83.33,3,11,1,27.27,100.0,90.91,100.0,27.27,100.0,100.0,0.63359,0.65281,3,3,3_plus
524937,524938,DL_FR,neutral,surprise,6,5,8.33,1,11,1,81.82,100.0,18.18,50.0,9.09,100.0,100.0,-1.0,0.35278,1,1,1
524994,524995,UL_LU,neutral,surprise,6,5,16.67,2,11,1,81.82,100.0,27.27,100.0,18.18,100.0,100.0,0.19767,0.01315,2,2,2
524996,524997,UR_LU,neutral,surprise,6,5,25.0,2,11,1,81.82,100.0,27.27,100.0,18.18,100.0,100.0,0.10988,-1.0,2,2,2
525163,525164,UL_FR,neutral,anger,6,1,8.33,1,11,1,63.64,100.0,9.09,100.0,9.09,100.0,100.0,-1.0,0.13484,1,1,1
525469,525470,UL_XP,neutral,surprise,6,5,33.33,1,11,1,54.55,83.33,45.45,100.0,9.09,0.0,100.0,0.15655,0.01072,1,1,1
525499,525500,UL_XP,surprise,neutral,5,6,50.0,1,11,1,45.45,100.0,54.55,83.33,9.09,100.0,0.0,0.07693,0.21696,1,1,1
525597,525598,UR_XP,neutral,sadness,6,4,16.67,3,11,1,63.64,100.0,36.36,75.0,27.27,100.0,66.67,0.18432,0.37185,3,3,3_plus
525611,525612,UL_LU,surprise,neutral,5,6,50.0,1,11,1,36.36,100.0,63.64,100.0,9.09,100.0,100.0,0.23176,-1.0,1,1,1
525638,525639,DR_FR,sadness,neutral,4,6,58.33,3,11,1,36.36,100.0,63.64,100.0,27.27,100.0,100.0,0.40007,0.259,3,3,3_plus
525652,525653,UR_FR,neutral,anger,6,1,16.67,1,11,1,72.73,87.5,18.18,100.0,9.09,100.0,100.0,-1.0,0.13484,1,1,1
525685,525686,UR_LU,sadness,neutral,4,6,58.33,4,11,1,36.36,100.0,72.73,100.0,36.36,100.0,100.0,0.40908,0.46101,4,3,3_plus
525775,525776,UR_FR,anger,neutral,1,6,66.67,1,11,1,18.18,100.0,81.82,100.0,9.09,100.0,100.0,0.13484,-1.0,1,1,1
525860,525861,UR_XP,sadness,neutral,4,6,75.0,2,11,1,18.18,100.0,90.91,90.0,18.18,100.0,50.0,0.6241,0.06173,2,2,2
525920,525921,UL_FR,anger,neutral,1,6,83.33,2,11,1,18.18,100.0,81.82,100.0,18.18,100.0,100.0,0.13098,-1.0,2,2,2
526023,526024,UR_LU,neutral,happiness,6,3,16.67,2,11,1,90.91,100.0,27.27,100.0,18.18,100.0,100.0,-1.0,0.59668,2,2,2
526135,526136,DL_FR,sadness,neutral,4,6,75.0,2,11,1,18.18,100.0,100.0,100.0,18.18,100.0,100.0,0.31264,0.00205,2,2,2
526135,526136,DR_FR,neutral,sadness,6,4,8.33,2,11,1,100.0,100.0,18.18,100.0,18.18,100.0,100.0,0.00265,0.31241,2,2,2
526213,526214,UL_LU,neutral,happiness,6,3,25.0,5,11,1,100.0,100.0,45.45,100.0,45.45,100.0,100.0,0.66224,0.22804,5,3,3_plus
526236,526237,UL_LU,happiness,neutral,3,6,75.0,4,11,1,45.45,100.0,90.91,100.0,36.36,100.0,100.0,0.15185,0.64734,4,3,3_plus
526254,526255,UR_FR,neutral,happiness,6,3,25.0,4,11,1,90.91,100.0,45.45,100.0,36.36,100.0,100.0,0.64734,0.09307,4,3,3_plus
526258,526259,UL_LU,neutral,happiness,6,3,33.33,4,11,1,90.91,100.0,45.45,100.0,36.36,100.0,100.0,0.32832,0.11616,4,3,3_plus
526278,526279,UL_XP,neutral,happiness,6,3,41.67,4,11,1,81.82,100.0,45.45,100.0,36.36,100.0,100.0,0.31214,0.08838,4,3,3_plus
526298,526299,UR_XP,neutral,happiness,6,3,50.0,4,11,1,81.82,100.0,45.45,100.0,36.36,100.0,100.0,0.31047,-1.0,4,3,3_plus
526445,526446,UL_LU,happiness,neutral,3,6,50.0,5,11,1,45.45,100.0,100.0,100.0,45.45,100.0,100.0,-1.0,0.45364,5,3,3_plus
526475,526476,UL_LU,neutral,happiness,6,3,50.0,5,11,1,100.0,100.0,45.45,100.0,45.45,100.0,100.0,0.43908,-1.0,5,3,3_plus
526506,526507,DR_FR,sadness,neutral,4,6,50.0,1,11,1,9.09,100.0,100.0,100.0,9.09,100.0,100.0,0.6241,-1.0,1,1,1
526575,526576,UR_FR,happiness,neutral,3,6,58.33,5,11,1,45.45,100.0,100.0,100.0,45.45,100.0,100.0,-1.0,0.39597,5,3,3_plus
526633,526634,UL_XP,happiness,neutral,3,6,66.67,5,11,1,45.45,100.0,100.0,100.0,45.45,100.0,100.0,0.11909,0.50794,5,3,3_plus
526897,526898,UR_XP,happiness,neutral,3,6,75.0,3,11,1,54.55,100.0,72.73,100.0,27.27,100.0,100.0,0.4194,-1.0,3,3,3_plus
527141,527142,UL_LU,happiness,neutral,3,6,83.33,4,11,1,45.45,100.0,90.91,100.0,36.36,100.0,100.0,0.19459,0.49719,4,3,3_plus
527209,527210,UR_LU,happiness,neutral,3,6,91.67,4,11,1,45.45,100.0,90.91,100.0,36.36,100.0,100.0,0.27504,-1.0,4,3,3_plus
527765,527766,DR_FR,neutral,sadness,6,4,8.33,2,11,1,100.0,100.0,18.18,100.0,18.18,100.0,100.0,-1.0,0.30843,2,2,2
527847,527848,DL_FR,neutral,sadness,6,4,16.67,2,11,1,100.0,100.0,18.18,100.0,18.18,100.0,100.0,0.20358,0.44173,2,2,2
528047,528048,DL_FR,sadness,neutral,4,6,83.33,2,11,1,18.18,100.0,100.0,90.91,18.18,100.0,100.0,0.44173,0.47505,2,2,2
528109,528110,DL_LU,happiness,neutral,3,6,91.67,1,11,1,9.09,100.0,100.0,100.0,9.09,100.0,100.0,0.70447,-1.0,1,1,1
528782,528783,DR_FR,sadness,neutral,4,6,100.0,3,11,1,27.27,100.0,100.0,100.0,27.27,100.0,100.0,0.57318,-1.0,3,3,3_plus
532602,532603,UR_FR,neutral,anger,6,1,8.33,2,11,1,100.0,100.0,18.18,100.0,18.18,100.0,100.0,-1.0,0.2599,2,2,2
532739,532740,UR_FR,anger,neutral,1,6,100.0,2,11,1,18.18,100.0,100.0,100.0,18.18,100.0,100.0,0.11106,-1.0,2,2,2
533402,533403,UR_XP,neutral,happiness,6,3,8.33,0,11,1,90.91,100.0,0.0,0.0,,,,-1.0,-1.0,0,0,0
533611,533612,UR_XP,happiness,neutral,3,6,91.67,0,11,1,0.0,0.0,90.91,100.0,,,,-1.0,-1.0,0,0,0
537507,537508,DL_LU,happiness,neutral,3,6,100.0,0,11,1,0.0,0.0,100.0,100.0,,,,-1.0,-1.0,0,0,0
538908,538909,UL_LU,neutral,sadness,6,4,8.33,3,11,1,100.0,100.0,27.27,100.0,27.27,100.0,100.0,-1.0,0.31061,3,3,3_plus
538920,538921,UR_LU,neutral,sadness,6,4,16.67,3,11,1,100.0,100.0,27.27,100.0,27.27,100.0,100.0,0.10159,0.43014,3,3,3_plus
540107,540108,UR_XP,neutral,anger,6,1,8.33,1,11,1,72.73,100.0,9.09,100.0,9.09,100.0,100.0,-1.0,0.17274,1,1,1
540412,540413,UR_XP,anger,neutral,1,6,75.0,1,11,1,9.09,100.0,72.73,100.0,9.09,100.0,100.0,0.17274,-1.0,1,1,1
542397,542398,UL_FR,neutral,anger,6,1,8.33,3,11,1,81.82,100.0,27.27,100.0,27.27,100.0,100.0,-1.0,0.20879,3,3,3_plus
542594,542595,UR_FR,neutral,anger,6,1,16.67,3,11,1,81.82,100.0,27.27,100.0,27.27,100.0,100.0,0.08939,0.24489,3,3,3_plus
542962,542963,UR_LU,neutral,sadness,6,4,16.67,2,11,1,81.82,100.0,27.27,100.0,18.18,100.0,100.0,-1.0,0.46322,2,2,2
543033,543034,UR_FR,anger,neutral,1,6,66.67,3,11,1,27.27,100.0,72.73,100.0,27.27,100.0,100.0,0.11924,0.10661,3,3,3_plus
543082,543083,UL_FR,anger,neutral,1,6,75.0,3,11,1,27.27,100.0,72.73,100.0,27.27,100.0,100.0,0.07994,-1.0,3,3,3_plus
543144,543145,UR_LU,sadness,neutral,4,6,83.33,2,11,1,18.18,100.0,81.82,100.0,18.18,100.0,100.0,0.40809,-1.0,2,2,2
543257,543258,UR_FR,neutral,anger,6,1,8.33,3,11,1,90.91,100.0,27.27,100.0,27.27,100.0,100.0,-1.0,0.2051,3,3,3_plus
543421,543422,UL_FR,neutral,anger,6,1,16.67,3,11,1,90.91,100.0,27.27,100.0,27.27,100.0,100.0,0.11824,0.3946,3,3,3_plus
544148,544149,UL_FR,anger,neutral,1,6,75.0,3,11,1,27.27,100.0,81.82,100.0,27.27,100.0,100.0,0.45817,0.14042,3,3,3_plus
544259,544260,UL_FR,neutral,anger,6,1,16.67,3,11,1,81.82,100.0,27.27,100.0,27.27,100.0,100.0,0.16102,0.40861,3,3,3_plus
544577,544578,UR_LU,neutral,sadness,6,4,16.67,2,11,1,81.82,100.0,27.27,100.0,18.18,100.0,100.0,-1.0,0.42767,2,2,2
544658,544659,UR_LU,sadness,neutral,4,6,66.67,2,11,1,27.27,100.0,81.82,100.0,18.18,100.0,100.0,0.33842,-1.0,2,2,2
544683,544684,UL_FR,anger,neutral,1,6,75.0,3,11,1,27.27,100.0,81.82,100.0,27.27,100.0,100.0,0.27918,0.01437,3,3,3_plus
545628,545629,UL_FR,neutral,anger,6,1,16.67,2,11,1,81.82,100.0,18.18,100.0,18.18,100.0,100.0,0.0656,0.17274,2,2,2
545647,545648,UL_FR,anger,neutral,1,6,75.0,2,11,1,18.18,100.0,81.82,100.0,18.18,100.0,100.0,0.17274,0.06272,2,2,2
545652,545653,UL_FR,neutral,anger,6,1,16.67,2,11,1,81.82,100.0,18.18,100.0,18.18,100.0,100.0,0.06217,0.17274,2,2,2
545654,545655,UL_FR,anger,neutral,1,6,75.0,2,11,1,18.18,100.0,81.82,100.0,18.18,100.0,100.0,0.17274,0.06166,2,2,2
545779,545780,UL_FR,neutral,anger,6,1,16.67,2,11,1,81.82,100.0,18.18,100.0,18.18,100.0,100.0,0.03564,0.17274,2,2,2
546032,546033,UR_FR,anger,neutral,1,6,75.0,3,11,1,27.27,100.0,81.82,100.0,27.27,100.0,100.0,0.41993,0.02066,3,3,3_plus
546054,546055,UL_FR,anger,neutral,1,6,83.33,3,11,1,27.27,100.0,81.82,100.0,27.27,100.0,100.0,0.26431,-1.0,3,3,3_plus
546533,546534,UR_FR,neutral,anger,6,1,8.33,2,11,1,81.82,100.0,18.18,100.0,18.18,100.0,100.0,-1.0,0.25992,2,2,2
547985,547986,UR_FR,anger,neutral,1,6,91.67,3,11,1,27.27,100.0,90.91,100.0,27.27,100.0,100.0,0.10332,-1.0,3,3,3_plus
548012,548013,UR_XP,neutral,anger,6,1,8.33,3,11,1,90.91,100.0,27.27,100.0,27.27,100.0,100.0,-1.0,0.09753,3,3,3_plus
548087,548088,UR_XP,anger,neutral,1,6,91.67,3,11,1,27.27,100.0,90.91,100.0,27.27,100.0,100.0,0.18744,-1.0,3,3,3_plus
552305,552306,DL_LU,neutral,sadness,6,4,8.33,5,11,1,100.0,100.0,45.45,100.0,45.45,100.0,100.0,-1.0,0.30435,5,3,3_plus
552336,552337,UR_LU,neutral,sadness,6,4,16.67,5,11,1,100.0,100.0,45.45,100.0,45.45,100.0,100.0,0.2197,0.26672,5,3,3_plus
552340,552341,UL_LU,neutral,sadness,6,4,25.0,5,11,1,100.0,100.0,45.45,100.0,45.45,100.0,100.0,0.12738,0.34769,5,3,3_plus
552347,552348,DL_FR,neutral,surprise,6,5,8.33,0,11,1,100.0,100.0,0.0,0.0,,,,-1.0,-1.0,0,0,0
552461,552462,UR_XP,neutral,sadness,6,4,33.33,4,11,1,90.91,100.0,45.45,100.0,36.36,100.0,100.0,0.24408,0.47049,4,3,3_plus
552511,552512,UL_LU,sadness,neutral,4,6,66.67,3,11,1,36.36,100.0,90.91,100.0,27.27,100.0,100.0,0.44109,0.20045,3,3,3_plus
552595,552596,DR_LU,neutral,sadness,6,4,33.33,3,11,1,90.91,100.0,36.36,100.0,27.27,100.0,100.0,0.13692,0.5465,3,3,3_plus
552696,552697,UR_XP,sadness,neutral,4,6,66.67,3,11,1,36.36,75.0,81.82,100.0,27.27,66.67,100.0,0.25756,0.26827,3,3,3_plus
552798,552799,DL_XP,neutral,anger,6,1,8.33,0,11,1,72.73,100.0,0.0,0.0,,,,-1.0,-1.0,0,0,0
552810,552811,UR_LU,sadness,neutral,4,6,66.67,1,11,1,18.18,100.0,72.73,100.0,9.09,100.0,100.0,0.23758,-1.0,1,1,1
552961,552962,UR_XP,neutral,sadness,6,4,8.33,1,11,1,72.73,87.5,9.09,100.0,9.09,100.0,100.0,-1.0,0.30616,1,1,1
553182,553183,UR_XP,sadness,neutral,4,6,66.67,0,11,1,0.0,0.0,81.82,100.0,,,,-1.0,-1.0,0,0,0
553591,553592,DL_FR,surprise,neutral,5,6,75.0,2,11,1,27.27,100.0,72.73,100.0,18.18,100.0,100.0,0.42335,-1.0,2,2,2
553717,553718,DR_FR,neutral,sadness,6,4,8.33,1,11,1,72.73,100.0,18.18,100.0,9.09,100.0,100.0,-1.0,0.62251,1,1,1
554451,554452,DL_FR,neutral,sadness,6,4,16.67,1,11,1,63.64,100.0,27.27,100.0,9.09,100.0,100.0,-1.0,0.3774,1,1,1
554729,554730,DL_FR,sadness,neutral,4,6,66.67,1,11,1,27.27,100.0,63.64,100.0,9.09,100.0,100.0,0.54933,-1.0,1,1,1
554825,554826,DL_FR,neutral,surprise,6,5,16.67,1,11,1,63.64,100.0,18.18,100.0,9.09,100.0,100.0,-1.0,0.30553,1,1,1
555317,555318,DR_FR,sadness,neutral,4,6,66.67,2,11,1,27.27,100.0,72.73,87.5,18.18,100.0,50.0,0.34623,0.16847,2,2,2
556791,556792,DR_FR,neutral,surprise,6,5,25.0,1,11,1,63.64,85.71,18.18,100.0,9.09,0.0,100.0,0.18543,-1.0,1,1,1
556882,556883,DL_FR,surprise,neutral,5,6,58.33,1,11,1,18.18,100.0,63.64,100.0,9.09,100.0,100.0,-1.0,0.2698,1,1,1
557447,557448,DL_XP,surprise,neutral,5,6,66.67,0,11,1,18.18,100.0,63.64,100.0,,,,-1.0,-1.0,0,0,0
557682,557683,DL_FR,neutral,surprise,6,5,16.67,0,11,1,63.64,100.0,18.18,100.0,,,,-1.0,-1.0,0,0,0
557983,557984,DL_XP,neutral,sadness,6,4,8.33,3,11,1,63.64,100.0,36.36,100.0,27.27,100.0,100.0,-1.0,0.40346,3,3,3_plus
558703,558704,DL_LU,sadness,neutral,4,6,58.33,3,11,1,27.27,100.0,72.73,100.0,27.27,100.0,100.0,0.388,-1.0,3,3,3_plus
558705,558706,DL_FR,surprise,neutral,5,6,66.67,1,11,1,18.18,50.0,72.73,100.0,9.09,0.0,100.0,0.2662,-1.0,1,1,1
559169,559170,DL_FR,neutral,surprise,6,5,16.67,1,11,1,81.82,100.0,9.09,100.0,9.09,100.0,100.0,0.49956,-1.0,1,1,1
559289,559290,DL_FR,surprise,neutral,5,6,75.0,1,11,1,9.09,100.0,90.91,100.0,9.09,100.0,100.0,-1.0,0.60545,1,1,1
559589,559590,DR_FR,surprise,neutral,5,6,83.33,1,11,1,9.09,100.0,90.91,100.0,9.09,100.0,100.0,0.31135,-1.0,1,1,1
563901,563902,UR_XP,neutral,sadness,6,4,8.33,2,11,1,72.73,100.0,18.18,100.0,18.18,100.0,100.0,-1.0,0.41258,2,2,2
564012,564013,UR_XP,sadness,neutral,4,6,75.0,3,11,1,27.27,100.0,72.73,100.0,27.27,100.0,100.0,0.33624,-1.0,3,3,3_plus
564250,564251,UR_XP,neutral,sadness,6,4,8.33,3,11,1,72.73,100.0,27.27,100.0,27.27,100.0,100.0,-1.0,0.25929,3,3,3_plus
564498,564499,UR_XP,sadness,neutral,4,6,75.0,3,11,1,27.27,100.0,72.73,100.0,27.27,100.0,100.0,0.37269,-1.0,3,3,3_plus
564671,564672,UL_LU,neutral,sadness,6,4,8.33,3,11,1,72.73,100.0,27.27,100.0,27.27,100.0,100.0,-1.0,0.46218,3,3,3_plus
564707,564708,UR_LU,neutral,sadness,6,4,16.67,2,11,1,63.64,100.0,27.27,100.0,18.18,100.0,100.0,-1.0,0.55825,2,2,2
565128,565129,DR_FR,neutral,sadness,6,4,25.0,1,11,1,54.55,100.0,27.27,100.0,9.09,100.0,100.0,-1.0,0.28644,1,1,1
565278,565279,DL_FR,neutral,surprise,6,5,8.33,0,11,1,54.55,100.0,0.0,0.0,,,,-1.0,-1.0,0,0,0
565284,565285,DL_FR,surprise,neutral,5,6,50.0,0,11,1,0.0,0.0,54.55,100.0,,,,-1.0,-1.0,0,0,0
565559,565560,DL_FR,neutral,surprise,6,5,8.33,0,11,1,54.55,100.0,0.0,0.0,,,,-1.0,-1.0,0,0,0
565792,565793,UL_FR,neutral,anger,6,1,16.67,2,11,1,72.73,100.0,27.27,66.67,18.18,100.0,50.0,-1.0,0.37514,2,2,2
565797,565798,UR_FR,neutral,anger,6,1,25.0,2,11,1,72.73,100.0,27.27,66.67,18.18,100.0,50.0,0.0166,0.74063,2,2,2
565913,565914,UR_FR,anger,neutral,1,6,50.0,2,11,1,27.27,66.67,72.73,100.0,18.18,50.0,100.0,0.74204,0.29507,2,2,2
566064,566065,DR_FR,sadness,neutral,4,6,50.0,0,11,1,0.0,0.0,63.64,100.0,,,,-1.0,-1.0,0,0,0
566276,566277,DL_FR,surprise,neutral,5,6,66.67,0,11,1,0.0,0.0,72.73,100.0,,,,-1.0,-1.0,0,0,0
566328,566329,UL_FR,anger,neutral,1,6,75.0,2,11,1,27.27,100.0,72.73,100.0,18.18,100.0,100.0,0.44088,-1.0,2,2,2
566427,566428,UL_FR,neutral,anger,6,1,16.67,1,11,1,54.55,100.0,18.18,100.0,9.09,100.0,100.0,-1.0,0.2182,1,1,1
566685,566686,UL_FR,anger,neutral,1,6,75.0,0,11,1,9.09,100.0,72.73,100.0,,,,-1.0,-1.0,0,0,0
572198,572199,UL_LU,neutral,sadness,6,4,16.67,1,11,1,72.73,100.0,18.18,100.0,9.09,100.0,100.0,-1.0,0.07444,1,1,1
572224,572225,UL_LU,sadness,neutral,4,6,75.0,1,11,1,18.18,100.0,72.73,100.0,9.09,100.0,100.0,0.14246,-1.0,1,1,1
572227,572228,UL_LU,neutral,sadness,6,4,16.67,1,11,1,72.73,100.0,18.18,100.0,9.09,100.0,100.0,-1.0,0.16189,1,1,1
572241,572242,UL_LU,sadness,neutral,4,6,75.0,1,11,1,18.18,100.0,72.73,100.0,9.09,100.0,100.0,0.17574,-1.0,1,1,1
575372,575373,UL_LU,neutral,sadness,6,4,16.67,1,11,1,72.73,100.0,18.18,100.0,9.09,100.0,100.0,-1.0,0.19665,1,1,1
575385,575386,UL_LU,sadness,neutral,4,6,75.0,1,11,1,18.18,100.0,72.73,100.0,9.09,100.0,100.0,0.18073,-1.0,1,1,1
575881,575882,UL_LU,neutral,sadness,6,4,16.67,1,11,1,72.73,100.0,18.18,100.0,9.09,100.0,100.0,-1.0,0.31608,1,1,1
575963,575964,UL_LU,sadness,neutral,4,6,75.0,1,11,1,18.18,100.0,72.73,100.0,9.09,100.0,100.0,0.37578,-1.0,1,1,1
576175,576176,UL_LU,neutral,sadness,6,4,16.67,1,11,1,72.73,100.0,18.18,100.0,9.09,100.0,100.0,-1.0,0.3253,1,1,1
576302,576303,UL_LU,sadness,neutral,4,6,75.0,1,11,1,18.18,100.0,72.73,100.0,9.09,100.0,100.0,0.31812,-1.0,1,1,1
576530,576531,UL_LU,neutral,sadness,6,4,16.67,1,11,1,72.73,100.0,18.18,100.0,9.09,100.0,100.0,-1.0,0.36437,1,1,1
576833,576834,UR_LU,neutral,sadness,6,4,25.0,0,11,1,63.64,100.0,18.18,100.0,,,,-1.0,-1.0,0,0,0
576934,576935,DL_FR,neutral,surprise,6,5,16.67,1,11,1,63.64,100.0,18.18,100.0,9.09,100.0,100.0,-1.0,0.36201,1,1,1
576994,576995,UL_LU,sadness,neutral,4,6,58.33,1,11,1,18.18,100.0,72.73,100.0,9.09,100.0,100.0,-1.0,0.23372,1,1,1
577100,577101,DL_LU,sadness,neutral,4,6,66.67,3,11,1,27.27,100.0,81.82,100.0,27.27,100.0,100.0,0.52377,0.11571,3,3,3_plus
577124,577125,UR_LU,sadness,neutral,4,6,75.0,3,11,1,27.27,100.0,81.82,100.0,27.27,100.0,100.0,0.39062,-1.0,3,3,3_plus
577186,577187,DL_FR,surprise,neutral,5,6,83.33,1,11,1,18.18,100.0,81.82,100.0,9.09,100.0,100.0,0.36201,-1.0,1,1,1
577459,577460,DL_XP,anger,neutral,1,6,91.67,0,11,1,0.0,0.0,90.91,100.0,,,,-1.0,-1.0,0,0,0
577615,577616,DL_FR,neutral,surprise,6,5,16.67,3,11,1,90.91,100.0,36.36,100.0,27.27,100.0,100.0,-1.0,0.35325,3,3,3_plus
577670,577671,UR_LU,neutral,surprise,6,5,25.0,4,11,1,90.91,90.0,45.45,100.0,36.36,75.0,100.0,0.14739,0.35479,4,3,3_plus
577804,577805,DR_FR,neutral,surprise,6,5,33.33,2,11,1,72.73,100.0,45.45,100.0,18.18,100.0,100.0,-1.0,0.3706,2,2,2
578215,578216,DL_FR,disgust,neutral,2,6,75.0,0,11,1,0.0,0.0,90.91,90.0,,,,-1.0,-1.0,0,0,0
578289,578290,DR_FR,surprise,neutral,5,6,83.33,2,11,1,27.27,100.0,90.91,90.0,18.18,100.0,50.0,0.36201,0.06126,2,2,2
578456,578457,DL_FR,neutral,sadness,6,4,8.33,2,11,1,90.91,100.0,18.18,50.0,18.18,100.0,50.0,0.22905,0.33933,2,2,2
579408,579409,UL_LU,neutral,surprise,6,5,25.0,2,11,1,90.91,100.0,27.27,100.0,18.18,100.0,100.0,0.34978,0.36201,2,2,2
579525,579526,UL_LU,surprise,neutral,5,6,75.0,2,11,1,27.27,100.0,90.91,100.0,18.18,100.0,100.0,0.36201,0.12715,2,2,2
579638,579639,UR_LU,surprise,neutral,5,6,83.33,2,11,1,27.27,100.0,90.91,100.0,18.18,100.0,100.0,0.24201,-1.0,2,2,2
579655,579656,UR_LU,neutral,surprise,6,5,16.67,3,11,1,90.91,100.0,36.36,50.0,27.27,100.0,33.33,-1.0,0.3118,3,3,3_plus
579694,579695,DL_LU,neutral,surprise,6,5,25.0,3,11,1,90.91,100.0,36.36,100.0,27.27,100.0,100.0,0.06089,0.23231,3,3,3_plus
579791,579792,UR_LU,sadness,neutral,4,6,75.0,1,11,1,9.09,100.0,81.82,100.0,9.09,100.0,100.0,-1.0,0.39843,1,1,1
580083,580084,UR_LU,neutral,sadness,6,4,16.67,2,11,1,81.82,100.0,18.18,100.0,18.18,100.0,100.0,0.27853,0.63578,2,2,2
580087,580088,UR_LU,sadness,neutral,4,6,75.0,2,11,1,18.18,100.0,81.82,100.0,18.18,100.0,100.0,0.63578,0.27724,2,2,2
580192,580193,UR_LU,neutral,surprise,6,5,25.0,2,11,1,81.82,100.0,36.36,75.0,18.18,100.0,50.0,-1.0,0.35575,2,2,2
580339,580340,UR_LU,surprise,neutral,5,6,75.0,1,11,1,27.27,100.0,81.82,100.0,9.09,100.0,100.0,0.36201,-1.0,1,1,1
580438,580439,UR_LU,neutral,surprise,6,5,25.0,1,11,1,81.82,100.0,27.27,100.0,9.09,100.0,100.0,-1.0,0.36201,1,1,1
580516,580517,DL_FR,sadness,neutral,4,6,75.0,2,11,1,18.18,50.0,81.82,100.0,18.18,50.0,100.0,0.35079,0.03423,2,2,2
580914,580915,UR_LU,sadness,neutral,4,6,83.33,2,11,1,18.18,100.0,81.82,100.0,18.18,100.0,100.0,0.65257,-1.0,2,2,2
581025,581026,UR_LU,neutral,sadness,6,4,8.33,1,11,1,81.82,100.0,9.09,100.0,9.09,100.0,100.0,-1.0,0.63578,1,1,1
581180,581181,UL_LU,neutral,disgust,6,2,8.33,1,11,1,81.82,100.0,9.09,0.0,9.09,100.0,0.0,0.28396,0.31872,1,1,1
581314,581315,UL_LU,disgust,neutral,2,6,75.0,1,11,1,9.09,0.0,81.82,100.0,9.09,0.0,100.0,0.38575,0.30364,1,1,1
581391,581392,UR_LU,surprise,neutral,5,6,83.33,1,11,1,27.27,100.0,81.82,100.0,9.09,100.0,100.0,0.36201,-1.0,1,1,1
581497,581498,UR_LU,neutral,sadness,6,4,8.33,4,11,1,81.82,100.0,36.36,100.0,36.36,100.0,100.0,-1.0,0.52288,4,3,3_plus
581534,581535,UR_LU,sadness,neutral,4,6,83.33,4,11,1,36.36,100.0,81.82,100.0,36.36,100.0,100.0,0.54571,-1.0,4,3,3_plus
581561,581562,UR_LU,neutral,sadness,6,4,8.33,3,11,1,81.82,100.0,27.27,100.0,27.27,100.0,100.0,-1.0,0.50809,3,3,3_plus
581874,581875,UR_LU,sadness,neutral,4,6,83.33,2,11,1,18.18,100.0,81.82,100.0,18.18,100.0,100.0,0.59693,-1.0,2,2,2
582031,582032,UR_LU,neutral,surprise,6,5,25.0,2,11,1,81.82,100.0,36.36,75.0,18.18,100.0,50.0,-1.0,0.20955,2,2,2
582039,582040,UL_LU,neutral,disgust,6,2,8.33,0,11,1,81.82,100.0,0.0,0.0,,,,-1.0,-1.0,0,0,0
582164,582165,UL_LU,disgust,neutral,2,6,75.0,0,11,1,0.0,0.0,81.82,100.0,,,,-1.0,-1.0,0,0,0
582179,582180,DL_FR,neutral,sadness,6,4,8.33,3,11,1,81.82,100.0,27.27,100.0,27.27,100.0,100.0,-1.0,0.33355,3,3,3_plus
582196,582197,UR_LU,surprise,neutral,5,6,75.0,1,11,1,27.27,100.0,81.82,100.0,9.09,100.0,100.0,0.36201,-1.0,1,1,1
582258,582259,UR_XP,neutral,sadness,6,4,16.67,3,11,1,81.82,100.0,27.27,100.0,27.27,100.0,100.0,0.35676,0.5199,3,3,3_plus
582522,582523,UR_XP,sadness,neutral,4,6,75.0,1,11,1,18.18,100.0,72.73,100.0,9.09,100.0,100.0,0.53191,-1.0,1,1,1
582567,582568,DR_FR,neutral,surprise,6,5,25.0,3,11,1,81.82,100.0,45.45,100.0,27.27,100.0,100.0,0.4968,0.22182,3,3,3_plus
582628,582629,DR_LU,surprise,neutral,5,6,75.0,3,11,1,45.45,100.0,81.82,100.0,27.27,100.0,100.0,0.28732,0.29642,3,3,3_plus
582734,582735,UL_XP,neutral,happiness,6,3,8.33,0,11,1,81.82,100.0,0.0,0.0,,,,-1.0,-1.0,0,0,0
582779,582780,UL_FR,neutral,anger,6,1,8.33,1,11,1,72.73,100.0,9.09,100.0,9.09,100.0,100.0,-1.0,0.35817,1,1,1
582946,582947,UL_XP,happiness,neutral,3,6,66.67,0,11,1,0.0,0.0,72.73,100.0,,,,-1.0,-1.0,0,0,0
583153,583154,DL_LU,surprise,neutral,5,6,75.0,1,11,1,27.27,100.0,72.73,100.0,9.09,100.0,100.0,0.02589,-1.0,1,1,1
583207,583208,DL_LU,neutral,surprise,6,5,25.0,1,11,1,72.73,100.0,27.27,100.0,9.09,100.0,100.0,-1.0,0.02605,1,1,1
583240,583241,UR_FR,neutral,disgust,6,2,8.33,0,11,1,72.73,100.0,9.09,100.0,,,,-1.0,-1.0,0,0,0
584556,584557,DL_XP,neutral,surprise,6,5,33.33,1,11,1,54.55,100.0,36.36,100.0,9.09,100.0,100.0,-1.0,0.20432,1,1,1
584618,584619,DR_LU,neutral,surprise,6,5,41.67,1,11,1,63.64,85.71,36.36,100.0,9.09,100.0,100.0,0.44033,-1.0,1,1,1
584654,584655,DR_LU,surprise,neutral,5,6,50.0,0,11,1,36.36,100.0,54.55,83.33,,,,-1.0,-1.0,0,0,0
584673,584674,DR_LU,neutral,surprise,6,5,41.67,0,11,1,54.55,100.0,36.36,100.0,,,,-1.0,-1.0,0,0,0
584700,584701,UR_FR,anger,neutral,1,6,50.0,1,11,1,18.18,100.0,54.55,83.33,9.09,100.0,0.0,0.01564,0.1525,1,1,1
584724,584725,UL_LU,neutral,disgust,6,2,8.33,1,11,1,54.55,83.33,18.18,50.0,9.09,100.0,0.0,-1.0,0.14903,1,1,1
584754,584755,UR_LU,neutral,sadness,6,4,16.67,2,11,1,45.45,80.0,27.27,100.0,18.18,100.0,100.0,-1.0,0.27698,2,2,2
584826,584827,DR_LU,anger,neutral,1,6,41.67,0,11,1,9.09,100.0,54.55,100.0,,,,-1.0,-1.0,0,0,0
584835,584836,DR_XP,neutral,surprise,6,5,41.67,0,11,1,54.55,100.0,36.36,100.0,,,,-1.0,-1.0,0,0,0
584841,584842,UR_XP,neutral,sadness,6,4,25.0,3,11,1,54.55,100.0,27.27,100.0,27.27,100.0,100.0,0.04583,0.25449,3,3,3_plus
584855,584856,UR_LU,sadness,neutral,4,6,33.33,3,11,1,27.27,100.0,54.55,100.0,27.27,100.0,100.0,0.28511,0.06873,3,3,3_plus
584868,584869,UL_LU,sadness,neutral,4,6,41.67,3,11,1,27.27,100.0,54.55,100.0,27.27,100.0,100.0,0.19144,0.17182,3,3,3_plus
584897,584898,DR_LU,neutral,anger,6,1,16.67,0,11,1,54.55,100.0,9.09,100.0,,,,-1.0,-1.0,0,0,0
585085,585086,UR_XP,sadness,neutral,4,6,41.67,0,11,1,0.0,0.0,54.55,100.0,,,,-1.0,-1.0,0,0,0
585131,585132,UR_FR,neutral,happiness,6,3,16.67,2,11,1,54.55,100.0,27.27,100.0,18.18,100.0,100.0,-1.0,0.60481,2,2,2
585151,585152,UL_FR,anger,neutral,1,6,41.67,1,11,1,9.09,100.0,63.64,85.71,9.09,100.0,0.0,0.3457,0.39528,1,1,1
585188,585189,DR_LU,surprise,neutral,5,6,50.0,1,11,1,36.36,100.0,63.64,100.0,9.09,100.0,100.0,-1.0,0.49939,1,1,1
585202,585203,UR_FR,happiness,neutral,3,6,58.33,3,11,1,45.45,100.0,63.64,100.0,27.27,100.0,100.0,0.32702,-1.0,3,3,3_plus
585233,585234,UL_LU,neutral,happiness,6,3,16.67,5,11,1,72.73,87.5,54.55,83.33,45.45,80.0,80.0,0.63018,0.33913,5,3,3_plus
585250,585251,UR_FR,neutral,anger,6,1,8.33,0,11,1,72.73,100.0,0.0,0.0,,,,-1.0,-1.0,0,0,0
585263,585264,UR_LU,neutral,happiness,6,3,25.0,5,11,1,72.73,100.0,54.55,66.67,45.45,100.0,60.0,0.27377,0.35495,5,3,3_plus
585289,585290,UR_LU,happiness,neutral,3,6,41.67,5,11,1,54.55,66.67,72.73,100.0,45.45,60.0,100.0,0.31546,0.31223,5,3,3_plus
585306,585307,UL_XP,neutral,happiness,6,3,25.0,5,11,1,72.73,100.0,54.55,66.67,45.45,100.0,60.0,0.29656,0.28495,5,3,3_plus
585324,585325,UR_LU,neutral,happiness,6,3,33.33,4,11,1,63.64,100.0,54.55,66.67,36.36,100.0,50.0,0.13726,0.33195,4,3,3_plus
585345,585346,UR_FR,anger,neutral,1,6,33.33,1,11,1,9.09,0.0,63.64,100.0,9.09,0.0,100.0,0.22067,0.14472,1,1,1
585389,585390,DL_FR,surprise,neutral,5,6,41.67,1,11,1,27.27,100.0,72.73,87.5,9.09,100.0,100.0,-1.0,0.49939,1,1,1
585403,585404,UR_XP,neutral,happiness,6,3,41.67,3,11,1,63.64,85.71,45.45,100.0,27.27,66.67,100.0,0.3233,0.0524,3,3,3_plus
585497,585498,UR_FR,neutral,happiness,6,3,50.0,3,11,1,72.73,87.5,45.45,100.0,27.27,66.67,100.0,0.31583,-1.0,3,3,3_plus
585589,585590,UL_XP,happiness,neutral,3,6,33.33,4,11,1,45.45,100.0,81.82,100.0,36.36,100.0,100.0,-1.0,0.38554,4,3,3_plus
585645,585646,DR_FR,surprise,neutral,5,6,41.67,1,11,1,18.18,100.0,81.82,100.0,9.09,100.0,100.0,-1.0,0.49939,1,1,1
585758,585759,UR_LU,happiness,neutral,3,6,50.0,4,11,1,45.45,100.0,81.82,100.0,36.36,100.0,100.0,0.24053,0.24405,4,3,3_plus
585784,585785,UL_LU,happiness,neutral,3,6,58.33,4,11,1,45.45,100.0,81.82,100.0,36.36,100.0,100.0,0.20265,0.28658,4,3,3_plus
585855,585856,UR_XP,happiness,neutral,3,6,66.67,4,11,1,45.45,80.0,81.82,100.0,36.36,75.0,100.0,0.52882,0.26665,4,3,3_plus
585981,585982,UR_LU,neutral,happiness,6,3,25.0,4,11,1,81.82,100.0,45.45,100.0,36.36,100.0,100.0,0.29019,0.25585,4,3,3_plus
586032,586033,UR_LU,happiness,neutral,3,6,66.67,4,11,1,45.45,100.0,81.82,100.0,36.36,100.0,100.0,0.17621,0.3237,4,3,3_plus
586137,586138,DL_FR,neutral,surprise,6,5,25.0,1,11,1,81.82,100.0,18.18,100.0,9.09,100.0,100.0,0.49939,-1.0,1,1,1
586218,586219,UR_FR,happiness,neutral,3,6,66.67,1,11,1,18.18,100.0,81.82,100.0,9.09,100.0,100.0,0.24083,-1.0,1,1,1
586248,586249,UL_FR,neutral,anger,6,1,8.33,0,11,1,81.82,100.0,0.0,0.0,,,,-1.0,-1.0,0,0,0
586328,586329,DR_FR,neutral,disgust,6,2,8.33,0,11,1,81.82,100.0,9.09,100.0,,,,-1.0,-1.0,0,0,0
586455,586456,DR_FR,disgust,neutral,2,6,58.33,0,11,1,9.09,100.0,81.82,100.0,,,,-1.0,-1.0,0,0,0
586853,586854,UL_FR,anger,neutral,1,6,66.67,0,11,1,0.0,0.0,81.82,100.0,,,,-1.0,-1.0,0,0,0
588182,588183,DL_FR,surprise,neutral,5,6,75.0,1,11,1,18.18,100.0,81.82,100.0,9.09,100.0,100.0,-1.0,0.49939,1,1,1
588201,588202,UL_XP,neutral,sadness,6,4,8.33,0,11,1,81.82,100.0,0.0,0.0,,,,-1.0,-1.0,0,0,0
588291,588292,UL_XP,sadness,neutral,4,6,75.0,0,11,1,0.0,0.0,81.82,100.0,,,,-1.0,-1.0,0,0,0
588320,588321,DL_FR,neutral,surprise,6,5,25.0,1,11,1,81.82,100.0,18.18,100.0,9.09,100.0,100.0,0.49939,-1.0,1,1,1
588768,588769,UL_XP,neutral,sadness,6,4,8.33,0,11,1,81.82,100.0,0.0,0.0,,,,-1.0,-1.0,0,0,0
588933,588934,UL_XP,sadness,neutral,4,6,66.67,0,11,1,0.0,0.0,81.82,100.0,,,,-1.0,-1.0,0,0,0
588937,588938,UR_FR,neutral,anger,6,1,8.33,0,11,1,81.82,100.0,0.0,0.0,,,,-1.0,-1.0,0,0,0
589908,589909,UL_XP,neutral,sadness,6,4,8.33,0,11,1,72.73,100.0,0.0,0.0,,,,-1.0,-1.0,0,0,0
589952,589953,UL_XP,sadness,neutral,4,6,58.33,0,11,1,0.0,0.0,72.73,100.0,,,,-1.0,-1.0,0,0,0
591288,591289,UR_FR,anger,neutral,1,6,66.67,0,11,1,0.0,0.0,72.73,100.0,,,,-1.0,-1.0,0,0,0
591335,591336,UL_XP,neutral,sadness,6,4,16.67,0,11,1,81.82,100.0,9.09,100.0,,,,-1.0,-1.0,0,0,0
591853,591854,UL_XP,sadness,neutral,4,6,66.67,0,11,1,9.09,100.0,81.82,100.0,,,,-1.0,-1.0,0,0,0
591899,591900,UR_FR,neutral,anger,6,1,8.33,0,11,1,81.82,100.0,0.0,0.0,,,,-1.0,-1.0,0,0,0
591966,591967,UL_XP,neutral,sadness,6,4,16.67,0,11,1,81.82,100.0,9.09,100.0,,,,-1.0,-1.0,0,0,0
592133,592134,UL_XP,sadness,neutral,4,6,58.33,0,11,1,9.09,100.0,72.73,100.0,,,,-1.0,-1.0,0,0,0
592394,592395,UL_XP,neutral,sadness,6,4,16.67,0,11,1,72.73,100.0,9.09,100.0,,,,-1.0,-1.0,0,0,0
592538,592539,UL_XP,sadness,neutral,4,6,58.33,0,11,1,9.09,100.0,72.73,100.0,,,,-1.0,-1.0,0,0,0
592659,592660,UL_FR,neutral,anger,6,1,16.67,0,11,1,72.73,100.0,9.09,100.0,,,,-1.0,-1.0,0,0,0
592731,592732,UL_XP,neutral,sadness,6,4,16.67,0,11,1,72.73,100.0,9.09,100.0,,,,-1.0,-1.0,0,0,0
592877,592878,UL_XP,sadness,neutral,4,6,50.0,0,11,1,9.09,100.0,63.64,100.0,,,,-1.0,-1.0,0,0,0
593266,593267,UL_XP,neutral,sadness,6,4,16.67,0,11,1,63.64,100.0,9.09,100.0,,,,-1.0,-1.0,0,0,0
593538,593539,UL_XP,sadness,neutral,4,6,50.0,0,11,1,9.09,100.0,63.64,100.0,,,,-1.0,-1.0,0,0,0
593744,593745,UL_XP,neutral,sadness,6,4,16.67,0,11,1,72.73,100.0,9.09,100.0,,,,-1.0,-1.0,0,0,0
593866,593867,UL_XP,sadness,neutral,4,6,50.0,0,11,1,9.09,100.0,72.73,100.0,,,,-1.0,-1.0,0,0,0
593947,593948,UL_XP,neutral,sadness,6,4,16.67,0,11,1,72.73,100.0,9.09,100.0,,,,-1.0,-1.0,0,0,0
593974,593975,UR_FR,anger,neutral,1,6,50.0,0,11,1,9.09,100.0,72.73,100.0,,,,-1.0,-1.0,0,0,0
594190,594191,UL_XP,sadness,neutral,4,6,58.33,0,11,1,9.09,100.0,63.64,100.0,,,,-1.0,-1.0,0,0,0
594362,594363,UL_XP,neutral,sadness,6,4,16.67,0,11,1,63.64,100.0,9.09,100.0,,,,-1.0,-1.0,0,0,0
594515,594516,UL_XP,sadness,neutral,4,6,58.33,0,11,1,9.09,100.0,72.73,100.0,,,,-1.0,-1.0,0,0,0
594557,594558,DR_FR,neutral,surprise,6,5,33.33,1,11,1,72.73,100.0,27.27,100.0,9.09,100.0,100.0,0.23635,-1.0,1,1,1
594818,594819,UL_FR,anger,neutral,1,6,58.33,0,11,1,0.0,0.0,63.64,100.0,,,,-1.0,-1.0,0,0,0
594828,594829,UL_XP,neutral,sadness,6,4,16.67,0,11,1,63.64,100.0,9.09,100.0,,,,-1.0,-1.0,0,0,0
595146,595147,UL_FR,neutral,anger,6,1,8.33,0,11,1,72.73,100.0,0.0,0.0,,,,-1.0,-1.0,0,0,0
595331,595332,UL_XP,sadness,neutral,4,6,50.0,0,11,1,9.09,100.0,72.73,100.0,,,,-1.0,-1.0,0,0,0
595372,595373,DL_FR,surprise,neutral,5,6,50.0,1,11,1,27.27,100.0,63.64,100.0,9.09,100.0,100.0,-1.0,0.23635,1,1,1
595694,595695,DL_FR,neutral,surprise,6,5,33.33,1,11,1,63.64,100.0,27.27,100.0,9.09,100.0,100.0,0.23635,-1.0,1,1,1
595765,595766,UL_FR,anger,neutral,1,6,50.0,0,11,1,0.0,0.0,63.64,100.0,,,,-1.0,-1.0,0,0,0
595846,595847,UL_FR,neutral,anger,6,1,8.33,1,11,1,63.64,100.0,9.09,100.0,9.09,100.0,100.0,-1.0,0.10106,1,1,1
595880,595881,UR_FR,neutral,anger,6,1,16.67,1,11,1,72.73,100.0,9.09,100.0,9.09,100.0,100.0,0.02582,-1.0,1,1,1
596000,596001,UL_XP,neutral,sadness,6,4,16.67,0,11,1,72.73,100.0,9.09,100.0,,,,-1.0,-1.0,0,0,0
596144,596145,UL_XP,sadness,neutral,4,6,41.67,0,11,1,9.09,100.0,72.73,100.0,,,,-1.0,-1.0,0,0,0
596188,596189,UR_FR,anger,neutral,1,6,50.0,2,11,1,18.18,100.0,72.73,100.0,18.18,100.0,100.0,0.49255,0.32698,2,2,2
596332,596333,DL_FR,surprise,neutral,5,6,50.0,1,11,1,27.27,100.0,63.64,100.0,9.09,100.0,100.0,-1.0,0.23635,1,1,1
596338,596339,DL_FR,neutral,surprise,6,5,33.33,1,11,1,63.64,100.0,27.27,100.0,9.09,100.0,100.0,0.23635,-1.0,1,1,1
596407,596408,UL_FR,anger,neutral,1,6,50.0,0,11,1,0.0,0.0,63.64,100.0,,,,-1.0,-1.0,0,0,0
596487,596488,UL_FR,neutral,surprise,6,5,41.67,2,11,1,81.82,100.0,36.36,100.0,18.18,100.0,100.0,0.14065,-1.0,2,2,2
596558,596559,DL_LU,sadness,neutral,4,6,50.0,2,11,1,18.18,100.0,81.82,100.0,18.18,100.0,100.0,0.36366,0.06312,2,2,2
596582,596583,UL_LU,sadness,neutral,4,6,58.33,2,11,1,18.18,100.0,81.82,100.0,18.18,100.0,100.0,0.21461,-1.0,2,2,2
596644,596645,DL_FR,surprise,neutral,5,6,66.67,2,11,1,36.36,100.0,81.82,100.0,18.18,100.0,100.0,-1.0,0.29949,2,2,2
596807,596808,DL_XP,surprise,neutral,5,6,75.0,2,11,1,36.36,100.0,81.82,100.0,18.18,100.0,100.0,0.00874,0.26065,2,2,2
596810,596811,DL_FR,neutral,surprise,6,5,33.33,2,11,1,81.82,100.0,36.36,100.0,18.18,100.0,100.0,0.25839,0.01739,2,2,2
597073,597074,DL_FR,surprise,neutral,5,6,75.0,2,11,1,18.18,100.0,90.91,100.0,18.18,100.0,100.0,-1.0,0.52495,2,2,2
597187,597188,DR_XP,surprise,neutral,5,6,83.33,2,11,1,18.18,100.0,90.91,100.0,18.18,100.0,100.0,0.39045,0.30202,2,2,2
597232,597233,UR_FR,neutral,anger,6,1,8.33,0,11,1,90.91,100.0,0.0,0.0,,,,-1.0,-1.0,0,0,0
597400,597401,UR_LU,neutral,happiness,6,3,8.33,1,11,1,72.73,100.0,9.09,100.0,9.09,100.0,100.0,-1.0,0.55073,1,1,1
597513,597514,UL_LU,neutral,happiness,6,3,8.33,1,11,1,63.64,100.0,9.09,100.0,9.09,100.0,100.0,-1.0,0.37116,1,1,1
597517,597518,DL_LU,neutral,sadness,6,4,16.67,2,11,1,63.64,100.0,27.27,66.67,18.18,100.0,50.0,-1.0,0.4428,2,2,2
597575,597576,DL_LU,sadness,neutral,4,6,58.33,2,11,1,27.27,66.67,63.64,85.71,18.18,50.0,100.0,0.3979,-1.0,2,2,2
597615,597616,UL_LU,happiness,neutral,3,6,66.67,1,11,1,18.18,100.0,63.64,100.0,9.09,100.0,100.0,0.23494,-1.0,1,1,1
597711,597712,DR_LU,neutral,sadness,6,4,16.67,2,11,1,72.73,100.0,27.27,100.0,18.18,100.0,100.0,-1.0,0.35635,2,2,2
597781,597782,DL_LU,neutral,sadness,6,4,25.0,2,11,1,72.73,100.0,27.27,100.0,18.18,100.0,100.0,0.21893,0.27522,2,2,2
597796,597797,DL_LU,sadness,neutral,4,6,58.33,2,11,1,27.27,100.0,72.73,100.0,18.18,100.0,100.0,0.25942,0.28379,2,2,2
597867,597868,DL_XP,neutral,surprise,6,5,16.67,0,11,1,81.82,100.0,9.09,100.0,,,,-1.0,-1.0,0,0,0
597939,597940,UR_FR,anger,neutral,1,6,58.33,1,11,1,9.09,100.0,81.82,100.0,9.09,100.0,100.0,0.03625,-1.0,1,1,1
597974,597975,DR_FR,sadness,neutral,4,6,66.67,3,11,1,27.27,100.0,81.82,100.0,27.27,100.0,100.0,0.29007,0.33002,3,3,3_plus
597999,598000,DL_FR,neutral,anger,6,1,8.33,1,11,1,81.82,100.0,9.09,100.0,9.09,100.0,100.0,-1.0,0.16839,1,1,1
598031,598032,DL_FR,anger,neutral,1,6,66.67,1,11,1,9.09,100.0,81.82,100.0,9.09,100.0,100.0,0.16839,-1.0,1,1,1
598167,598168,UL_LU,neutral,sadness,6,4,16.67,3,11,1,81.82,100.0,27.27,100.0,27.27,100.0,100.0,0.01006,0.33374,3,3,3_plus
598175,598176,DR_LU,sadness,neutral,4,6,66.67,4,11,1,36.36,75.0,81.82,100.0,36.36,75.0,100.0,0.32446,0.07095,4,3,3_plus
598180,598181,DR_LU,neutral,sadness,6,4,16.67,4,11,1,81.82,100.0,36.36,75.0,36.36,100.0,75.0,0.07534,0.31942,4,3,3_plus
598206,598207,DL_XP,surprise,neutral,5,6,66.67,1,11,1,18.18,100.0,81.82,100.0,9.09,100.0,100.0,0.57966,-1.0,1,1,1
598208,598209,DR_LU,sadness,neutral,4,6,75.0,4,11,1,45.45,80.0,81.82,100.0,36.36,75.0,100.0,0.28105,0.18156,4,3,3_plus
598313,598314,DL_FR,neutral,surprise,6,5,16.67,1,11,1,90.91,100.0,18.18,100.0,9.09,100.0,100.0,-1.0,0.492,1,1,1
598319,598320,UL_LU,sadness,neutral,4,6,75.0,4,11,1,36.36,100.0,90.91,100.0,36.36,100.0,100.0,0.18175,0.13237,4,3,3_plus
598350,598351,UR_LU,sadness,neutral,4,6,83.33,5,11,1,45.45,100.0,90.91,100.0,45.45,100.0,100.0,0.21763,-1.0,5,3,3_plus
598392,598393,DL_LU,neutral,sadness,6,4,8.33,5,11,1,90.91,100.0,45.45,100.0,45.45,100.0,100.0,-1.0,0.23929,5,3,3_plus
598418,598419,DL_XP,neutral,sadness,6,4,16.67,5,11,1,90.91,100.0,45.45,100.0,45.45,100.0,100.0,0.24571,0.34604,5,3,3_plus
598549,598550,DR_FR,neutral,surprise,6,5,25.0,4,11,1,100.0,100.0,36.36,100.0,36.36,100.0,100.0,0.28614,0.37412,4,3,3_plus
598572,598573,DL_LU,sadness,neutral,4,6,66.67,4,11,1,36.36,100.0,100.0,100.0,36.36,100.0,100.0,0.45426,0.33961,4,3,3_plus
598599,598600,UL_FR,surprise,neutral,5,6,75.0,4,11,1,36.36,75.0,100.0,100.0,36.36,75.0,100.0,0.36885,0.1712,4,3,3_plus
598738,598739,DL_XP,sadness,neutral,4,6,83.33,4,11,1,36.36,100.0,100.0,100.0,36.36,100.0,100.0,0.2175,-1.0,4,3,3_plus
598754,598755,DR_LU,neutral,sadness,6,4,8.33,4,11,1,100.0,100.0,36.36,100.0,36.36,100.0,100.0,-1.0,0.19007,4,3,3_plus
598774,598775,UR_LU,neutral,sadness,6,4,16.67,4,11,1,100.0,100.0,36.36,100.0,36.36,100.0,100.0,0.02245,0.23763,4,3,3_plus
598777,598778,DL_FR,surprise,neutral,5,6,75.0,2,11,1,18.18,100.0,100.0,100.0,18.18,100.0,100.0,0.47041,0.17022,2,2,2
598811,598812,DR_LU,sadness,neutral,4,6,83.33,4,11,1,36.36,100.0,100.0,100.0,36.36,100.0,100.0,0.29547,0.12092,4,3,3_plus
598814,598815,UL_LU,neutral,sadness,6,4,16.67,4,11,1,100.0,100.0,36.36,75.0,36.36,100.0,75.0,0.12865,0.30618,4,3,3_plus
598888,598889,DR_FR,surprise,neutral,5,6,83.33,3,11,1,27.27,66.67,100.0,100.0,27.27,66.67,100.0,0.28399,-1.0,3,3,3_plus
598954,598955,DL_XP,neutral,anger,6,1,8.33,1,11,1,100.0,100.0,9.09,100.0,9.09,100.0,100.0,-1.0,0.19396,1,1,1
598977,598978,UL_LU,sadness,neutral,4,6,83.33,2,11,1,18.18,100.0,100.0,100.0,18.18,100.0,100.0,0.48116,0.2094,2,2,2
599048,599049,UR_LU,sadness,neutral,4,6,91.67,2,11,1,18.18,100.0,100.0,100.0,18.18,100.0,100.0,0.33113,-1.0,2,2,2
599423,599424,DR_LU,neutral,disgust,6,2,8.33,0,11,1,100.0,100.0,0.0,0.0,,,,-1.0,-1.0,0,0,0
599483,599484,DL_LU,neutral,disgust,6,2,16.67,0,11,1,90.91,100.0,9.09,100.0,,,,-1.0,-1.0,0,0,0
599702,599703,DR_LU,disgust,neutral,2,6,83.33,1,11,1,18.18,100.0,90.91,100.0,9.09,100.0,100.0,0.56156,-1.0,1,1,1
599847,599848,DL_LU,disgust,neutral,2,6,91.67,0,11,1,0.0,0.0,100.0,100.0,,,,-1.0,-1.0,0,0,0
600169,600170,DL_LU,neutral,sadness,6,4,8.33,5,11,1,100.0,100.0,45.45,100.0,45.45,100.0,100.0,-1.0,0.50092,5,3,3_plus
600313,600314,UR_LU,neutral,sadness,6,4,16.67,4,11,1,90.91,100.0,45.45,100.0,36.36,100.0,100.0,-1.0,0.33242,4,3,3_plus
600420,600421,UL_LU,neutral,sadness,6,4,16.67,4,11,1,90.91,100.0,45.45,100.0,36.36,100.0,100.0,0.16426,0.23014,4,3,3_plus
600430,600431,UL_LU,sadness,neutral,4,6,75.0,4,11,1,45.45,100.0,90.91,100.0,36.36,100.0,100.0,0.23075,0.12574,4,3,3_plus
600443,600444,UL_LU,neutral,sadness,6,4,16.67,4,11,1,90.91,100.0,45.45,100.0,36.36,100.0,100.0,0.10816,0.23142,4,3,3_plus
600549,600550,DL_LU,sadness,neutral,4,6,75.0,3,11,1,45.45,100.0,81.82,100.0,27.27,100.0,100.0,0.33342,-1.0,3,3,3_plus
600712,600713,DR_LU,neutral,sadness,6,4,16.67,3,11,1,81.82,100.0,45.45,100.0,27.27,100.0,100.0,-1.0,0.23655,3,3,3_plus
600980,600981,UL_LU,sadness,neutral,4,6,75.0,5,11,1,45.45,100.0,100.0,100.0,45.45,100.0,100.0,0.26753,0.16233,5,3,3_plus
600997,600998,UR_LU,sadness,neutral,4,6,83.33,5,11,1,45.45,100.0,100.0,100.0,45.45,100.0,100.0,0.22661,0.29541,5,3,3_plus
600998,600999,UR_LU,neutral,sadness,6,4,16.67,5,11,1,100.0,100.0,45.45,100.0,45.45,100.0,100.0,0.29541,0.22834,5,3,3_plus
601016,601017,UR_LU,sadness,neutral,4,6,83.33,5,11,1,45.45,100.0,100.0,100.0,45.45,100.0,100.0,0.2494,0.29541,5,3,3_plus
601262,601263,DL_LU,neutral,surprise,6,5,8.33,1,11,1,100.0,100.0,9.09,100.0,9.09,100.0,100.0,-1.0,0.4836,1,1,1
601392,601393,DR_LU,sadness,neutral,4,6,83.33,1,11,1,9.09,100.0,90.91,100.0,9.09,100.0,100.0,0.27174,-1.0,1,1,1
601532,601533,DL_LU,sadness,neutral,4,6,91.67,3,11,1,27.27,100.0,100.0,100.0,27.27,100.0,100.0,0.54169,-1.0,3,3,3_plus
603198,603199,UR_FR,neutral,anger,6,1,16.67,2,11,1,90.91,100.0,18.18,100.0,18.18,100.0,100.0,0.52262,0.71599,2,2,2
603855,603856,UL_FR,neutral,anger,6,1,25.0,2,11,1,81.82,100.0,27.27,100.0,18.18,100.0,100.0,0.52262,0.08186,2,2,2
604017,604018,UR_XP,neutral,anger,6,1,33.33,2,11,1,81.82,100.0,27.27,100.0,18.18,100.0,100.0,0.4152,-1.0,2,2,2
604075,604076,UL_XP,neutral,sadness,6,4,8.33,1,11,1,81.82,100.0,9.09,100.0,9.09,100.0,100.0,-1.0,0.27174,1,1,1
604242,604243,UL_XP,sadness,neutral,4,6,58.33,1,11,1,9.09,100.0,81.82,100.0,9.09,100.0,100.0,0.27174,-1.0,1,1,1
604255,604256,UR_XP,anger,neutral,1,6,66.67,2,11,1,27.27,100.0,81.82,100.0,18.18,100.0,100.0,-1.0,0.29374,2,2,2
606413,606414,UL_XP,neutral,sadness,6,4,8.33,2,11,1,81.82,100.0,18.18,100.0,18.18,100.0,100.0,-1.0,0.48498,2,2,2
606535,606536,UL_XP,sadness,neutral,4,6,66.67,1,11,1,9.09,100.0,81.82,100.0,9.09,100.0,100.0,0.27174,-1.0,1,1,1
607300,607301,UR_XP,neutral,anger,6,1,33.33,2,11,1,81.82,100.0,27.27,100.0,18.18,100.0,100.0,0.389,-1.0,2,2,2
607679,607680,UR_XP,anger,neutral,1,6,66.67,2,11,1,36.36,100.0,72.73,100.0,18.18,100.0,100.0,0.06268,0.55859,2,2,2
607787,607788,DR_LU,neutral,anger,6,1,33.33,2,11,1,72.73,100.0,36.36,100.0,18.18,100.0,100.0,0.55859,0.06109,2,2,2
607836,607837,UR_XP,neutral,anger,6,1,41.67,2,11,1,72.73,100.0,36.36,100.0,18.18,100.0,100.0,0.28378,-1.0,2,2,2
608102,608103,DR_LU,anger,neutral,1,6,58.33,3,11,1,36.36,100.0,81.82,100.0,27.27,100.0,100.0,-1.0,0.26971,3,3,3_plus
608390,608391,UR_XP,anger,neutral,1,6,66.67,2,11,1,27.27,100.0,81.82,100.0,18.18,100.0,100.0,-1.0,0.33426,2,2,2
608617,608618,UL_XP,neutral,sadness,6,4,8.33,1,11,1,81.82,100.0,9.09,100.0,9.09,100.0,100.0,-1.0,0.27174,1,1,1
608658,608659,UL_FR,anger,neutral,1,6,66.67,2,11,1,27.27,100.0,81.82,100.0,18.18,100.0,100.0,0.41336,0.55859,2,2,2
608730,608731,UL_FR,neutral,anger,6,1,25.0,1,11,1,81.82,100.0,18.18,100.0,9.09,100.0,100.0,0.55859,-1.0,1,1,1
608743,608744,UL_XP,sadness,neutral,4,6,66.67,1,11,1,9.09,100.0,81.82,100.0,9.09,100.0,100.0,0.27174,-1.0,1,1,1
609339,609340,DR_LU,neutral,anger,6,1,33.33,1,11,1,72.73,100.0,27.27,100.0,9.09,100.0,100.0,0.55859,-1.0,1,1,1
609383,609384,DR_LU,anger,neutral,1,6,66.67,1,11,1,27.27,100.0,72.73,100.0,9.09,100.0,100.0,-1.0,0.55859,1,1,1
609883,609884,UL_LU,neutral,disgust,6,2,16.67,1,11,1,81.82,100.0,18.18,50.0,9.09,100.0,0.0,-1.0,0.05464,1,1,1
609894,609895,UL_XP,neutral,sadness,6,4,8.33,2,11,1,81.82,100.0,18.18,100.0,18.18,100.0,100.0,-1.0,0.44734,2,2,2
609900,609901,UL_LU,disgust,neutral,2,6,58.33,1,11,1,18.18,100.0,81.82,88.89,9.09,100.0,0.0,-1.0,0.02806,1,1,1
610026,610027,UL_XP,disgust,neutral,2,6,66.67,0,11,1,9.09,100.0,81.82,100.0,,,,-1.0,-1.0,0,0,0
610629,610630,UL_XP,neutral,sadness,6,4,8.33,1,11,1,72.73,100.0,9.09,100.0,9.09,100.0,100.0,-1.0,0.27174,1,1,1
610858,610859,UL_XP,sadness,neutral,4,6,66.67,2,11,1,18.18,100.0,81.82,100.0,18.18,100.0,100.0,0.27477,-1.0,2,2,2
610953,610954,UL_XP,neutral,sadness,6,4,8.33,3,11,1,81.82,100.0,27.27,100.0,27.27,100.0,100.0,-1.0,0.35711,3,3,3_plus
611134,611135,UL_FR,anger,neutral,1,6,66.67,2,11,1,27.27,66.67,81.82,100.0,18.18,50.0,100.0,0.27027,0.29623,2,2,2
611141,611142,UL_XP,sadness,neutral,4,6,75.0,3,11,1,27.27,100.0,81.82,100.0,27.27,100.0,100.0,0.34173,-1.0,3,3,3_plus
611262,611263,DL_LU,disgust,neutral,2,6,83.33,0,11,1,0.0,0.0,100.0,100.0,,,,-1.0,-1.0,0,0,0
611332,611333,UR_FR,anger,neutral,1,6,91.67,1,11,1,9.09,100.0,100.0,100.0,9.09,100.0,100.0,-1.0,0.55859,1,1,1
611918,611919,DL_LU,neutral,sadness,6,4,8.33,5,11,1,100.0,100.0,45.45,100.0,45.45,100.0,100.0,-1.0,0.37216,5,3,3_plus
612135,612136,UR_LU,neutral,sadness,6,4,16.67,3,11,1,90.91,100.0,36.36,100.0,27.27,100.0,100.0,-1.0,0.37624,3,3,3_plus
612498,612499,UL_LU,neutral,sadness,6,4,25.0,4,11,1,90.91,100.0,45.45,100.0,36.36,100.0,100.0,0.02389,0.35866,4,3,3_plus
613361,613362,UL_LU,sadness,neutral,4,6,75.0,3,11,1,36.36,100.0,90.91,100.0,27.27,100.0,100.0,0.33671,0.03328,3,3,3_plus
613371,613372,UR_LU,sadness,neutral,4,6,83.33,3,11,1,36.36,100.0,90.91,100.0,27.27,100.0,100.0,0.25868,-1.0,3,3,3_plus
613804,613805,DL_XP,anger,neutral,1,6,91.67,0,11,1,0.0,0.0,90.91,100.0,,,,-1.0,-1.0,0,0,0
614284,614285,UR_LU,neutral,surprise,6,5,8.33,1,11,1,90.91,100.0,9.09,100.0,9.09,100.0,100.0,-1.0,0.60343,1,1,1
614410,614411,UL_LU,neutral,surprise,6,5,16.67,1,11,1,81.82,100.0,18.18,100.0,9.09,100.0,100.0,-1.0,0.36163,1,1,1
614546,614547,DR_FR,neutral,surprise,6,5,8.33,0,11,1,72.73,100.0,0.0,0.0,,,,-1.0,-1.0,0,0,0
614836,614837,DL_FR,neutral,sadness,6,4,16.67,2,11,1,72.73,100.0,27.27,100.0,18.18,100.0,100.0,-1.0,0.33671,2,2,2
614885,614886,DR_FR,surprise,neutral,5,6,66.67,1,11,1,9.09,0.0,72.73,100.0,9.09,0.0,100.0,0.3032,0.13422,1,1,1
615257,615258,DR_FR,neutral,surprise,6,5,8.33,1,11,1,72.73,87.5,9.09,100.0,9.09,0.0,100.0,0.60702,0.20952,1,1,1
615532,615533,DR_FR,surprise,neutral,5,6,66.67,0,11,1,18.18,100.0,63.64,100.0,,,,-1.0,-1.0,0,0,0
615588,615589,DR_LU,neutral,sadness,6,4,25.0,1,11,1,63.64,100.0,27.27,100.0,9.09,100.0,100.0,-1.0,0.27174,1,1,1
616109,616110,UR_LU,surprise,neutral,5,6,66.67,1,11,1,9.09,100.0,72.73,87.5,9.09,100.0,0.0,-1.0,0.37227,1,1,1
616403,616404,UL_LU,surprise,neutral,5,6,75.0,2,11,1,18.18,100.0,72.73,100.0,18.18,100.0,100.0,0.37582,-1.0,2,2,2
616434,616435,UL_LU,neutral,surprise,6,5,8.33,2,11,1,72.73,100.0,18.18,100.0,18.18,100.0,100.0,-1.0,0.33034,2,2,2
616550,616551,UR_LU,neutral,surprise,6,5,16.67,2,11,1,81.82,100.0,18.18,100.0,18.18,100.0,100.0,0.15385,0.29327,2,2,2
616765,616766,UL_LU,surprise,neutral,5,6,75.0,2,11,1,18.18,100.0,90.91,100.0,18.18,100.0,100.0,0.30156,0.2518,2,2,2
616857,616858,UR_LU,surprise,neutral,5,6,75.0,2,11,1,27.27,100.0,81.82,100.0,18.18,100.0,100.0,0.22768,-1.0,2,2,2
616976,616977,UL_LU,neutral,surprise,6,5,25.0,1,10,2,80.0,100.0,20.0,100.0,10.0,100.0,100.0,-1.0,0.23061,1,1,1
616976,616977,UR_LU,neutral,surprise,6,5,25.0,1,10,2,80.0,100.0,20.0,100.0,10.0,100.0,100.0,-1.0,0.23061,1,1,1
617033,617034,UL_LU,surprise,neutral,5,6,66.67,2,11,1,27.27,100.0,81.82,100.0,18.18,100.0,100.0,0.23405,0.10003,2,2,2
617051,617052,UR_LU,surprise,neutral,5,6,75.0,2,11,1,18.18,100.0,81.82,100.0,18.18,100.0,100.0,0.16833,-1.0,2,2,2
617356,617357,DL_FR,sadness,neutral,4,6,83.33,1,11,1,18.18,100.0,81.82,100.0,9.09,100.0,100.0,0.27174,-1.0,1,1,1
617608,617609,UL_XP,neutral,surprise,6,5,8.33,1,11,1,81.82,100.0,9.09,100.0,9.09,100.0,100.0,-1.0,0.35623,1,1,1
617686,617687,UR_XP,neutral,surprise,6,5,16.67,1,11,1,81.82,100.0,9.09,100.0,9.09,100.0,100.0,0.29861,-1.0,1,1,1
617785,617786,UR_LU,neutral,sadness,6,4,16.67,2,11,1,81.82,100.0,27.27,100.0,18.18,100.0,100.0,-1.0,0.39743,2,2,2
617806,617807,UR_LU,sadness,neutral,4,6,66.67,2,11,1,27.27,100.0,81.82,100.0,18.18,100.0,100.0,0.39743,-1.0,2,2,2
617822,617823,UR_LU,neutral,sadness,6,4,16.67,2,11,1,81.82,100.0,27.27,100.0,18.18,100.0,100.0,-1.0,0.39743,2,2,2
617906,617907,UR_XP,surprise,neutral,5,6,66.67,2,11,1,18.18,100.0,81.82,100.0,18.18,100.0,100.0,0.14854,0.63941,2,2,2
617950,617951,UL_LU,neutral,surprise,6,5,16.67,3,11,1,81.82,100.0,27.27,100.0,27.27,100.0,100.0,0.61208,0.33909,3,3,3_plus
618081,618082,DL_FR,neutral,sadness,6,4,25.0,2,11,1,81.82,100.0,27.27,100.0,18.18,100.0,100.0,0.58205,0.27174,2,2,2
618402,618403,DR_FR,neutral,sadness,6,4,33.33,1,11,1,54.55,100.0,45.45,100.0,9.09,100.0,100.0,-1.0,0.27174,1,1,1
618476,618477,UL_XP,surprise,neutral,5,6,50.0,1,11,1,27.27,100.0,45.45,100.0,9.09,100.0,100.0,0.42401,-1.0,1,1,1
618596,618597,UL_LU,surprise,neutral,5,6,66.67,1,11,1,9.09,100.0,72.73,100.0,9.09,100.0,100.0,-1.0,0.28748,1,1,1
618604,618605,UR_FR,neutral,sadness,6,4,33.33,3,11,1,72.73,100.0,54.55,100.0,27.27,100.0,100.0,-1.0,0.38341,3,3,3_plus
618658,618659,DL_LU,neutral,sadness,6,4,41.67,5,11,1,72.73,100.0,72.73,100.0,45.45,100.0,100.0,0.19528,0.27785,5,3,3_plus
618690,618691,UR_LU,surprise,neutral,5,6,58.33,0,11,1,0.0,0.0,72.73,100.0,,,,-1.0,-1.0,0,0,0
619473,619474,DR_FR,sadness,neutral,4,6,75.0,4,11,1,54.55,100.0,81.82,100.0,36.36,100.0,100.0,0.3531,0.50705,4,3,3_plus
619476,619477,UL_FR,neutral,sadness,6,4,33.33,4,11,1,81.82,100.0,54.55,100.0,36.36,100.0,100.0,0.49981,0.35386,4,3,3_plus
619597,619598,DL_FR,sadness,neutral,4,6,75.0,3,11,1,45.45,100.0,81.82,100.0,27.27,100.0,100.0,0.26231,0.26321,3,3,3_plus
619732,619733,DR_LU,sadness,neutral,4,6,83.33,3,11,1,45.45,100.0,81.82,100.0,27.27,100.0,100.0,0.38239,-1.0,3,3,3_plus
620080,620081,UL_FR,sadness,neutral,4,6,91.67,1,11,1,9.09,100.0,90.91,100.0,9.09,100.0,100.0,0.27174,-1.0,1,1,1
620116,620117,UL_FR,neutral,anger,6,1,16.67,2,11,1,90.91,100.0,27.27,100.0,18.18,100.0,100.0,-1.0,0.74998,2,2,2
622354,622355,UL_FR,anger,neutral,1,6,83.33,1,11,1,18.18,100.0,81.82,100.0,9.09,100.0,100.0,0.3982,-1.0,1,1,1
622732,622733,DR_LU,neutral,sadness,6,4,8.33,2,11,1,90.91,100.0,18.18,100.0,18.18,100.0,100.0,-1.0,0.34861,2,2,2
622825,622826,UR_FR,anger,neutral,1,6,83.33,0,11,1,0.0,0.0,90.91,100.0,,,,-1.0,-1.0,0,0,0
623927,623928,UR_XP,neutral,sadness,6,4,25.0,2,11,1,90.91,100.0,27.27,100.0,18.18,100.0,100.0,0.28096,0.27174,2,2,2
624925,624926,UR_XP,sadness,neutral,4,6,83.33,4,11,1,45.45,100.0,90.91,100.0,36.36,100.0,100.0,0.43531,0.28096,4,3,3_plus
625223,625224,UL_LU,neutral,sadness,6,4,25.0,4,11,1,90.91,100.0,45.45,100.0,36.36,100.0,100.0,0.28096,0.18676,4,3,3_plus
625262,625263,UR_LU,neutral,sadness,6,4,33.33,4,11,1,90.91,100.0,45.45,100.0,36.36,100.0,100.0,0.17697,0.17349,4,3,3_plus
625590,625591,UR_LU,sadness,neutral,4,6,75.0,4,11,1,36.36,100.0,100.0,100.0,36.36,100.0,100.0,0.27174,0.2635,4,3,3_plus
625639,625640,DR_LU,sadness,neutral,4,6,83.33,4,11,1,36.36,100.0,100.0,100.0,36.36,100.0,100.0,0.26213,0.09184,4,3,3_plus
625643,625644,UL_LU,sadness,neutral,4,6,91.67,4,11,1,36.36,100.0,100.0,100.0,36.36,100.0,100.0,0.18891,0.15784,4,3,3_plus
626341,626342,DL_FR,neutral,surprise,6,5,8.33,1,11,1,100.0,100.0,9.09,100.0,9.09,100.0,100.0,-1.0,0.43159,1,1,1
626907,626908,DL_FR,surprise,neutral,5,6,91.67,1,11,1,9.09,100.0,100.0,100.0,9.09,100.0,100.0,0.39706,-1.0,1,1,1
627075,627076,DL_FR,neutral,sadness,6,4,16.67,4,11,1,90.91,100.0,45.45,80.0,36.36,100.0,75.0,-1.0,0.54353,4,3,3_plus
628310,628311,DL_FR,sadness,neutral,4,6,91.67,2,11,1,18.18,50.0,90.91,100.0,18.18,50.0,100.0,0.45581,-1.0,2,2,2
628877,628878,UR_FR,neutral,anger,6,1,8.33,2,11,1,90.91,100.0,18.18,100.0,18.18,100.0,100.0,-1.0,0.38953,2,2,2
629067,629068,UL_FR,neutral,anger,6,1,16.67,2,11,1,90.91,100.0,18.18,100.0,18.18,100.0,100.0,0.29526,0.62177,2,2,2
629234,629235,UL_FR,anger,neutral,1,6,83.33,2,11,1,18.18,100.0,90.91,100.0,18.18,100.0,100.0,0.62177,0.14702,2,2,2
629275,629276,UR_FR,anger,neutral,1,6,91.67,2,11,1,18.18,100.0,90.91,100.0,18.18,100.0,100.0,0.35058,-1.0,2,2,2
629751,629752,UL_FR,neutral,anger,6,1,8.33,1,11,1,90.91,100.0,9.09,100.0,9.09,100.0,100.0,-1.0,0.62177,1,1,1
629818,629819,DR_LU,neutral,surprise,6,5,8.33,0,11,1,90.91,100.0,0.0,0.0,,,,-1.0,-1.0,0,0,0
629955,629956,DR_LU,surprise,neutral,5,6,91.67,0,11,1,0.0,0.0,100.0,100.0,,,,-1.0,-1.0,0,0,0
630197,630198,UL_FR,anger,neutral,1,6,100.0,2,11,1,18.18,100.0,100.0,100.0,18.18,100.0,100.0,0.34049,-1.0,2,2,2
630642,630643,UR_FR,neutral,anger,6,1,8.33,2,11,1,90.91,100.0,18.18,100.0,18.18,100.0,100.0,-1.0,0.46003,2,2,2
630900,630901,UL_FR,neutral,anger,6,1,16.67,2,11,1,90.91,100.0,18.18,100.0,18.18,100.0,100.0,0.03079,0.62194,2,2,2
631581,631582,UL_FR,anger,neutral,1,6,83.33,2,11,1,18.18,100.0,90.91,100.0,18.18,100.0,100.0,0.64863,0.18187,2,2,2
631689,631690,UL_FR,neutral,anger,6,1,16.67,2,11,1,90.91,100.0,18.18,100.0,18.18,100.0,100.0,0.35078,0.64863,2,2,2
632934,632935,UL_FR,anger,neutral,1,6,83.33,2,11,1,18.18,100.0,90.91,100.0,18.18,100.0,100.0,0.64863,0.3779,2,2,2
633158,633159,UL_FR,neutral,anger,6,1,16.67,3,11,1,90.91,100.0,27.27,100.0,27.27,100.0,100.0,0.33755,0.59911,3,3,3_plus
633975,633976,UL_LU,neutral,disgust,6,2,16.67,0,11,1,81.82,100.0,9.09,100.0,,,,-1.0,-1.0,0,0,0
634025,634026,UL_LU,disgust,neutral,2,6,75.0,0,11,1,9.09,100.0,81.82,100.0,,,,-1.0,-1.0,0,0,0
634164,634165,UL_FR,anger,neutral,1,6,83.33,3,11,1,27.27,100.0,90.91,100.0,27.27,100.0,100.0,0.62656,0.35605,3,3,3_plus
634486,634487,UL_FR,neutral,anger,6,1,16.67,3,11,1,90.91,100.0,27.27,100.0,27.27,100.0,100.0,0.23723,0.71219,3,3,3_plus
634722,634723,UL_FR,anger,neutral,1,6,83.33,3,11,1,27.27,100.0,90.91,100.0,27.27,100.0,100.0,0.41912,0.34133,3,3,3_plus
634868,634869,UR_FR,anger,neutral,1,6,91.67,2,11,1,18.18,100.0,90.91,100.0,18.18,100.0,100.0,0.47923,-1.0,2,2,2
635305,635306,DR_LU,neutral,sadness,6,4,8.33,3,11,1,90.91,100.0,27.27,66.67,27.27,100.0,66.67,-1.0,0.37712,3,3,3_plus
636173,636174,DL_FR,neutral,sadness,6,4,16.67,4,11,1,90.91,100.0,36.36,100.0,36.36,100.0,100.0,0.31132,0.37904,4,3,3_plus
636245,636246,DL_FR,sadness,neutral,4,6,83.33,4,11,1,36.36,100.0,90.91,100.0,36.36,100.0,100.0,0.36919,0.31132,4,3,3_plus
636660,636661,UL_LU,neutral,sadness,6,4,16.67,4,11,1,90.91,100.0,36.36,100.0,36.36,100.0,100.0,0.31132,0.4406,4,3,3_plus
636771,636772,UL_LU,sadness,neutral,4,6,83.33,4,11,1,36.36,100.0,90.91,100.0,36.36,100.0,100.0,0.36504,0.31132,4,3,3_plus
637394,637395,UL_LU,neutral,sadness,6,4,16.67,3,11,1,90.91,100.0,27.27,100.0,27.27,100.0,100.0,0.31132,0.42602,3,3,3_plus
637439,637440,UL_LU,disgust,neutral,2,6,83.33,0,11,1,0.0,0.0,90.91,100.0,,,,-1.0,-1.0,0,0,0
637948,637949,DR_FR,neutral,sadness,6,4,16.67,4,11,1,90.91,100.0,36.36,100.0,36.36,100.0,100.0,0.31132,0.31592,4,3,3_plus
637978,637979,DR_FR,sadness,neutral,4,6,83.33,4,11,1,36.36,100.0,90.91,100.0,36.36,100.0,100.0,0.29785,0.31132,4,3,3_plus
638511,638512,UR_FR,neutral,anger,6,1,8.33,1,11,1,90.91,100.0,9.09,100.0,9.09,100.0,100.0,-1.0,0.72107,1,1,1
638657,638658,UR_FR,anger,neutral,1,6,83.33,1,11,1,9.09,100.0,90.91,100.0,9.09,100.0,100.0,0.72107,-1.0,1,1,1
638846,638847,UL_LU,neutral,sadness,6,4,25.0,4,11,1,90.91,100.0,45.45,100.0,36.36,100.0,100.0,0.31132,0.26041,4,3,3_plus
638847,638848,DR_FR,neutral,sadness,6,4,33.33,4,11,1,90.91,100.0,45.45,100.0,36.36,100.0,100.0,0.15822,0.39154,4,3,3_plus
638952,638953,DR_FR,sadness,neutral,4,6,75.0,3,11,1,45.45,100.0,81.82,100.0,27.27,100.0,100.0,0.18494,0.31132,3,3,3_plus
639010,639011,DL_FR,neutral,surprise,6,5,8.33,0,11,1,90.91,100.0,0.0,0.0,,,,-1.0,-1.0,0,0,0
639068,639069,UR_LU,neutral,sadness,6,4,33.33,4,11,1,90.91,100.0,45.45,100.0,36.36,100.0,100.0,0.32435,0.26655,4,3,3_plus
639157,639158,DL_FR,surprise,neutral,5,6,66.67,0,11,1,0.0,0.0,90.91,100.0,,,,-1.0,-1.0,0,0,0
639267,639268,UL_LU,sadness,neutral,4,6,75.0,3,11,1,36.36,100.0,90.91,100.0,27.27,100.0,100.0,0.27174,0.16103,3,3,3_plus
639273,639274,UR_LU,sadness,neutral,4,6,83.33,3,11,1,36.36,100.0,90.91,100.0,27.27,100.0,100.0,0.14754,0.31132,3,3,3_plus
639415,639416,UR_FR,neutral,surprise,6,5,8.33,1,11,1,90.91,100.0,9.09,100.0,9.09,100.0,100.0,-1.0,0.13763,1,1,1
639572,639573,DL_FR,neutral,surprise,6,5,16.67,0,11,1,81.82,100.0,9.09,100.0,,,,-1.0,-1.0,0,0,0
639984,639985,UR_FR,surprise,neutral,5,6,75.0,1,11,1,9.09,100.0,90.91,100.0,9.09,100.0,100.0,-1.0,0.3053,1,1,1
640132,640133,DL_FR,surprise,neutral,5,6,83.33,0,11,1,0.0,0.0,90.91,100.0,,,,-1.0,-1.0,0,0,0
641606,641607,UR_LU,neutral,sadness,6,4,16.67,4,11,1,90.91,100.0,45.45,80.0,36.36,100.0,75.0,0.12548,0.41527,4,3,3_plus
641683,641684,UR_LU,sadness,neutral,4,6,83.33,3,11,1,36.36,100.0,81.82,100.0,27.27,100.0,100.0,0.51349,-1.0,3,3,3_plus
642108,642109,UL_LU,neutral,surprise,6,5,16.67,0,11,1,81.82,100.0,9.09,100.0,,,,-1.0,-1.0,0,0,0
642222,642223,DL_FR,neutral,surprise,6,5,16.67,0,11,1,81.82,100.0,9.09,100.0,,,,-1.0,-1.0,0,0,0
642347,642348,UR_FR,neutral,surprise,6,5,25.0,1,11,1,81.82,100.0,18.18,100.0,9.09,100.0,100.0,0.09565,-1.0,1,1,1
642379,642380,UR_LU,neutral,sadness,6,4,25.0,2,11,1,72.73,100.0,36.36,100.0,18.18,100.0,100.0,-1.0,0.43027,2,2,2
642413,642414,DL_FR,surprise,neutral,5,6,58.33,1,11,1,18.18,100.0,72.73,100.0,9.09,100.0,100.0,-1.0,0.07322,1,1,1
642488,642489,UR_FR,surprise,neutral,5,6,66.67,1,11,1,18.18,100.0,72.73,100.0,9.09,100.0,100.0,0.0771,-1.0,1,1,1
642611,642612,UR_LU,sadness,neutral,4,6,75.0,1,11,1,18.18,100.0,72.73,100.0,9.09,100.0,100.0,0.27174,-1.0,1,1,1
642652,642653,DL_FR,neutral,surprise,6,5,16.67,0,11,1,72.73,100.0,9.09,100.0,,,,-1.0,-1.0,0,0,0
642730,642731,UL_LU,surprise,neutral,5,6,75.0,1,11,1,18.18,100.0,81.82,100.0,9.09,100.0,100.0,-1.0,0.09978,1,1,1
643162,643163,DL_FR,surprise,neutral,5,6,83.33,0,11,1,9.09,100.0,81.82,100.0,,,,-1.0,-1.0,0,0,0
643269,643270,DL_FR,neutral,surprise,6,5,25.0,0,11,1,81.82,100.0,18.18,100.0,,,,-1.0,-1.0,0,0,0
643398,643399,UL_LU,neutral,sadness,6,4,8.33,4,11,1,81.82,100.0,36.36,100.0,36.36,100.0,100.0,-1.0,0.52777,4,3,3_plus
643443,643444,UL_LU,sadness,neutral,4,6,75.0,4,11,1,36.36,100.0,81.82,100.0,36.36,100.0,100.0,0.43933,-1.0,4,3,3_plus
643551,643552,UR_XP,neutral,sadness,6,4,8.33,2,11,1,81.82,100.0,27.27,100.0,18.18,100.0,100.0,-1.0,0.30163,2,2,2
643837,643838,DR_FR,neutral,surprise,6,5,33.33,0,11,1,72.73,100.0,27.27,100.0,,,,-1.0,-1.0,0,0,0
644017,644018,UR_LU,neutral,sadness,6,4,16.67,2,11,1,72.73,100.0,18.18,100.0,18.18,100.0,100.0,0.19451,0.27174,2,2,2
644022,644023,UR_LU,sadness,neutral,4,6,58.33,2,11,1,18.18,100.0,72.73,100.0,18.18,100.0,100.0,0.27174,0.20072,2,2,2
644434,644435,DR_FR,surprise,neutral,5,6,66.67,1,11,1,36.36,100.0,72.73,100.0,9.09,100.0,100.0,0.11472,-1.0,1,1,1
644466,644467,UR_LU,neutral,surprise,6,5,33.33,1,11,1,72.73,100.0,36.36,100.0,9.09,100.0,100.0,-1.0,0.07088,1,1,1
644583,644584,UR_XP,sadness,neutral,4,6,66.67,2,11,1,18.18,100.0,63.64,100.0,18.18,100.0,100.0,0.5293,-1.0,2,2,2
644943,644944,DL_FR,surprise,neutral,5,6,75.0,0,11,1,27.27,100.0,72.73,100.0,,,,-1.0,-1.0,0,0,0
645162,645163,UR_LU,surprise,neutral,5,6,83.33,2,11,1,36.36,100.0,81.82,100.0,18.18,100.0,100.0,0.3301,-1.0,2,2,2
645197,645198,DR_FR,neutral,surprise,6,5,25.0,1,11,1,81.82,100.0,27.27,100.0,9.09,100.0,100.0,-1.0,0.60457,1,1,1
645445,645446,UR_XP,neutral,sadness,6,4,8.33,2,11,1,81.82,88.89,18.18,100.0,18.18,50.0,100.0,0.21291,0.21569,2,2,2
645554,645555,UR_XP,sadness,neutral,4,6,75.0,2,11,1,18.18,100.0,72.73,100.0,18.18,100.0,100.0,0.34749,-1.0,2,2,2
646037,646038,UR_XP,neutral,sadness,6,4,8.33,2,11,1,72.73,100.0,18.18,100.0,18.18,100.0,100.0,-1.0,0.48864,2,2,2
646063,646064,UR_XP,sadness,neutral,4,6,75.0,2,11,1,18.18,100.0,72.73,100.0,18.18,100.0,100.0,0.50537,-1.0,2,2,2
646442,646443,UR_XP,neutral,sadness,6,4,8.33,4,11,1,72.73,100.0,36.36,100.0,36.36,100.0,100.0,-1.0,0.26508,4,3,3_plus
646551,646552,UR_XP,sadness,neutral,4,6,75.0,3,11,1,27.27,100.0,72.73,100.0,27.27,100.0,100.0,0.34363,-1.0,3,3,3_plus
646993,646994,UL_LU,neutral,sadness,6,4,8.33,3,11,1,81.82,100.0,27.27,100.0,27.27,100.0,100.0,-1.0,0.28503,3,3,3_plus
647022,647023,UL_LU,sadness,neutral,4,6,75.0,3,11,1,27.27,100.0,81.82,100.0,27.27,100.0,100.0,0.27498,-1.0,3,3,3_plus
647047,647048,UL_LU,neutral,sadness,6,4,8.33,3,11,1,81.82,100.0,27.27,100.0,27.27,100.0,100.0,-1.0,0.25276,3,3,3_plus
647055,647056,UL_LU,sadness,neutral,4,6,75.0,3,11,1,27.27,100.0,81.82,100.0,27.27,100.0,100.0,0.25274,-1.0,3,3,3_plus
647094,647095,UR_XP,neutral,sadness,6,4,8.33,3,11,1,81.82,100.0,27.27,100.0,27.27,100.0,100.0,-1.0,0.25713,3,3,3_plus
647226,647227,UR_XP,sadness,neutral,4,6,75.0,3,11,1,27.27,100.0,81.82,100.0,27.27,100.0,100.0,0.23502,-1.0,3,3,3_plus
647427,647428,UL_LU,neutral,sadness,6,4,8.33,2,11,1,81.82,100.0,18.18,100.0,18.18,100.0,100.0,-1.0,0.3279,2,2,2
647511,647512,UR_LU,neutral,surprise,6,5,25.0,1,11,1,72.73,100.0,18.18,100.0,9.09,100.0,100.0,0.59216,-1.0,1,1,1
647761,647762,UR_XP,neutral,sadness,6,4,8.33,2,11,1,63.64,100.0,18.18,100.0,18.18,100.0,100.0,-1.0,0.33783,2,2,2
647781,647782,UL_LU,surprise,neutral,5,6,58.33,2,11,1,36.36,100.0,72.73,100.0,18.18,100.0,100.0,0.55088,0.3105,2,2,2
647809,647810,UR_LU,surprise,neutral,5,6,66.67,1,11,1,27.27,100.0,72.73,100.0,9.09,100.0,100.0,0.58122,-1.0,1,1,1
648035,648036,UL_FR,neutral,anger,6,1,8.33,1,11,1,81.82,100.0,9.09,100.0,9.09,100.0,100.0,-1.0,0.18041,1,1,1
648066,648067,DR_FR,surprise,neutral,5,6,66.67,0,11,1,9.09,100.0,81.82,100.0,,,,-1.0,-1.0,0,0,0
648165,648166,UR_XP,sadness,neutral,4,6,75.0,2,11,1,18.18,100.0,81.82,100.0,18.18,100.0,100.0,0.29274,-1.0,2,2,2
648193,648194,DR_FR,neutral,surprise,6,5,16.67,0,11,1,81.82,100.0,9.09,100.0,,,,-1.0,-1.0,0,0,0
648271,648272,UR_FR,neutral,anger,6,1,16.67,1,11,1,81.82,100.0,9.09,100.0,9.09,100.0,100.0,0.17148,-1.0,1,1,1
648424,648425,DR_FR,surprise,neutral,5,6,66.67,0,11,1,9.09,100.0,81.82,100.0,,,,-1.0,-1.0,0,0,0
648524,648525,UL_LU,neutral,happiness,6,3,16.67,2,11,1,72.73,100.0,27.27,100.0,18.18,100.0,100.0,-1.0,0.22842,2,2,2
648560,648561,UR_LU,neutral,happiness,6,3,25.0,2,11,1,72.73,100.0,27.27,100.0,18.18,100.0,100.0,0.2198,0.11717,2,2,2
648809,648810,UL_FR,anger,neutral,1,6,58.33,0,11,1,9.09,100.0,72.73,100.0,,,,-1.0,-1.0,0,0,0
648850,648851,UR_LU,happiness,neutral,3,6,66.67,2,11,1,27.27,100.0,72.73,100.0,18.18,100.0,100.0,0.05046,0.43608,2,2,2
648870,648871,DL_XP,neutral,happiness,6,3,25.0,2,11,1,72.73,100.0,27.27,100.0,18.18,100.0,100.0,0.47471,0.13561,2,2,2
649004,649005,UR_LU,neutral,happiness,6,3,33.33,2,11,1,72.73,100.0,27.27,100.0,18.18,100.0,100.0,0.36969,-1.0,2,2,2
649028,649029,UR_LU,happiness,neutral,3,6,58.33,2,11,1,27.27,100.0,72.73,100.0,18.18,100.0,100.0,-1.0,0.37019,2,2,2
649068,649069,UR_LU,neutral,happiness,6,3,33.33,2,11,1,72.73,100.0,27.27,100.0,18.18,100.0,100.0,0.36333,-1.0,2,2,2
649251,649252,UR_LU,disgust,neutral,2,6,58.33,0,11,1,9.09,100.0,72.73,100.0,,,,-1.0,-1.0,0,0,0
649287,649288,UL_LU,disgust,neutral,2,6,66.67,1,11,1,18.18,100.0,81.82,100.0,9.09,100.0,100.0,0.19092,-1.0,1,1,1
649290,649291,UR_FR,anger,neutral,1,6,75.0,0,11,1,0.0,0.0,81.82,100.0,,,,-1.0,-1.0,0,0,0
649953,649954,UL_LU,neutral,sadness,6,4,16.67,2,11,1,81.82,100.0,27.27,100.0,18.18,100.0,100.0,-1.0,0.23354,2,2,2
650111,650112,DL_FR,neutral,sadness,6,4,25.0,3,11,1,81.82,100.0,36.36,100.0,27.27,100.0,100.0,0.42473,0.36589,3,3,3_plus
650189,650190,UL_LU,sadness,neutral,4,6,66.67,3,11,1,36.36,100.0,81.82,100.0,27.27,100.0,100.0,0.44479,0.31638,3,3,3_plus
650409,650410,DR_FR,neutral,sadness,6,4,25.0,2,11,1,72.73,100.0,36.36,100.0,18.18,100.0,100.0,-1.0,0.28411,2,2,2
650577,650578,DR_FR,sadness,neutral,4,6,66.67,1,11,1,27.27,100.0,72.73,100.0,9.09,100.0,100.0,0.27174,-1.0,1,1,1
651600,651601,UL_LU,neutral,sadness,6,4,25.0,3,11,1,72.73,100.0,45.45,100.0,27.27,100.0,100.0,-1.0,0.3776,3,3,3_plus
651664,651665,UL_LU,sadness,neutral,4,6,66.67,3,11,1,45.45,100.0,72.73,100.0,27.27,100.0,100.0,0.30168,-1.0,3,3,3_plus
652540,652541,DL_FR,sadness,neutral,4,6,75.0,2,11,1,27.27,100.0,81.82,100.0,18.18,100.0,100.0,0.49651,-1.0,2,2,2
654627,654628,DR_LU,surprise,neutral,5,6,83.33,0,11,1,0.0,0.0,90.91,100.0,,,,-1.0,-1.0,0,0,0
656454,656455,UL_LU,neutral,sadness,6,4,8.33,1,11,1,90.91,100.0,9.09,100.0,9.09,100.0,100.0,-1.0,0.27174,1,1,1
656582,656583,UL_LU,sadness,neutral,4,6,83.33,1,11,1,9.09,100.0,90.91,100.0,9.09,100.0,100.0,0.27174,-1.0,1,1,1
658918,658919,UL_LU,neutral,sadness,6,4,8.33,2,11,1,90.91,100.0,18.18,100.0,18.18,100.0,100.0,-1.0,0.51094,2,2,2
659848,659849,UL_LU,sadness,neutral,4,6,83.33,2,11,1,18.18,100.0,90.91,100.0,18.18,100.0,100.0,0.56627,-1.0,2,2,2
659986,659987,UL_LU,neutral,sadness,6,4,8.33,2,11,1,90.91,100.0,18.18,100.0,18.18,100.0,100.0,-1.0,0.55973,2,2,2
660069,660070,UR_LU,neutral,sadness,6,4,16.67,1,11,1,81.82,100.0,18.18,100.0,9.09,100.0,100.0,-1.0,0.33838,1,1,1
660183,660184,UR_LU,sadness,neutral,4,6,75.0,1,11,1,18.18,100.0,81.82,100.0,9.09,100.0,100.0,0.33838,-1.0,1,1,1
660263,660264,UL_LU,sadness,neutral,4,6,83.33,1,11,1,9.09,100.0,90.91,100.0,9.09,100.0,100.0,0.33838,-1.0,1,1,1
660421,660422,UL_LU,neutral,sadness,6,4,8.33,3,11,1,90.91,100.0,27.27,100.0,27.27,100.0,100.0,-1.0,0.5588,3,3,3_plus
660704,660705,UR_XP,neutral,anger,6,1,8.33,0,11,1,81.82,100.0,0.0,0.0,,,,-1.0,-1.0,0,0,0
660744,660745,UL_LU,sadness,neutral,4,6,75.0,5,11,1,45.45,80.0,90.91,100.0,45.45,80.0,100.0,0.3772,0.00872,5,3,3_plus
660754,660755,UR_XP,anger,neutral,1,6,83.33,0,11,1,0.0,0.0,90.91,100.0,,,,-1.0,-1.0,0,0,0
660941,660942,DL_LU,surprise,neutral,5,6,91.67,0,11,1,0.0,0.0,100.0,100.0,,,,-1.0,-1.0,0,0,0
661106,661107,DL_LU,neutral,disgust,6,2,8.33,0,11,1,100.0,100.0,0.0,0.0,,,,-1.0,-1.0,0,0,0
661222,661223,DL_LU,disgust,neutral,2,6,91.67,0,11,1,0.0,0.0,100.0,100.0,,,,-1.0,-1.0,0,0,0
661230,661231,UL_XP,neutral,sadness,6,4,8.33,2,11,1,100.0,100.0,18.18,100.0,18.18,100.0,100.0,-1.0,0.41129,2,2,2
661272,661273,UL_FR,neutral,anger,6,1,8.33,2,11,1,100.0,100.0,18.18,50.0,18.18,100.0,50.0,0.14216,0.20982,2,2,2
661279,661280,UR_FR,neutral,anger,6,1,16.67,2,11,1,100.0,100.0,18.18,50.0,18.18,100.0,50.0,0.09345,0.38265,2,2,2
661328,661329,DL_XP,happiness,neutral,3,6,75.0,0,11,1,0.0,0.0,100.0,90.91,,,,-1.0,-1.0,0,0,0
661333,661334,DL_XP,neutral,sadness,6,4,16.67,2,11,1,100.0,90.91,18.18,100.0,18.18,50.0,100.0,0.28701,0.33838,2,2,2
661368,661369,DL_LU,neutral,disgust,6,2,8.33,1,11,1,100.0,90.91,9.09,0.0,9.09,0.0,0.0,0.37618,0.26748,1,1,1
661536,661537,DL_LU,disgust,neutral,2,6,66.67,0,11,1,9.09,0.0,81.82,100.0,,,,-1.0,-1.0,0,0,0
661632,661633,DL_LU,neutral,disgust,6,2,8.33,1,11,1,90.91,90.0,9.09,100.0,9.09,0.0,100.0,0.48007,0.36699,1,1,1
661658,661659,UL_FR,anger,neutral,1,6,66.67,2,11,1,27.27,66.67,90.91,90.0,18.18,50.0,50.0,0.35749,0.48031,2,2,2
661804,661805,UL_XP,sadness,neutral,4,6,75.0,5,11,1,45.45,100.0,100.0,90.91,45.45,100.0,80.0,0.35253,0.32126,5,3,3_plus
661822,661823,UR_FR,anger,neutral,1,6,83.33,0,11,1,0.0,0.0,100.0,100.0,,,,-1.0,-1.0,0,0,0
661896,661897,UR_XP,neutral,sadness,6,4,25.0,6,11,1,100.0,100.0,54.55,100.0,54.55,100.0,100.0,0.35669,0.44473,6,3,3_plus
662083,662084,DL_LU,surprise,neutral,5,6,83.33,0,11,1,0.0,0.0,100.0,100.0,,,,-1.0,-1.0,0,0,0
662089,662090,DR_LU,neutral,sadness,6,4,25.0,6,11,1,100.0,100.0,54.55,100.0,54.55,100.0,100.0,0.29135,0.42945,6,3,3_plus
662134,662135,UR_XP,sadness,neutral,4,6,83.33,6,11,1,54.55,100.0,100.0,100.0,54.55,100.0,100.0,0.41783,0.31446,6,3,3_plus
662677,662678,UL_LU,neutral,sadness,6,4,16.67,4,11,1,81.82,100.0,36.36,100.0,36.36,100.0,100.0,0.50727,0.3915,4,3,3_plus
662704,662705,UL_XP,neutral,sadness,6,4,25.0,3,11,1,72.73,100.0,36.36,100.0,27.27,100.0,100.0,0.50727,0.49303,3,3,3_plus
662755,662756,UR_XP,neutral,anger,6,1,8.33,2,11,1,72.73,87.5,18.18,50.0,18.18,50.0,50.0,0.23402,0.29818,2,2,2
662923,662924,UL_LU,disgust,neutral,2,6,58.33,0,11,1,18.18,100.0,72.73,100.0,,,,-1.0,-1.0,0,0,0
663071,663072,UR_XP,anger,neutral,1,6,66.67,0,11,1,9.09,100.0,72.73,100.0,,,,-1.0,-1.0,0,0,0
663202,663203,UR_FR,neutral,anger,6,1,8.33,0,11,1,90.91,100.0,0.0,0.0,,,,-1.0,-1.0,0,0,0
663315,663316,DR_LU,surprise,neutral,5,6,66.67,0,11,1,0.0,0.0,90.91,100.0,,,,-1.0,-1.0,0,0,0
663348,663349,UL_FR,neutral,anger,6,1,16.67,1,11,1,90.91,100.0,9.09,100.0,9.09,100.0,100.0,0.34942,-1.0,1,1,1
663426,663427,DR_FR,neutral,sadness,6,4,25.0,4,11,1,81.82,88.89,36.36,100.0,36.36,75.0,100.0,0.41175,0.3638,4,3,3_plus
663431,663432,DR_FR,sadness,neutral,4,6,58.33,3,11,1,36.36,100.0,72.73,100.0,27.27,100.0,100.0,0.3645,0.50727,3,3,3_plus
663523,663524,UL_LU,neutral,disgust,6,2,25.0,0,11,1,72.73,100.0,18.18,100.0,,,,-1.0,-1.0,0,0,0
663550,663551,UL_FR,anger,neutral,1,6,58.33,0,11,1,18.18,100.0,72.73,100.0,,,,-1.0,-1.0,0,0,0
663705,663706,UR_FR,anger,neutral,1,6,66.67,1,11,1,18.18,100.0,81.82,100.0,9.09,100.0,100.0,0.14231,-1.0,1,1,1
663745,663746,DL_FR,neutral,surprise,6,5,16.67,1,11,1,81.82,100.0,18.18,100.0,9.09,100.0,100.0,-1.0,0.37086,1,1,1
663761,663762,UL_FR,neutral,disgust,6,2,25.0,2,11,1,81.82,100.0,36.36,100.0,18.18,100.0,100.0,0.06598,0.05813,2,2,2
663763,663764,UR_XP,neutral,anger,6,1,8.33,1,11,1,81.82,100.0,18.18,50.0,9.09,100.0,0.0,-1.0,0.0798,1,1,1
663793,663794,DR_LU,neutral,surprise,6,5,25.0,1,11,1,81.82,100.0,18.18,100.0,9.09,100.0,100.0,0.11599,-1.0,1,1,1
663881,663882,UR_XP,anger,neutral,1,6,41.67,0,11,1,9.09,100.0,81.82,100.0,,,,-1.0,-1.0,0,0,0
663940,663941,UL_FR,disgust,neutral,2,6,50.0,2,11,1,36.36,75.0,81.82,100.0,18.18,100.0,100.0,0.12466,0.0349,2,2,2
663963,663964,UL_LU,disgust,neutral,2,6,58.33,3,11,1,36.36,75.0,90.91,90.0,27.27,66.67,66.67,0.11048,0.22196,3,3,3_plus
664086,664087,UL_LU,neutral,disgust,6,2,16.67,0,11,1,81.82,100.0,18.18,50.0,,,,-1.0,-1.0,0,0,0
664094,664095,UL_LU,disgust,neutral,2,6,58.33,1,11,1,18.18,50.0,90.91,90.0,9.09,0.0,0.0,0.19956,0.35411,1,1,1
664247,664248,DL_FR,surprise,neutral,5,6,66.67,0,11,1,9.09,100.0,81.82,100.0,,,,-1.0,-1.0,0,0,0
664258,664259,UL_FR,neutral,sadness,6,4,25.0,3,11,1,81.82,100.0,27.27,100.0,27.27,100.0,100.0,0.41487,0.33838,3,3,3_plus
664387,664388,DR_LU,surprise,neutral,5,6,66.67,1,11,1,9.09,100.0,81.82,100.0,9.09,100.0,100.0,0.23424,-1.0,1,1,1
664559,664560,UR_FR,neutral,anger,6,1,8.33,0,11,1,72.73,100.0,0.0,0.0,,,,-1.0,-1.0,0,0,0
664684,664685,DL_LU,disgust,neutral,2,6,66.67,1,11,1,9.09,100.0,81.82,88.89,9.09,100.0,0.0,0.1969,0.41798,1,1,1
665372,665373,DL_LU,neutral,disgust,6,2,8.33,1,11,1,81.82,88.89,9.09,100.0,9.09,0.0,100.0,0.25576,0.18772,1,1,1
665445,665446,UL_LU,neutral,disgust,6,2,16.67,0,11,1,72.73,100.0,18.18,50.0,,,,-1.0,-1.0,0,0,0
665483,665484,UL_LU,disgust,neutral,2,6,58.33,0,11,1,18.18,50.0,72.73,100.0,,,,-1.0,-1.0,0,0,0
666310,666311,UL_XP,sadness,neutral,4,6,66.67,2,11,1,18.18,100.0,72.73,100.0,18.18,100.0,100.0,0.33838,0.50727,2,2,2
666472,666473,UL_XP,neutral,sadness,6,4,16.67,2,11,1,81.82,100.0,18.18,100.0,18.18,100.0,100.0,0.50727,0.33838,2,2,2
666582,666583,UR_FR,anger,neutral,1,6,66.67,1,11,1,18.18,100.0,81.82,100.0,9.09,100.0,100.0,0.37719,-1.0,1,1,1
666666,666667,UL_XP,sadness,neutral,4,6,75.0,3,11,1,27.27,100.0,81.82,100.0,27.27,100.0,100.0,0.33417,0.50727,3,3,3_plus
666782,666783,UL_XP,neutral,sadness,6,4,16.67,3,11,1,81.82,100.0,27.27,100.0,27.27,100.0,100.0,0.50727,0.30785,3,3,3_plus
666819,666820,UR_FR,neutral,anger,6,1,16.67,1,11,1,81.82,100.0,18.18,100.0,9.09,100.0,100.0,-1.0,0.60162,1,1,1
667461,667462,UL_XP,disgust,neutral,2,6,66.67,0,11,1,0.0,0.0,81.82,100.0,,,,-1.0,-1.0,0,0,0
667687,667688,UL_XP,neutral,sadness,6,4,16.67,2,11,1,90.91,100.0,18.18,100.0,18.18,100.0,100.0,0.50727,0.33838,2,2,2
667772,667773,UL_XP,sadness,neutral,4,6,75.0,2,11,1,18.18,100.0,90.91,100.0,18.18,100.0,100.0,0.33838,0.50727,2,2,2
667885,667886,UL_XP,neutral,sadness,6,4,16.67,2,11,1,81.82,100.0,18.18,100.0,18.18,100.0,100.0,0.50727,0.33838,2,2,2
668077,668078,UL_XP,sadness,neutral,4,6,66.67,2,11,1,18.18,100.0,81.82,100.0,18.18,100.0,100.0,0.33838,0.50727,2,2,2
668319,668320,UL_FR,anger,neutral,1,6,75.0,0,11,1,9.09,100.0,81.82,100.0,,,,-1.0,-1.0,0,0,0
668322,668323,UL_XP,neutral,sadness,6,4,16.67,2,11,1,81.82,100.0,18.18,100.0,18.18,100.0,100.0,0.50727,0.33838,2,2,2
668445,668446,UR_FR,anger,neutral,1,6,75.0,0,11,1,0.0,0.0,90.91,100.0,,,,-1.0,-1.0,0,0,0
668450,668451,UL_XP,sadness,neutral,4,6,83.33,3,11,1,27.27,100.0,90.91,100.0,27.27,100.0,100.0,0.46458,0.43706,3,3,3_plus
668563,668564,DL_LU,surprise,neutral,5,6,91.67,0,11,1,0.0,0.0,100.0,100.0,,,,-1.0,-1.0,0,0,0
668598,668599,UR_XP,neutral,sadness,6,4,16.67,5,11,1,100.0,100.0,45.45,100.0,45.45,100.0,100.0,0.31389,0.39145,5,3,3_plus
668793,668794,UR_XP,sadness,neutral,4,6,91.67,5,11,1,45.45,100.0,100.0,100.0,45.45,100.0,100.0,0.513,0.31389,5,3,3_plus
669424,669425,UL_XP,neutral,sadness,6,4,16.67,5,11,1,100.0,100.0,45.45,100.0,45.45,100.0,100.0,0.31389,0.41401,5,3,3_plus
669441,669442,UL_XP,sadness,neutral,4,6,91.67,5,11,1,45.45,100.0,100.0,100.0,45.45,100.0,100.0,0.42316,0.31389,5,3,3_plus
670086,670087,DL_LU,neutral,disgust,6,2,8.33,0,11,1,100.0,100.0,0.0,0.0,,,,-1.0,-1.0,0,0,0
670639,670640,UR_XP,neutral,sadness,6,4,16.67,4,11,1,90.91,100.0,36.36,100.0,36.36,100.0,100.0,0.31389,0.37222,4,3,3_plus
670705,670706,UR_XP,sadness,neutral,4,6,83.33,5,11,1,45.45,100.0,90.91,100.0,45.45,100.0,100.0,0.45211,0.31389,5,3,3_plus
671374,671375,DL_LU,disgust,neutral,2,6,91.67,0,11,1,0.0,0.0,100.0,100.0,,,,-1.0,-1.0,0,0,0
672315,672316,DL_LU,neutral,disgust,6,2,8.33,0,11,1,100.0,100.0,0.0,0.0,,,,-1.0,-1.0,0,0,0
672463,672464,DL_LU,disgust,neutral,2,6,91.67,1,11,1,9.09,100.0,100.0,100.0,9.09,100.0,100.0,0.66757,-1.0,1,1,1
672591,672592,DL_LU,neutral,surprise,6,5,8.33,1,11,1,100.0,100.0,9.09,100.0,9.09,100.0,100.0,-1.0,0.36902,1,1,1
673038,673039,DL_LU,disgust,neutral,2,6,91.67,0,11,1,0.0,0.0,100.0,100.0,,,,-1.0,-1.0,0,0,0
673407,673408,DL_LU,neutral,disgust,6,2,8.33,1,11,1,100.0,100.0,9.09,100.0,9.09,100.0,100.0,-1.0,0.47261,1,1,1
674336,674337,DL_FR,neutral,surprise,6,5,8.33,0,11,1,100.0,100.0,0.0,0.0,,,,-1.0,-1.0,0,0,0
674666,674667,DL_FR,surprise,neutral,5,6,91.67,1,11,1,9.09,0.0,100.0,100.0,9.09,0.0,100.0,0.40782,-1.0,1,1,1
674670,674671,UR_FR,neutral,anger,6,1,8.33,2,11,1,100.0,100.0,18.18,50.0,18.18,100.0,50.0,-1.0,0.49683,2,2,2
674830,674831,DL_FR,neutral,sadness,6,4,16.67,4,11,1,100.0,100.0,36.36,100.0,36.36,100.0,100.0,0.31389,0.37828,4,3,3_plus
674914,674915,DL_FR,sadness,neutral,4,6,83.33,5,11,1,45.45,100.0,100.0,100.0,45.45,100.0,100.0,0.4101,0.31389,5,3,3_plus
674929,674930,UR_XP,neutral,sadness,6,4,16.67,5,11,1,100.0,100.0,45.45,100.0,45.45,100.0,100.0,0.31389,0.40018,5,3,3_plus
675019,675020,UR_FR,anger,neutral,1,6,83.33,1,11,1,9.09,0.0,100.0,100.0,9.09,0.0,100.0,0.37351,-1.0,1,1,1
675129,675130,UR_XP,sadness,neutral,4,6,91.67,5,11,1,45.45,100.0,100.0,100.0,45.45,100.0,100.0,0.40423,0.31389,5,3,3_plus
675136,675137,DL_LU,neutral,disgust,6,2,8.33,0,11,1,100.0,100.0,0.0,0.0,,,,-1.0,-1.0,0,0,0
675219,675220,UR_LU,neutral,surprise,6,5,8.33,0,11,1,90.91,100.0,0.0,0.0,,,,-1.0,-1.0,0,0,0
675252,675253,UR_LU,surprise,neutral,5,6,83.33,0,11,1,0.0,0.0,90.91,100.0,,,,-1.0,-1.0,0,0,0
675264,675265,UR_XP,neutral,sadness,6,4,16.67,5,11,1,90.91,100.0,45.45,100.0,45.45,100.0,100.0,0.31389,0.42081,5,3,3_plus
675335,675336,DL_FR,neutral,sadness,6,4,25.0,5,11,1,90.91,100.0,45.45,100.0,45.45,100.0,100.0,0.23763,0.52105,5,3,3_plus
675464,675465,DL_FR,sadness,neutral,4,6,75.0,4,11,1,36.36,100.0,90.91,100.0,36.36,100.0,100.0,0.44781,0.1037,4,3,3_plus
675466,675467,UR_XP,sadness,neutral,4,6,83.33,4,11,1,36.36,100.0,90.91,100.0,36.36,100.0,100.0,0.29963,0.1972,4,3,3_plus
675751,675752,DL_XP,happiness,neutral,3,6,91.67,0,11,1,0.0,0.0,90.91,100.0,,,,-1.0,-1.0,0,0,0
675959,675960,DL_LU,sadness,neutral,4,6,100.0,2,11,1,18.18,100.0,100.0,100.0,18.18,100.0,100.0,0.44781,-1.0,2,2,2
675964,675965,DL_FR,neutral,surprise,6,5,8.33,1,11,1,100.0,100.0,9.09,100.0,9.09,100.0,100.0,-1.0,0.46684,1,1,1
676121,676122,DL_FR,surprise,neutral,5,6,100.0,1,11,1,9.09,100.0,100.0,100.0,9.09,100.0,100.0,0.45043,-1.0,1,1,1
677168,677169,DR_FR,neutral,surprise,6,5,8.33,1,11,1,100.0,100.0,9.09,100.0,9.09,100.0,100.0,-1.0,0.38363,1,1,1
677290,677291,DL_XP,neutral,anger,6,1,8.33,0,11,1,100.0,100.0,0.0,0.0,,,,-1.0,-1.0,0,0,0
677316,677317,DL_FR,neutral,surprise,6,5,16.67,4,11,1,100.0,100.0,36.36,75.0,36.36,100.0,75.0,0.12547,0.33143,4,3,3_plus
677417,677418,DL_LU,neutral,happiness,6,3,8.33,0,11,1,90.91,100.0,0.0,0.0,,,,-1.0,-1.0,0,0,0
677561,677562,UR_XP,neutral,sadness,6,4,8.33,2,11,1,72.73,100.0,18.18,100.0,18.18,100.0,100.0,-1.0,0.44781,2,2,2
677655,677656,UL_LU,neutral,disgust,6,2,8.33,1,11,1,63.64,100.0,9.09,100.0,9.09,100.0,100.0,-1.0,0.29609,1,1,1
677697,677698,UR_LU,neutral,disgust,6,2,16.67,1,11,1,63.64,100.0,9.09,100.0,9.09,100.0,100.0,0.3332,-1.0,1,1,1
677743,677744,UR_XP,sadness,neutral,4,6,50.0,2,11,1,27.27,100.0,72.73,87.5,18.18,100.0,100.0,0.44781,-1.0,2,2,2
677861,677862,UR_FR,neutral,happiness,6,3,25.0,2,11,1,63.64,100.0,27.27,100.0,18.18,100.0,100.0,0.15338,0.5962,2,2,2
677964,677965,UR_FR,happiness,neutral,3,6,50.0,2,11,1,36.36,100.0,72.73,100.0,18.18,100.0,100.0,0.18369,0.15338,2,2,2
678100,678101,UR_XP,neutral,happiness,6,3,33.33,2,11,1,63.64,100.0,45.45,100.0,18.18,100.0,100.0,0.15338,0.05549,2,2,2
678136,678137,UL_XP,neutral,happiness,6,3,41.67,3,11,1,72.73,100.0,54.55,83.33,27.27,100.0,66.67,0.27,0.54868,3,3,3_plus
678145,678146,UL_XP,happiness,neutral,3,6,41.67,3,11,1,54.55,83.33,72.73,100.0,27.27,66.67,100.0,0.54924,0.28214,3,3,3_plus
678220,678221,DR_FR,surprise,neutral,5,6,50.0,1,11,1,9.09,0.0,63.64,100.0,9.09,0.0,100.0,0.21748,0.15338,1,1,1
678261,678262,UL_FR,neutral,happiness,6,3,50.0,3,11,1,63.64,100.0,63.64,85.71,27.27,100.0,66.67,0.19681,0.44896,3,3,3_plus
678423,678424,DR_FR,neutral,sadness,6,4,8.33,2,11,1,63.64,85.71,18.18,100.0,18.18,100.0,100.0,-1.0,0.44976,2,2,2
678643,678644,UR_FR,neutral,happiness,6,3,66.67,4,11,1,63.64,100.0,72.73,100.0,36.36,100.0,100.0,0.10035,0.21639,4,3,3_plus
678870,678871,UL_LU,happiness,neutral,3,6,33.33,3,11,1,72.73,100.0,45.45,100.0,27.27,100.0,100.0,0.62654,0.09579,3,3,3_plus
678924,678925,DL_XP,happiness,neutral,3,6,41.67,4,11,1,72.73,87.5,54.55,100.0,36.36,75.0,100.0,0.37931,0.33918,4,3,3_plus
678969,678970,UR_LU,happiness,neutral,3,6,50.0,4,11,1,63.64,85.71,63.64,100.0,36.36,75.0,100.0,0.22791,0.18128,4,3,3_plus
678988,678989,DL_LU,happiness,neutral,3,6,58.33,5,11,1,63.64,85.71,72.73,100.0,45.45,80.0,100.0,0.22005,0.33748,5,3,3_plus
679038,679039,UL_FR,happiness,neutral,3,6,66.67,3,11,1,36.36,100.0,81.82,100.0,27.27,100.0,100.0,0.05613,0.28931,3,3,3_plus
679061,679062,UR_XP,happiness,neutral,3,6,75.0,3,11,1,36.36,100.0,81.82,100.0,27.27,100.0,100.0,0.05733,0.26514,3,3,3_plus
679110,679111,DL_FR,happiness,neutral,3,6,83.33,3,11,1,36.36,100.0,81.82,100.0,27.27,100.0,100.0,0.19889,-1.0,3,3,3_plus
679157,679158,DL_LU,neutral,happiness,6,3,16.67,3,11,1,90.91,90.0,27.27,100.0,27.27,66.67,100.0,0.24346,0.14026,3,3,3_plus
679306,679307,UL_FR,neutral,disgust,6,2,8.33,0,11,1,63.64,100.0,0.0,0.0,,,,-1.0,-1.0,0,0,0
679410,679411,DR_FR,sadness,neutral,4,6,58.33,1,11,1,9.09,100.0,72.73,100.0,9.09,100.0,100.0,0.33838,-1.0,1,1,1
679497,679498,UR_FR,anger,neutral,1,6,66.67,0,11,1,0.0,0.0,72.73,100.0,,,,-1.0,-1.0,0,0,0
679593,679594,UL_FR,disgust,neutral,2,6,75.0,0,11,1,0.0,0.0,72.73,100.0,,,,-1.0,-1.0,0,0,0
680867,680868,DL_LU,happiness,neutral,3,6,83.33,1,11,1,9.09,100.0,81.82,100.0,9.09,100.0,100.0,0.05613,-1.0,1,1,1
680902,680903,UL_FR,neutral,anger,6,1,8.33,0,11,1,81.82,100.0,0.0,0.0,,,,-1.0,-1.0,0,0,0
681364,681365,UL_FR,anger,neutral,1,6,83.33,0,11,1,0.0,0.0,81.82,100.0,,,,-1.0,-1.0,0,0,0
682099,682100,UR_LU,sadness,neutral,4,6,91.67,2,11,1,18.18,100.0,100.0,100.0,18.18,100.0,100.0,0.33838,0.05869,2,2,2
682106,682107,UL_LU,sadness,neutral,4,6,100.0,2,11,1,18.18,100.0,100.0,100.0,18.18,100.0,100.0,0.19323,-1.0,2,2,2
686749,686750,DL_LU,disgust,neutral,2,6,100.0,0,11,1,0.0,0.0,100.0,100.0,,,,-1.0,-1.0,0,0,0
687009,687010,DL_FR,neutral,surprise,6,5,8.33,0,11,1,100.0,100.0,0.0,0.0,,,,-1.0,-1.0,0,0,0
687744,687745,DL_FR,surprise,neutral,5,6,91.67,0,11,1,0.0,0.0,90.91,100.0,,,,-1.0,-1.0,0,0,0
688232,688233,DL_LU,neutral,disgust,6,2,8.33,0,11,1,100.0,100.0,0.0,0.0,,,,-1.0,-1.0,0,0,0
688346,688347,DL_LU,disgust,neutral,2,6,100.0,1,11,1,9.09,100.0,100.0,100.0,9.09,100.0,100.0,0.5173,-1.0,1,1,1
689495,689496,UR_XP,neutral,sadness,6,4,8.33,3,11,1,100.0,100.0,27.27,100.0,27.27,100.0,100.0,-1.0,0.26163,3,3,3_plus
689517,689518,UR_LU,neutral,sadness,6,4,16.67,3,11,1,100.0,100.0,27.27,100.0,27.27,100.0,100.0,0.03583,0.30723,3,3,3_plus
689652,689653,UR_XP,sadness,neutral,4,6,100.0,1,11,1,9.09,100.0,100.0,100.0,9.09,100.0,100.0,0.33838,-1.0,1,1,1
690035,690036,UR_LU,neutral,surprise,6,5,8.33,0,11,1,100.0,100.0,0.0,0.0,,,,-1.0,-1.0,0,0,0
690040,690041,UL_LU,neutral,disgust,6,2,8.33,0,11,1,100.0,100.0,0.0,0.0,,,,-1.0,-1.0,0,0,0
690052,690053,UR_LU,surprise,neutral,5,6,91.67,0,11,1,0.0,0.0,100.0,100.0,,,,-1.0,-1.0,0,0,0
690126,690127,UL_LU,disgust,neutral,2,6,100.0,0,11,1,0.0,0.0,100.0,100.0,,,,-1.0,-1.0,0,0,0
691096,691097,UR_XP,neutral,sadness,6,4,8.33,2,11,1,100.0,100.0,18.18,100.0,18.18,100.0,100.0,-1.0,0.47546,2,2,2
691115,691116,UR_XP,sadness,neutral,4,6,100.0,2,11,1,18.18,100.0,100.0,100.0,18.18,100.0,100.0,0.49525,-1.0,2,2,2
691374,691375,UR_XP,neutral,sadness,6,4,8.33,4,11,1,100.0,100.0,36.36,100.0,36.36,100.0,100.0,-1.0,0.51511,4,3,3_plus
691665,691666,UR_XP,sadness,neutral,4,6,100.0,4,11,1,36.36,100.0,100.0,100.0,36.36,100.0,100.0,0.53661,-1.0,4,3,3_plus
691780,691781,DL_FR,neutral,surprise,6,5,8.33,0,11,1,100.0,100.0,0.0,0.0,,,,-1.0,-1.0,0,0,0
692105,692106,UR_XP,neutral,sadness,6,4,8.33,4,11,1,100.0,100.0,36.36,100.0,36.36,100.0,100.0,-1.0,0.48886,4,3,3_plus
693330,693331,UR_XP,sadness,neutral,4,6,91.67,3,11,1,27.27,100.0,100.0,100.0,27.27,100.0,100.0,0.46956,-1.0,3,3,3_plus
693338,693339,DL_LU,neutral,surprise,6,5,16.67,1,11,1,100.0,100.0,9.09,100.0,9.09,100.0,100.0,0.14233,-1.0,1,1,1
693489,693490,DL_FR,surprise,neutral,5,6,91.67,0,11,1,9.09,100.0,90.91,100.0,,,,-1.0,-1.0,0,0,0
693512,693513,UR_XP,neutral,sadness,6,4,8.33,4,11,1,90.91,100.0,36.36,100.0,36.36,100.0,100.0,-1.0,0.49961,4,3,3_plus
694290,694291,DL_LU,sadness,neutral,4,6,91.67,3,11,1,27.27,100.0,100.0,100.0,27.27,100.0,100.0,0.52044,0.0574,3,3,3_plus
694315,694316,UR_XP,sadness,neutral,4,6,100.0,3,11,1,27.27,100.0,100.0,100.0,27.27,100.0,100.0,0.41981,-1.0,3,3,3_plus
694693,694694,UR_XP,neutral,sadness,6,4,8.33,1,11,1,100.0,100.0,9.09,100.0,9.09,100.0,100.0,-1.0,0.33838,1,1,1
695113,695114,DL_FR,neutral,surprise,6,5,8.33,0,11,1,100.0,100.0,0.0,0.0,,,,-1.0,-1.0,0,0,0
695286,695287,UR_XP,sadness,neutral,4,6,91.67,1,11,1,9.09,100.0,100.0,100.0,9.09,100.0,100.0,0.33838,-1.0,1,1,1
695588,695589,DL_FR,surprise,neutral,5,6,100.0,0,11,1,0.0,0.0,100.0,100.0,,,,-1.0,-1.0,0,0,0
696590,696591,DL_LU,neutral,disgust,6,2,8.33,0,11,1,100.0,100.0,0.0,0.0,,,,-1.0,-1.0,0,0,0
696738,696739,DL_LU,disgust,neutral,2,6,100.0,0,11,1,0.0,0.0,100.0,100.0,,,,-1.0,-1.0,0,0,0
697921,697922,DL_LU,neutral,disgust,6,2,8.33,0,11,1,100.0,100.0,0.0,0.0,,,,-1.0,-1.0,0,0,0
697976,697977,DL_LU,disgust,neutral,2,6,100.0,0,11,1,0.0,0.0,100.0,100.0,,,,-1.0,-1.0,0,0,0
701870,701871,DL_LU,disgust,neutral,2,6,100.0,0,11,1,0.0,0.0,100.0,100.0,,,,-1.0,-1.0,0,0,0
702537,702538,DL_LU,neutral,surprise,6,5,8.33,1,11,1,100.0,100.0,9.09,100.0,9.09,100.0,100.0,-1.0,0.5623,1,1,1
702612,702613,DL_LU,surprise,neutral,5,6,100.0,1,11,1,9.09,100.0,100.0,100.0,9.09,100.0,100.0,0.57396,-1.0,1,1,1
702698,702699,DL_LU,neutral,disgust,6,2,8.33,0,11,1,100.0,100.0,0.0,0.0,,,,-1.0,-1.0,0,0,0
703735,703736,DL_LU,neutral,disgust,6,2,8.33,0,11,1,100.0,100.0,0.0,0.0,,,,-1.0,-1.0,0,0,0
703902,703903,DL_LU,disgust,neutral,2,6,100.0,0,11,1,0.0,0.0,100.0,100.0,,,,-1.0,-1.0,0,0,0
704213,704214,DL_LU,neutral,disgust,6,2,8.33,0,11,1,100.0,100.0,0.0,0.0,,,,-1.0,-1.0,0,0,0
704361,704362,DL_LU,disgust,neutral,2,6,100.0,0,11,1,0.0,0.0,100.0,100.0,,,,-1.0,-1.0,0,0,0
705520,705521,DL_LU,neutral,disgust,6,2,8.33,0,11,1,100.0,100.0,0.0,0.0,,,,-1.0,-1.0,0,0,0
706891,706892,UL_LU,neutral,sadness,6,4,8.33,3,11,1,90.91,100.0,27.27,100.0,27.27,100.0,100.0,-1.0,0.5107,3,3,3_plus
706905,706906,UL_LU,sadness,neutral,4,6,91.67,3,11,1,27.27,100.0,90.91,100.0,27.27,100.0,100.0,0.51333,-1.0,3,3,3_plus
707077,707078,DL_LU,disgust,neutral,2,6,100.0,0,11,1,0.0,0.0,100.0,100.0,,,,-1.0,-1.0,0,0,0
708807,708808,DL_FR,neutral,surprise,6,5,8.33,0,11,1,100.0,100.0,0.0,0.0,,,,-1.0,-1.0,0,0,0
709494,709495,DL_XP,neutral,happiness,6,3,8.33,0,11,1,90.91,100.0,0.0,0.0,,,,-1.0,-1.0,0,0,0
709526,709527,DL_XP,happiness,neutral,3,6,91.67,0,11,1,0.0,0.0,100.0,100.0,,,,-1.0,-1.0,0,0,0
709623,709624,DL_LU,neutral,surprise,6,5,16.67,1,11,1,100.0,100.0,9.09,100.0,9.09,100.0,100.0,0.55006,-1.0,1,1,1
709875,709876,DL_FR,surprise,neutral,5,6,91.67,1,11,1,18.18,100.0,90.91,100.0,9.09,100.0,100.0,0.0167,-1.0,1,1,1
709893,709894,DL_XP,neutral,surprise,6,5,16.67,1,11,1,90.91,100.0,18.18,100.0,9.09,100.0,100.0,-1.0,0.05466,1,1,1
709907,709908,DR_FR,neutral,sadness,6,4,8.33,3,11,1,90.91,100.0,27.27,100.0,27.27,100.0,100.0,-1.0,0.35706,3,3,3_plus
710027,710028,DL_FR,neutral,surprise,6,5,25.0,1,11,1,90.91,90.0,18.18,100.0,9.09,100.0,100.0,0.02866,-1.0,1,1,1
710132,710133,DL_XP,surprise,neutral,5,6,75.0,1,11,1,18.18,100.0,90.91,90.0,9.09,100.0,100.0,-1.0,0.21238,1,1,1
710216,710217,UR_XP,neutral,sadness,6,4,8.33,4,11,1,90.91,100.0,36.36,75.0,36.36,100.0,75.0,0.06329,0.40821,4,3,3_plus
710344,710345,DL_LU,surprise,neutral,5,6,75.0,2,11,1,18.18,100.0,100.0,100.0,18.18,100.0,100.0,0.0799,0.04781,2,2,2
710353,710354,UR_XP,sadness,neutral,4,6,83.33,2,11,1,18.18,100.0,100.0,100.0,18.18,100.0,100.0,0.44464,-1.0,2,2,2
710367,710368,DL_FR,surprise,neutral,5,6,91.67,2,11,1,18.18,100.0,100.0,100.0,18.18,100.0,100.0,0.15123,-1.0,2,2,2
710540,710541,DL_LU,neutral,disgust,6,2,8.33,0,11,1,100.0,100.0,0.0,0.0,,,,-1.0,-1.0,0,0,0
710571,710572,DL_FR,neutral,surprise,6,5,8.33,1,11,1,100.0,100.0,9.09,100.0,9.09,100.0,100.0,-1.0,0.0799,1,1,1
710644,710645,DL_LU,disgust,neutral,2,6,83.33,0,11,1,0.0,0.0,100.0,100.0,,,,-1.0,-1.0,0,0,0
710705,710706,DR_FR,happiness,neutral,3,6,91.67,0,11,1,0.0,0.0,100.0,100.0,,,,-1.0,-1.0,0,0,0
710786,710787,DL_LU,neutral,surprise,6,5,16.67,2,11,1,100.0,100.0,18.18,100.0,18.18,100.0,100.0,0.2215,0.0799,2,2,2
710956,710957,DR_FR,neutral,surprise,6,5,25.0,2,11,1,90.91,100.0,27.27,100.0,18.18,100.0,100.0,0.1151,0.0799,2,2,2
711042,711043,DL_FR,surprise,neutral,5,6,83.33,2,11,1,18.18,100.0,90.91,100.0,18.18,100.0,100.0,0.0799,0.39812,2,2,2
711372,711373,DR_FR,surprise,neutral,5,6,91.67,2,11,1,27.27,100.0,90.91,100.0,18.18,100.0,100.0,0.15672,-1.0,2,2,2
711420,711421,DL_FR,neutral,surprise,6,5,8.33,2,11,1,90.91,100.0,27.27,100.0,18.18,100.0,100.0,-1.0,0.11397,2,2,2
711474,711475,DR_FR,neutral,surprise,6,5,16.67,2,11,1,90.91,100.0,27.27,100.0,18.18,100.0,100.0,0.16855,0.18673,2,2,2
712049,712050,DL_FR,surprise,neutral,5,6,83.33,2,11,1,18.18,100.0,100.0,100.0,18.18,100.0,100.0,0.18673,0.03178,2,2,2
712059,712060,DR_FR,surprise,neutral,5,6,91.67,2,11,1,18.18,50.0,100.0,100.0,18.18,50.0,100.0,0.10949,-1.0,2,2,2
712175,712176,DL_FR,neutral,sadness,6,4,8.33,2,11,1,100.0,100.0,18.18,100.0,18.18,100.0,100.0,-1.0,0.50931,2,2,2
712621,712622,DR_FR,neutral,disgust,6,2,16.67,0,11,1,90.91,100.0,9.09,100.0,,,,-1.0,-1.0,0,0,0
712692,712693,DR_FR,disgust,neutral,2,6,83.33,0,11,1,9.09,100.0,90.91,100.0,,,,-1.0,-1.0,0,0,0
712725,712726,DL_FR,sadness,neutral,4,6,91.67,3,11,1,27.27,100.0,90.91,100.0,27.27,100.0,100.0,0.54995,-1.0,3,3,3_plus
713272,713273,DR_FR,neutral,sadness,6,4,8.33,2,11,1,90.91,100.0,18.18,100.0,18.18,100.0,100.0,-1.0,0.53168,2,2,2
713427,713428,DR_FR,sadness,neutral,4,6,91.67,2,11,1,18.18,100.0,90.91,100.0,18.18,100.0,100.0,0.5631,-1.0,2,2,2
713976,713977,DR_FR,neutral,sadness,6,4,8.33,1,11,1,90.91,100.0,9.09,100.0,9.09,100.0,100.0,-1.0,0.33838,1,1,1
714347,714348,DL_FR,neutral,surprise,6,5,8.33,1,11,1,90.91,100.0,9.09,0.0,9.09,100.0,0.0,-1.0,0.32345,1,1,1
714479,714480,DR_FR,sadness,neutral,4,6,83.33,3,11,1,27.27,100.0,90.91,100.0,27.27,100.0,100.0,0.4341,-1.0,3,3,3_plus
714947,714948,DL_FR,surprise,neutral,5,6,91.67,1,11,1,9.09,100.0,90.91,100.0,9.09,100.0,100.0,0.13304,-1.0,1,1,1
715207,715208,DR_FR,neutral,sadness,6,4,8.33,4,11,1,90.91,100.0,36.36,100.0,36.36,100.0,100.0,-1.0,0.42753,4,3,3_plus
715233,715234,DL_XP,neutral,surprise,6,5,8.33,0,11,1,90.91,100.0,0.0,0.0,,,,-1.0,-1.0,0,0,0
715579,715580,DL_FR,neutral,disgust,6,2,8.33,2,11,1,90.91,90.0,18.18,50.0,18.18,100.0,50.0,0.15364,0.25938,2,2,2
715599,715600,DR_LU,neutral,disgust,6,2,16.67,1,11,1,90.91,90.0,9.09,100.0,9.09,100.0,100.0,0.08563,-1.0,1,1,1
715709,715710,DL_LU,happiness,neutral,3,6,66.67,1,11,1,9.09,100.0,81.82,77.78,9.09,100.0,0.0,-1.0,0.18635,1,1,1
715749,715750,DR_LU,disgust,neutral,2,6,75.0,1,11,1,9.09,100.0,90.91,80.0,9.09,100.0,0.0,-1.0,0.38177,1,1,1
715787,715788,DL_LU,neutral,happiness,6,3,16.67,1,11,1,90.91,80.0,9.09,100.0,9.09,0.0,100.0,0.18148,-1.0,1,1,1
715848,715849,DL_FR,disgust,neutral,2,6,75.0,0,11,1,9.09,100.0,81.82,88.89,,,,-1.0,-1.0,0,0,0
716008,716009,UR_FR,neutral,anger,6,1,8.33,0,11,1,81.82,88.89,9.09,100.0,,,,-1.0,-1.0,0,0,0
716144,716145,UR_FR,anger,neutral,1,6,75.0,0,11,1,0.0,0.0,90.91,90.0,,,,-1.0,-1.0,0,0,0
716292,716293,DR_FR,sadness,neutral,4,6,83.33,1,11,1,9.09,100.0,90.91,90.0,9.09,100.0,100.0,0.33838,-1.0,1,1,1
716334,716335,DL_LU,happiness,neutral,3,6,91.67,1,11,1,9.09,100.0,100.0,90.91,9.09,100.0,0.0,-1.0,0.16855,1,1,1
716467,716468,DL_LU,neutral,surprise,6,5,8.33,1,11,1,100.0,90.91,9.09,100.0,9.09,0.0,100.0,0.149,0.03411,1,1,1
716555,716556,UL_FR,neutral,anger,6,1,8.33,1,11,1,90.91,90.0,9.09,100.0,9.09,100.0,100.0,-1.0,0.04023,1,1,1
716596,716597,DL_XP,happiness,neutral,3,6,83.33,0,11,1,0.0,0.0,90.91,100.0,,,,-1.0,-1.0,0,0,0
716635,716636,DR_FR,neutral,sadness,6,4,8.33,2,11,1,90.91,100.0,18.18,100.0,18.18,100.0,100.0,-1.0,0.53554,2,2,2
716688,716689,UR_FR,neutral,anger,6,1,16.67,1,11,1,90.91,100.0,9.09,100.0,9.09,100.0,100.0,0.10857,-1.0,1,1,1
716847,716848,UR_FR,anger,neutral,1,6,75.0,2,11,1,18.18,50.0,90.91,100.0,18.18,50.0,100.0,0.25448,0.15151,2,2,2
716890,716891,UL_LU,neutral,disgust,6,2,16.67,1,11,1,90.91,100.0,18.18,100.0,9.09,100.0,100.0,-1.0,0.52354,1,1,1
716912,716913,UL_LU,disgust,neutral,2,6,75.0,1,11,1,18.18,100.0,90.91,100.0,9.09,100.0,100.0,0.48917,-1.0,1,1,1
716968,716969,UR_FR,neutral,anger,6,1,16.67,2,11,1,90.91,100.0,18.18,100.0,18.18,100.0,100.0,0.0343,0.10534,2,2,2
717066,717067,UR_XP,neutral,sadness,6,4,16.67,3,11,1,90.91,100.0,27.27,100.0,27.27,100.0,100.0,0.07831,0.25733,3,3,3_plus
717169,717170,DL_FR,neutral,disgust,6,2,8.33,0,11,1,90.91,100.0,0.0,0.0,,,,-1.0,-1.0,0,0,0
717176,717177,DL_LU,happiness,neutral,3,6,58.33,0,11,1,0.0,0.0,90.91,100.0,,,,-1.0,-1.0,0,0,0
717344,717345,DL_LU,neutral,happiness,6,3,8.33,0,11,1,90.91,100.0,9.09,100.0,,,,-1.0,-1.0,0,0,0
717378,717379,UL_LU,neutral,disgust,6,2,16.67,1,11,1,90.91,100.0,9.09,100.0,9.09,100.0,100.0,0.07089,-1.0,1,1,1
717399,717400,DL_FR,disgust,neutral,2,6,50.0,1,11,1,18.18,100.0,81.82,100.0,9.09,100.0,100.0,-1.0,0.24131,1,1,1
717430,717431,UL_FR,anger,neutral,1,6,58.33,1,11,1,9.09,100.0,72.73,100.0,9.09,100.0,100.0,-1.0,0.24114,1,1,1
717455,717456,UR_XP,sadness,neutral,4,6,66.67,4,11,1,36.36,100.0,81.82,88.89,36.36,100.0,75.0,0.4083,0.31313,4,3,3_plus
717556,717557,UR_FR,anger,neutral,1,6,75.0,1,11,1,9.09,100.0,81.82,100.0,9.09,100.0,100.0,0.11293,-1.0,1,1,1
717567,717568,DR_FR,happiness,neutral,3,6,83.33,0,11,1,9.09,100.0,81.82,100.0,,,,-1.0,-1.0,0,0,0
717637,717638,DR_FR,neutral,happiness,6,3,16.67,0,11,1,90.91,100.0,9.09,100.0,,,,-1.0,-1.0,0,0,0
717644,717645,UL_FR,neutral,anger,6,1,8.33,1,11,1,90.91,100.0,9.09,100.0,9.09,100.0,100.0,-1.0,0.00981,1,1,1
717652,717653,UR_FR,neutral,anger,6,1,16.67,1,11,1,90.91,100.0,9.09,100.0,9.09,100.0,100.0,0.01784,-1.0,1,1,1
717699,717700,UL_LU,disgust,neutral,2,6,66.67,0,11,1,9.09,100.0,90.91,100.0,,,,-1.0,-1.0,0,0,0
718060,718061,DR_FR,happiness,neutral,3,6,75.0,1,11,1,9.09,100.0,90.91,100.0,9.09,100.0,100.0,-1.0,0.67445,1,1,1
718096,718097,UL_FR,anger,neutral,1,6,83.33,1,11,1,9.09,100.0,100.0,100.0,9.09,100.0,100.0,-1.0,0.32003,1,1,1
718199,718200,UL_FR,neutral,anger,6,1,16.67,1,11,1,100.0,100.0,9.09,100.0,9.09,100.0,100.0,0.08983,-1.0,1,1,1
718255,718256,UR_FR,anger,neutral,1,6,83.33,1,11,1,9.09,100.0,100.0,100.0,9.09,100.0,100.0,-1.0,0.09316,1,1,1
718353,718354,DL_LU,happiness,neutral,3,6,91.67,1,11,1,9.09,100.0,100.0,100.0,9.09,100.0,100.0,0.65643,-1.0,1,1,1
718754,718755,UL_XP,neutral,sadness,6,4,8.33,1,11,1,100.0,100.0,9.09,100.0,9.09,100.0,100.0,-1.0,0.45327,1,1,1
718815,718816,DL_LU,neutral,happiness,6,3,8.33,1,11,1,100.0,90.91,9.09,100.0,9.09,100.0,100.0,-1.0,0.59912,1,1,1
718820,718821,UR_FR,neutral,anger,6,1,16.67,2,11,1,100.0,90.91,18.18,100.0,18.18,50.0,100.0,0.13904,0.12863,2,2,2
718879,718880,DL_LU,happiness,neutral,3,6,75.0,1,11,1,9.09,100.0,100.0,100.0,9.09,100.0,100.0,0.50041,-1.0,1,1,1
718880,718881,DL_LU,neutral,disgust,6,2,8.33,0,11,1,100.0,100.0,0.0,0.0,,,,-1.0,-1.0,0,0,0
718954,718955,UL_XP,sadness,neutral,4,6,75.0,1,11,1,9.09,100.0,90.91,100.0,9.09,100.0,100.0,0.45327,-1.0,1,1,1
719026,719027,DL_XP,neutral,surprise,6,5,8.33,0,11,1,90.91,100.0,0.0,0.0,,,,-1.0,-1.0,0,0,0
719068,719069,UR_FR,anger,neutral,1,6,75.0,1,11,1,9.09,100.0,90.91,100.0,9.09,100.0,100.0,-1.0,0.14502,1,1,1
719135,719136,UL_FR,anger,neutral,1,6,83.33,1,11,1,9.09,100.0,90.91,100.0,9.09,100.0,100.0,0.09673,-1.0,1,1,1
719500,719501,DL_FR,neutral,sadness,6,4,8.33,3,11,1,90.91,100.0,27.27,100.0,27.27,100.0,100.0,-1.0,0.23925,3,3,3_plus
719502,719503,UR_FR,neutral,anger,6,1,8.33,0,11,1,90.91,100.0,9.09,100.0,,,,-1.0,-1.0,0,0,0
719653,719654,DR_FR,neutral,sadness,6,4,16.67,3,11,1,90.91,100.0,27.27,100.0,27.27,100.0,100.0,0.1487,0.39886,3,3,3_plus
719941,719942,DR_FR,sadness,neutral,4,6,66.67,3,11,1,27.27,100.0,90.91,100.0,27.27,100.0,100.0,0.45983,0.13953,3,3,3_plus
719979,719980,DR_FR,neutral,happiness,6,3,8.33,0,11,1,90.91,100.0,0.0,0.0,,,,-1.0,-1.0,0,0,0
720048,720049,DL_FR,sadness,neutral,4,6,66.67,3,11,1,27.27,100.0,90.91,90.0,27.27,100.0,66.67,0.43054,0.06538,3,3,3_plus
720386,720387,DR_FR,sadness,neutral,4,6,75.0,3,11,1,27.27,100.0,90.91,100.0,27.27,100.0,100.0,0.32346,-1.0,3,3,3_plus
720515,720516,DL_FR,neutral,surprise,6,5,16.67,1,11,1,90.91,100.0,9.09,100.0,9.09,100.0,100.0,0.05368,-1.0,1,1,1
720803,720804,UR_FR,anger,neutral,1,6,75.0,1,11,1,9.09,100.0,90.91,100.0,9.09,100.0,100.0,0.12877,-1.0,1,1,1
720805,720806,UL_XP,neutral,sadness,6,4,8.33,5,11,1,90.91,100.0,45.45,100.0,45.45,100.0,100.0,-1.0,0.40673,5,3,3_plus
720831,720832,UR_XP,neutral,anger,6,1,8.33,1,11,1,90.91,100.0,9.09,100.0,9.09,100.0,100.0,-1.0,0.0736,1,1,1
720931,720932,DR_FR,neutral,sadness,6,4,16.67,3,11,1,72.73,100.0,36.36,75.0,27.27,100.0,66.67,-1.0,0.39728,3,3,3_plus
721023,721024,DR_LU,neutral,surprise,6,5,25.0,1,11,1,72.73,100.0,27.27,100.0,9.09,100.0,100.0,0.05368,-1.0,1,1,1
721041,721042,DR_FR,sadness,neutral,4,6,50.0,3,11,1,36.36,100.0,72.73,100.0,27.27,100.0,100.0,0.45269,-1.0,3,3,3_plus
721074,721075,DL_XP,surprise,neutral,5,6,58.33,2,11,1,27.27,66.67,81.82,100.0,18.18,100.0,100.0,-1.0,0.46183,2,2,2
721203,721204,DR_LU,surprise,neutral,5,6,66.67,3,11,1,27.27,100.0,81.82,100.0,27.27,100.0,100.0,0.19748,0.12883,3,3,3_plus
721244,721245,DL_FR,surprise,neutral,5,6,75.0,3,11,1,27.27,100.0,81.82,100.0,27.27,100.0,100.0,0.19066,-1.0,3,3,3_plus
721375,721376,DR_LU,neutral,disgust,6,2,8.33,2,11,1,90.91,100.0,27.27,66.67,18.18,100.0,50.0,0.19422,0.37579,2,2,2
721444,721445,DR_FR,neutral,sadness,6,4,16.67,3,11,1,81.82,100.0,27.27,100.0,27.27,100.0,100.0,0.09506,0.49025,3,3,3_plus
721620,721621,DL_FR,neutral,surprise,6,5,16.67,1,11,1,63.64,100.0,18.18,100.0,9.09,100.0,100.0,-1.0,0.16032,1,1,1
721621,721622,DR_FR,sadness,neutral,4,6,58.33,4,11,1,45.45,100.0,63.64,100.0,36.36,100.0,100.0,0.38608,-1.0,4,3,3_plus
721674,721675,UL_FR,neutral,sadness,6,4,16.67,4,11,1,63.64,100.0,45.45,80.0,36.36,100.0,75.0,-1.0,0.42199,4,3,3_plus
721817,721818,DR_LU,disgust,neutral,2,6,58.33,1,11,1,27.27,100.0,63.64,100.0,9.09,100.0,100.0,0.41779,-1.0,1,1,1
721968,721969,UR_XP,anger,neutral,1,6,66.67,1,11,1,9.09,0.0,72.73,100.0,9.09,0.0,100.0,0.27887,0.13492,1,1,1
722011,722012,UL_XP,sadness,neutral,4,6,75.0,1,11,1,18.18,100.0,72.73,100.0,9.09,100.0,100.0,0.45327,-1.0,1,1,1
722258,722259,UR_FR,neutral,anger,6,1,8.33,0,11,1,81.82,100.0,0.0,0.0,,,,-1.0,-1.0,0,0,0
722371,722372,DL_FR,surprise,neutral,5,6,75.0,0,11,1,0.0,0.0,90.91,100.0,,,,-1.0,-1.0,0,0,0
722502,722503,DR_FR,neutral,sadness,6,4,16.67,3,11,1,90.91,100.0,27.27,100.0,27.27,100.0,100.0,0.03524,0.31389,3,3,3_plus
722523,722524,UL_FR,sadness,neutral,4,6,75.0,3,11,1,27.27,100.0,90.91,100.0,27.27,100.0,100.0,0.31371,0.0891,3,3,3_plus
722806,722807,DR_FR,sadness,neutral,4,6,83.33,2,11,1,18.18,100.0,90.91,100.0,18.18,100.0,100.0,0.36231,-1.0,2,2,2
723080,723081,UL_FR,neutral,anger,6,1,16.67,0,11,1,81.82,100.0,9.09,100.0,,,,-1.0,-1.0,0,0,0
723413,723414,UL_FR,anger,neutral,1,6,83.33,0,11,1,18.18,100.0,81.82,100.0,,,,-1.0,-1.0,0,0,0
723538,723539,DL_FR,neutral,sadness,6,4,8.33,2,11,1,90.91,100.0,18.18,100.0,18.18,100.0,100.0,-1.0,0.40296,2,2,2
723792,723793,DR_FR,neutral,happiness,6,3,8.33,0,11,1,81.82,100.0,9.09,100.0,,,,-1.0,-1.0,0,0,0
724066,724067,DL_FR,sadness,neutral,4,6,75.0,3,11,1,27.27,100.0,90.91,90.0,27.27,100.0,66.67,0.34384,0.27523,3,3,3_plus
724511,724512,UR_FR,anger,neutral,1,6,83.33,1,11,1,9.09,100.0,90.91,90.0,9.09,100.0,100.0,0.34242,-1.0,1,1,1
724717,724718,UR_XP,neutral,sadness,6,4,16.67,3,11,1,90.91,100.0,27.27,100.0,27.27,100.0,100.0,0.04147,0.45928,3,3,3_plus
724740,724741,DL_FR,neutral,surprise,6,5,8.33,0,11,1,90.91,100.0,0.0,0.0,,,,-1.0,-1.0,0,0,0
724904,724905,DR_FR,sadness,neutral,4,6,75.0,3,11,1,27.27,100.0,100.0,100.0,27.27,100.0,100.0,0.46271,0.10021,3,3,3_plus
724978,724979,DL_FR,surprise,neutral,5,6,83.33,0,11,1,0.0,0.0,100.0,100.0,,,,-1.0,-1.0,0,0,0
725051,725052,UR_XP,sadness,neutral,4,6,91.67,4,11,1,36.36,100.0,100.0,100.0,36.36,100.0,100.0,0.47818,-1.0,4,3,3_plus
725674,725675,UR_XP,neutral,sadness,6,4,8.33,4,11,1,90.91,100.0,36.36,100.0,36.36,100.0,100.0,-1.0,0.36942,4,3,3_plus
725687,725688,DL_XP,neutral,disgust,6,2,16.67,0,11,1,90.91,100.0,9.09,100.0,,,,-1.0,-1.0,0,0,0
725885,725886,UR_XP,sadness,neutral,4,6,83.33,4,11,1,36.36,100.0,81.82,100.0,36.36,100.0,100.0,0.38372,-1.0,4,3,3_plus
726182,726183,DR_FR,neutral,happiness,6,3,25.0,2,11,1,100.0,100.0,18.18,100.0,18.18,100.0,100.0,0.30895,-1.0,2,2,2
726193,726194,DL_XP,happiness,neutral,3,6,83.33,2,11,1,18.18,100.0,100.0,100.0,18.18,100.0,100.0,-1.0,0.3135,2,2,2
726645,726646,DR_FR,sadness,neutral,4,6,91.67,4,11,1,36.36,100.0,90.91,100.0,36.36,100.0,100.0,0.34454,-1.0,4,3,3_plus
727698,727699,DR_FR,neutral,sadness,6,4,8.33,3,11,1,90.91,100.0,27.27,100.0,27.27,100.0,100.0,-1.0,0.45673,3,3,3_plus
727918,727919,DL_LU,surprise,neutral,5,6,91.67,1,11,1,9.09,100.0,90.91,100.0,9.09,100.0,100.0,0.15445,-1.0,1,1,1
728141,728142,DR_FR,sadness,neutral,4,6,100.0,4,11,1,36.36,100.0,100.0,100.0,36.36,100.0,100.0,0.53387,-1.0,4,3,3_plus
728180,728181,DL_LU,neutral,disgust,6,2,8.33,0,11,1,100.0,100.0,0.0,0.0,,,,-1.0,-1.0,0,0,0
728302,728303,DL_LU,disgust,neutral,2,6,100.0,0,11,1,0.0,0.0,100.0,100.0,,,,-1.0,-1.0,0,0,0
728417,728418,DL_LU,neutral,disgust,6,2,8.33,0,11,1,100.0,100.0,0.0,0.0,,,,-1.0,-1.0,0,0,0
728546,728547,DL_LU,disgust,neutral,2,6,100.0,0,11,1,0.0,0.0,100.0,100.0,,,,-1.0,-1.0,0,0,0
728904,728905,DR_LU,neutral,sadness,6,4,8.33,4,11,1,100.0,100.0,36.36,100.0,36.36,100.0,100.0,-1.0,0.37517,4,3,3_plus
729154,729155,DL_LU,neutral,disgust,6,2,8.33,0,11,1,100.0,100.0,0.0,0.0,,,,-1.0,-1.0,0,0,0
729175,729176,DL_LU,disgust,neutral,2,6,91.67,0,11,1,0.0,0.0,100.0,100.0,,,,-1.0,-1.0,0,0,0
729196,729197,DL_LU,neutral,disgust,6,2,8.33,0,11,1,100.0,100.0,0.0,0.0,,,,-1.0,-1.0,0,0,0
729746,729747,DL_FR,neutral,surprise,6,5,8.33,1,11,1,90.91,100.0,9.09,100.0,9.09,100.0,100.0,-1.0,0.18071,1,1,1
729879,729880,DR_FR,neutral,sadness,6,4,16.67,5,11,1,90.91,100.0,45.45,100.0,45.45,100.0,100.0,0.37167,0.5913,5,3,3_plus
730255,730256,DR_LU,sadness,neutral,4,6,75.0,3,11,1,36.36,100.0,81.82,88.89,27.27,100.0,66.67,0.62546,0.17333,3,3,3_plus
730399,730400,DR_FR,disgust,neutral,2,6,83.33,0,11,1,18.18,100.0,81.82,100.0,,,,-1.0,-1.0,0,0,0
730993,730994,DR_FR,neutral,sadness,6,4,8.33,2,11,1,90.91,100.0,18.18,100.0,18.18,100.0,100.0,-1.0,0.55036,2,2,2
731581,731582,DL_FR,disgust,neutral,2,6,83.33,1,11,1,9.09,100.0,81.82,100.0,9.09,100.0,100.0,0.41405,-1.0,1,1,1
731743,731744,DL_FR,neutral,anger,6,1,8.33,1,11,1,81.82,100.0,9.09,100.0,9.09,100.0,100.0,-1.0,0.05098,1,1,1
731777,731778,UR_FR,neutral,anger,6,1,16.67,1,11,1,81.82,100.0,9.09,100.0,9.09,100.0,100.0,0.12899,-1.0,1,1,1
732323,732324,UR_FR,anger,neutral,1,6,75.0,1,11,1,9.09,100.0,90.91,90.0,9.09,100.0,100.0,-1.0,0.19532,1,1,1
732371,732372,DL_FR,anger,neutral,1,6,83.33,1,11,1,9.09,100.0,90.91,100.0,9.09,100.0,100.0,0.02393,-1.0,1,1,1
732808,732809,UR_FR,neutral,anger,6,1,8.33,0,11,1,90.91,90.0,0.0,0.0,,,,-1.0,-1.0,0,0,0
732995,732996,UR_FR,anger,neutral,1,6,83.33,1,11,1,9.09,100.0,90.91,100.0,9.09,100.0,100.0,0.39571,-1.0,1,1,1
733103,733104,UR_FR,neutral,anger,6,1,8.33,1,11,1,90.91,100.0,9.09,100.0,9.09,100.0,100.0,-1.0,0.42738,1,1,1
733282,733283,UL_FR,neutral,anger,6,1,16.67,2,11,1,90.91,100.0,18.18,100.0,18.18,100.0,100.0,0.33938,0.38909,2,2,2
733372,733373,UR_XP,neutral,anger,6,1,25.0,2,11,1,90.91,100.0,18.18,100.0,18.18,100.0,100.0,0.27977,-1.0,2,2,2
733501,733502,UR_XP,anger,neutral,1,6,66.67,2,11,1,18.18,100.0,100.0,100.0,18.18,100.0,100.0,-1.0,0.25335,2,2,2
733656,733657,UR_FR,anger,neutral,1,6,75.0,3,11,1,27.27,100.0,100.0,90.91,27.27,100.0,100.0,0.51815,0.14082,3,3,3_plus
733773,733774,UL_FR,anger,neutral,1,6,83.33,3,11,1,27.27,100.0,90.91,100.0,27.27,100.0,100.0,0.12813,-1.0,3,3,3_plus
733785,733786,DL_XP,neutral,anger,6,1,8.33,3,11,1,90.91,100.0,27.27,100.0,27.27,100.0,100.0,-1.0,0.12286,3,3,3_plus
733838,733839,DR_FR,sadness,neutral,4,6,83.33,4,11,1,36.36,75.0,90.91,90.0,36.36,75.0,100.0,0.40321,-1.0,4,3,3_plus
733844,733845,UL_XP,neutral,sadness,6,4,8.33,4,11,1,90.91,90.0,36.36,100.0,36.36,100.0,100.0,-1.0,0.39867,4,3,3_plus
734220,734221,UR_XP,neutral,anger,6,1,8.33,0,11,1,90.91,100.0,0.0,0.0,,,,-1.0,-1.0,0,0,0
734581,734582,UL_LU,neutral,disgust,6,2,16.67,1,11,1,81.82,88.89,18.18,100.0,9.09,0.0,100.0,0.45193,0.41747,1,1,1
734590,734591,UL_LU,disgust,neutral,2,6,66.67,1,11,1,18.18,100.0,81.82,88.89,9.09,100.0,0.0,0.42062,0.44822,1,1,1
734592,734593,UR_XP,anger,neutral,1,6,75.0,0,11,1,0.0,0.0,81.82,88.89,,,,-1.0,-1.0,0,0,0
734690,734691,UL_XP,sadness,neutral,4,6,83.33,2,11,1,18.18,100.0,90.91,100.0,18.18,100.0,100.0,0.59865,-1.0,2,2,2
734783,734784,DL_XP,happiness,neutral,3,6,91.67,1,11,1,9.09,100.0,100.0,100.0,9.09,100.0,100.0,-1.0,0.21882,1,1,1
734814,734815,DL_LU,happiness,neutral,3,6,100.0,1,11,1,9.09,0.0,100.0,100.0,9.09,0.0,100.0,0.14552,-1.0,1,1,1
734989,734990,UL_FR,neutral,anger,6,1,8.33,1,11,1,100.0,100.0,9.09,100.0,9.09,100.0,100.0,-1.0,0.01937,1,1,1
735029,735030,UR_FR,neutral,anger,6,1,16.67,1,11,1,100.0,100.0,9.09,100.0,9.09,100.0,100.0,0.05657,-1.0,1,1,1
735033,735034,DL_FR,neutral,sadness,6,4,8.33,0,11,1,100.0,100.0,0.0,0.0,,,,-1.0,-1.0,0,0,0
735053,735054,DL_LU,neutral,happiness,6,3,8.33,0,11,1,100.0,100.0,0.0,0.0,,,,-1.0,-1.0,0,0,0
735057,735058,DL_LU,happiness,neutral,3,6,75.0,0,11,1,0.0,0.0,100.0,100.0,,,,-1.0,-1.0,0,0,0
735074,735075,DL_LU,neutral,happiness,6,3,8.33,0,11,1,100.0,100.0,0.0,0.0,,,,-1.0,-1.0,0,0,0
735183,735184,DL_XP,neutral,happiness,6,3,16.67,1,11,1,100.0,100.0,9.09,100.0,9.09,100.0,100.0,0.78774,-1.0,1,1,1
735308,735309,UR_FR,anger,neutral,1,6,66.67,1,11,1,9.09,100.0,90.91,100.0,9.09,100.0,100.0,-1.0,0.10511,1,1,1
735375,735376,UL_FR,anger,neutral,1,6,75.0,1,11,1,9.09,100.0,90.91,100.0,9.09,100.0,100.0,0.08675,-1.0,1,1,1
735451,735452,DR_FR,neutral,sadness,6,4,8.33,2,11,1,90.91,90.0,18.18,100.0,18.18,50.0,100.0,0.16354,0.22711,2,2,2
735681,735682,DL_FR,disgust,neutral,2,6,75.0,0,11,1,9.09,100.0,81.82,100.0,,,,-1.0,-1.0,0,0,0
735706,735707,DL_FR,neutral,sadness,6,4,16.67,0,11,1,81.82,100.0,9.09,100.0,,,,-1.0,-1.0,0,0,0
735904,735905,DL_FR,sadness,neutral,4,6,75.0,1,11,1,9.09,100.0,90.91,100.0,9.09,100.0,100.0,-1.0,0.47564,1,1,1
735982,735983,DL_FR,neutral,disgust,6,2,8.33,0,11,1,90.91,100.0,0.0,0.0,,,,-1.0,-1.0,0,0,0
735987,735988,DR_FR,sadness,neutral,4,6,75.0,0,11,1,0.0,0.0,90.91,100.0,,,,-1.0,-1.0,0,0,0
736114,736115,DR_FR,neutral,sadness,6,4,8.33,0,11,1,90.91,100.0,0.0,0.0,,,,-1.0,-1.0,0,0,0
736165,736166,DL_FR,disgust,neutral,2,6,75.0,0,11,1,9.09,100.0,90.91,100.0,,,,-1.0,-1.0,0,0,0
736209,736210,DR_FR,sadness,neutral,4,6,83.33,0,11,1,0.0,0.0,90.91,100.0,,,,-1.0,-1.0,0,0,0
736416,736417,UL_LU,neutral,disgust,6,2,8.33,0,11,1,90.91,100.0,9.09,100.0,,,,-1.0,-1.0,0,0,0
736448,736449,DL_XP,happiness,neutral,3,6,83.33,0,11,1,9.09,100.0,90.91,100.0,,,,-1.0,-1.0,0,0,0
736479,736480,UL_LU,disgust,neutral,2,6,91.67,0,11,1,9.09,100.0,90.91,100.0,,,,-1.0,-1.0,0,0,0
736694,736695,DL_FR,neutral,surprise,6,5,8.33,0,11,1,90.91,100.0,0.0,0.0,,,,-1.0,-1.0,0,0,0
737463,737464,UL_LU,neutral,disgust,6,2,16.67,0,11,1,81.82,100.0,9.09,100.0,,,,-1.0,-1.0,0,0,0
737537,737538,UL_LU,disgust,neutral,2,6,83.33,0,11,1,9.09,100.0,81.82,100.0,,,,-1.0,-1.0,0,0,0
737564,737565,DR_FR,neutral,sadness,6,4,8.33,4,11,1,81.82,100.0,36.36,75.0,36.36,100.0,75.0,-1.0,0.51801,4,3,3_plus
737759,737760,UL_LU,neutral,disgust,6,2,8.33,0,11,1,81.82,100.0,9.09,100.0,,,,-1.0,-1.0,0,0,0
737767,737768,UL_LU,disgust,neutral,2,6,75.0,0,11,1,9.09,100.0,81.82,100.0,,,,-1.0,-1.0,0,0,0
737957,737958,DL_FR,sadness,neutral,4,6,83.33,2,11,1,27.27,100.0,81.82,100.0,18.18,100.0,100.0,0.30556,-1.0,2,2,2
738120,738121,UR_LU,neutral,sadness,6,4,16.67,3,11,1,90.91,100.0,36.36,100.0,27.27,100.0,100.0,-1.0,0.43468,3,3,3_plus
738246,738247,UR_LU,sadness,neutral,4,6,83.33,2,11,1,27.27,100.0,90.91,100.0,18.18,100.0,100.0,0.32039,-1.0,2,2,2
738362,738363,DR_FR,sadness,neutral,4,6,91.67,2,11,1,18.18,100.0,100.0,100.0,18.18,100.0,100.0,0.36714,-1.0,2,2,2
738952,738953,DR_FR,neutral,sadness,6,4,8.33,1,11,1,100.0,100.0,9.09,100.0,9.09,100.0,100.0,-1.0,0.25175,1,1,1
739211,739212,UR_LU,neutral,surprise,6,5,8.33,2,11,1,90.91,100.0,18.18,100.0,18.18,100.0,100.0,-1.0,0.06232,2,2,2
739234,739235,UL_LU,neutral,surprise,6,5,16.67,2,11,1,90.91,100.0,18.18,100.0,18.18,100.0,100.0,0.05009,0.0415,2,2,2
739302,739303,UR_LU,surprise,neutral,5,6,75.0,2,11,1,18.18,100.0,90.91,100.0,18.18,100.0,100.0,0.13493,0.12015,2,2,2
739524,739525,UR_LU,neutral,sadness,6,4,16.67,2,11,1,90.91,90.0,27.27,100.0,18.18,100.0,100.0,-1.0,0.13141,2,2,2
739529,739530,DL_FR,neutral,sadness,6,4,25.0,2,11,1,90.91,90.0,27.27,100.0,18.18,100.0,100.0,0.00969,0.25175,2,2,2
739743,739744,UR_FR,neutral,surprise,6,5,25.0,2,11,1,90.91,90.0,18.18,100.0,18.18,50.0,100.0,0.12166,-1.0,2,2,2
739760,739761,UR_LU,surprise,neutral,5,6,58.33,2,11,1,18.18,100.0,90.91,100.0,18.18,100.0,100.0,-1.0,0.04027,2,2,2
739774,739775,UL_LU,surprise,neutral,5,6,66.67,2,11,1,18.18,100.0,90.91,100.0,18.18,100.0,100.0,0.09438,0.0111,2,2,2
739783,739784,DR_FR,sadness,neutral,4,6,75.0,2,11,1,27.27,100.0,90.91,100.0,18.18,100.0,100.0,0.17703,-1.0,2,2,2
739790,739791,UR_FR,surprise,neutral,5,6,83.33,2,11,1,18.18,50.0,90.91,100.0,18.18,50.0,100.0,0.11343,-1.0,2,2,2
739832,739833,UR_LU,neutral,sadness,6,4,16.67,3,11,1,90.91,100.0,36.36,100.0,27.27,100.0,100.0,-1.0,0.17558,3,3,3_plus
740083,740084,DR_FR,neutral,sadness,6,4,25.0,3,11,1,90.91,100.0,36.36,100.0,27.27,100.0,100.0,0.16999,0.20734,3,3,3_plus
740099,740100,DR_FR,sadness,neutral,4,6,75.0,3,11,1,36.36,100.0,90.91,100.0,27.27,100.0,100.0,0.22675,0.16961,3,3,3_plus
740200,740201,UR_LU,sadness,neutral,4,6,83.33,3,11,1,36.36,100.0,90.91,100.0,27.27,100.0,100.0,0.24622,-1.0,3,3,3_plus
740446,740447,DR_FR,neutral,sadness,6,4,16.67,3,11,1,90.91,100.0,36.36,100.0,27.27,100.0,100.0,-1.0,0.31084,3,3,3_plus
740537,740538,UL_LU,neutral,sadness,6,4,25.0,3,11,1,90.91,100.0,36.36,100.0,27.27,100.0,100.0,0.26243,0.16604,3,3,3_plus
740567,740568,UR_LU,neutral,sadness,6,4,33.33,3,11,1,90.91,100.0,36.36,100.0,27.27,100.0,100.0,0.21319,0.25175,3,3,3_plus
740642,740643,UR_LU,sadness,neutral,4,6,66.67,3,11,1,45.45,100.0,81.82,100.0,27.27,100.0,100.0,0.25175,0.26697,3,3,3_plus
740663,740664,UL_LU,sadness,neutral,4,6,75.0,2,11,1,45.45,100.0,72.73,100.0,18.18,100.0,100.0,0.13556,-1.0,2,2,2
740668,740669,UL_LU,neutral,sadness,6,4,33.33,2,11,1,72.73,100.0,45.45,100.0,18.18,100.0,100.0,-1.0,0.13294,2,2,2
740678,740679,UL_LU,sadness,neutral,4,6,75.0,2,11,1,45.45,100.0,72.73,100.0,18.18,100.0,100.0,0.1454,-1.0,2,2,2
740723,740724,UL_LU,neutral,sadness,6,4,33.33,2,11,1,72.73,100.0,45.45,100.0,18.18,100.0,100.0,-1.0,0.21124,2,2,2
741387,741388,UR_LU,neutral,sadness,6,4,41.67,2,11,1,72.73,100.0,45.45,100.0,18.18,100.0,100.0,0.41336,0.25175,2,2,2
742684,742685,UR_LU,sadness,neutral,4,6,66.67,2,11,1,45.45,100.0,72.73,100.0,18.18,100.0,100.0,0.25175,0.66043,2,2,2
742919,742920,UL_LU,sadness,neutral,4,6,75.0,1,11,1,27.27,100.0,72.73,100.0,9.09,100.0,100.0,0.25175,-1.0,1,1,1
743697,743698,UL_LU,neutral,sadness,6,4,25.0,1,11,1,72.73,100.0,27.27,100.0,9.09,100.0,100.0,-1.0,0.25175,1,1,1
744000,744001,UL_LU,sadness,neutral,4,6,75.0,3,11,1,36.36,100.0,81.82,100.0,27.27,100.0,100.0,0.36568,0.77418,3,3,3_plus
744976,744977,DL_FR,sadness,neutral,4,6,83.33,2,11,1,18.18,100.0,90.91,100.0,18.18,100.0,100.0,0.25175,0.75654,2,2,2
745156,745157,UL_LU,neutral,sadness,6,4,16.67,3,11,1,81.82,100.0,36.36,100.0,27.27,100.0,100.0,-1.0,0.27568,3,3,3_plus
745192,745193,UR_LU,neutral,sadness,6,4,25.0,2,11,1,81.82,100.0,27.27,100.0,18.18,100.0,100.0,0.2161,0.25175,2,2,2
745296,745297,UR_LU,sadness,neutral,4,6,75.0,2,11,1,36.36,100.0,72.73,100.0,18.18,100.0,100.0,0.51309,-1.0,2,2,2
745481,745482,UL_LU,sadness,neutral,4,6,83.33,1,11,1,18.18,100.0,81.82,100.0,9.09,100.0,100.0,0.25175,-1.0,1,1,1
746569,746570,UL_LU,neutral,sadness,6,4,16.67,2,11,1,81.82,100.0,27.27,100.0,18.18,100.0,100.0,-1.0,0.47609,2,2,2
746650,746651,UR_LU,neutral,sadness,6,4,25.0,2,11,1,72.73,100.0,36.36,100.0,18.18,100.0,100.0,-1.0,0.44446,2,2,2
746716,746717,UR_LU,sadness,neutral,4,6,75.0,2,11,1,36.36,100.0,72.73,100.0,18.18,100.0,100.0,0.45145,-1.0,2,2,2
747011,747012,UL_LU,neutral,sadness,6,4,16.67,1,11,1,81.82,100.0,18.18,100.0,9.09,100.0,100.0,-1.0,0.25175,1,1,1
747235,747236,DL_FR,neutral,surprise,6,5,8.33,0,11,1,72.73,100.0,0.0,0.0,,,,-1.0,-1.0,0,0,0
747286,747287,UR_LU,neutral,sadness,6,4,33.33,1,11,1,72.73,100.0,36.36,100.0,9.09,100.0,100.0,-1.0,0.25175,1,1,1
747465,747466,UR_LU,sadness,neutral,4,6,66.67,1,11,1,36.36,100.0,72.73,100.0,9.09,100.0,100.0,0.25175,-1.0,1,1,1
747971,747972,DL_FR,surprise,neutral,5,6,75.0,0,11,1,0.0,0.0,72.73,100.0,,,,-1.0,-1.0,0,0,0
749140,749141,UL_LU,neutral,sadness,6,4,16.67,1,11,1,81.82,100.0,18.18,100.0,9.09,100.0,100.0,-1.0,0.25175,1,1,1
749249,749250,UR_LU,neutral,sadness,6,4,25.0,1,11,1,72.73,100.0,27.27,100.0,9.09,100.0,100.0,-1.0,0.25175,1,1,1
749298,749299,UR_LU,sadness,neutral,4,6,75.0,1,11,1,27.27,100.0,72.73,100.0,9.09,100.0,100.0,0.25175,-1.0,1,1,1
749626,749627,DL_FR,neutral,surprise,6,5,16.67,0,11,1,72.73,100.0,9.09,100.0,,,,-1.0,-1.0,0,0,0
750053,750054,DL_FR,surprise,neutral,5,6,75.0,0,11,1,9.09,100.0,72.73,100.0,,,,-1.0,-1.0,0,0,0
751045,751046,DL_XP,neutral,anger,6,1,8.33,0,11,1,90.91,100.0,0.0,0.0,,,,-1.0,-1.0,0,0,0
751898,751899,DL_FR,neutral,surprise,6,5,16.67,0,11,1,72.73,100.0,9.09,100.0,,,,-1.0,-1.0,0,0,0
752045,752046,UR_XP,neutral,sadness,6,4,16.67,4,11,1,72.73,100.0,45.45,100.0,36.36,100.0,100.0,-1.0,0.41624,4,3,3_plus
752326,752327,UR_XP,sadness,neutral,4,6,66.67,3,11,1,36.36,100.0,72.73,100.0,27.27,100.0,100.0,0.36736,-1.0,3,3,3_plus
752752,752753,UL_LU,neutral,sadness,6,4,16.67,2,11,1,72.73,100.0,27.27,100.0,18.18,100.0,100.0,-1.0,0.16681,2,2,2
752767,752768,DL_FR,surprise,neutral,5,6,66.67,0,11,1,9.09,100.0,81.82,100.0,,,,-1.0,-1.0,0,0,0
753188,753189,UR_LU,neutral,sadness,6,4,25.0,1,11,1,63.64,100.0,27.27,100.0,9.09,100.0,100.0,-1.0,0.25175,1,1,1
753269,753270,UR_LU,sadness,neutral,4,6,66.67,1,11,1,27.27,100.0,63.64,100.0,9.09,100.0,100.0,0.25175,-1.0,1,1,1
753525,753526,UR_LU,neutral,sadness,6,4,25.0,3,11,1,81.82,100.0,27.27,100.0,27.27,100.0,100.0,0.45962,0.25175,3,3,3_plus
753782,753783,UR_LU,sadness,neutral,4,6,66.67,3,11,1,36.36,100.0,72.73,100.0,27.27,100.0,100.0,0.15509,0.64724,3,3,3_plus
753797,753798,DL_FR,neutral,sadness,6,4,25.0,2,11,1,72.73,100.0,27.27,100.0,18.18,100.0,100.0,0.65593,0.25175,2,2,2
754134,754135,UL_LU,neutral,sadness,6,4,25.0,1,11,1,63.64,100.0,27.27,100.0,9.09,100.0,100.0,-1.0,0.25175,1,1,1
754303,754304,UR_LU,neutral,sadness,6,4,33.33,1,11,1,54.55,100.0,36.36,100.0,9.09,100.0,100.0,-1.0,0.25175,1,1,1
754402,754403,UR_LU,sadness,neutral,4,6,58.33,1,11,1,36.36,100.0,54.55,100.0,9.09,100.0,100.0,0.25175,-1.0,1,1,1
754456,754457,UL_LU,sadness,neutral,4,6,66.67,1,11,1,27.27,100.0,63.64,100.0,9.09,100.0,100.0,0.25175,-1.0,1,1,1
756224,756225,DL_FR,sadness,neutral,4,6,75.0,1,11,1,18.18,100.0,72.73,100.0,9.09,100.0,100.0,0.25175,-1.0,1,1,1
757823,757824,DL_FR,neutral,sadness,6,4,16.67,2,11,1,90.91,100.0,18.18,100.0,18.18,100.0,100.0,0.63479,0.25175,2,2,2
758400,758401,DL_FR,sadness,neutral,4,6,75.0,5,11,1,54.55,100.0,81.82,100.0,45.45,100.0,100.0,0.45447,-1.0,5,3,3_plus
758497,758498,UR_XP,neutral,sadness,6,4,16.67,5,11,1,81.82,100.0,54.55,100.0,45.45,100.0,100.0,-1.0,0.34033,5,3,3_plus
758708,758709,UR_XP,sadness,neutral,4,6,75.0,3,11,1,36.36,100.0,81.82,100.0,27.27,100.0,100.0,0.10182,-1.0,3,3,3_plus
758720,758721,UL_LU,neutral,sadness,6,4,16.67,3,11,1,81.82,100.0,36.36,100.0,27.27,100.0,100.0,-1.0,0.09351,3,3,3_plus
758730,758731,UR_LU,neutral,sadness,6,4,25.0,3,11,1,81.82,100.0,36.36,100.0,27.27,100.0,100.0,0.01159,0.13505,3,3,3_plus
759637,759638,UL_LU,sadness,neutral,4,6,66.67,4,11,1,45.45,100.0,81.82,100.0,36.36,100.0,100.0,0.29171,0.10685,4,3,3_plus
759647,759648,UR_XP,neutral,sadness,6,4,25.0,4,11,1,81.82,100.0,45.45,100.0,36.36,100.0,100.0,0.07034,0.30432,4,3,3_plus
759666,759667,UR_LU,sadness,neutral,4,6,66.67,3,11,1,36.36,100.0,81.82,100.0,27.27,100.0,100.0,0.18257,0.02901,3,3,3_plus
759835,759836,UL_LU,neutral,sadness,6,4,25.0,4,11,1,81.82,100.0,45.45,100.0,36.36,100.0,100.0,0.05075,0.30022,4,3,3_plus
759843,759844,UR_LU,neutral,sadness,6,4,33.33,4,11,1,81.82,100.0,45.45,100.0,36.36,100.0,100.0,0.03073,0.44113,4,3,3_plus
759902,759903,UR_XP,sadness,neutral,4,6,58.33,4,11,1,45.45,100.0,81.82,100.0,36.36,100.0,100.0,0.43337,0.07827,4,3,3_plus
760078,760079,UR_XP,neutral,sadness,6,4,33.33,4,11,1,81.82,100.0,45.45,100.0,36.36,100.0,100.0,0.15946,0.41952,4,3,3_plus
760267,760268,UR_XP,sadness,neutral,4,6,58.33,4,11,1,45.45,100.0,81.82,100.0,36.36,100.0,100.0,0.45517,0.23352,4,3,3_plus
760485,760486,DL_FR,neutral,surprise,6,5,16.67,0,11,1,81.82,100.0,9.09,100.0,,,,-1.0,-1.0,0,0,0
760857,760858,DL_FR,surprise,neutral,5,6,58.33,1,11,1,18.18,50.0,90.91,100.0,9.09,0.0,100.0,0.32569,0.29588,1,1,1
760995,760996,UR_LU,sadness,neutral,4,6,66.67,4,11,1,36.36,100.0,90.91,90.0,36.36,100.0,75.0,0.15174,0.18556,4,3,3_plus
761079,761080,UR_LU,neutral,sadness,6,4,25.0,4,11,1,90.91,90.0,36.36,100.0,36.36,75.0,100.0,0.21209,0.12758,4,3,3_plus
761428,761429,UL_XP,neutral,happiness,6,3,8.33,0,11,1,81.82,100.0,0.0,0.0,,,,-1.0,-1.0,0,0,0
761434,761435,UL_XP,happiness,neutral,3,6,58.33,0,11,1,0.0,0.0,81.82,100.0,,,,-1.0,-1.0,0,0,0
762126,762127,UL_LU,sadness,neutral,4,6,66.67,3,11,1,36.36,100.0,81.82,100.0,27.27,100.0,100.0,0.14883,0.03071,3,3,3_plus
762132,762133,UR_LU,sadness,neutral,4,6,75.0,3,11,1,36.36,100.0,81.82,100.0,27.27,100.0,100.0,0.10266,-1.0,3,3,3_plus
762153,762154,UL_XP,neutral,happiness,6,3,8.33,0,11,1,81.82,100.0,0.0,0.0,,,,-1.0,-1.0,0,0,0
762416,762417,UL_XP,happiness,neutral,3,6,75.0,0,11,1,0.0,0.0,81.82,100.0,,,,-1.0,-1.0,0,0,0
762485,762486,UR_LU,neutral,sadness,6,4,16.67,3,11,1,81.82,100.0,36.36,100.0,27.27,100.0,100.0,-1.0,0.10171,3,3,3_plus
762516,762517,UR_XP,neutral,sadness,6,4,25.0,3,11,1,81.82,100.0,36.36,100.0,27.27,100.0,100.0,0.01828,0.13804,3,3,3_plus
762604,762605,UR_LU,sadness,neutral,4,6,66.67,3,11,1,36.36,100.0,81.82,100.0,27.27,100.0,100.0,0.31656,0.10685,3,3,3_plus
762678,762679,UR_LU,neutral,sadness,6,4,25.0,2,11,1,81.82,100.0,27.27,100.0,18.18,100.0,100.0,0.08772,0.08903,2,2,2
762698,762699,UL_XP,neutral,happiness,6,3,8.33,0,11,1,81.82,100.0,0.0,0.0,,,,-1.0,-1.0,0,0,0
762744,762745,UL_LU,neutral,sadness,6,4,33.33,2,11,1,81.82,100.0,27.27,100.0,18.18,100.0,100.0,0.04488,-1.0,2,2,2
762749,762750,UR_XP,sadness,neutral,4,6,50.0,2,11,1,27.27,100.0,81.82,100.0,18.18,100.0,100.0,-1.0,0.04942,2,2,2
762752,762753,DL_XP,anger,neutral,1,6,58.33,0,11,1,0.0,0.0,81.82,100.0,,,,-1.0,-1.0,0,0,0
762892,762893,UL_XP,happiness,neutral,3,6,66.67,0,11,1,0.0,0.0,81.82,100.0,,,,-1.0,-1.0,0,0,0
763088,763089,UL_XP,neutral,happiness,6,3,8.33,0,11,1,81.82,100.0,9.09,100.0,,,,-1.0,-1.0,0,0,0
763132,763133,UL_XP,happiness,neutral,3,6,66.67,0,11,1,9.09,100.0,81.82,100.0,,,,-1.0,-1.0,0,0,0
763189,763190,UL_LU,sadness,neutral,4,6,75.0,2,11,1,27.27,100.0,81.82,100.0,18.18,100.0,100.0,0.1641,0.05505,2,2,2
763341,763342,UL_LU,neutral,sadness,6,4,16.67,2,11,1,81.82,100.0,27.27,100.0,18.18,100.0,100.0,0.08796,0.07174,2,2,2
763377,763378,UL_LU,sadness,neutral,4,6,75.0,2,11,1,27.27,100.0,81.82,100.0,18.18,100.0,100.0,0.03835,0.0895,2,2,2
763407,763408,UR_XP,neutral,sadness,6,4,16.67,2,11,1,81.82,100.0,27.27,100.0,18.18,100.0,100.0,0.02722,0.06462,2,2,2
763415,763416,UR_LU,sadness,neutral,4,6,75.0,2,11,1,27.27,100.0,81.82,100.0,18.18,100.0,100.0,0.08857,0.01528,2,2,2
763655,763656,UR_LU,neutral,sadness,6,4,16.67,2,11,1,81.82,100.0,27.27,100.0,18.18,100.0,100.0,0.36084,0.01358,2,2,2
763659,763660,UL_LU,neutral,sadness,6,4,25.0,2,11,1,81.82,100.0,27.27,100.0,18.18,100.0,100.0,0.18391,-1.0,2,2,2
763793,763794,DR_FR,happiness,neutral,3,6,66.67,1,11,1,9.09,100.0,90.91,100.0,9.09,100.0,100.0,0.34151,-1.0,1,1,1
763899,763900,UR_LU,sadness,neutral,4,6,75.0,2,11,1,18.18,100.0,90.91,100.0,18.18,100.0,100.0,-1.0,0.2959,2,2,2
763931,763932,UL_LU,sadness,neutral,4,6,83.33,2,11,1,18.18,100.0,90.91,100.0,18.18,100.0,100.0,0.10671,0.48543,2,2,2
764048,764049,UL_LU,neutral,sadness,6,4,16.67,2,11,1,90.91,100.0,18.18,100.0,18.18,100.0,100.0,0.38819,0.00632,2,2,2
764050,764051,UR_LU,neutral,sadness,6,4,25.0,2,11,1,90.91,100.0,18.18,100.0,18.18,100.0,100.0,0.1955,-1.0,2,2,2
764113,764114,DL_XP,neutral,anger,6,1,8.33,0,11,1,90.91,100.0,0.0,0.0,,,,-1.0,-1.0,0,0,0
764189,764190,DL_XP,anger,neutral,1,6,66.67,0,11,1,0.0,0.0,90.91,100.0,,,,-1.0,-1.0,0,0,0
764329,764330,UR_XP,sadness,neutral,4,6,75.0,3,11,1,27.27,100.0,90.91,100.0,27.27,100.0,100.0,0.47676,0.12679,3,3,3_plus
764375,764376,UL_LU,sadness,neutral,4,6,83.33,3,11,1,27.27,100.0,90.91,100.0,27.27,100.0,100.0,0.26234,0.09445,3,3,3_plus
764488,764489,UL_LU,neutral,sadness,6,4,16.67,2,11,1,90.91,100.0,18.18,100.0,18.18,100.0,100.0,0.10956,0.08623,2,2,2
765400,765401,UL_XP,neutral,happiness,6,3,8.33,0,11,1,90.91,100.0,0.0,0.0,,,,-1.0,-1.0,0,0,0
765595,765596,UL_XP,happiness,neutral,3,6,75.0,0,11,1,0.0,0.0,90.91,100.0,,,,-1.0,-1.0,0,0,0
765826,765827,UL_LU,sadness,neutral,4,6,83.33,2,11,1,18.18,100.0,90.91,100.0,18.18,100.0,100.0,0.02009,0.12,2,2,2
765857,765858,UR_XP,neutral,sadness,6,4,16.67,2,11,1,90.91,100.0,18.18,100.0,18.18,100.0,100.0,0.11595,0.04185,2,2,2
765980,765981,UL_LU,neutral,sadness,6,4,25.0,2,11,1,90.91,100.0,18.18,100.0,18.18,100.0,100.0,0.1282,-1.0,2,2,2
766006,766007,UL_LU,sadness,neutral,4,6,75.0,2,11,1,18.18,100.0,90.91,100.0,18.18,100.0,100.0,-1.0,0.1151,2,2,2
766036,766037,UR_LU,sadness,neutral,4,6,83.33,2,11,1,18.18,100.0,90.91,100.0,18.18,100.0,100.0,0.04958,0.09268,2,2,2
766056,766057,UL_XP,neutral,happiness,6,3,8.33,0,11,1,90.91,100.0,0.0,0.0,,,,-1.0,-1.0,0,0,0
766074,766075,UL_XP,happiness,neutral,3,6,83.33,0,11,1,0.0,0.0,90.91,100.0,,,,-1.0,-1.0,0,0,0
766197,766198,UR_LU,neutral,sadness,6,4,16.67,2,11,1,90.91,100.0,18.18,100.0,18.18,100.0,100.0,0.19271,0.12213,2,2,2
766236,766237,UL_LU,neutral,sadness,6,4,25.0,2,11,1,90.91,100.0,18.18,100.0,18.18,100.0,100.0,0.13788,-1.0,2,2,2
766378,766379,UR_XP,sadness,neutral,4,6,75.0,2,11,1,18.18,100.0,90.91,100.0,18.18,100.0,100.0,-1.0,0.18463,2,2,2
766465,766466,UR_XP,neutral,sadness,6,4,25.0,2,11,1,90.91,100.0,18.18,100.0,18.18,100.0,100.0,0.19279,-1.0,2,2,2
766572,766573,UR_XP,sadness,neutral,4,6,75.0,2,11,1,18.18,100.0,90.91,100.0,18.18,100.0,100.0,-1.0,0.18533,2,2,2
767208,767209,UR_XP,neutral,sadness,6,4,25.0,3,11,1,90.91,100.0,27.27,100.0,27.27,100.0,100.0,0.2416,0.57803,3,3,3_plus
767300,767301,UR_XP,sadness,neutral,4,6,75.0,3,11,1,27.27,100.0,90.91,100.0,27.27,100.0,100.0,0.48951,0.13722,3,3,3_plus
767452,767453,UL_LU,sadness,neutral,4,6,83.33,2,11,1,18.18,100.0,90.91,100.0,18.18,100.0,100.0,0.01278,0.24051,2,2,2
767507,767508,UL_LU,neutral,sadness,6,4,16.67,2,11,1,90.91,100.0,18.18,100.0,18.18,100.0,100.0,0.25896,0.01307,2,2,2
767978,767979,DL_LU,surprise,neutral,5,6,83.33,1,11,1,9.09,100.0,100.0,100.0,9.09,100.0,100.0,0.55525,-1.0,1,1,1
767984,767985,UR_XP,neutral,sadness,6,4,25.0,2,11,1,100.0,100.0,18.18,100.0,18.18,100.0,100.0,0.22056,-1.0,2,2,2
768043,768044,UL_LU,sadness,neutral,4,6,83.33,2,11,1,18.18,100.0,100.0,100.0,18.18,100.0,100.0,-1.0,0.10255,2,2,2
768092,768093,UL_LU,neutral,sadness,6,4,25.0,2,11,1,100.0,100.0,18.18,100.0,18.18,100.0,100.0,0.07793,-1.0,2,2,2
768142,768143,UR_LU,sadness,neutral,4,6,83.33,2,11,1,18.18,100.0,100.0,100.0,18.18,100.0,100.0,-1.0,0.08297,2,2,2
768158,768159,UR_LU,neutral,sadness,6,4,25.0,2,11,1,100.0,100.0,18.18,100.0,18.18,100.0,100.0,0.10072,-1.0,2,2,2
768286,768287,UR_XP,sadness,neutral,4,6,83.33,2,11,1,18.18,100.0,100.0,100.0,18.18,100.0,100.0,-1.0,0.1421,2,2,2
768339,768340,UL_LU,sadness,neutral,4,6,91.67,2,11,1,18.18,100.0,100.0,100.0,18.18,100.0,100.0,0.04134,0.15247,2,2,2
768466,768467,UL_LU,neutral,sadness,6,4,16.67,2,11,1,100.0,100.0,18.18,100.0,18.18,100.0,100.0,0.18816,0.03137,2,2,2
769138,769139,UR_XP,neutral,sadness,6,4,25.0,2,11,1,100.0,100.0,18.18,100.0,18.18,100.0,100.0,0.19043,-1.0,2,2,2
769329,769330,UR_XP,sadness,neutral,4,6,83.33,2,11,1,18.18,100.0,100.0,100.0,18.18,100.0,100.0,-1.0,0.19449,2,2,2
769628,769629,UL_XP,neutral,happiness,6,3,8.33,0,11,1,100.0,100.0,0.0,0.0,,,,-1.0,-1.0,0,0,0
769636,769637,UR_XP,neutral,sadness,6,4,25.0,2,11,1,100.0,100.0,18.18,100.0,18.18,100.0,100.0,0.15971,-1.0,2,2,2
769688,769689,UR_XP,sadness,neutral,4,6,75.0,2,11,1,18.18,100.0,100.0,100.0,18.18,100.0,100.0,-1.0,0.16486,2,2,2
769710,769711,UL_XP,happiness,neutral,3,6,83.33,0,11,1,0.0,0.0,100.0,100.0,,,,-1.0,-1.0,0,0,0
769817,769818,UR_XP,neutral,sadness,6,4,25.0,2,11,1,100.0,100.0,18.18,100.0,18.18,100.0,100.0,0.18179,-1.0,2,2,2
770283,770284,UR_XP,sadness,neutral,4,6,83.33,3,11,1,27.27,66.67,100.0,100.0,27.27,66.67,100.0,0.57649,0.2544,3,3,3_plus
770473,770474,UL_XP,neutral,happiness,6,3,8.33,0,11,1,100.0,100.0,0.0,0.0,,,,-1.0,-1.0,0,0,0
770492,770493,UR_XP,neutral,sadness,6,4,25.0,3,11,1,100.0,100.0,27.27,66.67,27.27,100.0,66.67,0.24704,0.57649,3,3,3_plus
770514,770515,UL_XP,happiness,neutral,3,6,75.0,0,11,1,0.0,0.0,100.0,100.0,,,,-1.0,-1.0,0,0,0
770659,770660,UR_XP,sadness,neutral,4,6,83.33,3,11,1,27.27,66.67,100.0,100.0,27.27,66.67,100.0,0.57649,0.25779,3,3,3_plus
770806,770807,UL_XP,neutral,happiness,6,3,8.33,0,11,1,100.0,100.0,0.0,0.0,,,,-1.0,-1.0,0,0,0
770942,770943,UL_XP,happiness,neutral,3,6,83.33,0,11,1,0.0,0.0,100.0,100.0,,,,-1.0,-1.0,0,0,0
771007,771008,UR_XP,neutral,sadness,6,4,25.0,3,11,1,100.0,100.0,27.27,66.67,27.27,100.0,66.67,0.28005,0.57649,3,3,3_plus
771096,771097,UL_XP,neutral,happiness,6,3,8.33,0,11,1,100.0,100.0,0.0,0.0,,,,-1.0,-1.0,0,0,0
771200,771201,UR_XP,sadness,neutral,4,6,75.0,3,11,1,27.27,66.67,100.0,100.0,27.27,66.67,100.0,0.57649,0.28393,3,3,3_plus
771234,771235,UL_XP,happiness,neutral,3,6,83.33,0,11,1,0.0,0.0,100.0,100.0,,,,-1.0,-1.0,0,0,0
771298,771299,UL_XP,neutral,happiness,6,3,8.33,0,11,1,100.0,100.0,0.0,0.0,,,,-1.0,-1.0,0,0,0
771451,771452,UL_XP,happiness,neutral,3,6,83.33,0,11,1,0.0,0.0,100.0,100.0,,,,-1.0,-1.0,0,0,0
771554,771555,UR_XP,neutral,sadness,6,4,25.0,3,11,1,100.0,100.0,27.27,66.67,27.27,100.0,66.67,0.28016,0.57649,3,3,3_plus
771941,771942,UR_XP,sadness,neutral,4,6,83.33,4,11,1,36.36,75.0,100.0,100.0,36.36,75.0,100.0,0.39597,0.32319,4,3,3_plus
772526,772527,UL_XP,neutral,happiness,6,3,8.33,0,11,1,100.0,100.0,0.0,0.0,,,,-1.0,-1.0,0,0,0
772673,772674,DL_FR,neutral,sadness,6,4,25.0,4,11,1,100.0,100.0,36.36,75.0,36.36,100.0,75.0,0.19201,0.31299,4,3,3_plus
772827,772828,UR_XP,neutral,sadness,6,4,33.33,4,11,1,100.0,100.0,36.36,75.0,36.36,100.0,75.0,0.17918,0.57649,4,3,3_plus
773094,773095,UR_XP,sadness,neutral,4,6,66.67,5,11,1,45.45,60.0,100.0,100.0,45.45,60.0,100.0,0.40621,0.20666,5,3,3_plus
773232,773233,UL_XP,happiness,neutral,3,6,75.0,0,11,1,0.0,0.0,100.0,100.0,,,,-1.0,-1.0,0,0,0
774046,774047,UR_XP,neutral,sadness,6,4,33.33,4,11,1,100.0,100.0,36.36,75.0,36.36,100.0,75.0,0.23362,0.57649,4,3,3_plus
774172,774173,UL_LU,sadness,neutral,4,6,75.0,4,11,1,36.36,75.0,100.0,100.0,36.36,75.0,100.0,0.57649,0.08971,4,3,3_plus
774185,774186,UR_LU,sadness,neutral,4,6,83.33,4,11,1,36.36,75.0,100.0,100.0,36.36,75.0,100.0,0.31286,0.09362,4,3,3_plus
774274,774275,DL_FR,sadness,neutral,4,6,91.67,4,11,1,36.36,75.0,100.0,100.0,36.36,75.0,100.0,0.35797,0.21912,4,3,3_plus
774332,774333,UL_LU,neutral,sadness,6,4,16.67,4,11,1,100.0,100.0,36.36,75.0,36.36,100.0,75.0,0.19646,0.27904,4,3,3_plus
774376,774377,UR_LU,neutral,sadness,6,4,25.0,4,11,1,100.0,100.0,36.36,75.0,36.36,100.0,75.0,0.15653,0.34547,4,3,3_plus
774384,774385,UR_LU,sadness,neutral,4,6,83.33,4,11,1,36.36,75.0,100.0,100.0,36.36,75.0,100.0,0.35134,0.15728,4,3,3_plus
774499,774500,UR_XP,sadness,neutral,4,6,91.67,4,11,1,36.36,75.0,100.0,100.0,36.36,75.0,100.0,0.35529,0.28113,4,3,3_plus
774538,774539,UL_XP,neutral,happiness,6,3,8.33,0,11,1,100.0,100.0,0.0,0.0,,,,-1.0,-1.0,0,0,0
774617,774618,UR_LU,neutral,sadness,6,4,16.67,3,11,1,100.0,100.0,27.27,66.67,27.27,100.0,66.67,0.27852,0.30028,3,3,3_plus
774646,774647,UR_LU,sadness,neutral,4,6,83.33,3,11,1,27.27,66.67,100.0,100.0,27.27,66.67,100.0,0.29974,0.27378,3,3,3_plus
774688,774689,UL_XP,happiness,neutral,3,6,91.67,0,11,1,0.0,0.0,100.0,100.0,,,,-1.0,-1.0,0,0,0
775072,775073,UR_XP,neutral,sadness,6,4,16.67,4,11,1,100.0,100.0,36.36,75.0,36.36,100.0,75.0,0.23395,0.24231,4,3,3_plus
775154,775155,UL_XP,neutral,happiness,6,3,8.33,0,11,1,100.0,100.0,0.0,0.0,,,,-1.0,-1.0,0,0,0
775273,775274,UR_LU,neutral,sadness,6,4,25.0,3,11,1,100.0,100.0,27.27,100.0,27.27,100.0,100.0,0.16888,0.11953,3,3,3_plus
775390,775391,UR_LU,sadness,neutral,4,6,75.0,3,11,1,27.27,100.0,100.0,100.0,27.27,100.0,100.0,0.11953,0.16439,3,3,3_plus
775551,775552,UR_XP,sadness,neutral,4,6,83.33,3,11,1,27.27,100.0,100.0,100.0,27.27,100.0,100.0,0.06837,0.19607,3,3,3_plus
775555,775556,UR_LU,neutral,sadness,6,4,16.67,3,11,1,100.0,100.0,27.27,100.0,27.27,100.0,100.0,0.19649,0.06112,3,3,3_plus
775751,775752,UR_LU,sadness,neutral,4,6,83.33,3,11,1,27.27,100.0,100.0,100.0,27.27,100.0,100.0,0.04574,0.24316,3,3,3_plus
775785,775786,DL_XP,neutral,sadness,6,4,16.67,4,11,1,100.0,100.0,36.36,75.0,36.36,100.0,75.0,0.19049,0.14471,4,3,3_plus
775854,775855,UL_XP,happiness,neutral,3,6,83.33,0,11,1,0.0,0.0,100.0,100.0,,,,-1.0,-1.0,0,0,0
775880,775881,UL_XP,neutral,happiness,6,3,8.33,0,11,1,100.0,100.0,0.0,0.0,,,,-1.0,-1.0,0,0,0
775922,775923,UR_LU,neutral,sadness,6,4,25.0,4,11,1,100.0,100.0,36.36,75.0,36.36,100.0,75.0,0.12436,0.16624,4,3,3_plus
775990,775991,UR_LU,sadness,neutral,4,6,75.0,3,11,1,27.27,100.0,100.0,100.0,27.27,100.0,100.0,0.02961,0.18074,3,3,3_plus
776010,776011,UR_LU,neutral,sadness,6,4,25.0,3,11,1,100.0,100.0,27.27,100.0,27.27,100.0,100.0,0.18613,0.02258,3,3,3_plus
776013,776014,UR_LU,sadness,neutral,4,6,75.0,3,11,1,27.27,100.0,100.0,100.0,27.27,100.0,100.0,0.02199,0.18755,3,3,3_plus
776118,776119,UL_XP,happiness,neutral,3,6,83.33,0,11,1,0.0,0.0,100.0,100.0,,,,-1.0,-1.0,0,0,0
776264,776265,UR_LU,neutral,sadness,6,4,25.0,3,11,1,100.0,100.0,27.27,100.0,27.27,100.0,100.0,0.10712,0.01096,3,3,3_plus
776271,776272,UR_XP,neutral,sadness,6,4,33.33,3,11,1,100.0,100.0,27.27,100.0,27.27,100.0,100.0,0.0658,-1.0,3,3,3_plus
776288,776289,UL_LU,sadness,neutral,4,6,75.0,3,11,1,27.27,100.0,100.0,100.0,27.27,100.0,100.0,-1.0,0.03656,3,3,3_plus
776289,776290,UR_LU,sadness,neutral,4,6,83.33,3,11,1,27.27,100.0,100.0,100.0,27.27,100.0,100.0,0.00502,0.05556,3,3,3_plus
776293,776294,UL_XP,neutral,happiness,6,3,8.33,0,11,1,100.0,100.0,0.0,0.0,,,,-1.0,-1.0,0,0,0
776354,776355,UL_XP,happiness,neutral,3,6,83.33,0,11,1,0.0,0.0,100.0,100.0,,,,-1.0,-1.0,0,0,0
776460,776461,UL_LU,neutral,sadness,6,4,25.0,3,11,1,100.0,100.0,27.27,100.0,27.27,100.0,100.0,0.08993,0.0256,3,3,3_plus
776478,776479,UR_LU,neutral,sadness,6,4,33.33,3,11,1,100.0,100.0,27.27,100.0,27.27,100.0,100.0,0.05914,-1.0,3,3,3_plus
776530,776531,UL_LU,sadness,neutral,4,6,75.0,4,11,1,36.36,75.0,100.0,100.0,36.36,75.0,100.0,0.33359,0.04505,4,3,3_plus
776543,776544,UR_XP,sadness,neutral,4,6,83.33,4,11,1,36.36,75.0,100.0,100.0,36.36,75.0,100.0,0.18151,0.05253,4,3,3_plus
776552,776553,UR_LU,sadness,neutral,4,6,91.67,4,11,1,36.36,75.0,100.0,100.0,36.36,75.0,100.0,0.13022,0.08098,4,3,3_plus
776669,776670,UR_XP,neutral,sadness,6,4,16.67,4,11,1,100.0,100.0,36.36,100.0,36.36,100.0,100.0,0.08098,0.43189,4,3,3_plus
776851,776852,UR_LU,neutral,sadness,6,4,25.0,4,11,1,100.0,100.0,36.36,100.0,36.36,100.0,100.0,0.04083,0.64887,4,3,3_plus
776852,776853,UR_XP,sadness,neutral,4,6,83.33,4,11,1,36.36,100.0,100.0,100.0,36.36,100.0,100.0,0.64887,0.04359,4,3,3_plus
776947,776948,UL_LU,neutral,sadness,6,4,25.0,3,11,1,100.0,100.0,27.27,100.0,27.27,100.0,100.0,0.07989,0.10486,3,3,3_plus
777789,777790,UR_XP,neutral,sadness,6,4,33.33,1,11,1,81.82,100.0,27.27,100.0,9.09,100.0,100.0,0.08098,-1.0,1,1,1
777969,777970,UR_XP,sadness,neutral,4,6,75.0,1,11,1,27.27,100.0,81.82,100.0,9.09,100.0,100.0,-1.0,0.08098,1,1,1
778830,778831,UL_LU,sadness,neutral,4,6,83.33,2,11,1,18.18,100.0,100.0,100.0,18.18,100.0,100.0,-1.0,0.21764,2,2,2
779000,779001,UR_LU,sadness,neutral,4,6,91.67,2,11,1,18.18,100.0,100.0,100.0,18.18,100.0,100.0,0.25782,0.08098,2,2,2
779238,779239,UL_LU,neutral,sadness,6,4,16.67,2,11,1,100.0,100.0,18.18,100.0,18.18,100.0,100.0,0.08098,0.13388,2,2,2
779671,779672,UR_LU,neutral,sadness,6,4,25.0,1,11,1,90.91,100.0,18.18,100.0,9.09,100.0,100.0,0.08098,-1.0,1,1,1
780288,780289,UR_LU,sadness,neutral,4,6,83.33,1,11,1,18.18,100.0,90.91,100.0,9.09,100.0,100.0,-1.0,0.08098,1,1,1
780384,780385,UR_LU,neutral,sadness,6,4,25.0,1,11,1,90.91,100.0,18.18,100.0,9.09,100.0,100.0,0.08098,-1.0,1,1,1
783991,783992,UR_LU,sadness,neutral,4,6,83.33,1,11,1,18.18,100.0,90.91,100.0,9.09,100.0,100.0,-1.0,0.08098,1,1,1
784088,784089,UR_LU,neutral,sadness,6,4,25.0,1,11,1,90.91,100.0,18.18,100.0,9.09,100.0,100.0,0.08098,-1.0,1,1,1
784558,784559,UR_LU,sadness,neutral,4,6,83.33,1,11,1,18.18,100.0,90.91,100.0,9.09,100.0,100.0,-1.0,0.08098,1,1,1
784680,784681,UR_LU,neutral,sadness,6,4,25.0,1,11,1,90.91,100.0,18.18,100.0,9.09,100.0,100.0,0.08098,-1.0,1,1,1
785034,785035,UR_LU,sadness,neutral,4,6,83.33,1,11,1,18.18,100.0,90.91,100.0,9.09,100.0,100.0,-1.0,0.08098,1,1,1
786043,786044,UR_LU,neutral,sadness,6,4,25.0,1,11,1,90.91,100.0,18.18,100.0,9.09,100.0,100.0,0.08098,-1.0,1,1,1
786245,786246,UR_LU,sadness,neutral,4,6,83.33,1,11,1,18.18,100.0,90.91,100.0,9.09,100.0,100.0,-1.0,0.08098,1,1,1
786452,786453,DL_FR,neutral,sadness,6,4,25.0,2,11,1,90.91,100.0,27.27,100.0,18.18,100.0,100.0,0.08098,0.05377,2,2,2
786519,786520,UL_LU,sadness,neutral,4,6,83.33,3,11,1,27.27,100.0,100.0,100.0,27.27,100.0,100.0,0.32635,0.14527,3,3,3_plus
786620,786621,DL_FR,sadness,neutral,4,6,91.67,1,11,1,9.09,100.0,100.0,100.0,9.09,100.0,100.0,-1.0,0.08098,1,1,1
788229,788230,DL_FR,neutral,surprise,6,5,8.33,0,11,1,100.0,100.0,0.0,0.0,,,,-1.0,-1.0,0,0,0
788314,788315,DL_FR,surprise,neutral,5,6,91.67,0,11,1,0.0,0.0,100.0,100.0,,,,-1.0,-1.0,0,0,0
788692,788693,DL_LU,neutral,sadness,6,4,16.67,3,11,1,100.0,100.0,27.27,100.0,27.27,100.0,100.0,0.08098,0.49517,3,3,3_plus
788931,788932,DL_LU,sadness,neutral,4,6,91.67,2,11,1,18.18,100.0,100.0,100.0,18.18,100.0,100.0,0.74954,0.08098,2,2,2
789744,789745,DL_LU,neutral,disgust,6,2,8.33,0,11,1,100.0,100.0,0.0,0.0,,,,-1.0,-1.0,0,0,0
791627,791628,UL_LU,neutral,disgust,6,2,8.33,0,11,1,90.91,100.0,0.0,0.0,,,,-1.0,-1.0,0,0,0
791716,791717,DL_FR,neutral,surprise,6,5,8.33,0,11,1,90.91,100.0,0.0,0.0,,,,-1.0,-1.0,0,0,0
791728,791729,UR_XP,neutral,anger,6,1,8.33,1,11,1,90.91,100.0,9.09,0.0,9.09,100.0,0.0,0.09296,0.13441,1,1,1
791826,791827,UL_LU,disgust,neutral,2,6,66.67,0,11,1,0.0,0.0,90.91,100.0,,,,-1.0,-1.0,0,0,0
791875,791876,DL_FR,surprise,neutral,5,6,75.0,0,11,1,0.0,0.0,90.91,100.0,,,,-1.0,-1.0,0,0,0
791881,791882,UR_XP,anger,neutral,1,6,83.33,1,11,1,9.09,0.0,90.91,100.0,9.09,0.0,100.0,0.14327,0.11717,1,1,1
794220,794221,UL_LU,neutral,sadness,6,4,16.67,4,11,1,100.0,100.0,36.36,100.0,36.36,100.0,100.0,0.11717,0.21331,4,3,3_plus
794242,794243,UL_XP,neutral,sadness,6,4,25.0,4,11,1,100.0,100.0,36.36,100.0,36.36,100.0,100.0,0.11177,0.24653,4,3,3_plus
794420,794421,UL_XP,sadness,neutral,4,6,83.33,3,11,1,36.36,100.0,90.91,100.0,27.27,100.0,100.0,0.30236,0.11717,3,3,3_plus
794507,794508,UR_LU,neutral,sadness,6,4,25.0,3,11,1,90.91,100.0,36.36,100.0,27.27,100.0,100.0,0.11717,0.49428,3,3,3_plus
796091,796092,UR_XP,neutral,anger,6,1,8.33,1,11,1,81.82,100.0,9.09,0.0,9.09,100.0,0.0,0.11717,0.14327,1,1,1
796296,796297,UR_XP,anger,neutral,1,6,75.0,1,11,1,9.09,0.0,81.82,100.0,9.09,0.0,100.0,0.14327,0.11717,1,1,1
796764,796765,UR_XP,neutral,anger,6,1,8.33,1,11,1,81.82,100.0,9.09,0.0,9.09,100.0,0.0,0.11717,0.14327,1,1,1
797225,797226,UR_XP,anger,neutral,1,6,75.0,1,11,1,9.09,0.0,81.82,100.0,9.09,0.0,100.0,0.14327,0.11717,1,1,1
797399,797400,UR_XP,neutral,anger,6,1,8.33,1,11,1,81.82,100.0,9.09,0.0,9.09,100.0,0.0,0.11717,0.14327,1,1,1
797687,797688,DR_LU,neutral,sadness,6,4,16.67,1,11,1,81.82,100.0,9.09,100.0,9.09,100.0,100.0,0.11717,-1.0,1,1,1
799485,799486,UR_XP,anger,neutral,1,6,66.67,1,11,1,9.09,0.0,72.73,100.0,9.09,0.0,100.0,0.14327,0.11717,1,1,1
799705,799706,UL_LU,sadness,neutral,4,6,83.33,2,11,1,27.27,100.0,90.91,100.0,18.18,100.0,100.0,0.06434,0.11717,2,2,2
800200,800201,DR_FR,neutral,surprise,6,5,8.33,1,11,1,90.91,100.0,9.09,100.0,9.09,100.0,100.0,-1.0,0.21389,1,1,1
800414,800415,UR_LU,neutral,surprise,6,5,16.67,1,11,1,90.91,100.0,9.09,100.0,9.09,100.0,100.0,0.21464,-1.0,1,1,1
800557,800558,UR_LU,surprise,neutral,5,6,75.0,2,11,1,18.18,100.0,90.91,100.0,18.18,100.0,100.0,0.32628,0.28659,2,2,2
800651,800652,DL_FR,neutral,surprise,6,5,16.67,2,11,1,90.91,100.0,18.18,100.0,18.18,100.0,100.0,0.4292,0.14433,2,2,2
801067,801068,DL_FR,surprise,neutral,5,6,66.67,1,11,1,9.09,100.0,81.82,100.0,9.09,100.0,100.0,-1.0,0.5522,1,1,1
802882,802883,DR_FR,surprise,neutral,5,6,75.0,0,11,1,0.0,0.0,81.82,100.0,,,,-1.0,-1.0,0,0,0
804606,804607,UR_XP,neutral,sadness,6,4,25.0,3,11,1,81.82,100.0,36.36,100.0,27.27,100.0,100.0,0.11717,0.44321,3,3,3_plus
804862,804863,UR_XP,sadness,neutral,4,6,75.0,3,11,1,36.36,100.0,81.82,100.0,27.27,100.0,100.0,0.46578,0.11717,3,3,3_plus
807377,807378,UL_LU,neutral,sadness,6,4,25.0,2,11,1,81.82,100.0,27.27,100.0,18.18,100.0,100.0,0.11717,0.17915,2,2,2
807407,807408,UR_LU,neutral,sadness,6,4,33.33,1,11,1,72.73,100.0,27.27,100.0,9.09,100.0,100.0,0.11717,-1.0,1,1,1
807704,807705,DR_LU,sadness,neutral,4,6,83.33,1,11,1,9.09,100.0,90.91,100.0,9.09,100.0,100.0,-1.0,0.11717,1,1,1
807989,807990,DL_FR,neutral,surprise,6,5,8.33,1,11,1,100.0,100.0,9.09,0.0,9.09,100.0,0.0,0.12329,0.14161,1,1,1
808130,808131,DL_LU,neutral,sadness,6,4,16.67,2,11,1,100.0,100.0,18.18,100.0,18.18,100.0,100.0,0.12361,0.68245,2,2,2
808263,808264,DL_FR,surprise,neutral,5,6,83.33,1,11,1,9.09,0.0,100.0,100.0,9.09,0.0,100.0,0.13316,0.12361,1,1,1
808894,808895,DR_FR,neutral,surprise,6,5,8.33,1,11,1,81.82,100.0,18.18,100.0,9.09,100.0,100.0,-1.0,0.00741,1,1,1
815470,815471,UR_XP,neutral,happiness,6,3,8.33,2,11,1,81.82,100.0,18.18,100.0,18.18,100.0,100.0,-1.0,0.57562,2,2,2
816122,816123,UR_XP,happiness,neutral,3,6,66.67,1,11,1,9.09,100.0,72.73,100.0,9.09,100.0,100.0,0.62566,-1.0,1,1,1
817393,817394,UL_FR,neutral,surprise,6,5,8.33,1,11,1,72.73,100.0,9.09,100.0,9.09,100.0,100.0,-1.0,0.00464,1,1,1
817703,817704,UL_FR,surprise,neutral,5,6,66.67,1,11,1,9.09,100.0,72.73,100.0,9.09,100.0,100.0,0.00464,-1.0,1,1,1
818154,818155,UL_FR,neutral,surprise,6,5,8.33,1,11,1,72.73,100.0,9.09,100.0,9.09,100.0,100.0,-1.0,0.00464,1,1,1
818633,818634,UL_FR,surprise,neutral,5,6,66.67,1,11,1,9.09,100.0,72.73,100.0,9.09,100.0,100.0,0.00464,-1.0,1,1,1
820423,820424,UR_FR,neutral,sadness,6,4,16.67,2,11,1,72.73,100.0,18.18,100.0,18.18,100.0,100.0,0.1163,0.35865,2,2,2
820550,820551,UR_FR,sadness,neutral,4,6,66.67,2,11,1,18.18,100.0,72.73,100.0,18.18,100.0,100.0,0.35865,0.1163,2,2,2
820583,820584,UR_FR,neutral,surprise,6,5,8.33,1,11,1,72.73,100.0,9.09,100.0,9.09,100.0,100.0,-1.0,0.00464,1,1,1
821331,821332,UR_XP,neutral,anger,6,1,8.33,0,11,1,63.64,100.0,0.0,0.0,,,,-1.0,-1.0,0,0,0
821565,821566,UR_XP,anger,neutral,1,6,58.33,0,11,1,0.0,0.0,63.64,100.0,,,,-1.0,-1.0,0,0,0
821765,821766,UR_XP,neutral,anger,6,1,8.33,0,11,1,63.64,100.0,0.0,0.0,,,,-1.0,-1.0,0,0,0
822008,822009,UR_XP,anger,neutral,1,6,58.33,0,11,1,0.0,0.0,63.64,100.0,,,,-1.0,-1.0,0,0,0
822190,822191,UR_LU,neutral,happiness,6,3,16.67,0,11,1,63.64,100.0,9.09,100.0,,,,-1.0,-1.0,0,0,0
822649,822650,UR_LU,happiness,neutral,3,6,58.33,0,11,1,9.09,100.0,63.64,100.0,,,,-1.0,-1.0,0,0,0
822676,822677,UR_LU,neutral,happiness,6,3,16.67,0,11,1,63.64,100.0,9.09,100.0,,,,-1.0,-1.0,0,0,0
822698,822699,UR_LU,happiness,neutral,3,6,58.33,0,11,1,9.09,100.0,63.64,100.0,,,,-1.0,-1.0,0,0,0
822926,822927,UR_LU,neutral,happiness,6,3,16.67,0,11,1,63.64,100.0,9.09,100.0,,,,-1.0,-1.0,0,0,0
822950,822951,UR_XP,neutral,anger,6,1,8.33,0,11,1,63.64,100.0,9.09,100.0,,,,-1.0,-1.0,0,0,0
823145,823146,UR_XP,anger,neutral,1,6,50.0,1,11,1,9.09,100.0,72.73,87.5,9.09,100.0,0.0,0.01842,0.25155,1,1,1
823293,823294,UR_XP,neutral,anger,6,1,16.67,1,11,1,72.73,87.5,9.09,100.0,9.09,0.0,100.0,0.20882,-1.0,1,1,1
823786,823787,UR_XP,anger,neutral,1,6,50.0,1,11,1,18.18,100.0,63.64,100.0,9.09,100.0,100.0,0.07464,-1.0,1,1,1
824619,824620,DR_FR,disgust,neutral,2,6,58.33,0,11,1,0.0,0.0,63.64,100.0,,,,-1.0,-1.0,0,0,0
825451,825452,DR_FR,neutral,disgust,6,2,8.33,0,11,1,63.64,100.0,0.0,0.0,,,,-1.0,-1.0,0,0,0
826525,826526,DR_FR,disgust,neutral,2,6,58.33,0,11,1,0.0,0.0,63.64,100.0,,,,-1.0,-1.0,0,0,0
827272,827273,DR_FR,neutral,disgust,6,2,8.33,0,11,1,72.73,100.0,0.0,0.0,,,,-1.0,-1.0,0,0,0
827425,827426,UR_FR,anger,neutral,1,6,58.33,1,11,1,9.09,100.0,63.64,100.0,9.09,100.0,100.0,0.23821,-1.0,1,1,1
827943,827944,UR_FR,neutral,anger,6,1,8.33,1,11,1,63.64,100.0,9.09,100.0,9.09,100.0,100.0,-1.0,0.18955,1,1,1
829301,829302,UL_FR,neutral,anger,6,1,16.67,1,11,1,54.55,100.0,18.18,100.0,9.09,100.0,100.0,-1.0,0.31263,1,1,1
833498,833499,UR_LU,happiness,neutral,3,6,50.0,0,11,1,9.09,100.0,63.64,100.0,,,,-1.0,-1.0,0,0,0
833640,833641,UR_XP,neutral,happiness,6,3,16.67,0,11,1,63.64,100.0,9.09,100.0,,,,-1.0,-1.0,0,0,0
833934,833935,UR_XP,sadness,neutral,4,6,50.0,2,11,1,18.18,100.0,63.64,100.0,18.18,100.0,100.0,0.35865,0.1163,2,2,2
834108,834109,DL_XP,happiness,neutral,3,6,58.33,1,11,1,9.09,100.0,81.82,88.89,9.09,100.0,100.0,0.11395,-1.0,1,1,1
834202,834203,UR_FR,anger,neutral,1,6,66.67,2,11,1,18.18,100.0,81.82,100.0,18.18,100.0,100.0,0.50709,0.01427,2,2,2
834216,834217,UL_FR,anger,neutral,1,6,75.0,2,11,1,18.18,100.0,81.82,100.0,18.18,100.0,100.0,0.30759,-1.0,2,2,2
834860,834861,UL_FR,neutral,happiness,6,3,8.33,0,11,1,72.73,100.0,0.0,0.0,,,,-1.0,-1.0,0,0,0
835115,835116,UL_FR,happiness,neutral,3,6,66.67,0,11,1,0.0,0.0,72.73,100.0,,,,-1.0,-1.0,0,0,0
835388,835389,UR_LU,neutral,surprise,6,5,8.33,1,11,1,72.73,100.0,9.09,100.0,9.09,100.0,100.0,-1.0,0.14384,1,1,1
835533,835534,UR_LU,surprise,neutral,5,6,66.67,0,11,1,0.0,0.0,72.73,100.0,,,,-1.0,-1.0,0,0,0
835744,835745,UR_FR,neutral,surprise,6,5,8.33,0,11,1,72.73,100.0,0.0,0.0,,,,-1.0,-1.0,0,0,0
836014,836015,UR_FR,surprise,neutral,5,6,66.67,0,11,1,0.0,0.0,72.73,100.0,,,,-1.0,-1.0,0,0,0
836410,836411,UL_FR,neutral,surprise,6,5,8.33,0,11,1,72.73,100.0,0.0,0.0,,,,-1.0,-1.0,0,0,0
836960,836961,UL_FR,surprise,neutral,5,6,66.67,0,11,1,0.0,0.0,72.73,100.0,,,,-1.0,-1.0,0,0,0
838862,838863,UL_FR,neutral,sadness,6,4,16.67,2,11,1,72.73,100.0,18.18,100.0,18.18,100.0,100.0,0.1163,0.35865,2,2,2
838946,838947,UL_FR,sadness,neutral,4,6,66.67,2,11,1,18.18,100.0,72.73,100.0,18.18,100.0,100.0,0.35865,0.1163,2,2,2
840446,840447,UR_XP,neutral,anger,6,1,8.33,0,11,1,72.73,100.0,0.0,0.0,,,,-1.0,-1.0,0,0,0
840678,840679,UR_XP,anger,neutral,1,6,66.67,0,11,1,0.0,0.0,72.73,100.0,,,,-1.0,-1.0,0,0,0
840790,840791,UR_FR,neutral,anger,6,1,8.33,2,11,1,72.73,100.0,18.18,100.0,18.18,100.0,100.0,-1.0,0.21745,2,2,2
840806,840807,UL_FR,neutral,anger,6,1,16.67,2,11,1,72.73,100.0,18.18,100.0,18.18,100.0,100.0,0.06036,0.45494,2,2,2
840995,840996,UL_FR,anger,neutral,1,6,58.33,1,11,1,9.09,100.0,72.73,100.0,9.09,100.0,100.0,-1.0,0.23531,1,1,1
841207,841208,UR_FR,anger,neutral,1,6,66.67,1,11,1,9.09,100.0,72.73,100.0,9.09,100.0,100.0,0.66418,-1.0,1,1,1
841371,841372,UR_XP,neutral,anger,6,1,8.33,0,11,1,72.73,100.0,0.0,0.0,,,,-1.0,-1.0,0,0,0
841564,841565,UL_LU,neutral,happiness,6,3,8.33,0,11,1,72.73,100.0,0.0,0.0,,,,-1.0,-1.0,0,0,0
841801,841802,UR_XP,anger,neutral,1,6,50.0,0,11,1,0.0,0.0,54.55,100.0,,,,-1.0,-1.0,0,0,0
842147,842148,UR_XP,neutral,anger,6,1,8.33,0,11,1,72.73,100.0,0.0,0.0,,,,-1.0,-1.0,0,0,0
842192,842193,UL_LU,neutral,happiness,6,3,8.33,0,11,1,72.73,100.0,0.0,0.0,,,,-1.0,-1.0,0,0,0
842734,842735,UL_XP,neutral,sadness,6,4,16.67,4,11,1,72.73,100.0,36.36,75.0,36.36,100.0,75.0,0.35424,0.33662,4,3,3_plus
842744,842745,UR_FR,neutral,sadness,6,4,25.0,4,11,1,72.73,100.0,36.36,75.0,36.36,100.0,75.0,0.25712,0.50661,4,3,3_plus
842809,842810,UR_LU,neutral,happiness,6,3,8.33,0,11,1,72.73,87.5,0.0,0.0,,,,-1.0,-1.0,0,0,0
842923,842924,UR_LU,happiness,neutral,3,6,41.67,0,11,1,0.0,0.0,72.73,87.5,,,,-1.0,-1.0,0,0,0
843227,843228,UL_XP,sadness,neutral,4,6,50.0,3,11,1,27.27,100.0,63.64,85.71,27.27,100.0,66.67,0.44737,0.44426,3,3,3_plus
843423,843424,DL_FR,neutral,happiness,6,3,8.33,0,11,1,54.55,100.0,0.0,0.0,,,,-1.0,-1.0,0,0,0
843988,843989,UL_XP,neutral,sadness,6,4,16.67,2,11,1,54.55,100.0,27.27,100.0,18.18,100.0,100.0,0.1163,0.35865,2,2,2
844557,844558,UL_XP,disgust,neutral,2,6,41.67,0,11,1,9.09,100.0,54.55,100.0,,,,-1.0,-1.0,0,0,0
844945,844946,DL_FR,happiness,neutral,3,6,50.0,0,11,1,0.0,0.0,63.64,100.0,,,,-1.0,-1.0,0,0,0
845342,845343,UR_LU,neutral,happiness,6,3,8.33,0,11,1,54.55,100.0,0.0,0.0,,,,-1.0,-1.0,0,0,0
845348,845349,UL_XP,neutral,disgust,6,2,16.67,0,11,1,54.55,100.0,9.09,100.0,,,,-1.0,-1.0,0,0,0
845419,845420,UR_LU,happiness,neutral,3,6,41.67,0,11,1,0.0,0.0,54.55,83.33,,,,-1.0,-1.0,0,0,0
846330,846331,DL_FR,neutral,happiness,6,3,8.33,0,11,1,54.55,83.33,0.0,0.0,,,,-1.0,-1.0,0,0,0
847156,847157,UR_LU,neutral,anger,6,1,25.0,2,11,1,63.64,85.71,27.27,66.67,18.18,50.0,50.0,0.61412,0.65487,2,2,2
847180,847181,UR_LU,anger,neutral,1,6,33.33,2,11,1,27.27,66.67,63.64,85.71,18.18,50.0,50.0,0.67725,0.59722,2,2,2
848324,848325,UR_LU,neutral,anger,6,1,25.0,2,11,1,54.55,83.33,27.27,100.0,18.18,50.0,100.0,0.56307,0.58589,2,2,2
848382,848383,UR_LU,anger,neutral,1,6,41.67,2,11,1,27.27,100.0,63.64,85.71,18.18,100.0,50.0,0.50905,0.60336,2,2,2
848395,848396,UR_LU,neutral,anger,6,1,25.0,2,11,1,63.64,85.71,27.27,100.0,18.18,50.0,100.0,0.60698,0.50356,2,2,2
848479,848480,UR_LU,anger,neutral,1,6,41.67,2,11,1,27.27,100.0,63.64,85.71,18.18,100.0,50.0,0.5883,0.55661,2,2,2
848741,848742,UR_LU,neutral,happiness,6,3,8.33,0,11,1,54.55,83.33,0.0,0.0,,,,-1.0,-1.0,0,0,0
848786,848787,UR_LU,happiness,neutral,3,6,33.33,0,11,1,0.0,0.0,54.55,83.33,,,,-1.0,-1.0,0,0,0
849643,849644,UR_XP,anger,neutral,1,6,41.67,0,11,1,9.09,100.0,54.55,100.0,,,,-1.0,-1.0,0,0,0
850232,850233,UR_XP,neutral,anger,6,1,16.67,1,11,1,63.64,100.0,18.18,50.0,9.09,100.0,0.0,0.49594,0.57057,1,1,1
851074,851075,DL_FR,neutral,disgust,6,2,25.0,1,11,1,72.73,75.0,18.18,100.0,9.09,0.0,100.0,0.78622,-1.0,1,1,1
851278,851279,DL_FR,disgust,neutral,2,6,41.67,1,11,1,18.18,100.0,72.73,75.0,9.09,100.0,0.0,-1.0,0.69646,1,1,1
852466,852467,DL_FR,neutral,happiness,6,3,8.33,0,11,1,54.55,83.33,0.0,0.0,,,,-1.0,-1.0,0,0,0
853037,853038,DL_FR,happiness,neutral,3,6,41.67,0,11,1,0.0,0.0,54.55,83.33,,,,-1.0,-1.0,0,0,0
853338,853339,DL_FR,neutral,disgust,6,2,25.0,0,11,1,54.55,83.33,18.18,100.0,,,,-1.0,-1.0,0,0,0
853745,853746,DL_FR,disgust,neutral,2,6,41.67,0,11,1,18.18,100.0,54.55,83.33,,,,-1.0,-1.0,0,0,0
858182,858183,UR_XP,anger,neutral,1,6,50.0,1,11,1,18.18,50.0,63.64,85.71,9.09,0.0,0.0,0.42857,0.23636,1,1,1
858298,858299,UL_XP,sadness,neutral,4,6,58.33,2,11,1,18.18,100.0,72.73,100.0,18.18,100.0,100.0,0.35865,0.1163,2,2,2
860116,860117,UR_XP,neutral,sadness,6,4,16.67,2,11,1,63.64,100.0,18.18,100.0,18.18,100.0,100.0,0.1163,0.35865,2,2,2
860201,860202,UR_XP,sadness,neutral,4,6,58.33,2,11,1,18.18,100.0,63.64,100.0,18.18,100.0,100.0,0.35865,0.1163,2,2,2
860364,860365,UR_FR,surprise,neutral,5,6,66.67,0,11,1,0.0,0.0,72.73,100.0,,,,-1.0,-1.0,0,0,0
860541,860542,UR_FR,neutral,anger,6,1,8.33,0,11,1,72.73,100.0,0.0,0.0,,,,-1.0,-1.0,0,0,0
861166,861167,UR_FR,anger,neutral,1,6,66.67,1,11,1,9.09,100.0,72.73,100.0,9.09,100.0,100.0,0.49255,-1.0,1,1,1
861291,861292,UR_XP,neutral,anger,6,1,8.33,0,11,1,72.73,100.0,0.0,0.0,,,,-1.0,-1.0,0,0,0
861535,861536,UR_XP,anger,neutral,1,6,66.67,0,11,1,0.0,0.0,72.73,100.0,,,,-1.0,-1.0,0,0,0
861807,861808,UR_XP,neutral,anger,6,1,8.33,0,11,1,72.73,100.0,0.0,0.0,,,,-1.0,-1.0,0,0,0
862292,862293,UR_XP,anger,neutral,1,6,66.67,0,11,1,0.0,0.0,72.73,100.0,,,,-1.0,-1.0,0,0,0
862369,862370,UR_XP,neutral,anger,6,1,8.33,1,11,1,72.73,100.0,9.09,100.0,9.09,100.0,100.0,-1.0,0.18748,1,1,1
862546,862547,UL_XP,neutral,sadness,6,4,16.67,3,11,1,72.73,87.5,27.27,100.0,27.27,66.67,100.0,0.25631,0.28105,3,3,3_plus
862712,862713,UL_XP,sadness,neutral,4,6,58.33,3,11,1,27.27,100.0,72.73,87.5,27.27,100.0,66.67,0.35865,0.0879,3,3,3_plus
862816,862817,UR_FR,neutral,anger,6,1,8.33,1,11,1,72.73,87.5,9.09,100.0,9.09,0.0,100.0,0.13778,0.0437,1,1,1
863085,863086,UR_XP,sadness,neutral,4,6,58.33,3,11,1,36.36,100.0,63.64,100.0,27.27,100.0,100.0,0.38611,0.1163,3,3,3_plus
863376,863377,UR_XP,neutral,anger,6,1,8.33,0,11,1,63.64,100.0,0.0,0.0,,,,-1.0,-1.0,0,0,0
864085,864086,UL_XP,neutral,sadness,6,4,33.33,3,11,1,63.64,85.71,36.36,100.0,27.27,66.67,100.0,0.23763,0.35865,3,3,3_plus
864244,864245,UR_XP,sadness,neutral,4,6,50.0,3,11,1,36.36,100.0,63.64,100.0,27.27,100.0,100.0,0.35865,0.06486,3,3,3_plus
864255,864256,UL_XP,sadness,neutral,4,6,58.33,3,11,1,36.36,100.0,63.64,100.0,27.27,100.0,100.0,0.19185,0.1163,3,3,3_plus
864442,864443,UR_XP,neutral,sadness,6,4,25.0,2,11,1,63.64,100.0,27.27,100.0,18.18,100.0,100.0,0.1163,0.35865,2,2,2
864721,864722,UR_XP,sadness,neutral,4,6,50.0,3,11,1,36.36,100.0,63.64,100.0,27.27,100.0,100.0,0.35865,0.12489,3,3,3_plus
864962,864963,UR_XP,neutral,sadness,6,4,25.0,2,11,1,54.55,100.0,27.27,100.0,18.18,100.0,100.0,0.1163,0.35865,2,2,2
865229,865230,UL_XP,neutral,sadness,6,4,33.33,3,11,1,63.64,85.71,36.36,100.0,27.27,66.67,100.0,0.29373,0.35865,3,3,3_plus
865435,865436,UL_XP,sadness,neutral,4,6,50.0,3,11,1,36.36,100.0,63.64,85.71,27.27,100.0,66.67,0.35865,0.23539,3,3,3_plus
866988,866989,UL_XP,neutral,sadness,6,4,33.33,3,11,1,63.64,85.71,36.36,100.0,27.27,66.67,100.0,0.24132,0.35865,3,3,3_plus
867069,867070,UL_XP,sadness,neutral,4,6,50.0,3,11,1,36.36,100.0,63.64,85.71,27.27,100.0,66.67,0.35865,0.19052,3,3,3_plus
867440,867441,UL_XP,neutral,sadness,6,4,25.0,3,11,1,63.64,85.71,36.36,100.0,27.27,66.67,100.0,0.09107,0.18323,3,3,3_plus
867638,867639,UL_XP,sadness,neutral,4,6,50.0,3,11,1,36.36,100.0,63.64,85.71,27.27,100.0,66.67,0.35865,0.0952,3,3,3_plus
868649,868650,UL_XP,neutral,sadness,6,4,33.33,3,11,1,63.64,85.71,36.36,100.0,27.27,66.67,100.0,0.2635,0.35865,3,3,3_plus
868682,868683,UL_XP,sadness,neutral,4,6,50.0,3,11,1,36.36,100.0,63.64,85.71,27.27,100.0,66.67,0.35865,0.24447,3,3,3_plus
869201,869202,UL_XP,neutral,disgust,6,2,16.67,0,11,1,63.64,85.71,9.09,100.0,,,,-1.0,-1.0,0,0,0
870891,870892,UR_XP,anger,neutral,1,6,50.0,0,11,1,9.09,100.0,54.55,100.0,,,,-1.0,-1.0,0,0,0
870957,870958,UR_XP,neutral,anger,6,1,16.67,0,11,1,54.55,100.0,9.09,100.0,,,,-1.0,-1.0,0,0,0
871708,871709,UL_XP,disgust,neutral,2,6,50.0,0,11,1,9.09,100.0,63.64,100.0,,,,-1.0,-1.0,0,0,0
871821,871822,UR_XP,anger,neutral,1,6,58.33,0,11,1,9.09,100.0,63.64,100.0,,,,-1.0,-1.0,0,0,0
873034,873035,UL_FR,neutral,sadness,6,4,16.67,4,11,1,72.73,100.0,36.36,100.0,36.36,100.0,100.0,0.1163,0.2254,4,3,3_plus
873060,873061,UR_FR,surprise,neutral,5,6,58.33,0,11,1,0.0,0.0,72.73,100.0,,,,-1.0,-1.0,0,0,0
874172,874173,DR_FR,disgust,neutral,2,6,66.67,0,11,1,0.0,0.0,81.82,100.0,,,,-1.0,-1.0,0,0,0
874552,874553,UL_XP,neutral,sadness,6,4,25.0,3,11,1,81.82,100.0,27.27,100.0,27.27,100.0,100.0,0.09695,0.35865,3,3,3_plus
874776,874777,UR_FR,neutral,anger,6,1,8.33,0,11,1,81.82,100.0,0.0,0.0,,,,-1.0,-1.0,0,0,0
875124,875125,UR_FR,anger,neutral,1,6,58.33,0,11,1,0.0,0.0,81.82,100.0,,,,-1.0,-1.0,0,0,0
875366,875367,UR_FR,neutral,sadness,6,4,33.33,4,11,1,81.82,100.0,36.36,100.0,36.36,100.0,100.0,0.08637,0.35865,4,3,3_plus
875990,875991,UR_FR,sadness,neutral,4,6,58.33,4,11,1,36.36,100.0,81.82,100.0,36.36,100.0,100.0,0.35865,0.06697,4,3,3_plus
876588,876589,UL_XP,neutral,sadness,6,4,25.0,4,11,1,81.82,100.0,36.36,100.0,36.36,100.0,100.0,0.09695,0.21704,4,3,3_plus
877576,877577,UR_FR,neutral,sadness,6,4,33.33,4,11,1,81.82,100.0,36.36,100.0,36.36,100.0,100.0,0.06905,0.35865,4,3,3_plus
879032,879033,UR_FR,sadness,neutral,4,6,58.33,4,11,1,36.36,100.0,81.82,100.0,36.36,100.0,100.0,0.35865,0.07188,4,3,3_plus
879481,879482,UR_FR,neutral,sadness,6,4,33.33,4,11,1,81.82,100.0,36.36,100.0,36.36,100.0,100.0,0.07667,0.35865,4,3,3_plus
879892,879893,DR_LU,neutral,sadness,6,4,33.33,3,11,1,72.73,100.0,27.27,100.0,27.27,100.0,100.0,0.15567,-1.0,3,3,3_plus
879977,879978,UL_XP,sadness,neutral,4,6,50.0,2,11,1,27.27,100.0,63.64,100.0,18.18,100.0,100.0,-1.0,0.28577,2,2,2
880322,880323,UL_XP,neutral,sadness,6,4,33.33,3,11,1,72.73,100.0,27.27,100.0,27.27,100.0,100.0,0.24725,-1.0,3,3,3_plus
883295,883296,UL_XP,sadness,neutral,4,6,50.0,3,11,1,27.27,100.0,72.73,100.0,27.27,100.0,100.0,-1.0,0.3224,3,3,3_plus
883405,883406,UR_FR,sadness,neutral,4,6,58.33,3,11,1,27.27,100.0,72.73,100.0,27.27,100.0,100.0,0.02706,0.31477,3,3,3_plus
883601,883602,UL_XP,neutral,sadness,6,4,25.0,2,11,1,72.73,100.0,18.18,100.0,18.18,100.0,100.0,0.31477,-1.0,2,2,2
883971,883972,UR_FR,neutral,sadness,6,4,33.33,3,11,1,72.73,100.0,27.27,100.0,27.27,100.0,100.0,0.23532,-1.0,3,3,3_plus
884054,884055,UL_FR,sadness,neutral,4,6,50.0,3,11,1,27.27,100.0,72.73,100.0,27.27,100.0,100.0,-1.0,0.24957,3,3,3_plus
884447,884448,UR_FR,sadness,neutral,4,6,58.33,2,11,1,18.18,100.0,72.73,100.0,18.18,100.0,100.0,-1.0,0.33771,2,2,2
884532,884533,UR_FR,neutral,sadness,6,4,25.0,2,11,1,72.73,100.0,18.18,100.0,18.18,100.0,100.0,0.34317,-1.0,2,2,2
885797,885798,UL_XP,sadness,neutral,4,6,58.33,3,11,1,27.27,66.67,72.73,100.0,27.27,66.67,100.0,0.43729,0.47792,3,3,3_plus
886005,886006,UL_XP,neutral,sadness,6,4,25.0,2,11,1,72.73,100.0,18.18,100.0,18.18,100.0,100.0,0.3186,-1.0,2,2,2
886680,886681,UR_XP,neutral,anger,6,1,8.33,0,11,1,72.73,100.0,0.0,0.0,,,,-1.0,-1.0,0,0,0
886843,886844,UR_FR,sadness,neutral,4,6,50.0,1,11,1,18.18,100.0,63.64,100.0,9.09,100.0,100.0,-1.0,0.55195,1,1,1
886953,886954,UR_FR,neutral,anger,6,1,16.67,2,11,1,63.64,100.0,27.27,100.0,18.18,100.0,100.0,0.75206,0.39736,2,2,2
888056,888057,DL_FR,neutral,disgust,6,2,16.67,0,11,1,63.64,100.0,9.09,100.0,,,,-1.0,-1.0,0,0,0
888655,888656,UR_FR,anger,neutral,1,6,41.67,1,11,1,9.09,100.0,54.55,100.0,9.09,100.0,100.0,-1.0,0.52685,1,1,1
888752,888753,UR_FR,neutral,anger,6,1,16.67,1,11,1,54.55,100.0,9.09,100.0,9.09,100.0,100.0,0.59097,-1.0,1,1,1
888960,888961,UR_FR,anger,neutral,1,6,41.67,1,11,1,9.09,100.0,54.55,100.0,9.09,100.0,100.0,-1.0,0.43165,1,1,1
889005,889006,UR_FR,neutral,sadness,6,4,25.0,1,11,1,54.55,100.0,18.18,100.0,9.09,100.0,100.0,0.55195,-1.0,1,1,1
889826,889827,UR_FR,sadness,neutral,4,6,41.67,2,11,1,18.18,100.0,63.64,100.0,18.18,100.0,100.0,-1.0,0.66114,2,2,2
889916,889917,UR_XP,anger,neutral,1,6,50.0,0,11,1,0.0,0.0,63.64,100.0,,,,-1.0,-1.0,0,0,0
890001,890002,UR_XP,neutral,anger,6,1,8.33,0,11,1,63.64,100.0,0.0,0.0,,,,-1.0,-1.0,0,0,0
891340,891341,UR_XP,anger,neutral,1,6,50.0,0,11,1,0.0,0.0,63.64,100.0,,,,-1.0,-1.0,0,0,0
891469,891470,UR_XP,neutral,anger,6,1,8.33,0,11,1,63.64,100.0,0.0,0.0,,,,-1.0,-1.0,0,0,0
892269,892270,UR_FR,neutral,sadness,6,4,25.0,2,11,1,63.64,100.0,18.18,100.0,18.18,100.0,100.0,0.6089,-1.0,2,2,2
892339,892340,UR_XP,anger,neutral,1,6,41.67,0,11,1,0.0,0.0,63.64,100.0,,,,-1.0,-1.0,0,0,0
892916,892917,UR_FR,sadness,neutral,4,6,50.0,2,11,1,18.18,100.0,63.64,100.0,18.18,100.0,100.0,-1.0,0.52024,2,2,2
893500,893501,UR_XP,neutral,happiness,6,3,8.33,0,11,1,63.64,100.0,0.0,0.0,,,,-1.0,-1.0,0,0,0
893637,893638,UL_XP,sadness,neutral,4,6,50.0,1,11,1,9.09,100.0,63.64,100.0,9.09,100.0,100.0,-1.0,0.55195,1,1,1
893782,893783,UL_XP,neutral,anger,6,1,8.33,1,11,1,63.64,100.0,9.09,0.0,9.09,100.0,0.0,0.53235,0.5571,1,1,1
894954,894955,UL_XP,anger,neutral,1,6,50.0,0,11,1,0.0,0.0,63.64,100.0,,,,-1.0,-1.0,0,0,0
894959,894960,UR_XP,happiness,neutral,3,6,58.33,0,11,1,0.0,0.0,63.64,100.0,,,,-1.0,-1.0,0,0,0
895146,895147,UR_FR,neutral,anger,6,1,8.33,0,11,1,63.64,100.0,0.0,0.0,,,,-1.0,-1.0,0,0,0
895690,895691,UL_FR,neutral,anger,6,1,16.67,0,11,1,54.55,100.0,9.09,100.0,,,,-1.0,-1.0,0,0,0
896248,896249,UL_FR,anger,neutral,1,6,50.0,0,11,1,9.09,100.0,54.55,100.0,,,,-1.0,-1.0,0,0,0
896778,896779,UR_FR,anger,neutral,1,6,58.33,2,11,1,18.18,100.0,63.64,100.0,18.18,100.0,100.0,0.31922,-1.0,2,2,2
896848,896849,UR_XP,neutral,happiness,6,3,8.33,1,11,1,63.64,100.0,9.09,100.0,9.09,100.0,100.0,-1.0,0.14157,1,1,1
896882,896883,UL_XP,neutral,happiness,6,3,16.67,1,11,1,63.64,100.0,9.09,100.0,9.09,100.0,100.0,0.14164,-1.0,1,1,1
897178,897179,UR_XP,happiness,neutral,3,6,50.0,0,11,1,0.0,0.0,54.55,100.0,,,,-1.0,-1.0,0,0,0
897206,897207,UR_FR,neutral,anger,6,1,8.33,0,11,1,54.55,100.0,0.0,0.0,,,,-1.0,-1.0,0,0,0
897356,897357,UL_FR,neutral,anger,6,1,16.67,1,11,1,54.55,100.0,9.09,100.0,9.09,100.0,100.0,0.37978,-1.0,1,1,1
897694,897695,UL_FR,anger,neutral,1,6,41.67,0,11,1,9.09,100.0,45.45,100.0,,,,-1.0,-1.0,0,0,0
897956,897957,UR_FR,anger,neutral,1,6,50.0,0,11,1,0.0,0.0,54.55,100.0,,,,-1.0,-1.0,0,0,0
898532,898533,UL_FR,neutral,anger,6,1,8.33,1,11,1,54.55,100.0,9.09,100.0,9.09,100.0,100.0,-1.0,0.1827,1,1,1
898673,898674,UL_FR,anger,neutral,1,6,50.0,1,11,1,9.09,100.0,54.55,100.0,9.09,100.0,100.0,0.11513,-1.0,1,1,1
899124,899125,UR_FR,neutral,anger,6,1,8.33,0,11,1,54.55,100.0,0.0,0.0,,,,-1.0,-1.0,0,0,0
899352,899353,UL_FR,neutral,sadness,6,4,16.67,1,11,1,54.55,100.0,9.09,100.0,9.09,100.0,100.0,0.55195,-1.0,1,1,1
899431,899432,UR_FR,anger,neutral,1,6,41.67,1,11,1,9.09,0.0,54.55,100.0,9.09,0.0,100.0,0.22343,0.09451,1,1,1
899939,899940,UR_FR,neutral,anger,6,1,8.33,0,11,1,45.45,100.0,0.0,0.0,,,,-1.0,-1.0,0,0,0
900716,900717,UR_FR,anger,neutral,1,6,41.67,0,11,1,0.0,0.0,45.45,100.0,,,,-1.0,-1.0,0,0,0
903270,903271,UR_FR,neutral,anger,6,1,8.33,1,11,1,54.55,100.0,9.09,100.0,9.09,100.0,100.0,-1.0,0.43148,1,1,1
903381,903382,UR_XP,neutral,anger,6,1,16.67,1,11,1,54.55,100.0,9.09,100.0,9.09,100.0,100.0,0.19123,-1.0,1,1,1
903424,903425,UL_XP,neutral,sadness,6,4,25.0,1,11,1,54.55,100.0,18.18,100.0,9.09,100.0,100.0,0.55195,-1.0,1,1,1
903554,903555,UL_XP,sadness,neutral,4,6,33.33,1,11,1,18.18,100.0,54.55,100.0,9.09,100.0,100.0,-1.0,0.55195,1,1,1
904276,904277,UR_XP,anger,neutral,1,6,41.67,1,11,1,18.18,100.0,45.45,100.0,9.09,100.0,100.0,0.02521,-1.0,1,1,1
904408,904409,UR_XP,neutral,anger,6,1,16.67,1,11,1,45.45,100.0,18.18,100.0,9.09,100.0,100.0,-1.0,0.20945,1,1,1
904552,904553,UR_XP,anger,neutral,1,6,41.67,0,11,1,9.09,100.0,45.45,100.0,,,,-1.0,-1.0,0,0,0
904592,904593,UL_XP,neutral,sadness,6,4,25.0,2,11,1,54.55,100.0,27.27,66.67,18.18,100.0,50.0,0.55195,0.27513,2,2,2
904693,904694,DL_FR,disgust,neutral,2,6,41.67,0,11,1,18.18,100.0,54.55,100.0,,,,-1.0,-1.0,0,0,0
904740,904741,UL_XP,sadness,neutral,4,6,50.0,2,11,1,27.27,66.67,63.64,100.0,18.18,50.0,100.0,0.37178,0.55195,2,2,2
905051,905052,UR_XP,neutral,anger,6,1,16.67,2,11,1,63.64,100.0,18.18,50.0,18.18,100.0,50.0,0.32143,0.48309,2,2,2
906521,906522,UR_LU,anger,neutral,1,6,41.67,2,11,1,18.18,100.0,63.64,100.0,18.18,100.0,100.0,-1.0,0.31747,2,2,2
906558,906559,UR_LU,neutral,happiness,6,3,8.33,1,11,1,63.64,100.0,9.09,100.0,9.09,100.0,100.0,-1.0,0.19814,1,1,1
906599,906600,UR_LU,happiness,neutral,3,6,41.67,1,11,1,9.09,100.0,63.64,100.0,9.09,100.0,100.0,0.19814,-1.0,1,1,1
906826,906827,UL_XP,neutral,disgust,6,2,16.67,0,11,1,63.64,100.0,9.09,100.0,,,,-1.0,-1.0,0,0,0
907331,907332,UR_LU,neutral,anger,6,1,33.33,3,11,1,54.55,83.33,27.27,100.0,27.27,66.67,100.0,0.20945,-1.0,3,3,3_plus
907385,907386,UR_LU,happiness,neutral,3,6,25.0,0,11,1,0.0,0.0,54.55,83.33,,,,-1.0,-1.0,0,0,0
907409,907410,UR_FR,anger,neutral,1,6,33.33,2,11,1,18.18,100.0,54.55,83.33,18.18,100.0,50.0,-1.0,0.3964,2,2,2
907476,907477,UR_LU,neutral,happiness,6,3,8.33,0,11,1,45.45,100.0,0.0,0.0,,,,-1.0,-1.0,0,0,0
907507,907508,UR_LU,happiness,neutral,3,6,33.33,0,11,1,0.0,0.0,45.45,100.0,,,,-1.0,-1.0,0,0,0
907555,907556,UR_LU,neutral,happiness,6,3,8.33,0,11,1,45.45,100.0,0.0,0.0,,,,-1.0,-1.0,0,0,0
907776,907777,UR_FR,neutral,anger,6,1,16.67,2,11,1,45.45,80.0,27.27,100.0,18.18,50.0,100.0,0.51689,0.1483,2,2,2
908639,908640,UR_LU,happiness,neutral,3,6,25.0,0,11,1,0.0,0.0,36.36,100.0,,,,-1.0,-1.0,0,0,0
908682,908683,UR_LU,neutral,happiness,6,3,8.33,0,11,1,36.36,100.0,0.0,0.0,,,,-1.0,-1.0,0,0,0
908899,908900,UR_LU,anger,neutral,1,6,25.0,2,11,1,27.27,100.0,45.45,80.0,18.18,100.0,50.0,-1.0,0.42646,2,2,2
908975,908976,UR_LU,neutral,happiness,6,3,8.33,0,11,1,45.45,80.0,0.0,0.0,,,,-1.0,-1.0,0,0,0
909120,909121,UR_LU,happiness,neutral,3,6,25.0,0,11,1,0.0,0.0,45.45,80.0,,,,-1.0,-1.0,0,0,0
909170,909171,UR_LU,neutral,anger,6,1,16.67,2,11,1,45.45,80.0,27.27,100.0,18.18,50.0,100.0,0.20488,0.03435,2,2,2
909440,909441,UR_LU,anger,neutral,1,6,25.0,2,11,1,27.27,100.0,45.45,80.0,18.18,100.0,50.0,0.05066,0.29145,2,2,2
909472,909473,UR_LU,neutral,anger,6,1,16.67,2,11,1,45.45,80.0,27.27,100.0,18.18,50.0,100.0,0.26675,0.09633,2,2,2
909482,909483,UR_LU,anger,neutral,1,6,25.0,2,11,1,27.27,100.0,45.45,80.0,18.18,100.0,50.0,0.10823,0.2579,2,2,2
909624,909625,DL_FR,neutral,sadness,6,4,25.0,2,11,1,45.45,100.0,27.27,66.67,18.18,100.0,50.0,0.39775,0.6557,2,2,2
909747,909748,UL_XP,disgust,neutral,2,6,33.33,0,11,1,18.18,100.0,45.45,100.0,,,,-1.0,-1.0,0,0,0
909874,909875,UR_LU,neutral,happiness,6,3,8.33,0,11,1,45.45,100.0,0.0,0.0,,,,-1.0,-1.0,0,0,0
909949,909950,UR_LU,happiness,neutral,3,6,33.33,0,11,1,0.0,0.0,45.45,100.0,,,,-1.0,-1.0,0,0,0
910212,910213,UR_XP,anger,neutral,1,6,41.67,0,11,1,9.09,100.0,45.45,100.0,,,,-1.0,-1.0,0,0,0
910391,910392,UR_FR,anger,neutral,1,6,50.0,1,11,1,9.09,100.0,54.55,100.0,9.09,100.0,100.0,0.65518,-1.0,1,1,1
911760,911761,UR_FR,neutral,anger,6,1,8.33,0,11,1,54.55,100.0,0.0,0.0,,,,-1.0,-1.0,0,0,0
912134,912135,UR_FR,anger,neutral,1,6,50.0,0,11,1,0.0,0.0,54.55,100.0,,,,-1.0,-1.0,0,0,0
912775,912776,UR_FR,neutral,anger,6,1,8.33,0,11,1,54.55,100.0,0.0,0.0,,,,-1.0,-1.0,0,0,0
913203,913204,UR_FR,anger,neutral,1,6,50.0,1,11,1,9.09,100.0,54.55,100.0,9.09,100.0,100.0,0.21436,-1.0,1,1,1
913509,913510,UR_FR,neutral,anger,6,1,8.33,1,11,1,54.55,100.0,9.09,100.0,9.09,100.0,100.0,-1.0,0.31352,1,1,1
913635,913636,UL_LU,neutral,happiness,6,3,8.33,0,11,1,45.45,100.0,0.0,0.0,,,,-1.0,-1.0,0,0,0
913695,913696,UL_XP,neutral,sadness,6,4,33.33,1,11,1,45.45,100.0,27.27,100.0,9.09,100.0,100.0,0.55195,-1.0,1,1,1
913967,913968,UL_LU,happiness,neutral,3,6,33.33,0,11,1,0.0,0.0,45.45,100.0,,,,-1.0,-1.0,0,0,0
914301,914302,UR_XP,neutral,anger,6,1,16.67,0,11,1,45.45,100.0,9.09,100.0,,,,-1.0,-1.0,0,0,0
914317,914318,UL_XP,sadness,neutral,4,6,33.33,1,11,1,27.27,100.0,45.45,100.0,9.09,100.0,100.0,-1.0,0.55195,1,1,1
914422,914423,UR_XP,anger,neutral,1,6,41.67,1,11,1,9.09,100.0,54.55,100.0,9.09,100.0,100.0,-1.0,0.11221,1,1,1
914463,914464,UR_FR,anger,neutral,1,6,50.0,1,11,1,9.09,100.0,54.55,100.0,9.09,100.0,100.0,0.11386,-1.0,1,1,1
914887,914888,UR_FR,neutral,anger,6,1,8.33,0,11,1,54.55,100.0,0.0,0.0,,,,-1.0,-1.0,0,0,0
915871,915872,DR_FR,neutral,happiness,6,3,8.33,0,11,1,45.45,100.0,0.0,0.0,,,,-1.0,-1.0,0,0,0
916078,916079,DR_FR,happiness,neutral,3,6,41.67,0,11,1,0.0,0.0,54.55,100.0,,,,-1.0,-1.0,0,0,0
916689,916690,UR_FR,anger,neutral,1,6,50.0,0,11,1,0.0,0.0,54.55,100.0,,,,-1.0,-1.0,0,0,0
916948,916949,UR_FR,neutral,anger,6,1,8.33,1,11,1,54.55,100.0,9.09,100.0,9.09,100.0,100.0,-1.0,0.55956,1,1,1
917130,917131,UR_XP,neutral,anger,6,1,16.67,1,11,1,45.45,100.0,9.09,100.0,9.09,100.0,100.0,0.16967,-1.0,1,1,1
917210,917211,UR_XP,anger,neutral,1,6,33.33,1,11,1,9.09,100.0,45.45,100.0,9.09,100.0,100.0,-1.0,0.32355,1,1,1
917519,917520,DR_FR,sadness,neutral,4,6,41.67,1,11,1,27.27,100.0,54.55,100.0,9.09,100.0,100.0,-1.0,0.55195,1,1,1
918129,918130,UL_FR,sadness,neutral,4,6,50.0,1,11,1,18.18,100.0,63.64,100.0,9.09,100.0,100.0,-1.0,0.55195,1,1,1
921316,921317,DR_FR,neutral,happiness,6,3,8.33,0,11,1,54.55,100.0,0.0,0.0,,,,-1.0,-1.0,0,0,0
921632,921633,DR_FR,happiness,neutral,3,6,50.0,0,11,1,0.0,0.0,54.55,100.0,,,,-1.0,-1.0,0,0,0
923447,923448,UR_XP,neutral,anger,6,1,16.67,0,11,1,54.55,100.0,9.09,100.0,,,,-1.0,-1.0,0,0,0
923746,923747,UR_XP,anger,neutral,1,6,50.0,0,11,1,9.09,100.0,54.55,100.0,,,,-1.0,-1.0,0,0,0
924674,924675,UR_XP,neutral,anger,6,1,16.67,0,11,1,54.55,100.0,9.09,100.0,,,,-1.0,-1.0,0,0,0
924797,924798,DR_FR,neutral,disgust,6,2,16.67,1,11,1,54.55,100.0,18.18,50.0,9.09,100.0,0.0,0.38939,0.69502,1,1,1
925977,925978,UR_LU,anger,neutral,1,6,33.33,0,11,1,18.18,100.0,45.45,100.0,,,,-1.0,-1.0,0,0,0
926467,926468,UR_XP,anger,neutral,1,6,41.67,1,11,1,18.18,100.0,54.55,100.0,9.09,100.0,100.0,0.40649,-1.0,1,1,1
927369,927370,DR_FR,disgust,neutral,2,6,50.0,0,11,1,9.09,100.0,54.55,100.0,,,,-1.0,-1.0,0,0,0
928142,928143,UR_LU,neutral,happiness,6,3,8.33,0,11,1,54.55,100.0,0.0,0.0,,,,-1.0,-1.0,0,0,0
928195,928196,UR_LU,happiness,neutral,3,6,50.0,0,11,1,0.0,0.0,54.55,100.0,,,,-1.0,-1.0,0,0,0
928218,928219,UR_LU,neutral,happiness,6,3,8.33,0,11,1,54.55,100.0,0.0,0.0,,,,-1.0,-1.0,0,0,0
928265,928266,UR_LU,happiness,neutral,3,6,50.0,0,11,1,0.0,0.0,54.55,100.0,,,,-1.0,-1.0,0,0,0
928632,928633,UR_LU,neutral,happiness,6,3,8.33,0,11,1,54.55,100.0,0.0,0.0,,,,-1.0,-1.0,0,0,0
928685,928686,UR_LU,happiness,neutral,3,6,50.0,0,11,1,0.0,0.0,54.55,100.0,,,,-1.0,-1.0,0,0,0
928712,928713,UR_LU,neutral,happiness,6,3,8.33,0,11,1,54.55,100.0,0.0,0.0,,,,-1.0,-1.0,0,0,0
928790,928791,UR_LU,happiness,neutral,3,6,50.0,0,11,1,0.0,0.0,54.55,100.0,,,,-1.0,-1.0,0,0,0
935022,935023,UR_LU,neutral,anger,6,1,16.67,0,11,1,54.55,100.0,18.18,100.0,,,,-1.0,-1.0,0,0,0
935034,935035,UR_LU,anger,neutral,1,6,50.0,0,11,1,18.18,100.0,54.55,100.0,,,,-1.0,-1.0,0,0,0
935060,935061,UR_LU,neutral,anger,6,1,16.67,0,11,1,54.55,100.0,18.18,100.0,,,,-1.0,-1.0,0,0,0
935487,935488,UR_LU,anger,neutral,1,6,50.0,0,11,1,18.18,100.0,54.55,100.0,,,,-1.0,-1.0,0,0,0
935646,935647,UR_XP,neutral,sadness,6,4,25.0,1,11,1,54.55,100.0,18.18,100.0,9.09,100.0,100.0,0.55195,-1.0,1,1,1
935717,935718,UR_LU,neutral,happiness,6,3,8.33,0,11,1,54.55,100.0,0.0,0.0,,,,-1.0,-1.0,0,0,0
935821,935822,UR_LU,happiness,neutral,3,6,41.67,0,11,1,0.0,0.0,54.55,100.0,,,,-1.0,-1.0,0,0,0
936264,936265,UR_XP,anger,neutral,1,6,50.0,0,11,1,18.18,100.0,54.55,100.0,,,,-1.0,-1.0,0,0,0
936684,936685,UL_LU,neutral,surprise,6,5,8.33,0,11,1,63.64,100.0,9.09,100.0,,,,-1.0,-1.0,0,0,0
936704,936705,UR_FR,sadness,neutral,4,6,50.0,1,11,1,18.18,100.0,63.64,100.0,9.09,100.0,100.0,-1.0,0.55195,1,1,1
936740,936741,UR_LU,neutral,surprise,6,5,16.67,1,11,1,54.55,100.0,27.27,100.0,9.09,100.0,100.0,-1.0,0.66145,1,1,1
936825,936826,UL_LU,surprise,neutral,5,6,50.0,2,11,1,27.27,100.0,63.64,100.0,18.18,100.0,100.0,0.52472,0.15051,2,2,2
936850,936851,UR_LU,surprise,neutral,5,6,58.33,2,11,1,27.27,100.0,63.64,100.0,18.18,100.0,100.0,0.34854,-1.0,2,2,2
938396,938397,UR_LU,neutral,happiness,6,3,8.33,0,11,1,63.64,100.0,0.0,0.0,,,,-1.0,-1.0,0,0,0
938513,938514,UR_LU,happiness,neutral,3,6,58.33,0,11,1,0.0,0.0,63.64,100.0,,,,-1.0,-1.0,0,0,0
943992,943993,UL_LU,neutral,sadness,6,4,25.0,1,11,1,63.64,100.0,18.18,100.0,9.09,100.0,100.0,0.55195,-1.0,1,1,1
944029,944030,UR_FR,neutral,anger,6,1,8.33,0,11,1,63.64,100.0,9.09,100.0,,,,-1.0,-1.0,0,0,0
944092,944093,UL_FR,neutral,surprise,6,5,8.33,0,11,1,36.36,100.0,9.09,100.0,,,,-1.0,-1.0,0,0,0
950816,950817,UR_LU,neutral,happiness,6,3,8.33,0,11,1,27.27,100.0,0.0,0.0,,,,-1.0,-1.0,0,0,0
951179,951180,UR_FR,anger,neutral,1,6,25.0,1,11,1,9.09,100.0,45.45,80.0,9.09,100.0,0.0,0.07209,0.24572,1,1,1
951217,951218,UR_LU,sadness,neutral,4,6,41.67,3,11,1,36.36,100.0,72.73,87.5,27.27,100.0,66.67,-1.0,0.37604,3,3,3_plus
951260,951261,UL_LU,sadness,neutral,4,6,50.0,4,11,1,45.45,100.0,72.73,87.5,36.36,100.0,75.0,0.48352,0.29574,4,3,3_plus
951373,951374,DL_FR,surprise,neutral,5,6,66.67,1,11,1,18.18,100.0,81.82,100.0,9.09,100.0,100.0,-1.0,0.43452,1,1,1
951381,951382,DL_FR,neutral,anger,6,1,8.33,1,11,1,81.82,100.0,9.09,100.0,9.09,100.0,100.0,-1.0,0.00686,1,1,1
951398,951399,DL_XP,neutral,anger,6,1,16.67,1,11,1,81.82,100.0,9.09,100.0,9.09,100.0,100.0,0.00847,-1.0,1,1,1
951553,951554,DL_FR,anger,neutral,1,6,58.33,1,11,1,9.09,100.0,81.82,100.0,9.09,100.0,100.0,-1.0,0.19623,1,1,1
951682,951683,DR_LU,sadness,neutral,4,6,66.67,2,11,1,18.18,100.0,81.82,100.0,18.18,100.0,100.0,0.40776,-1.0,2,2,2
951840,951841,DR_FR,neutral,surprise,6,5,25.0,1,11,1,72.73,100.0,18.18,100.0,9.09,100.0,100.0,0.34796,-1.0,1,1,1
952036,952037,DL_FR,neutral,surprise,6,5,33.33,3,11,1,81.82,100.0,27.27,100.0,27.27,100.0,100.0,0.28421,-1.0,3,3,3_plus
952042,952043,UL_FR,surprise,neutral,5,6,58.33,3,11,1,27.27,100.0,81.82,100.0,27.27,100.0,100.0,-1.0,0.2833,3,3,3_plus
952093,952094,DL_FR,surprise,neutral,5,6,66.67,2,11,1,27.27,100.0,72.73,100.0,18.18,100.0,100.0,0.1365,0.34796,2,2,2
952295,952296,DR_FR,surprise,neutral,5,6,75.0,2,11,1,18.18,100.0,81.82,100.0,18.18,100.0,100.0,0.20326,0.34796,2,2,2
952586,952587,DL_FR,neutral,sadness,6,4,8.33,3,11,1,81.82,100.0,27.27,100.0,27.27,100.0,100.0,-1.0,0.42924,3,3,3_plus
952610,952611,DR_FR,neutral,surprise,6,5,16.67,2,11,1,81.82,100.0,18.18,50.0,18.18,100.0,50.0,0.19421,0.10352,2,2,2
953644,953645,DL_FR,sadness,neutral,4,6,66.67,1,11,1,9.09,100.0,81.82,100.0,9.09,100.0,100.0,0.50406,-1.0,1,1,1
954465,954466,UR_XP,neutral,disgust,6,2,8.33,0,11,1,81.82,100.0,0.0,0.0,,,,-1.0,-1.0,0,0,0
954660,954661,UR_XP,disgust,neutral,2,6,66.67,0,11,1,0.0,0.0,81.82,100.0,,,,-1.0,-1.0,0,0,0
955695,955696,UR_XP,neutral,anger,6,1,8.33,1,11,1,72.73,100.0,9.09,100.0,9.09,100.0,100.0,-1.0,0.33691,1,1,1
955767,955768,DL_FR,neutral,surprise,6,5,25.0,1,11,1,72.73,87.5,18.18,100.0,9.09,100.0,100.0,0.3749,-1.0,1,1,1
955891,955892,UL_FR,neutral,anger,6,1,16.67,3,11,1,72.73,100.0,36.36,100.0,27.27,100.0,100.0,-1.0,0.27326,3,3,3_plus
955976,955977,UL_XP,neutral,anger,6,1,25.0,2,11,1,54.55,100.0,36.36,100.0,18.18,100.0,100.0,-1.0,0.29019,2,2,2
956051,956052,UR_FR,neutral,anger,6,1,33.33,2,11,1,54.55,100.0,36.36,100.0,18.18,100.0,100.0,0.01402,0.38297,2,2,2
956055,956056,UL_XP,anger,neutral,1,6,41.67,2,11,1,36.36,100.0,63.64,100.0,18.18,100.0,100.0,0.37803,0.01484,2,2,2
956200,956201,DL_FR,surprise,neutral,5,6,41.67,1,11,1,18.18,100.0,63.64,85.71,9.09,100.0,100.0,-1.0,0.3749,1,1,1
956233,956234,UL_FR,anger,neutral,1,6,50.0,1,11,1,18.18,100.0,63.64,100.0,9.09,100.0,100.0,-1.0,0.28669,1,1,1
956341,956342,UR_XP,anger,neutral,1,6,58.33,0,11,1,9.09,100.0,63.64,100.0,,,,-1.0,-1.0,0,0,0
956483,956484,UR_XP,neutral,anger,6,1,16.67,0,11,1,72.73,100.0,9.09,100.0,,,,-1.0,-1.0,0,0,0
956679,956680,UR_XP,anger,neutral,1,6,66.67,2,11,1,27.27,100.0,72.73,100.0,18.18,100.0,100.0,0.40883,-1.0,2,2,2
956743,956744,UL_FR,neutral,anger,6,1,16.67,2,11,1,72.73,100.0,27.27,100.0,18.18,100.0,100.0,-1.0,0.38028,2,2,2
957740,957741,UL_LU,neutral,anger,6,1,25.0,2,11,1,54.55,100.0,36.36,100.0,18.18,100.0,100.0,-1.0,0.16727,2,2,2
957775,957776,UR_LU,neutral,anger,6,1,41.67,1,10,2,50.0,100.0,30.0,100.0,10.0,100.0,100.0,0.31583,-1.0,1,1,1
957775,957776,UR_XP,neutral,anger,6,1,41.67,1,10,2,50.0,100.0,30.0,100.0,10.0,100.0,100.0,0.31583,-1.0,1,1,1
957779,957780,UL_XP,neutral,disgust,6,2,8.33,1,11,1,54.55,100.0,18.18,50.0,9.09,100.0,0.0,0.01804,0.03623,1,1,1
957887,957888,UL_LU,anger,neutral,1,6,25.0,1,11,1,36.36,100.0,45.45,100.0,9.09,100.0,100.0,-1.0,0.12157,1,1,1
957972,957973,UR_LU,anger,neutral,1,6,33.33,1,11,1,36.36,100.0,45.45,100.0,9.09,100.0,100.0,0.29213,-1.0,1,1,1
958037,958038,UL_LU,neutral,anger,6,1,33.33,1,11,1,36.36,100.0,45.45,100.0,9.09,100.0,100.0,-1.0,0.42697,1,1,1
958212,958213,UL_LU,anger,neutral,1,6,33.33,2,11,1,54.55,100.0,45.45,100.0,18.18,100.0,100.0,0.10157,0.03144,2,2,2
958251,958252,DL_XP,anger,neutral,1,6,41.67,2,11,1,54.55,100.0,45.45,100.0,18.18,100.0,100.0,0.07305,-1.0,2,2,2
958316,958317,DL_FR,neutral,anger,6,1,41.67,2,11,1,45.45,100.0,54.55,100.0,18.18,100.0,100.0,-1.0,0.16746,2,2,2
958496,958497,UR_LU,neutral,anger,6,1,50.0,3,11,1,54.55,100.0,54.55,100.0,27.27,100.0,100.0,0.12433,0.42455,3,3,3_plus
958501,958502,UR_LU,anger,neutral,1,6,33.33,3,11,1,54.55,100.0,54.55,100.0,27.27,100.0,100.0,0.42741,0.09857,3,3,3_plus
958503,958504,UL_XP,anger,neutral,1,6,41.67,3,11,1,54.55,100.0,54.55,100.0,27.27,100.0,100.0,0.2147,0.18437,3,3,3_plus
958602,958603,DL_FR,anger,neutral,1,6,41.67,2,11,1,45.45,100.0,45.45,100.0,18.18,100.0,100.0,0.52956,-1.0,2,2,2
959025,959026,UL_FR,anger,neutral,1,6,58.33,1,11,1,18.18,100.0,72.73,100.0,9.09,100.0,100.0,-1.0,0.51636,1,1,1
959122,959123,DL_FR,neutral,surprise,6,5,16.67,1,11,1,72.73,100.0,18.18,100.0,9.09,100.0,100.0,0.3749,-1.0,1,1,1
959488,959489,UR_XP,anger,neutral,1,6,58.33,1,11,1,18.18,100.0,72.73,100.0,9.09,100.0,100.0,0.18816,-1.0,1,1,1
959530,959531,DL_FR,surprise,neutral,5,6,66.67,1,11,1,18.18,100.0,72.73,100.0,9.09,100.0,100.0,-1.0,0.3749,1,1,1
959664,959665,DL_FR,neutral,surprise,6,5,16.67,1,11,1,72.73,100.0,18.18,100.0,9.09,100.0,100.0,0.3749,-1.0,1,1,1
959892,959893,UR_FR,anger,neutral,1,6,66.67,0,11,1,0.0,0.0,81.82,100.0,,,,-1.0,-1.0,0,0,0
960247,960248,DL_FR,surprise,neutral,5,6,66.67,1,11,1,18.18,100.0,72.73,100.0,9.09,100.0,100.0,-1.0,0.3749,1,1,1
960387,960388,UR_XP,neutral,sadness,6,4,8.33,1,11,1,72.73,100.0,9.09,100.0,9.09,100.0,100.0,-1.0,0.06768,1,1,1
960464,960465,UL_FR,neutral,anger,6,1,8.33,1,11,1,72.73,87.5,9.09,100.0,9.09,0.0,100.0,0.43038,0.0692,1,1,1
960594,960595,DL_FR,neutral,sadness,6,4,8.33,0,11,1,54.55,100.0,9.09,100.0,,,,-1.0,-1.0,0,0,0
960689,960690,DL_FR,sadness,neutral,4,6,50.0,1,11,1,9.09,100.0,72.73,87.5,9.09,100.0,0.0,0.05277,0.46038,1,1,1
960762,960763,UR_XP,anger,neutral,1,6,58.33,3,11,1,27.27,66.67,72.73,100.0,27.27,66.67,100.0,0.09384,0.25375,3,3,3_plus
960782,960783,UR_FR,neutral,anger,6,1,16.67,3,11,1,72.73,100.0,27.27,100.0,27.27,100.0,100.0,0.239,0.09738,3,3,3_plus
961135,961136,DL_FR,neutral,anger,6,1,25.0,3,11,1,63.64,100.0,36.36,100.0,27.27,100.0,100.0,0.24907,0.35165,3,3,3_plus
961218,961219,UR_XP,neutral,anger,6,1,33.33,2,11,1,54.55,100.0,36.36,100.0,18.18,100.0,100.0,0.12049,0.59664,2,2,2
962211,962212,UR_XP,anger,neutral,1,6,41.67,2,11,1,36.36,100.0,54.55,100.0,18.18,100.0,100.0,0.47999,0.12685,2,2,2
962397,962398,DL_FR,anger,neutral,1,6,50.0,2,11,1,36.36,100.0,54.55,100.0,18.18,100.0,100.0,0.42302,-1.0,2,2,2
962900,962901,UL_FR,anger,neutral,1,6,58.33,2,11,1,27.27,100.0,63.64,100.0,18.18,100.0,100.0,0.30873,-1.0,2,2,2
963495,963496,DL_FR,neutral,surprise,6,5,16.67,1,11,1,63.64,100.0,18.18,100.0,9.09,100.0,100.0,0.3749,-1.0,1,1,1
963702,963703,UR_FR,anger,neutral,1,6,58.33,0,11,1,0.0,0.0,72.73,100.0,,,,-1.0,-1.0,0,0,0
964054,964055,UL_XP,neutral,surprise,6,5,25.0,2,11,1,72.73,100.0,27.27,100.0,18.18,100.0,100.0,0.3458,-1.0,2,2,2
964482,964483,UR_LU,neutral,disgust,6,2,16.67,0,11,1,63.64,100.0,18.18,100.0,,,,-1.0,-1.0,0,0,0
964544,964545,UL_XP,surprise,neutral,5,6,50.0,1,11,1,18.18,100.0,54.55,100.0,9.09,100.0,100.0,-1.0,0.3749,1,1,1
964617,964618,UR_LU,disgust,neutral,2,6,58.33,0,11,1,18.18,100.0,63.64,100.0,,,,-1.0,-1.0,0,0,0
965226,965227,UR_FR,neutral,anger,6,1,16.67,0,11,1,63.64,100.0,9.09,100.0,,,,-1.0,-1.0,0,0,0
966846,966847,UR_FR,anger,neutral,1,6,58.33,0,11,1,9.09,100.0,63.64,100.0,,,,-1.0,-1.0,0,0,0
967133,967134,UL_XP,neutral,anger,6,1,16.67,2,11,1,63.64,100.0,27.27,66.67,18.18,100.0,50.0,-1.0,0.21064,2,2,2
967201,967202,UR_XP,neutral,anger,6,1,25.0,2,11,1,63.64,100.0,27.27,100.0,18.18,100.0,100.0,0.05908,0.09047,2,2,2
967218,967219,UL_XP,anger,neutral,1,6,50.0,2,11,1,27.27,100.0,63.64,85.71,18.18,100.0,50.0,0.10376,0.10509,2,2,2
968392,968393,UR_XP,anger,neutral,1,6,58.33,0,11,1,9.09,100.0,63.64,100.0,,,,-1.0,-1.0,0,0,0
968603,968604,UR_XP,neutral,anger,6,1,16.67,0,11,1,63.64,100.0,9.09,100.0,,,,-1.0,-1.0,0,0,0
968883,968884,UL_FR,neutral,disgust,6,2,16.67,0,11,1,54.55,100.0,27.27,66.67,,,,-1.0,-1.0,0,0,0
969249,969250,UR_FR,neutral,surprise,6,5,16.67,1,11,1,63.64,100.0,27.27,100.0,9.09,100.0,100.0,0.3749,-1.0,1,1,1
969665,969666,UR_XP,anger,neutral,1,6,50.0,0,11,1,9.09,100.0,63.64,100.0,,,,-1.0,-1.0,0,0,0
970171,970172,UR_XP,neutral,anger,6,1,16.67,1,11,1,72.73,100.0,9.09,100.0,9.09,100.0,100.0,0.30346,-1.0,1,1,1
970241,970242,UR_FR,neutral,anger,6,1,16.67,1,11,1,63.64,85.71,18.18,100.0,9.09,0.0,100.0,0.21959,0.08734,1,1,1
970511,970512,UR_XP,anger,neutral,1,6,41.67,0,11,1,9.09,100.0,54.55,100.0,,,,-1.0,-1.0,0,0,0
970898,970899,UR_XP,neutral,sadness,6,4,8.33,0,11,1,72.73,100.0,0.0,0.0,,,,-1.0,-1.0,0,0,0
971080,971081,UR_FR,neutral,anger,6,1,16.67,2,11,1,72.73,87.5,18.18,50.0,18.18,50.0,50.0,0.17841,0.16536,2,2,2
971228,971229,UL_FR,anger,neutral,1,6,41.67,2,11,1,18.18,100.0,72.73,87.5,18.18,100.0,50.0,0.03939,0.26232,2,2,2
971307,971308,UL_FR,neutral,anger,6,1,16.67,1,11,1,63.64,85.71,18.18,100.0,9.09,0.0,100.0,0.26529,0.09745,1,1,1
971574,971575,UR_XP,sadness,neutral,4,6,41.67,0,11,1,0.0,0.0,54.55,100.0,,,,-1.0,-1.0,0,0,0
971874,971875,UR_XP,neutral,sadness,6,4,8.33,0,11,1,63.64,100.0,0.0,0.0,,,,-1.0,-1.0,0,0,0
972035,972036,UR_FR,anger,neutral,1,6,41.67,2,11,1,18.18,100.0,72.73,87.5,18.18,100.0,50.0,0.14998,0.31812,2,2,2
972133,972134,UL_FR,anger,neutral,1,6,50.0,2,11,1,18.18,100.0,72.73,87.5,18.18,100.0,50.0,0.16132,0.36791,2,2,2
972937,972938,UL_FR,neutral,anger,6,1,16.67,0,11,1,63.64,100.0,9.09,100.0,,,,-1.0,-1.0,0,0,0
972967,972968,DL_FR,disgust,neutral,2,6,50.0,0,11,1,18.18,50.0,63.64,100.0,,,,-1.0,-1.0,0,0,0
973182,973183,UR_XP,anger,neutral,1,6,58.33,0,11,1,9.09,100.0,63.64,100.0,,,,-1.0,-1.0,0,0,0
973416,973417,DL_FR,neutral,disgust,6,2,16.67,1,11,1,63.64,100.0,18.18,50.0,9.09,100.0,0.0,-1.0,0.28258,1,1,1
973565,973566,DL_FR,disgust,neutral,2,6,58.33,1,11,1,18.18,50.0,63.64,100.0,9.09,0.0,100.0,0.43061,-1.0,1,1,1
975231,975232,UR_XP,neutral,anger,6,1,16.67,0,11,1,63.64,100.0,9.09,100.0,,,,-1.0,-1.0,0,0,0
975263,975264,DL_FR,neutral,disgust,6,2,16.67,1,11,1,63.64,100.0,18.18,50.0,9.09,100.0,0.0,0.06221,0.42841,1,1,1
975665,975666,DL_FR,disgust,neutral,2,6,50.0,1,11,1,18.18,100.0,72.73,87.5,9.09,100.0,0.0,0.08377,0.09741,1,1,1
975694,975695,UR_XP,anger,neutral,1,6,58.33,0,11,1,9.09,100.0,63.64,100.0,,,,-1.0,-1.0,0,0,0
976471,976472,DL_FR,neutral,anger,6,1,16.67,1,11,1,63.64,100.0,18.18,100.0,9.09,100.0,100.0,-1.0,0.13613,1,1,1
977206,977207,UR_XP,neutral,anger,6,1,25.0,1,11,1,63.64,100.0,18.18,100.0,9.09,100.0,100.0,0.07331,-1.0,1,1,1
977273,977274,UL_FR,anger,neutral,1,6,50.0,1,11,1,18.18,100.0,63.64,85.71,9.09,100.0,0.0,0.06011,0.36449,1,1,1
977580,977581,UL_FR,neutral,anger,6,1,16.67,1,11,1,63.64,100.0,18.18,50.0,9.09,100.0,0.0,0.10564,0.36701,1,1,1
977609,977610,UR_XP,sadness,neutral,4,6,50.0,0,11,1,0.0,0.0,63.64,100.0,,,,-1.0,-1.0,0,0,0
977872,977873,UL_FR,anger,neutral,1,6,58.33,1,11,1,9.09,100.0,72.73,100.0,9.09,100.0,100.0,-1.0,0.33857,1,1,1
978239,978240,UR_XP,neutral,anger,6,1,16.67,2,11,1,72.73,100.0,18.18,100.0,18.18,100.0,100.0,0.33857,0.10097,2,2,2
978619,978620,UR_XP,sadness,neutral,4,6,58.33,0,11,1,0.0,0.0,72.73,100.0,,,,-1.0,-1.0,0,0,0
978645,978646,UL_FR,neutral,anger,6,1,16.67,2,11,1,72.73,100.0,18.18,50.0,18.18,100.0,50.0,0.17672,0.23613,2,2,2
978776,978777,DL_FR,anger,neutral,1,6,58.33,1,11,1,18.18,50.0,63.64,100.0,9.09,0.0,100.0,0.42987,-1.0,1,1,1
979426,979427,UR_XP,neutral,sadness,6,4,8.33,0,11,1,63.64,100.0,0.0,0.0,,,,-1.0,-1.0,0,0,0
979574,979575,UR_XP,sadness,neutral,4,6,58.33,0,11,1,0.0,0.0,72.73,100.0,,,,-1.0,-1.0,0,0,0
980281,980282,UL_FR,anger,neutral,1,6,66.67,1,11,1,9.09,0.0,72.73,100.0,9.09,0.0,100.0,0.42666,-1.0,1,1,1
980359,980360,UL_FR,neutral,anger,6,1,8.33,1,11,1,72.73,100.0,9.09,0.0,9.09,100.0,0.0,-1.0,0.20569,1,1,1
980362,980363,UR_XP,neutral,sadness,6,4,8.33,0,11,1,72.73,100.0,0.0,0.0,,,,-1.0,-1.0,0,0,0
981290,981291,UR_XP,sadness,neutral,4,6,58.33,0,11,1,0.0,0.0,63.64,100.0,,,,-1.0,-1.0,0,0,0
982003,982004,DL_FR,neutral,surprise,6,5,16.67,1,11,1,72.73,100.0,18.18,100.0,9.09,100.0,100.0,0.3749,-1.0,1,1,1
982007,982008,UL_FR,anger,neutral,1,6,58.33,1,11,1,9.09,100.0,72.73,100.0,9.09,100.0,100.0,0.21389,-1.0,1,1,1
982070,982071,UR_FR,neutral,anger,6,1,8.33,1,11,1,72.73,100.0,9.09,100.0,9.09,100.0,100.0,-1.0,0.17855,1,1,1
982438,982439,UR_FR,anger,neutral,1,6,58.33,0,11,1,0.0,0.0,72.73,100.0,,,,-1.0,-1.0,0,0,0
982792,982793,UR_LU,neutral,sadness,6,4,8.33,0,11,1,72.73,100.0,0.0,0.0,,,,-1.0,-1.0,0,0,0
982902,982903,UR_LU,sadness,neutral,4,6,58.33,0,11,1,0.0,0.0,72.73,100.0,,,,-1.0,-1.0,0,0,0
983013,983014,UR_LU,neutral,sadness,6,4,8.33,0,11,1,72.73,100.0,0.0,0.0,,,,-1.0,-1.0,0,0,0
984656,984657,UL_LU,neutral,sadness,6,4,16.67,1,11,1,72.73,100.0,9.09,100.0,9.09,100.0,100.0,0.12306,-1.0,1,1,1
984874,984875,UL_LU,sadness,neutral,4,6,50.0,1,11,1,9.09,100.0,72.73,100.0,9.09,100.0,100.0,-1.0,0.1309,1,1,1
985843,985844,UR_LU,sadness,neutral,4,6,58.33,1,11,1,9.09,100.0,72.73,100.0,9.09,100.0,100.0,0.13385,-1.0,1,1,1
985968,985969,UR_LU,neutral,sadness,6,4,8.33,1,11,1,72.73,100.0,9.09,100.0,9.09,100.0,100.0,-1.0,0.19942,1,1,1
986084,986085,UL_LU,neutral,sadness,6,4,16.67,1,11,1,72.73,100.0,9.09,100.0,9.09,100.0,100.0,0.16762,-1.0,1,1,1
986183,986184,UL_LU,sadness,neutral,4,6,50.0,1,11,1,9.09,100.0,72.73,100.0,9.09,100.0,100.0,-1.0,0.2323,1,1,1
986185,986186,UL_LU,neutral,sadness,6,4,16.67,1,11,1,72.73,100.0,9.09,100.0,9.09,100.0,100.0,0.23257,-1.0,1,1,1
986199,986200,UL_LU,sadness,neutral,4,6,50.0,1,11,1,9.09,100.0,72.73,100.0,9.09,100.0,100.0,-1.0,0.23664,1,1,1
986432,986433,UL_LU,neutral,sadness,6,4,16.67,1,11,1,72.73,100.0,9.09,100.0,9.09,100.0,100.0,0.25858,-1.0,1,1,1
986625,986626,UL_LU,sadness,neutral,4,6,50.0,1,11,1,9.09,100.0,72.73,100.0,9.09,100.0,100.0,-1.0,0.09081,1,1,1
986657,986658,UR_LU,sadness,neutral,4,6,58.33,1,11,1,9.09,100.0,72.73,100.0,9.09,100.0,100.0,0.15228,-1.0,1,1,1
986799,986800,UR_LU,neutral,sadness,6,4,8.33,1,11,1,72.73,100.0,9.09,100.0,9.09,100.0,100.0,-1.0,0.12341,1,1,1
986832,986833,UL_LU,neutral,sadness,6,4,16.67,1,11,1,72.73,100.0,9.09,100.0,9.09,100.0,100.0,0.09876,-1.0,1,1,1
987555,987556,UL_LU,sadness,neutral,4,6,50.0,1,11,1,9.09,100.0,72.73,100.0,9.09,100.0,100.0,-1.0,0.14388,1,1,1
987701,987702,UL_LU,neutral,sadness,6,4,16.67,1,11,1,72.73,100.0,9.09,100.0,9.09,100.0,100.0,0.06719,-1.0,1,1,1
988599,988600,UL_LU,sadness,neutral,4,6,50.0,1,11,1,9.09,100.0,72.73,100.0,9.09,100.0,100.0,-1.0,0.19372,1,1,1
988666,988667,UR_LU,sadness,neutral,4,6,58.33,1,11,1,9.09,100.0,72.73,100.0,9.09,100.0,100.0,0.30553,-1.0,1,1,1
988743,988744,UR_LU,neutral,sadness,6,4,8.33,1,11,1,72.73,100.0,9.09,100.0,9.09,100.0,100.0,-1.0,0.27195,1,1,1
988804,988805,UL_LU,neutral,sadness,6,4,16.67,1,11,1,72.73,100.0,9.09,100.0,9.09,100.0,100.0,0.16131,-1.0,1,1,1
990821,990822,UL_LU,sadness,neutral,4,6,50.0,1,11,1,9.09,100.0,72.73,100.0,9.09,100.0,100.0,-1.0,0.09573,1,1,1
990860,990861,UL_LU,neutral,sadness,6,4,16.67,1,11,1,72.73,100.0,9.09,100.0,9.09,100.0,100.0,0.12363,-1.0,1,1,1
991368,991369,UL_LU,sadness,neutral,4,6,50.0,1,11,1,9.09,100.0,72.73,100.0,9.09,100.0,100.0,-1.0,0.03784,1,1,1
991412,991413,UL_LU,neutral,sadness,6,4,16.67,1,11,1,72.73,100.0,9.09,100.0,9.09,100.0,100.0,0.10259,-1.0,1,1,1
992322,992323,UL_LU,sadness,neutral,4,6,50.0,2,11,1,18.18,100.0,72.73,100.0,18.18,100.0,100.0,0.67129,0.23141,2,2,2
992467,992468,UR_LU,sadness,neutral,4,6,58.33,1,11,1,9.09,100.0,72.73,100.0,9.09,100.0,100.0,0.57359,-1.0,1,1,1
992605,992606,UR_LU,neutral,sadness,6,4,8.33,3,11,1,72.73,100.0,27.27,66.67,27.27,100.0,66.67,-1.0,0.44784,3,3,3_plus
992667,992668,UL_LU,neutral,sadness,6,4,16.67,3,11,1,72.73,100.0,27.27,66.67,27.27,100.0,66.67,0.07065,0.43146,3,3,3_plus
992769,992770,UR_XP,neutral,anger,6,1,8.33,0,11,1,72.73,100.0,0.0,0.0,,,,-1.0,-1.0,0,0,0
992798,992799,DR_FR,surprise,neutral,5,6,41.67,1,11,1,18.18,100.0,72.73,100.0,9.09,100.0,100.0,-1.0,0.21944,1,1,1
993537,993538,UR_XP,anger,neutral,1,6,50.0,1,11,1,9.09,100.0,72.73,100.0,9.09,100.0,100.0,0.19422,-1.0,1,1,1
993549,993550,UL_LU,sadness,neutral,4,6,58.33,2,11,1,18.18,100.0,72.73,100.0,18.18,100.0,100.0,0.35449,0.08438,2,2,2
993588,993589,UR_LU,sadness,neutral,4,6,66.67,2,11,1,18.18,100.0,72.73,100.0,18.18,100.0,100.0,0.23478,-1.0,2,2,2
993629,993630,UL_FR,neutral,anger,6,1,8.33,1,11,1,72.73,100.0,9.09,100.0,9.09,100.0,100.0,-1.0,0.02545,1,1,1
993665,993666,UR_XP,neutral,anger,6,1,16.67,1,11,1,72.73,100.0,9.09,100.0,9.09,100.0,100.0,0.0369,-1.0,1,1,1
993900,993901,UR_LU,neutral,sadness,6,4,8.33,2,11,1,72.73,100.0,18.18,100.0,18.18,100.0,100.0,-1.0,0.19718,2,2,2
993934,993935,UR_FR,neutral,anger,6,1,25.0,2,11,1,72.73,100.0,18.18,100.0,18.18,100.0,100.0,0.14006,-1.0,2,2,2
993967,993968,UL_LU,neutral,sadness,6,4,16.67,2,11,1,72.73,100.0,18.18,100.0,18.18,100.0,100.0,0.10587,0.21446,2,2,2
994080,994081,UL_XP,neutral,sadness,6,4,25.0,2,11,1,72.73,100.0,18.18,100.0,18.18,100.0,100.0,0.09589,-1.0,2,2,2
994141,994142,UR_XP,anger,neutral,1,6,25.0,2,11,1,18.18,100.0,72.73,100.0,18.18,100.0,100.0,-1.0,0.20061,2,2,2
994170,994171,UL_XP,sadness,neutral,4,6,33.33,2,11,1,18.18,100.0,72.73,100.0,18.18,100.0,100.0,-1.0,0.04856,2,2,2
994307,994308,UL_LU,sadness,neutral,4,6,41.67,2,11,1,18.18,100.0,63.64,100.0,18.18,100.0,100.0,0.1089,0.0175,2,2,2
994352,994353,UL_LU,neutral,sadness,6,4,16.67,2,11,1,63.64,100.0,18.18,100.0,18.18,100.0,100.0,0.06985,0.1727,2,2,2
994528,994529,UL_XP,neutral,sadness,6,4,25.0,2,11,1,63.64,100.0,18.18,100.0,18.18,100.0,100.0,0.11988,-1.0,2,2,2
994596,994597,UL_LU,sadness,neutral,4,6,33.33,2,11,1,18.18,100.0,63.64,100.0,18.18,100.0,100.0,-1.0,0.08074,2,2,2
994605,994606,UL_LU,neutral,sadness,6,4,25.0,2,11,1,63.64,100.0,18.18,100.0,18.18,100.0,100.0,0.0727,-1.0,2,2,2
995598,995599,UL_LU,sadness,neutral,4,6,33.33,1,11,1,18.18,100.0,63.64,100.0,9.09,100.0,100.0,-1.0,0.07948,1,1,1
995603,995604,UR_FR,anger,neutral,1,6,41.67,2,11,1,18.18,100.0,63.64,100.0,18.18,100.0,100.0,0.57426,0.04218,2,2,2
995720,995721,UL_LU,neutral,sadness,6,4,25.0,1,11,1,63.64,100.0,18.18,100.0,9.09,100.0,100.0,0.05944,-1.0,1,1,1
995803,995804,UR_LU,sadness,neutral,4,6,41.67,1,11,1,18.18,100.0,63.64,100.0,9.09,100.0,100.0,-1.0,0.11408,1,1,1
995848,995849,UR_LU,neutral,sadness,6,4,25.0,1,11,1,63.64,100.0,18.18,100.0,9.09,100.0,100.0,0.18909,-1.0,1,1,1
995936,995937,UR_FR,neutral,anger,6,1,16.67,3,11,1,63.64,100.0,27.27,66.67,27.27,100.0,66.67,0.13528,0.60302,3,3,3_plus
996049,996050,UR_LU,sadness,neutral,4,6,33.33,1,11,1,18.18,100.0,63.64,100.0,9.09,100.0,100.0,-1.0,0.15908,1,1,1
996107,996108,UR_LU,neutral,sadness,6,4,25.0,1,11,1,63.64,100.0,18.18,100.0,9.09,100.0,100.0,0.18162,-1.0,1,1,1
996582,996583,UL_LU,sadness,neutral,4,6,33.33,1,11,1,18.18,100.0,63.64,100.0,9.09,100.0,100.0,-1.0,0.0198,1,1,1
996620,996621,UR_FR,anger,neutral,1,6,41.67,3,11,1,27.27,100.0,72.73,87.5,27.27,100.0,66.67,0.43145,0.27305,3,3,3_plus
996692,996693,UL_LU,neutral,sadness,6,4,25.0,2,11,1,72.73,87.5,18.18,100.0,18.18,50.0,100.0,0.32782,-1.0,2,2,2
996765,996766,UR_FR,neutral,anger,6,1,16.67,3,11,1,72.73,87.5,27.27,100.0,27.27,66.67,100.0,0.27645,0.41353,3,3,3_plus
997010,997011,UR_LU,sadness,neutral,4,6,33.33,2,11,1,18.18,100.0,72.73,100.0,18.18,100.0,100.0,-1.0,0.26594,2,2,2
997045,997046,UR_LU,neutral,sadness,6,4,25.0,2,11,1,72.73,100.0,18.18,100.0,18.18,100.0,100.0,0.25378,-1.0,2,2,2
997247,997248,UR_LU,sadness,neutral,4,6,33.33,2,11,1,18.18,100.0,72.73,100.0,18.18,100.0,100.0,-1.0,0.22461,2,2,2
997297,997298,UR_LU,neutral,sadness,6,4,25.0,2,11,1,72.73,100.0,18.18,100.0,18.18,100.0,100.0,0.21213,-1.0,2,2,2
997321,997322,UR_LU,sadness,neutral,4,6,33.33,2,11,1,18.18,100.0,72.73,100.0,18.18,100.0,100.0,-1.0,0.20522,2,2,2
997350,997351,UR_FR,anger,neutral,1,6,41.67,3,11,1,27.27,66.67,72.73,100.0,27.27,66.67,100.0,0.46142,0.15525,3,3,3_plus
997396,997397,UR_LU,neutral,sadness,6,4,25.0,2,11,1,72.73,100.0,18.18,100.0,18.18,100.0,100.0,0.14913,-1.0,2,2,2
997404,997405,UL_LU,sadness,neutral,4,6,41.67,2,11,1,18.18,100.0,72.73,100.0,18.18,100.0,100.0,-1.0,0.15001,2,2,2
997488,997489,UL_LU,neutral,sadness,6,4,25.0,2,11,1,72.73,100.0,18.18,100.0,18.18,100.0,100.0,0.19661,-1.0,2,2,2
997623,997624,UR_LU,sadness,neutral,4,6,41.67,2,11,1,18.18,100.0,72.73,100.0,18.18,100.0,100.0,-1.0,0.29361,2,2,2
997818,997819,UR_LU,neutral,sadness,6,4,25.0,2,11,1,72.73,100.0,18.18,100.0,18.18,100.0,100.0,0.20937,-1.0,2,2,2
998187,998188,UL_LU,sadness,neutral,4,6,41.67,2,11,1,18.18,100.0,72.73,100.0,18.18,100.0,100.0,-1.0,0.09171,2,2,2
998208,998209,UL_LU,neutral,sadness,6,4,25.0,2,11,1,72.73,100.0,18.18,100.0,18.18,100.0,100.0,0.07894,-1.0,2,2,2
998215,998216,UR_LU,sadness,neutral,4,6,41.67,2,11,1,18.18,100.0,72.73,100.0,18.18,100.0,100.0,-1.0,0.07585,2,2,2
998329,998330,UR_FR,neutral,anger,6,1,16.67,3,11,1,72.73,100.0,27.27,66.67,27.27,100.0,66.67,0.06579,0.48565,3,3,3_plus
998399,998400,UR_LU,neutral,sadness,6,4,25.0,2,11,1,72.73,100.0,18.18,100.0,18.18,100.0,100.0,0.14825,-1.0,2,2,2
998476,998477,UR_LU,sadness,neutral,4,6,33.33,2,11,1,18.18,100.0,72.73,100.0,18.18,100.0,100.0,-1.0,0.14166,2,2,2
998485,998486,UR_LU,neutral,sadness,6,4,25.0,2,11,1,72.73,100.0,18.18,100.0,18.18,100.0,100.0,0.14431,-1.0,2,2,2
998507,998508,UR_LU,sadness,neutral,4,6,33.33,2,11,1,18.18,100.0,72.73,100.0,18.18,100.0,100.0,-1.0,0.15865,2,2,2
998536,998537,UR_LU,neutral,sadness,6,4,25.0,2,11,1,72.73,100.0,18.18,100.0,18.18,100.0,100.0,0.15119,-1.0,2,2,2
998542,998543,UR_FR,anger,neutral,1,6,33.33,3,11,1,27.27,66.67,72.73,100.0,27.27,66.67,100.0,0.48297,0.09332,3,3,3_plus
998807,998808,UR_LU,sadness,neutral,4,6,41.67,2,11,1,18.18,100.0,72.73,100.0,18.18,100.0,100.0,-1.0,0.139,2,2,2
998919,998920,UR_LU,neutral,sadness,6,4,25.0,2,11,1,72.73,100.0,18.18,100.0,18.18,100.0,100.0,0.1118,-1.0,2,2,2
999699,999700,UR_FR,neutral,anger,6,1,16.67,2,11,1,72.73,100.0,18.18,100.0,18.18,100.0,100.0,0.04218,0.40412,2,2,2
1000355,1000356,UR_FR,anger,neutral,1,6,33.33,3,11,1,27.27,66.67,72.73,100.0,27.27,66.67,100.0,0.48448,0.10717,3,3,3_plus
1001235,1001236,UR_FR,neutral,anger,6,1,16.67,2,11,1,72.73,100.0,18.18,100.0,18.18,100.0,100.0,0.04218,0.7076,2,2,2
1001559,1001560,UL_FR,anger,neutral,1,6,33.33,1,11,1,9.09,100.0,72.73,100.0,9.09,100.0,100.0,-1.0,0.02092,1,1,1
1001719,1001720,UR_FR,anger,neutral,1,6,41.67,0,11,1,0.0,0.0,72.73,100.0,,,,-1.0,-1.0,0,0,0
1002028,1002029,UL_LU,sadness,neutral,4,6,50.0,2,11,1,18.18,100.0,72.73,100.0,18.18,100.0,100.0,-1.0,0.14783,2,2,2
1002078,1002079,UL_LU,neutral,sadness,6,4,25.0,2,11,1,72.73,100.0,18.18,100.0,18.18,100.0,100.0,0.16934,-1.0,2,2,2
1002154,1002155,DL_FR,surprise,neutral,5,6,50.0,0,11,1,9.09,100.0,72.73,100.0,,,,-1.0,-1.0,0,0,0
1003010,1003011,UL_LU,sadness,neutral,4,6,58.33,2,11,1,18.18,100.0,72.73,100.0,18.18,100.0,100.0,-1.0,0.17634,2,2,2
1003159,1003160,UR_LU,sadness,neutral,4,6,66.67,2,11,1,18.18,100.0,72.73,100.0,18.18,100.0,100.0,0.06887,0.27902,2,2,2
1003248,1003249,UR_LU,neutral,sadness,6,4,16.67,2,11,1,72.73,100.0,18.18,100.0,18.18,100.0,100.0,0.27481,0.13675,2,2,2
1003491,1003492,UL_LU,neutral,sadness,6,4,25.0,2,11,1,72.73,100.0,18.18,100.0,18.18,100.0,100.0,0.10364,-1.0,2,2,2
1003753,1003754,UR_LU,sadness,neutral,4,6,58.33,2,11,1,18.18,100.0,72.73,100.0,18.18,100.0,100.0,-1.0,0.09323,2,2,2
1003761,1003762,UL_LU,sadness,neutral,4,6,66.67,2,11,1,18.18,100.0,72.73,100.0,18.18,100.0,100.0,0.00438,0.16918,2,2,2
1003834,1003835,UR_FR,neutral,anger,6,1,8.33,1,11,1,72.73,100.0,9.09,100.0,9.09,100.0,100.0,-1.0,0.54164,1,1,1
1003884,1003885,UL_LU,neutral,sadness,6,4,16.67,2,11,1,72.73,100.0,18.18,100.0,18.18,100.0,100.0,0.16918,0.02604,2,2,2
1003925,1003926,UR_LU,neutral,sadness,6,4,25.0,2,11,1,72.73,100.0,18.18,100.0,18.18,100.0,100.0,0.10657,-1.0,2,2,2
1003964,1003965,UR_LU,sadness,neutral,4,6,50.0,2,11,1,18.18,100.0,72.73,100.0,18.18,100.0,100.0,-1.0,0.12486,2,2,2
1003995,1003996,UR_LU,neutral,sadness,6,4,25.0,2,11,1,72.73,100.0,18.18,100.0,18.18,100.0,100.0,0.12776,-1.0,2,2,2
1004041,1004042,UL_LU,sadness,neutral,4,6,50.0,2,11,1,18.18,100.0,72.73,100.0,18.18,100.0,100.0,-1.0,0.11481,2,2,2
1004141,1004142,UR_LU,sadness,neutral,4,6,58.33,2,11,1,18.18,100.0,72.73,100.0,18.18,100.0,100.0,0.05769,0.16918,2,2,2
1004219,1004220,UL_LU,neutral,sadness,6,4,16.67,2,11,1,72.73,100.0,18.18,100.0,18.18,100.0,100.0,0.16918,0.06519,2,2,2
1004272,1004273,UL_LU,sadness,neutral,4,6,58.33,2,11,1,18.18,100.0,72.73,100.0,18.18,100.0,100.0,0.03186,0.16918,2,2,2
1004334,1004335,UR_LU,neutral,sadness,6,4,16.67,2,11,1,72.73,100.0,18.18,100.0,18.18,100.0,100.0,0.16918,0.01407,2,2,2
1004490,1004491,UR_FR,anger,neutral,1,6,58.33,2,11,1,18.18,50.0,72.73,100.0,18.18,50.0,100.0,0.56374,-1.0,2,2,2
1004568,1004569,UR_LU,sadness,neutral,4,6,66.67,2,11,1,18.18,100.0,72.73,100.0,18.18,100.0,100.0,0.05661,0.16918,2,2,2
1004648,1004649,UR_LU,neutral,sadness,6,4,16.67,2,11,1,72.73,100.0,18.18,100.0,18.18,100.0,100.0,0.16918,0.0827,2,2,2
1004744,1004745,UL_LU,neutral,sadness,6,4,25.0,2,11,1,72.73,100.0,18.18,100.0,18.18,100.0,100.0,0.17121,-1.0,2,2,2
1004751,1004752,UR_FR,neutral,anger,6,1,8.33,0,11,1,72.73,100.0,0.0,0.0,,,,-1.0,-1.0,0,0,0
1005051,1005052,UR_LU,sadness,neutral,4,6,50.0,2,11,1,18.18,100.0,72.73,100.0,18.18,100.0,100.0,-1.0,0.20885,2,2,2
1005102,1005103,UR_LU,neutral,sadness,6,4,25.0,2,11,1,72.73,100.0,18.18,100.0,18.18,100.0,100.0,0.20612,-1.0,2,2,2
1005238,1005239,UR_FR,anger,neutral,1,6,50.0,1,11,1,9.09,100.0,72.73,100.0,9.09,100.0,100.0,0.74084,-1.0,1,1,1
1006149,1006150,UL_XP,sadness,neutral,4,6,58.33,2,11,1,18.18,100.0,72.73,100.0,18.18,100.0,100.0,-1.0,0.18874,2,2,2
1006199,1006200,UL_LU,sadness,neutral,4,6,66.67,2,11,1,18.18,100.0,72.73,100.0,18.18,100.0,100.0,0.1377,0.15535,2,2,2
1006252,1006253,UR_LU,sadness,neutral,4,6,75.0,2,11,1,18.18,100.0,72.73,100.0,18.18,100.0,100.0,0.20973,-1.0,2,2,2
1006341,1006342,UR_XP,neutral,anger,6,1,8.33,1,11,1,72.73,100.0,9.09,100.0,9.09,100.0,100.0,-1.0,0.38125,1,1,1
1006432,1006433,UR_XP,anger,neutral,1,6,75.0,1,11,1,9.09,100.0,72.73,100.0,9.09,100.0,100.0,0.22607,-1.0,1,1,1
1006501,1006502,UR_FR,neutral,anger,6,1,8.33,1,11,1,72.73,100.0,9.09,100.0,9.09,100.0,100.0,-1.0,0.11777,1,1,1
1006999,1007000,UR_FR,anger,neutral,1,6,58.33,0,11,1,0.0,0.0,54.55,100.0,,,,-1.0,-1.0,0,0,0
1008369,1008370,UR_FR,neutral,surprise,6,5,8.33,1,11,1,54.55,100.0,18.18,100.0,9.09,100.0,100.0,-1.0,0.18579,1,1,1
1008691,1008692,UR_FR,surprise,neutral,5,6,58.33,1,11,1,18.18,100.0,54.55,100.0,9.09,100.0,100.0,0.18288,-1.0,1,1,1
1008882,1008883,UR_FR,neutral,surprise,6,5,8.33,1,11,1,54.55,100.0,18.18,100.0,9.09,100.0,100.0,-1.0,0.16808,1,1,1
1009247,1009248,UR_FR,surprise,neutral,5,6,58.33,1,11,1,18.18,100.0,54.55,100.0,9.09,100.0,100.0,0.47563,-1.0,1,1,1
1009539,1009540,UR_LU,sadness,neutral,4,6,66.67,0,11,1,0.0,0.0,63.64,100.0,,,,-1.0,-1.0,0,0,0
1009610,1009611,UR_FR,neutral,anger,6,1,8.33,0,11,1,72.73,100.0,0.0,0.0,,,,-1.0,-1.0,0,0,0
1009741,1009742,UR_FR,anger,neutral,1,6,75.0,0,11,1,0.0,0.0,72.73,100.0,,,,-1.0,-1.0,0,0,0
1010788,1010789,UL_FR,neutral,sadness,6,4,8.33,1,11,1,72.73,100.0,9.09,100.0,9.09,100.0,100.0,-1.0,0.11123,1,1,1
1010918,1010919,UL_XP,neutral,disgust,6,2,16.67,0,11,1,72.73,100.0,9.09,100.0,,,,-1.0,-1.0,0,0,0
1011212,1011213,UR_FR,neutral,anger,6,1,8.33,1,11,1,72.73,87.5,9.09,100.0,9.09,0.0,100.0,0.61656,0.29998,1,1,1
1011697,1011698,UL_XP,disgust,neutral,2,6,58.33,0,11,1,9.09,100.0,63.64,100.0,,,,-1.0,-1.0,0,0,0
1011851,1011852,UL_XP,neutral,disgust,6,2,16.67,0,11,1,63.64,100.0,9.09,100.0,,,,-1.0,-1.0,0,0,0
1012404,1012405,UL_FR,sadness,neutral,4,6,58.33,1,11,1,9.09,0.0,63.64,100.0,9.09,0.0,100.0,0.19199,0.05535,1,1,1
1012645,1012646,UL_XP,sadness,neutral,4,6,66.67,0,11,1,0.0,0.0,63.64,100.0,,,,-1.0,-1.0,0,0,0
1012682,1012683,UL_XP,neutral,sadness,6,4,8.33,0,11,1,72.73,100.0,0.0,0.0,,,,-1.0,-1.0,0,0,0
1012849,1012850,UL_XP,sadness,neutral,4,6,66.67,0,11,1,0.0,0.0,72.73,100.0,,,,-1.0,-1.0,0,0,0
1013035,1013036,UL_XP,neutral,sadness,6,4,8.33,0,11,1,72.73,100.0,0.0,0.0,,,,-1.0,-1.0,0,0,0
1013100,1013101,UL_XP,sadness,neutral,4,6,66.67,0,11,1,0.0,0.0,72.73,100.0,,,,-1.0,-1.0,0,0,0
1013134,1013135,UR_FR,anger,neutral,1,6,75.0,1,11,1,9.09,100.0,72.73,100.0,9.09,100.0,100.0,0.67084,-1.0,1,1,1
1013697,1013698,UR_LU,neutral,sadness,6,4,8.33,1,11,1,72.73,100.0,9.09,100.0,9.09,100.0,100.0,-1.0,0.09751,1,1,1
1013830,1013831,UR_LU,sadness,neutral,4,6,75.0,1,11,1,9.09,100.0,72.73,100.0,9.09,100.0,100.0,0.14601,-1.0,1,1,1
1014169,1014170,UR_LU,neutral,sadness,6,4,8.33,1,11,1,72.73,100.0,9.09,100.0,9.09,100.0,100.0,-1.0,0.42497,1,1,1
1014697,1014698,UR_LU,sadness,neutral,4,6,75.0,1,11,1,9.09,0.0,72.73,100.0,9.09,0.0,100.0,0.59731,-1.0,1,1,1
1014940,1014941,UL_XP,neutral,anger,6,1,8.33,0,11,1,72.73,100.0,0.0,0.0,,,,-1.0,-1.0,0,0,0
1015065,1015066,UL_XP,anger,neutral,1,6,75.0,1,11,1,9.09,100.0,72.73,100.0,9.09,100.0,100.0,0.0947,-1.0,1,1,1
1015087,1015088,UR_XP,neutral,anger,6,1,8.33,1,11,1,72.73,100.0,9.09,100.0,9.09,100.0,100.0,-1.0,0.09957,1,1,1
1015121,1015122,UR_FR,neutral,anger,6,1,16.67,2,11,1,72.73,87.5,18.18,100.0,18.18,50.0,100.0,0.12928,0.27389,2,2,2
1015282,1015283,UR_XP,sadness,neutral,4,6,66.67,1,11,1,9.09,100.0,63.64,100.0,9.09,100.0,100.0,0.65942,-1.0,1,1,1
1015429,1015430,UR_XP,neutral,sadness,6,4,8.33,2,11,1,63.64,100.0,18.18,100.0,18.18,100.0,100.0,-1.0,0.62384,2,2,2
1015929,1015930,UR_FR,anger,neutral,1,6,66.67,0,11,1,9.09,100.0,63.64,100.0,,,,-1.0,-1.0,0,0,0
1016169,1016170,UR_FR,neutral,anger,6,1,16.67,1,11,1,72.73,87.5,9.09,100.0,9.09,0.0,100.0,0.46405,-1.0,1,1,1
1018322,1018323,UL_XP,neutral,sadness,6,4,8.33,1,11,1,72.73,100.0,9.09,100.0,9.09,100.0,100.0,-1.0,0.54566,1,1,1
1018554,1018555,UL_XP,sadness,neutral,4,6,58.33,1,11,1,9.09,100.0,72.73,100.0,9.09,100.0,100.0,0.61034,-1.0,1,1,1
1018762,1018763,UL_XP,sadness,neutral,4,6,58.33,1,11,1,9.09,100.0,63.64,100.0,9.09,100.0,100.0,0.56745,-1.0,1,1,1
1018903,1018904,UR_XP,anger,neutral,1,6,66.67,0,11,1,9.09,100.0,63.64,100.0,,,,-1.0,-1.0,0,0,0
1018926,1018927,UL_XP,neutral,sadness,6,4,8.33,1,11,1,63.64,100.0,9.09,100.0,9.09,100.0,100.0,-1.0,0.39136,1,1,1
1019182,1019183,UR_XP,neutral,anger,6,1,16.67,0,11,1,63.64,100.0,9.09,100.0,,,,-1.0,-1.0,0,0,0
1019503,1019504,UL_XP,sadness,neutral,4,6,58.33,1,11,1,9.09,100.0,72.73,100.0,9.09,100.0,100.0,0.42296,-1.0,1,1,1
1019630,1019631,UR_XP,anger,neutral,1,6,66.67,0,11,1,9.09,100.0,63.64,100.0,,,,-1.0,-1.0,0,0,0
1019893,1019894,UR_XP,neutral,anger,6,1,16.67,0,11,1,63.64,100.0,9.09,100.0,,,,-1.0,-1.0,0,0,0
1020736,1020737,UL_XP,neutral,sadness,6,4,8.33,2,11,1,72.73,100.0,18.18,50.0,18.18,100.0,50.0,0.62999,0.67872,2,2,2
1020739,1020740,UR_FR,anger,neutral,1,6,58.33,2,11,1,18.18,100.0,72.73,100.0,18.18,100.0,100.0,0.35739,0.62634,2,2,2
1020931,1020932,UL_XP,sadness,neutral,4,6,66.67,0,11,1,0.0,0.0,72.73,100.0,,,,-1.0,-1.0,0,0,0
1021873,1021874,UR_FR,neutral,anger,6,1,16.67,2,11,1,54.55,100.0,18.18,100.0,18.18,100.0,100.0,0.24166,0.35739,2,2,2
1021990,1021991,UR_XP,anger,neutral,1,6,58.33,2,11,1,18.18,100.0,63.64,100.0,18.18,100.0,100.0,0.35739,0.31533,2,2,2
1022365,1022366,UR_XP,neutral,sadness,6,4,8.33,0,11,1,63.64,100.0,0.0,0.0,,,,-1.0,-1.0,0,0,0
1022657,1022658,UL_LU,neutral,anger,6,1,25.0,3,11,1,63.64,85.71,36.36,100.0,27.27,66.67,100.0,0.54685,0.18103,3,3,3_plus
1022690,1022691,UR_LU,neutral,anger,6,1,33.33,3,11,1,63.64,85.71,36.36,100.0,27.27,66.67,100.0,0.27981,0.35739,3,3,3_plus
1022697,1022698,UL_LU,anger,neutral,1,6,50.0,3,11,1,36.36,100.0,63.64,85.71,27.27,100.0,66.67,0.35739,0.271,3,3,3_plus
1022765,1022766,UR_LU,anger,neutral,1,6,58.33,2,11,1,27.27,100.0,63.64,85.71,18.18,100.0,50.0,0.35739,0.51752,2,2,2
1022940,1022941,DL_FR,neutral,sadness,6,4,8.33,0,11,1,54.55,100.0,9.09,100.0,,,,-1.0,-1.0,0,0,0
1023888,1023889,DL_FR,sadness,neutral,4,6,58.33,1,11,1,9.09,0.0,63.64,100.0,9.09,0.0,100.0,0.42556,0.3484,1,1,1
1024062,1024063,UL_XP,neutral,sadness,6,4,8.33,1,11,1,63.64,100.0,9.09,0.0,9.09,100.0,0.0,0.49338,0.54342,1,1,1
1024615,1024616,DL_XP,neutral,sadness,6,4,16.67,1,11,1,63.64,85.71,18.18,100.0,9.09,0.0,100.0,0.24673,-1.0,1,1,1
1024651,1024652,UL_XP,sadness,neutral,4,6,58.33,1,11,1,18.18,100.0,63.64,100.0,9.09,100.0,100.0,-1.0,0.14673,1,1,1
1024679,1024680,UL_LU,neutral,anger,6,1,25.0,2,11,1,72.73,100.0,27.27,100.0,18.18,100.0,100.0,0.76442,0.35739,2,2,2
1024710,1024711,UL_LU,anger,neutral,1,6,58.33,2,11,1,27.27,100.0,72.73,100.0,18.18,100.0,100.0,0.35739,0.71117,2,2,2
1024761,1024762,UL_LU,neutral,anger,6,1,25.0,2,11,1,72.73,100.0,27.27,100.0,18.18,100.0,100.0,0.64453,0.35739,2,2,2
1025408,1025409,UL_XP,neutral,sadness,6,4,16.67,2,11,1,72.73,87.5,18.18,100.0,18.18,50.0,100.0,0.27948,0.33853,2,2,2
1025461,1025462,UR_XP,anger,neutral,1,6,41.67,3,11,1,27.27,100.0,63.64,85.71,27.27,100.0,66.67,0.20034,0.27058,3,3,3_plus
1025573,1025574,DL_XP,sadness,neutral,4,6,58.33,0,11,1,9.09,100.0,54.55,100.0,,,,-1.0,-1.0,0,0,0
1025631,1025632,UL_LU,anger,neutral,1,6,66.67,1,11,1,27.27,100.0,63.64,100.0,9.09,100.0,100.0,0.35739,-1.0,1,1,1
1025876,1025877,UR_XP,neutral,anger,6,1,16.67,2,11,1,63.64,100.0,36.36,100.0,18.18,100.0,100.0,-1.0,0.48494,2,2,2
1026025,1026026,UR_XP,anger,neutral,1,6,66.67,2,11,1,36.36,100.0,63.64,100.0,18.18,100.0,100.0,0.55592,-1.0,2,2,2
1026096,1026097,UL_XP,sadness,neutral,4,6,75.0,0,11,1,0.0,0.0,72.73,100.0,,,,-1.0,-1.0,0,0,0
1026535,1026536,DL_FR,neutral,surprise,6,5,8.33,0,11,1,81.82,100.0,9.09,100.0,,,,-1.0,-1.0,0,0,0
1026746,1026747,UR_FR,anger,neutral,1,6,75.0,2,11,1,18.18,100.0,81.82,100.0,18.18,100.0,100.0,0.58388,-1.0,2,2,2
1027567,1027568,UL_LU,sadness,neutral,4,6,75.0,1,11,1,9.09,100.0,72.73,100.0,9.09,100.0,100.0,0.18413,-1.0,1,1,1
1028534,1028535,UR_FR,neutral,anger,6,1,8.33,2,11,1,72.73,100.0,18.18,100.0,18.18,100.0,100.0,-1.0,0.56791,2,2,2
1028823,1028824,UL_FR,neutral,anger,6,1,16.67,2,11,1,72.73,100.0,18.18,100.0,18.18,100.0,100.0,0.3307,0.68343,2,2,2
1029308,1029309,UR_FR,anger,neutral,1,6,66.67,3,11,1,27.27,66.67,72.73,100.0,27.27,66.67,100.0,0.53126,0.09412,3,3,3_plus
1029350,1029351,UL_FR,anger,neutral,1,6,75.0,3,11,1,27.27,66.67,72.73,100.0,27.27,66.67,100.0,0.4066,-1.0,3,3,3_plus
1030123,1030124,UL_LU,neutral,sadness,6,4,8.33,0,11,1,72.73,100.0,0.0,0.0,,,,-1.0,-1.0,0,0,0
1030494,1030495,UR_FR,neutral,anger,6,1,8.33,0,11,1,63.64,100.0,0.0,0.0,,,,-1.0,-1.0,0,0,0
1030760,1030761,UR_FR,anger,neutral,1,6,58.33,0,11,1,0.0,0.0,63.64,100.0,,,,-1.0,-1.0,0,0,0
1031186,1031187,UL_LU,sadness,neutral,4,6,66.67,0,11,1,0.0,0.0,63.64,100.0,,,,-1.0,-1.0,0,0,0
1031814,1031815,UR_FR,neutral,anger,6,1,8.33,0,11,1,63.64,100.0,0.0,0.0,,,,-1.0,-1.0,0,0,0
1032228,1032229,UR_FR,anger,neutral,1,6,66.67,0,11,1,0.0,0.0,63.64,100.0,,,,-1.0,-1.0,0,0,0
1032410,1032411,UR_FR,neutral,anger,6,1,8.33,0,11,1,63.64,100.0,0.0,0.0,,,,-1.0,-1.0,0,0,0
1033025,1033026,UL_XP,neutral,anger,6,1,16.67,0,11,1,36.36,100.0,9.09,100.0,,,,-1.0,-1.0,0,0,0
1033099,1033100,UL_XP,anger,neutral,1,6,41.67,0,11,1,9.09,100.0,36.36,100.0,,,,-1.0,-1.0,0,0,0
1033421,1033422,UR_FR,anger,neutral,1,6,66.67,0,11,1,0.0,0.0,63.64,100.0,,,,-1.0,-1.0,0,0,0
1033704,1033705,UR_FR,neutral,surprise,6,5,16.67,0,11,1,63.64,100.0,18.18,100.0,,,,-1.0,-1.0,0,0,0
1034248,1034249,UL_FR,neutral,anger,6,1,16.67,0,11,1,54.55,100.0,9.09,100.0,,,,-1.0,-1.0,0,0,0
1034349,1034350,UL_FR,anger,neutral,1,6,58.33,3,11,1,27.27,66.67,63.64,100.0,27.27,66.67,100.0,0.54417,0.30427,3,3,3_plus
1034496,1034497,UL_FR,neutral,anger,6,1,16.67,1,11,1,54.55,100.0,18.18,100.0,9.09,100.0,100.0,-1.0,0.15347,1,1,1
1034538,1034539,UR_XP,neutral,anger,6,1,25.0,2,11,1,63.64,100.0,18.18,100.0,18.18,100.0,100.0,0.23573,-1.0,2,2,2
1034697,1034698,UR_FR,anger,neutral,1,6,50.0,2,11,1,18.18,100.0,63.64,100.0,18.18,100.0,100.0,-1.0,0.17449,2,2,2
1034761,1034762,UR_XP,anger,neutral,1,6,58.33,2,11,1,18.18,100.0,63.64,100.0,18.18,100.0,100.0,0.13546,0.12019,2,2,2
1034825,1034826,UL_FR,anger,neutral,1,6,66.67,1,11,1,9.09,0.0,63.64,100.0,9.09,0.0,100.0,0.25346,-1.0,1,1,1
1035361,1035362,UL_FR,neutral,anger,6,1,8.33,1,11,1,63.64,100.0,9.09,100.0,9.09,100.0,100.0,-1.0,0.04533,1,1,1
1035378,1035379,UR_FR,neutral,anger,6,1,16.67,1,11,1,63.64,100.0,9.09,100.0,9.09,100.0,100.0,0.0818,-1.0,1,1,1
1035689,1035690,UR_FR,anger,neutral,1,6,58.33,1,11,1,9.09,100.0,63.64,100.0,9.09,100.0,100.0,-1.0,0.39703,1,1,1
1036068,1036069,UR_FR,neutral,anger,6,1,16.67,1,11,1,63.64,100.0,9.09,100.0,9.09,100.0,100.0,0.39703,-1.0,1,1,1
1036249,1036250,UR_XP,neutral,anger,6,1,25.0,3,11,1,63.64,100.0,27.27,100.0,27.27,100.0,100.0,0.37704,0.4271,3,3,3_plus
1036905,1036906,UR_LU,neutral,anger,6,1,33.33,3,11,1,63.64,100.0,27.27,100.0,27.27,100.0,100.0,0.27203,-1.0,3,3,3_plus
1036937,1036938,UR_LU,anger,neutral,1,6,41.67,3,11,1,27.27,100.0,63.64,100.0,27.27,100.0,100.0,-1.0,0.26131,3,3,3_plus
1036970,1036971,UR_XP,anger,neutral,1,6,50.0,3,11,1,27.27,100.0,63.64,100.0,27.27,100.0,100.0,0.14185,0.37735,3,3,3_plus
1037359,1037360,UR_XP,neutral,anger,6,1,25.0,2,11,1,63.64,100.0,18.18,100.0,18.18,100.0,100.0,0.37735,-1.0,2,2,2
1037693,1037694,UR_LU,neutral,anger,6,1,33.33,3,11,1,63.64,100.0,27.27,100.0,27.27,100.0,100.0,0.32348,-1.0,3,3,3_plus
1038216,1038217,UR_LU,anger,neutral,1,6,41.67,3,11,1,27.27,100.0,63.64,100.0,27.27,100.0,100.0,-1.0,0.34725,3,3,3_plus
1039189,1039190,UL_FR,anger,neutral,1,6,50.0,2,11,1,18.18,100.0,63.64,100.0,18.18,100.0,100.0,-1.0,0.35879,2,2,2
1039559,1039560,UR_FR,anger,neutral,1,6,50.0,1,11,1,9.09,100.0,54.55,100.0,9.09,100.0,100.0,-1.0,0.12693,1,1,1
1041804,1041805,UR_LU,neutral,happiness,6,3,8.33,0,11,1,45.45,100.0,0.0,0.0,,,,-1.0,-1.0,0,0,0
1042197,1042198,UR_XP,anger,neutral,1,6,50.0,0,11,1,0.0,0.0,45.45,100.0,,,,-1.0,-1.0,0,0,0
1042237,1042238,UR_LU,happiness,neutral,3,6,58.33,0,11,1,0.0,0.0,54.55,100.0,,,,-1.0,-1.0,0,0,0
1042415,1042416,UR_LU,neutral,anger,6,1,8.33,0,11,1,54.55,100.0,0.0,0.0,,,,-1.0,-1.0,0,0,0
1042507,1042508,UR_LU,anger,neutral,1,6,58.33,0,11,1,0.0,0.0,54.55,100.0,,,,-1.0,-1.0,0,0,0
1042733,1042734,UR_XP,neutral,sadness,6,4,8.33,2,11,1,54.55,100.0,18.18,100.0,18.18,100.0,100.0,-1.0,0.19927,2,2,2
1042937,1042938,UR_XP,sadness,neutral,4,6,58.33,3,11,1,27.27,100.0,54.55,100.0,27.27,100.0,100.0,0.2965,-1.0,3,3,3_plus
1048750,1048751,UL_XP,neutral,anger,6,1,8.33,0,11,1,63.64,100.0,0.0,0.0,,,,-1.0,-1.0,0,0,0
1048841,1048842,UR_XP,neutral,sadness,6,4,8.33,1,11,1,63.64,100.0,9.09,100.0,9.09,100.0,100.0,-1.0,0.50291,1,1,1
1049324,1049325,UR_XP,sadness,neutral,4,6,58.33,1,11,1,9.09,100.0,63.64,100.0,9.09,100.0,100.0,0.50291,-1.0,1,1,1
1049802,1049803,UR_XP,neutral,sadness,6,4,8.33,1,11,1,63.64,100.0,9.09,100.0,9.09,100.0,100.0,-1.0,0.50291,1,1,1
1049892,1049893,UR_XP,sadness,neutral,4,6,58.33,1,11,1,9.09,100.0,63.64,100.0,9.09,100.0,100.0,0.50291,-1.0,1,1,1
1050330,1050331,UR_XP,neutral,sadness,6,4,8.33,1,11,1,63.64,100.0,9.09,100.0,9.09,100.0,100.0,-1.0,0.50291,1,1,1
1050518,1050519,UR_XP,sadness,neutral,4,6,58.33,1,11,1,9.09,100.0,63.64,100.0,9.09,100.0,100.0,0.50291,-1.0,1,1,1
1051007,1051008,UR_XP,neutral,sadness,6,4,8.33,1,11,1,54.55,100.0,9.09,100.0,9.09,100.0,100.0,-1.0,0.50291,1,1,1
1055699,1055700,UL_FR,neutral,sadness,6,4,16.67,1,11,1,63.64,100.0,9.09,100.0,9.09,100.0,100.0,0.09921,-1.0,1,1,1
1055924,1055925,UR_FR,neutral,anger,6,1,16.67,0,11,1,45.45,100.0,9.09,100.0,,,,-1.0,-1.0,0,0,0
1061581,1061582,UR_XP,sadness,neutral,4,6,41.67,0,11,1,9.09,100.0,45.45,100.0,,,,-1.0,-1.0,0,0,0
1061774,1061775,UL_XP,anger,neutral,1,6,50.0,0,11,1,9.09,100.0,45.45,100.0,,,,-1.0,-1.0,0,0,0
1062474,1062475,UR_XP,neutral,sadness,6,4,16.67,0,11,1,45.45,100.0,9.09,100.0,,,,-1.0,-1.0,0,0,0
1062835,1062836,UR_LU,neutral,anger,6,1,16.67,2,11,1,45.45,100.0,27.27,66.67,18.18,100.0,50.0,0.31613,0.25344,2,2,2
1062878,1062879,UL_XP,neutral,anger,6,1,25.0,1,11,1,36.36,100.0,27.27,66.67,9.09,100.0,0.0,0.33779,0.41274,1,1,1
1062928,1062929,UL_XP,anger,neutral,1,6,33.33,1,11,1,27.27,66.67,36.36,100.0,9.09,0.0,100.0,0.33733,0.32871,1,1,1
1063084,1063085,UR_LU,anger,neutral,1,6,41.67,3,11,1,27.27,100.0,54.55,100.0,27.27,100.0,100.0,0.51918,0.15703,3,3,3_plus
1063122,1063123,UR_XP,anger,neutral,1,6,50.0,2,11,1,18.18,100.0,54.55,100.0,18.18,100.0,100.0,0.59465,0.08866,2,2,2
1063169,1063170,UR_FR,anger,neutral,1,6,58.33,2,11,1,18.18,100.0,63.64,100.0,18.18,100.0,100.0,0.43003,-1.0,2,2,2
1063252,1063253,UL_FR,sadness,neutral,4,6,66.67,0,11,1,0.0,0.0,63.64,100.0,,,,-1.0,-1.0,0,0,0
1064025,1064026,UL_LU,neutral,happiness,6,3,8.33,0,11,1,63.64,100.0,0.0,0.0,,,,-1.0,-1.0,0,0,0
1064448,1064449,UR_LU,neutral,happiness,6,3,16.67,0,11,1,54.55,100.0,9.09,100.0,,,,-1.0,-1.0,0,0,0
1064719,1064720,UL_XP,neutral,anger,6,1,8.33,1,11,1,45.45,100.0,9.09,100.0,9.09,100.0,100.0,-1.0,0.2366,1,1,1
1064982,1064983,UR_LU,happiness,neutral,3,6,58.33,0,11,1,9.09,100.0,63.64,100.0,,,,-1.0,-1.0,0,0,0
1065481,1065482,DL_FR,surprise,neutral,5,6,66.67,0,11,1,9.09,100.0,72.73,100.0,,,,-1.0,-1.0,0,0,0
1070021,1070022,UR_LU,neutral,happiness,6,3,16.67,0,11,1,63.64,100.0,9.09,100.0,,,,-1.0,-1.0,0,0,0
1083727,1083728,UR_FR,neutral,anger,6,1,16.67,1,11,1,72.73,100.0,9.09,100.0,9.09,100.0,100.0,0.46187,-1.0,1,1,1
1085863,1085864,UR_LU,happiness,neutral,3,6,41.67,1,11,1,9.09,100.0,45.45,100.0,9.09,100.0,100.0,-1.0,0.28946,1,1,1
1101319,1101320,UR_LU,neutral,happiness,6,3,16.67,1,11,1,45.45,100.0,9.09,100.0,9.09,100.0,100.0,0.28946,-1.0,1,1,1
1101433,1101434,UR_LU,happiness,neutral,3,6,41.67,1,11,1,9.09,100.0,45.45,100.0,9.09,100.0,100.0,-1.0,0.28946,1,1,1
1102619,1102620,UR_LU,neutral,happiness,6,3,16.67,1,11,1,45.45,100.0,9.09,100.0,9.09,100.0,100.0,0.28946,-1.0,1,1,1
1102987,1102988,UR_LU,happiness,neutral,3,6,41.67,1,11,1,9.09,100.0,45.45,100.0,9.09,100.0,100.0,-1.0,0.28946,1,1,1
1103130,1103131,UL_LU,happiness,neutral,3,6,50.0,0,11,1,0.0,0.0,45.45,100.0,,,,-1.0,-1.0,0,0,0
1103398,1103399,UL_LU,neutral,sadness,6,4,16.67,1,11,1,63.64,100.0,18.18,50.0,9.09,100.0,0.0,-1.0,0.11803,1,1,1
1103403,1103404,UR_LU,neutral,surprise,6,5,8.33,0,11,1,63.64,100.0,0.0,0.0,,,,-1.0,-1.0,0,0,0
1103564,1103565,UR_FR,anger,neutral,1,6,58.33,0,11,1,0.0,0.0,54.55,100.0,,,,-1.0,-1.0,0,0,0
1103593,1103594,UR_FR,neutral,surprise,6,5,25.0,1,11,1,54.55,100.0,27.27,100.0,9.09,100.0,100.0,-1.0,0.23934,1,1,1
1103734,1103735,DL_FR,neutral,sadness,6,4,16.67,1,11,1,45.45,100.0,18.18,100.0,9.09,100.0,100.0,-1.0,0.64938,1,1,1
1103923,1103924,UR_XP,neutral,sadness,6,4,41.67,2,11,1,63.64,100.0,36.36,100.0,18.18,100.0,100.0,0.09259,-1.0,2,2,2
1103935,1103936,DL_FR,sadness,neutral,4,6,41.67,2,11,1,36.36,100.0,63.64,100.0,18.18,100.0,100.0,-1.0,0.10944,2,2,2
1103999,1104000,UR_LU,sadness,neutral,4,6,50.0,3,11,1,36.36,100.0,72.73,100.0,27.27,100.0,100.0,0.13678,0.28334,3,3,3_plus
1104051,1104052,UL_LU,sadness,neutral,4,6,58.33,3,11,1,36.36,100.0,72.73,100.0,27.27,100.0,100.0,0.15136,0.43922,3,3,3_plus
1104090,1104091,UR_FR,surprise,neutral,5,6,66.67,1,11,1,9.09,100.0,72.73,100.0,9.09,100.0,100.0,0.76295,-1.0,1,1,1
1104424,1104425,UR_XP,sadness,neutral,4,6,75.0,1,11,1,18.18,100.0,72.73,100.0,9.09,100.0,100.0,0.23073,-1.0,1,1,1
1106114,1106115,UL_XP,neutral,sadness,6,4,16.67,1,11,1,72.73,100.0,18.18,100.0,9.09,100.0,100.0,-1.0,0.23073,1,1,1
1106307,1106308,UL_XP,sadness,neutral,4,6,75.0,2,11,1,27.27,100.0,72.73,100.0,18.18,100.0,100.0,0.18143,-1.0,2,2,2
1106407,1106408,UL_FR,neutral,sadness,6,4,16.67,2,11,1,72.73,100.0,27.27,100.0,18.18,100.0,100.0,-1.0,0.28275,2,2,2
1106558,1106559,DL_FR,neutral,sadness,6,4,25.0,2,11,1,72.73,100.0,27.27,100.0,18.18,100.0,100.0,0.03054,0.62134,2,2,2
1106624,1106625,UL_FR,sadness,neutral,4,6,66.67,2,11,1,27.27,100.0,72.73,100.0,18.18,100.0,100.0,0.58494,0.0965,2,2,2
1106630,1106631,UR_FR,neutral,anger,6,1,8.33,0,11,1,72.73,100.0,0.0,0.0,,,,-1.0,-1.0,0,0,0
1106749,1106750,UL_FR,neutral,sadness,6,4,25.0,2,11,1,72.73,100.0,27.27,100.0,18.18,100.0,100.0,0.0965,0.50601,2,2,2
1107318,1107319,UR_FR,anger,neutral,1,6,58.33,0,11,1,0.0,0.0,72.73,100.0,,,,-1.0,-1.0,0,0,0
1107595,1107596,UL_FR,sadness,neutral,4,6,66.67,1,11,1,18.18,100.0,72.73,100.0,9.09,100.0,100.0,-1.0,0.0965,1,1,1
1107982,1107983,UL_XP,neutral,sadness,6,4,25.0,2,11,1,72.73,100.0,27.27,100.0,18.18,100.0,100.0,0.0965,0.17162,2,2,2
1108015,1108016,UR_FR,neutral,anger,6,1,8.33,2,11,1,72.73,87.5,18.18,0.0,18.18,50.0,0.0,0.16238,0.16917,2,2,2
1109177,1109178,UL_LU,anger,neutral,1,6,50.0,0,11,1,9.09,100.0,54.55,100.0,,,,-1.0,-1.0,0,0,0
1109249,1109250,DL_FR,sadness,neutral,4,6,58.33,0,11,1,9.09,100.0,54.55,100.0,,,,-1.0,-1.0,0,0,0
1110309,1110310,UR_FR,anger,neutral,1,6,66.67,1,11,1,9.09,0.0,72.73,100.0,9.09,0.0,100.0,0.50479,0.42991,1,1,1
1110369,1110370,UL_XP,disgust,neutral,2,6,75.0,0,11,1,9.09,100.0,72.73,100.0,,,,-1.0,-1.0,0,0,0
1110568,1110569,UR_XP,neutral,happiness,6,3,8.33,1,11,1,72.73,100.0,9.09,100.0,9.09,100.0,100.0,-1.0,0.66957,1,1,1
1110840,1110841,UL_XP,neutral,disgust,6,2,8.33,0,11,1,63.64,100.0,9.09,100.0,,,,-1.0,-1.0,0,0,0
1111083,1111084,UR_XP,happiness,neutral,3,6,66.67,0,11,1,0.0,0.0,72.73,100.0,,,,-1.0,-1.0,0,0,0
1111573,1111574,UL_XP,sadness,neutral,4,6,75.0,0,11,1,9.09,100.0,72.73,100.0,,,,-1.0,-1.0,0,0,0
1112008,1112009,UL_XP,neutral,sadness,6,4,16.67,0,11,1,72.73,100.0,9.09,100.0,,,,-1.0,-1.0,0,0,0
1112086,1112087,UL_XP,sadness,neutral,4,6,75.0,0,11,1,9.09,100.0,72.73,100.0,,,,-1.0,-1.0,0,0,0
1112997,1112998,UL_XP,neutral,disgust,6,2,8.33,0,11,1,63.64,100.0,9.09,100.0,,,,-1.0,-1.0,0,0,0
1113592,1113593,UR_XP,neutral,anger,6,1,8.33,0,11,1,54.55,100.0,9.09,0.0,,,,-1.0,-1.0,0,0,0
1114246,1114247,UR_XP,anger,neutral,1,6,66.67,1,11,1,18.18,50.0,63.64,100.0,9.09,100.0,100.0,0.68189,-1.0,1,1,1
1114686,1114687,UR_FR,neutral,anger,6,1,8.33,1,11,1,72.73,87.5,9.09,100.0,9.09,100.0,100.0,-1.0,0.48387,1,1,1
1117006,1117007,UL_XP,sadness,neutral,4,6,66.67,0,11,1,9.09,100.0,63.64,100.0,,,,-1.0,-1.0,0,0,0
1117206,1117207,UL_XP,neutral,disgust,6,2,8.33,2,11,1,63.64,100.0,27.27,100.0,18.18,100.0,100.0,-1.0,0.27305,2,2,2
1117567,1117568,UL_LU,anger,neutral,1,6,58.33,1,11,1,18.18,100.0,63.64,100.0,9.09,100.0,100.0,0.4057,-1.0,1,1,1
1118746,1118747,DR_FR,neutral,sadness,6,4,16.67,0,11,1,54.55,100.0,9.09,100.0,,,,-1.0,-1.0,0,0,0
1119105,1119106,DL_FR,neutral,sadness,6,4,25.0,0,11,1,45.45,100.0,18.18,100.0,,,,-1.0,-1.0,0,0,0
1121141,1121142,DL_FR,sadness,neutral,4,6,50.0,0,11,1,18.18,100.0,54.55,100.0,,,,-1.0,-1.0,0,0,0
1121394,1121395,DL_FR,neutral,sadness,6,4,25.0,0,11,1,54.55,100.0,18.18,100.0,,,,-1.0,-1.0,0,0,0
1121812,1121813,DL_FR,sadness,neutral,4,6,50.0,0,11,1,18.18,100.0,54.55,100.0,,,,-1.0,-1.0,0,0,0
1122113,1122114,UR_LU,neutral,anger,6,1,25.0,1,11,1,36.36,100.0,36.36,100.0,9.09,100.0,100.0,-1.0,0.4768,1,1,1
1122225,1122226,UR_LU,anger,neutral,1,6,41.67,1,11,1,27.27,100.0,36.36,100.0,9.09,100.0,100.0,0.41315,-1.0,1,1,1
1122331,1122332,UL_LU,anger,neutral,1,6,50.0,1,11,1,27.27,100.0,45.45,100.0,9.09,100.0,100.0,0.38948,-1.0,1,1,1
1122492,1122493,UL_XP,disgust,neutral,2,6,58.33,0,11,1,9.09,100.0,54.55,100.0,,,,-1.0,-1.0,0,0,0
1122653,1122654,UR_FR,anger,neutral,1,6,66.67,1,11,1,9.09,100.0,63.64,100.0,9.09,100.0,100.0,0.65564,-1.0,1,1,1
1122704,1122705,UR_FR,neutral,surprise,6,5,8.33,0,11,1,63.64,100.0,0.0,0.0,,,,-1.0,-1.0,0,0,0
1122712,1122713,DL_FR,neutral,happiness,6,3,8.33,0,11,1,63.64,100.0,0.0,0.0,,,,-1.0,-1.0,0,0,0
1122932,1122933,UR_FR,surprise,neutral,5,6,58.33,0,11,1,0.0,0.0,63.64,100.0,,,,-1.0,-1.0,0,0,0
1123136,1123137,DL_XP,anger,neutral,1,6,66.67,0,11,1,0.0,0.0,72.73,100.0,,,,-1.0,-1.0,0,0,0
1123606,1123607,DR_FR,sadness,neutral,4,6,75.0,3,11,1,36.36,100.0,81.82,88.89,27.27,100.0,66.67,0.31735,0.10612,3,3,3_plus
1123651,1123652,UR_LU,neutral,sadness,6,4,16.67,3,11,1,81.82,88.89,36.36,100.0,27.27,66.67,100.0,0.12514,0.20064,3,3,3_plus
1123719,1123720,DL_FR,surprise,neutral,5,6,75.0,0,11,1,0.0,0.0,81.82,100.0,,,,-1.0,-1.0,0,0,0
1123861,1123862,DR_FR,neutral,sadness,6,4,25.0,3,11,1,81.82,100.0,36.36,100.0,27.27,100.0,100.0,0.44165,0.16642,3,3,3_plus
1123869,1123870,UL_LU,neutral,sadness,6,4,33.33,3,11,1,81.82,100.0,36.36,100.0,27.27,100.0,100.0,0.21988,0.28798,3,3,3_plus
1123967,1123968,DR_FR,sadness,neutral,4,6,66.67,4,11,1,45.45,100.0,81.82,100.0,36.36,100.0,100.0,0.44209,0.39852,4,3,3_plus
1124094,1124095,UR_XP,neutral,sadness,6,4,33.33,2,11,1,72.73,100.0,36.36,100.0,18.18,100.0,100.0,0.31673,0.21785,2,2,2
1124346,1124347,UR_XP,sadness,neutral,4,6,58.33,1,11,1,36.36,100.0,54.55,100.0,9.09,100.0,100.0,0.21785,-1.0,1,1,1
1124623,1124624,UR_LU,sadness,neutral,4,6,66.67,2,11,1,27.27,100.0,72.73,100.0,18.18,100.0,100.0,0.21785,0.52853,2,2,2
1124700,1124701,UL_FR,neutral,sadness,6,4,25.0,3,11,1,72.73,100.0,36.36,100.0,27.27,100.0,100.0,0.4448,0.32763,3,3,3_plus
1124837,1124838,UL_LU,sadness,neutral,4,6,66.67,2,11,1,36.36,100.0,63.64,100.0,18.18,100.0,100.0,0.48459,-1.0,2,2,2
1125221,1125222,UL_LU,neutral,sadness,6,4,25.0,3,11,1,63.64,100.0,45.45,100.0,27.27,100.0,100.0,-1.0,0.34013,3,3,3_plus
1125376,1125377,UL_LU,sadness,neutral,4,6,66.67,3,11,1,45.45,100.0,63.64,100.0,27.27,100.0,100.0,0.40703,-1.0,3,3,3_plus
1125492,1125493,UL_LU,neutral,sadness,6,4,25.0,3,11,1,63.64,100.0,45.45,100.0,27.27,100.0,100.0,-1.0,0.4157,3,3,3_plus
1125593,1125594,UL_LU,sadness,neutral,4,6,66.67,3,11,1,45.45,100.0,63.64,100.0,27.27,100.0,100.0,0.42207,-1.0,3,3,3_plus
1125628,1125629,UL_LU,neutral,sadness,6,4,25.0,3,11,1,63.64,100.0,45.45,100.0,27.27,100.0,100.0,-1.0,0.4465,3,3,3_plus
1125649,1125650,UL_LU,sadness,neutral,4,6,66.67,3,11,1,45.45,100.0,63.64,100.0,27.27,100.0,100.0,0.46261,-1.0,3,3,3_plus
1125763,1125764,UL_LU,neutral,sadness,6,4,25.0,4,11,1,63.64,100.0,54.55,100.0,36.36,100.0,100.0,-1.0,0.50311,4,3,3_plus
1126396,1126397,UL_LU,sadness,neutral,4,6,66.67,3,11,1,45.45,100.0,63.64,100.0,27.27,100.0,100.0,0.31262,-1.0,3,3,3_plus
1126439,1126440,UL_LU,neutral,sadness,6,4,25.0,3,11,1,63.64,100.0,45.45,100.0,27.27,100.0,100.0,-1.0,0.29983,3,3,3_plus
1126918,1126919,UL_LU,sadness,neutral,4,6,66.67,2,11,1,36.36,100.0,63.64,100.0,18.18,100.0,100.0,0.51475,-1.0,2,2,2
1127015,1127016,UL_LU,neutral,sadness,6,4,25.0,2,11,1,63.64,100.0,36.36,100.0,18.18,100.0,100.0,-1.0,0.42245,2,2,2
1127189,1127190,UL_XP,neutral,sadness,6,4,33.33,1,11,1,54.55,100.0,36.36,100.0,9.09,100.0,100.0,-1.0,0.40474,1,1,1
1127324,1127325,UL_XP,sadness,neutral,4,6,58.33,1,11,1,36.36,100.0,54.55,100.0,9.09,100.0,100.0,0.26911,-1.0,1,1,1
1127380,1127381,UR_LU,neutral,sadness,6,4,33.33,1,11,1,54.55,100.0,36.36,100.0,9.09,100.0,100.0,-1.0,0.26182,1,1,1
1127619,1127620,UR_LU,sadness,neutral,4,6,58.33,1,11,1,36.36,100.0,54.55,100.0,9.09,100.0,100.0,0.58418,-1.0,1,1,1
1127982,1127983,UL_XP,neutral,sadness,6,4,33.33,0,11,1,54.55,100.0,27.27,100.0,,,,-1.0,-1.0,0,0,0
1128083,1128084,UL_LU,sadness,neutral,4,6,58.33,1,11,1,27.27,100.0,63.64,100.0,9.09,100.0,100.0,-1.0,0.1428,1,1,1
1128289,1128290,UR_FR,neutral,anger,6,1,8.33,2,11,1,63.64,85.71,18.18,100.0,18.18,50.0,100.0,0.70596,0.64313,2,2,2
1128967,1128968,UR_FR,anger,neutral,1,6,50.0,0,11,1,18.18,100.0,45.45,100.0,,,,-1.0,-1.0,0,0,0
1129801,1129802,UR_FR,neutral,anger,6,1,8.33,0,11,1,54.55,100.0,0.0,0.0,,,,-1.0,-1.0,0,0,0
1130083,1130084,UR_XP,neutral,anger,6,1,16.67,0,11,1,54.55,100.0,9.09,100.0,,,,-1.0,-1.0,0,0,0
1130537,1130538,UR_XP,anger,neutral,1,6,50.0,0,11,1,9.09,100.0,54.55,100.0,,,,-1.0,-1.0,0,0,0
1130654,1130655,UR_LU,anger,neutral,1,6,50.0,2,11,1,27.27,66.67,63.64,100.0,18.18,50.0,100.0,0.50357,0.6005,2,2,2
1130696,1130697,UL_FR,sadness,neutral,4,6,58.33,1,11,1,18.18,100.0,63.64,100.0,9.09,100.0,100.0,-1.0,0.60866,1,1,1
1131321,1131322,UL_XP,sadness,neutral,4,6,66.67,0,11,1,9.09,100.0,72.73,100.0,,,,-1.0,-1.0,0,0,0
1131466,1131467,UR_FR,anger,neutral,1,6,75.0,1,11,1,9.09,100.0,72.73,100.0,9.09,100.0,100.0,0.2569,-1.0,1,1,1
1131570,1131571,UR_XP,neutral,anger,6,1,8.33,1,11,1,72.73,100.0,9.09,100.0,9.09,100.0,100.0,-1.0,0.11477,1,1,1
1131782,1131783,UR_XP,anger,neutral,1,6,75.0,0,11,1,0.0,0.0,72.73,100.0,,,,-1.0,-1.0,0,0,0
1131964,1131965,DL_FR,neutral,happiness,6,3,8.33,0,11,1,72.73,100.0,0.0,0.0,,,,-1.0,-1.0,0,0,0
1132184,1132185,UL_LU,neutral,sadness,6,4,16.67,1,11,1,72.73,87.5,18.18,100.0,9.09,100.0,100.0,-1.0,0.10619,1,1,1
1132237,1132238,UL_LU,sadness,neutral,4,6,66.67,1,11,1,18.18,100.0,72.73,87.5,9.09,100.0,100.0,0.12309,-1.0,1,1,1
1132525,1132526,UL_LU,neutral,sadness,6,4,16.67,2,11,1,72.73,87.5,27.27,100.0,18.18,100.0,100.0,-1.0,0.37887,2,2,2
1132558,1132559,UR_LU,neutral,sadness,6,4,25.0,2,11,1,72.73,87.5,27.27,100.0,18.18,100.0,100.0,0.10428,0.69244,2,2,2
1133078,1133079,DL_XP,anger,neutral,1,6,50.0,0,11,1,0.0,0.0,72.73,87.5,,,,-1.0,-1.0,0,0,0
1133334,1133335,DL_FR,happiness,neutral,3,6,58.33,0,11,1,0.0,0.0,72.73,100.0,,,,-1.0,-1.0,0,0,0
1133337,1133338,UR_LU,sadness,neutral,4,6,66.67,1,11,1,18.18,100.0,72.73,100.0,9.09,100.0,100.0,-1.0,0.19624,1,1,1
1133788,1133789,DL_XP,neutral,anger,6,1,8.33,0,11,1,72.73,100.0,0.0,0.0,,,,-1.0,-1.0,0,0,0
1134028,1134029,UL_LU,sadness,neutral,4,6,75.0,2,11,1,27.27,100.0,81.82,100.0,18.18,100.0,100.0,0.33591,-1.0,2,2,2
1134394,1134395,UL_LU,neutral,sadness,6,4,16.67,0,11,1,81.82,100.0,9.09,100.0,,,,-1.0,-1.0,0,0,0
1134465,1134466,UR_LU,neutral,sadness,6,4,25.0,0,11,1,72.73,100.0,18.18,100.0,,,,-1.0,-1.0,0,0,0
1134783,1134784,UR_FR,neutral,anger,6,1,16.67,1,11,1,63.64,100.0,9.09,100.0,9.09,100.0,100.0,0.13136,-1.0,1,1,1
1134969,1134970,UL_FR,neutral,sadness,6,4,16.67,0,11,1,63.64,100.0,9.09,100.0,,,,-1.0,-1.0,0,0,0
1135294,1135295,UR_XP,neutral,anger,6,1,25.0,2,11,1,54.55,100.0,18.18,100.0,18.18,100.0,100.0,0.26487,-1.0,2,2,2
1135545,1135546,UR_FR,anger,neutral,1,6,41.67,2,11,1,18.18,100.0,54.55,100.0,18.18,100.0,100.0,-1.0,0.33693,2,2,2
1136034,1136035,UR_XP,anger,neutral,1,6,41.67,1,11,1,9.09,100.0,45.45,100.0,9.09,100.0,100.0,-1.0,0.13136,1,1,1
1136237,1136238,UR_XP,neutral,anger,6,1,16.67,1,11,1,45.45,100.0,9.09,100.0,9.09,100.0,100.0,0.13136,-1.0,1,1,1
1136271,1136272,UR_XP,anger,neutral,1,6,41.67,1,11,1,9.09,100.0,45.45,100.0,9.09,100.0,100.0,-1.0,0.13136,1,1,1
1136912,1136913,UL_FR,sadness,neutral,4,6,50.0,0,11,1,9.09,100.0,54.55,100.0,,,,-1.0,-1.0,0,0,0
1137091,1137092,UR_FR,neutral,anger,6,1,16.67,1,11,1,63.64,100.0,9.09,100.0,9.09,100.0,100.0,0.13136,-1.0,1,1,1
1137488,1137489,UL_FR,neutral,sadness,6,4,16.67,0,11,1,54.55,100.0,9.09,100.0,,,,-1.0,-1.0,0,0,0
1137737,1137738,UL_XP,neutral,sadness,6,4,25.0,0,11,1,45.45,100.0,18.18,100.0,,,,-1.0,-1.0,0,0,0
1137946,1137947,UR_XP,neutral,anger,6,1,25.0,1,11,1,45.45,100.0,27.27,100.0,9.09,100.0,100.0,0.13136,-1.0,1,1,1
1138153,1138154,DL_XP,anger,neutral,1,6,33.33,2,11,1,36.36,75.0,45.45,80.0,18.18,50.0,50.0,0.20579,0.29215,2,2,2
1138402,1138403,UR_XP,anger,neutral,1,6,41.67,1,11,1,27.27,100.0,45.45,100.0,9.09,100.0,100.0,0.02765,-1.0,1,1,1
1138608,1138609,UR_FR,anger,neutral,1,6,50.0,2,11,1,27.27,100.0,54.55,100.0,18.18,100.0,100.0,0.03054,-1.0,2,2,2
1138996,1138997,UR_XP,neutral,anger,6,1,8.33,1,11,1,54.55,100.0,18.18,100.0,9.09,100.0,100.0,-1.0,0.02765,1,1,1
1139060,1139061,UL_XP,sadness,neutral,4,6,50.0,0,11,1,18.18,100.0,54.55,100.0,,,,-1.0,-1.0,0,0,0
1139239,1139240,UL_XP,neutral,sadness,6,4,25.0,1,11,1,54.55,100.0,27.27,66.67,9.09,100.0,0.0,0.33118,0.37288,1,1,1
1139513,1139514,UL_XP,sadness,neutral,4,6,50.0,0,11,1,18.18,100.0,54.55,100.0,,,,-1.0,-1.0,0,0,0
1139676,1139677,UL_XP,neutral,sadness,6,4,25.0,0,11,1,54.55,100.0,18.18,100.0,,,,-1.0,-1.0,0,0,0
1140045,1140046,UR_XP,anger,neutral,1,6,50.0,1,11,1,9.09,100.0,54.55,100.0,9.09,100.0,100.0,0.02765,-1.0,1,1,1
1140115,1140116,UR_XP,neutral,anger,6,1,8.33,1,11,1,54.55,100.0,9.09,100.0,9.09,100.0,100.0,-1.0,0.02765,1,1,1
1140502,1140503,UL_XP,sadness,neutral,4,6,50.0,0,11,1,18.18,100.0,54.55,100.0,,,,-1.0,-1.0,0,0,0
1140820,1140821,UL_XP,neutral,sadness,6,4,25.0,1,11,1,54.55,83.33,27.27,100.0,9.09,0.0,100.0,0.43268,0.40678,1,1,1
1141205,1141206,UL_XP,sadness,neutral,4,6,50.0,0,11,1,27.27,100.0,45.45,100.0,,,,-1.0,-1.0,0,0,0
1141237,1141238,UL_XP,neutral,sadness,6,4,25.0,0,11,1,45.45,100.0,27.27,100.0,,,,-1.0,-1.0,0,0,0
1141674,1141675,UR_XP,anger,neutral,1,6,50.0,1,11,1,18.18,100.0,54.55,100.0,9.09,100.0,100.0,0.02765,-1.0,1,1,1
1141715,1141716,UR_XP,neutral,anger,6,1,8.33,1,11,1,54.55,83.33,18.18,100.0,9.09,100.0,100.0,-1.0,0.02765,1,1,1
1141787,1141788,DL_FR,neutral,sadness,6,4,25.0,2,11,1,54.55,100.0,36.36,50.0,18.18,100.0,0.0,0.08999,0.30208,2,2,2
1141871,1141872,UR_XP,anger,neutral,1,6,50.0,2,11,1,27.27,66.67,63.64,100.0,18.18,50.0,100.0,0.15701,0.11642,2,2,2
1142113,1142114,DL_FR,sadness,neutral,4,6,66.67,1,11,1,27.27,66.67,72.73,100.0,9.09,0.0,100.0,0.30944,0.10897,1,1,1
1142216,1142217,UR_FR,neutral,anger,6,1,8.33,3,11,1,72.73,100.0,36.36,75.0,27.27,100.0,66.67,0.31072,0.35641,3,3,3_plus
1142460,1142461,UL_LU,neutral,anger,6,1,16.67,0,11,1,54.55,100.0,27.27,100.0,,,,-1.0,-1.0,0,0,0
1143007,1143008,UL_LU,happiness,neutral,3,6,58.33,1,11,1,9.09,100.0,54.55,100.0,9.09,100.0,100.0,0.35727,-1.0,1,1,1
1143352,1143353,UL_LU,neutral,anger,6,1,16.67,1,11,1,54.55,100.0,36.36,100.0,9.09,100.0,100.0,-1.0,0.46591,1,1,1
1144265,1144266,UL_LU,anger,neutral,1,6,58.33,1,11,1,27.27,100.0,54.55,100.0,9.09,100.0,100.0,0.11899,-1.0,1,1,1
1152447,1152448,DL_XP,neutral,anger,6,1,8.33,0,11,1,63.64,100.0,18.18,100.0,,,,-1.0,-1.0,0,0,0
1156218,1156219,DL_XP,sadness,neutral,4,6,58.33,1,11,1,27.27,100.0,54.55,100.0,9.09,100.0,100.0,0.06188,-1.0,1,1,1
1159389,1159390,UL_FR,sadness,neutral,4,6,66.67,1,11,1,18.18,100.0,63.64,100.0,9.09,100.0,100.0,0.06188,-1.0,1,1,1
1160072,1160073,UR_FR,anger,neutral,1,6,75.0,0,11,1,9.09,100.0,72.73,100.0,,,,-1.0,-1.0,0,0,0
1160564,1160565,UR_FR,neutral,anger,6,1,8.33,1,11,1,72.73,100.0,18.18,100.0,9.09,100.0,100.0,-1.0,0.76932,1,1,1
1164058,1164059,UL_LU,neutral,anger,6,1,16.67,1,11,1,54.55,100.0,27.27,100.0,9.09,100.0,100.0,-1.0,0.65643,1,1,1
1164106,1164107,UL_LU,anger,neutral,1,6,58.33,1,11,1,27.27,100.0,54.55,100.0,9.09,100.0,100.0,0.64058,-1.0,1,1,1
1166250,1166251,UL_LU,neutral,anger,6,1,16.67,0,11,1,54.55,100.0,18.18,100.0,,,,-1.0,-1.0,0,0,0
1167507,1167508,UL_LU,neutral,anger,6,1,16.67,0,11,1,54.55,100.0,18.18,100.0,,,,-1.0,-1.0,0,0,0
1167648,1167649,UL_LU,anger,neutral,1,6,58.33,0,11,1,18.18,100.0,54.55,100.0,,,,-1.0,-1.0,0,0,0
1167749,1167750,UL_LU,neutral,anger,6,1,16.67,0,11,1,54.55,100.0,18.18,100.0,,,,-1.0,-1.0,0,0,0
1169350,1169351,UL_LU,neutral,anger,6,1,16.67,0,11,1,54.55,100.0,18.18,100.0,,,,-1.0,-1.0,0,0,0
1169598,1169599,UL_LU,happiness,neutral,3,6,58.33,0,11,1,9.09,0.0,54.55,100.0,,,,-1.0,-1.0,0,0,0
1172794,1172795,UL_LU,anger,neutral,1,6,58.33,0,11,1,18.18,100.0,54.55,100.0,,,,-1.0,-1.0,0,0,0
1172858,1172859,UL_LU,neutral,anger,6,1,16.67,0,11,1,54.55,100.0,18.18,100.0,,,,-1.0,-1.0,0,0,0
1173613,1173614,UL_LU,anger,neutral,1,6,58.33,0,11,1,18.18,100.0,54.55,100.0,,,,-1.0,-1.0,0,0,0
1173641,1173642,UL_LU,neutral,anger,6,1,16.67,0,11,1,54.55,100.0,18.18,100.0,,,,-1.0,-1.0,0,0,0
1174533,1174534,UL_LU,anger,neutral,1,6,58.33,0,11,1,18.18,100.0,54.55,100.0,,,,-1.0,-1.0,0,0,0
1176161,1176162,UL_XP,disgust,neutral,2,6,58.33,0,11,1,9.09,100.0,54.55,100.0,,,,-1.0,-1.0,0,0,0
1176501,1176502,UL_LU,happiness,neutral,3,6,66.67,1,11,1,9.09,100.0,63.64,100.0,9.09,100.0,100.0,0.75193,-1.0,1,1,1
1176688,1176689,UL_XP,neutral,disgust,6,2,8.33,0,11,1,63.64,100.0,9.09,100.0,,,,-1.0,-1.0,0,0,0
1176937,1176938,UR_FR,anger,neutral,1,6,66.67,0,11,1,0.0,0.0,72.73,100.0,,,,-1.0,-1.0,0,0,0
1176956,1176957,UL_XP,sadness,neutral,4,6,75.0,0,11,1,9.09,100.0,72.73,100.0,,,,-1.0,-1.0,0,0,0
1177037,1177038,UL_LU,neutral,sadness,6,4,16.67,2,11,1,72.73,100.0,27.27,100.0,18.18,100.0,100.0,-1.0,0.2636,2,2,2
1177150,1177151,UR_LU,neutral,sadness,6,4,25.0,1,11,1,63.64,100.0,27.27,100.0,9.09,100.0,100.0,-1.0,0.56099,1,1,1
1177271,1177272,UR_FR,neutral,surprise,6,5,8.33,0,11,1,54.55,100.0,0.0,0.0,,,,-1.0,-1.0,0,0,0
1177680,1177681,DR_FR,neutral,sadness,6,4,33.33,2,11,1,63.64,100.0,36.36,100.0,18.18,100.0,100.0,0.24494,0.56217,2,2,2
1177735,1177736,UR_LU,sadness,neutral,4,6,50.0,2,11,1,36.36,100.0,54.55,100.0,18.18,100.0,100.0,0.44108,0.13099,2,2,2
1177778,1177779,UL_LU,sadness,neutral,4,6,58.33,2,11,1,36.36,100.0,54.55,100.0,18.18,100.0,100.0,0.31013,-1.0,2,2,2
1178226,1178227,UL_LU,neutral,sadness,6,4,25.0,1,11,1,54.55,100.0,27.27,100.0,9.09,100.0,100.0,-1.0,0.27827,1,1,1
1178298,1178299,UL_LU,sadness,neutral,4,6,58.33,1,11,1,27.27,100.0,54.55,100.0,9.09,100.0,100.0,0.20619,-1.0,1,1,1
1178549,1178550,DR_FR,sadness,neutral,4,6,66.67,1,11,1,18.18,100.0,72.73,100.0,9.09,100.0,100.0,-1.0,0.02922,1,1,1
1178557,1178558,UR_FR,sadness,neutral,4,6,75.0,1,11,1,18.18,100.0,72.73,100.0,9.09,100.0,100.0,0.00556,-1.0,1,1,1
1178720,1178721,DR_FR,neutral,sadness,6,4,16.67,2,11,1,72.73,100.0,27.27,100.0,18.18,100.0,100.0,-1.0,0.28214,2,2,2
1178858,1178859,UL_LU,neutral,sadness,6,4,25.0,1,11,1,72.73,100.0,18.18,100.0,9.09,100.0,100.0,0.21366,-1.0,1,1,1
1179132,1179133,DR_FR,sadness,neutral,4,6,66.67,0,11,1,18.18,100.0,63.64,100.0,,,,-1.0,-1.0,0,0,0
1179249,1179250,UL_LU,sadness,neutral,4,6,75.0,1,11,1,9.09,0.0,72.73,100.0,9.09,0.0,100.0,0.21617,-1.0,1,1,1
1179488,1179489,UL_LU,neutral,sadness,6,4,8.33,1,11,1,72.73,100.0,9.09,0.0,9.09,100.0,0.0,-1.0,0.37214,1,1,1
1179511,1179512,DR_FR,neutral,happiness,6,3,8.33,0,11,1,63.64,100.0,0.0,0.0,,,,-1.0,-1.0,0,0,0
