antecedent,consequent,support,confidence,count
CS_11_UR_LU; CS_12_UR_XP; CS_8_UL_LU,TARGET=3,0.07902115727759368,1.0,310
CS_11_UR_LU; CS_8_UL_LU; CS_9_UL_XP,TARGET=3,0.054804996176395615,1.0,215
CS_11_UR_LU; CS_12_UR_XP; CS_9_UL_XP,TARGET=3,0.04078511343359674,1.0,160
CS_11_UR_LU; CS_5_DR_LU; CS_8_UL_LU,TARGET=3,0.0387458577619169,1.0,152
CS_10_UR_FR; CS_12_UR_XP; CS_7_UL_FR,TARGET=3,0.036196788172317106,1.0,142
CS_12_UR_XP; CS_8_UL_LU; CS_9_UL_XP,TARGET=3,0.035686974254397145,1.0,140
CS_11_UR_LU; CS_12_UR_XP; CS_8_UL_LU; Regula=neutral->sadness,TARGET=3,0.033647718582717305,1.0,132
CS_11_UR_LU; CS_12_UR_XP; CS_8_UL_LU; Regula=sadness->neutral,TARGET=3,0.03211827682895743,1.0,126
CS_11_UR_LU; CS_12_UR_XP; CS_5_DR_LU,TARGET=3,0.027020137649757837,1.0,106
CS_11_UR_LU; CS_12_UR_XP; CS_8_UL_LU; CS_9_UL_XP,TARGET=3,0.027020137649757837,1.0,106
CS_10_UR_FR; CS_3_DL_XP; CS_7_UL_FR,TARGET=3,0.024980881978078,1.0,98
CS_11_UR_LU; CS_3_DL_XP; CS_8_UL_LU,TARGET=3,0.024471068060158044,1.0,96
CS_11_UR_LU; CS_1_DL_FR; CS_8_UL_LU,TARGET=3,0.024216161101198064,1.0,95
CS_11_UR_LU; CS_6_DR_XP; CS_8_UL_LU,TARGET=3,0.023961254142238084,1.0,94
CS_12_UR_XP; CS_5_DR_LU; CS_8_UL_LU,TARGET=3,0.022431812388478207,1.0,88
CS_11_UR_LU; CS_12_UR_XP; CS_3_DL_XP,TARGET=3,0.022176905429518227,1.0,87
CS_11_UR_LU; CS_8_UL_LU; CS_9_UL_XP; Regula=neutral->sadness,TARGET=3,0.021412184552638287,1.0,84
CS_11_UR_LU; CS_12_UR_XP; CS_6_DR_XP,TARGET=3,0.021157277593678307,1.0,83
CS_12_UR_XP; CS_3_DL_XP; CS_8_UL_LU,TARGET=3,0.02013764975783839,1.0,79
CS_12_UR_XP; CS_3_DL_XP; CS_7_UL_FR,TARGET=3,0.01962783583991843,1.0,77
CS_11_UR_LU; CS_5_DR_LU; CS_8_UL_LU; Regula=neutral->sadness,TARGET=3,0.01962783583991843,1.0,77
CS_10_UR_FR; CS_12_UR_XP; CS_7_UL_FR; Regula=anger->neutral,TARGET=3,0.01886311496303849,1.0,74
CS_11_UR_LU; CS_8_UL_LU; CS_9_UL_XP; Regula=sadness->neutral,TARGET=3,0.018608208004078513,1.0,73
CS_10_UR_FR; CS_12_UR_XP; CS_9_UL_XP,TARGET=3,0.018353301045118533,1.0,72
CS_11_UR_LU; CS_12_UR_XP; CS_5_DR_LU; CS_8_UL_LU,TARGET=3,0.018353301045118533,1.0,72
CS_11_UR_LU; CS_5_DR_LU; CS_8_UL_LU; Regula=sadness->neutral,TARGET=3,0.018353301045118533,1.0,72
CS_12_UR_XP; CS_1_DL_FR; CS_8_UL_LU,TARGET=3,0.017843487127198573,1.0,70
CS_11_UR_LU; CS_12_UR_XP; CS_1_DL_FR,TARGET=3,0.017588580168238593,1.0,69
CS_12_UR_XP; CS_3_DL_XP; CS_9_UL_XP,TARGET=3,0.017588580168238593,1.0,69
CS_12_UR_XP; CS_5_DR_LU; CS_9_UL_XP,TARGET=3,0.017588580168238593,1.0,69
CS_10_UR_FR; CS_12_UR_XP; CS_3_DL_XP,TARGET=3,0.017333673209278613,1.0,68
CS_11_UR_LU; CS_12_UR_XP; CS_3_DL_XP; CS_8_UL_LU,TARGET=3,0.017078766250318633,1.0,67
CS_11_UR_LU; CS_5_DR_LU; CS_6_DR_XP,TARGET=3,0.016568952332398676,1.0,65
CS_12_UR_XP; CS_2_DL_LU; CS_5_DR_LU,TARGET=3,0.016314045373438696,1.0,64
CS_11_UR_LU; CS_4_DR_FR; CS_8_UL_LU,TARGET=3,0.016059138414478716,1.0,63
CS_12_UR_XP; CS_5_DR_LU; CS_6_DR_XP,TARGET=3,0.015804231455518736,1.0,62
CS_10_UR_FR; CS_12_UR_XP; CS_7_UL_FR; Regula=neutral->anger,TARGET=3,0.015039510578638797,1.0,59
CS_12_UR_XP; CS_6_DR_XP; CS_8_UL_LU,TARGET=3,0.014529696660718837,1.0,57
CS_10_UR_FR; CS_11_UR_LU; CS_12_UR_XP,TARGET=3,0.014274789701758857,1.0,56
CS_11_UR_LU; CS_12_UR_XP; CS_5_DR_LU; Regula=neutral->sadness,TARGET=3,0.014274789701758857,1.0,56
CS_12_UR_XP; CS_6_DR_XP; CS_9_UL_XP,TARGET=3,0.014019882742798879,1.0,55
CS_11_UR_LU; CS_2_DL_LU; CS_8_UL_LU,TARGET=3,0.013764975783838899,1.0,54
CS_2_DL_LU; CS_5_DR_LU; Regula=neutral->sadness,TARGET=3,0.013764975783838899,1.0,54
CS_12_UR_XP; CS_3_DL_XP; CS_5_DR_LU,TARGET=3,0.013510068824878919,1.0,53
CS_5_DR_LU; CS_6_DR_XP; CS_8_UL_LU,TARGET=3,0.013510068824878919,1.0,53
CS_11_UR_LU; CS_12_UR_XP; CS_9_UL_XP; Regula=neutral->sadness,TARGET=3,0.013510068824878919,1.0,53
CS_10_UR_FR; CS_3_DL_XP; CS_7_UL_FR; Regula=anger->neutral,TARGET=3,0.01325516186591894,1.0,52
CS_10_UR_FR; CS_12_UR_XP; CS_8_UL_LU,TARGET=3,0.012490440989039,1.0,49
CS_11_UR_LU; CS_6_DR_XP; CS_9_UL_XP,TARGET=3,0.012490440989039,1.0,49
CS_1_DL_FR; CS_5_DR_LU; Regula=neutral->sadness,TARGET=3,0.012490440989039,1.0,49
CS_3_DL_XP; CS_8_UL_LU; Regula=sadness->neutral,TARGET=3,0.012490440989039,1.0,49
CS_11_UR_LU; CS_12_UR_XP; CS_5_DR_LU; Regula=sadness->neutral,TARGET=3,0.012490440989039,1.0,49
CS_2_DL_LU; CS_6_DR_XP,TARGET=3,0.012235534030079022,1.0,48
CS_12_UR_XP; CS_1_DL_FR; CS_3_DL_XP,TARGET=3,0.012235534030079022,1.0,48
CS_2_DL_LU; CS_5_DR_LU; Regula=sadness->neutral,TARGET=3,0.012235534030079022,1.0,48
CS_10_UR_FR; CS_7_UL_FR; CS_9_UL_XP,TARGET=3,0.011980627071119042,1.0,47
CS_3_DL_XP; CS_8_UL_LU; Regula=neutral->sadness,TARGET=3,0.011980627071119042,1.0,47
CS_4_DR_FR; CS_6_DR_XP; CS_9_UL_XP,TARGET=3,0.011980627071119042,1.0,47
CS_11_UR_LU; CS_12_UR_XP; CS_1_DL_FR; CS_8_UL_LU,TARGET=3,0.011980627071119042,1.0,47
CS_12_UR_XP; CS_5_DR_LU; CS_8_UL_LU; Regula=neutral->sadness,TARGET=3,0.011980627071119042,1.0,47
CS_11_UR_LU; CS_1_DL_FR; CS_5_DR_LU,TARGET=3,0.011725720112159062,1.0,46
CS_11_UR_LU; CS_5_DR_LU; CS_9_UL_XP,TARGET=3,0.011725720112159062,1.0,46
CS_11_UR_LU; CS_3_DL_XP; CS_8_UL_LU; Regula=sadness->neutral,TARGET=3,0.011725720112159062,1.0,46
CS_11_UR_LU; CS_4_DR_FR; Regula=neutral->sadness,TARGET=3,0.011470813153199082,1.0,45
CS_10_UR_FR; CS_12_UR_XP; CS_3_DL_XP; CS_7_UL_FR,TARGET=3,0.011470813153199082,1.0,45
CS_10_UR_FR; CS_3_DL_XP; CS_7_UL_FR; Regula=neutral->anger,TARGET=3,0.011470813153199082,1.0,45
CS_11_UR_LU; CS_5_DR_LU; CS_6_DR_XP; CS_8_UL_LU,TARGET=3,0.011470813153199082,1.0,45
CS_12_UR_XP; CS_2_DL_LU; CS_9_UL_XP,TARGET=3,0.011215906194239103,1.0,44
CS_11_UR_LU; CS_12_UR_XP; CS_3_DL_XP; Regula=neutral->sadness,TARGET=3,0.011215906194239103,1.0,44
CS_11_UR_LU; CS_12_UR_XP; CS_9_UL_XP; Regula=sadness->neutral,TARGET=3,0.011215906194239103,1.0,44
CS_11_UR_LU; CS_3_DL_XP; CS_5_DR_LU,TARGET=3,0.010960999235279123,1.0,43
CS_1_DL_FR; CS_3_DL_XP; CS_4_DR_FR,TARGET=3,0.010960999235279123,1.0,43
CS_1_DL_FR; CS_3_DL_XP; CS_5_DR_LU,TARGET=3,0.010960999235279123,1.0,43
CS_11_UR_LU; CS_12_UR_XP; CS_6_DR_XP; CS_8_UL_LU,TARGET=3,0.010960999235279123,1.0,43
CS_12_UR_XP; CS_8_UL_LU; CS_9_UL_XP; Regula=neutral->sadness,TARGET=3,0.010960999235279123,1.0,43
CS_11_UR_LU; CS_12_UR_XP; CS_4_DR_FR,TARGET=3,0.010706092276319143,1.0,42
CS_12_UR_XP; CS_1_DL_FR; CS_5_DR_LU,TARGET=3,0.010706092276319143,1.0,42
CS_5_DR_LU; CS_6_DR_XP; CS_9_UL_XP,TARGET=3,0.010706092276319143,1.0,42
CS_11_UR_LU; CS_12_UR_XP; CS_3_DL_XP; Regula=sadness->neutral,TARGET=3,0.010706092276319143,1.0,42
CS_11_UR_LU; CS_12_UR_XP; CS_6_DR_XP; Regula=neutral->sadness,TARGET=3,0.010706092276319143,1.0,42
CS_11_UR_LU; CS_6_DR_XP; CS_8_UL_LU; Regula=neutral->sadness,TARGET=3,0.010706092276319143,1.0,42
CS_10_UR_FR; CS_11_UR_LU; CS_8_UL_LU,TARGET=3,0.010451185317359163,1.0,41
CS_11_UR_LU; CS_2_DL_LU; CS_5_DR_LU,TARGET=3,0.010451185317359163,1.0,41
CS_12_UR_XP; CS_1_DL_FR; CS_9_UL_XP,TARGET=3,0.010451185317359163,1.0,41
CS_11_UR_LU; CS_3_DL_XP; CS_8_UL_LU; Regula=neutral->sadness,TARGET=3,0.010451185317359163,1.0,41
CS_6_DR_XP; CS_8_UL_LU; CS_9_UL_XP,TARGET=3,0.010196278358399185,1.0,40
CS_11_UR_LU; CS_6_DR_XP; CS_8_UL_LU; Regula=sadness->neutral,TARGET=3,0.010196278358399185,1.0,40
CS_12_UR_XP; CS_5_DR_LU; CS_8_UL_LU; Regula=sadness->neutral,TARGET=3,0.010196278358399185,1.0,40
CS_11_UR_LU; CS_4_DR_FR; CS_5_DR_LU,TARGET=3,0.009941371399439205,1.0,39
CS_11_UR_LU; CS_1_DL_FR; CS_8_UL_LU; Regula=sadness->neutral,TARGET=3,0.009941371399439205,1.0,39
CS_11_UR_LU; CS_4_DR_FR; Regula=sadness->neutral,TARGET=3,0.009686464440479225,1.0,38
CS_12_UR_XP; CS_2_DL_LU; Regula=sadness->neutral,TARGET=3,0.009686464440479225,1.0,38
CS_2_DL_LU; CS_5_DR_LU; CS_9_UL_XP,TARGET=3,0.009686464440479225,1.0,38
CS_5_DR_LU; CS_8_UL_LU; CS_9_UL_XP,TARGET=3,0.009686464440479225,1.0,38
CS_12_UR_XP; CS_3_DL_XP; CS_8_UL_LU; Regula=neutral->sadness,TARGET=3,0.009686464440479225,1.0,38
CS_11_UR_LU; CS_12_UR_XP; CS_2_DL_LU,TARGET=3,0.009431557481519245,1.0,37
CS_12_UR_XP; CS_2_DL_LU; Regula=neutral->sadness,TARGET=3,0.009431557481519245,1.0,37
CS_2_DL_LU; CS_5_DR_LU; CS_8_UL_LU,TARGET=3,0.009431557481519245,1.0,37
CS_3_DL_XP; CS_6_DR_XP; CS_9_UL_XP,TARGET=3,0.009431557481519245,1.0,37
CS_11_UR_LU; CS_1_DL_FR; CS_8_UL_LU; Regula=neutral->sadness,TARGET=3,0.009431557481519245,1.0,37
CS_12_UR_XP; CS_3_DL_XP; CS_7_UL_FR; Regula=anger->neutral,TARGET=3,0.009431557481519245,1.0,37
CS_12_UR_XP; CS_3_DL_XP; CS_8_UL_LU; Regula=sadness->neutral,TARGET=3,0.009431557481519245,1.0,37
CS_12_UR_XP; CS_8_UL_LU; CS_9_UL_XP; Regula=sadness->neutral,TARGET=3,0.009431557481519245,1.0,37
CS_10_UR_FR; CS_11_UR_LU; CS_9_UL_XP,TARGET=3,0.009176650522559266,1.0,36
CS_10_UR_FR; CS_8_UL_LU; CS_9_UL_XP,TARGET=3,0.009176650522559266,1.0,36
CS_12_UR_XP; CS_2_DL_LU; CS_8_UL_LU,TARGET=3,0.009176650522559266,1.0,36
CS_1_DL_FR; CS_3_DL_XP; Regula=neutral->sadness,TARGET=3,0.009176650522559266,1.0,36
CS_2_DL_LU; CS_5_DR_LU; CS_6_DR_XP,TARGET=3,0.009176650522559266,1.0,36
CS_11_UR_LU; CS_12_UR_XP; CS_6_DR_XP; Regula=sadness->neutral,TARGET=3,0.009176650522559266,1.0,36
CS_11_UR_LU; CS_3_DL_XP; CS_9_UL_XP,TARGET=3,0.008921743563599286,1.0,35
CS_1_DL_FR; CS_4_DR_FR; CS_5_DR_LU,TARGET=3,0.008921743563599286,1.0,35
CS_3_DL_XP; CS_4_DR_FR; CS_5_DR_LU,TARGET=3,0.008921743563599286,1.0,35
CS_10_UR_FR; CS_12_UR_XP; CS_3_DL_XP; Regula=anger->neutral,TARGET=3,0.008921743563599286,1.0,35
CS_1_DL_FR; CS_6_DR_XP; CS_9_UL_XP,TARGET=3,0.008666836604639306,1.0,34
CS_1_DL_FR; CS_8_UL_LU; CS_9_UL_XP,TARGET=3,0.008666836604639306,1.0,34
CS_11_UR_LU; CS_12_UR_XP; CS_5_DR_LU; CS_6_DR_XP,TARGET=3,0.008666836604639306,1.0,34
CS_11_UR_LU; CS_5_DR_LU; CS_6_DR_XP; Regula=sadness->neutral,TARGET=3,0.008666836604639306,1.0,34
CS_12_UR_XP; CS_5_DR_LU; CS_6_DR_XP; Regula=neutral->sadness,TARGET=3,0.008666836604639306,1.0,34
CS_12_UR_XP; CS_5_DR_LU; CS_9_UL_XP; Regula=neutral->sadness,TARGET=3,0.008666836604639306,1.0,34
CS_12_UR_XP; CS_2_DL_LU; CS_6_DR_XP,TARGET=3,0.008411929645679326,1.0,33
CS_12_UR_XP; CS_4_DR_FR; CS_5_DR_LU,TARGET=3,0.008411929645679326,1.0,33
CS_10_UR_FR; CS_12_UR_XP; CS_3_DL_XP; Regula=neutral->anger,TARGET=3,0.008411929645679326,1.0,33
CS_12_UR_XP; CS_2_DL_LU; CS_5_DR_LU; Regula=neutral->sadness,TARGET=3,0.008411929645679326,1.0,33
CS_12_UR_XP; CS_4_DR_FR; CS_9_UL_XP,TARGET=3,0.008157022686719348,1.0,32
CS_1_DL_FR; CS_3_DL_XP; CS_8_UL_LU,TARGET=3,0.008157022686719348,1.0,32
CS_1_DL_FR; CS_5_DR_LU; CS_8_UL_LU,TARGET=3,0.008157022686719348,1.0,32
CS_10_UR_FR; CS_11_UR_LU; CS_12_UR_XP; CS_9_UL_XP,TARGET=3,0.008157022686719348,1.0,32
CS_12_UR_XP; CS_5_DR_LU; CS_9_UL_XP; Regula=sadness->neutral,TARGET=3,0.008157022686719348,1.0,32
CS_12_UR_XP; CS_8_UL_LU; CS_9_UL_XP; Regula=happiness->neutral,TARGET=3,0.008157022686719348,1.0,32
CS_1_DL_FR; CS_3_DL_XP; CS_9_UL_XP,TARGET=3,0.007902115727759368,1.0,31
CS_1_DL_FR; CS_4_DR_FR; CS_9_UL_XP,TARGET=3,0.007902115727759368,1.0,31
CS_3_DL_XP; CS_8_UL_LU; CS_9_UL_XP,TARGET=3,0.007902115727759368,1.0,31
CS_4_DR_FR; CS_5_DR_LU; CS_8_UL_LU,TARGET=3,0.007902115727759368,1.0,31
CS_10_UR_FR; CS_12_UR_XP; CS_8_UL_LU; CS_9_UL_XP,TARGET=3,0.007902115727759368,1.0,31
CS_11_UR_LU; CS_5_DR_LU; CS_6_DR_XP; Regula=neutral->sadness,TARGET=3,0.007902115727759368,1.0,31
CS_12_UR_XP; CS_2_DL_LU; CS_5_DR_LU; Regula=sadness->neutral,TARGET=3,0.007902115727759368,1.0,31
CS_12_UR_XP; CS_3_DL_XP; CS_7_UL_FR; Regula=neutral->anger,TARGET=3,0.007902115727759368,1.0,31
CS_11_UR_LU; CS_1_DL_FR; CS_3_DL_XP,TARGET=3,0.007647208768799388,1.0,30
CS_11_UR_LU; CS_2_DL_LU; CS_6_DR_XP,TARGET=3,0.007647208768799388,1.0,30
CS_10_UR_FR; CS_11_UR_LU; CS_12_UR_XP; CS_8_UL_LU,TARGET=3,0.007647208768799388,1.0,30
CS_11_UR_LU; CS_4_DR_FR; CS_8_UL_LU; Regula=neutral->sadness,TARGET=3,0.007647208768799388,1.0,30
CS_12_UR_XP; CS_6_DR_XP; CS_8_UL_LU; Regula=neutral->sadness,TARGET=3,0.007647208768799388,1.0,30
CS_10_UR_FR; CS_12_UR_XP; CS_1_DL_FR,TARGET=3,0.007392301809839409,1.0,29
CS_12_UR_XP; CS_4_DR_FR; CS_8_UL_LU,TARGET=3,0.007392301809839409,1.0,29
CS_1_DL_FR; CS_4_DR_FR; CS_6_DR_XP,TARGET=3,0.007392301809839409,1.0,29
CS_11_UR_LU; CS_12_UR_XP; CS_9_UL_XP; Regula=happiness->neutral,TARGET=3,0.007392301809839409,1.0,29
CS_11_UR_LU; CS_2_DL_LU; CS_5_DR_LU; CS_8_UL_LU,TARGET=3,0.007392301809839409,1.0,29
CS_11_UR_LU; CS_2_DL_LU; Regula=sadness->neutral,TARGET=3,0.007137394850879429,1.0,28
CS_11_UR_LU; CS_4_DR_FR; CS_6_DR_XP,TARGET=3,0.007137394850879429,1.0,28
CS_12_UR_XP; CS_1_DL_FR; CS_6_DR_XP,TARGET=3,0.007137394850879429,1.0,28
CS_12_UR_XP; CS_3_DL_XP; CS_6_DR_XP,TARGET=3,0.007137394850879429,1.0,28
CS_12_UR_XP; CS_4_DR_FR; CS_6_DR_XP,TARGET=3,0.007137394850879429,1.0,28
CS_11_UR_LU; CS_1_DL_FR; CS_5_DR_LU; CS_8_UL_LU,TARGET=3,0.007137394850879429,1.0,28
CS_11_UR_LU; CS_2_DL_LU; CS_8_UL_LU; Regula=neutral->sadness,TARGET=3,0.007137394850879429,1.0,28
CS_11_UR_LU; CS_8_UL_LU; CS_9_UL_XP; Regula=happiness->neutral,TARGET=3,0.007137394850879429,1.0,28
CS_12_UR_XP; CS_6_DR_XP; CS_9_UL_XP; Regula=sadness->neutral,TARGET=3,0.007137394850879429,1.0,28
CS_10_UR_FR; CS_5_DR_LU; CS_9_UL_XP,TARGET=3,0.006882487891919449,1.0,27
CS_12_UR_XP; CS_1_DL_FR; CS_7_UL_FR,TARGET=3,0.006882487891919449,1.0,27
CS_12_UR_XP; CS_7_UL_FR; CS_9_UL_XP,TARGET=3,0.006882487891919449,1.0,27
CS_2_DL_LU; CS_6_DR_XP; CS_8_UL_LU,TARGET=3,0.006882487891919449,1.0,27
CS_3_DL_XP; CS_5_DR_LU; CS_8_UL_LU,TARGET=3,0.006882487891919449,1.0,27
CS_10_UR_FR; CS_11_UR_LU; CS_8_UL_LU; CS_9_UL_XP,TARGET=3,0.006882487891919449,1.0,27
CS_11_UR_LU; CS_12_UR_XP; CS_2_DL_LU; CS_8_UL_LU,TARGET=3,0.006882487891919449,1.0,27
CS_11_UR_LU; CS_12_UR_XP; CS_6_DR_XP; CS_9_UL_XP,TARGET=3,0.006882487891919449,1.0,27
CS_11_UR_LU; CS_5_DR_LU; CS_8_UL_LU; CS_9_UL_XP,TARGET=3,0.006882487891919449,1.0,27
CS_11_UR_LU; CS_6_DR_XP; CS_9_UL_XP; Regula=neutral->sadness,TARGET=3,0.006882487891919449,1.0,27
CS_12_UR_XP; CS_2_DL_LU; CS_5_DR_LU; CS_9_UL_XP,TARGET=3,0.006882487891919449,1.0,27
CS_12_UR_XP; CS_5_DR_LU; CS_6_DR_XP; Regula=sadness->neutral,TARGET=3,0.006882487891919449,1.0,27
CS_5_DR_LU; CS_6_DR_XP; CS_8_UL_LU; Regula=neutral->sadness,TARGET=3,0.006882487891919449,1.0,27
CS_11_UR_LU; CS_7_UL_FR,TARGET=3,0.00662758093295947,1.0,26
CS_1_DL_FR; CS_6_DR_XP; Regula=neutral->sadness,TARGET=3,0.00662758093295947,1.0,26
CS_3_DL_XP; CS_6_DR_XP; Regula=neutral->sadness,TARGET=3,0.00662758093295947,1.0,26
CS_11_UR_LU; CS_12_UR_XP; CS_3_DL_XP; CS_9_UL_XP,TARGET=3,0.00662758093295947,1.0,26
CS_11_UR_LU; CS_12_UR_XP; CS_5_DR_LU; CS_9_UL_XP,TARGET=3,0.00662758093295947,1.0,26
CS_11_UR_LU; CS_5_DR_LU; CS_9_UL_XP; Regula=neutral->sadness,TARGET=3,0.00662758093295947,1.0,26
CS_12_UR_XP; CS_1_DL_FR; CS_8_UL_LU; Regula=neutral->sadness,TARGET=3,0.00662758093295947,1.0,26
CS_12_UR_XP; CS_2_DL_LU; CS_5_DR_LU; CS_6_DR_XP,TARGET=3,0.00662758093295947,1.0,26
CS_12_UR_XP; CS_3_DL_XP; CS_9_UL_XP; Regula=neutral->sadness,TARGET=3,0.00662758093295947,1.0,26
CS_5_DR_LU; CS_6_DR_XP; CS_8_UL_LU; Regula=sadness->neutral,TARGET=3,0.00662758093295947,1.0,26
CS_10_UR_FR; CS_3_DL_XP; CS_9_UL_XP,TARGET=3,0.00637267397399949,1.0,25
CS_12_UR_XP; CS_1_DL_FR; CS_4_DR_FR,TARGET=3,0.00637267397399949,1.0,25
CS_3_DL_XP; CS_7_UL_FR; CS_9_UL_XP,TARGET=3,0.00637267397399949,1.0,25
CS_11_UR_LU; CS_12_UR_XP; CS_1_DL_FR; Regula=sadness->neutral,TARGET=3,0.00637267397399949,1.0,25
CS_11_UR_LU; CS_12_UR_XP; CS_2_DL_LU; CS_5_DR_LU,TARGET=3,0.00637267397399949,1.0,25
CS_11_UR_LU; CS_2_DL_LU; CS_5_DR_LU; CS_6_DR_XP,TARGET=3,0.00637267397399949,1.0,25
CS_12_UR_XP; CS_3_DL_XP; CS_5_DR_LU; Regula=sadness->neutral,TARGET=3,0.00637267397399949,1.0,25
CS_12_UR_XP; CS_5_DR_LU; CS_6_DR_XP; CS_9_UL_XP,TARGET=3,0.00637267397399949,1.0,25
CS_12_UR_XP; CS_8_UL_LU; CS_9_UL_XP; Regula=neutral->happiness,TARGET=3,0.00637267397399949,1.0,25
CS_11_UR_LU; CS_1_DL_FR; CS_4_DR_FR,TARGET=3,0.006117767015039511,1.0,24
CS_11_UR_LU; CS_1_DL_FR; CS_6_DR_XP,TARGET=3,0.006117767015039511,1.0,24
CS_11_UR_LU; CS_1_DL_FR; CS_9_UL_XP,TARGET=3,0.006117767015039511,1.0,24
CS_2_DL_LU; CS_6_DR_XP; Regula=sadness->neutral,TARGET=3,0.006117767015039511,1.0,24
CS_3_DL_XP; CS_5_DR_LU; CS_6_DR_XP,TARGET=3,0.006117767015039511,1.0,24
CS_3_DL_XP; CS_5_DR_LU; CS_9_UL_XP,TARGET=3,0.006117767015039511,1.0,24
CS_11_UR_LU; CS_12_UR_XP; CS_8_UL_LU; Regula=happiness->neutral,TARGET=3,0.006117767015039511,1.0,24
CS_11_UR_LU; CS_1_DL_FR; CS_5_DR_LU; Regula=neutral->sadness,TARGET=3,0.006117767015039511,1.0,24
CS_11_UR_LU; CS_4_DR_FR; CS_5_DR_LU; CS_8_UL_LU,TARGET=3,0.006117767015039511,1.0,24
CS_12_UR_XP; CS_3_DL_XP; CS_5_DR_LU; Regula=neutral->sadness,TARGET=3,0.006117767015039511,1.0,24
CS_12_UR_XP; CS_7_UL_FR; CS_8_UL_LU,TARGET=3,0.005862860056079531,1.0,23
CS_2_DL_LU; CS_8_UL_LU; Regula=sadness->neutral,TARGET=3,0.005862860056079531,1.0,23
CS_3_DL_XP; CS_6_DR_XP; Regula=sadness->neutral,TARGET=3,0.005862860056079531,1.0,23
CS_3_DL_XP; CS_9_UL_XP; Regula=anger->neutral,TARGET=3,0.005862860056079531,1.0,23
CS_4_DR_FR; CS_6_DR_XP; CS_8_UL_LU,TARGET=3,0.005862860056079531,1.0,23
CS_11_UR_LU; CS_12_UR_XP; CS_1_DL_FR; Regula=neutral->sadness,TARGET=3,0.005862860056079531,1.0,23
CS_11_UR_LU; CS_12_UR_XP; CS_3_DL_XP; CS_5_DR_LU,TARGET=3,0.005862860056079531,1.0,23
CS_11_UR_LU; CS_2_DL_LU; CS_5_DR_LU; Regula=neutral->sadness,TARGET=3,0.005862860056079531,1.0,23
CS_11_UR_LU; CS_3_DL_XP; CS_5_DR_LU; CS_8_UL_LU,TARGET=3,0.005862860056079531,1.0,23
CS_11_UR_LU; CS_4_DR_FR; CS_5_DR_LU; Regula=neutral->sadness,TARGET=3,0.005862860056079531,1.0,23
CS_12_UR_XP; CS_1_DL_FR; CS_8_UL_LU; Regula=sadness->neutral,TARGET=3,0.005862860056079531,1.0,23
CS_5_DR_LU; CS_6_DR_XP; CS_9_UL_XP; Regula=neutral->sadness,TARGET=3,0.005862860056079531,1.0,23
CS_10_UR_FR; CS_1_DL_FR; CS_7_UL_FR,TARGET=3,0.005607953097119552,1.0,22
CS_10_UR_FR; CS_9_UL_XP; Regula=neutral->happiness,TARGET=3,0.005607953097119552,1.0,22
CS_11_UR_LU; CS_1_DL_FR; CS_5_DR_LU; Regula=sadness->neutral,TARGET=3,0.005607953097119552,1.0,22
CS_11_UR_LU; CS_2_DL_LU; CS_6_DR_XP; CS_8_UL_LU,TARGET=3,0.005607953097119552,1.0,22
CS_11_UR_LU; CS_3_DL_XP; CS_5_DR_LU; Regula=sadness->neutral,TARGET=3,0.005607953097119552,1.0,22
CS_11_UR_LU; CS_5_DR_LU; CS_6_DR_XP; CS_9_UL_XP,TARGET=3,0.005607953097119552,1.0,22
CS_11_UR_LU; CS_6_DR_XP; CS_9_UL_XP; Regula=sadness->neutral,TARGET=3,0.005607953097119552,1.0,22
CS_12_UR_XP; CS_1_DL_FR; CS_3_DL_XP; Regula=neutral->sadness,TARGET=3,0.005607953097119552,1.0,22
CS_12_UR_XP; CS_3_DL_XP; CS_8_UL_LU; CS_9_UL_XP,TARGET=3,0.005607953097119552,1.0,22
CS_12_UR_XP; CS_3_DL_XP; CS_9_UL_XP; Regula=sadness->neutral,TARGET=3,0.005607953097119552,1.0,22
CS_2_DL_LU; CS_5_DR_LU; CS_6_DR_XP; CS_8_UL_LU,TARGET=3,0.005607953097119552,1.0,22
CS_10_UR_FR; CS_12_UR_XP; Regula=neutral->happiness,TARGET=3,0.005353046138159572,1.0,21
CS_1_DL_FR; CS_4_DR_FR; CS_7_UL_FR,TARGET=3,0.005353046138159572,1.0,21
CS_11_UR_LU; CS_3_DL_XP; CS_5_DR_LU; Regula=neutral->sadness,TARGET=3,0.005353046138159572,1.0,21
CS_11_UR_LU; CS_4_DR_FR; CS_8_UL_LU; Regula=sadness->neutral,TARGET=3,0.005353046138159572,1.0,21
CS_11_UR_LU; CS_6_DR_XP; CS_8_UL_LU; CS_9_UL_XP,TARGET=3,0.005353046138159572,1.0,21
CS_12_UR_XP; CS_1_DL_FR; CS_3_DL_XP; CS_5_DR_LU,TARGET=3,0.005353046138159572,1.0,21
CS_12_UR_XP; CS_1_DL_FR; CS_3_DL_XP; Regula=sadness->neutral,TARGET=3,0.005353046138159572,1.0,21
CS_12_UR_XP; CS_1_DL_FR; CS_5_DR_LU; Regula=neutral->sadness,TARGET=3,0.005353046138159572,1.0,21
CS_12_UR_XP; CS_2_DL_LU; CS_5_DR_LU; CS_8_UL_LU,TARGET=3,0.005353046138159572,1.0,21
CS_12_UR_XP; CS_5_DR_LU; CS_6_DR_XP; CS_8_UL_LU,TARGET=3,0.005353046138159572,1.0,21
CS_2_DL_LU; CS_5_DR_LU; CS_6_DR_XP; Regula=sadness->neutral,TARGET=3,0.005353046138159572,1.0,21
CS_2_DL_LU; CS_5_DR_LU; CS_8_UL_LU; Regula=neutral->sadness,TARGET=3,0.005353046138159572,1.0,21
CS_5_DR_LU; CS_8_UL_LU; CS_9_UL_XP; Regula=neutral->sadness,TARGET=3,0.005353046138159572,1.0,21
CS_11_UR_LU; CS_4_DR_FR; CS_9_UL_XP,TARGET=3,0.0050981391791995925,1.0,20
CS_1_DL_FR; CS_6_DR_XP; CS_8_UL_LU,TARGET=3,0.0050981391791995925,1.0,20
CS_2_DL_LU; CS_6_DR_XP; Regula=neutral->sadness,TARGET=3,0.0050981391791995925,1.0,20
CS_4_DR_FR; CS_5_DR_LU; CS_6_DR_XP,TARGET=3,0.0050981391791995925,1.0,20
CS_11_UR_LU; CS_12_UR_XP; CS_4_DR_FR; Regula=neutral->sadness,TARGET=3,0.0050981391791995925,1.0,20
CS_11_UR_LU; CS_1_DL_FR; CS_3_DL_XP; CS_8_UL_LU,TARGET=3,0.0050981391791995925,1.0,20
CS_11_UR_LU; CS_1_DL_FR; CS_8_UL_LU; CS_9_UL_XP,TARGET=3,0.0050981391791995925,1.0,20
CS_11_UR_LU; CS_5_DR_LU; CS_9_UL_XP; Regula=sadness->neutral,TARGET=3,0.0050981391791995925,1.0,20
CS_12_UR_XP; CS_1_DL_FR; CS_3_DL_XP; CS_8_UL_LU,TARGET=3,0.0050981391791995925,1.0,20
CS_12_UR_XP; CS_1_DL_FR; CS_5_DR_LU; Regula=sadness->neutral,TARGET=3,0.0050981391791995925,1.0,20
CS_12_UR_XP; CS_3_DL_XP; CS_5_DR_LU; CS_9_UL_XP,TARGET=3,0.0050981391791995925,1.0,20
CS_12_UR_XP; CS_5_DR_LU; CS_8_UL_LU; CS_9_UL_XP,TARGET=3,0.0050981391791995925,1.0,20
CS_12_UR_XP; CS_6_DR_XP; CS_8_UL_LU; Regula=sadness->neutral,TARGET=3,0.0050981391791995925,1.0,20
CS_12_UR_XP; CS_6_DR_XP; CS_9_UL_XP; Regula=neutral->sadness,TARGET=3,0.0050981391791995925,1.0,20
CS_4_DR_FR; CS_5_DR_LU; CS_8_UL_LU; Regula=neutral->sadness,TARGET=3,0.0050981391791995925,1.0,20
CS_11_UR_LU; CS_2_DL_LU; CS_9_UL_XP,TARGET=3,0.004843232220239612,1.0,19
CS_12_UR_XP; CS_3_DL_XP; CS_4_DR_FR,TARGET=3,0.004843232220239612,1.0,19
CS_1_DL_FR; CS_4_DR_FR; CS_8_UL_LU,TARGET=3,0.004843232220239612,1.0,19
CS_3_DL_XP; CS_4_DR_FR; Regula=sadness->neutral,TARGET=3,0.004843232220239612,1.0,19
CS_10_UR_FR; CS_12_UR_XP; CS_9_UL_XP; Regula=neutral->happiness,TARGET=3,0.004843232220239612,1.0,19
CS_10_UR_FR; CS_7_UL_FR; CS_9_UL_XP; Regula=neutral->anger,TARGET=3,0.004843232220239612,1.0,19
CS_11_UR_LU; CS_2_DL_LU; CS_8_UL_LU; Regula=sadness->neutral,TARGET=3,0.004843232220239612,1.0,19
CS_12_UR_XP; CS_1_DL_FR; CS_8_UL_LU; CS_9_UL_XP,TARGET=3,0.004843232220239612,1.0,19
CS_12_UR_XP; CS_2_DL_LU; CS_9_UL_XP; Regula=sadness->neutral,TARGET=3,0.004843232220239612,1.0,19
CS_12_UR_XP; CS_3_DL_XP; CS_6_DR_XP; CS_9_UL_XP,TARGET=3,0.004843232220239612,1.0,19
CS_1_DL_FR; CS_3_DL_XP; CS_4_DR_FR; CS_5_DR_LU,TARGET=3,0.004843232220239612,1.0,19
CS_1_DL_FR; CS_3_DL_XP; CS_5_DR_LU; Regula=sadness->neutral,TARGET=3,0.004843232220239612,1.0,19
CS_2_DL_LU; CS_5_DR_LU; CS_9_UL_XP; Regula=neutral->sadness,TARGET=3,0.004843232220239612,1.0,19
CS_2_DL_LU; CS_5_DR_LU; CS_9_UL_XP; Regula=sadness->neutral,TARGET=3,0.004843232220239612,1.0,19
CS_4_DR_FR; CS_6_DR_XP; CS_9_UL_XP; Regula=neutral->sadness,TARGET=3,0.004843232220239612,1.0,19
CS_5_DR_LU; CS_6_DR_XP; CS_9_UL_XP; Regula=sadness->neutral,TARGET=3,0.004843232220239612,1.0,19
CS_10_UR_FR; CS_11_UR_LU; CS_1_DL_FR,TARGET=3,0.004588325261279633,1.0,18
CS_10_UR_FR; CS_2_DL_LU; CS_9_UL_XP,TARGET=3,0.004588325261279633,1.0,18
CS_12_UR_XP; CS_4_DR_FR; CS_7_UL_FR,TARGET=3,0.004588325261279633,1.0,18
CS_1_DL_FR; CS_3_DL_XP; CS_6_DR_XP,TARGET=3,0.004588325261279633,1.0,18
CS_1_DL_FR; CS_3_DL_XP; CS_7_UL_FR,TARGET=3,0.004588325261279633,1.0,18
CS_10_UR_FR; CS_12_UR_XP; CS_9_UL_XP; Regula=happiness->neutral,TARGET=3,0.004588325261279633,1.0,18
CS_11_UR_LU; CS_12_UR_XP; CS_1_DL_FR; CS_5_DR_LU,TARGET=3,0.004588325261279633,1.0,18
CS_11_UR_LU; CS_12_UR_XP; CS_2_DL_LU; CS_6_DR_XP,TARGET=3,0.004588325261279633,1.0,18
CS_11_UR_LU; CS_12_UR_XP; CS_4_DR_FR; CS_8_UL_LU,TARGET=3,0.004588325261279633,1.0,18
CS_11_UR_LU; CS_12_UR_XP; CS_4_DR_FR; Regula=sadness->neutral,TARGET=3,0.004588325261279633,1.0,18
CS_11_UR_LU; CS_12_UR_XP; CS_9_UL_XP; Regula=neutral->happiness,TARGET=3,0.004588325261279633,1.0,18
CS_11_UR_LU; CS_2_DL_LU; CS_5_DR_LU; Regula=sadness->neutral,TARGET=3,0.004588325261279633,1.0,18
CS_11_UR_LU; CS_3_DL_XP; CS_8_UL_LU; CS_9_UL_XP,TARGET=3,0.004588325261279633,1.0,18
CS_11_UR_LU; CS_3_DL_XP; CS_9_UL_XP; Regula=neutral->sadness,TARGET=3,0.004588325261279633,1.0,18
CS_12_UR_XP; CS_4_DR_FR; CS_6_DR_XP; CS_9_UL_XP,TARGET=3,0.004588325261279633,1.0,18
CS_1_DL_FR; CS_5_DR_LU; CS_8_UL_LU; Regula=neutral->sadness,TARGET=3,0.004588325261279633,1.0,18
CS_3_DL_XP; CS_6_DR_XP; CS_9_UL_XP; Regula=neutral->sadness,TARGET=3,0.004588325261279633,1.0,18
CS_10_UR_FR; CS_11_UR_LU; Regula=happiness->neutral,TARGET=3,0.004333418302319653,1.0,17
CS_10_UR_FR; CS_1_DL_FR; CS_9_UL_XP,TARGET=3,0.004333418302319653,1.0,17
CS_10_UR_FR; CS_7_UL_FR; CS_8_UL_LU,TARGET=3,0.004333418302319653,1.0,17
CS_10_UR_FR; CS_8_UL_LU; Regula=happiness->neutral,TARGET=3,0.004333418302319653,1.0,17
CS_11_UR_LU; CS_3_DL_XP; CS_6_DR_XP,TARGET=3,0.004333418302319653,1.0,17
CS_1_DL_FR; CS_7_UL_FR; CS_9_UL_XP,TARGET=3,0.004333418302319653,1.0,17
CS_10_UR_FR; CS_11_UR_LU; CS_9_UL_XP; Regula=happiness->neutral,TARGET=3,0.004333418302319653,1.0,17
CS_10_UR_FR; CS_12_UR_XP; CS_9_UL_XP; Regula=neutral->anger,TARGET=3,0.004333418302319653,1.0,17
CS_10_UR_FR; CS_8_UL_LU; CS_9_UL_XP; Regula=happiness->neutral,TARGET=3,0.004333418302319653,1.0,17
CS_11_UR_LU; CS_12_UR_XP; CS_1_DL_FR; CS_3_DL_XP,TARGET=3,0.004333418302319653,1.0,17
CS_12_UR_XP; CS_2_DL_LU; CS_6_DR_XP; Regula=sadness->neutral,TARGET=3,0.004333418302319653,1.0,17
CS_12_UR_XP; CS_4_DR_FR; CS_5_DR_LU; Regula=neutral->sadness,TARGET=3,0.004333418302319653,1.0,17
CS_1_DL_FR; CS_3_DL_XP; CS_5_DR_LU; Regula=neutral->sadness,TARGET=3,0.004333418302319653,1.0,17
CS_1_DL_FR; CS_4_DR_FR; CS_6_DR_XP; CS_9_UL_XP,TARGET=3,0.004333418302319653,1.0,17
CS_4_DR_FR; CS_6_DR_XP; CS_9_UL_XP; Regula=sadness->neutral,TARGET=3,0.004333418302319653,1.0,17
CS_6_DR_XP; CS_8_UL_LU; CS_9_UL_XP; Regula=neutral->sadness,TARGET=3,0.004333418302319653,1.0,17
CS_10_UR_FR; CS_11_UR_LU; Regula=neutral->happiness,TARGET=3,0.004078511343359674,1.0,16
CS_10_UR_FR; CS_4_DR_FR; CS_7_UL_FR,TARGET=3,0.004078511343359674,1.0,16
CS_10_UR_FR; CS_8_UL_LU; Regula=neutral->happiness,TARGET=3,0.004078511343359674,1.0,16
CS_11_UR_LU; CS_12_UR_XP; CS_7_UL_FR,TARGET=3,0.004078511343359674,1.0,16
CS_1_DL_FR; CS_5_DR_LU; CS_6_DR_XP,TARGET=3,0.004078511343359674,1.0,16
CS_1_DL_FR; CS_5_DR_LU; CS_9_UL_XP,TARGET=3,0.004078511343359674,1.0,16
CS_2_DL_LU; CS_8_UL_LU; CS_9_UL_XP,TARGET=3,0.004078511343359674,1.0,16
CS_4_DR_FR; CS_8_UL_LU; CS_9_UL_XP,TARGET=3,0.004078511343359674,1.0,16
CS_5_DR_LU; CS_7_UL_FR; CS_9_UL_XP,TARGET=3,0.004078511343359674,1.0,16
CS_10_UR_FR; CS_11_UR_LU; CS_12_UR_XP; Regula=happiness->neutral,TARGET=3,0.004078511343359674,1.0,16
CS_10_UR_FR; CS_11_UR_LU; CS_8_UL_LU; Regula=happiness->neutral,TARGET=3,0.004078511343359674,1.0,16
CS_10_UR_FR; CS_12_UR_XP; CS_8_UL_LU; Regula=happiness->neutral,TARGET=3,0.004078511343359674,1.0,16
CS_11_UR_LU; CS_12_UR_XP; CS_2_DL_LU; Regula=neutral->sadness,TARGET=3,0.004078511343359674,1.0,16
CS_11_UR_LU; CS_12_UR_XP; CS_4_DR_FR; CS_5_DR_LU,TARGET=3,0.004078511343359674,1.0,16
CS_11_UR_LU; CS_1_DL_FR; CS_3_DL_XP; Regula=sadness->neutral,TARGET=3,0.004078511343359674,1.0,16
CS_11_UR_LU; CS_4_DR_FR; CS_5_DR_LU; Regula=sadness->neutral,TARGET=3,0.004078511343359674,1.0,16
CS_11_UR_LU; CS_8_UL_LU; CS_9_UL_XP; Regula=neutral->happiness,TARGET=3,0.004078511343359674,1.0,16
CS_12_UR_XP; CS_2_DL_LU; CS_6_DR_XP; CS_8_UL_LU,TARGET=3,0.004078511343359674,1.0,16
CS_12_UR_XP; CS_3_DL_XP; CS_5_DR_LU; CS_6_DR_XP,TARGET=3,0.004078511343359674,1.0,16
CS_12_UR_XP; CS_4_DR_FR; CS_5_DR_LU; Regula=sadness->neutral,TARGET=3,0.004078511343359674,1.0,16
CS_2_DL_LU; CS_5_DR_LU; CS_8_UL_LU; Regula=sadness->neutral,TARGET=3,0.004078511343359674,1.0,16
CS_3_DL_XP; CS_5_DR_LU; CS_8_UL_LU; Regula=sadness->neutral,TARGET=3,0.004078511343359674,1.0,16
CS_5_DR_LU; CS_6_DR_XP; CS_8_UL_LU; CS_9_UL_XP,TARGET=3,0.004078511343359674,1.0,16
CS_5_DR_LU; CS_8_UL_LU; CS_9_UL_XP; Regula=sadness->neutral,TARGET=3,0.004078511343359674,1.0,16
CS_1_DL_FR; CS_7_UL_FR; Regula=neutral->anger,TARGET=3,0.003823604384399694,1.0,15
CS_2_DL_LU; CS_6_DR_XP; CS_9_UL_XP,TARGET=3,0.003823604384399694,1.0,15
CS_4_DR_FR; CS_6_DR_XP; CS_7_UL_FR,TARGET=3,0.003823604384399694,1.0,15
CS_10_UR_FR; CS_11_UR_LU; CS_12_UR_XP; CS_1_DL_FR,TARGET=3,0.003823604384399694,1.0,15
CS_10_UR_FR; CS_11_UR_LU; CS_12_UR_XP; Regula=neutral->happiness,TARGET=3,0.003823604384399694,1.0,15
CS_10_UR_FR; CS_11_UR_LU; CS_9_UL_XP; Regula=neutral->happiness,TARGET=3,0.003823604384399694,1.0,15
CS_10_UR_FR; CS_12_UR_XP; CS_8_UL_LU; Regula=neutral->happiness,TARGET=3,0.003823604384399694,1.0,15
CS_10_UR_FR; CS_8_UL_LU; CS_9_UL_XP; Regula=neutral->happiness,TARGET=3,0.003823604384399694,1.0,15
CS_11_UR_LU; CS_12_UR_XP; CS_2_DL_LU; Regula=sadness->neutral,TARGET=3,0.003823604384399694,1.0,15
CS_11_UR_LU; CS_12_UR_XP; CS_8_UL_LU; Regula=neutral->happiness,TARGET=3,0.003823604384399694,1.0,15
CS_11_UR_LU; CS_2_DL_LU; CS_6_DR_XP; Regula=sadness->neutral,TARGET=3,0.003823604384399694,1.0,15
CS_11_UR_LU; CS_4_DR_FR; CS_6_DR_XP; Regula=neutral->sadness,TARGET=3,0.003823604384399694,1.0,15
CS_12_UR_XP; CS_2_DL_LU; CS_6_DR_XP; Regula=neutral->sadness,TARGET=3,0.003823604384399694,1.0,15
CS_12_UR_XP; CS_2_DL_LU; CS_8_UL_LU; Regula=neutral->sadness,TARGET=3,0.003823604384399694,1.0,15
CS_12_UR_XP; CS_3_DL_XP; CS_5_DR_LU; CS_8_UL_LU,TARGET=3,0.003823604384399694,1.0,15
CS_2_DL_LU; CS_5_DR_LU; CS_6_DR_XP; Regula=neutral->sadness,TARGET=3,0.003823604384399694,1.0,15
CS_3_DL_XP; CS_5_DR_LU; CS_6_DR_XP; CS_9_UL_XP,TARGET=3,0.003823604384399694,1.0,15
CS_3_DL_XP; CS_6_DR_XP; CS_9_UL_XP; Regula=sadness->neutral,TARGET=3,0.003823604384399694,1.0,15
CS_10_UR_FR; CS_5_DR_LU; CS_7_UL_FR,TARGET=3,0.0035686974254397143,1.0,14
CS_4_DR_FR; CS_5_DR_LU; CS_9_UL_XP,TARGET=3,0.0035686974254397143,1.0,14
CS_10_UR_FR; CS_12_UR_XP; CS_9_UL_XP; Regula=anger->neutral,TARGET=3,0.0035686974254397143,1.0,14
CS_11_UR_LU; CS_12_UR_XP; CS_2_DL_LU; CS_9_UL_XP,TARGET=3,0.0035686974254397143,1.0,14
CS_11_UR_LU; CS_3_DL_XP; CS_5_DR_LU; CS_6_DR_XP,TARGET=3,0.0035686974254397143,1.0,14
CS_12_UR_XP; CS_1_DL_FR; CS_3_DL_XP; CS_9_UL_XP,TARGET=3,0.0035686974254397143,1.0,14
CS_12_UR_XP; CS_1_DL_FR; CS_9_UL_XP; Regula=neutral->sadness,TARGET=3,0.0035686974254397143,1.0,14
CS_12_UR_XP; CS_2_DL_LU; CS_6_DR_XP; CS_9_UL_XP,TARGET=3,0.0035686974254397143,1.0,14
CS_12_UR_XP; CS_2_DL_LU; CS_8_UL_LU; CS_9_UL_XP,TARGET=3,0.0035686974254397143,1.0,14
CS_12_UR_XP; CS_6_DR_XP; CS_8_UL_LU; CS_9_UL_XP,TARGET=3,0.0035686974254397143,1.0,14
CS_1_DL_FR; CS_5_DR_LU; CS_8_UL_LU; Regula=sadness->neutral,TARGET=3,0.0035686974254397143,1.0,14
CS_3_DL_XP; CS_4_DR_FR; CS_5_DR_LU; Regula=sadness->neutral,TARGET=3,0.0035686974254397143,1.0,14
CS_4_DR_FR; CS_6_DR_XP; CS_8_UL_LU; CS_9_UL_XP,TARGET=3,0.0035686974254397143,1.0,14
CS_10_UR_FR; CS_12_UR_XP; CS_2_DL_LU,TARGET=3,0.003313790466479735,1.0,13
CS_10_UR_FR; CS_12_UR_XP; CS_5_DR_LU,TARGET=3,0.003313790466479735,1.0,13
CS_10_UR_FR; CS_9_UL_XP; Regula=neutral->sadness,TARGET=3,0.003313790466479735,1.0,13
CS_11_UR_LU; CS_3_DL_XP; CS_4_DR_FR,TARGET=3,0.003313790466479735,1.0,13
CS_12_UR_XP; CS_6_DR_XP; CS_7_UL_FR,TARGET=3,0.003313790466479735,1.0,13
CS_10_UR_FR; CS_3_DL_XP; CS_9_UL_XP; Regula=neutral->anger,TARGET=3,0.003313790466479735,1.0,13
CS_10_UR_FR; CS_5_DR_LU; CS_9_UL_XP; Regula=neutral->sadness,TARGET=3,0.003313790466479735,1.0,13
CS_11_UR_LU; CS_12_UR_XP; CS_1_DL_FR; CS_9_UL_XP,TARGET=3,0.003313790466479735,1.0,13
CS_11_UR_LU; CS_12_UR_XP; CS_4_DR_FR; CS_6_DR_XP,TARGET=3,0.003313790466479735,1.0,13
CS_11_UR_LU; CS_12_UR_XP; CS_4_DR_FR; CS_9_UL_XP,TARGET=3,0.003313790466479735,1.0,13
CS_11_UR_LU; CS_1_DL_FR; CS_3_DL_XP; Regula=neutral->sadness,TARGET=3,0.003313790466479735,1.0,13
CS_11_UR_LU; CS_2_DL_LU; CS_6_DR_XP; Regula=neutral->sadness,TARGET=3,0.003313790466479735,1.0,13
CS_11_UR_LU; CS_4_DR_FR; CS_6_DR_XP; CS_9_UL_XP,TARGET=3,0.003313790466479735,1.0,13
CS_12_UR_XP; CS_1_DL_FR; CS_5_DR_LU; CS_8_UL_LU,TARGET=3,0.003313790466479735,1.0,13
CS_12_UR_XP; CS_2_DL_LU; CS_9_UL_XP; Regula=neutral->sadness,TARGET=3,0.003313790466479735,1.0,13
CS_12_UR_XP; CS_4_DR_FR; CS_6_DR_XP; Regula=neutral->sadness,TARGET=3,0.003313790466479735,1.0,13
CS_1_DL_FR; CS_3_DL_XP; CS_4_DR_FR; Regula=surprise->neutral,TARGET=3,0.003313790466479735,1.0,13
CS_1_DL_FR; CS_3_DL_XP; CS_8_UL_LU; Regula=neutral->sadness,TARGET=3,0.003313790466479735,1.0,13
CS_1_DL_FR; CS_4_DR_FR; CS_5_DR_LU; Regula=neutral->sadness,TARGET=3,0.003313790466479735,1.0,13
CS_1_DL_FR; CS_6_DR_XP; CS_9_UL_XP; Regula=sadness->neutral,TARGET=3,0.003313790466479735,1.0,13
CS_2_DL_LU; CS_6_DR_XP; CS_8_UL_LU; Regula=neutral->sadness,TARGET=3,0.003313790466479735,1.0,13
CS_3_DL_XP; CS_5_DR_LU; CS_6_DR_XP; Regula=sadness->neutral,TARGET=3,0.003313790466479735,1.0,13
CS_10_UR_FR; CS_11_UR_LU; CS_7_UL_FR,TARGET=3,0.0030588835075197555,1.0,12
CS_10_UR_FR; CS_9_UL_XP; Regula=sadness->neutral,TARGET=3,0.0030588835075197555,1.0,12
CS_12_UR_XP; CS_7_UL_FR; Regula=happiness->neutral,TARGET=3,0.0030588835075197555,1.0,12
CS_1_DL_FR; CS_6_DR_XP; CS_7_UL_FR,TARGET=3,0.0030588835075197555,1.0,12
CS_1_DL_FR; CS_9_UL_XP; Regula=anger->neutral,TARGET=3,0.0030588835075197555,1.0,12
CS_3_DL_XP; CS_6_DR_XP; CS_8_UL_LU,TARGET=3,0.0030588835075197555,1.0,12
CS_6_DR_XP; CS_7_UL_FR; CS_9_UL_XP,TARGET=3,0.0030588835075197555,1.0,12
CS_7_UL_FR; CS_8_UL_LU; CS_9_UL_XP,TARGET=3,0.0030588835075197555,1.0,12
CS_10_UR_FR; CS_12_UR_XP; CS_2_DL_LU; CS_9_UL_XP,TARGET=3,0.0030588835075197555,1.0,12
CS_10_UR_FR; CS_5_DR_LU; CS_7_UL_FR; CS_9_UL_XP,TARGET=3,0.0030588835075197555,1.0,12
CS_10_UR_FR; CS_5_DR_LU; CS_9_UL_XP; Regula=sadness->neutral,TARGET=3,0.0030588835075197555,1.0,12
CS_11_UR_LU; CS_3_DL_XP; CS_9_UL_XP; Regula=sadness->neutral,TARGET=3,0.0030588835075197555,1.0,12
CS_12_UR_XP; CS_1_DL_FR; CS_5_DR_LU; CS_6_DR_XP,TARGET=3,0.0030588835075197555,1.0,12
CS_12_UR_XP; CS_1_DL_FR; CS_9_UL_XP; Regula=sadness->neutral,TARGET=3,0.0030588835075197555,1.0,12
CS_12_UR_XP; CS_3_DL_XP; CS_4_DR_FR; CS_5_DR_LU,TARGET=3,0.0030588835075197555,1.0,12
CS_12_UR_XP; CS_3_DL_XP; CS_4_DR_FR; Regula=sadness->neutral,TARGET=3,0.0030588835075197555,1.0,12
CS_12_UR_XP; CS_3_DL_XP; CS_6_DR_XP; Regula=sadness->neutral,TARGET=3,0.0030588835075197555,1.0,12
CS_12_UR_XP; CS_4_DR_FR; CS_5_DR_LU; CS_8_UL_LU,TARGET=3,0.0030588835075197555,1.0,12
CS_1_DL_FR; CS_3_DL_XP; CS_6_DR_XP; CS_9_UL_XP,TARGET=3,0.0030588835075197555,1.0,12
CS_1_DL_FR; CS_4_DR_FR; CS_5_DR_LU; Regula=sadness->neutral,TARGET=3,0.0030588835075197555,1.0,12
CS_2_DL_LU; CS_6_DR_XP; CS_8_UL_LU; Regula=sadness->neutral,TARGET=3,0.0030588835075197555,1.0,12
CS_3_DL_XP; CS_4_DR_FR; CS_5_DR_LU; Regula=neutral->sadness,TARGET=3,0.0030588835075197555,1.0,12
CS_3_DL_XP; CS_5_DR_LU; CS_9_UL_XP; Regula=neutral->sadness,TARGET=3,0.0030588835075197555,1.0,12
CS_3_DL_XP; CS_5_DR_LU; CS_9_UL_XP; Regula=sadness->neutral,TARGET=3,0.0030588835075197555,1.0,12
CS_6_DR_XP; CS_8_UL_LU; CS_9_UL_XP; Regula=sadness->neutral,TARGET=3,0.0030588835075197555,1.0,12
CS_10_UR_FR; CS_1_DL_FR; CS_4_DR_FR,TARGET=3,0.002803976548559776,1.0,11
CS_10_UR_FR; CS_1_DL_FR; Regula=neutral->happiness,TARGET=3,0.002803976548559776,1.0,11
CS_10_UR_FR; CS_2_DL_LU; CS_8_UL_LU,TARGET=3,0.002803976548559776,1.0,11
CS_11_UR_LU; CS_1_DL_FR; Regula=neutral->anger,TARGET=3,0.002803976548559776,1.0,11
CS_11_UR_LU; CS_2_DL_LU; CS_3_DL_XP,TARGET=3,0.002803976548559776,1.0,11
CS_11_UR_LU; CS_7_UL_FR; CS_8_UL_LU,TARGET=3,0.002803976548559776,1.0,11
CS_1_DL_FR; CS_2_DL_LU; CS_5_DR_LU,TARGET=3,0.002803976548559776,1.0,11
CS_1_DL_FR; CS_4_DR_FR; Regula=happiness->neutral,TARGET=3,0.002803976548559776,1.0,11
CS_2_DL_LU; CS_5_DR_LU; CS_7_UL_FR,TARGET=3,0.002803976548559776,1.0,11
CS_3_DL_XP; CS_4_DR_FR; CS_9_UL_XP,TARGET=3,0.002803976548559776,1.0,11
CS_4_DR_FR; CS_7_UL_FR; CS_9_UL_XP,TARGET=3,0.002803976548559776,1.0,11
CS_10_UR_FR; CS_12_UR_XP; CS_2_DL_LU; CS_8_UL_LU,TARGET=3,0.002803976548559776,1.0,11
CS_10_UR_FR; CS_7_UL_FR; CS_9_UL_XP; Regula=anger->neutral,TARGET=3,0.002803976548559776,1.0,11
CS_11_UR_LU; CS_1_DL_FR; CS_4_DR_FR; CS_8_UL_LU,TARGET=3,0.002803976548559776,1.0,11
CS_11_UR_LU; CS_2_DL_LU; CS_8_UL_LU; CS_9_UL_XP,TARGET=3,0.002803976548559776,1.0,11
CS_11_UR_LU; CS_3_DL_XP; CS_5_DR_LU; CS_9_UL_XP,TARGET=3,0.002803976548559776,1.0,11
CS_11_UR_LU; CS_3_DL_XP; CS_6_DR_XP; CS_9_UL_XP,TARGET=3,0.002803976548559776,1.0,11
CS_12_UR_XP; CS_1_DL_FR; CS_3_DL_XP; CS_6_DR_XP,TARGET=3,0.002803976548559776,1.0,11
CS_12_UR_XP; CS_1_DL_FR; CS_6_DR_XP; CS_9_UL_XP,TARGET=3,0.002803976548559776,1.0,11
CS_12_UR_XP; CS_2_DL_LU; CS_8_UL_LU; Regula=sadness->neutral,TARGET=3,0.002803976548559776,1.0,11
CS_12_UR_XP; CS_3_DL_XP; CS_6_DR_XP; Regula=neutral->sadness,TARGET=3,0.002803976548559776,1.0,11
CS_12_UR_XP; CS_4_DR_FR; CS_8_UL_LU; Regula=neutral->sadness,TARGET=3,0.002803976548559776,1.0,11
CS_12_UR_XP; CS_4_DR_FR; CS_9_UL_XP; Regula=sadness->neutral,TARGET=3,0.002803976548559776,1.0,11
CS_1_DL_FR; CS_3_DL_XP; CS_4_DR_FR; Regula=neutral->sadness,TARGET=3,0.002803976548559776,1.0,11
CS_1_DL_FR; CS_3_DL_XP; CS_8_UL_LU; Regula=sadness->neutral,TARGET=3,0.002803976548559776,1.0,11
CS_1_DL_FR; CS_6_DR_XP; CS_9_UL_XP; Regula=neutral->sadness,TARGET=3,0.002803976548559776,1.0,11
CS_3_DL_XP; CS_5_DR_LU; CS_6_DR_XP; Regula=neutral->sadness,TARGET=3,0.002803976548559776,1.0,11
CS_3_DL_XP; CS_5_DR_LU; CS_8_UL_LU; Regula=neutral->sadness,TARGET=3,0.002803976548559776,1.0,11
CS_3_DL_XP; CS_8_UL_LU; CS_9_UL_XP; Regula=neutral->sadness,TARGET=3,0.002803976548559776,1.0,11
CS_4_DR_FR; CS_5_DR_LU; CS_6_DR_XP; Regula=neutral->sadness,TARGET=3,0.002803976548559776,1.0,11
CS_4_DR_FR; CS_5_DR_LU; CS_8_UL_LU; Regula=sadness->neutral,TARGET=3,0.002803976548559776,1.0,11
CS_10_UR_FR; CS_12_UR_XP; Regula=neutral->sadness,TARGET=3,0.0025490695895997962,1.0,10
CS_10_UR_FR; CS_2_DL_LU; CS_5_DR_LU,TARGET=3,0.0025490695895997962,1.0,10
CS_11_UR_LU; CS_9_UL_XP; Regula=anger->neutral,TARGET=3,0.0025490695895997962,1.0,10
CS_11_UR_LU; CS_9_UL_XP; Regula=neutral->anger,TARGET=3,0.0025490695895997962,1.0,10
CS_1_DL_FR; CS_2_DL_LU; Regula=neutral->sadness,TARGET=3,0.0025490695895997962,1.0,10
CS_1_DL_FR; CS_7_UL_FR; Regula=happiness->neutral,TARGET=3,0.0025490695895997962,1.0,10
CS_2_DL_LU; CS_4_DR_FR; CS_5_DR_LU,TARGET=3,0.0025490695895997962,1.0,10
CS_2_DL_LU; CS_7_UL_FR; CS_9_UL_XP,TARGET=3,0.0025490695895997962,1.0,10
CS_3_DL_XP; CS_7_UL_FR; CS_8_UL_LU,TARGET=3,0.0025490695895997962,1.0,10
CS_6_DR_XP; CS_8_UL_LU; Regula=neutral->surprise,TARGET=3,0.0025490695895997962,1.0,10
CS_10_UR_FR; CS_11_UR_LU; CS_12_UR_XP; CS_7_UL_FR,TARGET=3,0.0025490695895997962,1.0,10
CS_10_UR_FR; CS_11_UR_LU; CS_12_UR_XP; Regula=neutral->anger,TARGET=3,0.0025490695895997962,1.0,10
CS_10_UR_FR; CS_11_UR_LU; CS_8_UL_LU; Regula=neutral->happiness,TARGET=3,0.0025490695895997962,1.0,10
CS_10_UR_FR; CS_12_UR_XP; CS_1_DL_FR; Regula=neutral->anger,TARGET=3,0.0025490695895997962,1.0,10
CS_10_UR_FR; CS_12_UR_XP; CS_7_UL_FR; CS_9_UL_XP,TARGET=3,0.0025490695895997962,1.0,10
CS_10_UR_FR; CS_2_DL_LU; CS_8_UL_LU; CS_9_UL_XP,TARGET=3,0.0025490695895997962,1.0,10
CS_11_UR_LU; CS_12_UR_XP; CS_1_DL_FR; CS_6_DR_XP,TARGET=3,0.0025490695895997962,1.0,10
CS_11_UR_LU; CS_1_DL_FR; CS_6_DR_XP; Regula=neutral->sadness,TARGET=3,0.0025490695895997962,1.0,10
CS_11_UR_LU; CS_3_DL_XP; CS_4_DR_FR; CS_5_DR_LU,TARGET=3,0.0025490695895997962,1.0,10
CS_11_UR_LU; CS_4_DR_FR; CS_6_DR_XP; CS_8_UL_LU,TARGET=3,0.0025490695895997962,1.0,10
CS_11_UR_LU; CS_4_DR_FR; CS_9_UL_XP; Regula=neutral->sadness,TARGET=3,0.0025490695895997962,1.0,10
CS_12_UR_XP; CS_1_DL_FR; CS_5_DR_LU; CS_9_UL_XP,TARGET=3,0.0025490695895997962,1.0,10
CS_12_UR_XP; CS_1_DL_FR; CS_6_DR_XP; Regula=neutral->sadness,TARGET=3,0.0025490695895997962,1.0,10
CS_12_UR_XP; CS_1_DL_FR; CS_7_UL_FR; Regula=neutral->anger,TARGET=3,0.0025490695895997962,1.0,10
CS_12_UR_XP; CS_4_DR_FR; CS_8_UL_LU; Regula=sadness->neutral,TARGET=3,0.0025490695895997962,1.0,10
CS_12_UR_XP; CS_4_DR_FR; CS_9_UL_XP; Regula=neutral->sadness,TARGET=3,0.0025490695895997962,1.0,10
CS_1_DL_FR; CS_3_DL_XP; CS_4_DR_FR; Regula=neutral->surprise,TARGET=3,0.0025490695895997962,1.0,10
CS_3_DL_XP; CS_8_UL_LU; CS_9_UL_XP; Regula=sadness->neutral,TARGET=3,0.0025490695895997962,1.0,10
CS_4_DR_FR; CS_5_DR_LU; CS_6_DR_XP; CS_9_UL_XP,TARGET=3,0.0025490695895997962,1.0,10
CS_4_DR_FR; CS_6_DR_XP; CS_7_UL_FR; CS_9_UL_XP,TARGET=3,0.0025490695895997962,1.0,10
CS_4_DR_FR; CS_6_DR_XP; CS_8_UL_LU; Regula=neutral->sadness,TARGET=3,0.0025490695895997962,1.0,10
CS_10_UR_FR; CS_2_DL_LU; CS_7_UL_FR,TARGET=3,0.0022941626306398166,1.0,9
CS_10_UR_FR; CS_7_UL_FR; Regula=happiness->neutral,TARGET=3,0.0022941626306398166,1.0,9
CS_10_UR_FR; CS_7_UL_FR; Regula=neutral->happiness,TARGET=3,0.0022941626306398166,1.0,9
CS_10_UR_FR; CS_7_UL_FR; Regula=neutral->sadness,TARGET=3,0.0022941626306398166,1.0,9
CS_11_UR_LU; CS_1_DL_FR; Regula=anger->neutral,TARGET=3,0.0022941626306398166,1.0,9
CS_12_UR_XP; CS_4_DR_FR; Regula=happiness->neutral,TARGET=3,0.0022941626306398166,1.0,9
CS_1_DL_FR; CS_2_DL_LU; CS_4_DR_FR,TARGET=3,0.0022941626306398166,1.0,9
CS_1_DL_FR; CS_8_UL_LU; Regula=neutral->anger,TARGET=3,0.0022941626306398166,1.0,9
CS_3_DL_XP; CS_4_DR_FR; CS_6_DR_XP,TARGET=3,0.0022941626306398166,1.0,9
CS_3_DL_XP; CS_8_UL_LU; Regula=neutral->happiness,TARGET=3,0.0022941626306398166,1.0,9
CS_4_DR_FR; CS_7_UL_FR; CS_8_UL_LU,TARGET=3,0.0022941626306398166,1.0,9
CS_4_DR_FR; CS_7_UL_FR; Regula=neutral->happiness,TARGET=3,0.0022941626306398166,1.0,9
CS_6_DR_XP; CS_9_UL_XP; Regula=happiness->neutral,TARGET=3,0.0022941626306398166,1.0,9
CS_10_UR_FR; CS_12_UR_XP; CS_1_DL_FR; Regula=anger->neutral,TARGET=3,0.0022941626306398166,1.0,9
CS_10_UR_FR; CS_3_DL_XP; CS_9_UL_XP; Regula=anger->neutral,TARGET=3,0.0022941626306398166,1.0,9
CS_11_UR_LU; CS_1_DL_FR; CS_3_DL_XP; CS_5_DR_LU,TARGET=3,0.0022941626306398166,1.0,9
CS_11_UR_LU; CS_1_DL_FR; CS_6_DR_XP; CS_8_UL_LU,TARGET=3,0.0022941626306398166,1.0,9
CS_11_UR_LU; CS_3_DL_XP; CS_6_DR_XP; Regula=neutral->sadness,TARGET=3,0.0022941626306398166,1.0,9
CS_11_UR_LU; CS_4_DR_FR; CS_6_DR_XP; Regula=sadness->neutral,TARGET=3,0.0022941626306398166,1.0,9
CS_11_UR_LU; CS_6_DR_XP; CS_8_UL_LU; Regula=neutral->surprise,TARGET=3,0.0022941626306398166,1.0,9
CS_12_UR_XP; CS_1_DL_FR; CS_6_DR_XP; Regula=sadness->neutral,TARGET=3,0.0022941626306398166,1.0,9
CS_12_UR_XP; CS_4_DR_FR; CS_6_DR_XP; Regula=sadness->neutral,TARGET=3,0.0022941626306398166,1.0,9
CS_12_UR_XP; CS_7_UL_FR; CS_9_UL_XP; Regula=anger->neutral,TARGET=3,0.0022941626306398166,1.0,9
CS_1_DL_FR; CS_4_DR_FR; CS_6_DR_XP; CS_7_UL_FR,TARGET=3,0.0022941626306398166,1.0,9
CS_1_DL_FR; CS_6_DR_XP; CS_8_UL_LU; CS_9_UL_XP,TARGET=3,0.0022941626306398166,1.0,9
CS_2_DL_LU; CS_5_DR_LU; CS_6_DR_XP; CS_9_UL_XP,TARGET=3,0.0022941626306398166,1.0,9
CS_5_DR_LU; CS_7_UL_FR; CS_9_UL_XP; Regula=neutral->sadness,TARGET=3,0.0022941626306398166,1.0,9
CS_10_UR_FR; CS_2_DL_LU; Regula=neutral->sadness,TARGET=3,0.002039255671679837,1.0,8
CS_12_UR_XP; CS_2_DL_LU; CS_3_DL_XP,TARGET=3,0.002039255671679837,1.0,8
CS_12_UR_XP; CS_2_DL_LU; CS_4_DR_FR,TARGET=3,0.002039255671679837,1.0,8
CS_1_DL_FR; CS_8_UL_LU; Regula=happiness->neutral,TARGET=3,0.002039255671679837,1.0,8
CS_2_DL_LU; CS_7_UL_FR; Regula=neutral->sadness,TARGET=3,0.002039255671679837,1.0,8
CS_3_DL_XP; CS_7_UL_FR; Regula=happiness->neutral,TARGET=3,0.002039255671679837,1.0,8
CS_3_DL_XP; CS_8_UL_LU; Regula=happiness->neutral,TARGET=3,0.002039255671679837,1.0,8
CS_6_DR_XP; CS_7_UL_FR; CS_8_UL_LU,TARGET=3,0.002039255671679837,1.0,8
CS_6_DR_XP; CS_7_UL_FR; Regula=neutral->sadness,TARGET=3,0.002039255671679837,1.0,8
CS_10_UR_FR; CS_2_DL_LU; CS_5_DR_LU; CS_9_UL_XP,TARGET=3,0.002039255671679837,1.0,8
CS_10_UR_FR; CS_3_DL_XP; CS_7_UL_FR; CS_9_UL_XP,TARGET=3,0.002039255671679837,1.0,8
CS_10_UR_FR; CS_4_DR_FR; CS_7_UL_FR; Regula=happiness->neutral,TARGET=3,0.002039255671679837,1.0,8
CS_11_UR_LU; CS_12_UR_XP; CS_9_UL_XP; Regula=anger->neutral,TARGET=3,0.002039255671679837,1.0,8
CS_11_UR_LU; CS_1_DL_FR; CS_4_DR_FR; Regula=neutral->sadness,TARGET=3,0.002039255671679837,1.0,8
CS_11_UR_LU; CS_2_DL_LU; CS_6_DR_XP; CS_9_UL_XP,TARGET=3,0.002039255671679837,1.0,8
CS_11_UR_LU; CS_3_DL_XP; CS_6_DR_XP; Regula=sadness->neutral,TARGET=3,0.002039255671679837,1.0,8
CS_11_UR_LU; CS_4_DR_FR; CS_9_UL_XP; Regula=sadness->neutral,TARGET=3,0.002039255671679837,1.0,8
CS_12_UR_XP; CS_1_DL_FR; CS_3_DL_XP; CS_4_DR_FR,TARGET=3,0.002039255671679837,1.0,8
CS_12_UR_XP; CS_1_DL_FR; CS_4_DR_FR; CS_5_DR_LU,TARGET=3,0.002039255671679837,1.0,8
CS_12_UR_XP; CS_1_DL_FR; CS_4_DR_FR; CS_9_UL_XP,TARGET=3,0.002039255671679837,1.0,8
CS_12_UR_XP; CS_1_DL_FR; CS_6_DR_XP; CS_8_UL_LU,TARGET=3,0.002039255671679837,1.0,8
CS_12_UR_XP; CS_3_DL_XP; CS_4_DR_FR; CS_9_UL_XP,TARGET=3,0.002039255671679837,1.0,8
CS_12_UR_XP; CS_3_DL_XP; CS_9_UL_XP; Regula=neutral->anger,TARGET=3,0.002039255671679837,1.0,8
CS_12_UR_XP; CS_4_DR_FR; CS_5_DR_LU; CS_6_DR_XP,TARGET=3,0.002039255671679837,1.0,8
CS_12_UR_XP; CS_7_UL_FR; CS_8_UL_LU; Regula=neutral->anger,TARGET=3,0.002039255671679837,1.0,8
CS_1_DL_FR; CS_3_DL_XP; CS_5_DR_LU; CS_6_DR_XP,TARGET=3,0.002039255671679837,1.0,8
CS_1_DL_FR; CS_3_DL_XP; CS_5_DR_LU; CS_9_UL_XP,TARGET=3,0.002039255671679837,1.0,8
CS_1_DL_FR; CS_3_DL_XP; CS_9_UL_XP; Regula=neutral->sadness,TARGET=3,0.002039255671679837,1.0,8
CS_1_DL_FR; CS_3_DL_XP; CS_9_UL_XP; Regula=sadness->neutral,TARGET=3,0.002039255671679837,1.0,8
CS_1_DL_FR; CS_4_DR_FR; CS_6_DR_XP; Regula=sadness->neutral,TARGET=3,0.002039255671679837,1.0,8
CS_1_DL_FR; CS_4_DR_FR; CS_9_UL_XP; Regula=neutral->sadness,TARGET=3,0.002039255671679837,1.0,8
CS_1_DL_FR; CS_4_DR_FR; CS_9_UL_XP; Regula=sadness->neutral,TARGET=3,0.002039255671679837,1.0,8
CS_1_DL_FR; CS_5_DR_LU; CS_6_DR_XP; Regula=neutral->sadness,TARGET=3,0.002039255671679837,1.0,8
CS_1_DL_FR; CS_5_DR_LU; CS_6_DR_XP; Regula=sadness->neutral,TARGET=3,0.002039255671679837,1.0,8
CS_1_DL_FR; CS_5_DR_LU; CS_9_UL_XP; Regula=sadness->neutral,TARGET=3,0.002039255671679837,1.0,8
CS_1_DL_FR; CS_8_UL_LU; CS_9_UL_XP; Regula=happiness->neutral,TARGET=3,0.002039255671679837,1.0,8
CS_1_DL_FR; CS_8_UL_LU; CS_9_UL_XP; Regula=neutral->sadness,TARGET=3,0.002039255671679837,1.0,8
CS_1_DL_FR; CS_8_UL_LU; CS_9_UL_XP; Regula=sadness->neutral,TARGET=3,0.002039255671679837,1.0,8
CS_2_DL_LU; CS_6_DR_XP; CS_9_UL_XP; Regula=sadness->neutral,TARGET=3,0.002039255671679837,1.0,8
CS_3_DL_XP; CS_4_DR_FR; CS_6_DR_XP; CS_9_UL_XP,TARGET=3,0.002039255671679837,1.0,8
CS_4_DR_FR; CS_5_DR_LU; CS_9_UL_XP; Regula=neutral->sadness,TARGET=3,0.002039255671679837,1.0,8
CS_10_UR_FR; CS_6_DR_XP,TARGET=3,0.0017843487127198571,1.0,7
CS_10_UR_FR; CS_11_UR_LU; Regula=surprise->neutral,TARGET=3,0.0017843487127198571,1.0,7
CS_10_UR_FR; CS_12_UR_XP; CS_4_DR_FR,TARGET=3,0.0017843487127198571,1.0,7
CS_10_UR_FR; CS_1_DL_FR; CS_3_DL_XP,TARGET=3,0.0017843487127198571,1.0,7
CS_10_UR_FR; CS_8_UL_LU; Regula=neutral->sadness,TARGET=3,0.0017843487127198571,1.0,7
CS_10_UR_FR; CS_8_UL_LU; Regula=surprise->neutral,TARGET=3,0.0017843487127198571,1.0,7
CS_11_UR_LU; CS_1_DL_FR; CS_2_DL_LU,TARGET=3,0.0017843487127198571,1.0,7
CS_1_DL_FR; CS_2_DL_LU; CS_3_DL_XP,TARGET=3,0.0017843487127198571,1.0,7
CS_1_DL_FR; CS_6_DR_XP; Regula=happiness->neutral,TARGET=3,0.0017843487127198571,1.0,7
CS_1_DL_FR; CS_7_UL_FR; Regula=neutral->happiness,TARGET=3,0.0017843487127198571,1.0,7
CS_1_DL_FR; CS_7_UL_FR; Regula=neutral->sadness,TARGET=3,0.0017843487127198571,1.0,7
CS_2_DL_LU; CS_3_DL_XP; CS_9_UL_XP,TARGET=3,0.0017843487127198571,1.0,7
CS_2_DL_LU; CS_4_DR_FR; Regula=neutral->sadness,TARGET=3,0.0017843487127198571,1.0,7
CS_2_DL_LU; CS_9_UL_XP; Regula=happiness->neutral,TARGET=3,0.0017843487127198571,1.0,7
CS_3_DL_XP; CS_4_DR_FR; CS_8_UL_LU,TARGET=3,0.0017843487127198571,1.0,7
CS_10_UR_FR; CS_11_UR_LU; CS_12_UR_XP; Regula=anger->neutral,TARGET=3,0.0017843487127198571,1.0,7
CS_10_UR_FR; CS_12_UR_XP; CS_1_DL_FR; CS_9_UL_XP,TARGET=3,0.0017843487127198571,1.0,7
CS_10_UR_FR; CS_12_UR_XP; CS_7_UL_FR; CS_8_UL_LU,TARGET=3,0.0017843487127198571,1.0,7
CS_10_UR_FR; CS_2_DL_LU; CS_5_DR_LU; Regula=neutral->sadness,TARGET=3,0.0017843487127198571,1.0,7
CS_10_UR_FR; CS_5_DR_LU; CS_7_UL_FR; Regula=neutral->sadness,TARGET=3,0.0017843487127198571,1.0,7
CS_10_UR_FR; CS_7_UL_FR; CS_9_UL_XP; Regula=neutral->sadness,TARGET=3,0.0017843487127198571,1.0,7
CS_11_UR_LU; CS_12_UR_XP; CS_1_DL_FR; Regula=neutral->anger,TARGET=3,0.0017843487127198571,1.0,7
CS_11_UR_LU; CS_12_UR_XP; CS_3_DL_XP; CS_4_DR_FR,TARGET=3,0.0017843487127198571,1.0,7
CS_11_UR_LU; CS_12_UR_XP; CS_3_DL_XP; CS_6_DR_XP,TARGET=3,0.0017843487127198571,1.0,7
CS_11_UR_LU; CS_12_UR_XP; CS_9_UL_XP; Regula=neutral->anger,TARGET=3,0.0017843487127198571,1.0,7
CS_11_UR_LU; CS_1_DL_FR; CS_9_UL_XP; Regula=neutral->sadness,TARGET=3,0.0017843487127198571,1.0,7
CS_11_UR_LU; CS_2_DL_LU; CS_9_UL_XP; Regula=neutral->sadness,TARGET=3,0.0017843487127198571,1.0,7
CS_11_UR_LU; CS_3_DL_XP; CS_6_DR_XP; CS_8_UL_LU,TARGET=3,0.0017843487127198571,1.0,7
CS_12_UR_XP; CS_1_DL_FR; CS_4_DR_FR; Regula=sadness->neutral,TARGET=3,0.0017843487127198571,1.0,7
CS_12_UR_XP; CS_1_DL_FR; CS_8_UL_LU; Regula=anger->neutral,TARGET=3,0.0017843487127198571,1.0,7
CS_12_UR_XP; CS_1_DL_FR; CS_9_UL_XP; Regula=happiness->neutral,TARGET=3,0.0017843487127198571,1.0,7
CS_12_UR_XP; CS_3_DL_XP; CS_4_DR_FR; CS_6_DR_XP,TARGET=3,0.0017843487127198571,1.0,7
CS_12_UR_XP; CS_3_DL_XP; CS_9_UL_XP; Regula=anger->neutral,TARGET=3,0.0017843487127198571,1.0,7
CS_12_UR_XP; CS_4_DR_FR; CS_5_DR_LU; CS_9_UL_XP,TARGET=3,0.0017843487127198571,1.0,7
CS_12_UR_XP; CS_4_DR_FR; CS_7_UL_FR; CS_8_UL_LU,TARGET=3,0.0017843487127198571,1.0,7
CS_12_UR_XP; CS_4_DR_FR; CS_7_UL_FR; CS_9_UL_XP,TARGET=3,0.0017843487127198571,1.0,7
CS_12_UR_XP; CS_4_DR_FR; CS_7_UL_FR; Regula=happiness->neutral,TARGET=3,0.0017843487127198571,1.0,7
CS_12_UR_XP; CS_4_DR_FR; CS_9_UL_XP; Regula=happiness->neutral,TARGET=3,0.0017843487127198571,1.0,7
CS_12_UR_XP; CS_6_DR_XP; CS_7_UL_FR; CS_9_UL_XP,TARGET=3,0.0017843487127198571,1.0,7
CS_12_UR_XP; CS_7_UL_FR; CS_9_UL_XP; Regula=happiness->neutral,TARGET=3,0.0017843487127198571,1.0,7
CS_1_DL_FR; CS_2_DL_LU; CS_5_DR_LU; Regula=neutral->sadness,TARGET=3,0.0017843487127198571,1.0,7
CS_1_DL_FR; CS_3_DL_XP; CS_4_DR_FR; Regula=sadness->neutral,TARGET=3,0.0017843487127198571,1.0,7
CS_1_DL_FR; CS_3_DL_XP; CS_6_DR_XP; Regula=neutral->sadness,TARGET=3,0.0017843487127198571,1.0,7
CS_1_DL_FR; CS_3_DL_XP; CS_6_DR_XP; Regula=sadness->neutral,TARGET=3,0.0017843487127198571,1.0,7
CS_1_DL_FR; CS_4_DR_FR; CS_6_DR_XP; CS_8_UL_LU,TARGET=3,0.0017843487127198571,1.0,7
CS_1_DL_FR; CS_4_DR_FR; CS_6_DR_XP; Regula=neutral->sadness,TARGET=3,0.0017843487127198571,1.0,7
CS_1_DL_FR; CS_4_DR_FR; CS_8_UL_LU; Regula=neutral->sadness,TARGET=3,0.0017843487127198571,1.0,7
CS_1_DL_FR; CS_4_DR_FR; CS_9_UL_XP; Regula=happiness->neutral,TARGET=3,0.0017843487127198571,1.0,7
CS_1_DL_FR; CS_5_DR_LU; CS_9_UL_XP; Regula=neutral->sadness,TARGET=3,0.0017843487127198571,1.0,7
CS_1_DL_FR; CS_6_DR_XP; CS_9_UL_XP; Regula=happiness->neutral,TARGET=3,0.0017843487127198571,1.0,7
CS_2_DL_LU; CS_5_DR_LU; CS_7_UL_FR; CS_9_UL_XP,TARGET=3,0.0017843487127198571,1.0,7
CS_2_DL_LU; CS_5_DR_LU; CS_7_UL_FR; Regula=neutral->sadness,TARGET=3,0.0017843487127198571,1.0,7
CS_3_DL_XP; CS_6_DR_XP; CS_8_UL_LU; CS_9_UL_XP,TARGET=3,0.0017843487127198571,1.0,7
CS_3_DL_XP; CS_7_UL_FR; CS_9_UL_XP; Regula=anger->neutral,TARGET=3,0.0017843487127198571,1.0,7
CS_3_DL_XP; CS_7_UL_FR; CS_9_UL_XP; Regula=neutral->anger,TARGET=3,0.0017843487127198571,1.0,7
CS_4_DR_FR; CS_5_DR_LU; CS_6_DR_XP; Regula=sadness->neutral,TARGET=3,0.0017843487127198571,1.0,7
CS_12_UR_XP; Regula=surprise->neutral,TARGET=3,0.0015294417537598777,1.0,6
CS_10_UR_FR; CS_11_UR_LU; Regula=neutral->surprise,TARGET=3,0.0015294417537598777,1.0,6
CS_10_UR_FR; CS_12_UR_XP; Regula=sadness->neutral,TARGET=3,0.0015294417537598777,1.0,6
CS_10_UR_FR; CS_1_DL_FR; CS_8_UL_LU,TARGET=3,0.0015294417537598777,1.0,6
CS_10_UR_FR; CS_4_DR_FR; Regula=neutral->happiness,TARGET=3,0.0015294417537598777,1.0,6
CS_10_UR_FR; CS_8_UL_LU; Regula=sadness->neutral,TARGET=3,0.0015294417537598777,1.0,6
CS_11_UR_LU; CS_3_DL_XP; Regula=neutral->happiness,TARGET=3,0.0015294417537598777,1.0,6
CS_12_UR_XP; CS_2_DL_LU; Regula=neutral->happiness,TARGET=3,0.0015294417537598777,1.0,6
CS_12_UR_XP; CS_3_DL_XP; Regula=happiness->neutral,TARGET=3,0.0015294417537598777,1.0,6
CS_1_DL_FR; CS_2_DL_LU; CS_8_UL_LU,TARGET=3,0.0015294417537598777,1.0,6
CS_1_DL_FR; CS_3_DL_XP; Regula=happiness->neutral,TARGET=3,0.0015294417537598777,1.0,6
CS_1_DL_FR; CS_8_UL_LU; Regula=neutral->happiness,TARGET=3,0.0015294417537598777,1.0,6
CS_2_DL_LU; CS_3_DL_XP; CS_5_DR_LU,TARGET=3,0.0015294417537598777,1.0,6
CS_2_DL_LU; CS_4_DR_FR; CS_8_UL_LU,TARGET=3,0.0015294417537598777,1.0,6
CS_2_DL_LU; CS_8_UL_LU; Regula=neutral->happiness,TARGET=3,0.0015294417537598777,1.0,6
CS_2_DL_LU; CS_9_UL_XP; Regula=neutral->happiness,TARGET=3,0.0015294417537598777,1.0,6
CS_4_DR_FR; CS_6_DR_XP; Regula=happiness->neutral,TARGET=3,0.0015294417537598777,1.0,6
CS_4_DR_FR; CS_8_UL_LU; Regula=happiness->neutral,TARGET=3,0.0015294417537598777,1.0,6
CS_6_DR_XP; CS_7_UL_FR; Regula=surprise->neutral,TARGET=3,0.0015294417537598777,1.0,6
CS_6_DR_XP; CS_8_UL_LU; Regula=happiness->neutral,TARGET=3,0.0015294417537598777,1.0,6
CS_6_DR_XP; CS_9_UL_XP; Regula=neutral->happiness,TARGET=3,0.0015294417537598777,1.0,6
CS_7_UL_FR; CS_8_UL_LU; Regula=happiness->neutral,TARGET=3,0.0015294417537598777,1.0,6
CS_10_UR_FR; CS_11_UR_LU; CS_1_DL_FR; CS_8_UL_LU,TARGET=3,0.0015294417537598777,1.0,6
CS_10_UR_FR; CS_11_UR_LU; CS_1_DL_FR; Regula=neutral->anger,TARGET=3,0.0015294417537598777,1.0,6
CS_10_UR_FR; CS_12_UR_XP; CS_1_DL_FR; CS_7_UL_FR,TARGET=3,0.0015294417537598777,1.0,6
CS_10_UR_FR; CS_12_UR_XP; CS_1_DL_FR; CS_8_UL_LU,TARGET=3,0.0015294417537598777,1.0,6
CS_10_UR_FR; CS_12_UR_XP; CS_2_DL_LU; Regula=neutral->happiness,TARGET=3,0.0015294417537598777,1.0,6
CS_10_UR_FR; CS_12_UR_XP; CS_5_DR_LU; CS_9_UL_XP,TARGET=3,0.0015294417537598777,1.0,6
CS_10_UR_FR; CS_12_UR_XP; CS_8_UL_LU; Regula=neutral->sadness,TARGET=3,0.0015294417537598777,1.0,6
CS_10_UR_FR; CS_1_DL_FR; CS_4_DR_FR; CS_7_UL_FR,TARGET=3,0.0015294417537598777,1.0,6
CS_10_UR_FR; CS_1_DL_FR; CS_7_UL_FR; Regula=neutral->happiness,TARGET=3,0.0015294417537598777,1.0,6
CS_10_UR_FR; CS_1_DL_FR; CS_9_UL_XP; Regula=anger->neutral,TARGET=3,0.0015294417537598777,1.0,6
CS_10_UR_FR; CS_2_DL_LU; CS_5_DR_LU; CS_7_UL_FR,TARGET=3,0.0015294417537598777,1.0,6
CS_10_UR_FR; CS_2_DL_LU; CS_7_UL_FR; CS_9_UL_XP,TARGET=3,0.0015294417537598777,1.0,6
CS_10_UR_FR; CS_2_DL_LU; CS_8_UL_LU; Regula=neutral->happiness,TARGET=3,0.0015294417537598777,1.0,6
CS_10_UR_FR; CS_2_DL_LU; CS_9_UL_XP; Regula=neutral->happiness,TARGET=3,0.0015294417537598777,1.0,6
CS_10_UR_FR; CS_2_DL_LU; CS_9_UL_XP; Regula=neutral->sadness,TARGET=3,0.0015294417537598777,1.0,6
CS_11_UR_LU; CS_12_UR_XP; CS_2_DL_LU; CS_3_DL_XP,TARGET=3,0.0015294417537598777,1.0,6
CS_11_UR_LU; CS_12_UR_XP; CS_8_UL_LU; Regula=neutral->anger,TARGET=3,0.0015294417537598777,1.0,6
CS_11_UR_LU; CS_1_DL_FR; CS_2_DL_LU; CS_5_DR_LU,TARGET=3,0.0015294417537598777,1.0,6
CS_11_UR_LU; CS_1_DL_FR; CS_2_DL_LU; Regula=neutral->sadness,TARGET=3,0.0015294417537598777,1.0,6
CS_11_UR_LU; CS_1_DL_FR; CS_4_DR_FR; Regula=sadness->neutral,TARGET=3,0.0015294417537598777,1.0,6
CS_11_UR_LU; CS_1_DL_FR; CS_6_DR_XP; Regula=sadness->neutral,TARGET=3,0.0015294417537598777,1.0,6
CS_11_UR_LU; CS_1_DL_FR; CS_9_UL_XP; Regula=sadness->neutral,TARGET=3,0.0015294417537598777,1.0,6
CS_11_UR_LU; CS_2_DL_LU; CS_5_DR_LU; CS_9_UL_XP,TARGET=3,0.0015294417537598777,1.0,6
CS_11_UR_LU; CS_3_DL_XP; CS_4_DR_FR; Regula=neutral->sadness,TARGET=3,0.0015294417537598777,1.0,6
CS_11_UR_LU; CS_3_DL_XP; CS_4_DR_FR; Regula=sadness->neutral,TARGET=3,0.0015294417537598777,1.0,6
CS_11_UR_LU; CS_4_DR_FR; CS_5_DR_LU; CS_6_DR_XP,TARGET=3,0.0015294417537598777,1.0,6
CS_12_UR_XP; CS_1_DL_FR; CS_4_DR_FR; CS_6_DR_XP,TARGET=3,0.0015294417537598777,1.0,6
CS_12_UR_XP; CS_1_DL_FR; CS_4_DR_FR; CS_7_UL_FR,TARGET=3,0.0015294417537598777,1.0,6
CS_12_UR_XP; CS_1_DL_FR; CS_7_UL_FR; Regula=anger->neutral,TARGET=3,0.0015294417537598777,1.0,6
CS_12_UR_XP; CS_1_DL_FR; CS_7_UL_FR; Regula=happiness->neutral,TARGET=3,0.0015294417537598777,1.0,6
CS_12_UR_XP; CS_1_DL_FR; CS_8_UL_LU; Regula=neutral->anger,TARGET=3,0.0015294417537598777,1.0,6
CS_12_UR_XP; CS_2_DL_LU; CS_4_DR_FR; Regula=neutral->sadness,TARGET=3,0.0015294417537598777,1.0,6
CS_12_UR_XP; CS_2_DL_LU; CS_8_UL_LU; Regula=neutral->happiness,TARGET=3,0.0015294417537598777,1.0,6
CS_12_UR_XP; CS_2_DL_LU; CS_9_UL_XP; Regula=happiness->neutral,TARGET=3,0.0015294417537598777,1.0,6
CS_12_UR_XP; CS_2_DL_LU; CS_9_UL_XP; Regula=neutral->happiness,TARGET=3,0.0015294417537598777,1.0,6
CS_12_UR_XP; CS_3_DL_XP; CS_7_UL_FR; CS_9_UL_XP,TARGET=3,0.0015294417537598777,1.0,6
CS_12_UR_XP; CS_4_DR_FR; CS_6_DR_XP; CS_7_UL_FR,TARGET=3,0.0015294417537598777,1.0,6
CS_12_UR_XP; CS_4_DR_FR; CS_8_UL_LU; CS_9_UL_XP,TARGET=3,0.0015294417537598777,1.0,6
CS_12_UR_XP; CS_6_DR_XP; CS_7_UL_FR; CS_8_UL_LU,TARGET=3,0.0015294417537598777,1.0,6
CS_12_UR_XP; CS_7_UL_FR; CS_9_UL_XP; Regula=neutral->anger,TARGET=3,0.0015294417537598777,1.0,6
CS_1_DL_FR; CS_3_DL_XP; CS_7_UL_FR; CS_9_UL_XP,TARGET=3,0.0015294417537598777,1.0,6
CS_1_DL_FR; CS_3_DL_XP; CS_8_UL_LU; CS_9_UL_XP,TARGET=3,0.0015294417537598777,1.0,6
CS_1_DL_FR; CS_3_DL_XP; CS_9_UL_XP; Regula=anger->neutral,TARGET=3,0.0015294417537598777,1.0,6
CS_1_DL_FR; CS_4_DR_FR; CS_5_DR_LU; Regula=surprise->neutral,TARGET=3,0.0015294417537598777,1.0,6
CS_1_DL_FR; CS_4_DR_FR; CS_7_UL_FR; CS_9_UL_XP,TARGET=3,0.0015294417537598777,1.0,6
CS_1_DL_FR; CS_4_DR_FR; CS_7_UL_FR; Regula=happiness->neutral,TARGET=3,0.0015294417537598777,1.0,6
CS_1_DL_FR; CS_4_DR_FR; CS_8_UL_LU; CS_9_UL_XP,TARGET=3,0.0015294417537598777,1.0,6
CS_1_DL_FR; CS_5_DR_LU; CS_6_DR_XP; CS_9_UL_XP,TARGET=3,0.0015294417537598777,1.0,6
CS_1_DL_FR; CS_6_DR_XP; CS_7_UL_FR; CS_9_UL_XP,TARGET=3,0.0015294417537598777,1.0,6
CS_1_DL_FR; CS_6_DR_XP; CS_8_UL_LU; Regula=neutral->sadness,TARGET=3,0.0015294417537598777,1.0,6
CS_1_DL_FR; CS_8_UL_LU; CS_9_UL_XP; Regula=neutral->happiness,TARGET=3,0.0015294417537598777,1.0,6
CS_2_DL_LU; CS_4_DR_FR; CS_5_DR_LU; CS_8_UL_LU,TARGET=3,0.0015294417537598777,1.0,6
CS_2_DL_LU; CS_6_DR_XP; CS_9_UL_XP; Regula=neutral->sadness,TARGET=3,0.0015294417537598777,1.0,6
CS_2_DL_LU; CS_8_UL_LU; CS_9_UL_XP; Regula=neutral->happiness,TARGET=3,0.0015294417537598777,1.0,6
CS_3_DL_XP; CS_4_DR_FR; CS_5_DR_LU; Regula=surprise->neutral,TARGET=3,0.0015294417537598777,1.0,6
CS_3_DL_XP; CS_5_DR_LU; CS_6_DR_XP; CS_8_UL_LU,TARGET=3,0.0015294417537598777,1.0,6
CS_3_DL_XP; CS_5_DR_LU; CS_8_UL_LU; CS_9_UL_XP,TARGET=3,0.0015294417537598777,1.0,6
CS_3_DL_XP; CS_7_UL_FR; CS_8_UL_LU; CS_9_UL_XP,TARGET=3,0.0015294417537598777,1.0,6
CS_3_DL_XP; CS_8_UL_LU; CS_9_UL_XP; Regula=happiness->neutral,TARGET=3,0.0015294417537598777,1.0,6
CS_4_DR_FR; CS_5_DR_LU; CS_9_UL_XP; Regula=sadness->neutral,TARGET=3,0.0015294417537598777,1.0,6
CS_4_DR_FR; CS_6_DR_XP; CS_7_UL_FR; CS_8_UL_LU,TARGET=3,0.0015294417537598777,1.0,6
CS_4_DR_FR; CS_6_DR_XP; CS_9_UL_XP; Regula=happiness->neutral,TARGET=3,0.0015294417537598777,1.0,6
CS_4_DR_FR; CS_8_UL_LU; CS_9_UL_XP; Regula=neutral->sadness,TARGET=3,0.0015294417537598777,1.0,6
CS_5_DR_LU; CS_7_UL_FR; CS_9_UL_XP; Regula=sadness->neutral,TARGET=3,0.0015294417537598777,1.0,6
CS_6_DR_XP; CS_8_UL_LU; CS_9_UL_XP; Regula=happiness->neutral,TARGET=3,0.0015294417537598777,1.0,6
CS_10_UR_FR; CS_11_UR_LU; CS_2_DL_LU,TARGET=3,0.0012745347947998981,1.0,5
CS_10_UR_FR; CS_11_UR_LU; CS_4_DR_FR,TARGET=3,0.0012745347947998981,1.0,5
CS_10_UR_FR; CS_12_UR_XP; CS_6_DR_XP,TARGET=3,0.0012745347947998981,1.0,5
CS_10_UR_FR; CS_1_DL_FR; Regula=happiness->neutral,TARGET=3,0.0012745347947998981,1.0,5
CS_10_UR_FR; CS_2_DL_LU; Regula=happiness->neutral,TARGET=3,0.0012745347947998981,1.0,5
CS_10_UR_FR; CS_3_DL_XP; CS_8_UL_LU,TARGET=3,0.0012745347947998981,1.0,5
CS_10_UR_FR; CS_4_DR_FR; Regula=neutral->anger,TARGET=3,0.0012745347947998981,1.0,5
CS_10_UR_FR; CS_5_DR_LU; CS_8_UL_LU,TARGET=3,0.0012745347947998981,1.0,5
CS_10_UR_FR; CS_6_DR_XP; CS_7_UL_FR,TARGET=3,0.0012745347947998981,1.0,5
CS_10_UR_FR; CS_7_UL_FR; Regula=sadness->neutral,TARGET=3,0.0012745347947998981,1.0,5
CS_10_UR_FR; CS_8_UL_LU; Regula=anger->neutral,TARGET=3,0.0012745347947998981,1.0,5
CS_11_UR_LU; CS_1_DL_FR; CS_7_UL_FR,TARGET=3,0.0012745347947998981,1.0,5
CS_11_UR_LU; CS_2_DL_LU; CS_4_DR_FR,TARGET=3,0.0012745347947998981,1.0,5
CS_11_UR_LU; CS_2_DL_LU; Regula=happiness->neutral,TARGET=3,0.0012745347947998981,1.0,5
CS_11_UR_LU; CS_4_DR_FR; CS_7_UL_FR,TARGET=3,0.0012745347947998981,1.0,5
CS_11_UR_LU; CS_6_DR_XP; CS_7_UL_FR,TARGET=3,0.0012745347947998981,1.0,5
CS_11_UR_LU; CS_7_UL_FR; Regula=anger->neutral,TARGET=3,0.0012745347947998981,1.0,5
CS_11_UR_LU; CS_7_UL_FR; Regula=neutral->anger,TARGET=3,0.0012745347947998981,1.0,5
CS_12_UR_XP; CS_4_DR_FR; Regula=neutral->happiness,TARGET=3,0.0012745347947998981,1.0,5
CS_12_UR_XP; CS_5_DR_LU; Regula=anger->neutral,TARGET=3,0.0012745347947998981,1.0,5
CS_12_UR_XP; CS_6_DR_XP; Regula=happiness->neutral,TARGET=3,0.0012745347947998981,1.0,5
CS_12_UR_XP; CS_7_UL_FR; Regula=neutral->surprise,TARGET=3,0.0012745347947998981,1.0,5
CS_1_DL_FR; CS_4_DR_FR; Regula=anger->neutral,TARGET=3,0.0012745347947998981,1.0,5
CS_1_DL_FR; CS_4_DR_FR; Regula=neutral->anger,TARGET=3,0.0012745347947998981,1.0,5
CS_1_DL_FR; CS_8_UL_LU; Regula=neutral->surprise,TARGET=3,0.0012745347947998981,1.0,5
CS_2_DL_LU; CS_3_DL_XP; CS_8_UL_LU,TARGET=3,0.0012745347947998981,1.0,5
CS_3_DL_XP; CS_6_DR_XP; CS_7_UL_FR,TARGET=3,0.0012745347947998981,1.0,5
CS_3_DL_XP; CS_7_UL_FR; Regula=neutral->sadness,TARGET=3,0.0012745347947998981,1.0,5
CS_4_DR_FR; CS_6_DR_XP; Regula=neutral->happiness,TARGET=3,0.0012745347947998981,1.0,5
CS_4_DR_FR; CS_7_UL_FR; Regula=neutral->anger,TARGET=3,0.0012745347947998981,1.0,5
CS_4_DR_FR; CS_8_UL_LU; Regula=neutral->happiness,TARGET=3,0.0012745347947998981,1.0,5
CS_4_DR_FR; CS_8_UL_LU; Regula=surprise->neutral,TARGET=3,0.0012745347947998981,1.0,5
CS_6_DR_XP; CS_7_UL_FR; Regula=happiness->neutral,TARGET=3,0.0012745347947998981,1.0,5
CS_6_DR_XP; CS_8_UL_LU; Regula=neutral->happiness,TARGET=3,0.0012745347947998981,1.0,5
CS_7_UL_FR; CS_8_UL_LU; Regula=neutral->happiness,TARGET=3,0.0012745347947998981,1.0,5
CS_10_UR_FR; CS_11_UR_LU; CS_12_UR_XP; CS_2_DL_LU,TARGET=3,0.0012745347947998981,1.0,5
CS_10_UR_FR; CS_11_UR_LU; CS_1_DL_FR; CS_9_UL_XP,TARGET=3,0.0012745347947998981,1.0,5
CS_10_UR_FR; CS_11_UR_LU; CS_2_DL_LU; CS_8_UL_LU,TARGET=3,0.0012745347947998981,1.0,5
CS_10_UR_FR; CS_11_UR_LU; CS_2_DL_LU; CS_9_UL_XP,TARGET=3,0.0012745347947998981,1.0,5
CS_10_UR_FR; CS_11_UR_LU; CS_8_UL_LU; Regula=surprise->neutral,TARGET=3,0.0012745347947998981,1.0,5
CS_10_UR_FR; CS_12_UR_XP; CS_3_DL_XP; CS_9_UL_XP,TARGET=3,0.0012745347947998981,1.0,5
CS_10_UR_FR; CS_12_UR_XP; CS_5_DR_LU; CS_8_UL_LU,TARGET=3,0.0012745347947998981,1.0,5
CS_10_UR_FR; CS_12_UR_XP; CS_5_DR_LU; Regula=neutral->sadness,TARGET=3,0.0012745347947998981,1.0,5
CS_10_UR_FR; CS_12_UR_XP; CS_6_DR_XP; CS_7_UL_FR,TARGET=3,0.0012745347947998981,1.0,5
CS_10_UR_FR; CS_12_UR_XP; CS_8_UL_LU; Regula=sadness->neutral,TARGET=3,0.0012745347947998981,1.0,5
CS_10_UR_FR; CS_2_DL_LU; CS_7_UL_FR; Regula=neutral->sadness,TARGET=3,0.0012745347947998981,1.0,5
CS_10_UR_FR; CS_3_DL_XP; CS_7_UL_FR; CS_8_UL_LU,TARGET=3,0.0012745347947998981,1.0,5
CS_10_UR_FR; CS_4_DR_FR; CS_7_UL_FR; Regula=neutral->happiness,TARGET=3,0.0012745347947998981,1.0,5
CS_10_UR_FR; CS_5_DR_LU; CS_7_UL_FR; Regula=sadness->neutral,TARGET=3,0.0012745347947998981,1.0,5
CS_10_UR_FR; CS_7_UL_FR; CS_9_UL_XP; Regula=sadness->neutral,TARGET=3,0.0012745347947998981,1.0,5
CS_11_UR_LU; CS_12_UR_XP; CS_1_DL_FR; Regula=anger->neutral,TARGET=3,0.0012745347947998981,1.0,5
CS_11_UR_LU; CS_12_UR_XP; CS_2_DL_LU; CS_4_DR_FR,TARGET=3,0.0012745347947998981,1.0,5
CS_11_UR_LU; CS_12_UR_XP; CS_7_UL_FR; CS_8_UL_LU,TARGET=3,0.0012745347947998981,1.0,5
CS_11_UR_LU; CS_12_UR_XP; CS_7_UL_FR; Regula=anger->neutral,TARGET=3,0.0012745347947998981,1.0,5
CS_11_UR_LU; CS_12_UR_XP; CS_7_UL_FR; Regula=neutral->anger,TARGET=3,0.0012745347947998981,1.0,5
CS_11_UR_LU; CS_1_DL_FR; CS_3_DL_XP; CS_4_DR_FR,TARGET=3,0.0012745347947998981,1.0,5
CS_11_UR_LU; CS_1_DL_FR; CS_4_DR_FR; CS_5_DR_LU,TARGET=3,0.0012745347947998981,1.0,5
CS_11_UR_LU; CS_1_DL_FR; CS_4_DR_FR; Regula=neutral->surprise,TARGET=3,0.0012745347947998981,1.0,5
CS_11_UR_LU; CS_1_DL_FR; CS_8_UL_LU; Regula=neutral->surprise,TARGET=3,0.0012745347947998981,1.0,5
CS_11_UR_LU; CS_2_DL_LU; CS_3_DL_XP; CS_8_UL_LU,TARGET=3,0.0012745347947998981,1.0,5
CS_11_UR_LU; CS_2_DL_LU; CS_3_DL_XP; Regula=neutral->sadness,TARGET=3,0.0012745347947998981,1.0,5
CS_11_UR_LU; CS_2_DL_LU; CS_4_DR_FR; Regula=neutral->sadness,TARGET=3,0.0012745347947998981,1.0,5
CS_11_UR_LU; CS_2_DL_LU; CS_9_UL_XP; Regula=happiness->neutral,TARGET=3,0.0012745347947998981,1.0,5
CS_11_UR_LU; CS_2_DL_LU; CS_9_UL_XP; Regula=sadness->neutral,TARGET=3,0.0012745347947998981,1.0,5
CS_11_UR_LU; CS_3_DL_XP; CS_8_UL_LU; Regula=neutral->happiness,TARGET=3,0.0012745347947998981,1.0,5
CS_11_UR_LU; CS_4_DR_FR; CS_5_DR_LU; CS_9_UL_XP,TARGET=3,0.0012745347947998981,1.0,5
CS_11_UR_LU; CS_4_DR_FR; CS_8_UL_LU; CS_9_UL_XP,TARGET=3,0.0012745347947998981,1.0,5
CS_11_UR_LU; CS_4_DR_FR; CS_8_UL_LU; Regula=neutral->surprise,TARGET=3,0.0012745347947998981,1.0,5
CS_11_UR_LU; CS_4_DR_FR; CS_8_UL_LU; Regula=surprise->neutral,TARGET=3,0.0012745347947998981,1.0,5
CS_12_UR_XP; CS_1_DL_FR; CS_3_DL_XP; CS_7_UL_FR,TARGET=3,0.0012745347947998981,1.0,5
CS_12_UR_XP; CS_1_DL_FR; CS_4_DR_FR; CS_8_UL_LU,TARGET=3,0.0012745347947998981,1.0,5
CS_12_UR_XP; CS_1_DL_FR; CS_4_DR_FR; Regula=neutral->anger,TARGET=3,0.0012745347947998981,1.0,5
CS_12_UR_XP; CS_1_DL_FR; CS_4_DR_FR; Regula=neutral->sadness,TARGET=3,0.0012745347947998981,1.0,5
CS_12_UR_XP; CS_1_DL_FR; CS_9_UL_XP; Regula=neutral->happiness,TARGET=3,0.0012745347947998981,1.0,5
CS_12_UR_XP; CS_2_DL_LU; CS_4_DR_FR; CS_5_DR_LU,TARGET=3,0.0012745347947998981,1.0,5
CS_12_UR_XP; CS_3_DL_XP; CS_4_DR_FR; CS_8_UL_LU,TARGET=3,0.0012745347947998981,1.0,5
CS_12_UR_XP; CS_3_DL_XP; CS_4_DR_FR; Regula=neutral->sadness,TARGET=3,0.0012745347947998981,1.0,5
CS_12_UR_XP; CS_3_DL_XP; CS_7_UL_FR; Regula=happiness->neutral,TARGET=3,0.0012745347947998981,1.0,5
CS_12_UR_XP; CS_4_DR_FR; CS_6_DR_XP; CS_8_UL_LU,TARGET=3,0.0012745347947998981,1.0,5
CS_12_UR_XP; CS_4_DR_FR; CS_7_UL_FR; Regula=neutral->anger,TARGET=3,0.0012745347947998981,1.0,5
CS_12_UR_XP; CS_6_DR_XP; CS_7_UL_FR; Regula=happiness->neutral,TARGET=3,0.0012745347947998981,1.0,5
CS_12_UR_XP; CS_6_DR_XP; CS_9_UL_XP; Regula=happiness->neutral,TARGET=3,0.0012745347947998981,1.0,5
CS_12_UR_XP; CS_7_UL_FR; CS_8_UL_LU; CS_9_UL_XP,TARGET=3,0.0012745347947998981,1.0,5
CS_1_DL_FR; CS_2_DL_LU; CS_5_DR_LU; CS_8_UL_LU,TARGET=3,0.0012745347947998981,1.0,5
CS_1_DL_FR; CS_2_DL_LU; CS_8_UL_LU; Regula=neutral->sadness,TARGET=3,0.0012745347947998981,1.0,5
CS_1_DL_FR; CS_3_DL_XP; CS_4_DR_FR; CS_9_UL_XP,TARGET=3,0.0012745347947998981,1.0,5
CS_1_DL_FR; CS_3_DL_XP; CS_5_DR_LU; Regula=surprise->neutral,TARGET=3,0.0012745347947998981,1.0,5
CS_1_DL_FR; CS_3_DL_XP; CS_6_DR_XP; CS_8_UL_LU,TARGET=3,0.0012745347947998981,1.0,5
CS_1_DL_FR; CS_4_DR_FR; CS_6_DR_XP; Regula=happiness->neutral,TARGET=3,0.0012745347947998981,1.0,5
CS_1_DL_FR; CS_6_DR_XP; CS_8_UL_LU; Regula=happiness->neutral,TARGET=3,0.0012745347947998981,1.0,5
CS_1_DL_FR; CS_7_UL_FR; CS_9_UL_XP; Regula=neutral->sadness,TARGET=3,0.0012745347947998981,1.0,5
CS_2_DL_LU; CS_7_UL_FR; CS_9_UL_XP; Regula=neutral->sadness,TARGET=3,0.0012745347947998981,1.0,5
CS_3_DL_XP; CS_4_DR_FR; CS_5_DR_LU; CS_9_UL_XP,TARGET=3,0.0012745347947998981,1.0,5
CS_3_DL_XP; CS_4_DR_FR; CS_9_UL_XP; Regula=neutral->sadness,TARGET=3,0.0012745347947998981,1.0,5
CS_3_DL_XP; CS_7_UL_FR; CS_9_UL_XP; Regula=happiness->neutral,TARGET=3,0.0012745347947998981,1.0,5
CS_4_DR_FR; CS_6_DR_XP; CS_9_UL_XP; Regula=neutral->happiness,TARGET=3,0.0012745347947998981,1.0,5
CS_4_DR_FR; CS_7_UL_FR; CS_9_UL_XP; Regula=happiness->neutral,TARGET=3,0.0012745347947998981,1.0,5
CS_6_DR_XP; CS_7_UL_FR; CS_9_UL_XP; Regula=happiness->neutral,TARGET=3,0.0012745347947998981,1.0,5
CS_6_DR_XP; CS_8_UL_LU; CS_9_UL_XP; Regula=neutral->happiness,TARGET=3,0.0012745347947998981,1.0,5
CS_10_UR_FR; CS_12_UR_XP; Regula=neutral->surprise,TARGET=3,0.0010196278358399185,1.0,4
CS_10_UR_FR; CS_1_DL_FR; CS_5_DR_LU,TARGET=3,0.0010196278358399185,1.0,4
CS_10_UR_FR; CS_4_DR_FR; CS_9_UL_XP,TARGET=3,0.0010196278358399185,1.0,4
CS_10_UR_FR; CS_8_UL_LU; Regula=neutral->anger,TARGET=3,0.0010196278358399185,1.0,4
CS_10_UR_FR; CS_8_UL_LU; Regula=neutral->surprise,TARGET=3,0.0010196278358399185,1.0,4
CS_11_UR_LU; CS_7_UL_FR; CS_9_UL_XP,TARGET=3,0.0010196278358399185,1.0,4
CS_11_UR_LU; CS_7_UL_FR; Regula=neutral->surprise,TARGET=3,0.0010196278358399185,1.0,4
CS_11_UR_LU; CS_7_UL_FR; Regula=surprise->neutral,TARGET=3,0.0010196278358399185,1.0,4
CS_12_UR_XP; CS_5_DR_LU; Regula=neutral->anger,TARGET=3,0.0010196278358399185,1.0,4
CS_12_UR_XP; CS_7_UL_FR; Regula=neutral->happiness,TARGET=3,0.0010196278358399185,1.0,4
CS_12_UR_XP; CS_7_UL_FR; Regula=surprise->neutral,TARGET=3,0.0010196278358399185,1.0,4
CS_1_DL_FR; CS_2_DL_LU; CS_7_UL_FR,TARGET=3,0.0010196278358399185,1.0,4
CS_1_DL_FR; CS_7_UL_FR; CS_8_UL_LU,TARGET=3,0.0010196278358399185,1.0,4
CS_2_DL_LU; CS_3_DL_XP; CS_4_DR_FR,TARGET=3,0.0010196278358399185,1.0,4
CS_2_DL_LU; CS_3_DL_XP; CS_6_DR_XP,TARGET=3,0.0010196278358399185,1.0,4
CS_2_DL_LU; CS_4_DR_FR; Regula=surprise->neutral,TARGET=3,0.0010196278358399185,1.0,4
CS_2_DL_LU; CS_7_UL_FR; Regula=happiness->neutral,TARGET=3,0.0010196278358399185,1.0,4
CS_2_DL_LU; CS_8_UL_LU; Regula=happiness->neutral,TARGET=3,0.0010196278358399185,1.0,4
CS_2_DL_LU; CS_9_UL_XP; Regula=neutral->disgust,TARGET=2,0.0010196278358399185,1.0,4
CS_4_DR_FR; CS_7_UL_FR; Regula=neutral->sadness,TARGET=3,0.0010196278358399185,1.0,4
CS_4_DR_FR; CS_7_UL_FR; Regula=sadness->neutral,TARGET=3,0.0010196278358399185,1.0,4
CS_4_DR_FR; CS_7_UL_FR; Regula=surprise->neutral,TARGET=3,0.0010196278358399185,1.0,4
CS_7_UL_FR; CS_8_UL_LU; Regula=neutral->sadness,TARGET=3,0.0010196278358399185,1.0,4
CS_10_UR_FR; CS_11_UR_LU; CS_1_DL_FR; Regula=neutral->happiness,TARGET=3,0.0010196278358399185,1.0,4
CS_10_UR_FR; CS_11_UR_LU; CS_8_UL_LU; Regula=neutral->surprise,TARGET=3,0.0010196278358399185,1.0,4
CS_10_UR_FR; CS_12_UR_XP; CS_1_DL_FR; Regula=neutral->happiness,TARGET=3,0.0010196278358399185,1.0,4
CS_10_UR_FR; CS_12_UR_XP; CS_2_DL_LU; Regula=happiness->neutral,TARGET=3,0.0010196278358399185,1.0,4
CS_10_UR_FR; CS_12_UR_XP; CS_4_DR_FR; Regula=neutral->anger,TARGET=3,0.0010196278358399185,1.0,4
CS_10_UR_FR; CS_12_UR_XP; CS_5_DR_LU; Regula=sadness->neutral,TARGET=3,0.0010196278358399185,1.0,4
CS_10_UR_FR; CS_12_UR_XP; CS_7_UL_FR; Regula=neutral->surprise,TARGET=3,0.0010196278358399185,1.0,4
CS_10_UR_FR; CS_1_DL_FR; CS_3_DL_XP; CS_7_UL_FR,TARGET=3,0.0010196278358399185,1.0,4
CS_10_UR_FR; CS_1_DL_FR; CS_5_DR_LU; CS_9_UL_XP,TARGET=3,0.0010196278358399185,1.0,4
CS_10_UR_FR; CS_1_DL_FR; CS_7_UL_FR; Regula=anger->neutral,TARGET=3,0.0010196278358399185,1.0,4
CS_10_UR_FR; CS_1_DL_FR; CS_7_UL_FR; Regula=happiness->neutral,TARGET=3,0.0010196278358399185,1.0,4
CS_10_UR_FR; CS_1_DL_FR; CS_7_UL_FR; Regula=neutral->anger,TARGET=3,0.0010196278358399185,1.0,4
CS_10_UR_FR; CS_1_DL_FR; CS_8_UL_LU; CS_9_UL_XP,TARGET=3,0.0010196278358399185,1.0,4
CS_10_UR_FR; CS_1_DL_FR; CS_9_UL_XP; Regula=neutral->happiness,TARGET=3,0.0010196278358399185,1.0,4
CS_10_UR_FR; CS_2_DL_LU; CS_8_UL_LU; Regula=happiness->neutral,TARGET=3,0.0010196278358399185,1.0,4
CS_10_UR_FR; CS_2_DL_LU; CS_9_UL_XP; Regula=happiness->neutral,TARGET=3,0.0010196278358399185,1.0,4
CS_10_UR_FR; CS_7_UL_FR; CS_8_UL_LU; CS_9_UL_XP,TARGET=3,0.0010196278358399185,1.0,4
CS_10_UR_FR; CS_7_UL_FR; CS_8_UL_LU; Regula=anger->neutral,TARGET=3,0.0010196278358399185,1.0,4
CS_10_UR_FR; CS_7_UL_FR; CS_8_UL_LU; Regula=neutral->anger,TARGET=3,0.0010196278358399185,1.0,4
CS_11_UR_LU; CS_12_UR_XP; CS_1_DL_FR; CS_4_DR_FR,TARGET=3,0.0010196278358399185,1.0,4
CS_11_UR_LU; CS_12_UR_XP; CS_1_DL_FR; Regula=neutral->happiness,TARGET=3,0.0010196278358399185,1.0,4
CS_11_UR_LU; CS_12_UR_XP; CS_2_DL_LU; Regula=happiness->neutral,TARGET=3,0.0010196278358399185,1.0,4
CS_11_UR_LU; CS_1_DL_FR; CS_4_DR_FR; CS_6_DR_XP,TARGET=3,0.0010196278358399185,1.0,4
CS_11_UR_LU; CS_1_DL_FR; CS_4_DR_FR; Regula=surprise->neutral,TARGET=3,0.0010196278358399185,1.0,4
CS_11_UR_LU; CS_1_DL_FR; CS_6_DR_XP; CS_9_UL_XP,TARGET=3,0.0010196278358399185,1.0,4
CS_11_UR_LU; CS_1_DL_FR; CS_8_UL_LU; Regula=anger->neutral,TARGET=3,0.0010196278358399185,1.0,4
CS_11_UR_LU; CS_1_DL_FR; CS_8_UL_LU; Regula=neutral->anger,TARGET=3,0.0010196278358399185,1.0,4
CS_11_UR_LU; CS_1_DL_FR; CS_9_UL_XP; Regula=neutral->happiness,TARGET=3,0.0010196278358399185,1.0,4
CS_11_UR_LU; CS_2_DL_LU; CS_3_DL_XP; CS_5_DR_LU,TARGET=3,0.0010196278358399185,1.0,4
CS_11_UR_LU; CS_2_DL_LU; CS_3_DL_XP; Regula=sadness->neutral,TARGET=3,0.0010196278358399185,1.0,4
CS_11_UR_LU; CS_2_DL_LU; CS_4_DR_FR; CS_5_DR_LU,TARGET=3,0.0010196278358399185,1.0,4
CS_11_UR_LU; CS_2_DL_LU; CS_4_DR_FR; CS_8_UL_LU,TARGET=3,0.0010196278358399185,1.0,4
CS_11_UR_LU; CS_3_DL_XP; CS_4_DR_FR; CS_8_UL_LU,TARGET=3,0.0010196278358399185,1.0,4
CS_11_UR_LU; CS_3_DL_XP; CS_4_DR_FR; CS_9_UL_XP,TARGET=3,0.0010196278358399185,1.0,4
CS_11_UR_LU; CS_3_DL_XP; CS_9_UL_XP; Regula=happiness->neutral,TARGET=3,0.0010196278358399185,1.0,4
CS_11_UR_LU; CS_4_DR_FR; CS_6_DR_XP; CS_7_UL_FR,TARGET=3,0.0010196278358399185,1.0,4
CS_11_UR_LU; CS_8_UL_LU; CS_9_UL_XP; Regula=surprise->neutral,TARGET=3,0.0010196278358399185,1.0,4
CS_12_UR_XP; CS_1_DL_FR; CS_3_DL_XP; Regula=happiness->neutral,TARGET=3,0.0010196278358399185,1.0,4
CS_12_UR_XP; CS_1_DL_FR; CS_4_DR_FR; Regula=happiness->neutral,TARGET=3,0.0010196278358399185,1.0,4
CS_12_UR_XP; CS_1_DL_FR; CS_6_DR_XP; CS_7_UL_FR,TARGET=3,0.0010196278358399185,1.0,4
CS_12_UR_XP; CS_1_DL_FR; CS_7_UL_FR; CS_9_UL_XP,TARGET=3,0.0010196278358399185,1.0,4
CS_12_UR_XP; CS_1_DL_FR; CS_8_UL_LU; Regula=happiness->neutral,TARGET=3,0.0010196278358399185,1.0,4
CS_12_UR_XP; CS_1_DL_FR; CS_8_UL_LU; Regula=neutral->happiness,TARGET=3,0.0010196278358399185,1.0,4
CS_12_UR_XP; CS_2_DL_LU; CS_3_DL_XP; CS_5_DR_LU,TARGET=3,0.0010196278358399185,1.0,4
CS_12_UR_XP; CS_2_DL_LU; CS_3_DL_XP; CS_8_UL_LU,TARGET=3,0.0010196278358399185,1.0,4
CS_12_UR_XP; CS_2_DL_LU; CS_3_DL_XP; CS_9_UL_XP,TARGET=3,0.0010196278358399185,1.0,4
CS_12_UR_XP; CS_2_DL_LU; CS_3_DL_XP; Regula=sadness->neutral,TARGET=3,0.0010196278358399185,1.0,4
CS_12_UR_XP; CS_2_DL_LU; CS_4_DR_FR; CS_8_UL_LU,TARGET=3,0.0010196278358399185,1.0,4
CS_12_UR_XP; CS_2_DL_LU; CS_8_UL_LU; Regula=happiness->neutral,TARGET=3,0.0010196278358399185,1.0,4
CS_12_UR_XP; CS_4_DR_FR; CS_6_DR_XP; Regula=happiness->neutral,TARGET=3,0.0010196278358399185,1.0,4
CS_12_UR_XP; CS_4_DR_FR; CS_7_UL_FR; Regula=neutral->happiness,TARGET=3,0.0010196278358399185,1.0,4
CS_12_UR_XP; CS_4_DR_FR; CS_8_UL_LU; Regula=happiness->neutral,TARGET=3,0.0010196278358399185,1.0,4
CS_12_UR_XP; CS_7_UL_FR; CS_8_UL_LU; Regula=anger->neutral,TARGET=3,0.0010196278358399185,1.0,4
CS_12_UR_XP; CS_7_UL_FR; CS_8_UL_LU; Regula=happiness->neutral,TARGET=3,0.0010196278358399185,1.0,4
CS_1_DL_FR; CS_3_DL_XP; CS_4_DR_FR; CS_6_DR_XP,TARGET=3,0.0010196278358399185,1.0,4
CS_1_DL_FR; CS_3_DL_XP; CS_4_DR_FR; CS_8_UL_LU,TARGET=3,0.0010196278358399185,1.0,4
CS_1_DL_FR; CS_3_DL_XP; CS_5_DR_LU; CS_8_UL_LU,TARGET=3,0.0010196278358399185,1.0,4
CS_1_DL_FR; CS_3_DL_XP; CS_7_UL_FR; Regula=anger->neutral,TARGET=3,0.0010196278358399185,1.0,4
CS_1_DL_FR; CS_3_DL_XP; CS_7_UL_FR; Regula=happiness->neutral,TARGET=3,0.0010196278358399185,1.0,4
CS_1_DL_FR; CS_3_DL_XP; CS_7_UL_FR; Regula=neutral->anger,TARGET=3,0.0010196278358399185,1.0,4
CS_1_DL_FR; CS_3_DL_XP; CS_9_UL_XP; Regula=neutral->anger,TARGET=3,0.0010196278358399185,1.0,4
CS_1_DL_FR; CS_4_DR_FR; CS_5_DR_LU; Regula=neutral->surprise,TARGET=3,0.0010196278358399185,1.0,4
CS_1_DL_FR; CS_4_DR_FR; CS_6_DR_XP; Regula=surprise->neutral,TARGET=3,0.0010196278358399185,1.0,4
CS_1_DL_FR; CS_4_DR_FR; CS_7_UL_FR; Regula=neutral->happiness,TARGET=3,0.0010196278358399185,1.0,4
CS_1_DL_FR; CS_6_DR_XP; CS_7_UL_FR; Regula=surprise->neutral,TARGET=3,0.0010196278358399185,1.0,4
CS_2_DL_LU; CS_4_DR_FR; CS_5_DR_LU; Regula=neutral->sadness,TARGET=3,0.0010196278358399185,1.0,4
CS_2_DL_LU; CS_4_DR_FR; CS_8_UL_LU; Regula=neutral->sadness,TARGET=3,0.0010196278358399185,1.0,4
CS_2_DL_LU; CS_5_DR_LU; CS_8_UL_LU; CS_9_UL_XP,TARGET=3,0.0010196278358399185,1.0,4
CS_2_DL_LU; CS_6_DR_XP; CS_8_UL_LU; CS_9_UL_XP,TARGET=3,0.0010196278358399185,1.0,4
CS_2_DL_LU; CS_8_UL_LU; CS_9_UL_XP; Regula=happiness->neutral,TARGET=3,0.0010196278358399185,1.0,4
CS_2_DL_LU; CS_8_UL_LU; CS_9_UL_XP; Regula=neutral->sadness,TARGET=3,0.0010196278358399185,1.0,4
CS_3_DL_XP; CS_4_DR_FR; CS_6_DR_XP; Regula=sadness->neutral,TARGET=3,0.0010196278358399185,1.0,4
CS_3_DL_XP; CS_4_DR_FR; CS_9_UL_XP; Regula=sadness->neutral,TARGET=3,0.0010196278358399185,1.0,4
CS_3_DL_XP; CS_6_DR_XP; CS_8_UL_LU; Regula=neutral->sadness,TARGET=3,0.0010196278358399185,1.0,4
CS_3_DL_XP; CS_6_DR_XP; CS_8_UL_LU; Regula=sadness->neutral,TARGET=3,0.0010196278358399185,1.0,4
CS_3_DL_XP; CS_8_UL_LU; CS_9_UL_XP; Regula=neutral->happiness,TARGET=3,0.0010196278358399185,1.0,4
CS_4_DR_FR; CS_5_DR_LU; CS_6_DR_XP; CS_8_UL_LU,TARGET=3,0.0010196278358399185,1.0,4
CS_4_DR_FR; CS_6_DR_XP; CS_7_UL_FR; Regula=happiness->neutral,TARGET=3,0.0010196278358399185,1.0,4
CS_4_DR_FR; CS_6_DR_XP; CS_7_UL_FR; Regula=sadness->neutral,TARGET=3,0.0010196278358399185,1.0,4
CS_4_DR_FR; CS_6_DR_XP; CS_8_UL_LU; Regula=happiness->neutral,TARGET=3,0.0010196278358399185,1.0,4
CS_4_DR_FR; CS_6_DR_XP; CS_8_UL_LU; Regula=neutral->happiness,TARGET=3,0.0010196278358399185,1.0,4
CS_4_DR_FR; CS_7_UL_FR; CS_8_UL_LU; CS_9_UL_XP,TARGET=3,0.0010196278358399185,1.0,4
CS_4_DR_FR; CS_7_UL_FR; CS_8_UL_LU; Regula=happiness->neutral,TARGET=3,0.0010196278358399185,1.0,4
CS_4_DR_FR; CS_8_UL_LU; CS_9_UL_XP; Regula=happiness->neutral,TARGET=3,0.0010196278358399185,1.0,4
CS_4_DR_FR; CS_8_UL_LU; CS_9_UL_XP; Regula=neutral->happiness,TARGET=3,0.0010196278358399185,1.0,4
CS_6_DR_XP; CS_7_UL_FR; CS_8_UL_LU; CS_9_UL_XP,TARGET=3,0.0010196278358399185,1.0,4
CS_7_UL_FR; CS_8_UL_LU; CS_9_UL_XP; Regula=happiness->neutral,TARGET=3,0.0010196278358399185,1.0,4
CS_7_UL_FR; CS_8_UL_LU; CS_9_UL_XP; Regula=neutral->happiness,TARGET=3,0.0010196278358399185,1.0,4
CS_2_DL_LU; CS_5_DR_LU,TARGET=3,0.027020137649757837,0.9906542056074766,106
CS_10_UR_FR; CS_8_UL_LU,TARGET=3,0.017588580168238593,0.9857142857142858,69
CS_12_UR_XP; CS_6_DR_XP; Regula=neutral->sadness,TARGET=3,0.017078766250318633,0.9852941176470589,67
CS_12_UR_XP; CS_3_DL_XP; Regula=neutral->sadness,TARGET=3,0.016568952332398676,0.9848484848484849,65
CS_3_DL_XP; CS_8_UL_LU,TARGET=3,0.03084374203415753,0.983739837398374,121
CS_3_DL_XP; CS_6_DR_XP,TARGET=3,0.014274789701758857,0.9824561403508771,56
CS_11_UR_LU; CS_1_DL_FR; Regula=neutral->sadness,TARGET=3,0.014274789701758857,0.9824561403508771,56
CS_1_DL_FR; CS_8_UL_LU; Regula=neutral->sadness,TARGET=3,0.012490440989039,0.98,49
CS_12_UR_XP; CS_5_DR_LU; Regula=sadness->neutral,TARGET=3,0.023961254142238084,0.9791666666666666,94
CS_12_UR_XP; CS_8_UL_LU; Regula=sadness->neutral,TARGET=3,0.035432067295437165,0.9788732394366197,139
CS_3_DL_XP; CS_5_DR_LU; Regula=sadness->neutral,TARGET=3,0.011470813153199082,0.9782608695652174,45
CS_12_UR_XP; CS_2_DL_LU,TARGET=3,0.022431812388478207,0.9777777777777777,88
CS_1_DL_FR; CS_8_UL_LU; Regula=sadness->neutral,TARGET=3,0.011215906194239103,0.9777777777777777,44
CS_4_DR_FR; CS_5_DR_LU; Regula=neutral->sadness,TARGET=3,0.011215906194239103,0.9777777777777777,44
CS_12_UR_XP; CS_9_UL_XP; Regula=sadness->neutral,TARGET=3,0.020902370634718326,0.9761904761904762,82
CS_8_UL_LU; CS_9_UL_XP; Regula=sadness->neutral,TARGET=3,0.020902370634718326,0.9761904761904762,82
CS_12_UR_XP; CS_8_UL_LU; Regula=neutral->sadness,TARGET=3,0.0387458577619169,0.9743589743589743,152
CS_3_DL_XP; CS_9_UL_XP; Regula=neutral->sadness,TARGET=3,0.009686464440479225,0.9743589743589743,38
CS_11_UR_LU; CS_2_DL_LU,TARGET=3,0.01911802192199847,0.974025974025974,75
CS_12_UR_XP; CS_8_UL_LU; Regula=happiness->neutral,TARGET=3,0.008666836604639306,0.9714285714285714,34
CS_2_DL_LU; CS_8_UL_LU; Regula=neutral->sadness,TARGET=3,0.008666836604639306,0.9714285714285714,34
CS_12_UR_XP; CS_4_DR_FR; Regula=sadness->neutral,TARGET=3,0.008411929645679326,0.9705882352941176,33
CS_3_DL_XP; CS_9_UL_XP; Regula=sadness->neutral,TARGET=3,0.007647208768799388,0.967741935483871,30
CS_12_UR_XP; CS_6_DR_XP; Regula=sadness->neutral,TARGET=3,0.015039510578638797,0.9672131147540983,59
CS_11_UR_LU; CS_12_UR_XP; Regula=happiness->neutral,TARGET=3,0.007392301809839409,0.9666666666666667,29
CS_6_DR_XP; CS_8_UL_LU; Regula=neutral->sadness,TARGET=3,0.014529696660718837,0.9661016949152542,57
CS_11_UR_LU; CS_1_DL_FR; Regula=sadness->neutral,TARGET=3,0.014019882742798879,0.9649122807017544,55
CS_5_DR_LU; CS_6_DR_XP; Regula=neutral->sadness,TARGET=3,0.014019882742798879,0.9649122807017544,55
CS_6_DR_XP; CS_8_UL_LU,TARGET=3,0.03237318378791741,0.9621212121212122,127
CS_12_UR_XP; CS_5_DR_LU; Regula=neutral->sadness,TARGET=3,0.02549069589599796,0.9615384615384616,100
CS_4_DR_FR; CS_8_UL_LU; Regula=sadness->neutral,TARGET=3,0.00637267397399949,0.9615384615384616,25
CS_4_DR_FR; CS_9_UL_XP; Regula=sadness->neutral,TARGET=3,0.00637267397399949,0.9615384615384616,25
CS_8_UL_LU; CS_9_UL_XP; Regula=neutral->sadness,TARGET=3,0.02472597501911802,0.9603960396039604,97
CS_1_DL_FR; CS_6_DR_XP; Regula=sadness->neutral,TARGET=3,0.006117767015039511,0.96,24
CS_12_UR_XP; CS_1_DL_FR; Regula=neutral->sadness,TARGET=3,0.011980627071119042,0.9591836734693877,47
CS_1_DL_FR; CS_5_DR_LU; Regula=sadness->neutral,TARGET=3,0.011980627071119042,0.9591836734693877,47
CS_10_UR_FR; Regula=neutral->sadness,TARGET=3,0.005862860056079531,0.9583333333333334,23
CS_5_DR_LU; CS_6_DR_XP,TARGET=3,0.028039765485597758,0.9565217391304348,110
CS_12_UR_XP; CS_3_DL_XP; Regula=sadness->neutral,TARGET=3,0.016823859291358653,0.9565217391304348,66
CS_5_DR_LU; CS_9_UL_XP; Regula=neutral->sadness,TARGET=3,0.016823859291358653,0.9565217391304348,66
CS_7_UL_FR; CS_9_UL_XP; Regula=neutral->anger,TARGET=3,0.005607953097119552,0.9565217391304348,22
CS_12_UR_XP; CS_9_UL_XP; Regula=happiness->neutral,TARGET=3,0.010960999235279123,0.9555555555555556,43
CS_11_UR_LU; CS_5_DR_LU; Regula=sadness->neutral,TARGET=3,0.027020137649757837,0.954954954954955,106
CS_5_DR_LU; CS_8_UL_LU; Regula=sadness->neutral,TARGET=3,0.021412184552638287,0.9545454545454546,84
CS_7_UL_FR; CS_9_UL_XP; Regula=anger->neutral,TARGET=3,0.005353046138159572,0.9545454545454546,21
CS_12_UR_XP; CS_5_DR_LU,TARGET=3,0.05225592658679582,0.9534883720930233,205
CS_2_DL_LU; CS_7_UL_FR,TARGET=3,0.0050981391791995925,0.9523809523809523,20
CS_10_UR_FR; CS_9_UL_XP; Regula=happiness->neutral,TARGET=3,0.0050981391791995925,0.9523809523809523,20
CS_12_UR_XP; CS_8_UL_LU,TARGET=3,0.09890390007647208,0.9509803921568627,388
CS_11_UR_LU; CS_2_DL_LU; Regula=neutral->sadness,TARGET=3,0.009686464440479225,0.95,38
CS_3_DL_XP; CS_5_DR_LU; Regula=neutral->sadness,TARGET=3,0.009686464440479225,0.95,38
CS_4_DR_FR; CS_5_DR_LU; Regula=sadness->neutral,TARGET=3,0.009686464440479225,0.95,38
CS_5_DR_LU; CS_9_UL_XP,TARGET=3,0.03339281162375733,0.9492753623188406,131
CS_12_UR_XP; CS_6_DR_XP,TARGET=3,0.037216416008157026,0.948051948051948,146
CS_11_UR_LU; CS_5_DR_LU,TARGET=3,0.054804996176395615,0.947136563876652,215
CS_11_UR_LU; CS_5_DR_LU; Regula=neutral->sadness,TARGET=3,0.027020137649757837,0.9464285714285714,106
CS_11_UR_LU; CS_9_UL_XP; Regula=happiness->neutral,TARGET=3,0.008921743563599286,0.9459459459459459,35
CS_5_DR_LU; CS_6_DR_XP; Regula=sadness->neutral,TARGET=3,0.01325516186591894,0.9454545454545454,52
CS_4_DR_FR; CS_8_UL_LU,TARGET=3,0.021667091511598267,0.9444444444444444,85
CS_12_UR_XP; CS_4_DR_FR; Regula=neutral->sadness,TARGET=3,0.008666836604639306,0.9444444444444444,34
CS_4_DR_FR; CS_6_DR_XP; Regula=neutral->sadness,TARGET=3,0.008666836604639306,0.9444444444444444,34
CS_10_UR_FR; CS_5_DR_LU; Regula=neutral->sadness,TARGET=3,0.004333418302319653,0.9444444444444444,17
CS_3_DL_XP; CS_4_DR_FR; Regula=neutral->sadness,TARGET=3,0.004333418302319653,0.9444444444444444,17
CS_7_UL_FR; CS_9_UL_XP; Regula=neutral->sadness,TARGET=3,0.004333418302319653,0.9444444444444444,17
CS_1_DL_FR; CS_8_UL_LU,TARGET=3,0.033902625541677285,0.9432624113475178,133
CS_3_DL_XP; CS_9_UL_XP,TARGET=3,0.03313790466479735,0.9420289855072463,130
CS_4_DR_FR; CS_7_UL_FR,TARGET=3,0.012235534030079022,0.9411764705882353,48
CS_1_DL_FR; CS_9_UL_XP; Regula=neutral->sadness,TARGET=3,0.008157022686719348,0.9411764705882353,32
CS_11_UR_LU; CS_12_UR_XP; Regula=neutral->sadness,TARGET=3,0.04333418302319653,0.9392265193370166,170
CS_11_UR_LU; CS_4_DR_FR,TARGET=3,0.027529951567677798,0.9391304347826087,108
CS_5_DR_LU; CS_8_UL_LU; Regula=neutral->sadness,TARGET=3,0.023451440224318124,0.9387755102040817,92
CS_5_DR_LU; CS_9_UL_XP; Regula=sadness->neutral,TARGET=3,0.015294417537598776,0.9375,60
CS_4_DR_FR; CS_7_UL_FR; Regula=happiness->neutral,TARGET=3,0.003823604384399694,0.9375,15
CS_11_UR_LU; CS_12_UR_XP; Regula=sadness->neutral,TARGET=3,0.04154983431047667,0.9367816091954023,163
CS_6_DR_XP; CS_8_UL_LU; Regula=sadness->neutral,TARGET=3,0.011215906194239103,0.9361702127659575,44
CS_11_UR_LU; CS_12_UR_XP,TARGET=3,0.11037471322967117,0.9352051835853131,433
CS_6_DR_XP; CS_9_UL_XP; Regula=neutral->sadness,TARGET=3,0.014529696660718837,0.9344262295081968,57
CS_6_DR_XP; CS_9_UL_XP,TARGET=3,0.03211827682895743,0.9333333333333333,126
CS_11_UR_LU; CS_9_UL_XP; Regula=neutral->sadness,TARGET=3,0.028549579403517714,0.9333333333333333,112
CS_6_DR_XP; CS_7_UL_FR,TARGET=3,0.007137394850879429,0.9333333333333333,28
CS_12_UR_XP; CS_4_DR_FR,TARGET=3,0.02472597501911802,0.9326923076923077,97
CS_4_DR_FR; CS_9_UL_XP; Regula=neutral->sadness,TARGET=3,0.006882487891919449,0.9310344827586207,27
CS_1_DL_FR; CS_3_DL_XP; Regula=sadness->neutral,TARGET=3,0.009686464440479225,0.926829268292683,38
CS_2_DL_LU; CS_9_UL_XP; Regula=sadness->neutral,TARGET=3,0.00637267397399949,0.9259259259259259,25
CS_11_UR_LU; CS_3_DL_XP; Regula=sadness->neutral,TARGET=3,0.015804231455518736,0.9253731343283582,62
CS_12_UR_XP; CS_9_UL_XP; Regula=neutral->sadness,TARGET=3,0.021921998470558247,0.9247311827956989,86
CS_1_DL_FR; CS_5_DR_LU,TARGET=3,0.028039765485597758,0.9243697478991597,110
CS_5_DR_LU; CS_8_UL_LU,TARGET=3,0.04588325261279633,0.9230769230769231,180
CS_4_DR_FR; CS_8_UL_LU; Regula=neutral->sadness,TARGET=3,0.009176650522559266,0.9230769230769231,36
CS_12_UR_XP; CS_1_DL_FR; Regula=sadness->neutral,TARGET=3,0.011470813153199082,0.9183673469387755,45
CS_12_UR_XP; CS_1_DL_FR; Regula=happiness->neutral,TARGET=3,0.002803976548559776,0.9166666666666666,11
CS_1_DL_FR; CS_7_UL_FR; Regula=anger->neutral,TARGET=3,0.002803976548559776,0.9166666666666666,11
CS_5_DR_LU; CS_7_UL_FR; Regula=neutral->sadness,TARGET=3,0.002803976548559776,0.9166666666666666,11
CS_11_UR_LU; CS_6_DR_XP; Regula=sadness->neutral,TARGET=3,0.016568952332398676,0.9154929577464789,65
CS_6_DR_XP; CS_9_UL_XP; Regula=sadness->neutral,TARGET=3,0.013764975783838899,0.9152542372881356,54
CS_11_UR_LU; CS_9_UL_XP; Regula=sadness->neutral,TARGET=3,0.024216161101198064,0.9134615384615384,95
CS_11_UR_LU; CS_9_UL_XP,TARGET=3,0.07519755289319398,0.913312693498452,295
CS_2_DL_LU; Regula=sadness->neutral,TARGET=3,0.016059138414478716,0.9130434782608695,63
CS_11_UR_LU; CS_12_UR_XP; Regula=neutral->happiness,TARGET=3,0.005353046138159572,0.9130434782608695,21
CS_11_UR_LU; CS_6_DR_XP; Regula=neutral->sadness,TARGET=3,0.018353301045118533,0.9113924050632911,72
CS_3_DL_XP; CS_7_UL_FR,TARGET=3,0.03849095080295692,0.9096385542168675,151
CS_4_DR_FR; CS_5_DR_LU,TARGET=3,0.02549069589599796,0.9090909090909091,100
CS_3_DL_XP; CS_7_UL_FR; Regula=anger->neutral,TARGET=3,0.017843487127198573,0.9090909090909091,70
CS_10_UR_FR; CS_5_DR_LU,TARGET=3,0.010196278358399185,0.9090909090909091,40
CS_7_UL_FR; CS_8_UL_LU,TARGET=3,0.010196278358399185,0.9090909090909091,40
CS_4_DR_FR; Regula=disgust->neutral,TARGET=1,0.0025490695895997962,0.9090909090909091,10
CS_11_UR_LU; CS_4_DR_FR; Regula=surprise->neutral,TARGET=3,0.0025490695895997962,0.9090909090909091,10
CS_11_UR_LU; CS_6_DR_XP; Regula=neutral->surprise,TARGET=3,0.0025490695895997962,0.9090909090909091,10
CS_7_UL_FR; CS_8_UL_LU; Regula=neutral->anger,TARGET=3,0.0025490695895997962,0.9090909090909091,10
CS_7_UL_FR; CS_9_UL_XP; Regula=happiness->neutral,TARGET=3,0.0025490695895997962,0.9090909090909091,10
CS_2_DL_LU; CS_8_UL_LU,TARGET=3,0.017588580168238593,0.9078947368421053,69
CS_8_UL_LU; CS_9_UL_XP,TARGET=3,0.06933469283711445,0.9066666666666666,272
CS_3_DL_XP; CS_5_DR_LU,TARGET=3,0.02472597501911802,0.9065420560747663,97
CS_11_UR_LU; CS_3_DL_XP,TARGET=3,0.034412439459597245,0.9060402684563759,135
CS_11_UR_LU; CS_12_UR_XP; Regula=anger->neutral,TARGET=3,0.004843232220239612,0.9047619047619048,19
CS_12_UR_XP; CS_8_UL_LU; Regula=neutral->happiness,TARGET=3,0.007137394850879429,0.9032258064516129,28
CS_10_UR_FR; CS_12_UR_XP; Regula=happiness->neutral,TARGET=3,0.004588325261279633,0.9,18
CS_6_DR_XP; Regula=happiness->neutral,TARGET=3,0.0022941626306398166,0.9,9
CS_1_DL_FR; CS_9_UL_XP; Regula=neutral->anger,TARGET=3,0.0022941626306398166,0.9,9
CS_4_DR_FR; CS_6_DR_XP,TARGET=3,0.02039255671679837,0.898876404494382,80
CS_10_UR_FR; CS_9_UL_XP,TARGET=3,0.034922253377517205,0.8954248366013072,137
CS_3_DL_XP; CS_7_UL_FR; Regula=neutral->anger,TARGET=3,0.015039510578638797,0.8939393939393939,59
CS_1_DL_FR; CS_6_DR_XP,TARGET=3,0.01911802192199847,0.8928571428571429,75
CS_4_DR_FR; CS_6_DR_XP; Regula=sadness->neutral,TARGET=3,0.00637267397399949,0.8928571428571429,25
CS_2_DL_LU; Regula=neutral->sadness,TARGET=3,0.01886311496303849,0.891566265060241,74
CS_7_UL_FR; CS_9_UL_XP,TARGET=3,0.022941626306398163,0.8910891089108911,90
CS_4_DR_FR; CS_9_UL_XP,TARGET=3,0.018608208004078513,0.8902439024390244,73
CS_10_UR_FR; CS_2_DL_LU,TARGET=3,0.006117767015039511,0.8888888888888888,24
CS_11_UR_LU; CS_8_UL_LU; Regula=neutral->anger,TARGET=3,0.002039255671679837,0.8888888888888888,8
CS_2_DL_LU; CS_3_DL_XP; Regula=sadness->neutral,TARGET=3,0.002039255671679837,0.8888888888888888,8
CS_11_UR_LU; CS_6_DR_XP,TARGET=3,0.03976548559775682,0.8863636363636364,156
CS_11_UR_LU; CS_12_UR_XP; Regula=neutral->anger,TARGET=3,0.005862860056079531,0.8846153846153846,23
CS_11_UR_LU; CS_8_UL_LU; Regula=neutral->happiness,TARGET=3,0.005862860056079531,0.8846153846153846,23
CS_11_UR_LU; CS_1_DL_FR,TARGET=3,0.0387458577619169,0.8837209302325582,152
CS_10_UR_FR; CS_9_UL_XP; Regula=neutral->anger,TARGET=3,0.009686464440479225,0.8837209302325582,38
CS_10_UR_FR; CS_11_UR_LU,TARGET=3,0.01911802192199847,0.8823529411764706,75
CS_11_UR_LU; CS_3_DL_XP; Regula=neutral->sadness,TARGET=3,0.015294417537598776,0.8823529411764706,60
CS_10_UR_FR; CS_5_DR_LU; Regula=sadness->neutral,TARGET=3,0.003823604384399694,0.8823529411764706,15
CS_3_DL_XP; Regula=neutral->sadness,TARGET=3,0.02600050981391792,0.8793103448275862,102
CS_11_UR_LU; CS_8_UL_LU; Regula=neutral->sadness,TARGET=3,0.06015804231455519,0.8773234200743495,236
CS_10_UR_FR; CS_3_DL_XP; Regula=neutral->anger,TARGET=3,0.016314045373438696,0.8767123287671232,64
CS_10_UR_FR; CS_9_UL_XP; Regula=anger->neutral,TARGET=3,0.007137394850879429,0.875,28
CS_3_DL_XP; CS_9_UL_XP; Regula=neutral->anger,TARGET=3,0.005353046138159572,0.875,21
CS_10_UR_FR; CS_2_DL_LU; Regula=neutral->happiness,TARGET=3,0.0017843487127198571,0.875,7
CS_12_UR_XP; CS_2_DL_LU; Regula=happiness->neutral,TARGET=3,0.0017843487127198571,0.875,7
CS_1_DL_FR; CS_4_DR_FR; Regula=neutral->happiness,TARGET=3,0.0017843487127198571,0.875,7
CS_1_DL_FR; CS_5_DR_LU; Regula=surprise->neutral,TARGET=3,0.0017843487127198571,0.875,7
CS_2_DL_LU; CS_3_DL_XP; Regula=neutral->sadness,TARGET=3,0.0017843487127198571,0.875,7
CS_3_DL_XP; CS_5_DR_LU; Regula=surprise->neutral,TARGET=3,0.0017843487127198571,0.875,7
CS_3_DL_XP; CS_9_UL_XP; Regula=neutral->happiness,TARGET=3,0.0017843487127198571,0.875,7
CS_5_DR_LU; CS_7_UL_FR; Regula=sadness->neutral,TARGET=3,0.0017843487127198571,0.875,7
CS_12_UR_XP; CS_9_UL_XP,TARGET=3,0.07825643640071374,0.8746438746438746,307
CS_5_DR_LU; Regula=sadness->neutral,TARGET=3,0.04741269436655621,0.8732394366197183,186
CS_8_UL_LU; CS_9_UL_XP; Regula=happiness->neutral,TARGET=3,0.010451185317359163,0.8723404255319149,41
CS_3_DL_XP; Regula=sadness->neutral,TARGET=3,0.02600050981391792,0.8717948717948718,102
CS_10_UR_FR; CS_3_DL_XP; Regula=anger->neutral,TARGET=3,0.017333673209278613,0.8717948717948718,68
CS_6_DR_XP; Regula=neutral->sadness,TARGET=3,0.03288299770583737,0.8716216216216216,129
CS_1_DL_FR; CS_7_UL_FR,TARGET=3,0.018608208004078513,0.8690476190476191,73
CS_10_UR_FR; Regula=neutral->happiness,TARGET=3,0.008411929645679326,0.868421052631579,33
CS_5_DR_LU; Regula=neutral->sadness,TARGET=3,0.04868722916135611,0.8681818181818182,191
CS_12_UR_XP; CS_7_UL_FR,TARGET=3,0.055314810094315575,0.868,217
CS_10_UR_FR; CS_3_DL_XP,TARGET=3,0.034667346418557225,0.8662420382165605,136
CS_1_DL_FR; CS_4_DR_FR; Regula=neutral->sadness,TARGET=3,0.008157022686719348,0.8648648648648649,32
CS_11_UR_LU; CS_8_UL_LU; Regula=neutral->surprise,TARGET=3,0.004843232220239612,0.8636363636363636,19
CS_1_DL_FR; CS_9_UL_XP; Regula=sadness->neutral,TARGET=3,0.007902115727759368,0.8611111111111112,31
CS_12_UR_XP; CS_7_UL_FR; Regula=anger->neutral,TARGET=3,0.02523578893703798,0.8608695652173913,99
CS_12_UR_XP; CS_3_DL_XP,TARGET=3,0.06296201886311496,0.8606271777003485,247
CS_12_UR_XP; Regula=sadness->neutral,TARGET=3,0.05862860056079531,0.8582089552238806,230
CS_12_UR_XP; CS_1_DL_FR,TARGET=3,0.04154983431047667,0.8578947368421053,163
CS_11_UR_LU; CS_8_UL_LU; Regula=happiness->neutral,TARGET=3,0.007647208768799388,0.8571428571428571,30
CS_7_UL_FR; Regula=happiness->neutral,TARGET=3,0.006117767015039511,0.8571428571428571,24
CS_2_DL_LU; CS_9_UL_XP; Regula=neutral->sadness,TARGET=3,0.006117767015039511,0.8571428571428571,24
CS_1_DL_FR; CS_8_UL_LU; Regula=anger->neutral,TARGET=3,0.0030588835075197555,0.8571428571428571,12
CS_6_DR_XP; Regula=neutral->happiness,TARGET=3,0.0015294417537598777,0.8571428571428571,6
CS_10_UR_FR; CS_4_DR_FR; Regula=anger->neutral,TARGET=3,0.0015294417537598777,0.8571428571428571,6
CS_11_UR_LU; CS_3_DL_XP; Regula=happiness->neutral,TARGET=3,0.0015294417537598777,0.8571428571428571,6
CS_4_DR_FR; CS_8_UL_LU; Regula=neutral->surprise,TARGET=3,0.0015294417537598777,0.8571428571428571,6
CS_4_DR_FR; CS_9_UL_XP; Regula=neutral->happiness,TARGET=3,0.0015294417537598777,0.8571428571428571,6
CS_7_UL_FR; CS_8_UL_LU; Regula=anger->neutral,TARGET=3,0.0015294417537598777,0.8571428571428571,6
CS_8_UL_LU; CS_9_UL_XP; Regula=surprise->neutral,TARGET=3,0.0015294417537598777,0.8571428571428571,6
CS_12_UR_XP; Regula=neutral->sadness,TARGET=3,0.06219729798623502,0.856140350877193,244
CS_11_UR_LU; CS_8_UL_LU,TARGET=3,0.14682640836094826,0.8533333333333334,576
CS_10_UR_FR; Regula=happiness->neutral,TARGET=3,0.007392301809839409,0.8529411764705882,29
CS_10_UR_FR; CS_1_DL_FR; Regula=neutral->anger,TARGET=3,0.004333418302319653,0.85,17
CS_1_DL_FR; Regula=neutral->sadness,TARGET=3,0.028804486362477694,0.849624060150376,113
CS_11_UR_LU; CS_8_UL_LU; Regula=sadness->neutral,TARGET=3,0.05811878664287535,0.8475836431226765,228
CS_12_UR_XP; CS_7_UL_FR; Regula=neutral->anger,TARGET=3,0.022431812388478207,0.8461538461538461,88
CS_3_DL_XP; CS_4_DR_FR,TARGET=3,0.016823859291358653,0.8461538461538461,66
CS_12_UR_XP; CS_4_DR_FR; Regula=neutral->anger,TARGET=3,0.002803976548559776,0.8461538461538461,11
CS_4_DR_FR; CS_5_DR_LU; Regula=surprise->neutral,TARGET=3,0.002803976548559776,0.8461538461538461,11
CS_7_UL_FR; Regula=neutral->sadness,TARGET=3,0.006882487891919449,0.84375,27
CS_11_UR_LU; CS_8_UL_LU; Regula=surprise->neutral,TARGET=3,0.003823604384399694,0.8333333333333334,15
CS_12_UR_XP; CS_8_UL_LU; Regula=neutral->anger,TARGET=3,0.003823604384399694,0.8333333333333334,15
CS_1_DL_FR; CS_3_DL_XP; Regula=anger->neutral,TARGET=3,0.0025490695895997962,0.8333333333333334,10
CS_3_DL_XP; CS_9_UL_XP; Regula=happiness->neutral,TARGET=3,0.0025490695895997962,0.8333333333333334,10
CS_4_DR_FR; CS_9_UL_XP; Regula=happiness->neutral,TARGET=3,0.0025490695895997962,0.8333333333333334,10
CS_12_UR_XP; CS_1_DL_FR; Regula=neutral->happiness,TARGET=3,0.0012745347947998981,0.8333333333333334,5
CS_1_DL_FR; CS_9_UL_XP,TARGET=3,0.027020137649757837,0.828125,106
CS_2_DL_LU; CS_9_UL_XP,TARGET=3,0.015804231455518736,0.8266666666666667,62
CS_12_UR_XP; CS_1_DL_FR; Regula=neutral->anger,TARGET=3,0.007137394850879429,0.8235294117647058,28
CS_7_UL_FR; Regula=neutral->happiness,TARGET=3,0.0035686974254397143,0.8235294117647058,14
CS_1_DL_FR; CS_3_DL_XP,TARGET=3,0.034412439459597245,0.8181818181818182,135
CS_10_UR_FR; Regula=sadness->neutral,TARGET=3,0.004588325261279633,0.8181818181818182,18
CS_10_UR_FR; CS_4_DR_FR; Regula=happiness->neutral,TARGET=3,0.0022941626306398166,0.8181818181818182,9
CS_8_UL_LU; Regula=neutral->sadness,TARGET=3,0.06856997196023451,0.8102409638554217,269
CS_8_UL_LU; CS_9_UL_XP; Regula=neutral->happiness,TARGET=3,0.008411929645679326,0.8048780487804879,33
CS_6_DR_XP; Regula=sadness->neutral,TARGET=3,0.028294672444557738,0.8043478260869565,111
CS_4_DR_FR; Regula=neutral->sadness,TARGET=3,0.022941626306398163,0.8035714285714286,90
CS_10_UR_FR; CS_5_DR_LU; Regula=anger->neutral,TARGET=3,0.0010196278358399185,0.8,4
CS_11_UR_LU; CS_1_DL_FR; Regula=neutral->happiness,TARGET=3,0.0010196278358399185,0.8,4
CS_11_UR_LU; CS_9_UL_XP; Regula=surprise->neutral,TARGET=3,0.0010196278358399185,0.8,4
CS_12_UR_XP; CS_4_DR_FR; Regula=anger->neutral,TARGET=3,0.0010196278358399185,0.8,4
CS_12_UR_XP; CS_7_UL_FR; Regula=neutral->sadness,TARGET=3,0.0010196278358399185,0.8,4
CS_3_DL_XP; CS_8_UL_LU; Regula=anger->neutral,TARGET=3,0.0010196278358399185,0.8,4
CS_7_UL_FR; CS_9_UL_XP; Regula=neutral->happiness,TARGET=3,0.0010196278358399185,0.8,4
CS_10_UR_FR; CS_12_UR_XP,TARGET=3,0.06576599541167474,0.7987616099071208,258
CS_8_UL_LU; Regula=sadness->neutral,TARGET=3,0.06296201886311496,0.7967741935483871,247
CS_6_DR_XP,TARGET=3,0.07417792505735407,0.7929155313351499,291
CS_10_UR_FR; CS_4_DR_FR,TARGET=3,0.007647208768799388,0.7894736842105263,30
CS_7_UL_FR; CS_9_UL_XP; Regula=sadness->neutral,TARGET=3,0.002803976548559776,0.7857142857142857,11
CS_8_UL_LU; Regula=surprise->neutral,TARGET=3,0.004588325261279633,0.782608695652174,18
CS_5_DR_LU; CS_7_UL_FR,TARGET=3,0.00637267397399949,0.78125,25
CS_8_UL_LU; Regula=neutral->surprise,TARGET=3,0.005353046138159572,0.7777777777777778,21
CS_3_DL_XP; Regula=neutral->happiness,TARGET=3,0.0035686974254397143,0.7777777777777778,14
CS_12_UR_XP; CS_9_UL_XP; Regula=anger->neutral,TARGET=3,0.007902115727759368,0.775,31
CS_10_UR_FR; CS_7_UL_FR,TARGET=3,0.0637267397399949,0.7668711656441718,250
CS_11_UR_LU; CS_9_UL_XP; Regula=neutral->happiness,TARGET=3,0.005862860056079531,0.7666666666666667,23
CS_10_UR_FR; CS_12_UR_XP; Regula=anger->neutral,TARGET=3,0.02574560285495794,0.7651515151515151,101
CS_12_UR_XP; CS_9_UL_XP; Regula=neutral->happiness,TARGET=3,0.008157022686719348,0.7619047619047619,32
CS_10_UR_FR; CS_7_UL_FR; Regula=anger->neutral,TARGET=3,0.027529951567677798,0.7605633802816901,108
CS_1_DL_FR; CS_4_DR_FR; Regula=sadness->neutral,TARGET=3,0.00637267397399949,0.7575757575757576,25
CS_12_UR_XP; CS_3_DL_XP; Regula=anger->neutral,TARGET=3,0.014274789701758857,0.7567567567567568,56
CS_2_DL_LU; Regula=neutral->disgust,TARGET=1,0.007902115727759368,0.7560975609756098,31
CS_5_DR_LU,TARGET=3,0.10578638796839154,0.7545454545454545,415
CS_1_DL_FR; Regula=sadness->neutral,TARGET=3,0.026765230690797857,0.75,105
CS_4_DR_FR; Regula=neutral->anger,TARGET=3,0.0030588835075197555,0.75,12
CS_1_DL_FR; CS_7_UL_FR; Regula=surprise->neutral,TARGET=3,0.0030588835075197555,0.75,12
CS_10_UR_FR; CS_1_DL_FR; Regula=neutral->surprise,TARGET=2,0.0015294417537598777,0.75,6
CS_11_UR_LU; CS_8_UL_LU; Regula=anger->neutral,TARGET=3,0.0015294417537598777,0.75,6
CS_12_UR_XP; CS_6_DR_XP; Regula=anger->neutral,TARGET=3,0.0015294417537598777,0.75,6
CS_4_DR_FR; CS_6_DR_XP; Regula=surprise->neutral,TARGET=3,0.0015294417537598777,0.75,6
CS_10_UR_FR; CS_12_UR_XP; Regula=neutral->anger,TARGET=3,0.024216161101198064,0.7480314960629921,95
CS_11_UR_LU; Regula=neutral->sadness,TARGET=3,0.07672699464695386,0.745049504950495,301
CS_11_UR_LU; Regula=sadness->neutral,TARGET=3,0.07443283201631405,0.7430025445292621,292
CS_12_UR_XP; Regula=happiness->neutral,TARGET=3,0.012490440989039,0.7424242424242424,49
CS_10_UR_FR; CS_7_UL_FR; Regula=neutral->anger,TARGET=3,0.024216161101198064,0.7421875,95
CS_12_UR_XP; CS_3_DL_XP; Regula=neutral->anger,TARGET=3,0.01300025490695896,0.7391304347826086,51
CS_9_UL_XP; Regula=neutral->sadness,TARGET=3,0.04894213612031609,0.7384615384615385,192
CS_4_DR_FR; Regula=sadness->neutral,TARGET=3,0.01937292888095845,0.7378640776699029,76
CS_10_UR_FR; CS_11_UR_LU; Regula=neutral->anger,TARGET=3,0.0035686974254397143,0.7368421052631579,14
CS_3_DL_XP; CS_4_DR_FR; Regula=neutral->surprise,TARGET=3,0.002803976548559776,0.7333333333333333,11
CS_12_UR_XP; CS_9_UL_XP; Regula=neutral->anger,TARGET=3,0.007647208768799388,0.7317073170731707,30
CS_10_UR_FR; CS_1_DL_FR,TARGET=3,0.015039510578638797,0.7283950617283951,59
CS_2_DL_LU; Regula=disgust->neutral,TARGET=1,0.006117767015039511,0.7272727272727273,24
Regula=disgust->neutral,TARGET=1,0.02549069589599796,0.7246376811594203,100
Regula=neutral->disgust,TARGET=1,0.026765230690797857,0.7241379310344828,105
CS_1_DL_FR; Regula=neutral->anger,TARGET=3,0.010706092276319143,0.7241379310344828,42
CS_12_UR_XP; CS_1_DL_FR; Regula=anger->neutral,TARGET=3,0.005862860056079531,0.71875,23
CS_9_UL_XP; Regula=anger->neutral,TARGET=3,0.014274789701758857,0.717948717948718,56
CS_10_UR_FR; CS_1_DL_FR; Regula=anger->neutral,TARGET=3,0.003823604384399694,0.7142857142857143,15
CS_3_DL_XP; CS_4_DR_FR; Regula=surprise->neutral,TARGET=3,0.003823604384399694,0.7142857142857143,15
CS_12_UR_XP; Regula=neutral->surprise,TARGET=3,0.0012745347947998981,0.7142857142857143,5
CS_8_UL_LU,TARGET=3,0.17741524343614581,0.7080366225839267,696
CS_1_DL_FR; CS_9_UL_XP; Regula=happiness->neutral,TARGET=3,0.0030588835075197555,0.7058823529411765,12
CS_9_UL_XP; Regula=sadness->neutral,TARGET=3,0.04358908998215651,0.7037037037037037,171
CS_1_DL_FR; CS_2_DL_LU; Regula=surprise->neutral,TARGET=3,0.0017843487127198571,0.7,7
CS_1_DL_FR; CS_7_UL_FR; Regula=neutral->surprise,TARGET=3,0.0017843487127198571,0.7,7
CS_2_DL_LU; CS_4_DR_FR,TARGET=3,0.005862860056079531,0.696969696969697,23
CS_1_DL_FR; CS_3_DL_XP; Regula=surprise->neutral,TARGET=3,0.0050981391791995925,0.6896551724137931,20
CS_8_UL_LU; Regula=happiness->neutral,TARGET=3,0.011470813153199082,0.6818181818181818,45
CS_1_DL_FR; CS_2_DL_LU,TARGET=3,0.007902115727759368,0.6739130434782609,31
CS_3_DL_XP,TARGET=3,0.11725720112159062,0.6734992679355783,460
CS_1_DL_FR; CS_4_DR_FR,TARGET=3,0.033647718582717305,0.6700507614213198,132
CS_1_DL_FR; Regula=anger->neutral,TARGET=3,0.010196278358399185,0.6666666666666666,40
CS_12_UR_XP; CS_8_UL_LU; Regula=anger->neutral,TARGET=3,0.0030588835075197555,0.6666666666666666,12
CS_1_DL_FR; CS_3_DL_XP; Regula=neutral->anger,TARGET=3,0.002039255671679837,0.6666666666666666,8
CS_6_DR_XP; Regula=anger->neutral,TARGET=3,0.0015294417537598777,0.6666666666666666,6
CS_10_UR_FR; Regula=neutral->disgust,TARGET=1,0.0010196278358399185,0.6666666666666666,4
CS_2_DL_LU; CS_4_DR_FR; Regula=neutral->surprise,TARGET=3,0.0010196278358399185,0.6666666666666666,4
CS_2_DL_LU; CS_4_DR_FR; Regula=sadness->neutral,TARGET=3,0.0010196278358399185,0.6666666666666666,4
CS_4_DR_FR; CS_6_DR_XP; Regula=neutral->surprise,TARGET=3,0.0010196278358399185,0.6666666666666666,4
CS_4_DR_FR; CS_7_UL_FR; Regula=anger->neutral,TARGET=3,0.0010196278358399185,0.6666666666666666,4
CS_6_DR_XP; CS_7_UL_FR; Regula=sadness->neutral,TARGET=3,0.0010196278358399185,0.6666666666666666,4
CS_11_UR_LU,TARGET=3,0.19678817231710427,0.664944013781223,772
CS_9_UL_XP; Regula=neutral->anger,TARGET=3,0.014529696660718837,0.6551724137931034,57
CS_12_UR_XP,TARGET=3,0.22329849604894214,0.6493699036323203,876
Regula=neutral->sadness,TARGET=3,0.11521794544991078,0.6475644699140402,452
CS_10_UR_FR; CS_11_UR_LU; Regula=anger->neutral,TARGET=3,0.0022941626306398166,0.6428571428571429,9
CS_7_UL_FR; Regula=anger->neutral,TARGET=3,0.035941881213357126,0.6409090909090909,141
CS_9_UL_XP; Regula=neutral->surprise,TARGET=2,0.0017843487127198571,0.6363636363636364,7
CS_10_UR_FR; CS_1_DL_FR; Regula=surprise->neutral,TARGET=2,0.0017843487127198571,0.6363636363636364,7
CS_10_UR_FR; CS_7_UL_FR; Regula=surprise->neutral,TARGET=3,0.0017843487127198571,0.6363636363636364,7
CS_1_DL_FR; CS_6_DR_XP; Regula=surprise->neutral,TARGET=3,0.0017843487127198571,0.6363636363636364,7
CS_2_DL_LU; CS_3_DL_XP,TARGET=3,0.00662758093295947,0.6341463414634146,26
CS_7_UL_FR,TARGET=3,0.09686464440479226,0.6301824212271974,380
CS_7_UL_FR; Regula=neutral->anger,TARGET=3,0.03237318378791741,0.6287128712871287,127
CS_4_DR_FR; Regula=neutral->disgust,TARGET=1,0.0012745347947998981,0.625,5
CS_6_DR_XP; Regula=neutral->anger,TARGET=2,0.0012745347947998981,0.625,5
CS_11_UR_LU; CS_6_DR_XP; Regula=surprise->neutral,TARGET=3,0.0012745347947998981,0.625,5
CS_11_UR_LU; CS_8_UL_LU; Regula=disgust->neutral,TARGET=3,0.0012745347947998981,0.625,5
CS_2_DL_LU; CS_3_DL_XP; Regula=happiness->neutral,TARGET=2,0.0012745347947998981,0.625,5
CS_8_UL_LU; Regula=neutral->happiness,TARGET=3,0.010451185317359163,0.6212121212121212,41
CS_12_UR_XP; Regula=neutral->happiness,TARGET=3,0.009431557481519245,0.6166666666666667,37
Regula=sadness->neutral,TARGET=3,0.10655110884527147,0.6147058823529412,418
CS_3_DL_XP; Regula=anger->neutral,TARGET=3,0.02549069589599796,0.6134969325153374,100
CS_4_DR_FR; Regula=happiness->neutral,TARGET=3,0.005607953097119552,0.6111111111111112,22
CS_4_DR_FR; Regula=anger->neutral,TARGET=3,0.002803976548559776,0.6111111111111112,11
Regula=neutral->happiness,TARGET=1,0.04690288044863625,0.609271523178808,184
CS_8_UL_LU; Regula=neutral->anger,TARGET=3,0.0050981391791995925,0.6060606060606061,20
CS_9_UL_XP; Regula=happiness->neutral,TARGET=1,0.030079021157277595,0.6051282051282051,118
CS_4_DR_FR; Regula=neutral->happiness,TARGET=3,0.003823604384399694,0.6,15
CS_11_UR_LU; CS_1_DL_FR; Regula=surprise->neutral,TARGET=2,0.0015294417537598777,0.6,6
Regula=happiness->neutral,TARGET=1,0.04639306653071629,0.5967213114754099,182
CS_9_UL_XP; Regula=neutral->happiness,TARGET=1,0.029314300280397654,0.5927835051546392,115
CS_6_DR_XP; Regula=neutral->surprise,TARGET=3,0.003313790466479735,0.5909090909090909,13
CS_5_DR_LU; Regula=anger->neutral,TARGET=3,0.0017843487127198571,0.5833333333333334,7
CS_4_DR_FR; CS_5_DR_LU; Regula=neutral->surprise,TARGET=3,0.0017843487127198571,0.5833333333333334,7
CS_11_UR_LU; Regula=neutral->anger,TARGET=3,0.007392301809839409,0.58,29
CS_4_DR_FR,TARGET=3,0.07417792505735407,0.5728346456692913,291
CS_1_DL_FR; Regula=disgust->neutral,TARGET=1,0.002039255671679837,0.5714285714285714,8
CS_9_UL_XP; Regula=surprise->neutral,TARGET=2,0.002039255671679837,0.5714285714285714,8
CS_11_UR_LU; CS_4_DR_FR; Regula=neutral->surprise,TARGET=3,0.002039255671679837,0.5714285714285714,8
CS_7_UL_FR; Regula=neutral->disgust,TARGET=1,0.0010196278358399185,0.5714285714285714,4
CS_1_DL_FR; CS_6_DR_XP; Regula=neutral->surprise,TARGET=2,0.0010196278358399185,0.5714285714285714,4
CS_1_DL_FR; CS_7_UL_FR; Regula=sadness->neutral,TARGET=3,0.0010196278358399185,0.5714285714285714,4
CS_8_UL_LU; CS_9_UL_XP; Regula=neutral->disgust,TARGET=3,0.0010196278358399185,0.5714285714285714,4
CS_3_DL_XP; Regula=neutral->anger,TARGET=3,0.022431812388478207,0.567741935483871,88
CS_1_DL_FR; Regula=happiness->neutral,TARGET=3,0.005353046138159572,0.5675675675675675,21
CS_6_DR_XP; Regula=surprise->neutral,TARGET=3,0.0035686974254397143,0.56,14
CS_7_UL_FR; Regula=sadness->neutral,TARGET=3,0.0035686974254397143,0.56,14
CS_1_DL_FR; CS_4_DR_FR; Regula=neutral->surprise,TARGET=2,0.006117767015039511,0.5581395348837209,24
CS_1_DL_FR; CS_3_DL_XP; Regula=neutral->surprise,TARGET=3,0.003823604384399694,0.5555555555555556,15
CS_10_UR_FR; CS_7_UL_FR; Regula=neutral->surprise,TARGET=3,0.0012745347947998981,0.5555555555555556,5
CS_1_DL_FR; CS_5_DR_LU; Regula=neutral->surprise,TARGET=3,0.0012745347947998981,0.5555555555555556,5
CS_2_DL_LU,TARGET=3,0.044608717817996434,0.5520504731861199,175
CS_3_DL_XP; Regula=happiness->neutral,TARGET=3,0.004078511343359674,0.5517241379310345,16
CS_11_UR_LU; Regula=disgust->neutral,TARGET=1,0.002803976548559776,0.55,11
CS_11_UR_LU; CS_8_UL_LU; Regula=neutral->disgust,TARGET=3,0.0015294417537598777,0.5454545454545454,6
CS_1_DL_FR; CS_2_DL_LU; Regula=neutral->surprise,TARGET=2,0.0015294417537598777,0.5454545454545454,6
CS_11_UR_LU; Regula=happiness->neutral,TARGET=3,0.009431557481519245,0.5441176470588235,37
CS_11_UR_LU; Regula=anger->neutral,TARGET=3,0.00637267397399949,0.5434782608695652,25
CS_10_UR_FR,TARGET=3,0.10604129492735152,0.5430809399477807,416
CS_3_DL_XP; Regula=neutral->surprise,TARGET=2,0.005607953097119552,0.5365853658536586,22
CS_1_DL_FR,TARGET=3,0.10400203925567168,0.5347313237221494,408
CS_5_DR_LU; Regula=neutral->disgust,TARGET=1,0.0022941626306398166,0.5294117647058824,9
CS_9_UL_XP,TARGET=3,0.15166964058118787,0.5274822695035462,595
CS_2_DL_LU; Regula=neutral->surprise,TARGET=2,0.0025490695895997962,0.5263157894736842,10
CS_11_UR_LU; CS_1_DL_FR; Regula=neutral->surprise,TARGET=3,0.0025490695895997962,0.5263157894736842,10
CS_3_DL_XP; Regula=surprise->neutral,TARGET=3,0.005607953097119552,0.5238095238095238,22
CS_10_UR_FR; Regula=anger->neutral,TARGET=3,0.036961509049197046,0.5197132616487455,145
CS_4_DR_FR; Regula=neutral->surprise,TARGET=2,0.011470813153199082,0.5172413793103449,45
CS_7_UL_FR; Regula=surprise->neutral,TARGET=3,0.004588325261279633,0.5142857142857142,18
CS_8_UL_LU; Regula=anger->neutral,TARGET=3,0.0050981391791995925,0.5128205128205128,20
CS_10_UR_FR; Regula=neutral->anger,TARGET=3,0.036196788172317106,0.5126353790613718,142
CS_11_UR_LU; Regula=surprise->neutral,TARGET=3,0.005607953097119552,0.5116279069767442,22
CS_1_DL_FR; CS_4_DR_FR; Regula=surprise->neutral,TARGET=2,0.006882487891919449,0.5,27
CS_1_DL_FR; CS_4_DR_FR; Regula=surprise->neutral,TARGET=3,0.006882487891919449,0.5,27
CS_1_DL_FR; CS_9_UL_XP; Regula=neutral->happiness,TARGET=2,0.0017843487127198571,0.5,7
CS_1_DL_FR; CS_9_UL_XP; Regula=neutral->happiness,TARGET=3,0.0017843487127198571,0.5,7
CS_12_UR_XP; Regula=disgust->neutral,TARGET=2,0.0015294417537598777,0.5,6
CS_5_DR_LU; Regula=neutral->anger,TARGET=3,0.0012745347947998981,0.5,5
CS_8_UL_LU; CS_9_UL_XP; Regula=disgust->neutral,TARGET=2,0.0010196278358399185,0.5,4
CS_8_UL_LU; CS_9_UL_XP; Regula=disgust->neutral,TARGET=3,0.0010196278358399185,0.5,4
CS_11_UR_LU; Regula=neutral->surprise,TARGET=3,0.006117767015039511,0.4897959183673469,24
CS_1_DL_FR; Regula=neutral->surprise,TARGET=2,0.017333673209278613,0.4857142857142857,68
CS_12_UR_XP; Regula=neutral->anger,TARGET=3,0.03798113688503696,0.4806451612903226,149
CS_11_UR_LU; Regula=neutral->disgust,TARGET=1,0.0025490695895997962,0.47619047619047616,10
CS_11_UR_LU; CS_1_DL_FR; Regula=neutral->surprise,TARGET=2,0.0022941626306398166,0.47368421052631576,9
CS_12_UR_XP; Regula=anger->neutral,TARGET=3,0.0387458577619169,0.4720496894409938,152
CS_2_DL_LU; Regula=surprise->neutral,TARGET=3,0.002039255671679837,0.47058823529411764,8
CS_5_DR_LU; Regula=disgust->neutral,TARGET=2,0.002039255671679837,0.47058823529411764,8
CS_8_UL_LU; Regula=neutral->disgust,TARGET=1,0.005353046138159572,0.4666666666666667,21
CS_1_DL_FR; Regula=surprise->neutral,TARGET=2,0.015804231455518736,0.4626865671641791,62
CS_11_UR_LU; Regula=neutral->happiness,TARGET=3,0.007902115727759368,0.4626865671641791,31
CS_9_UL_XP; Regula=disgust->neutral,TARGET=1,0.0025490695895997962,0.45454545454545453,10
CS_11_UR_LU; CS_8_UL_LU; Regula=neutral->disgust,TARGET=2,0.0012745347947998981,0.45454545454545453,5
CS_1_DL_FR; CS_2_DL_LU; Regula=neutral->surprise,TARGET=3,0.0012745347947998981,0.45454545454545453,5
CS_3_DL_XP; Regula=surprise->neutral,TARGET=2,0.004843232220239612,0.4523809523809524,19
CS_8_UL_LU; Regula=disgust->neutral,TARGET=1,0.004843232220239612,0.4523809523809524,19
CS_5_DR_LU; Regula=neutral->surprise,TARGET=2,0.003313790466479735,0.4482758620689655,13
CS_4_DR_FR; Regula=surprise->neutral,TARGET=2,0.010451185317359163,0.44565217391304346,41
CS_1_DL_FR; CS_3_DL_XP; Regula=neutral->surprise,TARGET=2,0.0030588835075197555,0.4444444444444444,12
CS_10_UR_FR; CS_7_UL_FR; Regula=neutral->surprise,TARGET=2,0.0010196278358399185,0.4444444444444444,4
CS_1_DL_FR; CS_5_DR_LU; Regula=neutral->surprise,TARGET=2,0.0010196278358399185,0.4444444444444444,4
CS_1_DL_FR; CS_4_DR_FR; Regula=neutral->surprise,TARGET=3,0.004843232220239612,0.4418604651162791,19
CS_10_UR_FR; Regula=neutral->surprise,TARGET=2,0.004078511343359674,0.43243243243243246,16
Regula=neutral->surprise,TARGET=2,0.028549579403517714,0.42911877394636017,112
CS_1_DL_FR; Regula=neutral->happiness,TARGET=3,0.003823604384399694,0.42857142857142855,15
CS_2_DL_LU; Regula=happiness->neutral,TARGET=2,0.0030588835075197555,0.42857142857142855,12
CS_1_DL_FR; Regula=disgust->neutral,TARGET=2,0.0015294417537598777,0.42857142857142855,6
CS_9_UL_XP; Regula=surprise->neutral,TARGET=3,0.0015294417537598777,0.42857142857142855,6
CS_11_UR_LU; CS_4_DR_FR; Regula=neutral->surprise,TARGET=2,0.0015294417537598777,0.42857142857142855,6
CS_2_DL_LU; Regula=neutral->surprise,TARGET=3,0.002039255671679837,0.42105263157894735,8
CS_10_UR_FR; Regula=surprise->neutral,TARGET=2,0.004588325261279633,0.4186046511627907,18
CS_9_UL_XP; Regula=neutral->disgust,TARGET=1,0.0025490695895997962,0.4166666666666667,10
CS_12_UR_XP; Regula=disgust->neutral,TARGET=1,0.0012745347947998981,0.4166666666666667,5
CS_1_DL_FR; Regula=neutral->disgust,TARGET=1,0.0012745347947998981,0.4166666666666667,5
CS_1_DL_FR; Regula=neutral->disgust,TARGET=2,0.0012745347947998981,0.4166666666666667,5
CS_4_DR_FR; CS_5_DR_LU; Regula=neutral->surprise,TARGET=2,0.0012745347947998981,0.4166666666666667,5
CS_7_UL_FR; Regula=neutral->surprise,TARGET=3,0.0030588835075197555,0.41379310344827586,12
CS_4_DR_FR; Regula=surprise->neutral,TARGET=3,0.009686464440479225,0.41304347826086957,38
CS_5_DR_LU; Regula=disgust->neutral,TARGET=1,0.0017843487127198571,0.4117647058823529,7
CS_2_DL_LU; Regula=neutral->happiness,TARGET=3,0.0022941626306398166,0.4090909090909091,9
CS_11_UR_LU; Regula=neutral->surprise,TARGET=2,0.0050981391791995925,0.40816326530612246,20
CS_5_DR_LU; Regula=surprise->neutral,TARGET=1,0.003313790466479735,0.40625,13
CS_5_DR_LU; Regula=surprise->neutral,TARGET=3,0.003313790466479735,0.40625,13
CS_6_DR_XP; Regula=surprise->neutral,TARGET=2,0.0025490695895997962,0.4,10
CS_11_UR_LU; CS_1_DL_FR; Regula=surprise->neutral,TARGET=3,0.0010196278358399185,0.4,4
Regula=surprise->neutral,TARGET=2,0.02549069589599796,0.3937007874015748,100
CS_2_DL_LU; Regula=happiness->neutral,TARGET=3,0.002803976548559776,0.39285714285714285,11
CS_3_DL_XP; Regula=neutral->surprise,TARGET=3,0.004078511343359674,0.3902439024390244,16
CS_12_UR_XP; Regula=neutral->disgust,TARGET=1,0.0012745347947998981,0.38461538461538464,5
CS_12_UR_XP; Regula=neutral->disgust,TARGET=2,0.0012745347947998981,0.38461538461538464,5
CS_8_UL_LU; Regula=disgust->neutral,TARGET=2,0.004078511343359674,0.38095238095238093,16
Regula=neutral->surprise,TARGET=1,0.024980881978078,0.37547892720306514,98
CS_9_UL_XP; Regula=neutral->disgust,TARGET=2,0.0022941626306398166,0.375,9
CS_1_DL_FR; Regula=neutral->happiness,TARGET=2,0.003313790466479735,0.37142857142857144,13
Regula=anger->neutral,TARGET=3,0.054295182258475655,0.3685121107266436,213
CS_2_DL_LU; CS_3_DL_XP,TARGET=2,0.003823604384399694,0.36585365853658536,15
CS_9_UL_XP; Regula=disgust->neutral,TARGET=2,0.002039255671679837,0.36363636363636365,8
CS_9_UL_XP; Regula=neutral->surprise,TARGET=3,0.0010196278358399185,0.36363636363636365,4
CS_10_UR_FR; CS_1_DL_FR; Regula=surprise->neutral,TARGET=3,0.0010196278358399185,0.36363636363636365,4
CS_10_UR_FR; CS_7_UL_FR; Regula=surprise->neutral,TARGET=2,0.0010196278358399185,0.36363636363636365,4
CS_1_DL_FR; CS_6_DR_XP; Regula=surprise->neutral,TARGET=2,0.0010196278358399185,0.36363636363636365,4
Regula=neutral->anger,TARGET=3,0.05200101962783584,0.36298932384341637,204
CS_7_UL_FR; Regula=sadness->neutral,TARGET=2,0.0022941626306398166,0.36,9
CS_10_UR_FR; CS_11_UR_LU; Regula=anger->neutral,TARGET=2,0.0012745347947998981,0.35714285714285715,5
CS_8_UL_LU; Regula=neutral->disgust,TARGET=2,0.004078511343359674,0.35555555555555557,16
CS_2_DL_LU; Regula=surprise->neutral,TARGET=2,0.0015294417537598777,0.35294117647058826,6
CS_7_UL_FR; Regula=neutral->surprise,TARGET=2,0.0025490695895997962,0.3448275862068966,10
CS_11_UR_LU; Regula=neutral->happiness,TARGET=1,0.005862860056079531,0.34328358208955223,23
Regula=surprise->neutral,TARGET=1,0.022176905429518227,0.3425196850393701,87
CS_1_DL_FR; Regula=anger->neutral,TARGET=2,0.0050981391791995925,0.3333333333333333,20
CS_4_DR_FR; Regula=anger->neutral,TARGET=2,0.0015294417537598777,0.3333333333333333,6
CS_12_UR_XP; CS_8_UL_LU; Regula=anger->neutral,TARGET=2,0.0015294417537598777,0.3333333333333333,6
CS_1_DL_FR; CS_3_DL_XP; Regula=neutral->anger,TARGET=2,0.0010196278358399185,0.3333333333333333,4
CS_1_DL_FR; CS_4_DR_FR,TARGET=2,0.016568952332398676,0.3299492385786802,65
CS_10_UR_FR; Regula=anger->neutral,TARGET=2,0.023451440224318124,0.32974910394265233,92
CS_1_DL_FR; CS_2_DL_LU,TARGET=2,0.003823604384399694,0.32608695652173914,15
CS_10_UR_FR; Regula=surprise->neutral,TARGET=3,0.0035686974254397143,0.32558139534883723,14
CS_11_UR_LU; Regula=surprise->neutral,TARGET=2,0.0035686974254397143,0.32558139534883723,14
CS_10_UR_FR; Regula=neutral->surprise,TARGET=1,0.0030588835075197555,0.32432432432432434,12
Regula=neutral->anger,TARGET=1,0.04639306653071629,0.3238434163701068,182
Regula=anger->neutral,TARGET=1,0.04715778740759623,0.32006920415224915,185
CS_2_DL_LU; Regula=neutral->happiness,TARGET=2,0.0017843487127198571,0.3181818181818182,7
CS_6_DR_XP; Regula=neutral->surprise,TARGET=2,0.0017843487127198571,0.3181818181818182,7
CS_7_UL_FR; Regula=surprise->neutral,TARGET=2,0.002803976548559776,0.3142857142857143,11
CS_10_UR_FR; Regula=neutral->anger,TARGET=2,0.022176905429518227,0.3140794223826715,87
Regula=neutral->anger,TARGET=2,0.044863624776956414,0.31316725978647686,176
CS_1_DL_FR,TARGET=2,0.06066785623247515,0.3119266055045872,238
Regula=anger->neutral,TARGET=2,0.04588325261279633,0.31141868512110726,180
CS_1_DL_FR; CS_3_DL_XP; Regula=surprise->neutral,TARGET=2,0.0022941626306398166,0.3103448275862069,9
CS_11_UR_LU; Regula=happiness->neutral,TARGET=1,0.005353046138159572,0.3088235294117647,21
CS_8_UL_LU; Regula=anger->neutral,TARGET=2,0.0030588835075197555,0.3076923076923077,12
CS_12_UR_XP; Regula=neutral->anger,TARGET=2,0.023961254142238084,0.3032258064516129,94
CS_2_DL_LU; CS_4_DR_FR,TARGET=2,0.0025490695895997962,0.30303030303030304,10
CS_1_DL_FR; Regula=neutral->surprise,TARGET=1,0.010706092276319143,0.3,42
CS_9_UL_XP,TARGET=1,0.0861585521284731,0.299645390070922,338
CS_4_DR_FR; Regula=neutral->surprise,TARGET=3,0.00662758093295947,0.2988505747126437,26
CS_1_DL_FR; Regula=surprise->neutral,TARGET=3,0.010196278358399185,0.29850746268656714,40
CS_3_DL_XP; Regula=neutral->anger,TARGET=2,0.011725720112159062,0.2967741935483871,46
CS_10_UR_FR,TARGET=2,0.05760897272495539,0.2950391644908616,226
CS_5_DR_LU; Regula=neutral->disgust,TARGET=2,0.0012745347947998981,0.29411764705882354,5
CS_1_DL_FR; CS_9_UL_XP; Regula=happiness->neutral,TARGET=2,0.0012745347947998981,0.29411764705882354,5
CS_7_UL_FR; Regula=neutral->anger,TARGET=2,0.015039510578638797,0.29207920792079206,59
CS_12_UR_XP; Regula=anger->neutral,TARGET=2,0.023961254142238084,0.2919254658385093,94
CS_9_UL_XP; Regula=happiness->neutral,TARGET=3,0.014274789701758857,0.28717948717948716,56
CS_7_UL_FR; Regula=anger->neutral,TARGET=2,0.016059138414478716,0.2863636363636364,63
CS_11_UR_LU; Regula=neutral->disgust,TARGET=3,0.0015294417537598777,0.2857142857142857,6
CS_10_UR_FR; CS_1_DL_FR; Regula=anger->neutral,TARGET=2,0.0015294417537598777,0.2857142857142857,6
CS_3_DL_XP; CS_4_DR_FR; Regula=surprise->neutral,TARGET=2,0.0015294417537598777,0.2857142857142857,6
CS_4_DR_FR,TARGET=2,0.036961509049197046,0.2854330708661417,145
CS_12_UR_XP; CS_1_DL_FR; Regula=anger->neutral,TARGET=2,0.0022941626306398166,0.28125,9
CS_4_DR_FR; Regula=neutral->happiness,TARGET=1,0.0017843487127198571,0.28,7
CS_3_DL_XP; Regula=happiness->neutral,TARGET=2,0.002039255671679837,0.27586206896551724,8
CS_5_DR_LU; Regula=neutral->surprise,TARGET=1,0.002039255671679837,0.27586206896551724,8
CS_5_DR_LU; Regula=neutral->surprise,TARGET=3,0.002039255671679837,0.27586206896551724,8
CS_2_DL_LU; Regula=disgust->neutral,TARGET=2,0.0022941626306398166,0.2727272727272727,9
CS_2_DL_LU; Regula=neutral->happiness,TARGET=1,0.0015294417537598777,0.2727272727272727,6
CS_10_UR_FR; CS_1_DL_FR,TARGET=2,0.005607953097119552,0.2716049382716049,22
CS_7_UL_FR,TARGET=2,0.04154983431047667,0.2703150912106136,163
CS_1_DL_FR; Regula=happiness->neutral,TARGET=2,0.0025490695895997962,0.2702702702702703,10
CS_12_UR_XP; CS_9_UL_XP; Regula=neutral->anger,TARGET=2,0.002803976548559776,0.2682926829268293,11
CS_12_UR_XP; Regula=neutral->happiness,TARGET=2,0.004078511343359674,0.26666666666666666,16
CS_3_DL_XP; CS_4_DR_FR; Regula=neutral->surprise,TARGET=2,0.0010196278358399185,0.26666666666666666,4
Regula=surprise->neutral,TARGET=3,0.017078766250318633,0.2637795275590551,67
CS_10_UR_FR; CS_11_UR_LU; Regula=neutral->anger,TARGET=2,0.0012745347947998981,0.2631578947368421,5
CS_12_UR_XP; CS_3_DL_XP; Regula=neutral->anger,TARGET=2,0.004588325261279633,0.2608695652173913,18
CS_10_UR_FR; CS_7_UL_FR; Regula=neutral->anger,TARGET=2,0.008411929645679326,0.2578125,33
CS_10_UR_FR; Regula=surprise->neutral,TARGET=1,0.002803976548559776,0.2558139534883721,11
CS_9_UL_XP; Regula=neutral->anger,TARGET=2,0.005607953097119552,0.25287356321839083,22
CS_10_UR_FR; CS_12_UR_XP; Regula=neutral->anger,TARGET=2,0.008157022686719348,0.25196850393700787,32
CS_3_DL_XP; Regula=anger->neutral,TARGET=2,0.010451185317359163,0.25153374233128833,41
CS_11_UR_LU; Regula=disgust->neutral,TARGET=3,0.0012745347947998981,0.25,5
CS_1_DL_FR; CS_7_UL_FR; Regula=surprise->neutral,TARGET=2,0.0010196278358399185,0.25,4
CS_3_DL_XP,TARGET=2,0.04282436910527657,0.24597364568081992,168
Regula=happiness->neutral,TARGET=3,0.01911802192199847,0.2459016393442623,75
CS_12_UR_XP; CS_3_DL_XP; Regula=anger->neutral,TARGET=2,0.004588325261279633,0.24324324324324326,18
CS_10_UR_FR; Regula=neutral->surprise,TARGET=3,0.0022941626306398166,0.24324324324324326,9
CS_1_DL_FR; CS_4_DR_FR; Regula=sadness->neutral,TARGET=2,0.002039255671679837,0.24242424242424243,8
CS_1_DL_FR; Regula=neutral->anger,TARGET=2,0.0035686974254397143,0.2413793103448276,14
CS_7_UL_FR; Regula=neutral->surprise,TARGET=1,0.0017843487127198571,0.2413793103448276,7
Regula=sadness->neutral,TARGET=2,0.04180474126943665,0.2411764705882353,164
CS_10_UR_FR; CS_7_UL_FR; Regula=anger->neutral,TARGET=2,0.008666836604639306,0.23943661971830985,34
CS_11_UR_LU; Regula=anger->neutral,TARGET=1,0.002803976548559776,0.2391304347826087,11
CS_1_DL_FR; Regula=surprise->neutral,TARGET=1,0.008157022686719348,0.23880597014925373,32
CS_12_UR_XP; CS_9_UL_XP; Regula=neutral->happiness,TARGET=2,0.0025490695895997962,0.23809523809523808,10
CS_11_UR_LU; Regula=neutral->disgust,TARGET=2,0.0012745347947998981,0.23809523809523808,5
CS_12_UR_XP; Regula=anger->neutral,TARGET=1,0.01937292888095845,0.2360248447204969,76
CS_10_UR_FR; CS_12_UR_XP; Regula=anger->neutral,TARGET=2,0.007902115727759368,0.23484848484848486,31
CS_11_UR_LU; CS_9_UL_XP; Regula=neutral->happiness,TARGET=2,0.0017843487127198571,0.23333333333333334,7
CS_10_UR_FR; CS_7_UL_FR,TARGET=2,0.01937292888095845,0.2331288343558282,76
CS_2_DL_LU,TARGET=1,0.018608208004078513,0.2302839116719243,73
CS_9_UL_XP; Regula=neutral->happiness,TARGET=3,0.011215906194239103,0.2268041237113402,44
CS_12_UR_XP; CS_9_UL_XP; Regula=anger->neutral,TARGET=2,0.0022941626306398166,0.225,9
Regula=disgust->neutral,TARGET=2,0.007902115727759368,0.2246376811594203,31
CS_4_DR_FR; Regula=happiness->neutral,TARGET=2,0.002039255671679837,0.2222222222222222,8
CS_11_UR_LU; Regula=neutral->anger,TARGET=2,0.002803976548559776,0.22,11
CS_2_DL_LU; Regula=neutral->disgust,TARGET=2,0.0022941626306398166,0.21951219512195122,9
CS_5_DR_LU; CS_7_UL_FR,TARGET=2,0.0017843487127198571,0.21875,7
CS_2_DL_LU,TARGET=2,0.017588580168238593,0.21766561514195584,69
CS_11_UR_LU; Regula=anger->neutral,TARGET=2,0.0025490695895997962,0.21739130434782608,10
CS_8_UL_LU; Regula=surprise->neutral,TARGET=2,0.0012745347947998981,0.21739130434782608,5
CS_12_UR_XP; Regula=neutral->anger,TARGET=1,0.017078766250318633,0.2161290322580645,67
Regula=neutral->happiness,TARGET=3,0.016568952332398676,0.2152317880794702,65
CS_1_DL_FR; Regula=neutral->surprise,TARGET=3,0.007647208768799388,0.21428571428571427,30
CS_8_UL_LU; Regula=neutral->happiness,TARGET=2,0.0035686974254397143,0.21212121212121213,14
CS_8_UL_LU; Regula=neutral->anger,TARGET=1,0.0017843487127198571,0.21212121212121213,7
Regula=neutral->sadness,TARGET=2,0.03772622992607698,0.21203438395415472,148
CS_12_UR_XP,TARGET=2,0.07290339026255417,0.21200889547813195,286
CS_10_UR_FR; CS_4_DR_FR,TARGET=2,0.002039255671679837,0.21052631578947367,8
CS_11_UR_LU,TARGET=2,0.06168748406831506,0.20844099913867356,242
CS_9_UL_XP; Regula=neutral->disgust,TARGET=3,0.0012745347947998981,0.20833333333333334,5
CS_1_DL_FR; Regula=sadness->neutral,TARGET=2,0.007392301809839409,0.20714285714285716,29
Regula=neutral->disgust,TARGET=2,0.007647208768799388,0.20689655172413793,30
CS_10_UR_FR; CS_12_UR_XP,TARGET=2,0.016568952332398676,0.20123839009287925,65
CS_11_UR_LU; Regula=sadness->neutral,TARGET=2,0.02013764975783839,0.2010178117048346,79
CS_11_UR_LU; Regula=neutral->anger,TARGET=1,0.0025490695895997962,0.2,10
CS_1_DL_FR; Regula=neutral->happiness,TARGET=1,0.0017843487127198571,0.2,7
CS_11_UR_LU; Regula=disgust->neutral,TARGET=2,0.0010196278358399185,0.2,4
CS_8_UL_LU,TARGET=2,0.04945195003823604,0.19735503560528994,194
Regula=neutral->surprise,TARGET=3,0.01300025490695896,0.19540229885057472,51
CS_8_UL_LU; CS_9_UL_XP; Regula=neutral->happiness,TARGET=2,0.002039255671679837,0.1951219512195122,8
CS_4_DR_FR; Regula=sadness->neutral,TARGET=2,0.0050981391791995925,0.1941747572815534,20
CS_11_UR_LU; Regula=neutral->happiness,TARGET=2,0.003313790466479735,0.19402985074626866,13
CS_9_UL_XP; Regula=anger->neutral,TARGET=2,0.003823604384399694,0.19230769230769232,15
CS_11_UR_LU; Regula=neutral->sadness,TARGET=2,0.01937292888095845,0.18811881188118812,76
CS_5_DR_LU; Regula=surprise->neutral,TARGET=2,0.0015294417537598777,0.1875,6
CS_6_DR_XP,TARGET=2,0.017333673209278613,0.18528610354223432,68
CS_4_DR_FR; Regula=neutral->surprise,TARGET=1,0.004078511343359674,0.1839080459770115,16
CS_1_DL_FR; CS_3_DL_XP,TARGET=2,0.007647208768799388,0.18181818181818182,30
CS_8_UL_LU; Regula=happiness->neutral,TARGET=2,0.0030588835075197555,0.18181818181818182,12
CS_8_UL_LU; Regula=neutral->anger,TARGET=2,0.0015294417537598777,0.18181818181818182,6
CS_10_UR_FR; Regula=sadness->neutral,TARGET=2,0.0010196278358399185,0.18181818181818182,4
CS_9_UL_XP; Regula=disgust->neutral,TARGET=3,0.0010196278358399185,0.18181818181818182,4
CS_6_DR_XP; Regula=sadness->neutral,TARGET=2,0.00637267397399949,0.18115942028985507,25
CS_9_UL_XP; Regula=neutral->happiness,TARGET=2,0.008921743563599286,0.18041237113402062,35
CS_8_UL_LU; Regula=anger->neutral,TARGET=1,0.0017843487127198571,0.1794871794871795,7
CS_2_DL_LU; Regula=happiness->neutral,TARGET=1,0.0012745347947998981,0.17857142857142858,5
CS_8_UL_LU; Regula=neutral->disgust,TARGET=3,0.002039255671679837,0.17777777777777778,8
CS_8_UL_LU; Regula=sadness->neutral,TARGET=2,0.014019882742798879,0.1774193548387097,55
CS_12_UR_XP; CS_1_DL_FR; Regula=neutral->anger,TARGET=2,0.0015294417537598777,0.17647058823529413,6
Regula=neutral->happiness,TARGET=2,0.013510068824878919,0.17549668874172186,53
CS_2_DL_LU; CS_9_UL_XP,TARGET=2,0.003313790466479735,0.17333333333333334,13
CS_10_UR_FR; Regula=neutral->anger,TARGET=1,0.012235534030079022,0.17328519855595667,48
CS_9_UL_XP,TARGET=2,0.04970685699719602,0.17287234042553193,195
CS_3_DL_XP; Regula=happiness->neutral,TARGET=1,0.0012745347947998981,0.1724137931034483,5
CS_1_DL_FR; CS_9_UL_XP,TARGET=2,0.005607953097119552,0.171875,22
CS_7_UL_FR; Regula=surprise->neutral,TARGET=1,0.0015294417537598777,0.17142857142857143,6
CS_8_UL_LU; Regula=neutral->happiness,TARGET=1,0.002803976548559776,0.16666666666666666,11
CS_8_UL_LU; Regula=disgust->neutral,TARGET=3,0.0017843487127198571,0.16666666666666666,7
CS_4_DR_FR; Regula=happiness->neutral,TARGET=1,0.0015294417537598777,0.16666666666666666,6
CS_5_DR_LU,TARGET=2,0.022941626306398163,0.16363636363636364,90
CS_11_UR_LU; Regula=surprise->neutral,TARGET=1,0.0017843487127198571,0.16279069767441862,7
CS_8_UL_LU; Regula=neutral->sadness,TARGET=2,0.013764975783838899,0.16265060240963855,54
CS_1_DL_FR; Regula=happiness->neutral,TARGET=1,0.0015294417537598777,0.16216216216216217,6
CS_10_UR_FR,TARGET=1,0.03160846291103747,0.1618798955613577,124
Regula=happiness->neutral,TARGET=2,0.012235534030079022,0.15737704918032788,48
CS_9_UL_XP; Regula=sadness->neutral,TARGET=1,0.009686464440479225,0.15637860082304528,38
CS_12_UR_XP; CS_7_UL_FR; Regula=neutral->anger,TARGET=2,0.004078511343359674,0.15384615384615385,16
CS_3_DL_XP; CS_4_DR_FR,TARGET=2,0.0030588835075197555,0.15384615384615385,12
CS_1_DL_FR,TARGET=1,0.029824114198317615,0.15334207077326342,117
CS_11_UR_LU; CS_8_UL_LU; Regula=sadness->neutral,TARGET=2,0.010451185317359163,0.1524163568773234,41
CS_10_UR_FR; Regula=anger->neutral,TARGET=1,0.010706092276319143,0.15053763440860216,42
CS_8_UL_LU; Regula=neutral->surprise,TARGET=2,0.0010196278358399185,0.14814814814814814,4
CS_11_UR_LU; Regula=happiness->neutral,TARGET=2,0.0025490695895997962,0.14705882352941177,10
CS_10_UR_FR; Regula=happiness->neutral,TARGET=2,0.0012745347947998981,0.14705882352941177,5
CS_11_UR_LU; CS_8_UL_LU,TARGET=2,0.02523578893703798,0.14666666666666667,99
Regula=sadness->neutral,TARGET=1,0.024980881978078,0.14411764705882352,98
CS_4_DR_FR; Regula=neutral->sadness,TARGET=2,0.004078511343359674,0.14285714285714285,16
CS_11_UR_LU; CS_8_UL_LU; Regula=happiness->neutral,TARGET=2,0.0012745347947998981,0.14285714285714285,5
CS_2_DL_LU; CS_9_UL_XP; Regula=neutral->sadness,TARGET=2,0.0010196278358399185,0.14285714285714285,4
CS_12_UR_XP; CS_1_DL_FR,TARGET=2,0.006882487891919449,0.14210526315789473,27
CS_4_DR_FR,TARGET=1,0.018353301045118533,0.14173228346456693,72
CS_4_DR_FR; Regula=surprise->neutral,TARGET=1,0.003313790466479735,0.14130434782608695,13
Regula=neutral->sadness,TARGET=1,0.024980881978078,0.14040114613180515,98
CS_9_UL_XP; Regula=sadness->neutral,TARGET=2,0.008666836604639306,0.13991769547325103,34
CS_12_UR_XP; CS_3_DL_XP,TARGET=2,0.010196278358399185,0.13937282229965156,40
CS_12_UR_XP; CS_7_UL_FR; Regula=anger->neutral,TARGET=2,0.004078511343359674,0.1391304347826087,16
CS_1_DL_FR; CS_9_UL_XP; Regula=sadness->neutral,TARGET=2,0.0012745347947998981,0.1388888888888889,5
CS_12_UR_XP,TARGET=1,0.04766760132551619,0.13862120088954782,187
CS_9_UL_XP; Regula=neutral->sadness,TARGET=2,0.009176650522559266,0.13846153846153847,36
CS_12_UR_XP; Regula=happiness->neutral,TARGET=1,0.0022941626306398166,0.13636363636363635,9
CS_8_UL_LU; Regula=happiness->neutral,TARGET=1,0.0022941626306398166,0.13636363636363635,9
CS_3_DL_XP; Regula=neutral->anger,TARGET=1,0.005353046138159572,0.13548387096774195,21
CS_1_DL_FR; CS_4_DR_FR; Regula=neutral->sadness,TARGET=2,0.0012745347947998981,0.13513513513513514,5
CS_3_DL_XP; Regula=anger->neutral,TARGET=1,0.005607953097119552,0.13496932515337423,22
CS_10_UR_FR; CS_3_DL_XP,TARGET=2,0.005353046138159572,0.1337579617834395,21
CS_12_UR_XP; CS_7_UL_FR,TARGET=2,0.008411929645679326,0.132,33
CS_1_DL_FR; CS_7_UL_FR,TARGET=2,0.002803976548559776,0.13095238095238096,11
CS_10_UR_FR; CS_3_DL_XP; Regula=anger->neutral,TARGET=2,0.0025490695895997962,0.1282051282051282,10
CS_8_UL_LU; CS_9_UL_XP; Regula=happiness->neutral,TARGET=2,0.0015294417537598777,0.1276595744680851,6
CS_11_UR_LU,TARGET=1,0.037471322967117,0.12661498708010335,147
CS_12_UR_XP; CS_9_UL_XP,TARGET=2,0.011215906194239103,0.12535612535612536,44
CS_10_UR_FR; CS_9_UL_XP; Regula=anger->neutral,TARGET=2,0.0010196278358399185,0.125,4
CS_10_UR_FR; CS_3_DL_XP; Regula=neutral->anger,TARGET=2,0.0022941626306398166,0.1232876712328767,9
CS_9_UL_XP; Regula=neutral->sadness,TARGET=1,0.008157022686719348,0.12307692307692308,32
CS_11_UR_LU; CS_8_UL_LU; Regula=neutral->sadness,TARGET=2,0.008411929645679326,0.12267657992565056,33
CS_5_DR_LU; Regula=sadness->neutral,TARGET=2,0.00662758093295947,0.12206572769953052,26
CS_6_DR_XP; Regula=neutral->sadness,TARGET=2,0.004588325261279633,0.12162162162162163,18
CS_12_UR_XP; Regula=happiness->neutral,TARGET=2,0.002039255671679837,0.12121212121212122,8
CS_3_DL_XP; Regula=neutral->sadness,TARGET=2,0.0035686974254397143,0.1206896551724138,14
CS_3_DL_XP; Regula=sadness->neutral,TARGET=2,0.0035686974254397143,0.11965811965811966,14
CS_5_DR_LU; Regula=neutral->sadness,TARGET=2,0.00662758093295947,0.11818181818181818,26
CS_10_UR_FR; CS_11_UR_LU,TARGET=2,0.0025490695895997962,0.11764705882352941,10
CS_11_UR_LU; CS_3_DL_XP; Regula=neutral->sadness,TARGET=2,0.002039255671679837,0.11764705882352941,8
CS_12_UR_XP; Regula=neutral->happiness,TARGET=1,0.0017843487127198571,0.11666666666666667,7
CS_11_UR_LU; CS_1_DL_FR,TARGET=2,0.0050981391791995925,0.11627906976744186,20
CS_10_UR_FR; CS_9_UL_XP; Regula=neutral->anger,TARGET=2,0.0012745347947998981,0.11627906976744186,5
CS_12_UR_XP; Regula=neutral->sadness,TARGET=2,0.008411929645679326,0.11578947368421053,33
CS_11_UR_LU; CS_6_DR_XP,TARGET=2,0.0050981391791995925,0.11363636363636363,20
CS_4_DR_FR; CS_9_UL_XP,TARGET=2,0.0022941626306398166,0.10975609756097561,9
CS_7_UL_FR; CS_9_UL_XP,TARGET=2,0.002803976548559776,0.10891089108910891,11
CS_9_UL_XP; Regula=happiness->neutral,TARGET=2,0.005353046138159572,0.1076923076923077,21
CS_1_DL_FR; CS_6_DR_XP,TARGET=2,0.0022941626306398166,0.10714285714285714,9
CS_3_DL_XP; CS_7_UL_FR; Regula=neutral->anger,TARGET=2,0.0017843487127198571,0.10606060606060606,7
CS_10_UR_FR; Regula=neutral->happiness,TARGET=1,0.0010196278358399185,0.10526315789473684,4
CS_10_UR_FR; CS_9_UL_XP,TARGET=2,0.004078511343359674,0.10457516339869281,16
CS_12_UR_XP; Regula=sadness->neutral,TARGET=2,0.007137394850879429,0.1044776119402985,28
CS_11_UR_LU; Regula=neutral->surprise,TARGET=1,0.0012745347947998981,0.10204081632653061,5
CS_4_DR_FR; CS_6_DR_XP,TARGET=2,0.0022941626306398166,0.10112359550561797,9
CS_7_UL_FR,TARGET=1,0.015294417537598776,0.09950248756218906,60
CS_2_DL_LU; Regula=neutral->sadness,TARGET=2,0.002039255671679837,0.0963855421686747,8
CS_8_UL_LU,TARGET=1,0.023706347183278104,0.09460834181078331,93
CS_11_UR_LU; CS_3_DL_XP,TARGET=2,0.0035686974254397143,0.09395973154362416,14
CS_3_DL_XP; CS_5_DR_LU,TARGET=2,0.0025490695895997962,0.09345794392523364,10
CS_8_UL_LU; CS_9_UL_XP,TARGET=2,0.007137394850879429,0.09333333333333334,28
CS_2_DL_LU; CS_8_UL_LU,TARGET=2,0.0017843487127198571,0.09210526315789473,7
CS_9_UL_XP; Regula=neutral->anger,TARGET=1,0.002039255671679837,0.09195402298850575,8
CS_4_DR_FR; CS_5_DR_LU,TARGET=2,0.0025490695895997962,0.09090909090909091,10
CS_3_DL_XP; CS_7_UL_FR; Regula=anger->neutral,TARGET=2,0.0017843487127198571,0.09090909090909091,7
CS_10_UR_FR; CS_5_DR_LU,TARGET=2,0.0010196278358399185,0.09090909090909091,4
CS_7_UL_FR; CS_8_UL_LU,TARGET=2,0.0010196278358399185,0.09090909090909091,4
CS_3_DL_XP; CS_7_UL_FR,TARGET=2,0.003823604384399694,0.09036144578313253,15
CS_9_UL_XP; Regula=anger->neutral,TARGET=1,0.0017843487127198571,0.08974358974358974,7
CS_11_UR_LU; CS_6_DR_XP; Regula=neutral->sadness,TARGET=2,0.0017843487127198571,0.08860759493670886,7
CS_11_UR_LU; CS_9_UL_XP,TARGET=2,0.007137394850879429,0.08668730650154799,28
CS_11_UR_LU; CS_9_UL_XP; Regula=sadness->neutral,TARGET=2,0.0022941626306398166,0.08653846153846154,9
CS_6_DR_XP; CS_9_UL_XP; Regula=sadness->neutral,TARGET=2,0.0012745347947998981,0.0847457627118644,5
CS_11_UR_LU; CS_6_DR_XP; Regula=sadness->neutral,TARGET=2,0.0015294417537598777,0.08450704225352113,6
CS_1_DL_FR; Regula=neutral->sadness,TARGET=2,0.002803976548559776,0.08270676691729323,11
CS_5_DR_LU,TARGET=1,0.011470813153199082,0.08181818181818182,45
CS_12_UR_XP; CS_1_DL_FR; Regula=sadness->neutral,TARGET=2,0.0010196278358399185,0.08163265306122448,4
CS_3_DL_XP,TARGET=1,0.014019882742798879,0.08052708638360176,55
CS_7_UL_FR; Regula=neutral->anger,TARGET=1,0.004078511343359674,0.07920792079207921,16
CS_5_DR_LU; CS_8_UL_LU,TARGET=2,0.003823604384399694,0.07692307692307693,15
CS_1_DL_FR; CS_5_DR_LU,TARGET=2,0.0022941626306398166,0.07563025210084033,9
CS_12_UR_XP; CS_9_UL_XP; Regula=neutral->sadness,TARGET=2,0.0017843487127198571,0.07526881720430108,7
CS_11_UR_LU; CS_3_DL_XP; Regula=sadness->neutral,TARGET=2,0.0012745347947998981,0.07462686567164178,5
CS_7_UL_FR; Regula=anger->neutral,TARGET=1,0.004078511343359674,0.07272727272727272,16
CS_2_DL_LU; Regula=sadness->neutral,TARGET=2,0.0012745347947998981,0.07246376811594203,5
Regula=neutral->disgust,TARGET=3,0.0025490695895997962,0.06896551724137931,10
CS_4_DR_FR; Regula=sadness->neutral,TARGET=1,0.0017843487127198571,0.06796116504854369,7
CS_1_DL_FR; Regula=neutral->sadness,TARGET=1,0.0022941626306398166,0.06766917293233082,9
CS_12_UR_XP; CS_4_DR_FR,TARGET=2,0.0017843487127198571,0.0673076923076923,7
CS_11_UR_LU; Regula=neutral->sadness,TARGET=1,0.006882487891919449,0.06683168316831684,27
CS_6_DR_XP; CS_9_UL_XP,TARGET=2,0.0022941626306398166,0.06666666666666667,9
CS_11_UR_LU; CS_9_UL_XP; Regula=neutral->sadness,TARGET=2,0.002039255671679837,0.06666666666666667,8
CS_6_DR_XP; CS_9_UL_XP; Regula=neutral->sadness,TARGET=2,0.0010196278358399185,0.06557377049180328,4
CS_11_UR_LU; CS_12_UR_XP,TARGET=2,0.007647208768799388,0.06479481641468683,30
CS_11_UR_LU; CS_12_UR_XP; Regula=sadness->neutral,TARGET=2,0.002803976548559776,0.06321839080459771,11
CS_5_DR_LU; CS_9_UL_XP; Regula=sadness->neutral,TARGET=2,0.0010196278358399185,0.0625,4
CS_5_DR_LU; CS_8_UL_LU; Regula=neutral->sadness,TARGET=2,0.0015294417537598777,0.061224489795918366,6
CS_11_UR_LU; CS_4_DR_FR,TARGET=2,0.0017843487127198571,0.06086956521739131,7
CS_11_UR_LU; CS_12_UR_XP; Regula=neutral->sadness,TARGET=2,0.002803976548559776,0.06077348066298342,11
CS_3_DL_XP; CS_9_UL_XP,TARGET=2,0.002039255671679837,0.057971014492753624,8
CS_1_DL_FR; CS_8_UL_LU,TARGET=2,0.002039255671679837,0.05673758865248227,8
CS_11_UR_LU; Regula=sadness->neutral,TARGET=1,0.005607953097119552,0.05597964376590331,22
CS_4_DR_FR; CS_8_UL_LU,TARGET=2,0.0012745347947998981,0.05555555555555555,5
CS_4_DR_FR; Regula=neutral->sadness,TARGET=1,0.0015294417537598777,0.05357142857142857,6
CS_11_UR_LU; CS_5_DR_LU; Regula=neutral->sadness,TARGET=2,0.0015294417537598777,0.05357142857142857,6
CS_11_UR_LU; CS_5_DR_LU,TARGET=2,0.0030588835075197555,0.05286343612334802,12
CS_12_UR_XP; CS_6_DR_XP,TARGET=2,0.002039255671679837,0.05194805194805195,8
Regula=disgust->neutral,TARGET=3,0.0017843487127198571,0.050724637681159424,7
CS_5_DR_LU; CS_9_UL_XP,TARGET=2,0.0017843487127198571,0.050724637681159424,7
