1 6 -1 6 -1 7 6 -1 7 5 6 -1 1 7 5 6 -1 7 -1 4 7 -1 7 -1 7 6 -1 7 -1 7 6 -1 7 -1 7 6 -1 1 7 6 -1 1 7 -1 7 6 -1 1 7 6 -1 1 7 -1 7 -1 7 6 -1 7 -1 1 7 -1 7 -1 7 5 -1 7 -1 1 7 -1 7 5 -1 1 7 -1 7 -1 7 5 -1 7 -1 7 6 -1 7 -1 1 7 -1 1 7 6 -1 1 6 -1 1 7 -1 7 -1 1 7 -1 7 -1 7 6 -1 7 -1 7 6 -1 7 -1 7 6 -1 7 -1 7 6 -1 7 -1 7 6 -1 7 -1 7 6 -1 6 -1 7 6 -1 7 -1 7 6 -1 7 -1 7 6 -1 7 -1 7 6 -1 7 -1 7 6 -1 7 -1 1 7 -1 7 -1 1 7 -1 7 -1 7 6 -1 7 -1 7 6 -1 3 7 6 -1 1 7 -1 1 3 7 -1 1 3 -1 1 2 3 6 -1 2 6 -1 2 4 7 6 -1 4 7 -1 4 7 6 -1 3 4 7 -1 3 7 -1 4 7 6 -1 7 -1 4 7 -1 3 4 7 -1 3 7 -1 7 -1 7 5 -1 5 -1 7 5 -1 7 5 6 -1 6 -1 7 6 -1 7 -1 2 7 -1 4 7 5 -1 7 5 -1 7 -1 7 6 -1 7 5 6 -1 5 6 -1 7 5 6 -1 5 6 -1 7 6 -1 4 7 6 -1 4 7 -1 7 5 -1 5 -1 7 5 -1 7 -1 7 6 -1 3 7 6 -1 7 -1 2 7 -1 7 -1 7 5 -1 1 5 -1 1 2 5 -1 1 2 7 5 -1 7 -1 2 7 -1 7 -1 1 7 -1 1 7 6 -1 7 6 -1 6 -1 7 5 6 -1 1 4 7 5 -1 7 5 6 -1 7 6 -1 7 -1 7 6 -1 7 -1 1 7 -1 1 -1 1 7 -1 7 -1 7 6 -1 7 -1 7 6 -1 7 -1 6 -1 7 6 -1 3 4 7 6 -1 4 7 6 -1 3 4 7 6 -1 3 4 7 -1 7 -1 7 6 -1 4 7 6 -1 7 -1 1 7 -1 1 4 7 -1 4 7 -1 4 7 5 -1 7 5 -1 7 -1 7 6 -1 7 -1 7 6 -1 7 -1 7 6 -1 7 -1 7 6 -1 7 -1 4 7 -1 7 -1 7 5 -1 7 -1 7 6 -1 7 -1 7 6 -1 7 -1 7 6 -1 7 5 -1 7 5 6 -1 7 5 -1 7 6 -1 1 2 7 6 -1 1 2 7 -1 7 5 -1 1 2 7 -1 1 2 4 7 -1 1 4 7 -1 4 -1 1 4 -1 1 2 -1 1 2 7 -1 7 -1 7 5 -1 1 7 5 -1 1 7 -1 7 -1 7 6 -1 7 -1 7 5 -1 7 -1 7 6 -1 7 -1 7 5 -1 7 -1 7 5 -1 7 -1 7 5 -1 7 -1 7 5 -1 7 -1 7 5 -1 2 7 6 -1 4 7 -1 7 -1 4 7 -1 4 -1 1 4 -1 4 -1 2 4 -1 2 -1 2 5 -1 7 5 -1 4 7 5 -1 4 7 -1 7 5 -1 7 -1 7 6 -1 7 -1 7 6 -1 4 7 6 -1 7 6 -1 7 5 -1 7 5 6 -1 7 5 -1 7 5 6 -1 7 -1 7 5 -1 7 6 -1 6 -1 7 6 -1 7 5 6 -1 7 5 -1 5 -1 7 5 -1 4 7 5 -1 4 7 -1 4 7 5 -1 7 5 -1 5 -1 7 5 -1 4 7 5 -1 4 7 5 6 -1 7 5 -1 7 6 -1 7 5 6 -1 7 5 -1 7 6 -1 7 5 6 -1 7 6 -1 4 7 5 6 -1 7 5 -1 4 7 5 -1 5 -1 7 5 -1 7 6 -1 1 7 6 -1 7 6 -1 7 -1 7 6 -1 7 -1 7 6 -1 7 -1 7 6 -1 7 5 -1 5 -1 7 5 -1 7 6 -1 7 -1 7 6 -1 7 -1 7 6 -1 7 -1 7 6 -1 7 5 6 -1 7 5 -1 5 -1 7 5 -1 7 -1 7 6 -1 7 -1 7 6 -1 7 -1 7 6 -1 7 5 6 -1 7 5 -1 4 7 -1 7 5 -1 7 6 -1 7 -1 7 6 -1 7 -1 7 6 -1 7 -1 7 6 -1 7 -1 7 6 -1 7 -1 7 6 -1 7 -1 7 6 -1 7 -1 7 6 -1 7 -1 7 6 -1 7 -1 7 6 -1 7 -1 7 6 -1 4 7 6 -1 4 7 5 -1 7 5 6 -1 7 -1 7 6 -1 7 5 6 -1 7 -1 7 6 -1 7 -1 7 6 -1 7 -1 7 5 6 -1 7 6 -1 7 -1 7 6 -1 2 7 5 6 -1 2 7 5 -1 7 5 -1 5 6 -1 6 -1 4 7 6 -1 7 6 -1 6 -1 7 6 -1 6 -1 7 6 -1 1 7 6 -1 1 7 -1 1 7 6 -1 7 6 -1 7 -1 7 6 -1 7 -1 7 6 -1 7 -1 7 5 -1 7 -1 7 6 -1 7 -1 7 5 6 -1 5 6 -1 5 -1 7 5 -1 5 -1 7 5 -1 7 -1 7 6 -1 7 -1 7 6 -1 7 5 6 -1 7 5 -1 5 -1 7 5 -1 7 -1 1 7 -1 7 -1 7 5 -1 7 -1 7 5 -1 7 -1 7 5 -1 7 -1 7 6 -1 7 5 -1 1 7 -1 4 7 6 -1 1 7 5 -1 7 5 -1 7 5 6 -1 7 6 -1 7 -1 7 6 -1 6 -1 7 6 -1 7 5 6 -1 7 5 -1 7 -1 7 5 -1 7 -1 7 6 -1 4 7 -1 7 5 -1 5 -1 7 5 -1 7 -1 7 5 -1 7 -1 7 5 -1 7 6 -1 7 -1 7 5 -1 7 -1 7 5 -1 7 -1 7 6 -1 7 5 6 -1 7 6 -1 7 -1 7 6 -1 4 5 6 -1 4 5 -1 4 -1 4 7 -1 7 -1 7 6 -1 7 -1 7 6 -1 7 5 6 -1 2 7 5 6 -1 7 5 -1 2 7 -1 7 5 -1 7 6 -1 2 7 5 6 -1 2 7 5 -1 2 7 -1 7 5 -1 2 7 5 -1 7 -1 7 5 -1 7 5 6 -1 7 6 -1 7 -1 7 5 -1 2 7 6 -1 7 -1 7 6 -1 7 -1 2 7 -1 1 2 7 -1 7 5 -1 7 6 -1 2 7 5 6 -1 2 7 5 -1 2 7 -1 1 2 7 -1 1 7 -1 7 5 -1 7 -1 1 7 -1 7 -1 2 7 5 -1 2 7 -1 7 6 -1 2 7 5 6 -1 2 7 5 -1 2 7 -1 7 -1 7 5 -1 5 -1 7 5 -1 7 6 -1 7 5 6 -1 5 -1 4 5 -1 7 5 -1 7 -1 7 5 -1 7 -1 7 6 -1 7 -1 7 6 -1 7 -1 7 6 -1 7 -1 7 5 -1 7 -1 7 6 -1 7 -1 7 6 -1 7 -1 7 6 -1 7 -1 7 6 -1 7 -1 7 6 -1 7 -1 7 5 6 -1 7 5 -1 7 6 -1 7 -1 7 6 -1 7 -1 7 6 -1 7 -1 7 6 -1 7 -1 3 7 -1 7 -1 4 7 -1 7 -1 3 4 7 -1 3 7 -1 7 -1 7 6 -1 7 -1 4 7 -1 2 7 -1 7 -1 4 7 -1 2 4 7 6 -1 2 7 -1 4 7 -1 7 -1 7 6 -1 7 -1 4 7 -1 3 4 7 -1 7 -1 4 7 -1 2 7 -1 2 -1 2 7 -1 3 4 7 -1 2 7 5 -1 7 5 -1 5 -1 1 5 -1 1 7 5 6 -1 1 7 6 -1 7 6 -1 7 5 6 -1 7 -1 7 6 -1 7 -1 1 7 -1 1 7 6 -1 7 6 -1 3 7 6 -1 3 7 5 6 -1 1 7 5 -1 1 7 -1 1 7 6 -1 7 6 -1 1 2 7 6 -1 1 2 -1 2 7 -1 3 7 -1 1 2 3 7 -1 2 3 7 -1 3 7 -1 1 -1 1 7 -1 7 -1 7 5 -1 7 -1 7 6 -1 7 -1 3 7 -1 7 5 -1 3 7 -1 2 3 7 -1 3 7 -1 7 6 -1 6 -1 7 6 -1 7 -1 7 5 -1 3 7 5 -1 3 7 -1 7 -1 3 7 -1 2 7 -1 7 -1 7 5 -1 7 -1 4 7 -1 4 7 5 -1 7 5 6 -1 7 5 -1 7 -1 7 6 -1 4 7 6 -1 7 -1 4 7 -1 4 7 6 -1 3 7 -1 3 -1 3 7 -1 7 -1 3 7 -1 7 -1 3 7 -1 3 7 5 -1 7 5 -1 7 -1 7 6 -1 -2
7 -1 1 7 -1 7 -1 4 7 -1 2 -1 4 -1 2 -1 2 6 -1 2 -1 2 5 6 -1 2 -1 2 5 6 -1 2 6 -1 2 -1 2 5 -1 7 -1 2 -1 7 5 -1 2 6 -1 2 -1 2 5 -1 2 -1 7 -1 2 6 -1 1 7 -1 7 -1 2 7 -1 7 -1 2 7 -1 7 -1 2 7 -1 2 5 -1 2 5 6 -1 2 7 5 -1 2 -1 2 5 -1 2 7 -1 7 -1 2 7 6 -1 2 6 -1 7 6 -1 6 -1 2 6 -1 2 -1 2 6 -1 7 -1 2 7 -1 7 -1 2 7 6 -1 2 6 -1 2 -1 2 7 -1 7 -1 2 7 -1 2 -1 2 7 -1 7 -1 2 7 -1 7 -1 6 -1 2 6 -1 6 -1 7 5 -1 7 -1 2 -1 2 5 -1 7 -1 2 7 -1 7 -1 2 4 7 -1 7 -1 7 5 -1 2 4 7 5 -1 2 4 -1 2 7 -1 7 -1 2 7 -1 7 -1 7 5 -1 2 7 -1 7 -1 2 -1 2 7 -1 7 -1 7 5 -1 5 -1 7 -1 2 7 5 -1 7 5 -1 2 7 -1 7 -1 2 7 -1 7 -1 2 5 -1 5 -1 2 5 -1 5 -1 7 5 -1 2 7 5 -1 7 -1 7 5 -1 7 -1 7 5 -1 7 -1 7 5 -1 7 -1 5 -1 7 -1 7 5 -1 5 -1 7 5 -1 5 -1 7 -1 7 5 -1 5 -1 7 5 -1 2 7 5 6 -1 2 5 6 -1 2 6 -1 2 4 6 -1 7 -1 2 4 7 -1 2 7 5 -1 2 7 -1 2 7 5 6 -1 2 -1 2 6 -1 2 5 -1 5 -1 2 7 5 6 -1 2 7 6 -1 2 5 -1 2 7 6 -1 7 -1 2 7 -1 7 -1 7 5 -1 2 7 5 -1 7 5 -1 7 5 6 -1 5 6 -1 2 7 5 -1 5 -1 4 -1 4 5 -1 7 5 -1 5 -1 4 7 5 -1 4 7 -1 4 7 5 -1 7 5 -1 7 -1 5 -1 6 -1 7 6 -1 7 -1 2 7 6 -1 2 7 5 6 -1 7 -1 7 5 -1 2 5 6 -1 2 5 -1 5 -1 5 6 -1 6 -1 2 6 -1 5 -1 2 4 5 6 -1 2 4 6 -1 2 4 -1 4 7 -1 3 4 -1 2 3 4 7 -1 2 4 7 -1 7 -1 6 -1 4 6 -1 7 -1 6 -1 7 -1 7 5 -1 2 4 5 -1 2 4 -1 4 -1 2 4 -1 2 3 4 -1 3 -1 2 3 6 -1 2 6 -1 2 3 6 -1 7 5 6 -1 7 -1 4 7 -1 4 -1 2 4 5 -1 2 5 -1 7 5 -1 7 5 6 -1 6 -1 7 6 -1 6 -1 2 6 -1 2 4 5 6 -1 2 4 -1 2 4 5 -1 5 -1 7 5 -1 1 7 5 -1 7 -1 2 7 -1 7 5 -1 7 5 6 -1 2 7 5 -1 2 -1 2 6 -1 2 -1 2 6 -1 2 7 -1 2 -1 2 7 -1 7 5 -1 5 -1 4 -1 7 6 -1 2 6 -1 2 -1 7 5 -1 2 7 6 -1 7 -1 2 7 -1 7 -1 5 -1 7 5 -1 2 -1 2 7 -1 7 -1 2 6 -1 2 7 6 -1 2 -1 2 5 -1 2 4 5 6 -1 4 -1 2 4 5 -1 2 5 -1 5 6 -1 6 -1 2 5 6 -1 6 -1 2 6 -1 2 4 6 -1 2 4 -1 4 -1 2 4 -1 2 4 5 -1 5 -1 6 -1 7 6 -1 1 2 7 6 -1 2 7 5 6 -1 7 6 -1 2 6 -1 2 7 -1 2 7 6 -1 2 -1 7 -1 2 -1 7 -1 2 7 6 -1 2 7 5 6 -1 7 -1 2 4 7 6 -1 2 4 6 -1 2 7 6 -1 7 -1 2 7 -1 2 7 6 -1 2 7 -1 7 -1 2 7 -1 2 7 5 -1 7 5 -1 7 -1 3 4 7 -1 3 4 -1 4 7 -1 4 -1 4 7 -1 7 -1 7 6 -1 2 7 -1 2 6 -1 2 7 -1 7 -1 7 5 -1 7 6 -1 7 5 6 -1 7 5 -1 7 -1 2 7 6 -1 2 7 -1 7 -1 2 7 -1 7 5 -1 2 7 6 -1 7 -1 2 7 6 -1 2 7 -1 7 -1 2 7 -1 2 -1 2 7 -1 7 -1 2 7 6 -1 2 4 7 6 -1 2 7 6 -1 2 4 6 -1 2 4 7 -1 1 2 4 -1 2 4 -1 2 -1 1 2 4 -1 2 4 -1 2 4 7 -1 2 4 7 6 -1 2 4 5 6 -1 2 4 7 -1 2 4 -1 2 4 7 -1 2 4 7 6 -1 1 2 4 -1 2 7 -1 2 6 -1 2 4 6 -1 2 6 -1 2 -1 1 2 4 -1 2 4 -1 4 7 -1 2 4 7 -1 1 2 4 -1 2 4 7 -1 4 7 -1 2 4 -1 2 7 6 -1 2 7 -1 1 2 7 -1 2 -1 1 2 4 -1 2 4 -1 2 4 7 -1 2 4 -1 2 4 7 6 -1 2 4 -1 2 4 7 -1 2 4 -1 2 4 6 -1 2 4 -1 2 4 7 -1 2 7 -1 2 7 5 -1 5 -1 6 -1 7 -1 7 5 -1 7 -1 2 7 5 -1 7 -1 2 7 -1 2 -1 7 -1 7 5 -1 2 7 5 6 -1 2 6 -1 2 5 6 -1 7 6 -1 2 7 6 -1 2 6 -1 2 5 6 -1 2 5 -1 2 7 5 -1 5 -1 -2
1 7 -1 7 -1 1 7 -1 1 7 6 -1 1 7 -1 7 -1 1 7 6 -1 1 7 -1 7 -1 1 7 -1 7 -1 1 7 -1 7 -1 1 7 -1 7 -1 1 7 -1 7 -1 1 7 -1 7 -1 1 7 -1 4 7 5 -1 4 7 -1 7 6 -1 7 -1 7 5 -1 7 -1 7 5 -1 7 -1 1 7 -1 7 -1 7 5 -1 7 -1 1 7 -1 7 5 -1 7 -1 1 7 -1 7 -1 1 7 -1 7 -1 1 7 -1 7 -1 7 5 -1 7 -1 1 7 -1 7 -1 1 7 -1 7 -1 1 7 -1 7 -1 7 5 -1 7 -1 1 7 -1 7 -1 1 7 -1 7 -1 1 7 -1 7 -1 4 -1 4 7 -1 1 4 7 -1 2 7 -1 2 7 5 -1 4 7 5 -1 4 7 -1 1 7 -1 1 7 6 -1 1 7 -1 7 -1 1 7 -1 1 7 5 -1 1 7 -1 1 7 5 6 -1 7 5 -1 7 -1 1 7 -1 1 7 5 6 -1 5 6 -1 1 5 6 -1 7 5 6 -1 1 7 5 6 -1 1 7 -1 1 -1 1 7 -1 7 -1 7 5 -1 7 -1 7 6 -1 7 5 6 -1 7 5 -1 7 6 -1 1 7 5 6 -1 1 7 5 -1 1 7 -1 7 -1 1 7 5 -1 1 7 -1 7 -1 4 7 -1 4 7 5 -1 7 5 -1 2 4 7 5 -1 4 7 -1 1 4 7 -1 1 4 7 6 -1 4 7 6 -1 4 7 -1 4 7 6 -1 7 6 -1 4 7 6 -1 7 6 -1 1 7 6 -1 1 4 7 6 -1 4 7 6 -1 1 7 5 -1 7 5 -1 7 -1 7 6 -1 7 -1 4 7 -1 2 4 7 6 -1 2 4 7 -1 4 7 -1 4 7 6 -1 7 6 -1 4 7 6 -1 7 6 -1 7 -1 1 4 7 -1 4 7 -1 1 4 7 -1 4 7 -1 4 7 5 -1 1 4 7 5 -1 1 7 5 -1 1 7 -1 1 -1 1 7 -1 1 7 5 -1 1 7 5 6 -1 4 -1 4 7 6 -1 1 7 -1 1 -1 1 7 -1 7 -1 7 5 -1 1 7 -1 1 4 7 -1 4 7 -1 1 7 -1 1 7 6 -1 1 7 -1 7 -1 1 7 -1 7 -1 1 7 -1 7 -1 1 7 -1 7 -1 1 7 -1 7 5 -1 7 -1 1 7 -1 7 -1 1 7 -1 -2
3 6 -1 3 7 6 -1 1 2 3 7 6 -1 3 7 5 6 -1 3 7 6 -1 7 -1 4 7 -1 7 -1 7 6 -1 7 -1 7 6 -1 7 -1 7 5 -1 7 -1 7 5 -1 7 -1 7 6 -1 7 -1 7 6 -1 7 -1 1 7 6 -1 1 7 -1 7 -1 7 6 -1 7 -1 1 7 -1 7 -1 1 7 -1 7 -1 7 5 -1 7 -1 7 6 -1 7 -1 4 7 -1 7 -1 7 5 -1 1 7 5 -1 7 5 -1 7 -1 7 6 -1 7 -1 7 6 -1 6 -1 7 6 -1 7 -1 4 7 -1 7 -1 7 6 -1 7 5 6 -1 5 -1 7 5 -1 7 5 6 -1 7 6 -1 7 5 -1 7 -1 7 5 -1 7 -1 7 6 -1 6 -1 7 6 -1 6 -1 7 5 6 -1 7 5 -1 5 -1 7 5 -1 7 -1 7 5 -1 1 3 7 5 -1 1 3 -1 1 -1 1 7 -1 7 -1 1 7 6 -1 1 7 -1 7 -1 7 6 -1 6 -1 7 6 -1 7 -1 1 7 -1 4 7 5 6 -1 7 5 6 -1 7 5 -1 2 7 5 -1 2 7 -1 1 2 7 -1 1 7 -1 7 -1 7 6 -1 6 -1 2 6 -1 1 2 6 -1 1 2 -1 1 2 5 -1 5 -1 7 5 6 -1 7 -1 7 6 -1 7 -1 7 6 -1 4 7 6 -1 4 7 -1 7 -1 7 6 -1 7 -1 7 5 -1 5 -1 7 5 -1 7 -1 7 5 -1 5 -1 7 5 6 -1 7 -1 2 7 5 -1 2 4 7 5 -1 4 7 5 -1 7 5 -1 7 -1 1 7 -1 7 -1 7 5 -1 2 5 -1 1 2 7 -1 6 -1 1 4 6 -1 1 4 7 -1 1 7 -1 1 5 -1 1 4 5 -1 1 4 -1 1 4 7 -1 1 7 -1 7 -1 7 6 -1 7 5 6 -1 7 -1 7 6 -1 1 7 6 -1 7 -1 7 6 -1 7 -1 7 6 -1 7 -1 7 5 -1 7 5 6 -1 4 7 5 -1 4 7 -1 2 4 7 5 -1 4 7 5 -1 7 -1 7 6 -1 4 7 6 -1 7 6 -1 7 -1 7 6 -1 6 -1 7 6 -1 7 -1 7 6 -1 7 -1 7 6 -1 6 -1 1 7 6 -1 1 7 -1 4 7 -1 7 -1 2 7 -1 2 3 7 -1 3 7 5 -1 4 5 -1 7 5 -1 7 -1 7 5 -1 5 -1 7 5 6 -1 4 7 5 -1 4 7 -1 4 -1 2 4 7 -1 2 7 -1 7 -1 7 5 -1 7 -1 1 7 -1 7 -1 7 6 -1 7 -1 7 6 -1 7 5 6 -1 7 6 -1 7 -1 7 6 -1 7 -1 7 6 -1 1 6 -1 1 2 6 -1 2 -1 2 7 5 -1 7 5 -1 5 -1 7 5 -1 5 -1 7 5 -1 5 -1 7 5 6 -1 7 5 -1 4 7 5 -1 4 7 -1 7 5 -1 7 -1 7 5 -1 7 -1 7 5 -1 7 -1 7 5 -1 7 -1 7 5 -1 7 6 -1 7 5 6 -1 7 5 -1 5 -1 7 5 -1 7 6 -1 5 6 -1 6 -1 7 6 -1 7 -1 7 5 -1 7 -1 7 6 -1 7 -1 7 6 -1 7 5 6 -1 7 5 -1 7 -1 7 6 -1 5 6 -1 6 -1 7 6 -1 4 7 6 -1 2 4 7 6 -1 2 7 -1 7 -1 7 6 -1 6 -1 5 6 -1 7 5 -1 7 5 6 -1 7 6 -1 7 -1 7 5 -1 7 -1 7 6 -1 7 5 -1 5 -1 7 5 -1 7 -1 7 5 -1 7 -1 7 5 -1 7 -1 7 5 -1 7 6 -1 7 -1 7 6 -1 7 5 6 -1 6 -1 7 6 -1 4 7 6 -1 7 6 -1 7 -1 7 5 -1 7 -1 7 5 -1 7 -1 7 5 -1 7 -1 7 6 -1 7 5 6 -1 7 5 -1 7 -1 7 5 -1 7 -1 7 6 -1 7 -1 4 7 5 -1 4 7 6 -1 7 5 6 -1 7 6 -1 4 7 6 -1 2 7 5 -1 7 5 -1 5 -1 1 7 5 -1 7 5 -1 4 7 5 -1 4 7 -1 4 7 5 -1 7 5 -1 7 5 6 -1 4 7 5 -1 7 5 6 -1 7 5 -1 4 7 5 -1 7 5 -1 4 7 5 -1 2 7 5 -1 2 7 -1 2 7 5 -1 7 5 -1 7 -1 7 5 -1 2 7 5 -1 7 5 -1 2 5 -1 2 7 5 -1 7 5 -1 7 -1 7 5 -1 7 -1 7 6 -1 7 5 -1 4 7 5 -1 2 4 5 -1 2 4 7 5 -1 7 5 -1 5 -1 7 5 -1 5 -1 7 5 -1 5 -1 7 5 -1 5 -1 7 5 -1 5 -1 7 5 -1 5 -1 7 5 -1 5 -1 7 5 -1 5 -1 7 5 -1 4 5 -1 5 -1 7 5 6 -1 5 -1 4 5 -1 4 7 5 -1 7 -1 7 5 -1 7 -1 7 6 -1 6 -1 7 6 -1 7 -1 7 6 -1 2 7 6 -1 2 -1 2 7 -1 2 -1 2 7 -1 2 7 6 -1 2 6 -1 2 -1 2 7 -1 2 -1 2 5 -1 2 -1 2 7 -1 7 -1 3 7 -1 3 4 7 -1 3 7 -1 3 5 -1 3 7 5 -1 3 7 -1 7 -1 3 7 -1 7 -1 4 7 -1 7 -1 2 7 -1 2 3 7 -1 3 7 -1 7 -1 7 5 -1 7 5 6 -1 7 6 -1 7 -1 2 7 -1 7 -1 2 7 -1 2 7 5 -1 5 -1 3 7 5 -1 7 -1 7 5 -1 4 7 5 -1 -2
7 -1 2 7 -1 7 5 -1 7 -1 1 7 -1 7 -1 2 7 -1 2 7 6 -1 2 7 -1 2 7 6 -1 2 6 -1 2 7 6 -1 2 7 -1 7 -1 2 7 6 -1 2 7 -1 7 -1 7 5 6 -1 7 -1 2 7 -1 7 -1 1 7 -1 7 -1 7 5 -1 7 -1 7 6 -1 6 -1 7 6 -1 7 -1 7 5 -1 7 6 -1 7 -1 1 7 -1 7 -1 7 6 -1 7 5 6 -1 7 5 -1 7 -1 7 5 -1 7 5 6 -1 7 6 -1 7 5 -1 7 -1 7 5 -1 7 5 6 -1 7 5 -1 2 7 6 -1 7 -1 7 5 -1 7 -1 7 5 -1 7 -1 7 5 -1 7 5 6 -1 7 5 -1 7 -1 7 5 -1 7 6 -1 7 5 -1 7 -1 7 5 -1 7 -1 7 5 -1 7 -1 7 5 -1 7 -1 7 5 -1 7 -1 7 5 -1 7 -1 7 5 -1 5 6 -1 6 -1 7 6 -1 7 -1 2 7 -1 7 5 -1 5 -1 7 5 -1 7 -1 7 6 -1 7 -1 2 7 6 -1 2 7 5 6 -1 7 6 -1 7 5 6 -1 7 5 -1 7 -1 7 5 -1 7 -1 7 5 -1 1 7 5 6 -1 1 6 -1 1 7 6 -1 7 6 -1 7 -1 7 5 -1 5 -1 7 5 -1 2 7 5 6 -1 6 -1 1 7 6 -1 1 7 -1 1 7 6 -1 7 -1 7 5 -1 2 7 6 -1 2 7 5 -1 7 5 -1 7 -1 1 7 -1 7 6 -1 1 7 -1 7 -1 7 6 -1 7 -1 7 6 -1 7 5 -1 5 -1 7 5 -1 7 -1 7 5 -1 7 -1 7 5 -1 2 7 6 -1 7 -1 7 5 -1 7 -1 7 5 -1 7 -1 7 5 -1 7 -1 7 5 -1 7 5 6 -1 6 -1 7 6 -1 7 -1 1 7 6 -1 7 5 -1 7 5 6 -1 7 6 -1 7 -1 7 6 -1 7 -1 7 5 -1 7 -1 7 5 -1 7 -1 7 5 -1 2 7 6 -1 7 -1 1 7 6 -1 7 -1 7 5 -1 2 4 7 6 -1 2 7 6 -1 7 6 -1 7 -1 7 5 -1 7 -1 7 5 -1 7 5 6 -1 7 5 -1 7 5 6 -1 7 6 -1 7 5 -1 7 -1 7 5 -1 5 -1 7 5 -1 7 5 6 -1 7 -1 -2
7 -1 7 5 -1 7 -1 7 5 -1 7 -1 7 5 -1 7 -1 7 5 -1 7 -1 7 5 -1 7 -1 7 5 -1 7 -1 7 5 -1 7 -1 4 7 -1 1 7 -1 7 5 -1 7 -1 1 7 -1 7 -1 7 5 -1 7 -1 7 6 -1 7 -1 7 5 -1 1 7 5 -1 1 7 -1 7 -1 1 7 -1 1 7 5 -1 7 5 -1 1 7 5 -1 1 7 -1 7 -1 7 5 -1 1 7 -1 7 -1 1 7 -1 7 -1 1 7 -1 7 -1 1 7 -1 7 -1 1 7 -1 1 7 6 -1 1 7 -1 7 -1 1 7 -1 7 -1 1 7 -1 7 -1 4 7 -1 2 4 7 5 -1 4 7 5 -1 7 5 6 -1 7 5 -1 7 -1 7 5 -1 7 -1 7 6 -1 7 -1 7 6 -1 7 5 6 -1 7 5 -1 7 -1 7 6 -1 6 -1 7 6 -1 7 -1 7 6 -1 7 5 6 -1 7 5 -1 7 -1 -2
1 7 6 -1 1 6 -1 1 -1 1 6 -1 1 7 -1 7 -1 1 4 7 -1 4 7 -1 7 -1 1 7 -1 7 -1 1 7 -1 7 -1 1 7 -1 7 -1 2 7 -1 1 7 -1 1 2 7 -1 1 7 -1 7 -1 1 7 -1 7 6 -1 7 -1 1 7 -1 1 -1 1 7 -1 1 -1 1 7 -1 7 -1 1 7 -1 1 -1 1 7 -1 2 7 -1 1 7 -1 1 -1 1 7 -1 1 -1 1 7 -1 7 -1 1 7 -1 7 -1 1 7 -1 7 -1 1 7 -1 1 -1 1 7 -1 1 -1 1 7 -1 1 -1 1 7 -1 1 2 7 -1 1 7 6 -1 7 6 -1 1 7 6 -1 1 7 -1 7 -1 1 7 -1 7 -1 7 6 -1 3 7 -1 1 3 7 -1 3 7 -1 1 2 7 -1 1 7 -1 1 -1 1 7 -1 7 -1 1 7 -1 7 -1 1 7 -1 1 -1 1 7 -1 1 -1 1 7 -1 1 4 7 -1 4 7 -1 1 7 -1 7 -1 1 7 -1 1 -1 1 7 -1 7 -1 1 7 -1 1 -1 1 7 -1 7 -1 1 7 -1 1 4 7 -1 4 7 -1 1 7 -1 1 -1 1 7 -1 7 -1 1 7 -1 7 -1 1 7 -1 7 -1 1 7 -1 7 -1 1 7 -1 7 -1 1 7 -1 1 -1 1 7 -1 7 -1 1 7 -1 7 -1 1 7 -1 7 6 -1 7 -1 1 7 -1 7 -1 1 7 -1 7 -1 1 7 -1 7 -1 1 7 -1 1 7 6 -1 7 -1 7 6 -1 1 7 6 -1 7 -1 1 7 -1 7 -1 1 2 7 -1 1 -1 1 7 -1 1 2 7 -1 1 2 -1 2 7 -1 1 2 4 7 -1 1 4 -1 1 7 6 -1 6 -1 7 6 -1 7 -1 1 7 -1 7 -1 7 6 -1 7 -1 2 7 -1 1 2 7 -1 7 -1 1 7 -1 7 -1 1 7 -1 1 7 6 -1 7 6 -1 7 -1 1 7 -1 7 -1 1 7 -1 7 -1 7 6 -1 7 -1 1 7 -1 1 -1 1 2 7 -1 7 -1 7 6 -1 7 5 -1 7 -1 4 7 -1 1 4 7 -1 1 7 -1 1 7 5 -1 1 7 -1 7 -1 1 7 -1 1 -1 1 7 -1 1 2 -1 1 7 -1 7 -1 7 6 -1 6 -1 7 6 -1 7 -1 1 2 7 -1 7 -1 4 7 -1 7 -1 7 6 -1 1 7 6 -1 7 -1 4 7 -1 7 -1 7 5 -1 1 7 5 -1 1 -1 1 7 -1 7 -1 7 5 -1 7 -1 1 7 -1 7 -1 1 7 -1 7 -1 1 7 6 -1 7 -1 1 7 -1 7 -1 1 7 -1 7 -1 1 7 -1 7 -1 1 7 -1 7 -1 7 5 -1 1 7 -1 1 2 -1 1 7 -1 7 -1 1 7 -1 7 -1 1 7 -1 1 -1 1 7 -1 1 7 6 -1 7 6 -1 1 7 6 -1 1 6 -1 6 -1 7 6 -1 7 -1 1 7 -1 7 -1 7 6 -1 7 5 6 -1 7 5 -1 1 7 5 -1 1 7 -1 7 -1 1 7 -1 7 -1 1 7 -1 7 6 -1 1 7 -1 7 -1 1 7 -1 7 -1 1 2 7 -1 7 5 -1 1 7 5 -1 1 7 -1 1 -1 1 7 -1 7 -1 1 7 -1 7 -1 1 7 -1 7 -1 1 7 -1 7 -1 1 7 6 -1 4 7 -1 2 4 7 -1 2 7 -1 7 -1 1 7 -1 7 -1 1 7 -1 7 -1 1 7 -1 7 -1 1 7 -1 7 -1 1 7 -1 1 2 7 -1 1 7 -1 1 7 5 -1 1 7 -1 7 -1 7 5 -1 1 7 5 -1 1 7 -1 7 -1 1 7 -1 7 -1 1 7 -1 7 -1 1 7 -1 7 -1 4 7 -1 7 -1 7 6 -1 4 7 -1 7 -1 1 7 -1 7 -1 1 7 -1 1 2 7 -1 4 7 -1 7 -1 7 6 -1 7 -1 7 5 -1 7 -1 1 7 -1 7 -1 7 5 -1 7 -1 1 7 -1 1 7 5 -1 7 5 -1 5 -1 7 5 -1 7 -1 7 6 -1 6 -1 7 6 -1 6 -1 7 6 -1 7 -1 1 2 7 -1 1 7 -1 1 -1 1 7 -1 1 -1 1 7 -1 7 -1 1 2 7 -1 1 2 7 6 -1 1 7 6 -1 1 7 -1 1 2 7 -1 1 6 -1 1 7 -1 1 -1 1 7 -1 1 -1 1 7 -1 7 -1 1 7 -1 7 -1 7 5 -1 7 -1 1 7 -1 7 -1 1 7 -1 7 -1 1 7 -1 7 -1 7 5 -1 5 -1 7 5 -1 7 -1 7 5 -1 7 -1 2 7 5 -1 5 -1 1 5 -1 5 -1 7 5 -1 7 -1 7 5 -1 5 -1 7 5 -1 2 7 5 -1 1 7 5 -1 1 5 -1 1 7 5 -1 7 -1 -2
7 -1 2 7 -1 7 -1 2 7 -1 7 -1 2 7 -1 7 -1 2 7 -1 7 -1 2 7 -1 2 4 7 -1 4 7 -1 1 4 7 -1 4 7 -1 7 -1 1 7 -1 7 -1 2 7 -1 7 -1 7 5 -1 7 -1 2 7 -1 7 -1 1 7 -1 7 -1 2 7 -1 7 -1 1 7 -1 7 -1 2 7 -1 7 -1 2 7 -1 2 4 7 -1 4 7 -1 7 -1 2 7 -1 7 -1 2 7 -1 7 -1 2 7 -1 7 -1 7 5 -1 5 -1 7 -1 4 7 -1 2 7 -1 7 -1 4 7 -1 1 4 7 -1 1 7 -1 7 -1 2 7 -1 7 -1 1 7 -1 2 4 7 -1 7 -1 1 2 7 -1 7 -1 1 7 -1 7 -1 2 7 -1 7 -1 1 7 -1 7 -1 7 5 -1 7 -1 2 7 -1 7 -1 7 5 -1 5 -1 7 5 -1 7 -1 7 5 -1 5 -1 7 5 -1 5 -1 7 5 -1 7 -1 7 5 -1 7 -1 7 5 -1 5 -1 7 5 -1 7 -1 7 5 -1 7 -1 2 7 -1 7 -1 7 5 -1 5 -1 7 5 -1 7 -1 7 5 -1 7 -1 2 7 -1 7 -1 2 7 5 -1 7 5 -1 7 -1 2 7 5 -1 7 5 -1 7 -1 7 5 -1 7 -1 7 5 -1 7 -1 7 5 -1 7 -1 7 5 -1 7 -1 7 5 -1 7 -1 7 5 -1 7 -1 7 5 -1 5 -1 2 7 5 -1 7 -1 7 5 -1 7 -1 7 5 -1 7 -1 2 7 -1 7 -1 7 6 -1 2 7 6 -1 4 7 -1 7 -1 7 5 -1 7 -1 7 5 -1 7 -1 7 5 -1 2 7 -1 1 7 -1 7 -1 4 7 -1 4 -1 1 4 -1 1 7 -1 7 5 -1 7 -1 7 5 -1 7 -1 2 7 -1 7 -1 2 7 5 -1 7 5 -1 7 5 6 -1 4 7 -1 7 -1 5 -1 7 5 -1 5 -1 7 5 -1 2 4 7 -1 7 5 -1 2 7 5 -1 5 -1 7 5 -1 5 -1 7 5 -1 5 -1 7 -1 2 7 5 -1 2 4 5 -1 4 7 -1 7 -1 4 7 -1 7 5 -1 7 -1 7 5 -1 5 -1 7 5 -1 7 -1 7 5 -1 2 7 -1 7 -1 2 7 -1 7 -1 2 7 5 -1 5 -1 2 7 5 -1 7 -1 7 5 -1 7 -1 2 7 -1 7 -1 2 7 5 -1 2 5 -1 7 5 -1 7 -1 2 7 -1 7 -1 2 7 -1 7 -1 2 7 5 -1 2 7 -1 7 -1 2 7 5 -1 7 -1 2 7 5 -1 7 5 -1 7 -1 7 5 -1 7 -1 7 5 -1 2 7 5 -1 7 5 -1 7 -1 7 5 -1 5 -1 7 5 -1 7 -1 2 7 5 -1 7 -1 2 7 5 -1 7 -1 2 5 -1 5 -1 7 5 -1 5 -1 2 7 5 -1 7 5 -1 5 -1 7 5 -1 2 7 5 -1 7 5 -1 7 -1 7 5 -1 2 7 5 -1 7 5 -1 5 -1 4 7 5 -1 2 4 7 -1 4 7 -1 7 5 -1 5 -1 7 -1 7 5 -1 5 -1 7 5 -1 7 -1 5 -1 2 7 5 -1 2 4 7 -1 4 7 -1 1 -1 1 7 -1 7 -1 1 7 -1 7 -1 7 5 -1 5 -1 7 5 -1 5 -1 7 -1 7 5 -1 5 -1 7 5 -1 4 7 -1 1 4 7 -1 4 7 -1 2 7 -1 7 -1 2 4 7 -1 2 4 -1 5 -1 7 -1 7 5 -1 7 -1 7 5 -1 7 -1 7 5 -1 7 -1 7 5 -1 7 -1 7 5 -1 7 5 6 -1 7 -1 7 5 -1 7 -1 7 5 -1 7 -1 7 5 -1 7 -1 7 5 -1 5 -1 7 5 -1 5 -1 2 7 5 -1 7 5 -1 1 7 6 -1 2 4 7 5 -1 4 7 -1 7 -1 7 5 -1 5 -1 7 5 -1 7 -1 7 5 -1 7 -1 7 5 -1 7 -1 2 7 -1 7 -1 2 7 -1 7 -1 2 7 5 -1 7 5 -1 4 7 -1 4 7 5 -1 7 -1 2 7 5 -1 7 -1 7 5 -1 2 7 5 -1 7 5 -1 2 7 5 -1 7 5 -1 2 7 5 -1 5 -1 7 5 -1 7 -1 2 7 -1 2 6 -1 2 7 5 6 -1 4 7 -1 7 -1 7 5 -1 5 -1 7 5 -1 7 -1 5 -1 7 -1 5 -1 7 -1 7 5 -1 7 -1 2 7 5 -1 7 5 -1 2 7 -1 7 -1 7 5 -1 5 -1 7 5 -1 7 -1 7 5 -1 2 7 -1 2 7 5 -1 7 5 -1 2 7 5 -1 7 5 -1 2 7 5 -1 2 7 -1 7 5 -1 2 7 5 -1 7 5 -1 2 7 5 -1 7 5 -1 2 7 6 -1 7 6 -1 2 7 6 -1 2 7 5 6 -1 7 5 -1 2 7 5 6 -1 7 -1 2 7 5 -1 4 7 -1 2 4 7 -1 7 -1 2 7 -1 7 -1 2 7 5 -1 7 5 -1 4 7 -1 2 4 7 -1 7 5 -1 2 7 5 -1 7 5 -1 7 -1 2 7 -1 7 -1 2 7 -1 7 -1 2 7 -1 7 -1 2 7 -1 7 -1 2 7 -1 7 -1 2 7 -1 2 7 5 -1 7 5 -1 2 7 5 6 -1 2 5 -1 6 -1 2 6 -1 2 7 6 -1 7 6 -1 7 5 6 -1 2 7 5 -1 7 -1 2 7 -1 2 7 5 -1 7 5 -1 7 -1 7 6 -1 7 5 -1 2 7 -1 7 -1 2 7 -1 7 -1 2 7 -1 7 5 -1 7 -1 2 7 5 -1 7 -1 7 5 -1 7 -1 7 5 6 -1 2 7 5 -1 7 -1 2 7 -1 7 -1 7 5 -1 1 2 7 6 -1 4 7 -1 2 4 7 -1 7 5 -1 7 -1 2 7 5 -1 7 -1 7 5 -1 5 -1 7 5 -1 2 7 5 -1 7 -1 2 7 -1 7 -1 2 7 5 -1 2 7 -1 2 7 5 -1 2 7 -1 7 -1 2 7 -1 7 -1 2 7 -1 7 -1 2 7 -1 7 -1 7 5 -1 7 -1 2 7 -1 7 -1 2 7 -1 7 -1 7 5 -1 7 6 -1 2 7 -1 2 4 7 -1 7 -1 5 -1 7 5 -1 7 -1 2 7 -1 7 -1 7 5 -1 2 7 5 -1 7 5 -1 7 -1 7 5 -1 7 -1 2 7 -1 7 -1 2 7 -1 7 -1 2 7 -1 7 -1 2 7 -1 7 -1 2 7 -1 7 5 -1 7 -1 2 7 5 -1 7 -1 7 5 -1 7 -1 2 7 5 -1 2 7 -1 7 -1 2 7 -1 7 -1 2 7 5 -1 7 -1 7 5 -1 7 -1 7 5 -1 7 -1 2 7 -1 7 -1 2 7 -1 7 -1 2 7 5 -1 2 7 -1 7 -1 2 7 -1 7 -1 2 7 5 -1 7 6 -1 2 7 6 -1 2 7 5 6 -1 7 5 -1 2 7 5 -1 7 5 -1 2 7 5 -1 5 -1 2 7 5 -1 7 5 -1 2 7 5 -1 7 5 -1 7 -1 2 7 5 -1 7 -1 7 5 -1 5 -1 7 5 -1 2 7 5 -1 5 -1 2 7 5 -1 7 5 -1 7 -1 2 7 -1 7 -1 2 7 -1 7 -1 7 5 -1 5 -1 7 5 -1 5 -1 7 5 -1 5 -1 2 5 -1 2 7 5 -1 7 -1 7 5 -1 7 -1 2 7 5 -1 2 7 -1 7 -1 2 7 5 -1 5 -1 7 5 -1 7 -1 7 5 -1 7 -1 4 7 -1 7 -1 2 7 -1 7 -1 7 5 -1 1 7 6 -1 7 5 -1 7 -1 4 7 -1 7 -1 1 -1 7 -1 1 7 -1 7 -1 7 5 -1 7 -1 4 7 5 -1 7 5 -1 7 -1 4 7 -1 7 -1 4 7 -1 1 7 -1 1 4 7 -1 7 -1 4 7 -1 1 4 7 -1 7 -1 7 6 -1 7 -1 5 -1 7 5 -1 7 -1 2 7 -1 7 -1 1 7 -1 7 -1 7 5 -1 7 -1 1 7 -1 7 -1 2 7 -1 7 -1 7 5 -1 7 -1 7 5 -1 1 7 5 -1 7 5 -1 1 7 5 -1 7 5 -1 1 7 5 -1 7 5 -1 1 7 5 -1 7 5 -1 1 7 5 -1 7 5 -1 7 -1 7 5 -1 7 -1 1 7 -1 7 -1 1 7 -1 7 -1 1 7 -1 7 -1 7 5 -1 7 -1 7 5 -1 7 -1 7 5 -1 7 -1 7 5 -1 2 4 7 -1 2 4 -1 2 4 7 -1 4 7 -1 4 7 5 -1 5 6 -1 7 5 -1 7 -1 1 7 -1 1 4 7 -1 4 7 -1 7 -1 1 7 -1 7 -1 1 7 -1 7 -1 1 7 -1 7 5 -1 5 -1 7 5 -1 5 -1 7 5 -1 7 -1 7 5 -1 5 -1 7 -1 1 4 -1 1 7 -1 7 -1 1 7 -1 7 -1 1 7 -1 7 -1 1 7 -1 1 -1 1 7 -1 4 7 -1 7 -1 1 4 7 -1 1 7 -1 4 -1 4 7 -1 5 -1 7 5 -1 2 7 5 -1 7 5 -1 7 -1 7 5 -1 -2
7 -1 7 5 -1 1 7 -1 7 -1 2 7 -1 7 -1 1 7 -1 7 -1 1 7 -1 7 -1 2 7 -1 7 -1 1 7 -1 7 -1 1 7 -1 7 -1 1 2 7 -1 1 7 -1 7 -1 7 5 -1 1 7 -1 7 -1 1 7 -1 7 -1 7 5 -1 1 7 5 -1 7 5 -1 7 -1 1 7 5 -1 7 -1 1 7 5 -1 1 7 -1 1 7 5 -1 7 5 -1 7 -1 7 5 -1 7 -1 7 5 -1 7 -1 7 5 -1 7 -1 7 5 -1 7 -1 7 5 -1 1 7 5 -1 7 5 -1 1 7 5 -1 7 5 -1 7 -1 7 5 -1 7 -1 7 5 -1 7 -1 1 7 -1 1 7 5 -1 7 5 -1 1 7 5 -1 1 7 -1 7 -1 1 7 -1 4 7 -1 1 7 5 -1 7 -1 1 7 -1 1 7 5 -1 1 7 -1 7 5 -1 7 -1 1 7 -1 7 -1 7 5 -1 7 -1 7 5 -1 7 -1 7 5 -1 7 -1 1 2 7 5 -1 1 2 7 -1 7 5 -1 1 7 5 -1 7 -1 7 5 -1 7 -1 4 7 -1 7 -1 1 7 -1 1 7 5 -1 1 7 -1 1 7 5 -1 7 -1 7 6 -1 7 -1 2 7 -1 7 -1 7 5 -1 4 7 -1 1 7 5 -1 7 5 -1 7 -1 1 7 5 -1 1 7 -1 7 -1 7 5 -1 7 -1 7 5 -1 1 7 -1 7 -1 7 5 -1 7 -1 7 5 -1 7 -1 7 5 -1 7 -1 1 7 -1 7 -1 1 7 6 -1 7 -1 7 6 -1 7 -1 7 5 -1 7 -1 7 5 -1 7 -1 7 5 -1 7 -1 7 5 -1 7 -1 7 5 -1 7 -1 4 7 -1 1 4 7 5 -1 7 5 -1 7 -1 7 5 -1 7 -1 7 5 -1 7 -1 7 5 -1 7 -1 4 7 -1 7 -1 7 5 -1 7 5 6 -1 2 7 6 -1 4 7 -1 4 7 5 -1 7 5 -1 2 7 5 -1 2 7 -1 2 7 5 -1 7 5 -1 7 -1 7 5 -1 7 -1 7 5 -1 1 4 7 5 6 -1 7 -1 1 7 -1 1 7 5 -1 4 7 -1 1 7 -1 1 2 7 -1 2 4 7 -1 4 7 -1 7 -1 4 7 -1 4 -1 4 7 -1 4 7 6 -1 7 -1 7 6 -1 7 -1 4 7 6 -1 7 -1 4 7 -1 7 -1 4 7 5 6 -1 7 6 -1 4 7 -1 4 7 5 -1 4 7 -1 7 -1 4 7 -1 4 7 5 -1 4 7 -1 4 7 5 -1 2 4 7 -1 4 7 -1 7 5 -1 7 -1 4 7 -1 4 -1 4 7 6 -1 4 7 -1 4 7 5 -1 4 7 -1 4 7 6 -1 4 7 -1 4 7 5 -1 7 -1 4 7 5 -1 2 4 7 -1 7 5 -1 7 -1 4 7 -1 4 7 5 -1 4 7 -1 4 7 6 -1 4 7 -1 2 4 7 -1 4 7 -1 7 -1 4 7 -1 4 7 5 -1 4 7 -1 4 7 5 -1 7 5 -1 4 7 5 -1 4 7 -1 4 7 5 -1 4 7 -1 4 7 5 -1 4 7 -1 4 7 5 -1 7 -1 4 7 -1 4 7 5 -1 4 7 -1 4 7 5 -1 7 -1 4 7 5 -1 4 7 -1 4 7 5 -1 4 7 -1 4 7 5 -1 4 7 -1 4 7 5 -1 4 7 -1 4 7 5 -1 4 7 -1 4 7 5 -1 7 5 -1 4 7 5 -1 7 5 -1 4 7 5 -1 4 7 -1 4 7 5 -1 4 7 -1 4 7 5 -1 4 7 -1 4 7 5 -1 7 -1 4 7 6 -1 4 7 -1 2 4 7 -1 4 7 -1 4 7 5 -1 4 7 -1 4 7 6 -1 4 7 -1 4 7 5 -1 4 7 -1 2 4 7 -1 4 7 -1 4 7 5 -1 4 7 -1 4 7 5 -1 4 7 -1 4 7 5 -1 4 7 -1 4 7 5 -1 4 7 -1 4 7 5 -1 4 7 -1 7 5 -1 4 7 5 -1 4 7 -1 4 7 5 -1 4 7 -1 4 7 5 -1 4 7 -1 4 7 5 -1 4 7 -1 4 7 5 -1 4 7 -1 4 7 5 -1 4 7 -1 4 7 5 -1 4 7 -1 4 7 5 -1 7 -1 4 7 -1 4 7 5 -1 4 7 -1 4 7 5 -1 4 7 -1 4 7 5 -1 4 7 -1 4 7 5 -1 4 7 -1 4 7 5 -1 4 7 -1 7 5 -1 4 7 -1 7 5 -1 4 7 -1 7 -1 4 7 5 -1 7 -1 7 5 -1 7 -1 4 7 -1 4 7 5 -1 4 7 -1 4 7 5 -1 4 7 -1 4 7 5 -1 4 7 -1 4 7 5 -1 4 7 -1 4 7 5 -1 7 5 -1 7 -1 7 5 -1 7 -1 7 6 -1 7 5 -1 7 -1 7 5 -1 7 -1 7 5 -1 7 -1 7 5 -1 7 -1 7 5 -1 7 -1 7 5 -1 7 -1 7 5 -1 7 -1 2 7 5 -1 7 5 -1 7 -1 7 5 -1 7 -1 7 5 -1 7 6 -1 4 7 -1 1 4 7 5 -1 1 4 7 -1 1 7 5 -1 7 5 -1 7 -1 7 5 -1 7 -1 4 7 -1 7 -1 7 5 -1 7 -1 7 5 -1 7 -1 7 5 -1 7 -1 7 5 -1 7 -1 4 7 -1 7 -1 7 5 -1 7 -1 7 5 -1 7 -1 7 5 -1 7 -1 4 7 -1 1 4 7 5 -1 7 -1 7 5 -1 4 7 5 -1 7 5 -1 4 7 5 -1 7 5 -1 7 -1 4 7 5 -1 1 4 7 5 -1 7 -1 7 5 -1 7 5 6 -1 7 6 -1 2 7 -1 4 7 -1 7 5 -1 7 -1 1 7 5 -1 7 5 -1 7 -1 7 5 -1 1 2 7 5 -1 2 7 5 -1 1 2 7 5 -1 7 -1 7 6 -1 1 7 6 -1 7 6 -1 7 5 -1 7 -1 7 5 -1 7 -1 7 5 -1 7 -1 7 5 -1 4 7 -1 7 -1 7 5 -1 7 -1 7 5 -1 7 -1 7 5 -1 7 -1 7 5 -1 7 -1 7 5 6 -1 7 5 -1 7 -1 7 5 -1 7 -1 7 5 -1 7 -1 7 5 -1 1 2 7 5 -1 7 5 -1 1 2 7 5 -1 1 2 5 -1 1 2 7 5 -1 2 7 5 -1 1 2 7 5 -1 7 5 -1 2 7 5 -1 7 5 -1 7 -1 7 5 -1 7 -1 1 7 -1 1 7 5 -1 7 -1 7 6 -1 4 7 6 -1 4 7 -1 1 4 7 -1 1 7 -1 7 -1 7 5 -1 7 -1 7 5 -1 7 -1 7 5 -1 7 -1 7 5 -1 7 -1 7 5 -1 7 -1 7 5 -1 7 -1 7 5 -1 7 -1 7 5 -1 7 -1 2 7 -1 7 5 6 -1 7 5 -1 1 7 5 -1 7 5 -1 2 7 5 -1 1 2 7 5 -1 7 5 -1 4 7 -1 7 5 -1 2 7 5 -1 7 5 -1 7 -1 7 5 -1 7 -1 7 5 -1 7 -1 7 5 -1 7 -1 7 5 -1 7 -1 7 5 -1 7 -1 7 5 -1 7 -1 7 5 -1 4 7 5 -1 7 5 -1 4 7 5 -1 4 7 -1 4 7 5 -1 4 7 -1 4 7 5 -1 4 7 -1 4 7 5 -1 4 7 -1 4 7 5 -1 4 7 -1 4 7 5 -1 4 7 -1 4 7 5 -1 7 -1 7 5 -1 7 -1 7 5 -1 7 -1 7 5 -1 7 6 -1 7 -1 7 6 -1 7 -1 7 5 -1 7 -1 7 5 -1 7 -1 4 7 -1 7 -1 4 7 -1 7 -1 4 7 -1 7 -1 1 7 5 -1 1 7 -1 7 -1 7 5 -1 7 -1 7 5 -1 2 7 5 -1 1 2 7 5 -1 2 7 5 -1 1 2 7 5 -1 2 7 5 -1 1 2 7 5 -1 1 2 7 -1 1 2 7 5 -1 1 2 7 -1 1 2 7 5 -1 1 2 7 -1 1 2 -1 2 -1 1 2 -1 2 -1 1 2 -1 1 2 4 -1 1 2 7 5 -1 7 -1 7 5 -1 2 7 5 -1 7 5 -1 2 7 5 -1 7 5 -1 2 7 5 -1 1 2 7 5 -1 1 2 4 -1 1 2 -1 1 2 7 5 -1 7 -1 7 5 -1 1 7 5 -1 1 5 -1 5 -1 2 5 -1 5 -1 2 5 -1 2 7 5 -1 7 5 -1 1 2 7 5 -1 1 2 7 -1 1 2 4 7 -1 7 5 -1 7 -1 4 7 -1 1 7 5 -1 7 5 -1 7 -1 7 5 -1 1 7 5 -1 7 5 -1 1 7 5 -1 1 7 -1 1 2 7 -1 1 2 7 5 -1 1 2 7 -1 1 2 7 5 -1 7 -1 7 5 -1 7 -1 7 5 -1 1 7 -1 7 5 -1 7 -1 7 6 -1 7 -1 1 2 7 -1 7 -1 2 7 5 -1 1 7 5 -1 1 7 -1 7 -1 7 6 -1 4 7 6 -1 7 6 -1 7 5 6 -1 7 5 -1 1 7 -1 7 -1 7 5 -1 7 -1 7 5 -1 7 -1 1 7 -1 7 -1 7 5 -1 7 -1 7 5 -1 2 7 5 -1 2 5 -1 1 7 5 -1 7 5 -1 2 7 5 -1 7 5 -1 7 -1 7 5 6 -1 7 5 -1 2 7 5 -1 1 2 7 5 -1 1 2 7 -1 1 2 7 5 -1 2 7 5 -1 7 -1 1 2 7 5 -1 7 5 -1 7 -1 2 7 5 -1 7 5 -1 2 7 5 -1 7 -1 1 7 -1 7 -1 1 7 5 -1 1 5 -1 1 7 5 -1 7 5 -1 7 -1 7 5 -1 1 7 -1 7 -1 1 7 5 -1 1 7 -1 7 -1 1 7 5 -1 7 -1 1 7 -1 1 -1 1 7 -1 1 -1 1 7 -1 1 7 5 -1 1 7 6 -1 1 7 -1 7 -1 1 7 -1 7 6 -1 7 -1 7 5 -1 2 7 5 -1 7 5 -1 1 2 7 5 -1 1 2 -1 2 -1 1 2 -1 1 2 7 5 -1 2 7 5 -1 1 2 7 5 -1 1 2 5 -1 1 2 7 5 -1 2 7 5 -1 1 2 7 -1 1 2 -1 2 7 -1 1 2 7 -1 2 7 -1 1 2 7 -1 2 7 -1 7 -1 7 5 -1 1 7 5 -1 1 2 5 -1 7 5 -1 1 7 5 -1 7 5 -1 7 -1 7 5 -1 7 -1 2 7 -1 2 7 5 -1 1 2 7 5 -1 2 7 5 -1 1 2 7 5 -1 2 7 5 -1 1 2 7 5 -1 1 2 -1 1 2 4 -1 1 2 -1 1 2 4 -1 1 2 -1 1 2 4 -1 1 2 -1 1 2 4 -1 1 2 4 7 -1 1 2 4 -1 1 2 -1 1 2 4 -1 1 2 -1 1 2 4 -1 1 2 -1 1 2 4 -1 1 2 -1 1 2 4 -1 1 2 4 7 -1 1 2 4 7 5 -1 2 7 5 -1 7 -1 -2
1 6 -1 1 4 7 6 -1 1 7 6 -1 1 7 -1 7 -1 1 4 7 -1 4 7 -1 1 7 -1 7 -1 1 7 -1 7 -1 1 7 -1 7 -1 1 7 -1 1 -1 1 7 -1 7 -1 1 7 -1 1 -1 1 7 -1 1 -1 1 7 -1 1 -1 1 7 -1 7 -1 1 7 6 -1 1 -1 1 7 -1 1 -1 1 7 -1 7 -1 1 7 -1 1 -1 1 7 -1 7 -1 1 7 -1 7 -1 1 7 -1 1 -1 1 7 -1 7 -1 1 7 -1 1 2 6 -1 1 2 7 -1 1 7 -1 1 2 3 7 -1 1 2 7 -1 1 7 -1 1 7 6 -1 1 2 7 6 -1 1 7 -1 7 -1 1 7 -1 1 -1 1 7 -1 1 -1 1 7 -1 1 -1 1 7 -1 7 -1 1 7 -1 7 -1 1 7 -1 1 -1 1 7 -1 1 7 6 -1 1 7 -1 7 -1 1 7 -1 1 -1 1 7 -1 1 -1 1 7 -1 7 -1 1 7 -1 7 -1 1 7 -1 7 -1 1 7 -1 7 -1 1 7 -1 1 -1 1 7 -1 7 -1 1 7 -1 1 -1 1 7 -1 7 -1 1 7 -1 1 -1 1 7 -1 7 -1 7 5 -1 7 -1 7 5 -1 7 -1 7 5 -1 7 6 -1 6 -1 7 6 -1 1 7 6 -1 7 6 -1 6 -1 7 6 -1 1 7 6 -1 7 6 -1 7 -1 1 7 -1 7 -1 1 7 -1 7 -1 1 7 -1 7 -1 1 7 -1 7 -1 1 7 -1 7 -1 1 7 -1 7 -1 1 7 -1 1 -1 1 7 -1 7 -1 1 7 -1 7 -1 1 7 -1 7 -1 1 7 -1 7 6 -1 7 -1 7 6 -1 7 -1 1 7 -1 1 -1 1 7 -1 1 -1 1 7 -1 7 -1 1 7 -1 1 -1 1 2 7 -1 1 7 -1 1 2 7 -1 4 7 -1 2 4 7 -1 1 2 7 5 -1 1 -1 1 7 -1 7 5 -1 7 -1 1 7 -1 1 -1 1 7 -1 7 -1 7 6 -1 4 7 -1 7 -1 1 2 7 -1 7 6 -1 7 -1 1 7 -1 4 7 -1 7 -1 4 7 -1 1 4 7 -1 1 7 -1 1 -1 1 7 6 -1 7 6 -1 7 -1 1 7 -1 7 -1 1 7 -1 7 -1 1 7 -1 7 -1 1 7 -1 7 -1 1 7 5 -1 1 7 -1 1 -1 1 7 -1 1 -1 1 7 -1 1 7 6 -1 7 6 -1 7 -1 1 7 -1 7 -1 1 7 -1 2 7 -1 1 2 7 -1 1 7 -1 1 -1 1 7 -1 7 -1 1 2 7 -1 1 2 -1 1 2 7 6 -1 1 6 -1 7 6 -1 7 5 -1 7 -1 4 7 -1 7 -1 7 6 -1 4 7 6 -1 4 7 -1 1 4 -1 1 4 7 -1 7 -1 1 2 7 -1 1 7 6 -1 7 6 -1 1 7 -1 1 7 6 -1 7 6 -1 7 5 6 -1 7 5 -1 7 -1 2 7 -1 7 -1 7 5 -1 2 7 5 -1 7 5 -1 7 -1 1 7 -1 1 4 7 -1 4 7 -1 7 -1 1 7 -1 7 -1 1 7 -1 7 -1 1 7 -1 7 -1 1 7 -1 7 -1 7 6 -1 1 2 7 6 -1 1 2 -1 1 2 7 -1 1 4 7 -1 4 7 -1 7 -1 1 7 -1 1 -1 1 7 -1 7 -1 1 7 -1 7 -1 1 7 -1 7 -1 1 7 -1 1 -1 1 7 -1 7 -1 7 5 -1 5 -1 1 5 -1 1 -1 1 7 -1 7 -1 1 7 -1 7 -1 1 7 -1 1 -1 1 7 -1 1 -1 1 7 -1 7 -1 1 7 -1 7 6 -1 7 -1 1 7 6 -1 7 6 -1 7 -1 1 7 -1 1 -1 1 7 -1 7 -1 1 7 -1 7 -1 1 7 -1 1 2 7 -1 7 5 -1 1 7 -1 1 -1 1 7 -1 1 -1 1 7 -1 7 -1 1 7 -1 7 -1 1 7 -1 7 -1 4 7 6 -1 4 7 -1 1 4 7 -1 1 7 -1 7 -1 1 7 -1 7 -1 1 7 -1 7 -1 1 7 -1 7 -1 1 7 -1 7 -1 1 7 -1 1 -1 1 7 -1 7 -1 1 7 -1 7 -1 1 7 -1 7 -1 7 6 -1 7 -1 1 7 -1 7 -1 7 5 -1 7 5 6 -1 6 -1 1 6 -1 1 7 6 -1 1 -1 1 7 6 -1 1 -1 1 7 6 -1 1 -1 1 6 -1 1 7 6 -1 7 -1 7 6 -1 7 -1 1 7 -1 1 7 5 -1 7 5 -1 1 7 5 -1 1 -1 1 7 -1 1 -1 1 7 -1 1 -1 1 7 5 -1 7 5 -1 7 5 6 -1 6 -1 7 6 -1 1 7 -1 7 -1 1 7 -1 1 5 -1 5 -1 2 5 -1 1 2 -1 1 -1 1 7 6 -1 6 -1 7 6 -1 3 7 -1 1 7 -1 1 7 5 -1 7 5 -1 5 -1 7 5 -1 1 7 5 -1 7 5 -1 7 -1 7 5 -1 7 -1 4 7 -1 7 -1 1 4 7 -1 1 -1 1 2 7 -1 1 7 -1 7 -1 1 7 -1 1 -1 1 2 7 -1 1 7 -1 1 2 -1 1 7 -1 7 -1 1 7 -1 1 -1 1 7 -1 1 -1 1 7 5 -1 7 -1 1 7 -1 1 -1 1 7 -1 7 -1 1 7 -1 1 -1 1 7 -1 7 -1 1 7 -1 1 -1 1 7 -1 7 -1 1 2 7 -1 1 2 -1 1 -1 1 7 -1 7 -1 3 7 -1 3 7 6 -1 3 7 -1 1 3 7 -1 1 3 -1 1 3 7 -1 3 7 -1 7 -1 1 7 -1 7 -1 7 6 -1 7 -1 1 7 -1 7 -1 1 7 -1 7 -1 1 7 -1 7 -1 7 6 -1 1 7 -1 1 -1 1 7 -1 7 -1 1 7 -1 1 -1 1 7 -1 1 -1 1 2 7 -1 1 -1 1 2 7 -1 1 -1 1 7 -1 1 -1 1 7 -1 7 -1 1 7 -1 1 7 6 -1 1 7 -1 1 7 5 -1 7 5 -1 7 -1 1 7 -1 1 -1 1 7 -1 7 -1 1 7 -1 1 -1 1 7 -1 1 7 6 -1 7 6 -1 7 -1 1 7 -1 1 -1 1 7 -1 7 -1 1 7 -1 7 -1 1 7 -1 1 -1 1 7 -1 1 -1 1 7 6 -1 7 6 -1 7 -1 1 7 -1 1 -1 1 7 -1 7 -1 1 7 -1 7 -1 1 7 -1 1 -1 1 7 -1 7 -1 1 7 -1 1 -1 1 7 6 -1 1 6 -1 1 -1 1 6 -1 1 -1 1 7 6 -1 1 -1 1 7 6 -1 1 6 -1 1 7 6 -1 1 6 -1 6 -1 1 6 -1 1 -1 1 7 6 -1 1 -1 1 7 -1 1 2 -1 1 -1 1 7 -1 1 7 6 -1 7 6 -1 2 5 6 -1 2 7 5 6 -1 7 -1 -2
7 -1 7 5 -1 7 5 6 -1 7 5 -1 7 -1 2 7 -1 7 -1 7 5 -1 7 -1 7 5 -1 7 -1 1 7 -1 7 -1 7 5 -1 3 7 5 -1 7 -1 2 4 7 -1 4 7 -1 7 -1 2 7 -1 7 -1 7 5 -1 7 -1 3 7 5 -1 3 7 -1 7 -1 7 5 -1 7 -1 7 5 -1 5 -1 7 5 -1 7 -1 7 5 -1 5 -1 7 5 -1 7 -1 7 5 -1 7 -1 7 5 -1 7 -1 7 5 -1 7 -1 7 5 -1 7 -1 6 -1 7 5 -1 7 -1 7 5 -1 7 -1 7 5 -1 5 -1 7 5 -1 7 -1 3 7 -1 7 5 -1 7 -1 7 5 -1 7 -1 7 6 -1 2 7 5 6 -1 2 7 -1 2 4 7 -1 4 7 -1 7 -1 1 7 -1 7 -1 1 7 -1 7 -1 7 5 -1 7 -1 7 5 -1 7 -1 7 5 -1 1 7 -1 7 -1 2 4 7 5 -1 4 -1 4 7 -1 1 4 7 -1 7 5 -1 7 -1 7 5 -1 5 -1 7 -1 7 5 -1 7 -1 7 6 -1 4 7 6 -1 2 4 7 -1 4 7 -1 7 -1 7 5 -1 5 -1 5 6 -1 4 7 -1 7 5 -1 7 -1 7 5 -1 5 -1 7 5 -1 2 7 5 -1 7 -1 7 5 -1 7 -1 7 5 -1 4 7 5 -1 4 7 -1 7 -1 4 7 -1 7 5 -1 7 -1 6 -1 7 5 -1 7 -1 7 5 -1 7 -1 7 5 -1 7 -1 7 5 -1 7 -1 7 5 -1 2 7 5 -1 7 5 -1 7 -1 7 5 -1 7 -1 7 5 -1 7 -1 7 5 -1 7 -1 7 5 -1 7 -1 7 5 -1 7 -1 7 5 -1 5 -1 7 5 -1 7 -1 7 5 -1 7 -1 2 7 5 -1 7 5 -1 2 7 5 -1 5 -1 7 5 -1 7 -1 7 5 -1 7 5 6 -1 7 5 -1 7 5 6 -1 5 6 -1 5 -1 4 7 5 6 -1 2 4 7 -1 2 4 -1 2 4 7 -1 7 5 -1 5 -1 7 -1 5 -1 7 5 -1 5 -1 7 5 -1 7 -1 5 -1 7 -1 5 -1 7 5 -1 2 4 7 -1 1 4 7 -1 1 7 -1 7 -1 1 4 7 -1 1 4 -1 1 4 7 -1 2 4 7 -1 1 2 4 7 -1 1 4 -1 1 4 7 -1 1 7 -1 1 4 7 -1 1 4 -1 1 4 7 -1 1 4 -1 1 7 -1 1 4 -1 1 4 7 -1 1 4 -1 1 7 -1 1 4 7 -1 1 7 -1 1 -1 7 -1 1 4 -1 7 5 -1 7 5 6 -1 7 5 -1 5 -1 7 5 -1 7 -1 7 5 -1 5 -1 7 5 -1 5 -1 2 4 7 5 6 -1 4 7 -1 4 -1 2 4 -1 1 4 7 -1 7 -1 7 5 -1 7 -1 2 7 -1 2 4 7 -1 5 -1 7 5 -1 4 7 5 -1 4 -1 4 7 -1 7 5 -1 7 -1 7 5 -1 7 -1 7 5 -1 7 -1 7 6 -1 7 -1 7 6 -1 7 -1 7 6 -1 7 -1 7 5 -1 5 -1 7 5 -1 5 -1 7 5 6 -1 7 6 -1 7 -1 7 6 -1 3 7 6 -1 4 7 -1 2 4 7 -1 7 -1 7 5 -1 5 -1 6 -1 7 5 -1 7 5 6 -1 7 6 -1 7 5 -1 7 -1 7 5 -1 7 -1 7 5 -1 7 -1 7 5 -1 7 -1 7 5 -1 7 -1 7 5 -1 7 -1 7 5 -1 7 5 6 -1 7 6 -1 7 -1 7 6 -1 7 -1 7 6 -1 7 -1 7 6 -1 7 5 6 -1 5 -1 7 5 -1 5 -1 7 5 -1 7 -1 7 5 -1 7 -1 7 5 -1 7 6 -1 2 7 6 -1 7 5 6 -1 4 7 -1 7 -1 7 5 -1 5 -1 7 -1 7 5 -1 7 -1 7 5 -1 7 -1 7 5 -1 7 -1 7 5 -1 7 -1 7 5 -1 7 -1 7 5 -1 7 -1 7 5 -1 7 5 6 -1 7 -1 7 5 -1 5 -1 7 5 -1 7 -1 2 7 5 -1 7 5 -1 7 5 6 -1 2 7 5 6 -1 7 5 6 -1 2 7 5 6 -1 7 -1 7 5 -1 4 7 -1 7 -1 7 5 -1 4 7 -1 2 4 7 -1 3 4 7 5 -1 7 5 6 -1 7 5 -1 7 5 6 -1 7 5 -1 7 -1 7 5 -1 7 -1 7 5 -1 2 7 5 6 -1 7 5 -1 2 7 6 -1 2 5 -1 2 5 6 -1 2 7 6 -1 7 6 -1 1 7 6 -1 7 5 -1 7 5 6 -1 7 5 -1 7 -1 7 5 -1 7 -1 7 5 -1 7 5 6 -1 7 6 -1 7 5 6 -1 7 -1 7 5 -1 7 -1 7 5 -1 7 6 -1 7 -1 7 5 -1 7 -1 7 5 -1 7 -1 7 5 -1 7 5 6 -1 6 -1 7 5 6 -1 7 5 -1 2 7 6 -1 4 7 -1 2 4 7 -1 7 5 -1 7 -1 7 5 -1 7 -1 7 5 -1 7 -1 7 5 -1 7 -1 7 5 -1 7 -1 7 5 -1 7 -1 7 5 -1 7 -1 7 6 -1 1 7 6 -1 7 6 -1 7 -1 7 6 -1 2 7 6 -1 2 4 -1 2 3 4 7 -1 7 -1 5 -1 7 5 -1 7 -1 7 5 -1 7 6 -1 7 5 -1 7 -1 7 5 -1 7 -1 7 5 -1 7 -1 7 5 -1 7 -1 7 5 -1 7 -1 7 5 -1 7 -1 7 5 -1 7 -1 7 5 -1 7 -1 7 5 -1 7 -1 7 5 -1 7 -1 7 5 -1 7 -1 7 5 -1 7 -1 7 5 -1 7 -1 7 5 -1 7 -1 7 5 -1 7 -1 7 5 -1 7 5 6 -1 7 6 -1 7 5 6 -1 2 7 5 6 -1 7 5 -1 2 7 5 -1 7 5 -1 7 -1 7 5 -1 7 -1 7 5 -1 7 -1 7 5 -1 7 -1 7 5 -1 7 -1 7 5 -1 7 -1 7 5 -1 1 7 5 -1 7 5 -1 1 7 5 -1 7 5 -1 5 -1 7 5 -1 2 7 5 -1 7 5 -1 7 -1 7 5 -1 7 -1 7 5 -1 7 -1 7 5 -1 5 -1 7 5 -1 7 6 -1 7 -1 7 5 -1 7 -1 7 5 -1 7 -1 7 5 -1 4 7 -1 7 -1 7 5 -1 7 -1 4 7 -1 3 4 7 -1 4 7 -1 4 -1 3 4 -1 4 7 -1 3 4 -1 3 4 7 -1 3 4 -1 4 7 -1 3 4 -1 3 4 7 -1 3 4 -1 4 7 -1 3 4 -1 3 4 7 -1 3 7 -1 3 4 7 6 -1 7 6 -1 1 7 6 -1 7 5 6 -1 7 -1 7 5 -1 7 -1 4 7 -1 1 7 -1 7 -1 1 7 -1 1 4 7 -1 7 -1 4 7 -1 7 -1 4 7 -1 7 -1 4 7 -1 7 -1 7 5 -1 7 -1 4 7 -1 7 -1 7 5 -1 7 -1 1 7 -1 7 -1 4 7 -1 7 -1 4 7 -1 7 -1 4 7 -1 7 -1 1 4 -1 4 7 -1 1 4 7 -1 4 -1 1 4 7 -1 4 7 -1 7 -1 1 7 -1 7 -1 4 7 -1 7 -1 4 7 -1 7 -1 1 7 -1 1 4 7 -1 7 -1 7 5 6 -1 7 5 -1 7 -1 4 7 -1 7 -1 1 7 -1 7 -1 4 7 -1 7 5 -1 7 -1 1 7 -1 7 -1 2 7 -1 7 -1 7 5 -1 7 -1 7 5 -1 5 -1 7 5 -1 7 -1 7 5 -1 7 -1 7 5 -1 7 -1 7 5 -1 7 -1 1 7 -1 7 -1 1 7 -1 7 -1 7 5 -1 7 -1 1 7 -1 1 4 7 -1 1 7 -1 1 4 7 -1 4 7 -1 7 -1 4 7 -1 7 -1 1 7 -1 1 4 7 -1 1 7 5 -1 7 5 -1 7 -1 1 7 -1 7 -1 1 7 -1 7 -1 1 4 7 -1 4 7 -1 1 7 -1 7 -1 1 7 -1 4 7 -1 7 -1 4 7 -1 7 -1 4 7 -1 7 5 6 -1 7 5 -1 7 -1 4 7 -1 7 -1 1 7 -1 7 -1 4 7 -1 7 -1 4 7 -1 7 -1 1 7 -1 7 5 -1 1 7 -1 1 -1 7 -1 3 7 -1 7 -1 1 7 -1 7 -1 7 5 -1 5 -1 7 -1 4 7 -1 7 -1 4 7 -1 7 -1 4 7 -1 7 -1 3 7 -1 7 5 -1 7 -1 -2
7 -1 7 5 -1 7 -1 4 7 -1 7 -1 4 7 -1 7 -1 1 7 -1 1 2 7 -1 1 2 4 7 -1 1 2 4 7 5 -1 1 7 -1 1 4 7 -1 1 2 7 -1 1 2 -1 1 2 7 -1 1 2 -1 1 2 7 -1 1 2 -1 1 2 7 -1 1 2 -1 1 2 4 -1 1 2 -1 1 2 7 -1 1 2 -1 1 2 4 7 -1 4 7 -1 1 4 7 -1 1 7 -1 1 2 7 -1 1 2 7 5 -1 1 2 7 -1 1 7 -1 1 7 5 -1 1 7 -1 1 7 5 -1 1 7 -1 7 -1 1 7 -1 1 7 5 -1 1 7 -1 1 7 5 -1 1 2 7 5 -1 1 7 5 -1 7 5 -1 1 7 -1 7 -1 1 7 -1 7 5 -1 7 -1 7 5 -1 1 7 -1 7 -1 7 5 -1 7 -1 7 5 -1 1 7 -1 1 4 7 -1 1 7 -1 7 -1 7 5 -1 1 7 -1 4 7 5 -1 1 2 4 5 -1 1 2 5 -1 1 2 7 5 -1 1 2 4 7 5 -1 1 2 5 -1 1 2 7 5 -1 1 7 -1 7 5 -1 1 4 7 5 -1 1 4 7 -1 7 5 -1 1 2 7 5 -1 1 7 -1 1 7 5 -1 1 7 -1 1 4 7 5 -1 1 7 5 -1 1 7 -1 7 -1 1 7 -1 2 7 -1 7 -1 1 7 -1 7 5 -1 4 7 -1 7 -1 1 7 5 -1 7 5 -1 1 7 -1 1 2 7 5 -1 1 2 5 -1 1 2 7 5 -1 1 7 -1 7 -1 1 7 -1 7 -1 1 7 -1 7 -1 2 7 -1 1 7 5 -1 1 7 -1 7 -1 7 5 -1 7 -1 7 5 -1 7 -1 1 7 5 -1 7 5 -1 1 7 -1 7 -1 7 5 -1 7 -1 1 7 -1 7 -1 1 7 -1 1 4 7 -1 1 7 -1 7 -1 1 7 5 -1 7 5 -1 7 -1 7 5 -1 7 -1 7 5 -1 7 -1 7 5 -1 1 7 5 -1 7 -1 1 7 -1 1 7 5 -1 1 7 -1 1 7 5 -1 7 5 -1 7 -1 1 7 -1 7 -1 7 5 -1 7 -1 7 5 -1 7 -1 1 7 -1 1 7 5 -1 7 5 -1 7 -1 1 7 -1 7 -1 1 7 -1 7 -1 7 5 -1 7 -1 7 5 -1 7 -1 7 5 -1 7 -1 7 5 -1 1 7 5 -1 7 5 -1 7 -1 7 5 -1 1 7 5 -1 7 5 -1 7 -1 7 5 -1 1 7 5 -1 1 7 -1 7 -1 1 4 7 -1 7 -1 1 7 -1 1 7 5 -1 7 5 -1 7 -1 1 7 -1 1 7 5 -1 7 5 -1 1 7 5 -1 7 5 -1 1 7 -1 7 5 -1 7 -1 1 7 -1 1 7 5 -1 1 7 -1 1 7 5 -1 1 7 -1 7 5 -1 7 -1 7 5 -1 1 7 -1 1 7 5 -1 1 4 7 -1 1 7 -1 1 7 5 -1 7 5 -1 4 7 -1 1 4 7 -1 1 7 -1 7 -1 1 7 -1 1 7 5 -1 1 7 -1 1 4 7 5 -1 1 4 5 -1 4 5 -1 1 2 4 -1 1 4 7 -1 2 4 7 6 -1 1 2 7 -1 1 7 -1 7 -1 1 7 -1 1 4 7 -1 1 4 7 5 -1 1 7 -1 1 7 5 -1 1 7 -1 1 7 5 -1 1 7 -1 1 7 5 -1 1 7 -1 7 -1 7 5 -1 7 -1 4 7 5 6 -1 4 7 -1 1 4 7 -1 7 -1 1 7 -1 1 7 5 -1 1 2 7 5 -1 1 2 5 -1 1 2 7 5 -1 7 -1 7 5 -1 1 7 5 -1 1 7 -1 7 5 -1 1 7 -1 1 7 5 -1 1 7 -1 4 7 5 -1 4 7 -1 1 4 7 -1 1 7 -1 7 -1 1 4 7 -1 1 7 -1 7 5 -1 1 7 -1 1 7 5 -1 7 5 -1 1 7 -1 7 -1 1 7 -1 7 -1 1 7 -1 7 -1 1 7 -1 7 -1 1 7 -1 7 -1 1 7 -1 7 -1 7 5 -1 7 -1 1 7 -1 7 5 -1 1 7 -1 7 5 -1 7 -1 7 5 -1 7 -1 1 7 -1 1 7 5 -1 7 5 -1 1 7 -1 2 4 7 5 -1 2 4 7 -1 2 4 -1 2 4 7 -1 1 7 -1 1 4 7 -1 1 7 -1 1 7 5 -1 1 7 -1 1 7 5 -1 1 7 -1 1 7 5 -1 1 7 -1 4 7 -1 1 4 7 -1 1 7 -1 2 7 -1 7 5 -1 7 -1 7 5 -1 2 7 -1 2 4 7 -1 2 7 -1 1 2 7 -1 2 7 -1 1 2 7 -1 1 7 -1 7 -1 1 7 -1 7 -1 4 7 -1 7 -1 4 7 -1 7 -1 4 7 -1 2 4 7 -1 7 -1 7 5 -1 7 -1 1 7 -1 4 7 -1 1 4 7 -1 1 7 -1 1 7 5 -1 1 2 4 7 -1 1 2 4 -1 1 2 4 7 -1 4 7 -1 1 7 5 -1 7 -1 1 7 5 -1 1 7 -1 1 4 7 -1 7 -1 1 7 -1 1 7 5 -1 1 4 7 5 -1 1 2 4 7 5 -1 1 2 4 7 -1 1 7 -1 1 7 5 -1 7 5 -1 7 -1 1 7 -1 7 -1 1 7 -1 7 -1 7 5 -1 7 -1 7 5 -1 7 -1 7 5 -1 7 -1 7 5 -1 7 -1 7 5 -1 7 -1 7 5 -1 7 -1 7 5 6 -1 4 7 5 6 -1 4 7 -1 1 7 -1 7 5 -1 7 -1 1 7 -1 7 -1 1 7 -1 7 -1 1 7 -1 7 5 -1 7 -1 7 5 -1 7 -1 7 5 -1 1 7 5 -1 7 5 -1 7 -1 1 7 -1 7 -1 1 7 -1 7 -1 7 5 -1 1 7 5 -1 1 7 -1 7 5 -1 7 -1 7 5 -1 7 -1 7 5 -1 7 -1 7 5 -1 7 -1 7 5 -1 4 7 -1 4 7 5 -1 7 5 -1 7 -1 7 5 -1 4 7 5 -1 4 7 -1 7 -1 7 5 -1 7 -1 7 5 -1 7 -1 1 7 -1 7 -1 1 7 -1 7 5 -1 7 -1 7 5 -1 7 -1 7 5 -1 7 -1 7 5 -1 7 -1 1 4 7 -1 7 -1 7 5 -1 7 -1 7 5 -1 4 7 5 -1 4 7 -1 4 7 5 -1 7 5 -1 7 -1 1 7 -1 7 5 -1 7 -1 1 7 5 -1 7 5 -1 4 7 5 -1 4 7 -1 7 -1 1 7 -1 7 -1 7 5 -1 7 -1 7 5 -1 7 -1 7 6 -1 7 5 -1 7 -1 1 7 -1 1 7 5 -1 7 5 -1 7 -1 7 5 -1 7 -1 4 7 -1 1 7 5 -1 1 7 -1 7 -1 1 7 -1 7 -1 7 5 -1 7 -1 7 5 -1 7 -1 7 5 -1 7 -1 1 7 5 -1 7 -1 7 5 -1 1 7 -1 7 -1 7 5 -1 7 -1 1 7 -1 1 7 5 -1 7 -1 7 5 -1 1 7 5 -1 1 7 -1 1 7 5 -1 7 5 -1 7 -1 7 5 -1 4 7 -1 4 -1 4 7 -1 7 -1 1 7 -1 7 -1 7 5 -1 7 -1 7 5 -1 7 -1 7 5 -1 7 -1 7 5 -1 7 -1 7 5 -1 7 -1 1 7 5 -1 7 5 -1 7 -1 1 7 -1 7 -1 1 7 -1 7 -1 7 5 -1 7 -1 1 4 7 -1 1 7 5 -1 7 -1 7 5 -1 7 -1 1 7 -1 7 -1 1 7 -1 7 -1 7 5 -1 7 -1 1 7 -1 1 7 5 -1 7 5 -1 7 -1 7 5 -1 7 -1 1 7 5 -1 7 5 -1 7 -1 1 7 -1 1 7 5 -1 1 7 -1 1 7 5 -1 1 7 -1 7 -1 7 5 -1 7 -1 1 7 -1 7 -1 1 7 5 -1 1 7 -1 1 7 5 -1 1 7 -1 1 7 5 -1 7 5 -1 1 7 5 -1 7 6 -1 1 7 6 -1 1 7 5 -1 1 7 6 -1 1 7 -1 1 7 5 -1 1 7 -1 7 -1 7 5 -1 7 -1 4 7 -1 1 7 -1 7 -1 7 5 -1 1 7 -1 1 7 5 -1 1 7 -1 1 4 7 -1 1 7 -1 1 7 5 -1 1 7 -1 1 4 7 5 -1 7 5 -1 7 -1 1 7 -1 1 7 5 -1 1 5 -1 1 7 5 -1 1 7 -1 1 7 5 -1 7 -1 7 5 -1 1 7 -1 1 7 5 -1 7 -1 7 5 -1 7 -1 1 7 -1 1 7 5 -1 1 7 -1 1 7 5 -1 1 7 -1 1 7 5 -1 1 7 -1 1 7 5 -1 1 7 -1 1 7 5 -1 1 7 -1 1 4 7 -1 7 -1 1 4 7 -1 4 7 -1 7 -1 1 7 -1 1 7 5 -1 1 7 -1 7 5 -1 7 -1 1 7 -1 7 -1 1 7 -1 1 7 5 -1 7 -1 1 7 -1 1 7 5 -1 1 7 -1 7 -1 7 5 -1 1 7 5 -1 1 7 -1 1 2 7 5 -1 1 2 7 -1 1 7 -1 7 -1 7 5 -1 1 7 5 -1 7 5 -1 7 -1 7 5 -1 7 -1 7 5 -1 1 2 7 -1 7 -1 1 2 7 5 -1 1 7 -1 7 -1 1 2 7 -1 1 2 -1 1 2 7 -1 1 7 -1 1 7 5 -1 1 2 7 5 -1 1 7 -1 1 7 5 -1 7 5 -1 7 -1 1 7 5 -1 1 2 7 5 -1 1 2 5 -1 1 2 7 5 -1 1 7 5 -1 1 2 7 5 -1 1 7 5 -1 1 2 7 5 -1 1 7 5 -1 1 2 7 5 -1 7 -1 1 7 5 -1 7 5 -1 7 -1 1 7 -1 7 5 -1 1 7 5 -1 1 7 -1 7 -1 1 7 -1 1 7 5 -1 1 2 7 5 -1 7 -1 1 7 5 -1 2 7 5 -1 7 -1 7 5 -1 1 2 7 5 -1 1 7 5 -1 1 7 -1 1 7 5 -1 1 2 7 5 -1 1 7 5 -1 1 7 -1 1 7 5 -1 7 5 -1 7 -1 7 5 -1 4 7 5 -1 1 4 7 -1 1 7 -1 7 -1 7 5 -1 7 -1 7 5 -1 1 7 -1 1 7 5 -1 7 5 -1 1 7 -1 1 7 5 -1 1 2 7 -1 1 2 5 -1 1 5 -1 1 2 5 -1 1 2 7 5 -1 7 5 -1 7 -1 7 5 -1 7 -1 7 5 -1 7 -1 7 5 -1 1 7 5 -1 7 5 -1 1 7 5 -1 7 5 -1 7 -1 7 5 -1 1 7 -1 7 -1 1 4 7 -1 7 -1 4 7 -1 1 4 7 -1 1 7 -1 1 4 7 -1 1 7 -1 1 4 7 -1 4 7 -1 1 7 -1 7 -1 7 5 -1 7 -1 1 7 -1 7 -1 1 7 -1 1 7 5 -1 7 5 -1 4 7 -1 7 5 -1 1 7 -1 2 4 7 -1 1 2 7 -1 1 7 5 -1 1 7 -1 1 7 5 -1 1 2 7 5 -1 1 7 5 -1 1 4 7 -1 4 7 -1 1 4 7 -1 1 7 -1 7 -1 1 7 -1 7 -1 1 7 -1 7 -1 7 5 -1 7 -1 -2
2 5 -1 5 -1 3 5 -1 3 7 5 -1 7 5 -1 7 5 6 -1 7 6 -1 7 5 -1 7 5 6 -1 7 5 -1 7 5 6 -1 5 6 -1 7 5 6 -1 5 6 -1 7 5 6 -1 5 6 -1 7 5 6 -1 5 6 -1 7 5 6 -1 5 6 -1 7 5 6 -1 5 6 -1 7 5 6 -1 5 6 -1 7 5 -1 7 5 6 -1 5 6 -1 7 5 6 -1 5 -1 5 6 -1 7 5 6 -1 5 6 -1 7 5 6 -1 7 5 -1 7 5 6 -1 5 6 -1 7 5 6 -1 5 6 -1 7 5 6 -1 5 6 -1 7 5 6 -1 5 6 -1 5 -1 7 5 -1 7 5 6 -1 7 5 -1 7 5 6 -1 1 7 5 -1 1 7 -1 1 7 5 6 -1 5 6 -1 6 -1 7 5 6 -1 5 6 -1 7 5 6 -1 5 -1 5 6 -1 5 -1 7 5 -1 5 -1 7 5 -1 5 -1 7 5 -1 5 -1 7 5 6 -1 5 6 -1 5 -1 7 5 -1 5 -1 7 5 -1 7 5 6 -1 2 7 5 6 -1 2 7 5 -1 7 5 -1 2 7 5 -1 7 5 -1 5 -1 7 5 -1 5 -1 7 5 -1 7 5 6 -1 7 5 -1 7 5 6 -1 7 -1 7 5 6 -1 7 5 -1 5 -1 7 5 -1 7 5 6 -1 5 6 -1 7 5 6 -1 5 6 -1 7 5 6 -1 5 6 -1 2 5 6 -1 7 5 -1 5 -1 1 7 5 -1 1 -1 1 5 -1 1 7 5 6 -1 5 6 -1 7 5 -1 7 5 6 -1 5 6 -1 7 5 6 -1 7 5 -1 5 -1 7 5 -1 7 5 6 -1 7 5 -1 5 -1 7 5 -1 5 6 -1 7 5 6 -1 5 -1 4 5 -1 5 -1 5 6 -1 6 -1 7 6 -1 7 5 -1 7 -1 7 5 -1 5 -1 5 6 -1 2 5 -1 7 5 -1 7 5 6 -1 5 6 -1 7 5 -1 7 5 6 -1 5 -1 5 6 -1 5 -1 5 6 -1 5 -1 5 6 -1 7 5 6 -1 7 6 -1 7 5 -1 5 -1 7 5 -1 2 7 5 -1 2 7 -1 2 7 5 -1 7 5 -1 1 5 -1 5 -1 7 5 -1 5 -1 5 6 -1 7 5 6 -1 5 6 -1 7 5 6 -1 3 7 5 6 -1 3 7 5 -1 5 6 -1 7 5 -1 5 -1 7 5 -1 5 -1 5 6 -1 7 5 6 -1 7 5 -1 5 -1 7 5 -1 7 5 6 -1 5 6 -1 5 -1 7 5 -1 5 -1 5 6 -1 7 5 6 -1 3 7 6 -1 7 5 6 -1 7 5 -1 5 -1 5 6 -1 7 5 6 -1 5 6 -1 7 5 6 -1 5 6 -1 7 5 6 -1 7 5 -1 7 5 6 -1 5 6 -1 5 -1 5 6 -1 7 5 -1 5 -1 7 5 -1 5 6 -1 5 -1 5 6 -1 7 5 6 -1 7 5 -1 5 -1 7 5 6 -1 5 6 -1 5 -1 5 6 -1 5 -1 7 5 6 -1 7 5 -1 5 6 -1 7 5 6 -1 5 6 -1 7 5 6 -1 5 6 -1 5 -1 5 6 -1 5 -1 7 5 -1 7 5 6 -1 6 -1 7 5 6 -1 5 6 -1 7 5 6 -1 7 5 -1 5 6 -1 4 5 6 -1 4 5 -1 4 7 5 -1 5 -1 5 6 -1 5 -1 7 5 -1 5 -1 5 6 -1 6 -1 7 5 6 -1 5 6 -1 5 -1 5 6 -1 7 5 6 -1 5 6 -1 7 5 6 -1 5 6 -1 5 -1 5 6 -1 5 -1 5 6 -1 5 -1 7 5 -1 5 -1 7 5 6 -1 7 5 -1 7 6 -1 7 5 6 -1 7 5 -1 7 5 6 -1 5 6 -1 7 5 6 -1 5 6 -1 5 -1 5 6 -1 7 5 6 -1 5 6 -1 7 5 6 -1 7 5 -1 7 5 6 -1 7 5 -1 7 5 6 -1 5 6 -1 7 5 6 -1 5 6 -1 7 5 6 -1 5 6 -1 5 -1 7 5 -1 5 -1 5 6 -1 2 7 5 6 -1 2 7 5 -1 7 5 6 -1 5 6 -1 7 5 6 -1 5 6 -1 5 -1 7 5 -1 7 5 6 -1 5 6 -1 7 5 6 -1 7 6 -1 7 5 6 -1 5 6 -1 7 5 6 -1 5 6 -1 7 5 6 -1 7 5 -1 7 5 6 -1 5 6 -1 7 5 6 -1 5 6 -1 7 5 6 -1 5 6 -1 7 5 6 -1 7 5 -1 5 6 -1 7 5 6 -1 5 -1 7 5 6 -1 7 5 -1 7 5 6 -1 7 5 -1 7 5 6 -1 5 6 -1 7 5 6 -1 5 6 -1 5 -1 5 6 -1 7 5 6 -1 3 5 6 -1 5 -1 5 6 -1 5 -1 5 6 -1 2 7 5 6 -1 2 7 5 -1 5 -1 7 5 -1 5 -1 5 6 -1 7 5 6 -1 5 -1 5 6 -1 7 5 6 -1 7 5 -1 5 -1 5 6 -1 7 5 6 -1 5 6 -1 5 -1 5 6 -1 5 -1 5 6 -1 5 -1 5 6 -1 7 5 6 -1 5 6 -1 5 -1 5 6 -1 5 -1 5 6 -1 7 5 6 -1 5 6 -1 7 5 6 -1 5 6 -1 5 -1 7 5 -1 5 -1 7 5 -1 4 7 5 -1 7 5 -1 7 5 6 -1 7 5 -1 1 7 5 -1 5 6 -1 7 5 6 -1 5 6 -1 7 5 6 -1 5 6 -1 5 -1 7 5 6 -1 5 6 -1 5 -1 5 6 -1 7 5 6 -1 7 5 -1 5 -1 5 6 -1 7 5 -1 7 5 6 -1 5 6 -1 7 5 6 -1 5 6 -1 7 5 6 -1 5 6 -1 5 -1 7 5 -1 5 -1 5 6 -1 7 5 6 -1 5 6 -1 7 5 6 -1 5 6 -1 5 -1 7 5 -1 5 -1 5 6 -1 7 5 6 -1 5 6 -1 7 5 6 -1 5 -1 7 5 -1 5 -1 7 5 -1 5 -1 7 5 -1 5 -1 5 6 -1 7 5 6 -1 5 6 -1 5 -1 7 5 -1 5 -1 5 6 -1 7 5 6 -1 5 -1 7 5 -1 5 -1 5 6 -1 7 5 6 -1 5 6 -1 5 -1 7 5 -1 5 -1 7 5 -1 5 -1 5 6 -1 7 5 6 -1 5 6 -1 7 5 6 -1 5 6 -1 7 5 6 -1 5 6 -1 7 5 6 -1 7 5 -1 7 5 6 -1 5 6 -1 7 5 6 -1 5 6 -1 5 -1 5 6 -1 7 5 6 -1 5 6 -1 7 5 6 -1 5 6 -1 7 5 -1 7 5 6 -1 6 -1 5 6 -1 6 -1 7 6 -1 7 5 6 -1 5 6 -1 7 5 -1 5 -1 7 5 6 -1 7 5 -1 7 5 6 -1 5 -1 7 5 -1 5 -1 5 6 -1 1 5 6 -1 1 5 -1 7 5 -1 5 -1 7 5 -1 5 -1 5 6 -1 7 5 6 -1 7 5 -1 7 5 6 -1 5 6 -1 5 -1 5 6 -1 5 -1 7 5 -1 7 5 6 -1 7 5 -1 5 6 -1 7 5 6 -1 5 6 -1 5 -1 5 6 -1 7 5 6 -1 7 5 -1 7 5 6 -1 7 5 -1 5 6 -1 7 5 6 -1 5 6 -1 5 -1 7 5 -1 5 -1 7 5 -1 5 -1 7 5 -1 5 -1 7 5 -1 7 5 6 -1 7 5 -1 7 5 6 -1 5 6 -1 5 -1 5 6 -1 7 5 6 -1 5 6 -1 5 -1 5 6 -1 5 -1 5 6 -1 6 -1 5 6 -1 1 5 6 -1 5 -1 7 5 -1 5 -1 5 6 -1 7 5 6 -1 7 5 -1 5 -1 7 5 -1 7 5 6 -1 7 5 -1 7 5 6 -1 5 6 -1 7 5 6 -1 5 6 -1 6 -1 5 6 -1 7 5 6 -1 5 6 -1 7 5 -1 7 5 6 -1 5 6 -1 5 -1 5 6 -1 5 -1 7 5 6 -1 5 6 -1 7 5 6 -1 5 6 -1 7 5 6 -1 5 6 -1 7 5 6 -1 5 6 -1 7 5 6 -1 5 6 -1 7 5 6 -1 5 6 -1 7 5 6 -1 7 5 -1 5 6 -1 5 -1 7 5 -1 7 5 6 -1 5 6 -1 7 5 6 -1 7 5 -1 7 5 6 -1 7 5 -1 5 -1 5 6 -1 7 5 6 -1 5 6 -1 7 5 6 -1 5 6 -1 7 5 -1 7 5 6 -1 5 6 -1 7 5 6 -1 5 6 -1 7 5 6 -1 7 5 -1 7 5 6 -1 5 6 -1 7 5 6 -1 7 6 -1 5 6 -1 7 6 -1 7 5 6 -1 7 5 -1 7 5 6 -1 7 5 -1 7 5 6 -1 7 5 -1 5 -1 7 5 -1 7 5 6 -1 5 6 -1 7 5 6 -1 7 6 -1 7 5 6 -1 2 7 5 6 -1 7 -1 7 5 6 -1 5 6 -1 7 5 6 -1 5 6 -1 7 5 6 -1 5 6 -1 7 5 6 -1 5 6 -1 7 5 6 -1 5 6 -1 7 5 6 -1 7 5 -1 1 7 5 -1 1 5 -1 5 -1 7 5 -1 7 5 6 -1 3 7 5 6 -1 7 -1 7 5 -1 7 -1 1 7 -1 1 7 5 6 -1 7 5 6 -1 3 7 5 6 -1 7 5 6 -1 7 5 -1 7 5 6 -1 7 5 -1 7 5 6 -1 7 5 -1 5 -1 7 5 -1 7 5 6 -1 5 -1 7 5 -1 7 5 6 -1 5 -1 7 5 -1 7 5 6 -1 5 6 -1 7 5 6 -1 5 6 -1 7 5 6 -1 5 6 -1 7 5 6 -1 5 6 -1 7 5 6 -1 5 6 -1 7 5 -1 7 5 6 -1 5 6 -1 7 5 6 -1 5 6 -1 7 5 -1 7 5 6 -1 5 6 -1 5 -1 7 5 -1 5 -1 7 5 -1 5 6 -1 5 -1 7 5 -1 5 -1 7 5 -1 7 5 6 -1 5 6 -1 3 7 5 -1 3 7 5 6 -1 7 5 6 -1 7 5 -1 5 -1 7 5 6 -1 5 6 -1 5 -1 7 5 -1 1 7 5 -1 7 5 -1 7 5 6 -1 7 5 -1 5 -1 7 5 -1 5 -1 7 5 -1 5 -1 2 5 6 -1 2 5 -1 7 5 -1 5 -1 7 5 -1 5 -1 7 5 6 -1 7 6 -1 7 5 6 -1 7 5 -1 7 5 6 -1 7 5 -1 7 5 6 -1 7 5 -1 7 6 -1 5 6 -1 6 -1 1 7 6 -1 1 7 -1 1 7 5 -1 7 5 6 -1 7 5 -1 7 5 6 -1 5 6 -1 7 5 6 -1 5 6 -1 7 5 6 -1 5 6 -1 7 5 6 -1 3 4 7 5 -1 3 7 5 6 -1 7 5 6 -1 7 6 -1 7 5 6 -1 7 5 -1 7 5 6 -1 7 5 -1 7 5 6 -1 5 6 -1 6 -1 7 6 -1 7 5 6 -1 1 7 5 6 -1 1 7 5 -1 1 7 -1 1 5 -1 1 7 5 -1 1 5 -1 1 7 5 6 -1 5 6 -1 7 5 6 -1 5 6 -1 7 5 -1 5 -1 5 6 -1 5 -1 7 5 -1 7 5 6 -1 1 7 5 6 -1 1 5 -1 1 5 6 -1 5 6 -1 7 5 -1 5 -1 5 6 -1 5 -1 7 5 -1 5 -1 7 5 -1 5 -1 7 5 6 -1 7 5 -1 5 -1 7 5 -1 5 -1 7 5 6 -1 5 -1 7 5 6 -1 5 6 -1 5 -1 5 6 -1 7 5 6 -1 5 6 -1 7 5 6 -1 5 6 -1 7 5 6 -1 1 7 5 -1 1 -1 1 5 6 -1 5 6 -1 7 5 6 -1 7 5 -1 5 6 -1 5 -1 5 6 -1 5 -1 7 5 -1 1 7 5 -1 5 -1 -2
7 5 -1 7 -1 2 -1 2 4 7 -1 4 7 -1 4 -1 4 7 -1 2 7 -1 7 -1 4 7 -1 7 -1 7 5 -1 5 -1 2 7 5 -1 2 5 -1 5 -1 7 -1 7 5 -1 7 -1 7 5 -1 2 5 -1 5 -1 7 -1 5 -1 2 5 -1 5 -1 7 5 -1 7 -1 7 5 -1 7 -1 7 5 -1 5 -1 7 5 -1 5 -1 5 6 -1 7 5 6 -1 5 -1 2 7 -1 2 5 -1 5 -1 2 5 -1 7 5 -1 5 -1 7 5 -1 4 5 -1 5 -1 2 5 6 -1 2 5 -1 5 -1 7 5 -1 7 -1 7 5 -1 5 -1 7 5 -1 7 -1 7 5 -1 2 5 -1 5 -1 7 5 -1 5 -1 7 5 -1 2 5 -1 7 5 -1 5 -1 7 5 -1 5 -1 7 5 -1 7 -1 2 5 -1 2 7 5 -1 7 5 -1 5 -1 2 5 -1 2 7 5 -1 7 5 -1 7 -1 7 5 -1 7 -1 7 5 -1 7 -1 2 7 -1 2 4 -1 2 5 -1 2 4 -1 2 7 -1 2 7 5 -1 2 -1 7 -1 2 4 -1 7 5 -1 7 -1 7 5 -1 7 -1 7 5 -1 7 -1 7 5 -1 7 -1 7 5 -1 5 -1 2 5 -1 2 -1 2 4 7 -1 4 -1 2 4 7 -1 2 7 5 -1 7 5 -1 7 5 6 -1 7 5 -1 2 7 -1 7 5 -1 7 -1 7 5 -1 7 -1 5 -1 7 5 -1 7 -1 5 -1 2 7 5 -1 7 5 -1 7 -1 7 5 -1 2 7 5 -1 2 5 -1 5 -1 7 -1 5 -1 2 -1 2 7 5 -1 7 5 -1 5 -1 7 -1 7 5 -1 5 -1 7 5 -1 5 -1 7 5 -1 5 -1 7 5 -1 7 -1 7 5 -1 7 -1 7 5 -1 7 -1 5 -1 7 5 -1 7 -1 7 5 -1 2 5 -1 5 -1 2 7 -1 2 6 -1 7 6 -1 7 5 -1 7 -1 7 5 -1 7 -1 7 5 -1 7 -1 7 5 -1 7 -1 2 7 -1 5 -1 2 5 -1 5 -1 7 5 -1 7 -1 7 5 -1 5 -1 7 5 -1 7 -1 2 4 5 -1 5 -1 1 2 7 -1 7 5 -1 7 -1 7 5 -1 5 -1 2 -1 2 7 -1 7 -1 4 7 -1 2 4 -1 2 7 -1 7 -1 7 5 -1 7 -1 7 5 -1 7 -1 7 5 -1 7 -1 7 5 -1 2 -1 2 5 -1 5 -1 7 -1 5 -1 2 5 -1 2 -1 1 5 -1 7 5 -1 7 -1 7 5 -1 5 -1 7 5 -1 7 5 6 -1 7 5 -1 5 -1 7 5 -1 2 5 -1 2 -1 5 -1 2 5 -1 7 5 -1 7 -1 2 7 -1 7 5 -1 7 -1 2 7 -1 1 2 -1 7 -1 7 5 -1 2 5 -1 2 7 -1 7 -1 7 5 -1 7 -1 7 5 -1 5 -1 7 5 -1 7 -1 2 7 5 -1 2 -1 2 5 -1 2 -1 5 -1 1 2 7 -1 2 7 -1 7 -1 7 5 -1 7 -1 7 5 -1 2 7 5 -1 2 7 -1 7 5 -1 2 5 -1 5 -1 2 5 -1 5 -1 7 -1 5 -1 2 -1 2 5 -1 5 -1 2 5 -1 2 7 -1 2 5 -1 7 5 -1 7 -1 7 5 -1 7 -1 7 5 -1 5 -1 7 -1 7 5 -1 2 7 5 -1 2 7 -1 7 -1 1 7 -1 2 7 5 -1 7 -1 2 7 -1 2 -1 2 5 -1 2 7 -1 2 5 -1 5 -1 2 5 -1 7 5 -1 2 5 -1 5 -1 2 5 -1 2 7 5 -1 7 5 -1 2 5 -1 2 7 5 -1 2 5 -1 2 7 5 -1 7 5 -1 7 -1 7 5 -1 5 -1 7 5 -1 7 -1 2 5 -1 2 7 5 -1 7 5 -1 7 -1 2 7 -1 2 7 5 -1 7 5 -1 7 -1 1 7 -1 7 -1 1 7 -1 2 7 -1 7 -1 5 -1 2 5 -1 2 7 5 -1 7 -1 7 5 -1 7 -1 7 5 -1 7 -1 1 7 -1 2 7 -1 2 5 -1 5 -1 1 7 -1 2 7 -1 7 -1 7 5 -1 7 -1 7 5 -1 7 -1 2 7 -1 2 7 5 -1 2 5 -1 5 -1 2 7 5 -1 2 5 -1 7 5 -1 2 7 5 -1 7 5 -1 2 7 5 -1 7 -1 2 7 -1 2 7 5 -1 2 5 -1 2 7 5 -1 2 5 -1 2 7 5 -1 5 -1 2 5 -1 2 7 5 -1 7 -1 2 7 5 -1 2 5 -1 2 7 5 -1 7 -1 2 7 -1 2 7 5 -1 2 7 -1 2 5 -1 1 2 7 5 -1 7 5 -1 2 7 5 -1 7 5 -1 5 -1 2 5 -1 5 -1 7 5 -1 2 7 -1 7 -1 5 -1 2 4 7 5 -1 2 3 4 5 -1 4 5 -1 5 -1 7 5 -1 7 -1 7 5 -1 2 4 7 -1 2 3 4 -1 2 3 4 7 5 -1 2 5 -1 5 -1 7 5 -1 7 -1 1 2 7 -1 2 7 -1 7 5 -1 7 -1 7 5 -1 7 -1 7 5 -1 5 -1 2 5 -1 7 5 -1 7 -1 2 7 5 -1 2 -1 5 -1 2 7 5 -1 7 -1 7 5 -1 1 7 -1 1 7 5 -1 7 5 -1 2 5 -1 2 -1 2 5 -1 5 -1 2 5 -1 7 -1 2 7 5 -1 2 5 -1 2 7 5 -1 7 5 -1 2 7 5 -1 7 5 -1 1 7 -1 2 7 5 -1 2 7 -1 2 7 5 -1 2 5 -1 5 -1 2 4 7 5 -1 2 4 -1 2 4 7 -1 7 -1 7 5 -1 1 7 5 -1 7 5 -1 1 7 5 -1 1 7 -1 7 5 -1 1 7 -1 7 -1 1 7 5 -1 7 5 -1 1 7 -1 2 7 -1 2 -1 7 -1 7 5 -1 7 -1 7 5 -1 7 -1 2 7 5 -1 7 -1 2 7 5 -1 1 7 -1 7 -1 7 5 -1 5 -1 2 6 -1 2 5 6 -1 2 7 5 -1 5 -1 7 5 -1 7 -1 7 5 -1 5 -1 7 5 -1 7 -1 7 5 -1 7 -1 7 5 -1 2 7 5 -1 5 -1 2 7 5 -1 7 5 -1 5 6 -1 2 7 -1 2 7 5 -1 2 -1 2 5 -1 2 7 5 -1 7 -1 7 5 -1 7 -1 7 5 -1 7 -1 2 5 -1 1 -1 5 -1 2 5 -1 2 7 -1 2 7 5 -1 7 5 -1 5 -1 7 5 -1 7 -1 7 5 -1 7 -1 7 5 -1 7 -1 2 7 5 -1 2 7 -1 2 7 5 -1 1 2 7 -1 1 2 7 5 -1 2 7 5 -1 7 -1 2 7 -1 2 5 -1 5 -1 7 -1 2 7 5 -1 2 5 -1 2 7 5 -1 7 5 -1 7 -1 2 6 -1 1 2 6 -1 1 2 7 -1 2 7 -1 2 7 5 -1 7 5 -1 7 5 6 -1 7 5 -1 5 -1 7 5 -1 7 -1 7 5 -1 2 7 -1 5 -1 2 5 -1 7 5 -1 2 7 5 -1 2 7 -1 2 -1 5 -1 2 5 -1 6 -1 7 5 6 -1 7 5 -1 7 -1 7 5 -1 2 7 5 -1 2 4 5 -1 3 4 7 5 -1 5 6 -1 6 -1 7 5 -1 2 7 5 -1 7 -1 7 5 -1 7 -1 7 5 -1 5 -1 2 7 5 -1 7 5 -1 7 -1 7 5 -1 5 -1 2 7 5 -1 7 -1 7 5 -1 5 -1 7 5 -1 2 7 5 -1 2 5 -1 5 -1 2 7 5 -1 7 -1 5 -1 7 5 -1 7 -1 2 7 -1 2 5 -1 7 5 -1 5 -1 2 5 6 -1 5 -1 7 5 -1 5 -1 7 -1 2 7 -1 2 -1 2 5 -1 1 2 7 -1 5 -1 7 -1 5 -1 7 5 6 -1 2 5 6 -1 2 -1 2 5 -1 5 -1 2 5 -1 5 -1 7 5 -1 5 -1 7 5 -1 2 -1 2 7 -1 2 7 5 -1 2 5 -1 5 -1 2 7 5 -1 7 5 -1 2 5 -1 5 -1 2 5 -1 5 -1 7 5 -1 2 4 7 5 -1 2 7 -1 2 6 -1 2 5 6 -1 2 5 -1 5 -1 2 5 -1 5 -1 2 5 -1 2 7 5 -1 2 7 -1 2 -1 5 -1 2 5 -1 2 7 5 -1 2 7 -1 2 -1 5 -1 2 5 -1 5 -1 2 4 -1 2 4 7 -1 2 -1 2 5 -1 5 -1 7 5 -1 5 -1 7 5 -1 7 -1 7 5 -1 5 -1 5 6 -1 7 5 -1 5 -1 2 5 -1 2 4 7 -1 7 -1 7 5 -1 7 -1 7 5 -1 5 -1 2 5 -1 7 5 -1 7 -1 7 5 -1 3 7 5 -1 7 5 -1 7 -1 7 5 -1 5 -1 7 5 -1 1 7 5 -1 7 5 -1 2 7 5 -1 7 5 -1 5 -1 2 6 -1 2 5 6 -1 5 -1 2 5 -1 5 -1 2 5 -1 5 -1 2 5 -1 5 -1 2 5 -1 7 5 -1 2 7 5 -1 2 5 -1 5 -1 2 -1 5 -1 2 5 -1 5 -1 7 -1 2 5 -1 7 -1 2 7 -1 7 -1 5 -1 7 5 -1 5 -1 2 7 5 -1 2 5 -1 5 -1 7 5 -1 5 -1 7 -1 2 7 -1 7 5 -1 5 -1 7 5 -1 5 -1 2 5 -1 7 -1 2 7 -1 2 -1 7 -1 7 5 -1 7 -1 5 -1 2 5 -1 5 -1 7 5 -1 5 -1 2 5 -1 2 6 -1 2 5 -1 7 5 -1 1 7 5 -1 7 -1 7 5 -1 5 -1 7 5 -1 7 -1 7 5 -1 1 7 5 -1 1 7 -1 2 7 5 -1 2 -1 5 -1 2 5 -1 5 -1 2 5 -1 5 -1 7 5 -1 7 -1 7 5 -1 7 -1 2 7 -1 1 2 7 -1 1 7 5 -1 7 5 -1 5 -1 7 5 -1 7 -1 7 5 -1 5 -1 7 5 -1 7 -1 7 5 -1 7 -1 7 5 -1 2 7 5 -1 2 4 7 5 -1 2 4 7 -1 4 7 -1 4 -1 2 4 7 -1 4 7 -1 2 4 7 -1 4 7 -1 7 -1 7 5 -1 7 -1 7 5 -1 2 7 5 -1 7 -1 7 5 -1 7 -1 7 5 -1 7 -1 7 5 -1 7 -1 7 5 -1 7 -1 7 5 -1 1 7 -1 7 5 -1 1 7 5 -1 7 5 -1 1 7 -1 7 -1 1 7 -1 2 7 5 -1 2 7 -1 5 -1 2 5 -1 2 7 5 -1 2 5 -1 2 4 7 5 -1 2 7 -1 7 -1 5 -1 2 7 5 -1 2 7 -1 2 7 5 -1 7 5 -1 4 7 -1 5 -1 7 -1 2 7 -1 7 5 -1 2 7 5 -1 7 5 -1 5 -1 7 5 -1 7 -1 7 5 -1 2 7 5 -1 2 5 -1 5 -1 7 5 -1 7 -1 2 7 5 -1 2 5 -1 2 7 5 -1 7 5 -1 2 7 5 -1 2 7 -1 2 7 5 -1 2 7 -1 7 -1 1 7 -1 7 5 -1 1 7 -1 7 5 -1 1 7 5 -1 7 5 -1 1 7 -1 1 7 5 -1 7 5 -1 1 7 5 -1 1 7 -1 7 -1 7 5 -1 7 -1 7 5 -1 -2
7 -1 7 5 -1 7 -1 1 7 5 -1 1 4 7 -1 1 7 -1 7 -1 1 2 4 7 -1 1 4 7 -1 1 7 -1 7 5 -1 1 7 5 -1 7 5 -1 4 7 5 -1 7 5 -1 1 7 5 -1 1 7 -1 1 7 5 -1 1 5 -1 1 7 5 -1 1 7 -1 1 7 5 -1 7 5 -1 1 7 5 -1 1 -1 1 7 -1 1 7 5 -1 7 5 -1 1 7 5 -1 1 5 -1 1 7 5 6 -1 7 5 6 -1 4 5 6 -1 4 7 5 -1 7 5 -1 5 -1 1 5 -1 5 -1 1 5 -1 5 -1 7 5 -1 7 5 6 -1 7 5 -1 1 7 5 -1 7 5 6 -1 7 5 -1 1 5 -1 1 7 5 -1 7 5 -1 1 5 -1 1 7 -1 1 2 7 -1 1 7 -1 1 7 5 -1 5 -1 7 5 -1 1 7 5 -1 7 5 -1 1 7 5 -1 1 5 -1 1 7 5 -1 1 5 -1 1 7 5 -1 1 -1 1 5 -1 1 -1 1 7 5 -1 7 5 -1 1 7 5 -1 1 7 -1 7 5 -1 1 7 5 -1 7 5 -1 7 -1 1 7 -1 7 -1 1 7 -1 1 -1 1 7 5 -1 5 -1 7 5 -1 1 5 -1 1 -1 1 7 5 -1 7 5 6 -1 1 7 5 6 -1 1 7 5 -1 1 5 -1 1 -1 1 7 5 -1 7 5 -1 1 7 5 -1 7 5 -1 1 7 5 -1 1 -1 1 5 -1 5 -1 1 5 -1 1 6 -1 1 -1 1 6 -1 1 5 -1 1 7 5 6 -1 7 5 6 -1 7 5 -1 7 5 6 -1 7 5 -1 1 7 5 -1 7 5 -1 1 7 5 -1 1 7 -1 1 7 5 -1 7 5 -1 5 -1 7 5 -1 1 7 5 -1 1 6 -1 1 7 6 -1 1 7 5 -1 7 5 -1 1 7 5 -1 5 -1 7 5 -1 7 -1 7 5 -1 1 7 -1 1 -1 1 7 -1 1 2 4 7 -1 2 4 7 -1 2 4 7 5 -1 1 7 -1 7 -1 7 5 -1 1 7 5 -1 1 7 -1 1 7 5 -1 1 7 -1 1 2 7 5 -1 7 5 -1 7 -1 1 7 -1 1 7 5 -1 7 5 -1 2 7 5 -1 7 5 -1 7 -1 7 5 -1 1 7 5 -1 1 5 -1 5 -1 1 5 -1 5 -1 1 7 5 -1 1 5 -1 1 7 5 -1 1 5 -1 1 7 5 -1 1 5 -1 1 7 5 -1 7 5 -1 1 2 7 5 -1 1 2 7 -1 1 2 4 7 -1 1 4 7 -1 1 7 -1 1 7 5 -1 1 4 7 5 -1 4 7 5 -1 1 7 5 -1 4 7 5 -1 7 5 -1 1 5 -1 5 -1 1 5 -1 5 -1 1 5 -1 1 7 5 -1 1 -1 1 7 -1 1 2 7 -1 1 4 7 5 -1 7 5 -1 1 2 7 5 -1 1 5 -1 1 7 5 -1 7 5 -1 1 7 5 -1 7 5 -1 1 7 5 -1 1 2 7 -1 1 2 7 5 -1 1 7 5 -1 7 -1 1 7 5 -1 1 -1 1 7 -1 1 2 4 7 -1 2 4 5 -1 7 5 -1 1 2 7 5 -1 1 2 -1 1 -1 1 5 -1 1 7 5 -1 7 -1 1 7 5 -1 7 5 -1 1 7 5 -1 7 5 -1 1 7 5 -1 1 5 -1 1 2 5 -1 1 2 4 7 5 -1 7 5 -1 5 -1 7 5 -1 5 -1 1 5 -1 1 2 -1 1 7 5 -1 5 -1 1 5 -1 1 2 4 -1 1 -1 1 5 -1 1 2 5 -1 1 7 -1 1 2 7 -1 1 5 -1 5 -1 1 5 -1 1 -1 1 5 -1 5 -1 7 5 -1 1 7 5 -1 1 5 -1 7 5 -1 1 7 -1 1 -1 1 2 4 -1 1 5 -1 1 7 5 -1 1 5 -1 1 7 5 -1 1 5 -1 1 7 5 -1 1 5 -1 1 2 -1 1 2 7 -1 1 2 7 5 -1 7 5 -1 1 5 -1 5 -1 1 5 -1 1 7 5 -1 1 5 -1 1 7 5 -1 1 5 -1 1 7 5 -1 1 5 -1 1 7 5 -1 1 7 -1 1 7 5 -1 7 5 -1 5 -1 1 5 -1 5 -1 1 7 5 -1 1 2 4 7 5 -1 2 7 -1 2 4 7 -1 1 2 7 -1 1 -1 1 7 5 -1 7 5 -1 5 -1 7 5 -1 1 7 5 -1 1 2 4 7 -1 1 2 4 7 5 -1 1 7 5 -1 1 5 -1 5 -1 1 5 -1 1 7 -1 1 2 -1 1 5 -1 1 7 5 -1 1 5 -1 1 -1 1 5 -1 1 5 6 -1 1 5 -1 1 2 5 -1 1 2 -1 1 7 -1 1 7 5 -1 1 5 -1 5 -1 7 5 -1 5 -1 1 5 -1 1 7 5 -1 1 4 7 -1 1 4 -1 1 7 -1 1 2 7 5 -1 1 7 -1 1 2 4 7 -1 1 2 -1 1 -1 1 7 -1 7 -1 1 7 -1 1 7 5 -1 7 5 -1 1 7 5 -1 7 5 -1 1 7 5 -1 7 5 -1 1 7 5 -1 7 5 -1 1 7 5 -1 1 5 -1 1 7 5 -1 5 -1 1 5 -1 1 7 5 -1 1 5 6 -1 1 -1 1 5 -1 1 7 5 -1 7 5 -1 1 5 -1 5 -1 1 5 -1 1 7 5 -1 1 5 -1 1 2 7 5 -1 1 7 -1 1 -1 1 5 -1 5 -1 1 5 -1 5 -1 1 5 -1 5 -1 1 5 -1 5 -1 1 5 -1 1 7 5 -1 1 2 7 5 -1 1 2 4 7 -1 1 4 7 -1 1 5 -1 1 -1 1 5 -1 1 -1 1 7 -1 1 -1 1 5 -1 1 2 4 5 -1 7 5 -1 1 7 -1 1 -1 1 7 -1 1 7 5 -1 1 7 -1 1 7 5 -1 1 5 -1 1 2 4 7 -1 1 4 -1 1 5 -1 1 2 4 5 -1 1 2 4 -1 1 5 -1 5 -1 1 5 -1 1 7 5 -1 1 7 5 6 -1 1 7 -1 1 -1 1 5 -1 1 7 5 -1 7 5 -1 1 7 5 -1 1 5 -1 1 7 5 -1 1 5 -1 5 -1 1 5 -1 5 -1 1 5 -1 1 -1 1 2 4 7 -1 1 4 7 5 -1 1 4 7 -1 7 -1 1 7 5 -1 7 5 -1 5 -1 1 5 -1 5 -1 1 7 5 -1 5 -1 1 5 -1 1 7 5 -1 7 5 -1 1 4 7 5 -1 1 2 4 7 -1 1 7 5 -1 7 5 -1 1 7 5 -1 7 5 -1 1 7 5 -1 1 4 7 5 -1 7 5 -1 1 2 4 7 -1 1 2 7 -1 1 4 7 -1 1 4 7 5 -1 1 7 -1 1 7 5 -1 7 5 -1 5 -1 7 5 -1 1 5 -1 5 -1 1 5 -1 1 7 5 -1 1 5 -1 5 -1 7 5 -1 1 2 4 5 -1 1 2 4 -1 1 2 7 -1 7 5 -1 1 7 5 -1 1 5 -1 1 7 5 -1 1 4 -1 1 4 7 -1 1 7 -1 1 7 5 -1 1 5 -1 1 7 5 -1 1 7 -1 1 7 5 -1 5 -1 1 5 -1 1 7 5 -1 1 4 -1 1 7 -1 1 7 5 -1 1 5 -1 1 4 5 -1 1 4 7 5 -1 7 5 -1 5 -1 1 5 -1 5 -1 1 5 -1 1 2 7 -1 1 7 -1 1 7 5 -1 7 5 -1 1 7 5 -1 7 -1 7 5 -1 2 7 -1 1 2 4 7 -1 1 2 -1 1 7 5 -1 5 -1 1 5 -1 1 2 4 5 -1 1 4 7 -1 1 -1 1 7 -1 1 7 5 -1 1 5 -1 5 -1 1 5 -1 5 -1 1 5 -1 5 -1 1 5 -1 5 -1 1 5 -1 1 7 5 -1 1 7 -1 1 7 5 -1 7 5 -1 5 -1 1 5 -1 5 -1 1 5 -1 1 4 7 5 -1 1 4 -1 1 7 5 -1 7 5 -1 1 7 5 -1 1 5 -1 1 7 5 -1 1 5 -1 5 -1 1 5 -1 7 5 -1 1 7 5 -1 7 5 -1 1 7 5 -1 1 2 7 -1 1 7 -1 1 7 5 -1 1 5 -1 1 7 5 -1 1 5 -1 1 7 5 -1 1 5 -1 1 7 5 -1 7 5 -1 1 5 -1 1 7 5 -1 7 5 -1 5 -1 1 5 -1 5 -1 1 2 7 5 -1 1 2 7 -1 1 7 5 -1 1 5 -1 1 4 7 5 -1 1 7 5 -1 1 5 -1 1 7 5 -1 1 5 -1 1 7 5 -1 7 5 -1 7 5 6 -1 1 7 5 6 -1 1 7 5 -1 7 5 -1 1 4 5 -1 4 7 5 -1 7 5 -1 1 5 -1 1 4 5 -1 1 4 7 -1 1 4 5 -1 4 5 -1 4 7 5 -1 4 5 -1 1 4 7 5 -1 1 7 5 -1 7 5 -1 5 -1 1 5 -1 7 5 -1 1 7 5 -1 1 5 -1 7 5 -1 1 5 -1 1 7 5 -1 7 5 -1 4 7 5 -1 1 7 5 -1 7 5 -1 1 7 5 -1 7 5 -1 1 7 5 -1 1 2 4 -1 1 7 5 6 -1 7 5 6 -1 7 5 -1 1 7 5 -1 1 7 -1 7 5 -1 5 -1 7 5 -1 1 7 5 -1 1 5 -1 1 7 5 -1 7 5 -1 2 4 7 5 -1 1 2 4 7 5 -1 1 7 5 -1 1 7 -1 7 5 -1 4 7 5 -1 5 -1 7 5 -1 5 -1 7 5 -1 1 7 5 -1 7 5 -1 1 7 5 -1 7 5 -1 7 -1 7 5 -1 1 7 5 -1 7 5 -1 1 7 5 -1 1 5 -1 1 7 5 -1 7 5 -1 5 -1 7 5 -1 1 7 5 -1 1 5 -1 5 -1 1 5 -1 5 -1 7 5 -1 1 7 5 -1 7 5 -1 1 7 5 -1 1 5 -1 1 7 5 -1 7 5 -1 1 7 5 -1 1 5 -1 1 7 5 -1 7 5 -1 1 7 5 -1 1 5 -1 7 5 -1 1 7 5 -1 1 5 -1 1 7 5 -1 7 5 -1 1 7 5 -1 5 -1 7 5 -1 1 7 5 -1 1 4 7 5 -1 4 7 5 -1 4 5 6 -1 4 5 -1 7 5 -1 5 -1 7 5 -1 1 7 5 -1 7 5 -1 5 -1 7 5 -1 1 5 -1 1 5 6 -1 5 6 -1 7 5 6 -1 7 5 -1 1 7 5 -1 7 5 -1 1 7 5 -1 7 5 -1 1 7 5 -1 1 7 -1 1 -1 1 7 -1 1 7 5 -1 5 -1 7 5 -1 5 -1 1 5 -1 5 -1 1 5 -1 5 -1 1 5 -1 1 5 6 -1 1 5 -1 1 7 5 -1 1 5 -1 7 5 -1 1 7 5 -1 1 5 -1 1 7 5 -1 1 7 5 6 -1 1 7 -1 7 5 -1 1 2 7 5 -1 1 2 7 -1 1 7 5 -1 7 5 -1 1 7 5 -1 7 5 -1 1 7 5 -1 1 5 -1 1 7 5 -1 1 7 -1 7 -1 1 7 -1 1 7 5 -1 7 5 -1 1 5 -1 7 5 -1 1 7 5 -1 1 6 -1 1 7 6 -1 1 6 -1 1 7 5 6 -1 7 5 -1 5 -1 7 5 -1 5 -1 7 5 -1 1 7 5 6 -1 1 6 -1 1 7 -1 1 7 5 -1 1 5 -1 1 -1 1 7 -1 7 -1 7 5 -1 1 7 5 -1 1 2 -1 1 7 -1 1 4 7 5 -1 1 7 5 -1 7 5 -1 2 4 7 5 -1 1 4 7 5 6 -1 4 7 6 -1 7 5 6 -1 7 5 -1 1 7 5 -1 7 5 -1 1 7 5 -1 7 5 -1 7 5 6 -1 7 5 -1 1 2 7 5 -1 1 2 4 7 -1 4 7 -1 1 4 7 -1 1 4 7 5 -1 7 5 -1 7 5 6 -1 7 5 -1 7 5 6 -1 7 5 -1 5 -1 7 5 -1 1 7 5 -1 1 7 -1 7 5 -1 1 7 5 6 -1 1 7 6 -1 1 -1 1 6 -1 1 -1 1 7 -1 1 7 5 -1 1 6 -1 1 7 6 -1 1 2 7 -1 1 2 4 7 -1 7 5 -1 7 -1 1 7 -1 7 5 6 -1 1 7 5 6 -1 1 5 -1 1 -1 1 7 5 -1 1 7 -1 1 7 5 -1 7 5 -1 1 7 5 -1 7 5 -1 5 -1 7 5 -1 5 -1 7 5 -1 1 5 -1 1 7 5 -1 1 5 -1 1 7 5 -1 1 5 -1 1 7 5 -1 1 5 -1 1 7 5 -1 1 5 -1 1 7 5 -1 7 5 -1 1 7 5 -1 1 4 7 -1 2 7 -1 1 2 7 -1 7 -1 1 7 -1 7 -1 7 6 -1 7 -1 7 5 -1 1 7 5 -1 1 2 7 -1 1 7 5 -1 7 5 -1 1 7 5 -1 7 5 -1 1 2 4 7 5 -1 2 7 5 -1 7 5 6 -1 1 7 6 -1 1 7 5 6 -1 1 -1 1 7 5 -1 1 6 -1 1 5 6 -1 1 5 -1 1 5 6 -1 1 5 -1 1 5 6 -1 1 5 -1 1 7 -1 7 5 -1 1 7 5 -1 1 7 -1 1 7 5 -1 1 5 -1 1 -1 1 5 -1 1 -1 1 7 5 -1 1 7 -1 1 -1 1 6 -1 1 -1 1 7 -1 1 7 5 -1 7 5 -1 1 7 5 -1 1 7 -1 1 7 5 -1 7 5 -1 7 5 6 -1 1 7 5 6 -1 1 5 -1 1 6 -1 1 5 -1 1 7 -1 1 7 5 -1 1 7 -1 1 7 5 -1 7 5 6 -1 7 5 -1 1 7 5 -1 1 7 -1 1 -1 1 6 -1 1 7 -1 7 -1 7 5 -1 1 7 -1 1 7 5 -1 1 7 -1 1 -1 1 7 -1 1 7 5 -1 1 5 -1 5 -1 1 5 -1 1 7 5 -1 4 7 5 -1 7 -1 7 5 -1 1 7 5 6 -1 1 7 5 -1 7 5 -1 1 7 5 -1 7 5 -1 7 5 6 -1 7 6 -1 7 5 -1 7 5 6 -1 1 7 -1 1 7 5 -1 1 2 7 5 -1 1 2 7 5 6 -1 7 5 6 -1 7 5 -1 7 5 6 -1 7 5 -1 4 7 5 -1 1 2 4 7 -1 1 7 -1 1 4 7 -1 1 7 -1 1 4 7 -1 1 4 7 5 -1 1 4 7 6 -1 1 4 7 5 -1 7 5 -1 1 4 7 5 -1 7 5 -1 7 -1 7 5 -1 1 7 5 -1 1 7 -1 1 7 5 -1 1 5 -1 1 7 5 -1 1 5 -1 5 -1 7 5 -1 1 5 -1 1 7 5 -1 7 5 -1 1 7 5 -1 1 5 -1 7 5 -1 1 7 5 -1 1 5 -1 1 7 5 -1 7 5 -1 5 -1 7 5 -1 1 7 5 -1 1 7 -1 7 5 -1 7 -1 7 5 -1 1 7 -1 2 4 7 -1 4 7 5 -1 1 4 5 -1 4 7 5 -1 7 5 -1 5 -1 7 5 -1 5 -1 7 5 -1 1 7 5 -1 1 5 -1 1 7 5 -1 1 5 -1 1 7 5 -1 7 5 -1 1 7 5 -1 1 5 -1 5 -1 1 5 -1 5 -1 7 5 -1 5 -1 7 5 -1 5 -1 7 5 -1 5 -1 7 5 -1 7 -1 1 7 -1 1 2 7 5 -1 1 5 -1 1 7 5 -1 1 5 -1 1 7 5 -1 7 5 -1 1 5 -1 5 -1 7 5 -1 1 7 5 -1 1 7 -1 7 5 -1 -2
3 7 5 -1 7 5 -1 7 -1 7 5 -1 7 5 6 -1 7 5 -1 7 5 6 -1 5 6 -1 7 5 6 -1 5 6 -1 7 5 6 -1 5 6 -1 7 5 6 -1 5 -1 5 6 -1 7 5 6 -1 7 5 -1 5 -1 7 5 6 -1 7 5 -1 5 6 -1 7 5 6 -1 7 5 -1 5 6 -1 5 -1 7 5 -1 5 -1 7 5 -1 7 5 6 -1 5 6 -1 7 5 6 -1 7 5 -1 5 -1 7 5 -1 5 -1 7 5 -1 7 5 6 -1 7 5 -1 1 7 5 -1 7 5 -1 7 5 6 -1 7 5 -1 7 5 6 -1 7 6 -1 7 5 -1 5 -1 7 5 6 -1 7 5 -1 5 -1 5 6 -1 5 -1 5 6 -1 5 -1 7 5 -1 2 7 5 -1 7 5 -1 5 -1 7 5 -1 5 -1 7 5 -1 7 5 6 -1 5 -1 7 5 -1 5 -1 7 5 -1 5 -1 7 5 -1 7 5 6 -1 5 6 -1 7 5 6 -1 5 6 -1 5 -1 5 6 -1 5 -1 5 6 -1 5 -1 7 5 -1 5 -1 1 5 -1 1 7 -1 1 -1 1 5 -1 1 -1 1 5 -1 1 7 5 6 -1 5 6 -1 7 5 6 -1 5 6 -1 7 5 6 -1 5 -1 7 5 -1 5 -1 7 5 -1 5 -1 5 6 -1 5 -1 7 5 -1 5 -1 1 5 -1 1 -1 1 7 5 -1 7 5 6 -1 7 5 -1 5 6 -1 7 6 -1 7 5 6 -1 7 6 -1 7 5 -1 5 -1 7 5 -1 5 -1 5 6 -1 7 5 -1 5 -1 7 5 -1 5 -1 7 5 -1 5 -1 7 5 -1 5 -1 7 5 -1 5 -1 7 5 -1 5 -1 7 5 -1 7 5 6 -1 5 6 -1 6 -1 5 6 -1 7 5 -1 7 5 6 -1 5 6 -1 7 5 6 -1 7 5 -1 7 5 6 -1 7 5 -1 5 -1 7 5 -1 7 5 6 -1 6 -1 7 6 -1 7 -1 7 5 6 -1 7 5 -1 5 -1 5 6 -1 7 5 6 -1 7 5 -1 5 -1 7 5 -1 7 5 6 -1 5 6 -1 7 5 -1 2 7 5 -1 2 5 -1 2 7 5 -1 5 6 -1 7 5 6 -1 7 6 -1 7 5 6 -1 2 7 5 -1 2 5 -1 2 7 5 -1 2 5 -1 5 6 -1 7 5 6 -1 7 5 -1 5 -1 7 5 -1 7 5 6 -1 7 5 -1 5 -1 7 5 -1 5 -1 7 5 -1 5 6 -1 7 5 6 -1 7 5 -1 7 5 6 -1 5 6 -1 5 -1 7 5 -1 5 -1 7 5 6 -1 7 5 -1 5 -1 7 5 -1 5 6 -1 7 5 6 -1 5 6 -1 7 5 6 -1 5 -1 7 5 6 -1 5 6 -1 5 -1 7 5 -1 5 -1 2 7 5 -1 2 5 -1 2 7 5 -1 7 5 -1 5 -1 7 5 -1 5 6 -1 7 5 6 -1 7 5 -1 7 5 6 -1 5 6 -1 7 5 6 -1 5 6 -1 7 5 6 -1 7 5 -1 5 6 -1 2 5 6 -1 5 6 -1 7 5 -1 5 -1 5 6 -1 7 5 6 -1 5 6 -1 7 5 -1 5 -1 5 6 -1 7 5 6 -1 5 6 -1 7 5 6 -1 5 -1 7 5 -1 5 -1 5 6 -1 2 5 6 -1 2 7 5 -1 7 5 -1 5 -1 7 5 -1 2 7 5 -1 5 -1 7 5 -1 5 -1 5 6 -1 5 -1 7 5 -1 5 -1 5 6 -1 7 5 6 -1 5 6 -1 5 -1 5 6 -1 7 5 6 -1 5 6 -1 7 5 6 -1 7 5 -1 5 -1 7 5 -1 7 5 6 -1 5 6 -1 7 5 6 -1 2 7 5 -1 5 -1 7 5 -1 5 -1 7 5 -1 5 -1 5 6 -1 7 5 6 -1 5 6 -1 5 -1 7 5 -1 5 -1 7 5 -1 1 7 5 -1 5 -1 7 5 -1 5 -1 5 6 -1 2 5 6 -1 2 7 5 6 -1 7 5 6 -1 5 6 -1 5 -1 5 6 -1 5 -1 7 5 -1 5 6 -1 7 5 6 -1 5 -1 5 6 -1 7 5 6 -1 5 6 -1 7 5 6 -1 5 6 -1 5 -1 5 6 -1 5 -1 5 6 -1 5 -1 5 6 -1 7 5 6 -1 7 5 -1 5 -1 5 6 -1 5 -1 5 6 -1 5 -1 5 6 -1 5 -1 5 6 -1 2 5 6 -1 2 -1 2 5 -1 5 -1 5 6 -1 5 -1 5 6 -1 7 5 6 -1 5 6 -1 5 -1 7 5 -1 5 6 -1 5 -1 5 6 -1 5 -1 5 6 -1 7 5 6 -1 5 6 -1 5 -1 5 6 -1 7 5 6 -1 7 5 -1 2 7 5 -1 2 -1 2 7 -1 2 -1 2 7 5 -1 7 5 -1 5 -1 7 5 -1 7 5 6 -1 5 6 -1 7 5 6 -1 7 5 -1 5 -1 5 6 -1 5 -1 5 6 -1 7 5 -1 5 6 -1 7 5 6 -1 7 5 -1 5 -1 5 6 -1 5 -1 5 6 -1 7 5 -1 7 5 6 -1 5 -1 5 6 -1 5 -1 7 5 -1 5 -1 5 6 -1 7 5 6 -1 5 6 -1 7 5 6 -1 7 5 -1 7 5 6 -1 7 5 -1 5 6 -1 7 5 6 -1 5 -1 5 6 -1 5 -1 5 6 -1 5 -1 5 6 -1 7 5 6 -1 5 6 -1 5 -1 7 5 -1 5 -1 3 7 5 -1 7 5 -1 5 -1 7 5 -1 5 -1 5 6 -1 7 5 6 -1 7 5 -1 5 -1 5 6 -1 7 5 6 -1 7 5 -1 5 6 -1 7 5 6 -1 5 6 -1 5 -1 5 6 -1 7 5 6 -1 5 6 -1 7 5 -1 5 6 -1 6 -1 5 6 -1 7 6 -1 3 7 5 -1 7 5 -1 5 -1 5 6 -1 5 -1 7 5 -1 5 -1 5 6 -1 5 -1 5 6 -1 6 -1 5 6 -1 7 5 6 -1 5 6 -1 7 5 -1 5 -1 7 5 -1 7 5 6 -1 5 6 -1 5 -1 7 5 -1 5 -1 7 5 -1 7 5 6 -1 5 -1 4 7 5 -1 7 5 6 -1 7 5 -1 5 -1 5 6 -1 5 -1 5 6 -1 7 5 -1 5 6 -1 7 5 6 -1 7 5 -1 5 -1 7 5 -1 5 -1 2 7 5 -1 2 7 -1 7 -1 2 7 -1 2 4 7 -1 2 7 -1 2 7 5 -1 7 5 -1 7 5 6 -1 5 6 -1 6 -1 5 6 -1 5 -1 5 6 -1 5 -1 5 6 -1 5 -1 5 6 -1 5 -1 5 6 -1 3 7 5 6 -1 5 -1 7 5 -1 5 -1 7 5 -1 5 -1 5 6 -1 7 5 6 -1 5 6 -1 5 -1 7 5 -1 5 -1 7 5 -1 7 5 6 -1 7 5 -1 7 5 6 -1 5 6 -1 7 5 6 -1 7 5 -1 5 6 -1 7 5 6 -1 7 5 -1 7 5 6 -1 5 6 -1 7 5 6 -1 7 5 -1 5 -1 7 5 -1 7 5 6 -1 5 6 -1 7 5 6 -1 5 -1 7 5 -1 5 -1 7 5 -1 7 5 6 -1 5 6 -1 7 5 -1 7 5 6 -1 5 -1 7 5 -1 7 5 6 -1 7 5 -1 7 5 6 -1 5 6 -1 7 5 6 -1 7 5 -1 7 5 6 -1 5 6 -1 5 -1 7 5 -1 7 5 6 -1 5 6 -1 7 5 6 -1 7 5 -1 5 -1 3 7 5 6 -1 7 5 -1 5 -1 7 5 -1 7 5 6 -1 5 6 -1 6 -1 5 6 -1 6 -1 5 6 -1 7 5 6 -1 7 5 -1 5 -1 7 5 -1 7 5 6 -1 7 5 -1 5 -1 7 5 -1 7 5 6 -1 5 6 -1 7 5 6 -1 7 5 -1 7 5 6 -1 5 6 -1 7 5 6 -1 7 5 -1 5 -1 7 5 -1 7 -1 7 5 -1 5 -1 7 5 -1 7 5 6 -1 7 5 -1 7 5 6 -1 5 6 -1 5 -1 7 5 -1 7 -1 7 6 -1 3 7 5 6 -1 7 5 -1 5 -1 7 5 -1 5 -1 7 5 -1 7 5 6 -1 5 6 -1 7 5 6 -1 7 5 -1 7 5 6 -1 7 5 -1 5 -1 7 5 -1 7 -1 7 5 -1 7 5 6 -1 7 5 -1 7 5 6 -1 5 6 -1 6 -1 7 5 6 -1 7 5 -1 7 5 6 -1 7 5 -1 7 5 6 -1 7 5 -1 7 5 6 -1 7 5 -1 7 5 6 -1 7 5 -1 5 -1 7 5 -1 5 -1 7 5 -1 5 -1 7 5 -1 5 6 -1 7 5 6 -1 7 5 -1 5 -1 7 5 6 -1 5 6 -1 7 5 6 -1 7 5 -1 7 5 6 -1 5 6 -1 7 5 -1 7 5 6 -1 5 -1 7 5 -1 5 6 -1 7 5 6 -1 7 5 -1 5 -1 7 5 -1 5 -1 7 5 -1 5 -1 5 6 -1 7 5 6 -1 7 5 -1 5 -1 7 5 -1 5 -1 7 5 -1 5 -1 7 5 -1 7 5 6 -1 2 5 6 -1 2 3 7 5 -1 3 7 5 6 -1 7 5 6 -1 7 5 -1 5 -1 5 6 -1 5 -1 7 5 -1 5 6 -1 5 -1 7 5 -1 5 -1 7 5 -1 1 7 5 -1 7 5 -1 5 -1 7 5 -1 7 5 6 -1 7 5 -1 7 5 6 -1 7 5 -1 5 -1 7 5 -1 7 5 6 -1 7 -1 7 5 6 -1 5 6 -1 7 5 6 -1 7 6 -1 3 7 -1 1 3 7 -1 1 -1 1 5 -1 5 -1 7 5 -1 1 7 5 -1 5 -1 7 5 -1 5 -1 7 5 -1 3 4 7 5 -1 3 5 -1 5 -1 2 7 5 -1 7 -1 7 5 -1 2 7 5 -1 2 5 -1 5 -1 7 5 -1 5 -1 7 5 -1 5 -1 7 5 -1 3 7 5 -1 3 5 -1 5 -1 7 5 -1 1 7 5 -1 7 5 -1 1 7 5 -1 5 -1 1 7 5 -1 1 5 -1 5 -1 1 5 -1 5 -1 7 5 6 -1 5 6 -1 7 5 6 -1 7 5 -1 5 -1 5 6 -1 5 -1 7 5 6 -1 7 5 -1 1 7 5 -1 7 5 6 -1 5 6 -1 7 6 -1 7 5 -1 5 -1 7 5 -1 5 6 -1 5 -1 7 5 -1 5 -1 7 5 -1 5 -1 7 5 6 -1 7 5 -1 5 -1 5 6 -1 5 -1 5 6 -1 7 5 6 -1 7 5 -1 5 6 -1 7 5 6 -1 5 -1 7 5 -1 5 -1 7 5 -1 5 -1 7 5 -1 1 7 -1 1 7 5 -1 1 -1 1 7 5 6 -1 7 5 6 -1 5 6 -1 5 -1 5 6 -1 5 -1 7 5 -1 5 -1 7 5 -1 5 -1 7 5 -1 5 -1 -2
7 5 -1 2 4 7 -1 2 4 -1 4 7 -1 7 -1 7 5 -1 7 -1 7 5 -1 7 -1 7 5 -1 2 7 -1 2 7 5 -1 7 -1 7 5 -1 5 -1 7 5 -1 5 -1 7 5 -1 5 -1 7 5 -1 7 -1 7 5 -1 7 5 6 -1 5 6 -1 7 5 -1 7 -1 7 5 -1 5 -1 7 5 -1 5 -1 7 5 -1 5 -1 7 5 -1 5 -1 7 5 -1 2 7 5 -1 7 5 -1 2 7 5 6 -1 2 5 6 -1 2 5 -1 2 7 5 -1 7 -1 7 5 -1 7 -1 7 5 -1 7 -1 7 5 -1 7 -1 7 5 -1 5 -1 7 5 -1 7 -1 7 5 -1 5 -1 7 5 -1 2 7 5 -1 7 5 -1 5 -1 7 5 -1 5 -1 7 5 -1 5 -1 7 5 -1 7 -1 7 5 -1 7 -1 7 5 -1 5 -1 7 5 -1 1 7 5 -1 7 5 -1 7 -1 7 5 -1 7 -1 7 5 -1 7 -1 7 5 -1 7 -1 7 5 -1 7 -1 7 5 -1 7 -1 7 5 -1 1 7 -1 7 -1 7 5 -1 2 7 -1 7 -1 2 7 5 -1 7 5 -1 7 -1 2 7 6 -1 2 6 -1 2 7 5 6 -1 5 -1 7 5 -1 2 7 5 -1 7 5 -1 2 7 5 -1 7 5 -1 7 -1 7 5 -1 7 -1 7 5 -1 5 -1 7 5 -1 5 -1 7 5 -1 5 -1 7 5 -1 5 -1 7 5 -1 7 -1 2 7 5 -1 2 5 -1 5 -1 2 5 -1 5 -1 7 5 -1 7 -1 2 7 -1 2 -1 5 -1 7 5 -1 2 7 5 -1 7 5 -1 1 2 7 -1 2 5 -1 7 5 -1 7 -1 7 5 -1 7 -1 7 5 -1 3 7 5 -1 7 5 -1 1 7 -1 7 5 -1 7 -1 7 5 -1 2 5 -1 5 -1 7 -1 7 5 -1 7 -1 7 5 -1 2 7 5 -1 2 -1 2 5 -1 2 7 5 -1 5 -1 7 5 -1 2 -1 2 7 -1 2 7 5 -1 5 -1 1 2 7 -1 7 -1 7 5 -1 7 -1 7 5 -1 5 -1 7 5 -1 2 7 -1 7 -1 7 5 -1 7 -1 7 5 -1 1 7 -1 7 5 -1 5 -1 2 5 -1 5 -1 7 5 -1 5 -1 7 5 -1 5 -1 7 5 -1 5 -1 7 5 -1 5 -1 7 5 -1 5 -1 7 5 -1 1 7 -1 7 5 -1 1 7 5 -1 7 5 -1 1 7 5 -1 7 5 6 -1 7 6 -1 7 -1 7 5 -1 7 -1 7 5 -1 5 -1 7 5 -1 7 5 6 -1 7 5 -1 5 -1 7 5 -1 5 -1 7 5 -1 2 7 5 -1 7 -1 5 -1 7 -1 7 5 -1 2 7 -1 7 -1 7 5 -1 7 -1 7 5 -1 2 7 5 -1 7 -1 7 5 -1 1 7 5 -1 7 5 -1 7 -1 2 7 5 -1 2 5 -1 5 -1 7 -1 2 7 -1 2 5 -1 7 5 -1 7 -1 7 5 -1 7 -1 7 5 -1 5 -1 2 7 5 -1 2 7 -1 2 7 5 -1 2 5 -1 2 7 5 -1 7 5 -1 2 5 -1 5 -1 7 5 -1 1 7 5 -1 1 5 -1 7 5 -1 1 7 5 -1 7 5 -1 1 7 5 -1 7 5 -1 1 7 5 -1 1 7 -1 1 7 5 -1 5 -1 7 5 -1 7 -1 7 5 -1 7 -1 7 5 -1 7 -1 7 5 -1 7 -1 7 5 -1 2 7 5 -1 2 5 -1 2 7 5 -1 7 5 -1 1 2 7 5 -1 2 7 5 -1 2 7 -1 5 -1 2 5 -1 5 -1 7 5 -1 2 7 -1 7 -1 7 5 -1 7 -1 2 7 5 -1 7 5 -1 5 -1 7 5 -1 7 -1 7 5 -1 2 7 5 -1 2 5 -1 7 5 -1 7 -1 1 7 -1 7 -1 1 7 -1 7 -1 7 5 -1 1 7 -1 1 2 7 5 -1 2 5 -1 2 7 5 -1 7 5 -1 2 7 -1 2 7 5 -1 2 5 -1 5 -1 2 7 5 -1 7 5 -1 2 7 -1 7 5 -1 1 7 -1 7 5 -1 1 7 5 -1 5 -1 7 5 -1 1 7 5 -1 7 5 -1 1 7 5 -1 7 -1 2 7 -1 2 7 5 -1 2 5 -1 1 2 7 5 -1 1 7 6 -1 7 -1 7 5 -1 5 -1 7 5 -1 2 7 -1 2 7 5 -1 2 4 7 5 -1 2 7 5 -1 2 -1 5 -1 7 5 -1 7 -1 7 5 -1 2 4 7 5 -1 2 4 -1 2 3 6 -1 5 -1 7 5 -1 5 -1 7 5 -1 7 -1 7 5 -1 2 7 5 -1 1 7 5 -1 1 7 -1 7 -1 7 5 -1 2 5 -1 7 5 -1 7 -1 7 5 -1 1 7 5 -1 1 2 7 5 -1 2 5 -1 5 -1 2 5 -1 2 7 5 -1 7 -1 7 5 -1 7 -1 7 5 -1 2 7 5 -1 2 5 -1 7 5 -1 2 7 5 -1 5 -1 7 5 -1 7 -1 7 5 -1 7 -1 1 7 -1 7 5 -1 2 5 -1 5 -1 2 7 5 -1 5 -1 7 5 -1 7 -1 7 5 -1 7 -1 7 5 -1 7 -1 7 5 -1 7 -1 7 5 -1 7 -1 2 7 5 -1 7 5 -1 1 7 -1 1 7 5 -1 1 7 -1 7 5 -1 1 7 -1 1 7 5 -1 7 5 -1 1 7 -1 7 5 -1 7 -1 7 5 -1 5 -1 7 5 -1 5 -1 7 5 -1 5 -1 7 5 -1 5 -1 7 5 -1 2 7 5 -1 2 5 -1 2 7 5 -1 7 5 -1 2 5 -1 5 -1 2 7 5 -1 7 5 -1 2 7 5 -1 2 5 -1 7 5 -1 2 7 6 -1 7 5 6 -1 5 -1 1 7 5 -1 1 2 7 5 -1 2 5 -1 2 7 5 -1 7 5 -1 2 7 5 -1 2 5 -1 2 5 6 -1 2 7 5 -1 7 5 -1 7 -1 1 7 -1 7 -1 1 7 5 -1 1 7 -1 7 -1 1 7 -1 1 7 5 -1 2 7 5 -1 7 5 -1 2 5 -1 2 7 5 -1 7 5 -1 7 -1 2 7 5 6 -1 2 5 -1 2 7 5 -1 7 5 -1 2 7 5 -1 2 -1 2 7 -1 7 -1 7 5 -1 5 -1 2 7 5 -1 7 5 -1 2 5 -1 5 -1 2 7 5 -1 2 7 -1 7 5 -1 5 -1 2 7 5 -1 7 -1 2 7 -1 2 -1 4 -1 7 5 -1 5 -1 6 -1 5 6 -1 2 5 -1 5 -1 7 5 -1 2 7 5 -1 5 -1 7 5 -1 2 7 -1 7 5 -1 2 3 4 5 -1 3 -1 5 -1 2 7 5 -1 7 5 -1 5 -1 2 7 5 -1 7 5 -1 7 -1 7 5 -1 5 -1 7 5 -1 7 -1 5 -1 7 5 -1 2 7 5 -1 2 5 -1 5 -1 7 5 -1 1 7 -1 7 5 -1 5 -1 7 5 -1 7 -1 2 7 5 -1 7 5 6 -1 2 5 -1 5 -1 7 5 -1 2 7 5 6 -1 2 5 6 -1 5 -1 1 2 7 5 -1 7 5 -1 5 -1 7 5 -1 1 7 5 -1 7 5 -1 5 -1 7 5 -1 1 7 5 -1 7 5 -1 2 7 -1 2 7 5 -1 2 7 -1 2 5 -1 2 7 5 -1 7 5 -1 7 -1 7 5 -1 1 7 -1 7 -1 7 5 -1 7 -1 1 7 5 -1 7 5 -1 7 -1 7 5 -1 7 -1 7 5 -1 5 -1 7 5 -1 5 -1 7 5 -1 5 -1 7 5 -1 2 7 5 -1 2 5 6 -1 2 5 -1 5 -1 2 5 -1 5 -1 2 5 -1 5 -1 7 5 -1 2 5 -1 2 7 5 -1 7 5 -1 1 7 5 -1 7 5 -1 1 7 5 -1 1 2 7 5 -1 2 -1 2 5 -1 7 5 -1 5 -1 7 5 -1 5 -1 7 5 -1 2 7 5 -1 5 -1 5 6 -1 5 -1 7 5 -1 2 5 -1 5 -1 2 5 -1 5 -1 2 7 5 -1 2 7 -1 2 5 -1 1 7 5 -1 1 7 -1 7 -1 7 5 -1 2 7 5 -1 1 2 7 5 -1 2 5 -1 5 -1 2 4 7 5 -1 2 4 7 -1 3 5 -1 5 -1 7 5 -1 7 -1 7 5 -1 5 -1 7 5 -1 2 7 5 -1 2 5 -1 5 -1 2 7 5 -1 2 5 -1 5 -1 2 7 5 -1 7 -1 7 5 -1 2 5 6 -1 7 5 -1 7 -1 7 5 -1 2 5 -1 2 7 5 -1 7 5 -1 2 7 5 -1 2 7 -1 7 -1 7 5 -1 7 -1 7 5 -1 5 -1 2 6 -1 2 5 6 -1 2 6 -1 5 6 -1 7 5 -1 2 7 -1 7 5 -1 5 -1 5 6 -1 2 7 5 -1 7 5 -1 5 -1 7 5 -1 1 7 5 -1 7 5 -1 1 7 5 -1 7 5 -1 1 7 -1 1 7 5 -1 1 7 -1 7 5 -1 1 7 -1 1 7 5 -1 1 7 -1 1 7 5 -1 7 5 -1 1 7 5 -1 7 5 -1 1 7 5 -1 7 5 -1 1 7 5 -1 7 5 -1 1 7 5 -1 7 5 -1 7 -1 1 7 -1 7 -1 7 5 -1 5 -1 7 5 -1 7 -1 7 5 -1 1 7 -1 7 5 -1 2 7 5 -1 7 5 -1 1 7 5 -1 2 5 6 -1 7 5 -1 5 -1 7 5 -1 5 -1 7 5 -1 1 7 -1 1 7 5 -1 7 5 -1 1 7 -1 7 5 -1 1 7 5 -1 7 5 -1 1 7 -1 7 5 -1 2 7 5 -1 2 5 -1 7 5 -1 2 7 -1 7 -1 2 7 -1 7 -1 7 5 -1 7 -1 7 5 -1 7 -1 7 5 -1 7 -1 7 5 -1 7 -1 7 5 -1 7 -1 7 5 -1 7 -1 7 5 -1 1 7 5 -1 2 5 -1 5 -1 7 5 -1 7 -1 7 5 -1 5 -1 7 5 -1 5 -1 7 5 -1 5 -1 7 5 -1 5 -1 7 5 -1 7 -1 5 -1 7 5 -1 1 2 7 5 -1 1 2 -1 7 -1 2 7 5 -1 7 5 -1 5 -1 7 5 -1 2 7 5 -1 2 4 5 -1 4 7 -1 4 7 5 -1 5 -1 2 4 7 5 -1 7 -1 2 4 7 -1 2 7 -1 7 -1 7 5 -1 5 -1 7 5 -1 5 -1 7 5 -1 7 -1 2 7 5 -1 7 5 -1 5 -1 7 5 -1 5 -1 2 7 5 -1 7 -1 7 5 -1 7 -1 7 5 -1 7 -1 1 7 5 -1 7 5 -1 5 -1 7 5 -1 2 7 -1 1 7 -1 7 5 -1 5 -1 7 5 -1 7 -1 2 7 -1 7 -1 7 5 -1 1 7 5 -1 7 5 -1 5 -1 7 5 -1 5 -1 7 5 -1 5 -1 7 5 -1 2 7 5 -1 7 5 -1 5 -1 2 5 -1 1 2 7 5 -1 2 7 5 -1 2 5 -1 5 -1 7 5 -1 7 -1 7 5 -1 5 -1 7 5 -1 1 7 5 -1 1 7 -1 7 -1 1 7 -1 7 -1 1 7 -1 7 5 -1 7 -1 7 5 -1 7 -1 7 5 -1 7 -1 7 5 -1 -2
7 -1 4 7 -1 4 7 5 -1 7 5 -1 7 -1 7 5 -1 7 -1 7 5 -1 7 -1 7 5 -1 5 -1 7 5 -1 1 7 5 -1 1 5 -1 5 -1 7 5 -1 7 5 6 -1 7 5 -1 7 -1 7 5 -1 7 5 6 -1 7 5 -1 7 5 6 -1 7 -1 7 6 -1 7 5 -1 7 5 6 -1 7 -1 7 5 -1 7 -1 7 5 -1 1 7 5 -1 7 5 -1 7 -1 7 5 -1 5 -1 7 5 -1 5 -1 1 7 5 -1 7 -1 7 5 -1 7 5 6 -1 5 -1 7 5 -1 1 7 5 -1 1 5 -1 7 5 -1 7 -1 7 5 -1 1 7 5 -1 1 5 -1 5 -1 7 5 -1 1 7 5 -1 7 -1 7 5 -1 1 7 5 -1 1 5 -1 1 7 5 -1 1 5 -1 1 7 5 -1 7 5 -1 7 5 6 -1 7 5 -1 7 5 6 -1 7 5 -1 7 5 6 -1 7 5 -1 7 5 6 -1 7 5 -1 7 5 6 -1 7 5 -1 7 -1 7 5 -1 7 -1 7 5 -1 1 7 5 -1 7 5 -1 7 -1 7 5 -1 1 7 5 -1 7 5 -1 1 7 5 -1 7 5 -1 1 7 5 -1 1 5 -1 7 5 -1 1 7 5 -1 5 -1 7 5 -1 7 -1 7 5 -1 1 7 5 -1 7 5 -1 5 -1 7 5 -1 4 7 5 -1 7 5 -1 1 7 5 -1 7 5 -1 7 5 6 -1 2 7 -1 2 4 7 5 -1 1 2 4 7 5 -1 7 5 -1 4 7 5 -1 7 5 6 -1 7 6 -1 7 -1 7 6 -1 7 -1 7 5 6 -1 1 5 -1 1 -1 1 7 -1 1 7 5 -1 7 5 -1 4 7 5 -1 7 6 -1 7 5 -1 1 7 5 -1 7 5 -1 5 -1 7 5 -1 1 7 5 -1 1 4 5 -1 1 7 5 -1 7 -1 7 5 -1 1 7 5 -1 7 -1 7 6 -1 7 5 -1 1 7 5 -1 7 5 -1 7 -1 7 5 6 -1 7 6 -1 7 5 6 -1 7 5 -1 7 5 6 -1 7 6 -1 7 -1 7 5 -1 7 -1 7 5 -1 7 -1 1 7 -1 1 7 5 -1 7 5 -1 7 -1 7 5 -1 7 -1 7 5 -1 7 -1 7 5 -1 7 -1 7 5 -1 7 -1 7 5 -1 1 7 -1 1 7 5 -1 7 5 -1 7 -1 1 7 5 -1 1 5 -1 1 7 5 -1 7 5 -1 7 -1 1 7 5 -1 1 5 -1 7 5 -1 7 -1 7 5 -1 7 -1 7 5 -1 7 -1 7 5 -1 7 -1 7 5 -1 1 4 7 5 -1 1 2 -1 1 2 4 -1 1 2 4 7 -1 7 5 -1 7 -1 7 5 -1 7 -1 7 5 -1 7 -1 7 5 -1 7 -1 7 5 -1 7 -1 7 5 -1 7 -1 7 5 -1 7 -1 7 5 -1 7 -1 7 5 -1 1 7 5 6 -1 1 7 5 -1 7 5 -1 7 -1 7 5 -1 7 -1 7 5 -1 2 4 7 5 -1 1 2 4 7 -1 2 4 7 5 -1 1 4 7 5 -1 1 7 5 -1 7 5 -1 5 -1 7 5 -1 7 5 6 -1 1 7 5 6 -1 1 7 -1 7 -1 7 5 -1 7 -1 1 7 5 -1 1 5 -1 1 7 5 -1 7 5 -1 7 -1 1 7 5 -1 1 5 -1 1 7 5 -1 7 5 -1 1 2 4 7 5 -1 7 5 -1 7 -1 7 5 -1 1 7 5 -1 7 5 -1 1 7 5 -1 1 2 4 -1 1 2 4 7 5 -1 1 7 5 -1 7 5 -1 1 7 5 -1 7 5 -1 7 -1 7 5 -1 1 7 5 -1 7 -1 7 5 -1 7 -1 7 5 -1 7 -1 7 5 -1 7 -1 1 7 5 -1 1 5 -1 7 5 -1 1 7 5 -1 7 5 -1 7 -1 7 5 -1 7 -1 7 5 -1 7 6 -1 7 5 6 -1 7 5 -1 7 -1 1 4 7 -1 7 -1 7 5 -1 1 4 7 -1 1 7 -1 7 5 -1 7 -1 7 5 -1 1 5 -1 1 7 5 -1 7 5 -1 1 7 5 -1 7 -1 7 5 -1 7 -1 7 5 -1 1 7 5 -1 1 4 5 -1 1 7 5 -1 7 5 -1 1 7 5 -1 7 5 -1 7 -1 7 5 -1 7 -1 7 5 -1 7 -1 7 5 -1 7 -1 7 5 -1 7 -1 1 7 5 -1 7 5 -1 7 -1 4 7 5 -1 7 5 -1 2 7 -1 7 5 -1 7 -1 7 5 -1 1 7 5 -1 7 5 -1 1 7 5 -1 7 -1 7 5 -1 1 7 5 -1 7 -1 7 5 -1 7 5 6 -1 7 -1 7 5 -1 7 -1 7 5 -1 7 -1 1 7 5 -1 7 5 -1 7 -1 1 7 5 -1 7 -1 7 5 -1 7 -1 7 5 -1 7 -1 1 7 5 -1 7 -1 7 5 -1 4 7 5 -1 1 2 4 7 5 -1 7 5 -1 7 -1 7 5 -1 2 7 5 -1 7 -1 7 5 -1 1 7 5 -1 1 7 -1 1 7 5 -1 7 5 -1 7 -1 7 5 -1 1 7 5 -1 7 -1 7 5 -1 2 7 -1 1 2 7 -1 1 7 5 -1 7 5 -1 7 -1 7 5 -1 7 -1 7 5 -1 7 -1 7 5 -1 7 -1 7 5 -1 1 7 5 -1 7 5 -1 7 -1 1 7 5 -1 7 5 -1 7 -1 1 7 5 -1 7 5 -1 7 -1 7 6 -1 7 5 -1 7 5 6 -1 7 5 -1 1 2 4 7 5 -1 1 7 5 -1 7 5 -1 7 -1 7 5 -1 7 -1 7 5 -1 7 6 -1 1 7 5 6 -1 1 5 -1 1 7 5 -1 7 5 -1 7 -1 7 5 -1 1 7 5 -1 7 5 -1 7 -1 1 7 5 -1 7 -1 7 5 -1 7 -1 7 5 -1 7 -1 1 7 5 -1 7 5 -1 7 -1 7 5 -1 7 -1 7 5 -1 7 -1 7 6 -1 7 5 -1 1 7 5 -1 7 5 -1 7 -1 1 7 5 -1 1 5 -1 7 5 -1 7 -1 7 5 -1 7 -1 1 7 5 -1 7 -1 7 5 -1 1 5 -1 1 7 5 -1 1 5 -1 1 7 5 -1 7 5 -1 7 -1 7 5 -1 7 -1 1 7 5 -1 7 -1 7 5 -1 7 -1 7 5 -1 1 7 5 -1 7 -1 7 5 -1 7 -1 7 5 -1 7 5 6 -1 7 5 -1 7 -1 7 5 -1 7 -1 7 5 -1 7 -1 7 5 -1 7 -1 7 5 -1 7 -1 7 5 6 -1 4 7 5 6 -1 7 5 6 -1 7 6 -1 7 -1 7 6 -1 7 -1 7 6 -1 7 5 -1 7 5 6 -1 7 6 -1 7 -1 7 6 -1 7 5 -1 7 5 6 -1 7 6 -1 7 -1 7 5 -1 7 -1 7 5 -1 7 5 6 -1 7 5 -1 7 -1 7 5 -1 7 -1 7 5 -1 1 7 5 -1 1 5 -1 1 -1 1 5 -1 1 7 5 -1 7 5 -1 1 7 5 -1 5 -1 7 5 -1 1 7 5 -1 1 7 -1 7 5 -1 7 -1 7 6 -1 7 -1 7 5 6 -1 7 -1 7 5 -1 7 -1 7 5 -1 1 7 5 -1 7 5 -1 1 7 5 -1 7 5 -1 1 7 5 -1 1 5 -1 7 5 -1 1 7 -1 7 -1 7 6 -1 7 5 6 -1 1 5 -1 7 5 -1 5 -1 7 5 -1 7 5 6 -1 7 -1 7 5 -1 7 5 6 -1 7 5 -1 5 -1 7 5 -1 1 5 -1 1 7 5 -1 1 7 -1 7 -1 1 7 -1 1 7 5 -1 7 -1 2 4 7 5 -1 1 2 4 7 -1 1 7 5 -1 7 5 -1 4 7 5 -1 7 5 6 -1 7 5 -1 7 5 6 -1 7 6 -1 7 5 -1 7 -1 7 5 -1 7 -1 7 5 -1 7 -1 7 5 6 -1 7 6 -1 7 -1 7 5 -1 7 5 6 -1 7 5 -1 7 5 6 -1 7 5 -1 1 4 7 5 -1 1 2 4 7 -1 4 7 6 -1 4 7 -1 7 5 -1 7 5 6 -1 7 6 -1 7 5 6 -1 7 5 -1 7 -1 7 5 -1 7 5 6 -1 4 7 5 6 -1 7 5 6 -1 7 5 -1 7 5 6 -1 7 5 -1 5 -1 7 5 -1 1 7 5 -1 1 7 -1 1 7 5 -1 1 5 -1 5 -1 1 7 5 -1 1 7 -1 1 6 -1 1 -1 1 7 5 -1 1 2 4 7 5 -1 4 7 5 -1 7 5 -1 4 7 5 -1 7 5 6 -1 5 6 -1 7 5 6 -1 7 5 -1 1 7 5 -1 1 5 -1 1 7 5 -1 7 5 -1 5 -1 7 5 -1 5 -1 7 5 -1 1 7 5 -1 5 -1 1 5 -1 1 7 5 -1 7 5 -1 5 -1 7 5 -1 7 -1 7 5 -1 1 7 5 -1 2 4 7 5 -1 7 5 -1 7 -1 7 5 -1 1 7 5 -1 7 5 -1 5 -1 7 5 -1 5 -1 7 5 -1 5 -1 7 5 -1 1 5 -1 1 7 5 -1 7 5 -1 1 5 -1 1 7 5 -1 7 5 -1 5 -1 7 5 -1 5 -1 7 5 -1 5 -1 1 5 -1 5 -1 1 5 -1 5 -1 1 5 -1 5 -1 1 5 -1 5 -1 7 5 -1 7 -1 7 5 6 -1 5 6 -1 5 -1 1 5 -1 5 -1 1 5 -1 5 -1 7 5 -1 5 -1 1 5 -1 1 7 5 -1 1 7 -1 1 7 5 -1 7 5 -1 5 -1 1 5 -1 1 7 5 -1 7 5 -1 1 7 5 -1 7 5 -1 7 -1 7 5 -1 7 -1 7 5 -1 7 -1 7 6 -1 7 5 6 -1 5 -1 7 5 -1 5 -1 7 5 -1 7 5 6 -1 5 6 -1 7 5 6 -1 1 7 -1 1 7 5 -1 7 5 -1 5 -1 7 5 -1 5 -1 7 5 -1 5 -1 7 5 -1 5 -1 4 5 -1 4 7 5 -1 2 4 7 -1 1 4 7 -1 1 7 -1 1 4 7 -1 1 4 7 5 -1 7 5 -1 1 7 5 -1 1 4 7 5 -1 1 7 5 -1 7 5 -1 5 -1 7 5 -1 7 -1 7 5 -1 4 7 5 -1 7 5 -1 1 7 5 -1 7 5 -1 7 -1 7 5 -1 7 -1 7 5 -1 4 7 5 -1 7 5 -1 7 5 6 -1 7 5 -1 7 -1 7 5 -1 1 7 -1 7 5 -1 7 -1 7 5 -1 7 -1 7 5 -1 7 -1 7 5 -1 7 -1 7 5 -1 7 -1 7 5 -1 7 -1 7 5 -1 -2
1 5 -1 1 -1 1 7 -1 1 4 7 -1 1 4 7 5 -1 7 -1 1 7 -1 7 -1 1 7 -1 1 -1 1 7 -1 1 -1 1 7 -1 7 -1 1 7 -1 1 -1 1 7 -1 1 -1 1 7 -1 1 7 5 6 -1 1 7 5 -1 1 -1 1 5 -1 1 -1 1 7 -1 1 7 5 -1 1 -1 1 7 -1 7 5 -1 1 5 -1 5 -1 1 7 5 -1 5 -1 1 5 -1 1 -1 1 7 -1 7 6 -1 7 -1 1 7 -1 1 -1 1 2 -1 1 -1 1 7 -1 7 -1 7 6 -1 1 7 6 -1 1 7 -1 7 -1 1 7 -1 1 -1 1 7 -1 1 -1 1 7 -1 1 -1 1 7 6 -1 7 6 -1 7 -1 1 7 -1 1 -1 1 7 -1 1 -1 1 7 -1 1 7 5 6 -1 5 6 -1 3 6 -1 1 7 6 -1 1 -1 1 5 -1 1 7 5 -1 1 7 -1 1 7 6 -1 7 6 -1 7 -1 1 7 -1 7 -1 1 7 -1 7 -1 1 7 -1 1 -1 1 7 -1 1 -1 1 7 -1 1 -1 1 7 -1 7 5 -1 4 7 5 -1 4 5 -1 4 7 5 -1 7 5 -1 7 -1 1 7 -1 1 -1 1 7 -1 1 7 5 -1 1 7 -1 1 -1 1 7 -1 1 -1 1 7 5 -1 1 7 -1 1 7 5 -1 7 5 -1 7 5 6 -1 7 6 -1 7 -1 1 7 -1 7 5 6 -1 7 5 -1 7 -1 1 7 -1 7 5 -1 5 -1 1 7 5 -1 1 -1 1 7 -1 1 7 5 -1 7 5 -1 1 7 -1 1 -1 1 5 -1 1 7 6 -1 7 6 -1 7 5 6 -1 7 5 -1 7 -1 7 5 -1 1 7 5 -1 1 7 -1 7 -1 7 5 -1 7 -1 1 7 -1 1 5 -1 1 -1 1 5 -1 1 7 -1 7 -1 7 5 6 -1 1 7 -1 1 -1 1 7 5 -1 7 5 6 -1 1 7 5 -1 1 7 -1 1 -1 1 5 -1 7 5 -1 1 7 -1 1 7 6 -1 7 5 6 -1 1 7 5 -1 1 5 -1 1 7 5 -1 7 5 -1 4 7 -1 7 -1 1 7 5 -1 1 5 -1 1 7 5 -1 7 5 6 -1 7 6 -1 7 5 6 -1 1 7 5 -1 1 5 -1 1 7 5 -1 1 7 -1 1 -1 1 7 5 -1 7 5 -1 1 7 5 -1 1 -1 1 7 -1 7 5 -1 7 -1 1 7 -1 7 -1 1 7 -1 7 5 -1 7 -1 7 5 -1 1 7 -1 1 7 5 -1 1 -1 1 7 -1 7 5 -1 1 7 5 -1 7 5 -1 1 7 5 -1 1 7 -1 1 7 5 -1 1 5 -1 1 -1 1 7 -1 7 -1 1 7 5 -1 7 5 -1 7 5 6 -1 1 7 -1 1 -1 1 7 5 -1 2 7 -1 7 -1 4 7 -1 7 6 -1 7 5 -1 7 -1 1 7 5 -1 1 7 -1 1 -1 1 5 -1 4 7 5 -1 7 -1 7 5 -1 1 7 5 -1 1 -1 1 7 -1 7 6 -1 1 7 -1 1 7 5 -1 7 5 -1 1 7 5 -1 7 5 -1 1 7 5 -1 1 -1 1 5 -1 1 7 5 -1 7 5 6 -1 1 7 -1 1 7 5 -1 1 7 -1 7 -1 1 7 -1 1 -1 1 7 -1 7 -1 1 7 -1 1 -1 1 7 -1 1 7 5 -1 7 5 -1 7 -1 1 7 -1 1 -1 1 7 -1 1 -1 1 7 -1 7 -1 7 5 -1 7 5 6 -1 7 6 -1 7 -1 1 7 -1 7 -1 7 5 -1 7 -1 7 5 -1 7 -1 1 7 5 -1 1 7 -1 1 7 5 -1 7 5 -1 7 -1 7 5 -1 1 7 5 -1 1 -1 1 7 -1 1 -1 1 7 5 -1 7 5 6 -1 7 5 -1 5 -1 7 5 -1 1 7 5 -1 1 7 -1 1 -1 1 7 -1 1 7 5 -1 1 -1 1 7 -1 1 7 5 -1 7 5 -1 7 -1 7 5 -1 1 7 5 -1 1 5 -1 1 7 5 -1 1 -1 1 7 -1 7 -1 7 5 -1 7 5 6 -1 7 -1 7 5 -1 1 7 5 -1 1 7 -1 1 7 5 -1 7 5 -1 1 7 5 -1 7 -1 1 7 -1 1 7 5 -1 7 5 -1 1 7 5 -1 1 5 -1 1 7 5 -1 7 -1 7 5 -1 1 7 -1 1 5 -1 1 -1 1 7 5 -1 7 5 -1 1 7 5 -1 7 5 -1 1 7 5 -1 1 5 -1 1 7 5 -1 1 5 -1 7 5 -1 4 7 -1 7 -1 7 5 -1 7 5 6 -1 7 5 -1 1 7 5 -1 7 5 -1 1 7 5 -1 1 7 -1 1 7 5 -1 7 5 -1 1 7 5 -1 1 7 -1 1 7 5 -1 7 5 -1 4 7 5 -1 7 5 6 -1 5 -1 7 5 -1 1 7 5 -1 1 -1 1 5 -1 1 -1 1 7 -1 7 -1 7 5 -1 7 5 6 -1 5 6 -1 7 5 6 -1 7 5 -1 1 7 5 -1 1 -1 1 7 -1 1 7 5 -1 7 5 -1 1 7 5 -1 1 7 -1 1 -1 1 7 -1 1 7 5 -1 7 5 -1 7 -1 7 6 -1 7 5 6 -1 7 -1 7 5 -1 1 7 5 -1 7 5 -1 1 7 5 -1 7 -1 7 5 -1 1 7 5 -1 1 7 -1 1 -1 1 7 5 -1 7 5 -1 1 7 5 -1 7 5 -1 1 7 5 -1 1 7 -1 7 -1 1 7 -1 1 7 5 -1 1 7 -1 1 7 5 -1 1 7 -1 7 5 -1 7 -1 7 5 -1 1 7 -1 7 -1 7 5 6 -1 7 6 -1 7 5 6 -1 5 6 -1 5 -1 7 5 -1 1 7 5 -1 1 7 -1 1 7 5 -1 7 5 -1 7 -1 7 5 -1 1 7 5 -1 1 7 -1 1 7 5 -1 1 7 -1 1 7 5 -1 7 5 -1 1 7 5 -1 1 5 -1 1 7 -1 1 7 5 -1 7 6 -1 7 5 6 -1 1 7 5 -1 1 7 -1 7 -1 1 7 -1 1 7 5 -1 7 -1 1 7 -1 7 -1 1 7 -1 1 7 5 -1 7 5 -1 5 -1 1 5 -1 1 7 5 -1 7 5 -1 1 7 5 -1 7 -1 1 7 -1 1 -1 1 7 -1 7 -1 1 7 -1 1 4 7 -1 1 7 5 -1 5 -1 7 5 -1 1 5 -1 1 7 5 -1 1 7 -1 1 -1 1 7 -1 1 -1 1 7 -1 1 7 5 -1 7 -1 7 5 -1 1 7 5 -1 1 7 -1 1 7 5 -1 1 7 -1 1 7 5 -1 1 7 -1 7 -1 1 7 -1 1 -1 1 7 -1 7 5 -1 7 -1 1 7 -1 1 7 5 -1 5 -1 1 7 5 -1 7 5 -1 1 7 -1 1 7 5 -1 7 5 -1 1 7 5 -1 7 5 -1 1 7 5 -1 1 7 -1 1 -1 1 4 7 5 -1 4 7 5 -1 7 5 -1 7 -1 1 7 -1 1 -1 1 7 5 -1 7 5 -1 7 5 6 -1 7 -1 7 5 -1 5 6 -1 7 5 -1 1 7 5 -1 1 7 -1 7 5 -1 7 5 6 -1 5 6 -1 7 5 6 -1 4 7 5 6 -1 7 5 6 -1 7 5 -1 1 7 5 -1 7 5 -1 1 7 5 -1 4 7 5 -1 7 -1 7 5 -1 7 -1 1 7 5 -1 1 7 -1 1 7 5 -1 4 7 5 -1 7 -1 7 5 -1 7 -1 1 7 -1 1 7 5 -1 7 -1 1 7 -1 1 -1 1 7 -1 1 -1 1 7 5 -1 7 5 -1 7 -1 1 7 -1 1 -1 1 5 -1 1 7 5 -1 1 7 -1 1 -1 1 7 5 -1 7 5 6 -1 7 5 -1 1 7 5 -1 1 -1 1 7 5 -1 1 5 -1 1 -1 1 7 -1 1 7 5 -1 7 -1 1 7 -1 1 -1 1 7 -1 1 -1 1 7 -1 7 -1 7 5 -1 4 7 5 -1 4 7 6 -1 7 6 -1 7 -1 1 7 -1 1 7 5 -1 7 5 -1 7 -1 1 7 -1 7 -1 1 7 -1 7 6 -1 7 -1 1 7 -1 7 5 -1 1 7 5 -1 1 -1 1 7 -1 7 -1 1 7 -1 1 -1 1 7 -1 1 -1 1 7 -1 1 7 5 -1 1 7 -1 1 -1 1 7 -1 1 7 6 -1 7 6 -1 6 -1 7 6 -1 7 -1 1 7 -1 1 7 5 6 -1 7 5 -1 7 -1 7 5 -1 1 7 5 -1 1 7 -1 1 7 5 6 -1 7 5 -1 5 -1 7 5 -1 5 -1 7 5 -1 1 7 -1 7 5 -1 7 -1 1 7 -1 7 -1 1 7 -1 7 -1 1 7 -1 7 -1 1 7 -1 1 7 5 -1 7 -1 1 7 -1 7 -1 1 7 -1 7 -1 1 7 -1 1 -1 1 7 5 -1 7 5 6 -1 7 5 -1 7 -1 1 7 -1 7 -1 1 7 -1 7 -1 1 7 -1 1 -1 1 7 -1 1 -1 1 7 -1 1 -1 1 7 -1 1 7 5 -1 1 7 -1 7 -1 1 7 -1 7 5 6 -1 7 -1 4 7 5 -1 7 5 -1 1 7 -1 7 -1 1 7 -1 1 -1 1 7 -1 1 7 6 -1 1 7 5 6 -1 1 7 5 -1 1 7 -1 7 -1 1 7 -1 1 -1 1 7 -1 7 -1 1 7 -1 7 -1 1 7 -1 7 6 -1 1 7 6 -1 1 7 -1 1 -1 1 7 -1 1 -1 1 7 -1 1 -1 1 7 -1 7 -1 1 7 -1 1 -1 1 7 -1 1 -1 1 7 -1 1 -1 1 7 -1 1 -1 1 7 -1 1 -1 1 7 -1 1 -1 1 7 -1 1 -1 1 7 -1 7 5 -1 7 -1 1 7 -1 1 -1 1 7 5 -1 1 -1 1 7 5 -1 7 5 6 -1 7 6 -1 7 -1 1 7 -1 1 -1 1 7 -1 1 -1 1 7 -1 1 -1 1 7 -1 1 -1 1 7 -1 7 5 -1 1 7 5 -1 1 7 -1 7 -1 1 7 -1 1 -1 1 7 -1 7 5 -1 1 7 -1 1 -1 1 5 -1 1 -1 1 7 5 -1 1 7 -1 1 -1 1 7 5 -1 7 5 -1 5 -1 7 5 -1 1 7 5 -1 1 7 -1 1 -1 1 7 5 -1 7 5 6 -1 7 5 -1 1 7 5 -1 1 7 -1 1 7 5 -1 1 5 -1 1 -1 1 7 -1 1 -1 1 7 -1 1 -1 1 7 -1 1 -1 1 7 -1 1 -1 1 7 -1 7 -1 1 7 -1 1 -1 1 7 -1 7 6 -1 7 5 6 -1 7 5 -1 7 -1 1 7 -1 1 -1 1 5 -1 4 7 5 -1 7 5 -1 1 4 7 -1 4 7 -1 3 4 7 5 -1 7 5 -1 7 -1 4 7 -1 7 -1 1 7 -1 1 -1 1 7 -1 1 -1 1 7 -1 7 -1 4 7 -1 1 4 7 -1 1 -1 1 5 -1 1 -1 1 5 -1 1 -1 1 7 -1 1 7 5 -1 7 5 -1 1 7 5 -1 1 7 -1 1 -1 1 5 -1 1 4 7 5 -1 4 7 -1 1 4 7 5 -1 1 7 5 -1 7 -1 7 6 -1 7 -1 1 7 -1 1 -1 1 7 5 -1 7 5 -1 1 7 5 -1 1 7 -1 1 -1 1 7 -1 1 -1 1 7 -1 1 7 5 -1 1 7 -1 1 -1 1 7 -1 1 7 5 -1 1 7 -1 1 -1 1 7 -1 7 -1 1 7 -1 7 -1 1 7 -1 1 -1 1 7 -1 1 -1 1 7 -1 7 6 -1 7 5 -1 1 7 5 -1 1 5 -1 1 -1 1 5 -1 1 -1 1 7 -1 1 -1 1 7 -1 -2
7 5 -1 7 -1 7 5 -1 7 -1 2 7 -1 2 7 5 -1 1 7 -1 1 2 7 -1 1 7 -1 7 -1 1 7 -1 7 -1 1 7 5 -1 7 5 -1 7 -1 1 7 -1 7 -1 2 7 -1 7 5 -1 1 7 -1 7 -1 1 7 -1 7 -1 1 7 -1 7 5 -1 7 -1 7 5 -1 7 -1 1 7 -1 7 -1 1 7 -1 7 -1 7 5 -1 5 -1 7 5 -1 7 -1 1 7 -1 7 -1 1 7 -1 7 -1 1 7 -1 7 -1 1 7 -1 5 -1 2 7 5 -1 7 -1 7 5 -1 7 -1 1 7 -1 7 -1 1 7 -1 7 -1 1 7 -1 7 -1 1 7 -1 7 -1 7 5 -1 7 -1 1 7 -1 1 7 5 -1 7 5 -1 7 -1 7 5 -1 7 -1 1 7 -1 7 -1 1 7 -1 7 5 -1 5 6 -1 7 5 -1 1 7 -1 7 -1 1 7 -1 7 -1 1 7 -1 7 -1 1 7 -1 7 -1 1 7 -1 7 5 -1 2 7 5 -1 7 5 -1 1 7 5 -1 5 -1 1 7 5 -1 7 5 -1 2 7 5 -1 7 5 -1 7 -1 1 7 -1 7 -1 1 7 5 -1 7 5 -1 7 -1 7 5 -1 2 5 -1 7 5 -1 3 7 5 -1 3 4 7 5 -1 3 7 5 -1 3 4 -1 3 4 7 5 -1 7 5 -1 5 -1 7 5 -1 1 7 5 -1 1 7 -1 7 -1 1 7 -1 2 7 5 -1 5 -1 7 5 -1 7 -1 7 5 -1 2 7 5 -1 7 5 -1 5 -1 7 5 -1 5 -1 7 5 -1 5 -1 7 5 -1 5 -1 7 5 -1 7 -1 7 5 -1 7 -1 7 5 -1 7 -1 1 7 -1 7 -1 7 5 -1 1 7 -1 7 5 -1 2 7 5 -1 2 5 -1 5 -1 7 5 -1 1 7 -1 7 5 -1 2 7 5 -1 2 5 -1 5 -1 7 -1 7 5 -1 2 7 5 -1 2 7 -1 7 5 -1 7 -1 1 7 -1 7 -1 1 7 -1 2 7 5 -1 5 -1 1 7 -1 7 5 -1 1 7 5 -1 5 -1 7 -1 7 5 -1 5 -1 7 -1 7 5 -1 1 7 -1 7 5 -1 2 7 5 -1 7 5 -1 7 -1 1 7 -1 7 -1 7 5 -1 7 -1 1 7 -1 7 -1 7 5 -1 1 7 -1 7 5 -1 5 -1 7 5 -1 7 -1 2 7 5 -1 4 7 5 -1 3 7 5 -1 5 -1 7 5 -1 7 -1 1 7 -1 7 -1 1 7 -1 7 5 -1 1 7 5 -1 7 5 -1 7 -1 1 7 -1 7 -1 1 7 -1 7 -1 7 5 -1 5 -1 7 5 -1 7 -1 1 7 -1 7 -1 2 7 5 -1 2 5 -1 5 -1 7 -1 1 7 -1 7 -1 1 7 5 -1 7 5 -1 2 7 5 -1 7 -1 1 7 -1 7 -1 1 7 -1 1 7 5 -1 7 -1 7 5 -1 1 7 5 -1 7 5 -1 1 7 -1 7 5 -1 1 7 5 -1 7 -1 5 -1 7 5 -1 2 7 5 -1 7 5 -1 5 -1 1 7 5 -1 7 5 -1 1 7 5 -1 5 -1 1 7 5 -1 7 5 -1 1 7 5 -1 7 -1 7 5 -1 7 -1 1 7 -1 7 -1 1 7 -1 7 -1 1 7 -1 7 -1 1 7 -1 7 -1 1 -1 7 -1 1 7 -1 7 -1 1 7 -1 2 7 5 -1 2 5 -1 5 -1 1 7 5 -1 1 7 -1 7 5 -1 5 -1 7 5 -1 2 7 5 -1 7 5 -1 1 7 5 -1 5 -1 2 5 -1 5 -1 2 7 5 -1 7 -1 2 7 -1 7 -1 2 7 -1 7 -1 1 7 -1 7 -1 2 7 -1 1 7 -1 1 7 5 -1 7 5 -1 1 7 5 -1 1 7 -1 7 5 -1 1 7 5 -1 1 7 -1 1 7 5 -1 7 5 -1 7 -1 1 7 -1 1 2 7 -1 7 5 -1 1 7 5 -1 5 -1 1 7 -1 7 5 -1 2 7 5 -1 7 5 -1 7 -1 1 7 -1 1 2 7 -1 2 7 5 -1 1 7 -1 1 2 7 -1 1 7 -1 7 -1 1 7 -1 2 7 -1 7 -1 1 2 7 -1 1 7 -1 2 7 -1 7 -1 1 2 7 -1 7 -1 1 2 7 -1 7 -1 1 2 7 -1 1 7 5 -1 2 7 5 -1 1 7 5 -1 5 -1 1 7 5 -1 7 5 -1 1 7 -1 1 2 7 -1 1 7 -1 7 -1 7 5 -1 1 7 -1 7 -1 1 7 -1 7 5 -1 4 7 5 -1 7 5 -1 7 -1 1 7 -1 1 7 5 -1 7 5 -1 2 5 6 -1 7 5 6 -1 5 -1 7 5 -1 7 -1 1 7 5 -1 7 5 -1 1 2 7 5 -1 1 7 -1 1 7 5 -1 7 5 -1 5 -1 7 5 -1 5 -1 7 5 -1 1 7 -1 7 -1 1 7 5 -1 7 5 -1 5 -1 7 5 -1 7 -1 1 7 -1 7 5 -1 5 -1 1 7 -1 1 7 5 -1 1 7 -1 1 7 5 -1 7 5 -1 2 7 5 -1 7 -1 5 -1 7 5 -1 1 7 -1 7 5 -1 2 7 5 -1 7 5 -1 7 -1 1 7 -1 7 -1 1 7 -1 7 5 -1 1 7 5 -1 7 5 -1 1 7 -1 7 5 -1 1 7 -1 7 -1 7 5 -1 1 7 5 -1 7 5 -1 5 -1 1 7 -1 1 7 5 -1 7 5 -1 1 7 5 -1 7 -1 7 5 -1 5 -1 7 5 -1 5 -1 7 5 -1 7 -1 7 5 -1 5 -1 7 5 -1 1 7 -1 7 -1 7 5 -1 1 7 -1 1 7 5 -1 5 -1 7 5 -1 5 -1 7 5 -1 2 7 5 -1 5 -1 1 7 5 -1 7 5 -1 2 7 5 -1 7 5 -1 5 -1 7 5 -1 5 -1 7 5 -1 5 -1 7 5 -1 2 7 5 -1 7 5 -1 5 -1 7 5 -1 1 7 -1 7 -1 5 -1 7 5 -1 1 7 -1 7 -1 7 5 6 -1 7 5 -1 5 -1 7 5 -1 1 7 5 -1 1 2 7 5 -1 7 5 -1 2 7 5 -1 7 5 -1 7 5 6 -1 5 -1 2 7 5 -1 7 5 -1 5 -1 2 7 5 -1 7 5 -1 5 -1 7 5 -1 5 -1 2 7 5 -1 7 5 -1 5 -1 7 -1 7 5 -1 5 -1 7 5 -1 5 -1 7 5 -1 5 -1 7 5 -1 2 7 5 -1 7 5 -1 5 -1 7 5 -1 7 -1 7 5 -1 7 -1 7 5 -1 7 -1 7 5 -1 5 -1 7 5 -1 7 -1 2 7 5 -1 2 5 -1 7 5 -1 1 2 7 -1 7 -1 1 -1 1 7 -1 7 5 -1 1 7 -1 7 -1 1 7 -1 2 7 5 -1 7 5 -1 7 -1 1 7 -1 7 -1 1 7 -1 7 -1 1 7 5 -1 1 7 -1 7 -1 7 5 -1 7 -1 1 7 -1 7 -1 1 7 -1 7 -1 7 5 -1 7 5 6 -1 2 5 -1 5 -1 7 5 -1 7 -1 7 5 -1 1 7 5 -1 1 7 -1 7 -1 5 -1 7 5 -1 1 7 -1 1 7 5 -1 1 7 -1 1 2 7 -1 1 7 -1 2 5 -1 5 -1 2 5 -1 7 -1 1 7 -1 7 -1 7 5 -1 5 -1 7 5 -1 2 7 -1 1 2 7 -1 1 7 5 -1 7 5 -1 1 7 -1 1 7 5 -1 1 7 -1 1 7 5 -1 5 -1 1 -1 5 -1 7 5 -1 7 -1 5 -1 7 5 -1 1 7 5 -1 7 5 -1 1 7 5 -1 1 7 -1 2 7 5 -1 2 7 -1 7 -1 7 5 -1 2 7 5 -1 1 7 5 -1 1 7 -1 7 -1 7 5 -1 2 4 7 -1 1 2 4 7 -1 1 7 -1 7 -1 1 7 -1 1 7 5 -1 1 7 -1 7 -1 1 7 -1 1 7 5 -1 7 5 -1 1 7 -1 7 -1 2 4 7 -1 7 -1 2 7 -1 2 5 -1 7 -1 2 7 -1 1 7 -1 7 -1 1 2 7 -1 1 7 5 -1 7 5 -1 1 7 -1 7 -1 7 5 -1 7 -1 7 5 -1 7 -1 2 7 -1 7 -1 7 5 -1 1 7 5 -1 1 7 -1 7 -1 2 7 5 -1 7 5 -1 7 -1 5 -1 5 6 -1 7 5 6 -1 7 5 -1 7 -1 1 7 5 -1 7 5 -1 2 7 5 -1 2 7 -1 1 7 -1 1 2 7 -1 1 7 -1 1 2 7 -1 7 -1 1 7 -1 1 2 7 -1 1 7 -1 7 -1 1 7 -1 2 7 -1 7 -1 1 7 -1 7 -1 1 7 -1 7 -1 7 5 -1 1 7 -1 7 5 -1 5 -1 7 5 -1 1 7 -1 1 7 5 -1 1 7 -1 2 7 5 -1 1 7 -1 7 -1 1 7 -1 7 -1 2 7 5 -1 1 7 5 -1 7 5 -1 7 -1 1 7 -1 7 5 -1 1 7 -1 7 -1 1 7 -1 7 5 -1 5 -1 1 7 5 -1 1 7 -1 7 -1 1 7 -1 7 -1 1 7 -1 7 -1 1 7 -1 1 2 7 -1 2 7 5 -1 2 7 -1 7 -1 1 7 -1 7 -1 7 5 -1 7 -1 5 -1 2 5 -1 7 5 -1 5 -1 7 5 -1 2 7 5 -1 2 7 -1 7 -1 1 7 -1 7 5 -1 7 -1 1 2 7 -1 7 -1 1 7 -1 7 -1 7 5 -1 7 -1 7 5 -1 2 5 -1 1 2 5 -1 1 7 5 -1 7 5 -1 2 7 5 -1 1 7 -1 7 -1 1 7 -1 7 -1 1 7 -1 1 7 5 -1 7 5 -1 2 4 7 -1 2 4 7 5 -1 2 5 -1 2 4 -1 2 4 7 -1 2 7 -1 7 5 -1 4 7 -1 2 7 -1 2 7 5 -1 4 7 -1 1 7 -1 7 -1 1 7 -1 7 5 -1 7 -1 1 7 -1 7 -1 1 7 -1 1 5 -1 7 5 -1 1 7 -1 2 7 5 -1 7 -1 7 5 -1 7 -1 1 2 7 -1 1 7 -1 7 -1 1 7 -1 7 5 -1 5 -1 7 5 -1 2 7 5 -1 2 7 -1 1 2 7 -1 1 7 -1 1 2 7 -1 1 7 -1 7 -1 7 5 -1 7 -1 1 7 -1 7 -1 7 5 -1 7 -1 7 5 -1 7 -1 1 7 -1 7 5 -1 2 7 5 -1 7 -1 7 5 -1 7 -1 1 7 -1 1 7 5 -1 7 5 -1 1 7 -1 7 -1 1 7 -1 7 -1 7 5 -1 -2
4 7 5 -1 4 7 -1 4 7 5 -1 4 7 -1 7 5 -1 4 7 5 -1 7 5 -1 1 7 5 -1 1 7 -1 1 7 5 -1 7 5 -1 1 7 5 -1 7 5 -1 1 7 -1 1 7 5 -1 1 7 -1 1 7 5 -1 1 7 -1 1 7 5 -1 7 5 -1 1 7 -1 1 7 5 -1 1 7 -1 1 7 5 -1 1 7 -1 7 -1 1 7 -1 1 7 5 -1 7 5 -1 1 7 -1 7 -1 7 5 -1 7 -1 1 7 -1 7 5 -1 7 -1 1 7 -1 7 5 -1 1 7 5 -1 7 5 -1 1 7 -1 1 7 5 -1 1 7 -1 1 5 -1 1 7 -1 1 7 5 -1 7 5 -1 1 7 5 -1 7 5 -1 7 -1 1 7 -1 1 7 5 -1 7 5 -1 1 7 -1 7 -1 7 5 -1 1 7 -1 1 -1 1 7 -1 7 5 -1 7 -1 7 5 -1 7 -1 7 5 -1 1 7 5 -1 1 7 -1 1 7 5 -1 1 7 -1 1 7 5 -1 7 5 -1 1 7 5 -1 1 7 -1 1 7 5 -1 7 5 -1 7 -1 7 5 -1 1 7 5 -1 7 -1 7 5 -1 4 7 5 -1 7 5 -1 1 7 5 -1 7 -1 4 7 5 -1 7 5 -1 1 4 7 5 -1 1 7 5 -1 7 5 -1 1 7 5 -1 7 -1 1 7 5 -1 1 7 -1 1 7 5 -1 1 5 -1 1 7 -1 7 5 -1 7 -1 1 7 -1 1 7 5 -1 1 7 -1 1 -1 1 5 -1 1 -1 1 7 -1 1 7 5 -1 7 5 -1 1 7 5 -1 7 5 -1 1 7 5 -1 7 5 -1 4 7 5 -1 4 7 -1 7 -1 7 5 -1 4 7 5 -1 4 7 -1 1 4 7 -1 1 7 -1 7 5 -1 1 7 5 -1 1 7 -1 1 7 5 -1 7 5 -1 1 7 -1 1 -1 1 7 5 -1 1 7 -1 1 -1 1 7 -1 1 -1 1 7 -1 1 7 5 -1 7 5 -1 5 -1 1 7 5 -1 7 5 -1 1 7 5 -1 1 5 -1 1 7 5 -1 7 5 -1 1 7 5 -1 1 7 -1 1 7 5 -1 1 7 -1 1 7 5 -1 7 5 -1 1 7 5 -1 1 7 -1 1 7 5 -1 7 5 -1 5 -1 7 5 -1 1 5 -1 1 7 5 -1 1 5 -1 1 7 5 -1 1 7 -1 1 7 5 -1 7 -1 1 7 5 -1 7 5 -1 1 7 5 -1 4 7 5 -1 7 -1 7 5 -1 1 7 5 -1 1 5 -1 1 7 5 -1 1 -1 1 5 -1 1 -1 1 7 5 -1 7 5 -1 1 7 5 -1 1 5 -1 1 7 5 -1 7 5 -1 1 7 5 -1 7 5 -1 1 7 5 -1 1 5 -1 1 7 5 -1 1 2 7 5 -1 7 5 -1 1 7 5 -1 1 5 -1 1 7 5 -1 7 5 -1 1 7 5 -1 1 5 -1 1 7 5 -1 7 5 -1 1 7 5 -1 1 5 -1 1 7 5 -1 7 5 -1 1 7 5 -1 1 5 -1 1 7 5 -1 7 5 -1 1 7 5 -1 7 5 -1 1 7 5 -1 7 5 -1 7 -1 7 5 -1 7 -1 1 7 -1 7 5 -1 5 -1 7 5 -1 5 -1 1 5 -1 5 -1 1 7 5 -1 7 5 -1 1 7 5 -1 1 5 -1 5 -1 1 5 -1 1 7 5 -1 7 5 -1 1 7 5 -1 1 7 -1 1 -1 1 5 -1 1 -1 1 5 -1 1 -1 1 5 -1 1 7 5 -1 7 5 -1 5 -1 1 7 5 -1 1 7 -1 1 -1 1 7 5 -1 5 -1 7 5 -1 1 7 5 -1 7 5 -1 1 7 5 -1 7 5 -1 1 7 5 -1 7 5 -1 1 7 5 -1 7 5 -1 1 7 5 -1 1 5 -1 5 -1 7 5 -1 1 5 -1 7 5 -1 1 7 5 -1 7 5 -1 1 7 5 -1 1 5 -1 1 7 5 -1 1 5 -1 1 7 5 -1 1 5 -1 5 -1 7 5 -1 1 7 5 -1 1 7 -1 1 7 5 -1 1 5 -1 1 7 5 -1 7 5 -1 1 7 5 -1 7 5 -1 1 7 5 -1 7 5 -1 1 7 5 -1 5 -1 7 5 -1 7 -1 7 5 -1 5 -1 1 7 5 -1 5 -1 7 5 -1 1 5 -1 1 7 5 -1 1 5 -1 5 -1 1 5 -1 1 7 5 -1 1 5 -1 1 7 5 -1 1 5 -1 1 7 5 -1 1 5 -1 1 7 5 -1 1 5 -1 1 7 5 -1 1 5 -1 1 7 5 -1 7 5 -1 1 7 5 -1 7 5 -1 1 7 5 -1 7 5 -1 1 7 5 -1 1 7 -1 1 7 5 -1 1 7 -1 1 7 5 -1 5 -1 7 5 -1 1 7 5 -1 7 5 -1 1 7 5 -1 7 5 -1 1 7 5 -1 1 5 -1 5 -1 7 5 -1 1 7 5 -1 7 5 -1 1 5 -1 1 7 5 -1 1 5 -1 5 -1 7 5 -1 1 7 -1 7 -1 1 7 -1 1 7 5 -1 7 5 -1 5 -1 7 5 -1 1 7 5 -1 1 5 -1 7 5 -1 1 7 5 -1 7 -1 1 7 -1 1 7 5 -1 7 5 -1 1 7 5 -1 7 5 -1 1 5 -1 7 5 -1 1 5 -1 1 7 5 -1 1 5 -1 1 7 5 -1 7 5 -1 1 7 5 -1 1 5 -1 7 5 -1 1 5 -1 7 5 -1 1 7 5 -1 1 5 -1 1 7 5 -1 1 5 -1 7 5 -1 5 -1 7 5 -1 1 7 5 -1 7 5 -1 1 7 -1 1 7 5 -1 1 5 -1 5 -1 7 5 -1 5 -1 1 5 -1 7 5 -1 1 7 5 -1 7 5 -1 1 7 5 -1 7 5 -1 5 -1 7 5 -1 1 7 -1 7 5 -1 1 7 5 -1 1 5 -1 1 7 5 -1 7 5 -1 1 7 5 -1 7 5 -1 1 7 -1 1 7 5 -1 7 5 -1 1 5 -1 7 5 -1 1 7 5 -1 7 5 -1 5 -1 7 5 -1 1 5 -1 1 7 5 -1 7 5 -1 5 -1 7 5 -1 7 -1 1 7 -1 7 5 -1 7 -1 1 7 -1 7 -1 1 7 -1 1 7 5 -1 7 5 -1 7 -1 7 5 -1 1 7 5 -1 7 5 -1 1 7 -1 1 7 5 -1 7 5 -1 1 7 5 -1 7 5 -1 1 7 5 -1 7 5 -1 7 -1 1 7 -1 7 -1 1 7 -1 1 7 5 -1 7 5 -1 7 -1 1 7 -1 1 7 5 -1 5 -1 1 7 5 -1 7 5 -1 1 7 5 -1 7 5 -1 7 -1 1 7 -1 1 7 5 -1 5 -1 7 5 -1 1 7 5 -1 1 7 -1 1 7 5 -1 7 5 -1 1 7 -1 7 -1 1 7 -1 1 7 5 -1 7 5 -1 1 7 -1 1 7 5 -1 7 5 -1 7 -1 7 5 -1 7 -1 7 5 -1 7 -1 7 5 -1 7 -1 7 5 -1 7 -1 7 5 -1 7 -1 1 7 -1 7 -1 7 5 -1 1 7 5 -1 7 -1 7 5 -1 7 -1 1 7 -1 7 -1 1 7 -1 1 7 5 -1 1 7 -1 7 -1 1 7 -1 7 -1 1 7 -1 1 7 5 -1 7 5 -1 1 7 5 -1 7 5 -1 1 7 5 -1 7 -1 1 7 -1 7 -1 1 7 -1 7 -1 7 5 -1 7 -1 7 5 -1 7 -1 7 5 -1 7 -1 7 5 -1 7 -1 7 5 -1 1 7 -1 7 5 -1 1 7 -1 1 7 5 -1 1 4 7 -1 1 7 5 -1 7 5 -1 1 7 5 -1 1 7 -1 7 -1 7 5 -1 1 7 -1 7 -1 7 5 -1 7 -1 7 6 -1 7 -1 1 7 -1 1 7 5 -1 1 7 -1 1 7 5 -1 7 5 -1 1 7 5 -1 1 7 -1 7 -1 4 7 5 -1 7 -1 7 5 -1 1 7 -1 7 -1 7 5 -1 7 -1 4 7 5 -1 4 7 -1 7 5 -1 7 -1 7 5 -1 7 -1 7 5 -1 7 -1 7 5 -1 1 7 -1 1 7 5 -1 7 5 -1 7 -1 1 7 -1 7 -1 7 5 -1 7 -1 1 7 -1 7 -1 1 7 5 -1 7 -1 1 7 -1 1 7 5 -1 7 -1 1 7 5 -1 1 7 -1 1 7 5 -1 1 7 -1 1 7 5 -1 1 7 -1 1 7 5 -1 1 7 -1 1 7 5 -1 1 7 -1 1 7 5 -1 1 7 -1 1 7 5 -1 1 -1 1 7 5 -1 1 7 -1 1 7 5 -1 1 7 -1 1 7 5 -1 1 7 -1 1 7 5 -1 7 5 -1 7 -1 1 7 -1 7 -1 1 7 5 -1 7 5 -1 1 7 5 -1 7 5 -1 1 7 5 -1 7 5 -1 7 -1 1 7 -1 7 -1 1 7 -1 7 -1 1 7 -1 7 5 -1 1 7 -1 1 7 5 -1 1 7 -1 1 7 5 -1 7 5 6 -1 7 5 -1 7 -1 1 7 -1 1 7 5 -1 7 5 -1 1 7 -1 1 -1 1 7 5 -1 1 5 -1 1 7 -1 1 5 -1 1 7 5 -1 7 -1 7 5 -1 1 7 -1 7 -1 2 7 -1 2 7 5 6 -1 7 5 6 -1 7 -1 1 2 4 7 5 -1 1 7 5 -1 7 5 -1 7 -1 7 5 -1 4 7 5 -1 7 -1 4 7 -1 4 7 5 -1 7 -1 4 7 5 -1 7 5 -1 7 -1 7 5 -1 1 7 5 -1 7 5 -1 1 7 5 -1 1 7 -1 1 -1 1 7 5 -1 7 5 -1 7 -1 7 5 -1 1 7 5 -1 1 5 -1 1 7 5 -1 7 5 -1 1 7 5 -1 1 7 -1 7 -1 7 5 -1 7 -1 1 7 5 -1 7 -1 1 7 -1 1 5 -1 1 7 5 -1 7 5 -1 1 7 5 -1 1 5 -1 1 7 5 -1 1 7 -1 -2
1 7 -1 1 -1 1 7 -1 7 -1 1 7 -1 1 7 5 -1 1 7 -1 7 -1 1 7 -1 1 -1 1 7 -1 7 -1 1 7 -1 1 -1 1 7 -1 7 -1 1 7 -1 1 -1 1 7 -1 7 -1 1 7 -1 1 -1 1 7 5 -1 1 5 -1 1 -1 1 5 -1 1 7 -1 1 -1 1 7 -1 7 5 -1 1 5 -1 1 7 5 -1 1 5 -1 1 7 5 -1 1 -1 1 5 -1 1 -1 1 7 5 -1 1 7 -1 7 5 -1 7 -1 1 7 -1 7 -1 1 7 -1 1 -1 1 7 -1 1 2 7 -1 1 7 5 -1 1 7 -1 1 -1 1 7 -1 7 -1 1 7 -1 7 -1 1 7 -1 1 -1 1 7 -1 7 -1 1 7 -1 1 7 5 -1 1 7 -1 1 -1 1 7 5 -1 7 5 -1 1 7 5 -1 1 -1 1 7 -1 1 -1 1 5 -1 1 7 5 -1 5 -1 1 7 5 -1 1 -1 1 7 -1 7 -1 7 5 -1 1 7 5 -1 1 7 -1 7 -1 1 7 -1 1 -1 1 7 -1 1 -1 1 7 -1 1 -1 1 2 4 7 -1 1 4 7 -1 1 -1 1 2 7 -1 1 2 4 7 -1 1 -1 1 2 -1 1 7 5 -1 7 5 -1 1 7 5 -1 7 -1 1 7 5 -1 7 5 -1 1 7 5 -1 1 7 -1 1 -1 1 7 -1 1 7 5 -1 1 -1 1 7 -1 1 7 5 -1 1 -1 1 7 5 -1 1 7 5 6 -1 7 5 6 -1 7 5 -1 4 7 6 -1 4 6 -1 2 4 7 6 -1 2 7 6 -1 7 6 -1 7 5 6 -1 7 5 -1 1 7 -1 1 7 5 -1 5 -1 7 5 -1 1 7 -1 1 -1 1 7 5 -1 7 5 -1 1 7 5 -1 1 7 -1 1 -1 1 5 -1 1 -1 1 5 -1 7 5 -1 7 5 6 -1 7 5 -1 1 7 5 -1 7 5 -1 1 7 5 -1 7 5 -1 1 7 5 -1 1 7 -1 1 -1 1 5 -1 7 5 -1 7 -1 4 7 -1 4 7 5 6 -1 7 5 6 -1 1 7 5 -1 1 -1 1 7 -1 7 5 -1 1 7 5 -1 1 7 -1 1 -1 1 7 -1 1 7 5 -1 7 5 -1 1 7 5 -1 1 -1 1 7 -1 7 5 6 -1 4 7 6 -1 4 7 5 -1 1 7 5 -1 1 -1 1 5 -1 7 5 -1 1 7 5 -1 1 7 -1 1 -1 1 7 -1 7 5 -1 1 7 -1 1 -1 1 7 5 -1 1 7 -1 1 -1 1 7 -1 7 5 -1 7 -1 1 7 -1 7 5 -1 1 7 5 -1 1 7 -1 1 -1 1 7 5 -1 7 5 -1 4 7 5 -1 1 4 7 5 -1 1 7 5 -1 1 -1 1 7 5 -1 7 5 -1 7 -1 1 7 -1 1 -1 1 7 -1 7 -1 1 2 7 -1 2 7 -1 2 7 5 -1 7 5 -1 1 7 -1 1 -1 1 7 5 -1 7 5 -1 7 5 6 -1 7 5 -1 1 7 -1 1 -1 1 7 -1 1 -1 1 5 6 -1 5 6 -1 7 6 -1 7 5 -1 1 5 -1 1 2 -1 1 2 7 -1 2 -1 1 2 -1 1 7 5 -1 7 5 6 -1 7 5 -1 5 -1 7 5 -1 1 5 -1 1 7 -1 1 -1 1 7 5 -1 7 5 6 -1 7 5 -1 1 7 -1 1 -1 1 7 -1 7 -1 7 5 -1 1 7 5 -1 1 7 -1 1 -1 1 7 -1 7 -1 1 7 -1 1 -1 1 7 -1 1 7 5 -1 7 5 -1 1 7 5 -1 1 7 -1 1 -1 1 7 -1 7 -1 7 5 -1 1 7 5 -1 7 5 -1 7 5 6 -1 7 5 -1 1 7 5 -1 7 5 -1 7 -1 1 7 -1 1 7 5 -1 1 7 -1 7 -1 1 7 -1 1 -1 1 7 5 -1 7 5 6 -1 7 5 -1 1 7 -1 1 -1 1 7 -1 7 5 -1 7 -1 7 5 -1 1 7 5 -1 1 7 -1 1 7 5 -1 1 7 -1 1 -1 1 7 -1 1 -1 1 7 -1 1 7 5 -1 7 5 -1 1 7 5 -1 7 5 -1 1 7 -1 1 -1 1 7 -1 1 -1 1 7 -1 1 -1 1 7 -1 7 5 -1 1 7 5 -1 1 7 -1 1 -1 1 7 -1 1 -1 1 7 -1 1 7 5 -1 5 -1 7 5 -1 1 7 5 -1 1 7 -1 1 -1 1 7 5 -1 7 -1 7 5 -1 1 7 -1 1 5 -1 1 -1 1 7 5 -1 7 5 -1 1 7 5 -1 1 7 -1 1 -1 1 7 -1 1 -1 1 7 -1 1 -1 1 7 -1 1 -1 1 7 -1 1 -1 1 7 -1 1 7 5 -1 7 5 -1 7 -1 1 7 -1 7 5 -1 7 5 6 -1 7 5 -1 1 7 5 -1 7 5 -1 1 7 5 -1 1 7 -1 1 7 5 -1 1 5 -1 1 7 -1 1 7 5 -1 7 5 -1 1 7 5 -1 7 -1 7 5 -1 5 -1 7 5 -1 1 7 5 -1 1 -1 1 5 -1 1 7 5 -1 7 -1 7 5 6 -1 5 6 -1 7 5 6 -1 1 7 5 -1 7 5 -1 1 7 5 -1 1 -1 1 7 -1 1 -1 1 7 -1 1 -1 1 7 -1 1 -1 1 7 5 -1 7 5 -1 7 -1 7 5 -1 1 7 5 -1 7 5 -1 1 7 5 -1 1 7 -1 1 -1 1 5 -1 7 5 -1 1 7 5 -1 1 -1 1 7 -1 1 -1 1 7 -1 1 -1 1 7 -1 7 5 -1 1 7 5 -1 1 7 -1 1 7 6 -1 7 6 -1 7 5 6 -1 7 5 -1 7 -1 1 7 -1 1 7 5 -1 7 5 -1 1 7 -1 7 -1 1 7 -1 1 -1 1 7 -1 1 7 5 -1 7 5 -1 1 7 -1 1 -1 1 7 -1 7 6 -1 7 5 6 -1 7 5 -1 1 7 5 -1 7 -1 1 7 -1 7 -1 1 7 -1 1 7 5 -1 1 7 -1 7 -1 1 7 -1 7 5 -1 5 -1 1 5 -1 1 -1 1 7 -1 1 -1 1 7 -1 7 -1 1 7 -1 1 -1 1 7 -1 1 7 5 -1 7 -1 7 5 -1 1 7 5 -1 5 -1 1 7 5 -1 1 7 -1 1 -1 1 7 -1 1 -1 1 7 -1 1 7 5 -1 7 5 -1 1 7 -1 1 7 5 -1 1 7 -1 1 7 5 -1 7 -1 7 5 -1 7 -1 7 5 -1 7 -1 1 7 -1 1 7 5 -1 5 -1 1 5 -1 1 7 -1 1 -1 1 7 5 -1 1 5 -1 1 7 5 -1 1 5 -1 7 5 -1 1 7 5 -1 1 7 -1 1 -1 1 5 -1 1 -1 1 4 7 5 -1 4 7 5 -1 7 5 -1 1 7 5 -1 1 7 -1 1 -1 1 5 -1 5 -1 1 7 5 -1 1 7 -1 1 7 5 -1 4 7 5 -1 5 -1 1 5 -1 1 7 5 -1 1 -1 1 7 -1 1 -1 1 7 -1 7 -1 7 6 -1 7 5 6 -1 5 6 -1 7 5 -1 7 5 6 -1 5 -1 1 7 5 -1 1 5 -1 7 5 -1 1 7 5 -1 7 5 -1 7 -1 7 5 -1 1 7 5 -1 1 7 -1 1 7 5 -1 7 5 -1 7 -1 1 7 5 -1 1 7 -1 1 -1 1 5 -1 1 -1 1 5 -1 7 5 -1 7 -1 1 7 -1 1 -1 1 7 5 -1 7 -1 1 7 -1 1 -1 1 7 5 -1 5 -1 1 5 -1 1 -1 1 5 -1 7 5 -1 7 -1 1 7 -1 1 -1 1 7 -1 7 -1 7 5 -1 4 5 -1 4 7 5 -1 7 5 -1 7 -1 1 7 -1 1 7 5 -1 1 7 -1 7 5 -1 7 -1 1 7 -1 7 -1 7 5 6 -1 7 5 -1 7 -1 1 7 -1 7 -1 7 5 -1 1 5 -1 1 -1 1 7 -1 7 5 -1 7 -1 1 7 5 -1 1 7 -1 1 -1 1 7 -1 1 -1 1 7 -1 1 -1 1 7 -1 1 -1 1 7 -1 1 7 5 -1 7 5 -1 7 -1 1 7 -1 1 7 5 6 -1 7 5 6 -1 7 -1 1 7 -1 1 -1 1 7 -1 7 -1 1 7 -1 7 5 -1 7 5 6 -1 7 5 -1 7 -1 7 5 -1 1 7 5 -1 1 7 -1 7 5 6 -1 5 6 -1 7 5 -1 1 7 5 -1 1 7 -1 7 -1 1 7 -1 7 5 -1 7 -1 1 7 -1 7 5 -1 7 -1 1 7 -1 7 -1 1 7 -1 7 -1 1 7 -1 7 -1 7 5 -1 1 7 5 -1 1 7 -1 1 7 5 -1 1 7 -1 1 -1 1 7 5 -1 7 5 6 -1 7 6 -1 1 7 -1 1 -1 1 7 -1 7 5 -1 1 7 5 -1 1 -1 1 7 -1 7 -1 1 7 -1 1 -1 1 7 -1 7 5 -1 7 -1 7 5 -1 1 7 5 -1 1 7 -1 1 7 5 -1 7 5 -1 1 7 5 -1 1 -1 1 7 6 -1 7 5 6 -1 7 5 -1 1 7 5 -1 1 7 -1 1 7 5 -1 1 7 -1 7 -1 1 7 -1 7 -1 1 7 -1 7 -1 1 7 -1 1 -1 1 7 -1 1 7 6 -1 7 6 -1 1 7 6 -1 1 7 -1 1 -1 1 7 -1 1 -1 1 7 -1 1 -1 1 7 -1 1 -1 1 7 -1 1 -1 1 7 -1 1 -1 1 7 -1 7 -1 1 7 -1 1 5 -1 1 7 5 -1 1 7 -1 1 7 5 -1 1 7 -1 7 5 -1 1 7 5 -1 1 7 -1 1 5 -1 1 7 5 -1 1 7 -1 1 5 -1 1 -1 1 7 5 -1 1 7 5 6 -1 7 5 6 -1 7 5 -1 7 -1 1 7 -1 1 -1 1 7 -1 1 -1 1 7 -1 1 -1 1 7 -1 7 5 -1 1 7 -1 7 -1 1 7 -1 1 -1 1 7 -1 1 -1 1 7 5 -1 7 5 -1 7 5 6 -1 1 7 -1 1 -1 1 5 -1 1 7 5 -1 1 -1 1 5 -1 1 -1 1 7 -1 1 -1 1 7 5 -1 1 5 -1 1 7 -1 1 -1 1 5 -1 7 5 -1 1 7 5 -1 1 5 -1 1 -1 1 7 -1 1 -1 1 7 -1 1 -1 1 7 -1 1 -1 1 7 -1 1 -1 1 7 -1 1 4 -1 1 4 7 5 -1 1 7 -1 1 7 6 -1 1 5 -1 7 5 -1 7 5 6 -1 7 6 -1 7 5 -1 7 -1 1 7 -1 1 -1 1 7 5 -1 1 7 -1 1 -1 1 5 -1 4 7 5 -1 1 4 7 5 -1 1 4 7 -1 4 5 -1 3 4 7 5 -1 7 5 -1 4 7 -1 7 -1 1 7 -1 1 -1 1 7 -1 1 -1 1 7 -1 1 7 5 -1 1 7 -1 7 5 -1 4 7 5 -1 4 7 -1 1 4 7 -1 1 -1 1 5 -1 1 -1 1 7 -1 1 -1 1 7 -1 7 -1 1 7 -1 1 -1 1 5 -1 1 7 5 -1 1 -1 1 7 -1 7 5 -1 1 7 5 -1 1 2 5 -1 1 2 7 5 -1 1 7 -1 7 5 -1 1 7 -1 1 -1 1 7 -1 1 7 5 -1 1 5 -1 1 -1 1 7 -1 1 -1 1 7 -1 1 -1 1 7 -1 7 -1 1 7 -1 1 7 5 -1 1 7 -1 1 -1 1 7 -1 1 -1 1 2 7 -1 1 -1 1 2 -1 1 2 7 -1 1 2 7 5 -1 7 5 6 -1 7 5 -1 1 7 -1 1 -1 1 5 -1 1 -1 1 7 -1 1 -1 -2
3 7 5 -1 7 -1 3 7 -1 2 7 -1 7 -1 1 7 -1 7 -1 1 7 -1 7 -1 1 7 -1 7 -1 1 7 -1 7 5 -1 1 7 -1 7 -1 1 7 -1 1 7 5 -1 7 5 -1 1 7 -1 7 -1 1 7 -1 1 7 5 -1 7 5 -1 7 -1 1 7 5 -1 7 5 -1 7 -1 1 7 -1 7 -1 1 7 -1 7 -1 1 7 -1 7 5 -1 5 -1 7 5 -1 1 7 -1 7 -1 1 7 -1 7 -1 1 7 -1 7 -1 7 5 -1 5 -1 2 7 5 -1 7 -1 7 5 -1 7 -1 1 7 -1 7 -1 1 7 -1 7 -1 7 5 -1 1 7 -1 1 7 5 -1 7 5 -1 1 7 5 -1 7 5 -1 1 7 5 -1 1 7 -1 1 7 5 -1 7 5 -1 7 -1 7 5 -1 7 -1 1 7 -1 7 -1 7 5 -1 5 -1 7 5 -1 5 -1 1 7 5 -1 1 7 -1 7 -1 1 7 -1 7 -1 1 7 -1 7 -1 7 5 -1 7 -1 1 7 -1 7 -1 1 7 -1 7 5 -1 7 -1 1 7 -1 7 -1 7 5 -1 5 -1 7 -1 7 5 -1 7 -1 1 7 -1 7 -1 7 5 -1 7 -1 7 5 -1 2 5 -1 7 5 -1 3 7 5 -1 3 4 -1 3 4 7 5 -1 7 5 -1 7 -1 2 5 -1 5 -1 7 5 -1 7 -1 1 7 -1 7 -1 1 7 -1 7 -1 1 7 -1 7 -1 7 5 -1 5 -1 7 -1 5 -1 7 5 -1 1 7 -1 7 5 -1 1 7 -1 1 7 5 -1 7 5 -1 2 5 -1 5 -1 7 5 -1 1 7 -1 7 -1 7 5 -1 1 7 -1 2 7 5 -1 5 -1 1 7 5 -1 7 5 -1 5 -1 7 -1 5 -1 7 -1 7 5 -1 1 7 5 -1 7 5 -1 5 -1 1 7 5 -1 7 5 -1 5 -1 1 7 -1 7 5 -1 5 -1 7 5 -1 7 -1 7 5 -1 7 -1 7 5 -1 7 -1 7 5 -1 2 7 5 -1 3 4 7 5 -1 3 7 5 -1 5 -1 7 5 -1 1 7 5 -1 1 7 -1 1 7 5 -1 7 5 -1 2 7 5 -1 7 5 -1 7 -1 7 5 -1 5 -1 7 5 -1 7 -1 7 5 -1 1 7 -1 7 5 -1 5 -1 1 7 5 -1 7 5 -1 1 7 5 -1 1 7 -1 1 7 5 -1 7 -1 7 5 -1 1 7 5 -1 7 5 -1 1 7 -1 7 5 -1 5 -1 7 5 -1 5 -1 7 5 -1 1 7 5 -1 5 -1 1 7 5 -1 7 5 -1 5 -1 7 5 -1 1 7 -1 1 7 5 -1 2 7 5 -1 5 -1 7 5 -1 1 7 5 -1 1 7 -1 7 5 -1 5 -1 7 5 -1 5 -1 7 5 -1 5 -1 7 5 -1 7 -1 7 5 -1 1 7 5 -1 7 5 -1 1 7 5 -1 1 7 -1 1 7 5 -1 7 5 -1 1 7 5 -1 1 7 -1 5 -1 1 7 5 -1 1 7 -1 7 -1 1 7 -1 7 -1 1 7 -1 7 -1 1 7 -1 7 -1 1 7 -1 7 -1 1 7 5 -1 7 5 -1 5 -1 1 7 5 -1 7 5 -1 1 7 5 -1 5 -1 1 7 -1 7 5 -1 7 -1 1 7 -1 1 7 5 -1 7 5 -1 1 7 5 -1 7 5 -1 1 7 5 -1 1 7 -1 1 7 5 -1 1 7 -1 7 5 -1 1 7 5 -1 1 7 -1 1 7 5 -1 1 7 -1 1 7 5 -1 1 7 -1 7 5 -1 7 -1 5 -1 7 5 -1 5 6 -1 7 5 -1 1 7 5 -1 1 7 -1 1 7 5 -1 1 7 -1 7 -1 7 5 -1 7 -1 7 5 -1 4 7 -1 4 7 5 -1 7 5 -1 7 -1 1 7 -1 7 5 -1 2 5 -1 7 5 6 -1 5 -1 7 5 -1 5 -1 7 5 -1 7 -1 1 7 -1 1 7 5 -1 7 5 -1 1 7 5 -1 1 7 -1 7 -1 7 5 -1 5 -1 7 5 -1 5 -1 7 5 -1 1 7 -1 7 -1 7 5 -1 5 -1 7 5 -1 7 -1 7 5 -1 7 -1 7 5 -1 5 -1 7 5 -1 7 -1 1 7 -1 1 7 5 -1 7 5 -1 7 -1 5 -1 7 5 -1 2 7 -1 7 5 -1 2 7 5 -1 7 5 -1 7 -1 7 5 -1 2 7 5 -1 7 5 -1 7 -1 7 5 -1 7 -1 1 7 -1 1 7 5 -1 7 5 -1 7 -1 1 7 -1 7 -1 1 7 5 -1 7 5 -1 5 -1 7 5 -1 5 -1 1 7 5 -1 7 5 -1 5 -1 1 7 5 -1 2 7 5 -1 7 5 -1 7 -1 5 -1 7 5 -1 5 -1 7 -1 7 5 -1 5 -1 7 5 -1 1 7 -1 7 5 -1 7 -1 1 7 -1 1 7 5 -1 5 -1 7 5 -1 5 -1 7 5 -1 5 -1 7 5 -1 2 7 5 -1 7 5 -1 5 -1 7 5 -1 5 -1 7 5 -1 5 -1 7 5 -1 7 -1 1 7 -1 1 -1 5 -1 7 5 -1 1 7 5 -1 7 6 -1 7 5 6 -1 7 5 -1 5 -1 1 7 5 -1 7 5 -1 2 7 5 -1 7 5 -1 2 7 5 6 -1 7 5 6 -1 7 5 -1 5 -1 7 5 -1 5 -1 7 5 -1 5 -1 7 5 -1 7 -1 7 5 -1 5 -1 7 5 -1 5 -1 7 5 -1 5 -1 7 5 -1 1 7 5 -1 5 -1 7 5 -1 5 -1 7 5 -1 5 -1 7 5 -1 5 -1 7 5 -1 7 -1 7 5 -1 5 -1 7 5 -1 7 -1 7 5 -1 2 7 5 -1 2 5 -1 7 5 -1 1 7 5 -1 1 7 -1 1 -1 1 7 -1 1 -1 1 7 5 -1 7 -1 1 7 -1 7 5 -1 1 7 -1 1 7 5 -1 7 5 -1 7 -1 1 7 -1 7 5 -1 7 -1 1 7 -1 7 -1 7 5 -1 2 5 -1 5 -1 7 5 -1 7 -1 7 5 -1 2 7 5 -1 1 7 -1 7 -1 7 5 -1 1 7 5 -1 1 7 -1 7 -1 7 5 -1 1 7 5 -1 1 7 -1 7 5 -1 1 7 5 -1 1 2 7 -1 1 7 -1 7 -1 7 5 -1 5 -1 7 5 -1 7 -1 1 2 7 5 -1 1 7 5 -1 7 5 -1 1 7 5 -1 1 7 -1 7 5 -1 5 -1 7 -1 7 5 -1 7 -1 5 -1 7 -1 7 5 -1 5 -1 7 5 -1 5 -1 7 5 -1 1 7 5 -1 1 7 -1 1 7 5 -1 1 7 -1 7 5 -1 2 7 5 -1 1 7 5 -1 1 7 -1 7 5 -1 7 -1 7 5 -1 2 4 7 -1 1 4 7 -1 1 7 -1 7 -1 1 7 -1 1 7 5 -1 1 7 -1 1 7 5 -1 7 5 -1 7 -1 1 7 -1 7 -1 2 7 5 -1 2 5 -1 2 7 -1 1 7 -1 7 -1 1 7 -1 1 7 5 -1 7 5 -1 7 -1 1 7 -1 1 7 5 -1 7 5 -1 7 -1 1 7 5 -1 7 -1 1 7 -1 7 5 -1 2 7 5 -1 1 2 7 5 -1 1 7 -1 7 -1 2 7 -1 2 7 5 -1 7 5 -1 7 -1 5 -1 5 6 -1 7 5 6 -1 7 5 -1 1 7 -1 7 -1 1 7 -1 1 2 7 -1 1 7 -1 1 2 7 -1 1 7 -1 1 2 7 -1 7 -1 2 7 -1 1 7 -1 7 5 -1 7 -1 1 7 -1 1 7 5 -1 5 -1 7 5 -1 1 7 5 -1 1 7 -1 2 7 5 -1 1 7 -1 7 -1 1 7 -1 7 -1 7 5 -1 7 -1 1 7 -1 7 5 -1 5 -1 1 7 5 -1 1 2 7 -1 1 7 -1 7 -1 1 7 -1 2 7 5 -1 2 7 -1 7 -1 7 5 -1 7 -1 7 5 -1 5 -1 7 5 -1 2 7 -1 7 -1 1 7 -1 7 5 -1 1 7 -1 7 -1 7 5 -1 7 -1 7 5 -1 5 -1 2 5 -1 1 7 5 -1 7 5 -1 1 7 -1 7 -1 1 7 -1 7 -1 1 7 -1 1 7 5 -1 7 5 -1 4 7 -1 2 4 7 -1 2 4 7 5 -1 2 5 -1 7 5 -1 2 4 7 -1 2 7 -1 7 -1 7 5 -1 2 4 7 -1 7 -1 2 7 -1 7 -1 1 7 -1 7 -1 1 7 5 -1 7 5 -1 2 7 5 -1 7 -1 1 7 5 -1 5 -1 7 5 -1 1 7 -1 1 2 7 5 -1 7 5 -1 7 -1 7 5 -1 7 -1 7 5 -1 1 7 -1 1 7 5 -1 7 5 -1 2 7 -1 7 -1 7 5 -1 7 -1 1 7 -1 7 5 -1 7 5 6 -1 7 5 -1 7 -1 1 2 7 -1 1 7 -1 7 5 -1 1 7 5 -1 1 7 -1 7 -1 1 7 -1 7 -1 1 7 -1 7 -1 1 7 -1 7 -1 7 5 -1 1 7 -1 7 5 -1 5 -1 7 5 -1 7 -1 1 7 -1 1 7 5 -1 7 5 -1 1 7 -1 7 -1 1 7 -1 1 2 7 5 -1 2 5 -1 1 7 5 -1 1 7 -1 7 5 -1 7 -1 1 7 -1 7 -1 1 7 -1 7 -1 1 7 -1 7 -1 7 5 -1 2 7 -1 7 -1 -2
7 5 -1 1 7 5 -1 1 5 -1 4 7 5 -1 7 5 -1 4 7 5 -1 7 5 -1 5 -1 7 5 -1 1 7 5 -1 7 5 -1 1 7 5 -1 1 2 7 5 -1 2 7 5 -1 7 5 -1 1 7 5 -1 7 5 -1 1 7 5 -1 1 7 -1 7 5 -1 7 5 6 -1 4 7 5 -1 4 7 -1 1 4 7 5 -1 1 7 5 -1 1 5 -1 1 7 5 -1 1 7 -1 1 7 5 -1 1 7 -1 1 7 5 -1 7 5 -1 2 7 5 -1 7 5 -1 4 7 5 -1 4 7 -1 1 2 4 7 -1 1 7 -1 7 5 -1 1 7 5 -1 1 7 -1 1 7 5 -1 7 5 -1 5 -1 1 7 5 -1 7 5 -1 1 7 5 -1 1 7 -1 1 2 7 -1 1 2 -1 1 2 7 -1 1 2 -1 1 2 7 5 -1 1 2 7 -1 1 2 7 5 -1 7 5 -1 2 7 5 -1 5 -1 2 7 5 -1 7 5 -1 1 7 5 -1 1 7 -1 1 -1 1 7 5 -1 7 5 -1 5 -1 7 5 -1 1 7 5 -1 1 7 -1 7 -1 7 5 -1 7 -1 1 7 -1 1 7 5 -1 1 7 -1 1 7 5 -1 7 5 -1 1 7 5 -1 7 5 -1 1 7 -1 1 -1 1 7 -1 1 -1 1 5 -1 1 -1 1 7 -1 7 -1 7 5 -1 7 -1 1 4 7 -1 7 -1 1 7 5 -1 7 5 6 -1 7 5 -1 5 -1 7 5 -1 5 -1 7 5 -1 5 -1 7 5 -1 1 7 5 -1 5 -1 7 5 -1 5 -1 1 7 5 -1 1 7 -1 1 7 5 -1 7 5 -1 5 -1 7 5 -1 1 7 5 -1 1 7 -1 7 -1 1 7 -1 7 -1 1 7 -1 1 7 5 -1 1 5 -1 1 7 5 -1 1 7 -1 1 7 5 -1 7 5 -1 4 7 5 -1 1 4 7 5 -1 4 7 5 -1 7 5 -1 1 7 -1 7 -1 1 7 -1 7 -1 1 7 -1 7 5 -1 7 -1 1 7 5 -1 7 5 -1 1 7 -1 1 7 5 -1 1 7 -1 1 -1 1 7 -1 7 -1 7 5 -1 1 7 5 -1 7 5 -1 4 7 5 -1 7 5 -1 5 -1 1 5 -1 5 -1 1 5 -1 1 -1 1 7 5 -1 4 7 5 -1 7 5 -1 1 4 7 5 -1 1 4 7 -1 1 7 -1 1 7 5 -1 7 5 -1 1 7 5 -1 1 7 -1 7 5 -1 1 7 -1 1 7 5 -1 7 5 -1 1 5 -1 7 5 -1 4 7 5 -1 1 4 7 5 -1 1 7 5 -1 7 5 -1 1 5 -1 1 7 5 -1 4 7 -1 7 5 -1 1 7 5 -1 7 5 -1 1 7 5 -1 1 7 -1 1 7 5 -1 1 7 -1 1 2 7 -1 2 7 -1 1 7 -1 1 7 5 -1 7 5 -1 1 7 5 -1 1 5 -1 1 7 5 -1 1 7 -1 1 7 5 -1 7 5 -1 5 -1 7 5 -1 5 -1 7 5 -1 5 -1 1 7 5 -1 7 5 -1 1 7 5 -1 7 5 -1 1 7 5 -1 7 5 -1 1 7 5 -1 1 5 -1 7 5 -1 1 7 5 -1 7 5 -1 1 5 -1 1 7 5 -1 7 5 -1 5 -1 1 7 5 -1 7 5 -1 1 7 5 -1 7 5 -1 1 7 5 -1 7 5 -1 1 7 5 -1 5 -1 7 5 -1 1 7 5 -1 7 5 -1 1 7 -1 1 7 5 -1 1 7 -1 1 7 5 -1 1 5 -1 7 5 -1 4 7 5 -1 7 5 -1 5 -1 1 5 -1 1 7 5 -1 1 5 -1 1 7 5 -1 1 -1 1 7 5 -1 1 5 -1 1 7 5 -1 1 -1 1 7 5 -1 1 5 -1 1 -1 1 5 -1 1 7 5 -1 1 7 -1 1 -1 1 7 5 -1 1 5 -1 1 7 5 -1 7 5 -1 1 7 5 -1 1 7 -1 1 7 5 -1 1 7 -1 1 7 5 -1 1 7 -1 1 7 5 -1 7 5 -1 7 -1 7 5 -1 5 -1 1 5 -1 1 7 5 -1 1 7 -1 1 -1 1 7 -1 7 5 -1 1 7 5 -1 7 5 -1 1 7 5 -1 1 5 -1 1 7 5 -1 7 5 -1 5 -1 7 5 -1 5 -1 1 5 -1 5 -1 7 5 -1 5 -1 1 5 -1 5 -1 7 5 -1 1 7 5 -1 5 -1 1 7 5 -1 1 5 -1 1 7 5 -1 7 5 -1 1 5 -1 1 7 5 -1 1 5 -1 7 5 -1 1 7 5 -1 1 5 -1 7 5 -1 1 7 5 -1 7 5 -1 1 7 5 -1 7 5 -1 1 7 5 -1 7 5 -1 5 -1 1 5 -1 5 -1 7 5 -1 1 5 -1 5 -1 1 5 -1 5 -1 7 5 -1 1 7 5 -1 1 5 -1 7 5 -1 1 7 5 -1 7 5 -1 1 5 -1 1 7 5 -1 7 5 6 -1 7 5 -1 1 7 5 -1 1 5 -1 1 7 5 -1 1 5 -1 5 -1 1 5 -1 1 7 5 -1 7 -1 7 5 -1 5 -1 1 5 -1 7 5 -1 1 7 5 -1 7 5 -1 1 7 5 -1 1 5 -1 1 7 5 -1 7 5 -1 1 5 -1 1 7 5 -1 1 5 -1 1 7 5 -1 1 5 -1 7 5 -1 1 7 5 -1 1 5 -1 1 7 5 -1 1 5 -1 1 7 5 -1 5 -1 1 7 5 -1 7 5 -1 5 -1 1 5 -1 5 -1 1 5 -1 1 7 5 -1 7 5 -1 1 5 -1 7 5 -1 1 7 5 -1 1 7 -1 1 -1 1 7 5 -1 7 5 -1 1 7 5 -1 1 5 -1 1 7 5 -1 5 -1 7 5 -1 1 5 -1 5 -1 1 7 5 -1 7 5 -1 5 -1 1 5 -1 1 7 5 -1 1 7 -1 1 -1 1 7 5 -1 7 5 -1 1 7 5 -1 1 5 -1 1 7 5 -1 1 5 -1 1 7 5 -1 1 5 -1 1 7 5 -1 1 5 -1 1 7 5 -1 1 5 -1 1 7 5 -1 1 5 -1 1 7 5 -1 7 5 -1 1 5 -1 1 7 5 -1 1 5 -1 1 7 5 -1 5 -1 7 5 -1 1 7 5 -1 7 5 -1 1 7 5 -1 7 5 -1 1 7 5 -1 7 5 -1 1 7 5 -1 1 7 -1 7 5 -1 7 -1 7 5 -1 7 -1 7 5 -1 5 -1 7 5 -1 5 -1 7 5 -1 1 7 5 -1 1 5 -1 1 7 5 -1 7 5 -1 1 7 5 -1 1 5 -1 1 7 5 -1 5 -1 7 5 -1 1 7 5 -1 7 5 -1 1 7 5 -1 7 5 -1 5 -1 1 5 -1 1 7 5 -1 7 5 -1 1 7 5 -1 1 7 -1 1 -1 1 7 -1 1 -1 1 7 5 -1 7 5 -1 1 7 5 -1 1 5 -1 1 7 5 -1 7 5 -1 1 5 -1 1 7 5 -1 1 5 -1 1 7 5 -1 1 5 -1 1 7 5 -1 7 5 -1 1 7 5 -1 7 5 -1 5 -1 1 5 -1 1 7 5 -1 7 5 -1 5 -1 7 5 -1 1 5 -1 1 7 5 -1 7 5 -1 1 7 5 -1 1 5 -1 1 7 5 -1 7 5 -1 1 7 5 -1 7 5 -1 7 -1 7 5 -1 7 -1 7 5 -1 7 -1 7 5 -1 1 7 5 -1 7 5 -1 1 5 -1 1 4 5 -1 1 7 5 -1 7 5 -1 1 7 5 -1 7 5 -1 1 7 5 -1 7 5 -1 1 7 5 -1 7 5 -1 1 7 5 -1 7 5 -1 5 -1 7 5 -1 5 -1 1 5 -1 1 -1 1 7 5 -1 1 5 -1 7 5 -1 1 7 5 -1 7 5 -1 1 7 5 -1 1 5 -1 1 7 5 -1 1 -1 1 7 -1 1 -1 1 7 -1 1 7 5 -1 7 5 -1 5 -1 7 5 -1 1 5 -1 5 -1 1 5 -1 1 7 5 -1 7 -1 7 5 -1 1 7 5 -1 1 5 -1 7 5 -1 1 7 5 -1 1 5 -1 1 7 5 -1 7 5 -1 5 -1 7 5 -1 1 7 5 -1 1 7 -1 1 7 5 -1 7 5 -1 5 -1 7 5 -1 1 7 5 -1 7 5 -1 5 -1 7 5 -1 1 7 5 -1 1 7 -1 1 7 5 -1 7 5 -1 1 7 5 -1 1 7 -1 1 -1 1 7 -1 1 7 5 -1 7 5 -1 1 5 -1 5 -1 7 5 -1 1 7 5 -1 7 5 -1 5 -1 7 5 -1 7 5 6 -1 7 5 -1 5 -1 7 5 -1 1 7 5 -1 7 5 -1 1 7 5 -1 7 5 -1 1 5 -1 5 -1 1 4 5 -1 5 -1 1 5 -1 7 5 -1 1 7 5 -1 7 5 -1 7 -1 7 5 -1 1 7 5 -1 7 5 -1 1 7 5 -1 1 7 -1 1 -1 1 7 5 -1 7 5 -1 1 5 -1 1 7 5 -1 1 5 -1 1 7 5 -1 7 5 -1 4 7 5 -1 4 7 -1 1 4 7 5 -1 1 4 7 -1 4 7 -1 1 4 7 5 -1 1 7 5 -1 7 5 -1 1 7 5 -1 7 5 -1 7 5 6 -1 5 6 -1 7 5 6 -1 7 5 -1 4 7 5 -1 7 5 -1 7 -1 7 5 -1 1 7 5 -1 1 5 -1 1 7 5 -1 1 5 -1 1 7 5 -1 1 5 -1 1 7 5 -1 7 -1 7 5 -1 1 7 -1 7 5 -1 7 -1 1 7 -1 7 -1 1 7 -1 1 7 5 -1 7 -1 7 5 -1 1 7 -1 1 7 5 -1 1 7 -1 7 5 -1 1 7 -1 7 -1 7 5 -1 7 -1 1 7 5 -1 7 5 -1 1 7 -1 7 5 -1 7 -1 7 5 -1 7 -1 7 5 -1 5 -1 7 5 -1 1 7 5 -1 7 5 -1 1 7 5 -1 7 5 -1 1 7 5 -1 1 5 -1 1 7 5 -1 7 5 -1 1 7 5 -1 5 -1 7 5 -1 1 7 5 -1 7 5 -1 7 -1 7 5 -1 5 -1 7 5 -1 5 -1 7 5 -1 1 7 5 -1 7 5 -1 1 7 5 -1 7 5 -1 1 5 -1 5 -1 7 5 -1 2 4 7 5 -1 4 7 5 -1 7 5 -1 7 -1 7 5 -1 1 5 -1 1 7 5 -1 7 5 -1 1 7 5 -1 7 5 -1 1 7 5 -1 1 7 5 6 -1 4 7 5 6 -1 4 7 5 -1 2 4 7 -1 4 7 5 -1 7 5 -1 4 7 5 -1 4 7 -1 4 7 5 -1 7 5 -1 7 -1 7 5 -1 7 -1 7 5 -1 4 7 5 -1 7 5 -1 7 -1 4 7 -1 7 -1 7 5 -1 4 7 -1 7 5 6 -1 7 5 -1 7 -1 7 5 -1 4 7 5 -1 7 5 -1 4 7 5 -1 7 5 -1 1 7 5 -1 7 5 -1 1 7 -1 1 7 5 -1 7 5 -1 7 -1 7 5 -1 7 -1 7 5 -1 7 -1 1 7 -1 7 -1 2 7 5 -1 7 5 -1 7 -1 2 7 5 -1 7 -1 2 7 5 -1 7 5 -1 5 -1 7 5 -1 2 7 5 -1 7 5 -1 2 7 5 -1 7 5 -1 2 7 5 -1 7 5 -1 2 7 5 -1 7 5 -1 2 7 5 -1 1 2 7 5 -1 2 7 5 -1 7 5 -1 2 7 5 -1 7 5 -1 2 7 5 -1 1 7 -1 1 7 5 -1 7 5 -1 7 -1 2 7 5 -1 1 7 5 -1 7 5 -1 1 7 5 -1 1 7 -1 7 5 -1 1 7 5 -1 1 7 -1 1 7 5 -1 7 5 -1 7 -1 7 5 -1 7 -1 1 7 -1 1 7 5 -1 1 7 -1 1 7 5 -1 7 5 -1 7 -1 1 7 5 -1 7 5 -1 1 7 5 -1 1 7 -1 1 -1 1 7 5 -1 7 -1 7 5 -1 2 7 -1 7 -1 1 7 -1 7 -1 1 7 -1 1 -1 1 7 -1 7 5 -1 5 -1 1 5 -1 5 -1 1 5 -1 1 7 5 -1 7 5 -1 1 7 5 -1 7 5 -1 5 -1 7 5 -1 1 2 7 5 -1 7 5 -1 2 7 -1 7 -1 1 7 5 -1 7 5 -1 1 2 7 5 -1 1 7 5 -1 7 -1 4 7 -1 7 -1 2 7 -1 2 7 5 6 -1 7 5 6 -1 7 -1 7 5 -1 1 7 5 -1 5 -1 7 5 -1 4 7 5 -1 4 7 -1 7 5 -1 4 7 -1 7 -1 7 5 -1 4 7 5 -1 2 4 7 -1 4 7 5 -1 7 5 -1 4 7 5 -1 7 5 -1 4 7 5 -1 2 4 7 -1 4 7 -1 7 -1 7 5 -1 5 -1 7 5 -1 5 -1 7 5 -1 4 7 5 -1 4 7 -1 4 7 5 -1 7 5 -1 5 -1 1 7 5 -1 4 7 5 -1 7 5 -1 4 7 -1 1 7 -1 1 7 5 -1 1 7 -1 1 7 5 -1 1 7 -1 7 5 -1 1 4 7 -1 1 7 -1 1 7 5 -1 7 5 -1 7 5 6 -1 7 5 -1 5 -1 7 5 -1 1 7 5 -1 7 5 -1 1 7 5 -1 7 5 -1 1 7 5 -1 7 5 -1 5 -1 7 5 -1 7 -1 1 7 5 -1 7 5 -1 1 7 5 -1 1 7 -1 1 7 5 -1 1 7 -1 1 7 5 -1 7 5 -1 5 -1 1 5 -1 5 -1 7 5 -1 5 -1 7 5 -1 1 5 -1 1 7 5 -1 1 5 -1 1 7 5 -1 1 7 -1 1 7 5 -1 7 5 -1 1 7 -1 1 7 5 -1 1 7 -1 1 4 7 -1 4 7 -1 7 5 -1 4 7 -1 -2
7 -1 7 6 -1 7 -1 7 6 -1 7 -1 4 7 -1 7 -1 7 6 -1 7 -1 7 6 -1 7 -1 7 6 -1 7 -1 4 7 -1 7 -1 7 6 -1 7 -1 4 7 -1 7 -1 4 7 -1 4 -1 4 7 -1 7 -1 4 7 -1 4 -1 4 7 -1 7 -1 7 6 -1 7 -1 7 6 -1 7 -1 7 6 -1 7 -1 7 6 -1 7 -1 7 6 -1 7 -1 7 6 -1 7 -1 7 6 -1 7 -1 7 6 -1 7 -1 7 6 -1 7 -1 7 6 -1 7 -1 7 6 -1 7 -1 7 6 -1 7 -1 7 6 -1 7 -1 7 6 -1 7 -1 7 6 -1 7 -1 7 6 -1 7 -1 7 6 -1 7 -1 7 6 -1 7 -1 7 6 -1 7 -1 7 6 -1 7 -1 7 6 -1 7 -1 7 6 -1 7 -1 7 6 -1 7 -1 7 6 -1 7 -1 7 6 -1 7 -1 1 7 -1 7 -1 7 6 -1 7 -1 7 6 -1 7 -1 7 6 -1 7 -1 4 7 -1 7 -1 7 6 -1 7 -1 7 6 -1 7 -1 7 6 -1 7 -1 7 6 -1 7 -1 7 6 -1 7 -1 7 6 -1 7 -1 7 6 -1 7 -1 4 7 -1 7 -1 4 7 -1 7 -1 7 5 -1 2 7 5 -1 2 7 5 6 -1 1 4 7 -1 4 7 -1 7 -1 4 7 -1 7 -1 7 6 -1 7 -1 1 7 -1 7 -1 1 7 -1 7 -1 1 7 -1 7 -1 4 7 -1 7 -1 4 7 -1 7 -1 4 7 -1 7 -1 -2
2 -1 2 4 -1 1 2 5 6 -1 1 2 -1 2 7 -1 2 -1 7 5 -1 2 7 -1 2 4 7 -1 2 7 -1 2 -1 2 7 -1 2 4 7 -1 2 4 -1 2 4 5 -1 2 4 -1 2 4 7 -1 2 4 -1 2 4 7 -1 2 4 -1 1 2 4 -1 2 4 7 -1 2 4 -1 2 -1 2 4 -1 2 4 7 -1 2 4 -1 2 4 7 -1 1 2 -1 1 2 4 7 -1 2 -1 2 4 -1 2 4 7 -1 2 -1 2 4 -1 2 4 7 -1 2 7 -1 2 -1 2 7 -1 2 -1 2 7 -1 2 -1 2 7 -1 2 -1 2 7 -1 7 -1 2 7 -1 2 4 -1 2 4 7 -1 2 4 -1 2 -1 2 4 -1 2 4 7 -1 2 -1 2 4 -1 2 4 7 5 -1 2 4 7 -1 2 4 -1 2 4 7 -1 2 7 -1 2 4 7 -1 2 7 -1 2 4 7 -1 7 -1 2 7 -1 2 -1 2 7 -1 2 4 7 -1 7 -1 2 7 -1 2 4 -1 2 7 -1 2 4 7 -1 4 7 -1 2 4 -1 2 4 7 -1 2 7 -1 2 4 7 -1 2 4 -1 2 -1 2 4 -1 2 4 7 -1 2 -1 2 7 -1 2 4 -1 2 -1 1 2 7 -1 2 -1 2 7 -1 2 4 7 -1 2 -1 1 2 7 -1 2 7 -1 2 -1 1 2 -1 2 4 7 -1 2 -1 2 4 -1 1 2 7 -1 2 -1 2 7 -1 2 -1 2 7 -1 2 -1 1 2 7 -1 1 2 -1 1 2 7 -1 1 2 -1 1 2 7 -1 1 4 7 -1 1 2 4 7 -1 2 4 -1 2 7 -1 1 2 7 -1 2 4 -1 1 2 -1 1 2 4 -1 1 2 4 7 -1 1 2 -1 1 2 4 -1 2 4 -1 2 -1 1 2 7 -1 1 2 4 7 -1 1 2 -1 1 2 7 -1 1 2 -1 1 2 7 -1 1 2 -1 1 2 7 -1 1 2 -1 1 2 7 -1 1 2 -1 1 2 7 -1 1 2 -1 2 -1 1 2 7 -1 2 4 7 -1 2 4 -1 2 4 7 -1 1 2 7 -1 1 2 4 7 -1 2 4 -1 1 2 4 7 -1 2 4 -1 1 2 4 7 -1 1 2 7 -1 2 4 7 -1 2 7 -1 2 -1 1 2 -1 1 2 7 -1 2 7 -1 1 2 -1 1 2 7 -1 1 2 -1 1 2 7 -1 2 7 -1 2 4 -1 1 2 7 -1 1 2 -1 2 -1 2 4 -1 2 -1 2 5 -1 2 -1 2 7 -1 2 -1 2 7 -1 2 7 5 -1 2 7 -1 7 -1 2 7 -1 2 7 5 -1 2 7 -1 7 -1 2 7 -1 2 5 -1 5 -1 2 5 -1 2 7 5 -1 2 7 -1 2 7 5 -1 7 -1 2 7 -1 7 -1 2 7 -1 2 7 5 -1 2 7 -1 7 -1 2 7 5 -1 2 7 -1 2 7 5 -1 2 7 -1 7 -1 2 7 -1 2 7 5 -1 7 -1 7 5 -1 5 -1 2 5 -1 2 7 5 -1 2 7 -1 7 -1 2 7 -1 7 -1 7 5 -1 2 7 -1 7 -1 7 5 -1 7 -1 2 5 -1 2 -1 2 5 -1 5 -1 2 5 -1 2 -1 2 5 -1 2 -1 2 6 -1 2 -1 2 6 -1 2 -1 2 5 -1 2 -1 2 5 -1 2 -1 1 2 7 5 -1 7 -1 2 7 -1 2 -1 1 2 7 -1 7 -1 1 7 -1 7 -1 2 7 -1 7 -1 1 7 -1 7 -1 1 7 -1 7 -1 1 7 -1 7 -1 7 5 -1 2 5 -1 2 -1 2 5 -1 2 7 5 -1 2 5 -1 7 5 -1 2 5 -1 7 5 -1 2 5 -1 2 7 5 -1 2 5 -1 2 -1 2 7 5 -1 2 5 -1 2 7 5 -1 2 -1 2 5 -1 5 -1 2 7 5 -1 2 7 5 6 -1 7 5 -1 2 7 5 -1 2 5 -1 5 -1 2 5 -1 2 -1 2 5 -1 2 -1 2 5 -1 5 -1 2 5 -1 2 -1 2 5 -1 2 -1 2 5 -1 2 -1 2 5 -1 2 7 5 -1 2 7 -1 1 2 7 -1 2 -1 1 2 -1 2 -1 1 7 -1 1 2 7 -1 2 7 -1 7 -1 1 2 7 -1 2 7 6 -1 7 6 -1 2 7 -1 2 7 5 -1 1 2 7 5 -1 2 7 -1 1 2 -1 2 -1 2 7 -1 1 2 7 -1 2 7 -1 1 2 7 -1 1 2 -1 1 2 7 -1 2 7 -1 1 2 -1 2 -1 1 2 -1 1 2 7 -1 2 7 -1 1 2 7 -1 1 7 -1 2 7 -1 1 2 7 -1 2 7 -1 2 7 5 -1 2 -1 2 5 -1 2 -1 2 5 -1 2 -1 2 5 -1 2 -1 2 5 -1 2 -1 2 5 -1 2 -1 2 6 -1 2 -1 2 4 -1 2 7 -1 2 -1 2 7 -1 2 7 5 -1 2 7 -1 7 -1 2 7 -1 2 5 -1 1 2 5 -1 1 2 -1 1 2 5 -1 5 -1 2 5 -1 2 -1 2 5 -1 2 -1 2 5 -1 2 -1 2 5 -1 2 -1 2 5 -1 2 7 -1 2 -1 2 5 -1 2 7 5 -1 2 7 -1 2 -1 2 7 -1 1 2 7 -1 2 7 -1 2 -1 2 7 -1 2 -1 1 2 7 -1 2 7 -1 2 -1 2 7 -1 1 -1 7 -1 2 7 -1 7 -1 2 -1 2 7 -1 7 -1 7 5 -1 7 -1 2 7 -1 7 -1 1 7 -1 7 -1 2 7 -1 7 -1 1 -1 1 7 -1 1 2 7 -1 1 7 -1 1 2 7 -1 1 7 -1 2 7 -1 7 -1 2 7 -1 2 -1 2 7 -1 2 -1 1 2 7 -1 2 5 -1 2 -1 2 5 -1 2 -1 2 5 -1 2 -1 2 5 -1 2 -1 2 5 -1 2 -1 2 7 -1 7 -1 7 5 -1 5 -1 2 5 -1 5 -1 2 5 -1 5 -1 2 5 -1 2 -1 1 2 7 5 -1 1 2 7 -1 1 2 -1 1 2 7 -1 1 2 -1 1 2 7 -1 1 2 -1 1 -1 1 2 -1 1 2 5 -1 5 6 -1 1 2 5 -1 1 2 7 -1 1 2 -1 1 2 7 -1 1 2 7 5 -1 1 5 -1 1 2 -1 1 2 7 -1 1 7 -1 1 2 7 -1 1 2 -1 1 2 7 -1 1 2 -1 1 2 7 -1 1 2 -1 1 2 7 5 -1 1 2 -1 1 2 7 -1 1 2 -1 1 7 -1 1 2 -1 1 2 7 -1 1 2 7 5 -1 1 2 -1 1 2 7 5 -1 7 5 -1 1 2 7 5 -1 7 5 -1 1 2 7 5 -1 2 7 5 -1 7 5 -1 5 -1 2 5 -1 1 2 5 -1 2 5 -1 2 -1 2 5 -1 2 -1 2 5 -1 2 -1 2 5 -1 2 -1 2 5 -1 5 -1 1 5 -1 1 -1 1 5 -1 1 2 5 -1 2 -1 2 5 -1 1 2 7 -1 2 7 -1 2 -1 1 2 7 -1 1 2 -1 1 2 7 -1 2 7 -1 1 2 7 -1 2 7 5 -1 2 5 -1 1 2 -1 2 -1 1 2 -1 2 -1 2 7 5 -1 7 5 -1 2 5 -1 2 7 5 -1 2 5 -1 2 7 5 -1 2 5 6 -1 2 7 -1 2 5 -1 1 2 5 -1 1 2 5 6 -1 1 2 5 -1 1 2 -1 2 -1 1 2 -1 2 -1 1 2 -1 1 2 7 -1 7 -1 1 2 7 -1 2 -1 1 2 -1 1 2 7 -1 1 2 -1 1 2 5 -1 2 5 -1 2 -1 2 5 -1 1 2 5 -1 2 5 -1 2 -1 2 7 5 -1 2 5 -1 2 -1 1 2 7 -1 2 7 -1 1 2 7 -1 2 7 -1 1 2 7 -1 1 7 -1 7 -1 2 7 -1 1 2 7 -1 1 7 -1 1 2 -1 1 7 -1 1 2 7 -1 1 2 -1 1 2 7 -1 2 7 -1 1 2 7 -1 1 2 7 5 -1 2 7 -1 2 7 5 -1 1 2 7 -1 7 5 -1 2 7 5 -1 2 7 -1 5 -1 2 7 5 -1 2 -1 2 5 -1 2 -1 2 5 -1 2 -1 2 5 -1 2 -1 2 5 -1 2 -1 2 5 -1 2 -1 2 5 -1 2 -1 2 5 -1 2 -1 2 5 -1 2 -1 2 5 -1 2 -1 2 5 -1 2 -1 2 5 -1 2 -1 2 5 -1 2 5 6 -1 2 -1 2 7 -1 7 -1 7 5 -1 7 -1 2 7 -1 7 -1 7 5 -1 7 -1 7 5 -1 7 -1 2 7 -1 2 7 5 -1 2 7 5 6 -1 2 5 6 -1 2 7 -1 2 7 5 -1 2 5 6 -1 2 5 -1 2 7 5 -1 2 7 -1 5 -1 7 5 -1 7 -1 1 7 -1 1 2 7 5 -1 1 2 7 -1 1 7 5 -1 5 -1 2 5 6 -1 2 6 -1 2 5 -1 2 -1 2 5 6 -1 2 5 -1 2 5 6 -1 2 5 -1 2 6 -1 2 5 -1 2 7 5 -1 2 7 -1 2 7 5 -1 5 -1 2 5 -1 2 -1 2 5 -1 2 6 -1 2 5 -1 5 -1 2 5 6 -1 2 6 -1 2 7 6 -1 7 -1 2 7 -1 2 -1 2 7 -1 2 7 5 -1 5 -1 2 5 6 -1 2 6 -1 2 7 6 -1 2 7 -1 2 7 6 -1 2 7 -1 2 7 6 -1 2 7 -1 2 -1 2 7 -1 2 7 6 -1 2 7 -1 1 2 7 -1 1 2 -1 1 2 4 -1 1 2 -1 2 -1 1 2 -1 2 4 -1 2 7 -1 2 -1 1 2 -1 2 4 -1 1 2 4 7 -1 1 2 7 -1 2 4 7 -1 1 2 4 7 -1 2 4 7 -1 2 4 -1 2 7 -1 2 4 7 -1 1 2 4 -1 1 2 7 -1 2 4 -1 2 4 7 -1 2 4 -1 2 4 7 -1 2 4 -1 1 2 -1 2 4 -1 2 7 -1 2 4 7 -1 2 4 -1 2 -1 2 4 -1 2 -1 2 7 -1 7 5 -1 2 7 5 -1 2 7 -1 2 4 -1 2 4 7 -1 2 7 -1 2 4 7 -1 2 4 -1 2 -1 2 4 -1 2 -1 2 4 -1 2 7 -1 2 4 7 -1 2 4 -1 2 4 7 -1 2 4 -1 2 4 7 -1 2 4 -1 2 4 7 -1 2 4 -1 2 4 7 -1 2 4 -1 1 2 7 -1 1 2 4 7 -1 2 4 -1 2 4 7 -1 2 4 -1 2 4 7 -1 2 4 -1 2 4 7 -1 2 4 -1 2 -1 2 4 -1 2 -1 2 4 -1 2 -1 2 4 -1 2 -1 2 4 -1 2 -1 2 4 -1 2 -1 2 7 -1 2 -1 2 7 -1 2 -1 2 7 -1 2 -1 2 7 -1 2 -1 2 4 -1 2 -1 2 4 7 -1 2 4 -1 -2
1 -1 1 2 -1 1 2 6 -1 1 2 -1 1 2 4 -1 1 4 -1 1 -1 1 2 -1 1 2 4 -1 1 2 -1 1 -1 1 7 -1 1 -1 1 7 -1 1 -1 1 7 -1 1 -1 1 7 -1 1 -1 1 2 7 -1 1 7 -1 1 2 7 -1 1 7 -1 1 2 7 -1 1 7 -1 1 2 7 -1 1 7 -1 1 2 -1 1 2 4 -1 1 4 -1 1 2 -1 1 2 4 -1 1 2 4 7 -1 1 2 4 -1 1 2 -1 1 -1 1 2 -1 1 2 7 -1 1 2 4 7 -1 1 2 4 -1 1 2 -1 1 2 4 -1 1 2 7 -1 1 7 -1 1 2 7 -1 2 4 7 -1 4 7 -1 4 -1 4 7 -1 4 7 5 -1 7 5 -1 1 7 -1 7 -1 7 5 -1 1 7 5 -1 1 -1 1 7 -1 7 -1 1 2 7 -1 1 7 -1 1 -1 1 7 -1 1 -1 1 7 -1 4 7 -1 1 4 7 -1 1 4 -1 1 -1 1 7 -1 7 -1 1 7 -1 1 -1 1 6 -1 1 -1 1 6 -1 1 -1 1 6 -1 1 -1 1 6 -1 1 -1 1 6 -1 1 -1 1 6 -1 1 -1 1 6 -1 1 -1 1 6 -1 1 -1 1 6 -1 1 -1 1 7 6 -1 1 7 -1 1 -1 1 2 7 -1 1 2 -1 1 -1 1 2 -1 1 -1 1 2 -1 1 -1 1 2 -1 1 -1 1 2 -1 1 -1 1 2 -1 1 -1 1 2 -1 1 -1 1 2 -1 1 -1 1 2 -1 1 -1 1 2 -1 1 -1 1 7 5 -1 1 7 5 6 -1 1 6 -1 1 -1 1 6 -1 1 -1 1 6 -1 1 -1 1 2 -1 1 2 7 -1 1 2 -1 1 2 7 -1 1 2 -1 1 2 5 -1 1 2 7 -1 1 2 -1 1 2 5 -1 1 2 -1 1 2 5 -1 1 2 -1 1 2 7 5 -1 1 2 -1 1 2 7 5 -1 1 2 7 -1 1 2 7 5 -1 1 2 -1 1 2 7 -1 1 2 -1 1 2 5 -1 1 2 7 5 -1 1 2 -1 1 2 7 -1 1 2 -1 1 2 5 -1 1 2 -1 1 -1 1 2 -1 2 -1 1 2 -1 1 -1 1 6 -1 1 2 -1 1 -1 1 2 -1 1 -1 1 7 -1 1 -1 1 7 -1 1 -1 1 7 -1 1 -1 1 7 -1 1 2 7 -1 1 2 -1 1 -1 1 2 -1 1 -1 1 2 -1 1 -1 1 2 -1 1 -1 1 2 -1 1 -1 1 2 -1 1 -1 1 2 -1 1 -1 1 2 -1 1 -1 1 2 -1 1 -1 1 2 -1 1 -1 1 2 -1 1 -1 1 2 -1 1 -1 1 2 -1 1 -1 1 2 -1 1 2 7 -1 1 2 -1 1 2 7 -1 2 7 -1 1 2 -1 1 2 7 -1 1 2 -1 1 2 7 -1 1 2 -1 1 2 7 -1 1 2 -1 1 2 7 -1 1 2 -1 1 2 7 -1 1 2 -1 1 2 7 -1 1 2 -1 1 -1 1 2 -1 1 2 7 -1 1 2 -1 1 2 7 -1 1 2 -1 1 2 7 -1 1 2 -1 1 2 7 -1 1 2 -1 1 -1 1 2 -1 1 2 7 -1 1 7 -1 1 -1 1 7 -1 1 -1 1 7 -1 1 -1 1 7 -1 1 2 -1 1 -1 1 7 -1 1 -1 1 2 7 -1 1 7 -1 1 2 -1 1 7 -1 1 2 7 -1 1 2 -1 1 2 7 -1 1 2 -1 1 -1 1 2 7 -1 1 2 -1 1 7 -1 1 2 -1 1 2 7 -1 1 7 -1 1 -1 1 2 7 -1 1 2 -1 1 2 7 -1 1 2 -1 1 2 7 -1 1 2 -1 1 2 7 -1 1 2 -1 1 7 -1 1 2 7 -1 1 2 -1 1 2 7 -1 1 2 -1 1 2 5 -1 1 2 -1 1 2 7 -1 1 2 -1 1 2 7 -1 1 2 -1 1 2 7 -1 1 2 -1 1 2 7 -1 1 2 -1 1 2 7 -1 1 2 -1 1 2 7 -1 1 2 -1 1 2 7 -1 1 2 -1 1 2 7 -1 1 2 -1 1 2 7 -1 1 2 -1 1 2 7 -1 1 2 -1 1 2 7 -1 1 2 -1 1 2 7 -1 1 2 -1 1 2 7 -1 1 2 -1 1 2 7 -1 1 2 -1 1 2 7 -1 1 2 -1 1 2 7 -1 1 2 -1 1 2 7 -1 1 2 -1 1 2 7 -1 1 2 -1 1 2 7 -1 1 2 -1 1 2 7 -1 1 2 -1 1 2 7 -1 1 2 -1 1 2 7 -1 1 2 -1 1 2 7 -1 1 2 -1 1 2 7 -1 1 2 -1 1 2 7 -1 1 2 -1 1 2 7 -1 1 2 -1 1 2 7 -1 1 2 -1 1 2 7 -1 1 2 -1 1 2 7 -1 1 2 -1 1 2 7 -1 1 2 -1 1 2 7 -1 1 2 -1 1 2 7 -1 1 2 -1 1 -1 1 7 -1 1 2 7 -1 1 -1 1 7 -1 1 -1 1 2 -1 1 -1 1 2 -1 1 -1 1 2 -1 1 2 7 -1 1 2 -1 1 -1 1 2 7 -1 1 7 -1 1 2 -1 1 -1 1 7 -1 1 2 7 -1 1 -1 1 2 -1 1 -1 1 2 7 -1 1 2 -1 1 2 7 -1 1 2 -1 1 2 7 -1 1 2 -1 1 2 7 -1 1 2 -1 1 2 7 -1 1 2 -1 1 2 7 -1 1 2 -1 1 2 7 -1 1 2 -1 1 2 7 -1 1 2 -1 1 2 7 -1 1 7 -1 1 2 7 -1 1 7 -1 1 2 7 -1 1 7 -1 1 2 7 -1 1 -1 1 2 -1 1 -1 1 2 -1 1 -1 1 2 -1 1 2 7 -1 1 2 -1 1 -1 1 2 7 -1 1 -1 1 2 -1 2 -1 1 2 -1 2 -1 1 2 -1 2 -1 1 2 -1 2 -1 1 2 -1 2 -1 1 2 -1 2 -1 1 2 -1 1 -1 1 2 -1 1 2 7 -1 1 2 -1 1 2 7 -1 1 2 -1 1 2 7 -1 1 2 -1 1 2 7 -1 1 2 -1 1 2 7 -1 1 2 -1 1 2 7 -1 1 2 -1 1 2 7 -1 1 2 -1 1 2 7 -1 1 2 -1 1 2 7 -1 1 2 -1 1 2 7 5 -1 1 2 5 -1 1 2 7 5 -1 1 2 -1 1 2 7 -1 1 2 -1 1 2 7 -1 1 2 -1 1 2 7 -1 1 2 -1 1 2 7 -1 1 2 -1 1 2 7 -1 1 2 -1 1 2 7 -1 1 2 -1 1 2 7 -1 1 2 -1 1 2 7 -1 1 2 -1 1 2 7 -1 1 2 7 5 -1 1 2 7 -1 1 2 -1 1 2 7 -1 1 2 -1 1 -1 1 2 -1 1 -1 1 2 -1 1 -1 1 2 -1 1 -1 1 2 -1 1 2 7 -1 1 2 -1 1 2 7 -1 1 2 -1 1 -1 1 2 -1 1 -1 1 2 -1 1 2 7 -1 1 7 -1 1 7 5 -1 1 7 -1 1 6 -1 1 -1 7 -1 1 -1 1 2 -1 1 -1 1 2 7 -1 1 7 -1 1 -1 1 2 -1 1 -1 1 4 -1 1 7 -1 1 -1 1 7 -1 1 -1 1 4 7 -1 1 4 7 6 -1 1 7 -1 1 4 7 -1 1 2 4 7 -1 1 -1 1 7 -1 7 -1 1 7 -1 1 -1 1 6 -1 1 -1 1 6 -1 1 2 -1 1 2 7 -1 1 2 -1 1 -1 1 7 -1 1 -1 1 2 -1 1 7 -1 1 -1 1 2 -1 1 2 7 -1 1 2 -1 1 2 7 -1 1 -1 1 2 7 -1 1 -1 1 2 -1 1 2 7 -1 1 2 -1 1 2 7 -1 1 2 -1 1 2 7 -1 1 2 -1 1 2 7 -1 1 2 -1 1 -1 1 7 -1 1 2 7 -1 1 7 -1 1 -1 1 7 -1 1 2 7 -1 1 7 -1 1 -1 1 7 -1 1 2 7 -1 1 7 -1 1 2 7 -1 1 7 -1 1 2 7 -1 1 7 -1 1 2 7 -1 1 7 -1 1 2 7 -1 1 7 -1 1 -1 1 2 7 -1 1 -1 1 7 -1 1 -1 1 7 -1 1 2 7 -1 1 7 -1 1 -1 1 7 -1 1 -1 1 7 -1 1 -1 1 7 -1 1 -1 1 7 -1 1 -1 1 7 -1 1 -1 1 7 -1 1 2 7 -1 1 2 -1 1 2 7 -1 1 7 6 -1 7 6 -1 7 -1 1 7 -1 1 2 7 6 -1 2 4 7 6 -1 4 7 -1 7 -1 -2
7 -1 7 6 -1 7 -1 7 6 -1 4 7 -1 7 -1 4 7 -1 7 -1 4 7 -1 7 -1 4 7 -1 7 -1 7 6 -1 7 -1 4 7 -1 7 -1 4 7 -1 7 -1 4 7 -1 7 -1 4 7 -1 7 6 -1 7 -1 4 7 -1 4 -1 4 7 -1 7 -1 4 7 -1 4 -1 4 7 -1 7 -1 4 7 -1 2 7 -1 4 7 -1 4 -1 4 7 -1 7 -1 4 7 -1 7 -1 7 6 -1 7 -1 1 7 -1 7 -1 7 6 -1 7 -1 4 7 -1 7 -1 7 6 -1 7 -1 7 6 -1 7 -1 7 6 -1 7 -1 7 6 -1 7 -1 7 6 -1 7 -1 7 6 -1 7 -1 1 7 -1 7 -1 1 7 -1 7 -1 1 7 -1 7 -1 1 7 -1 7 -1 1 7 -1 7 -1 1 7 -1 7 -1 1 7 -1 7 -1 1 7 -1 7 -1 7 6 -1 7 -1 7 6 -1 7 -1 7 6 -1 7 -1 7 6 -1 7 -1 7 6 -1 7 -1 7 6 -1 7 -1 7 6 -1 7 -1 7 6 -1 7 -1 7 6 -1 7 -1 1 7 -1 7 -1 1 7 -1 7 -1 1 7 -1 7 -1 1 7 -1 7 -1 1 7 -1 7 -1 7 6 -1 7 -1 1 7 -1 1 -1 1 7 -1 7 -1 1 7 -1 7 -1 7 6 -1 7 -1 7 6 -1 7 -1 7 6 -1 7 -1 7 6 -1 7 -1 7 6 -1 7 -1 7 6 -1 7 -1 7 6 -1 7 -1 7 6 -1 7 -1 7 6 -1 7 -1 7 6 -1 7 -1 7 6 -1 7 -1 7 6 -1 7 -1 7 6 -1 7 -1 7 6 -1 7 -1 1 7 -1 7 -1 7 6 -1 1 7 -1 7 -1 1 7 -1 7 -1 1 7 -1 7 -1 1 7 -1 7 -1 1 7 -1 7 -1 1 7 -1 7 -1 7 6 -1 7 -1 7 6 -1 7 -1 4 7 -1 4 7 6 -1 7 6 -1 7 -1 7 6 -1 7 -1 1 7 -1 7 -1 7 6 -1 7 -1 7 6 -1 7 -1 4 7 -1 7 -1 7 6 -1 7 -1 4 7 -1 7 -1 4 7 -1 4 -1 4 7 -1 7 -1 4 7 -1 7 -1 4 7 -1 7 -1 4 7 -1 7 -1 1 7 -1 7 -1 1 7 -1 7 -1 4 7 -1 7 -1 4 7 -1 4 -1 4 7 -1 7 -1 -2
2 4 -1 2 -1 1 2 -1 1 2 6 -1 2 6 -1 2 7 6 -1 1 7 -1 1 -1 1 2 -1 1 2 7 -1 1 7 -1 2 7 -1 2 -1 2 4 -1 2 -1 2 7 -1 2 -1 2 4 -1 2 4 7 -1 2 4 -1 2 -1 2 7 -1 2 -1 2 7 -1 2 -1 2 7 -1 2 -1 2 7 -1 2 -1 2 7 -1 2 4 7 -1 2 7 -1 1 2 7 -1 2 7 -1 2 4 7 -1 2 -1 2 4 7 -1 2 -1 2 7 -1 1 7 -1 2 -1 2 4 -1 2 -1 2 7 -1 2 -1 2 5 -1 2 7 -1 2 4 -1 2 7 -1 2 -1 2 7 -1 2 -1 2 7 -1 2 5 -1 2 7 5 -1 2 5 -1 2 -1 2 7 -1 2 7 5 -1 7 5 -1 2 7 -1 7 5 -1 7 -1 2 7 -1 7 -1 2 7 -1 7 -1 2 7 -1 7 -1 7 5 -1 2 7 -1 2 7 5 -1 2 7 -1 7 -1 7 5 -1 2 7 5 -1 2 7 -1 2 -1 2 7 -1 2 -1 2 7 -1 7 5 -1 2 7 5 -1 2 4 7 -1 2 7 -1 2 -1 2 7 -1 2 -1 1 2 7 -1 2 7 -1 2 -1 2 7 -1 7 -1 2 7 -1 2 -1 2 7 -1 2 -1 2 7 -1 2 -1 2 7 -1 2 -1 2 7 -1 7 -1 2 7 -1 2 7 5 -1 2 7 -1 2 -1 2 7 -1 7 5 -1 2 7 -1 2 -1 1 2 -1 2 7 -1 2 -1 2 7 -1 7 -1 2 7 -1 7 -1 2 7 -1 7 -1 7 5 -1 7 -1 2 7 -1 7 -1 2 7 -1 7 -1 2 7 -1 7 -1 2 7 -1 7 -1 1 7 -1 7 -1 2 7 -1 7 -1 7 5 -1 2 7 5 -1 2 5 -1 2 -1 2 5 -1 2 -1 2 7 5 -1 7 5 -1 2 7 5 -1 2 5 -1 2 7 5 -1 2 5 -1 2 -1 2 5 -1 2 7 -1 2 7 5 -1 2 5 -1 7 5 -1 2 7 5 -1 2 5 -1 2 -1 2 7 -1 2 -1 2 7 5 -1 2 5 -1 2 -1 2 5 -1 2 -1 2 7 -1 2 -1 2 7 -1 2 -1 1 2 -1 2 -1 2 7 -1 2 7 5 -1 2 7 -1 2 -1 2 4 -1 2 -1 2 5 -1 2 -1 1 2 7 5 -1 1 7 5 -1 7 5 -1 2 7 5 -1 7 5 -1 7 -1 2 7 -1 2 -1 2 7 -1 2 7 5 -1 7 5 -1 2 7 5 -1 2 5 -1 2 7 5 -1 2 -1 2 5 -1 2 -1 2 7 -1 2 4 7 -1 2 7 -1 2 -1 2 7 5 -1 2 -1 2 5 -1 2 -1 1 2 7 5 -1 1 2 7 -1 1 7 -1 2 7 -1 1 2 7 -1 7 -1 1 7 -1 2 7 5 -1 2 7 -1 1 7 -1 7 -1 7 5 -1 7 -1 7 5 -1 7 -1 2 7 -1 1 2 7 -1 1 2 -1 1 2 7 -1 1 7 -1 2 7 -1 7 -1 7 5 -1 7 -1 2 7 -1 2 -1 2 7 5 -1 2 5 -1 2 -1 2 5 -1 2 -1 2 7 -1 2 -1 1 2 -1 2 -1 2 7 5 -1 2 7 -1 2 -1 1 2 -1 2 -1 2 7 -1 2 -1 2 7 5 -1 2 7 -1 2 7 5 -1 2 7 -1 2 7 5 -1 2 7 -1 2 5 -1 2 7 5 -1 2 7 -1 7 -1 2 7 5 -1 7 5 -1 2 7 5 -1 2 -1 2 7 5 -1 7 5 -1 2 7 5 -1 2 7 -1 7 5 -1 2 7 -1 7 5 -1 2 7 5 -1 7 5 -1 7 -1 2 7 5 -1 7 5 -1 7 -1 7 5 -1 7 -1 7 5 -1 1 2 7 -1 2 -1 2 7 -1 1 2 7 -1 1 2 -1 1 2 7 -1 1 2 7 5 -1 1 2 7 -1 1 2 -1 1 2 7 -1 1 2 -1 1 2 7 -1 1 2 -1 1 2 7 -1 1 2 -1 1 2 7 -1 2 -1 1 2 7 -1 2 7 -1 1 2 7 -1 2 7 -1 1 2 7 -1 1 2 7 5 -1 1 2 7 -1 1 7 -1 1 2 7 -1 1 2 -1 1 2 7 -1 1 2 7 5 -1 1 2 7 -1 1 2 -1 1 2 7 -1 1 2 -1 1 2 7 -1 1 2 -1 1 2 7 -1 2 7 -1 1 2 7 -1 2 -1 1 2 -1 1 2 7 -1 2 7 -1 1 2 -1 1 2 7 -1 2 7 -1 1 2 -1 1 2 7 -1 1 2 7 5 -1 1 2 7 -1 2 7 -1 1 2 7 5 -1 1 2 7 -1 1 2 -1 1 2 7 -1 1 2 7 5 -1 1 2 7 -1 1 2 7 5 -1 1 2 -1 1 2 7 -1 1 2 -1 1 2 7 -1 1 2 -1 1 2 7 -1 1 2 -1 1 2 7 -1 7 5 -1 7 -1 1 2 7 -1 7 5 -1 1 2 7 -1 1 7 -1 1 2 7 5 -1 2 7 -1 7 -1 7 5 -1 7 -1 7 5 -1 7 -1 7 5 -1 7 -1 7 5 -1 7 -1 7 5 -1 2 7 -1 7 -1 2 7 -1 7 -1 1 2 7 -1 1 7 -1 7 -1 1 7 -1 1 7 5 -1 2 7 -1 1 7 5 -1 2 7 -1 1 2 7 -1 2 7 -1 7 -1 2 7 -1 1 2 7 -1 1 7 5 -1 2 7 -1 1 7 -1 1 2 7 -1 7 -1 7 5 -1 7 -1 7 5 -1 7 -1 2 7 -1 2 -1 2 7 -1 2 7 5 -1 2 5 -1 2 7 -1 2 -1 2 7 -1 2 -1 1 2 -1 1 2 7 -1 2 7 -1 1 2 -1 2 -1 1 2 -1 1 2 5 -1 1 2 -1 1 2 7 -1 1 2 -1 1 2 7 -1 2 7 -1 1 2 7 -1 2 5 -1 1 2 -1 1 2 5 -1 1 2 -1 1 2 7 5 -1 1 2 7 -1 1 2 -1 1 2 7 -1 2 7 -1 1 2 7 -1 2 -1 1 2 -1 1 2 7 5 -1 7 5 -1 7 -1 2 5 -1 5 -1 2 5 -1 2 -1 2 5 -1 2 5 6 -1 2 -1 2 6 -1 2 -1 2 7 5 -1 1 7 6 -1 7 -1 2 7 6 -1 7 -1 1 7 -1 7 -1 1 7 -1 1 7 6 -1 7 -1 1 7 -1 2 7 -1 7 -1 1 7 -1 7 -1 2 7 -1 7 -1 1 7 -1 7 -1 7 5 -1 7 -1 1 7 -1 7 -1 1 7 -1 7 -1 1 7 -1 7 5 -1 7 -1 2 7 -1 2 5 -1 2 7 -1 2 -1 2 5 -1 2 7 5 -1 2 -1 2 7 5 -1 2 -1 2 7 -1 2 -1 2 7 -1 7 -1 7 5 -1 1 7 -1 7 5 -1 2 7 -1 2 7 5 -1 2 7 6 -1 2 7 5 -1 2 7 6 -1 1 2 7 5 -1 2 7 -1 1 2 7 -1 2 7 -1 1 2 7 -1 1 2 -1 1 2 7 -1 2 7 6 -1 2 7 5 -1 2 7 -1 1 2 7 -1 2 7 -1 1 2 7 -1 2 7 -1 1 2 7 -1 2 7 -1 1 2 7 -1 1 2 7 5 -1 1 2 7 -1 2 7 5 -1 1 2 7 -1 2 7 -1 1 2 7 -1 2 7 -1 1 2 7 -1 1 2 7 6 -1 1 2 -1 1 2 7 -1 2 7 -1 1 2 7 -1 2 7 -1 7 -1 7 5 -1 2 7 5 -1 2 7 -1 2 -1 1 2 -1 2 7 -1 2 -1 1 2 7 -1 1 2 -1 1 2 7 -1 2 7 -1 7 -1 1 2 7 -1 1 2 -1 1 2 7 -1 7 -1 2 7 5 -1 7 5 -1 2 7 5 -1 2 7 -1 7 -1 2 7 -1 2 7 5 -1 2 7 -1 2 7 5 -1 2 7 -1 7 -1 2 7 -1 7 -1 2 7 -1 7 -1 2 7 -1 7 -1 2 7 -1 2 7 5 -1 7 5 -1 2 7 -1 7 -1 2 7 5 -1 7 5 -1 2 7 5 -1 7 -1 2 7 -1 7 5 -1 7 -1 7 5 -1 2 7 -1 1 2 7 -1 2 7 -1 1 2 6 -1 2 7 -1 7 -1 2 7 -1 7 -1 2 7 -1 7 -1 1 7 -1 7 -1 2 7 -1 2 -1 1 2 -1 2 -1 2 7 -1 2 -1 2 5 -1 2 -1 2 5 -1 2 -1 2 5 -1 2 7 -1 2 -1 2 5 -1 2 -1 2 7 -1 1 2 7 -1 2 7 -1 2 7 5 -1 1 2 7 -1 2 7 -1 1 2 7 -1 2 7 -1 1 2 7 -1 1 2 -1 2 7 -1 1 2 -1 1 2 7 -1 1 2 -1 1 2 7 6 -1 1 2 6 -1 1 2 7 -1 1 2 -1 2 7 -1 7 -1 2 7 5 -1 7 5 -1 2 7 -1 7 -1 7 5 -1 7 -1 7 5 -1 7 -1 7 5 -1 2 7 5 -1 1 2 7 -1 2 7 -1 7 -1 2 7 -1 1 2 7 -1 7 -1 1 7 -1 1 -1 1 2 7 -1 1 7 -1 2 7 -1 7 -1 2 7 -1 2 -1 2 5 -1 2 -1 2 5 -1 2 -1 1 2 5 -1 1 2 7 -1 1 2 7 5 -1 1 7 5 -1 1 2 -1 1 2 7 -1 1 2 7 5 -1 1 2 -1 1 2 5 -1 1 2 -1 1 2 4 6 -1 2 4 -1 1 2 4 -1 2 4 -1 1 2 4 -1 2 4 -1 2 7 -1 2 -1 1 2 -1 2 -1 1 2 7 -1 1 2 -1 2 -1 1 2 -1 2 -1 2 7 -1 1 2 -1 2 7 -1 1 2 7 -1 2 7 -1 1 2 -1 2 7 -1 1 2 -1 2 -1 2 7 -1 2 -1 1 2 7 -1 1 2 -1 2 -1 1 2 -1 2 7 -1 1 2 -1 2 7 -1 2 7 6 -1 2 7 -1 1 2 7 6 -1 2 7 -1 2 7 6 -1 2 7 -1 1 2 7 -1 2 7 -1 2 -1 2 7 -1 1 2 7 6 -1 2 7 6 -1 2 7 -1 1 2 7 -1 2 7 -1 2 7 6 -1 2 7 -1 2 7 6 -1 2 7 -1 1 2 -1 1 2 7 6 -1 2 7 -1 2 7 6 -1 2 7 -1 2 7 6 -1 2 7 -1 1 2 7 -1 2 7 -1 2 7 6 -1 2 7 -1 1 2 7 -1 2 7 -1 1 2 7 -1 2 7 -1 7 5 -1 2 7 -1 7 6 -1 7 -1 2 7 6 -1 2 7 -1 2 7 6 -1 7 6 -1 2 7 -1 7 -1 2 7 6 -1 2 7 -1 7 -1 2 7 -1 7 -1 2 7 -1 7 -1 2 7 -1 7 -1 1 2 7 -1 7 -1 2 7 -1 7 -1 1 7 -1 1 2 7 -1 1 7 -1 7 -1 1 7 -1 1 2 7 -1 1 2 -1 1 2 7 -1 1 2 -1 1 2 7 -1 2 7 -1 2 -1 1 2 7 -1 1 2 -1 1 2 7 -1 2 4 -1 2 4 7 -1 7 -1 2 7 -1 1 2 7 -1 2 7 -1 7 -1 2 7 -1 2 -1 2 7 -1 2 -1 2 7 -1 2 -1 2 7 -1 2 -1 2 4 -1 2 -1 2 5 -1 2 -1 2 5 -1 2 -1 2 5 -1 2 -1 2 5 -1 2 4 5 -1 2 4 -1 2 -1 2 7 -1 2 -1 2 4 -1 2 -1 1 2 -1 2 -1 1 2 -1 2 7 -1 2 -1 2 7 -1 2 -1 2 7 -1 2 -1 2 7 -1 2 -1 2 7 -1 2 -1 2 7 -1 2 -1 2 7 -1 2 -1 2 7 -1 2 4 7 -1 2 4 -1 2 -1 2 4 -1 2 -1 2 4 -1 2 -1 2 4 -1 2 4 7 -1 2 -1 1 2 -1 2 7 -1 2 -1 2 7 -1 2 4 7 -1 2 7 -1 2 4 7 -1 2 7 -1 2 4 7 -1 2 7 -1 2 4 -1 2 7 -1 2 -1 2 7 -1 1 2 7 -1 2 7 -1 2 4 -1 2 -1 2 7 -1 2 -1 2 7 -1 2 -1 2 5 -1 2 -1 2 7 -1 2 -1 2 7 -1 2 -1 2 7 -1 2 4 7 -1 2 4 -1 2 4 7 -1 2 7 -1 2 -1 2 5 -1 2 7 -1 2 7 5 -1 2 4 7 -1 2 -1 2 7 -1 2 -1 -2
1 2 -1 1 2 7 -1 1 2 -1 1 2 7 -1 1 2 7 6 -1 1 7 6 -1 7 6 -1 7 -1 1 7 -1 1 4 7 -1 1 7 -1 1 4 7 -1 1 2 4 7 -1 2 4 7 -1 1 2 7 -1 1 7 -1 2 7 -1 7 -1 1 7 -1 1 2 7 -1 2 7 -1 1 7 -1 7 -1 1 7 -1 1 7 5 -1 1 7 -1 7 -1 7 5 -1 7 -1 1 7 -1 7 -1 1 7 -1 7 -1 1 7 -1 1 7 5 -1 1 7 -1 1 7 5 -1 1 7 -1 1 7 5 -1 1 7 -1 1 7 5 -1 1 7 -1 1 7 5 -1 7 5 -1 1 7 5 -1 7 5 -1 1 7 5 -1 7 5 -1 1 7 -1 7 -1 7 5 -1 7 -1 1 2 7 -1 2 4 7 -1 2 4 -1 1 4 -1 1 4 7 -1 1 7 -1 1 4 7 -1 1 7 -1 7 -1 1 4 7 -1 4 7 -1 7 -1 4 7 -1 7 5 -1 1 7 -1 7 -1 4 7 -1 4 -1 4 7 -1 7 -1 7 5 -1 7 -1 7 5 -1 7 -1 7 5 -1 7 -1 7 5 -1 7 -1 1 7 -1 7 -1 1 7 -1 7 -1 1 7 -1 7 -1 1 7 -1 7 -1 1 7 -1 7 -1 1 7 -1 7 -1 1 7 -1 7 -1 1 7 -1 7 -1 1 7 -1 7 -1 1 7 -1 1 2 7 -1 1 7 -1 1 7 5 -1 1 7 -1 7 -1 1 7 -1 7 -1 1 7 -1 7 -1 1 7 -1 7 -1 7 5 -1 7 -1 1 7 -1 7 -1 1 7 -1 2 7 -1 7 -1 1 2 7 -1 7 -1 7 5 -1 1 7 -1 7 -1 7 5 -1 7 -1 1 7 -1 2 7 5 -1 2 7 -1 7 -1 7 5 -1 7 -1 7 5 -1 7 -1 7 5 -1 7 -1 1 2 7 -1 7 -1 1 7 -1 7 -1 1 7 -1 7 -1 7 5 -1 1 2 7 -1 2 7 -1 1 2 7 -1 2 7 -1 1 2 7 -1 1 7 -1 1 2 7 -1 2 7 -1 1 2 7 -1 7 -1 1 2 7 -1 2 7 -1 1 7 -1 7 -1 1 2 7 -1 1 7 -1 2 7 -1 7 -1 1 2 7 -1 7 -1 2 7 -1 1 2 7 -1 7 -1 2 7 5 -1 7 -1 2 7 -1 7 -1 2 7 -1 7 -1 2 7 -1 7 -1 2 7 -1 7 -1 2 7 -1 7 -1 2 7 -1 1 7 -1 1 2 7 -1 2 7 -1 7 -1 2 7 -1 7 -1 1 2 7 -1 7 -1 1 7 -1 7 -1 7 5 -1 7 -1 7 5 -1 7 -1 7 5 -1 7 -1 1 7 -1 1 7 5 -1 1 7 -1 7 -1 7 5 -1 2 7 5 -1 2 7 -1 7 5 -1 2 7 5 -1 2 7 -1 2 7 5 -1 1 7 -1 7 -1 2 7 -1 7 5 -1 7 -1 2 7 -1 2 7 5 -1 7 -1 2 7 5 -1 7 5 -1 7 -1 7 5 -1 1 7 -1 7 -1 7 5 -1 7 -1 2 7 -1 7 -1 7 5 -1 7 -1 2 7 -1 7 5 -1 7 -1 7 5 -1 7 -1 2 7 5 -1 7 -1 7 5 -1 7 -1 7 5 -1 7 -1 2 7 -1 7 -1 2 7 -1 7 -1 1 7 -1 7 -1 2 7 5 -1 7 -1 1 7 -1 7 -1 1 7 -1 7 -1 1 7 -1 7 -1 1 7 -1 7 -1 1 7 -1 1 2 7 -1 1 7 -1 7 -1 1 7 -1 7 -1 7 5 -1 7 -1 7 5 -1 7 -1 7 5 -1 7 -1 7 5 -1 7 -1 7 5 -1 7 -1 2 7 -1 7 -1 7 6 -1 7 -1 2 7 -1 7 -1 1 2 7 -1 7 -1 2 7 -1 7 -1 7 5 -1 7 -1 7 5 -1 7 -1 7 5 -1 7 -1 7 5 -1 7 -1 7 5 -1 7 -1 1 7 -1 2 7 -1 7 -1 1 7 -1 7 -1 7 5 -1 7 -1 1 7 -1 7 -1 1 7 -1 7 -1 2 7 -1 7 -1 7 5 -1 7 -1 2 7 -1 7 -1 7 5 -1 7 -1 7 5 -1 7 -1 7 5 -1 7 -1 7 6 -1 1 7 -1 1 -1 1 7 -1 1 -1 1 2 -1 1 2 7 -1 7 -1 1 7 -1 1 2 7 -1 1 7 -1 1 2 7 -1 1 7 -1 7 -1 1 7 5 -1 1 7 -1 7 -1 1 7 -1 1 7 5 -1 1 7 -1 1 2 7 -1 1 7 -1 1 7 5 -1 1 7 -1 1 7 5 -1 1 7 -1 1 7 5 -1 1 7 -1 7 5 -1 1 7 -1 7 -1 7 5 -1 7 -1 7 5 -1 7 -1 7 5 -1 1 7 5 -1 7 5 -1 1 7 -1 1 7 5 -1 7 -1 1 7 -1 1 7 5 -1 7 -1 1 7 5 -1 1 2 7 -1 1 7 -1 1 2 7 -1 1 7 -1 1 2 7 5 -1 1 7 5 -1 1 7 -1 1 7 5 -1 1 7 -1 1 7 5 -1 7 5 -1 1 7 5 -1 1 7 -1 1 7 5 -1 7 5 -1 1 7 -1 1 7 5 -1 1 7 -1 1 2 7 -1 1 7 -1 1 2 7 -1 1 7 -1 1 7 5 -1 7 5 -1 1 7 -1 7 -1 1 7 5 -1 1 2 7 -1 1 -1 1 2 7 -1 2 7 -1 1 2 7 -1 2 7 -1 1 2 7 -1 1 2 -1 1 2 7 -1 1 2 -1 1 2 7 -1 1 2 -1 1 6 -1 1 4 6 -1 1 2 6 -1 1 2 -1 1 -1 1 2 7 -1 1 -1 1 7 -1 1 -1 1 2 7 -1 1 2 -1 1 2 7 5 -1 1 -1 1 7 -1 1 -1 1 2 7 -1 1 7 -1 1 7 5 -1 1 2 7 -1 2 7 -1 1 2 7 -1 1 7 -1 1 2 7 5 -1 1 7 -1 1 2 7 -1 1 7 5 -1 1 2 7 -1 1 7 5 -1 1 7 -1 1 5 -1 1 7 -1 1 7 5 -1 1 7 -1 1 2 7 -1 1 2 7 5 -1 1 7 5 -1 1 7 -1 1 7 5 -1 1 7 -1 1 2 7 -1 1 2 7 5 -1 1 2 7 -1 1 7 -1 7 -1 1 7 -1 1 2 7 -1 1 7 -1 1 7 5 -1 1 7 -1 1 7 5 -1 1 7 -1 1 7 5 -1 7 5 -1 2 7 5 -1 1 7 -1 7 5 -1 1 7 5 -1 1 7 -1 1 7 5 -1 1 2 7 5 -1 7 5 -1 1 7 5 -1 7 5 -1 1 7 -1 1 7 5 -1 1 7 -1 1 7 5 -1 7 5 -1 1 7 5 -1 1 2 7 5 -1 1 7 -1 7 5 -1 1 7 -1 1 7 5 -1 7 5 -1 1 7 5 -1 1 7 -1 1 7 5 -1 7 5 -1 1 7 5 -1 7 5 -1 1 7 5 -1 1 7 -1 1 7 5 -1 1 7 -1 7 5 -1 1 7 5 -1 1 7 -1 1 7 5 -1 1 7 -1 1 7 5 -1 1 7 -1 1 2 7 -1 1 7 -1 1 2 7 -1 1 -1 1 7 -1 1 7 5 -1 1 7 5 6 -1 7 5 -1 1 7 -1 7 -1 1 7 -1 1 -1 1 2 7 -1 7 -1 1 7 -1 7 -1 1 7 -1 1 -1 1 7 -1 1 2 7 -1 1 7 -1 1 2 7 -1 1 7 -1 7 -1 7 5 -1 7 -1 7 5 -1 1 2 4 7 -1 1 2 7 -1 1 4 7 -1 1 7 -1 7 -1 1 7 -1 4 7 -1 1 4 7 -1 4 7 5 -1 1 7 5 -1 7 -1 1 7 -1 7 -1 7 5 -1 1 7 5 -1 1 7 -1 1 2 7 -1 1 4 -1 1 4 7 -1 1 4 7 6 -1 7 6 -1 2 7 6 -1 2 7 -1 7 5 -1 1 7 5 -1 7 5 -1 1 7 5 -1 7 5 -1 1 7 5 -1 7 5 -1 1 7 5 -1 7 -1 7 5 -1 1 7 5 -1 7 5 -1 1 7 5 -1 7 5 -1 1 7 5 -1 7 5 -1 1 7 5 -1 7 5 -1 1 7 5 -1 1 5 -1 1 7 5 -1 1 7 -1 1 7 5 -1 1 7 -1 1 7 6 -1 1 7 -1 1 7 6 -1 1 7 -1 1 7 6 -1 1 7 -1 1 7 6 -1 1 7 -1 1 7 6 -1 1 7 -1 1 7 6 -1 1 7 -1 7 -1 1 7 -1 1 7 5 -1 1 7 -1 1 7 5 -1 7 5 -1 1 7 5 -1 7 5 -1 1 7 5 -1 1 7 -1 1 7 6 -1 1 7 5 -1 1 5 -1 1 7 5 -1 7 5 -1 1 7 5 6 -1 4 7 6 -1 4 7 -1 7 -1 7 5 -1 1 7 5 -1 7 5 -1 -2
7 -1 4 7 -1 1 4 7 -1 1 7 -1 7 -1 1 7 -1 7 -1 1 7 -1 7 -1 4 7 -1 7 -1 1 7 -1 7 -1 4 7 -1 4 -1 1 4 7 -1 1 7 -1 7 -1 4 7 -1 7 -1 4 7 -1 1 4 7 -1 4 -1 4 7 -1 1 4 7 -1 4 7 -1 4 -1 1 4 7 -1 4 7 -1 7 -1 1 7 -1 1 4 7 -1 1 4 -1 1 4 7 -1 1 7 -1 1 -1 1 7 -1 7 -1 1 7 -1 7 -1 1 7 -1 1 -1 1 7 -1 7 -1 1 7 -1 1 -1 1 7 -1 7 -1 4 7 -1 7 -1 1 7 -1 7 -1 1 7 -1 7 -1 1 7 -1 7 -1 1 7 -1 7 -1 1 7 -1 7 -1 1 7 -1 7 -1 1 7 -1 7 -1 1 7 -1 7 -1 1 7 -1 7 -1 1 7 -1 7 -1 1 7 -1 7 -1 1 7 -1 7 -1 1 7 -1 7 -1 1 7 -1 7 -1 1 7 -1 7 -1 1 7 -1 7 -1 1 7 -1 7 -1 1 7 -1 7 -1 1 7 -1 7 -1 1 7 -1 7 -1 1 7 -1 7 -1 1 7 -1 7 -1 1 7 -1 7 -1 1 7 -1 7 -1 1 7 -1 7 -1 1 7 -1 7 -1 1 7 -1 7 -1 1 7 -1 7 -1 1 7 -1 7 -1 1 7 -1 7 -1 1 7 -1 7 -1 1 7 -1 7 -1 1 7 -1 7 -1 1 7 -1 7 -1 1 7 -1 7 -1 1 7 -1 7 -1 1 4 7 -1 4 7 -1 7 -1 1 7 6 -1 7 -1 1 7 -1 7 -1 1 7 -1 7 -1 1 7 -1 7 -1 1 7 -1 7 -1 1 7 -1 7 -1 1 7 -1 7 -1 1 7 -1 7 -1 1 7 -1 7 -1 1 7 -1 7 -1 1 7 -1 7 -1 1 7 -1 7 -1 1 7 -1 7 -1 1 7 -1 7 -1 1 7 -1 7 -1 1 7 -1 7 -1 1 7 -1 7 -1 1 7 -1 7 -1 1 7 -1 7 -1 1 7 -1 7 -1 1 7 -1 7 -1 1 7 -1 7 -1 1 7 -1 7 -1 1 7 -1 1 4 7 -1 1 7 -1 1 -1 1 7 -1 1 -1 1 7 -1 1 -1 1 7 -1 1 -1 1 4 -1 1 -1 1 7 -1 1 -1 1 7 -1 1 4 7 -1 1 7 -1 7 -1 1 7 -1 7 -1 1 7 -1 7 -1 1 7 -1 7 -1 1 7 -1 7 -1 1 7 -1 7 -1 1 7 -1 7 -1 1 7 -1 7 -1 1 7 -1 7 -1 1 7 -1 7 -1 1 7 -1 7 -1 1 7 -1 7 -1 1 7 -1 7 -1 1 7 -1 7 -1 1 7 -1 7 -1 1 7 -1 1 -1 1 7 -1 7 -1 1 7 -1 1 -1 1 7 -1 7 -1 1 7 -1 1 -1 1 7 -1 1 4 7 -1 4 7 -1 1 4 7 -1 1 7 -1 1 4 7 -1 1 7 -1 -2
7 -1 7 5 -1 7 -1 2 7 -1 2 7 5 -1 2 7 -1 2 7 5 -1 2 7 -1 4 7 -1 2 4 7 -1 4 7 -1 7 -1 2 7 -1 7 -1 2 7 -1 7 -1 1 7 -1 7 -1 1 7 -1 7 -1 1 7 -1 7 -1 2 7 5 -1 7 5 -1 2 7 5 -1 7 5 -1 2 7 5 -1 7 5 -1 1 7 -1 2 7 -1 7 -1 2 7 -1 2 5 -1 2 7 5 -1 7 5 -1 7 -1 2 7 -1 2 4 7 -1 2 4 -1 4 7 -1 7 -1 2 7 -1 7 -1 2 7 -1 7 -1 2 7 -1 2 4 7 -1 2 7 -1 2 -1 2 4 -1 2 7 -1 2 4 -1 4 -1 4 7 -1 1 7 -1 7 -1 2 7 5 -1 4 7 -1 7 -1 4 7 -1 7 -1 1 7 -1 7 -1 7 5 -1 7 -1 7 5 -1 7 -1 7 5 -1 7 -1 7 5 -1 7 -1 7 5 -1 7 -1 7 5 -1 7 -1 7 5 -1 7 -1 7 5 -1 7 -1 7 5 -1 2 7 -1 1 7 -1 7 -1 7 5 -1 7 -1 7 5 -1 7 -1 7 5 -1 7 -1 7 5 -1 7 -1 7 5 -1 7 -1 7 5 -1 7 -1 7 5 -1 7 -1 7 5 -1 7 -1 7 5 -1 7 -1 7 5 -1 7 -1 7 5 -1 2 7 5 -1 7 5 -1 7 -1 5 -1 7 -1 5 -1 7 -1 7 5 -1 7 -1 7 5 -1 7 -1 7 5 -1 7 -1 7 5 -1 7 -1 7 5 -1 7 -1 7 5 -1 7 -1 7 5 -1 7 -1 7 5 -1 2 7 5 -1 5 -1 7 -1 2 7 5 -1 7 -1 2 7 5 -1 7 -1 2 7 -1 7 -1 2 7 -1 2 7 5 -1 7 -1 2 7 5 -1 7 5 -1 5 -1 7 -1 7 5 -1 5 -1 7 5 -1 7 -1 7 5 -1 7 -1 2 7 -1 7 -1 7 5 -1 7 -1 1 7 -1 1 7 5 -1 7 5 -1 1 7 -1 7 -1 1 7 -1 7 -1 1 7 -1 7 -1 1 7 5 -1 7 -1 1 7 -1 7 -1 7 5 -1 1 7 -1 7 -1 7 5 -1 1 7 -1 1 7 5 -1 5 -1 7 5 -1 2 7 5 -1 7 5 -1 2 7 5 -1 2 7 -1 7 5 -1 2 7 5 -1 7 5 -1 2 7 5 -1 7 5 -1 7 -1 2 7 -1 7 5 -1 2 7 -1 7 -1 2 7 -1 7 -1 2 7 -1 7 -1 2 7 -1 7 -1 2 7 -1 2 7 5 -1 7 5 -1 1 7 5 -1 7 5 -1 7 -1 1 7 -1 7 -1 1 7 -1 7 -1 1 7 -1 7 -1 1 7 -1 7 -1 1 7 -1 1 7 5 -1 1 7 -1 7 -1 1 7 -1 7 -1 1 7 -1 7 -1 1 7 -1 1 7 5 -1 7 -1 1 7 5 -1 7 5 -1 7 -1 7 5 -1 7 -1 1 7 -1 7 -1 1 7 -1 7 5 -1 5 -1 7 -1 5 -1 7 5 -1 5 -1 7 5 -1 5 -1 7 5 -1 7 -1 1 7 -1 7 -1 1 7 -1 1 2 7 -1 1 7 -1 7 -1 1 7 -1 1 2 7 -1 1 7 -1 7 -1 1 7 -1 1 7 5 -1 7 5 -1 7 -1 7 5 -1 7 -1 7 5 -1 1 7 -1 7 -1 1 7 -1 7 -1 1 7 -1 7 -1 7 5 -1 7 -1 7 5 -1 7 -1 7 5 -1 7 -1 7 5 -1 1 7 -1 7 5 -1 7 -1 7 5 -1 7 -1 1 7 -1 4 7 -1 7 5 -1 7 -1 7 5 -1 7 -1 7 5 -1 7 -1 7 5 -1 7 -1 7 5 -1 7 -1 7 5 -1 7 -1 7 5 -1 7 -1 7 5 -1 7 -1 7 5 -1 7 -1 7 5 -1 7 -1 7 5 -1 7 -1 7 5 -1 1 7 -1 7 5 -1 7 -1 7 5 -1 1 7 -1 7 5 -1 7 -1 7 5 -1 1 7 -1 7 -1 7 5 -1 7 -1 7 5 -1 7 -1 7 5 -1 7 -1 7 5 -1 7 -1 7 5 -1 7 -1 2 7 -1 7 -1 2 7 -1 7 -1 2 7 -1 7 -1 2 7 -1 7 -1 2 7 -1 7 -1 2 7 -1 2 4 7 -1 4 7 -1 7 -1 7 5 -1 2 7 5 -1 7 5 -1 7 -1 7 5 -1 7 -1 4 7 -1 7 -1 1 7 -1 7 -1 2 7 -1 2 4 7 -1 7 -1 7 5 -1 7 -1 7 5 -1 7 -1 7 5 -1 7 -1 7 5 -1 7 -1 1 7 -1 7 -1 1 7 -1 7 -1 1 7 -1 7 -1 7 5 -1 5 -1 7 -1 1 7 -1 7 -1 1 7 5 -1 7 5 -1 7 -1 4 7 -1 7 -1 1 7 -1 1 2 7 -1 2 7 -1 2 4 7 -1 7 -1 4 7 -1 2 4 7 -1 4 7 -1 1 7 -1 -2
7 5 -1 7 -1 7 5 -1 7 -1 7 5 -1 4 7 -1 4 7 5 -1 7 5 -1 7 -1 4 7 -1 7 -1 4 7 -1 4 7 5 -1 7 5 -1 7 -1 7 5 -1 7 -1 7 5 -1 7 -1 7 5 -1 7 -1 7 5 -1 7 -1 7 5 -1 7 -1 7 5 -1 7 -1 7 5 -1 1 7 -1 7 5 -1 1 7 5 -1 7 -1 7 5 -1 7 -1 7 5 -1 7 -1 7 5 -1 7 -1 7 5 -1 7 -1 7 5 -1 7 -1 7 5 -1 7 -1 7 5 -1 4 7 5 -1 4 -1 4 7 5 -1 4 7 -1 7 -1 7 5 -1 4 7 5 -1 4 7 -1 4 7 5 -1 7 5 -1 4 7 5 -1 4 7 -1 7 -1 4 7 5 -1 4 7 -1 4 -1 4 7 -1 1 4 7 -1 4 7 -1 1 7 -1 7 -1 1 7 5 -1 7 5 -1 7 -1 7 5 -1 1 7 5 -1 1 7 -1 1 4 7 -1 1 7 -1 1 7 5 -1 1 7 -1 1 7 5 -1 1 4 7 -1 1 7 -1 7 -1 7 5 -1 7 -1 7 5 -1 7 -1 7 5 -1 7 -1 7 5 -1 7 -1 7 5 -1 7 -1 7 5 -1 7 -1 7 5 -1 7 -1 7 5 -1 7 -1 7 5 -1 7 -1 7 5 -1 7 -1 7 5 -1 7 -1 7 5 -1 7 -1 7 5 -1 7 -1 7 5 -1 7 -1 7 5 -1 7 -1 7 5 -1 7 -1 7 5 -1 7 -1 7 5 -1 7 -1 7 5 -1 7 -1 7 5 -1 7 -1 7 5 -1 7 -1 7 5 -1 1 7 -1 7 -1 1 7 -1 7 -1 1 7 -1 7 -1 1 7 -1 7 -1 1 7 -1 7 -1 7 5 -1 7 -1 7 5 -1 7 -1 7 5 -1 7 -1 7 5 -1 7 -1 7 5 -1 7 -1 7 5 -1 7 -1 7 5 -1 7 -1 7 5 -1 1 7 -1 1 7 5 -1 7 -1 1 7 5 -1 1 7 -1 7 -1 1 7 5 -1 1 7 -1 7 -1 1 7 -1 1 7 5 -1 1 7 -1 7 -1 7 5 -1 1 7 5 -1 7 5 -1 7 -1 7 5 -1 7 -1 7 5 -1 7 -1 1 7 -1 1 7 5 -1 1 7 -1 1 7 5 -1 7 5 -1 1 7 5 -1 7 5 -1 1 7 5 -1 7 5 -1 7 -1 7 5 -1 1 7 5 -1 7 5 -1 1 7 5 -1 7 -1 1 7 5 -1 7 5 -1 1 7 -1 7 -1 1 7 -1 7 -1 1 7 5 -1 1 7 -1 1 7 5 -1 7 5 -1 1 7 -1 1 7 5 -1 1 7 -1 7 -1 7 5 -1 1 7 5 -1 1 7 -1 1 7 5 -1 7 -1 1 7 5 -1 7 -1 1 7 -1 7 -1 1 7 -1 7 -1 7 5 -1 1 7 5 -1 1 7 -1 1 7 5 -1 7 5 -1 1 7 5 -1 1 7 -1 7 -1 7 5 -1 1 7 5 -1 7 -1 7 5 -1 7 -1 7 5 -1 7 -1 7 5 -1 7 -1 7 5 -1 7 -1 7 5 -1 7 -1 7 5 -1 7 -1 7 5 -1 7 -1 7 5 -1 7 -1 7 5 -1 1 7 5 -1 7 5 -1 1 7 5 -1 7 5 -1 7 -1 7 5 -1 7 -1 7 5 -1 7 -1 7 5 -1 7 -1 7 5 -1 7 -1 7 5 -1 7 -1 7 5 -1 7 -1 7 5 -1 7 -1 7 5 -1 7 -1 7 5 -1 7 -1 7 5 -1 7 -1 7 5 -1 1 7 -1 7 5 -1 7 -1 7 5 -1 1 7 5 -1 7 5 -1 7 -1 7 5 -1 7 -1 7 5 -1 7 -1 7 5 -1 7 -1 7 5 -1 7 -1 7 5 -1 7 -1 7 5 -1 7 -1 7 5 -1 7 -1 7 5 -1 7 -1 7 5 -1 7 -1 7 5 -1 7 -1 7 5 -1 7 -1 7 5 -1 7 -1 7 5 -1 7 -1 7 5 -1 7 -1 7 5 -1 7 -1 7 5 -1 7 -1 7 5 -1 7 -1 7 5 -1 7 -1 7 5 -1 7 -1 7 5 -1 7 -1 7 5 -1 7 -1 7 5 -1 7 -1 7 5 -1 7 -1 7 5 -1 7 -1 7 5 -1 7 -1 7 5 -1 7 -1 7 5 -1 7 -1 7 5 -1 7 -1 1 7 -1 7 -1 1 7 -1 7 -1 1 7 -1 7 -1 1 7 -1 7 -1 1 7 -1 7 -1 1 7 -1 7 -1 7 5 -1 7 -1 7 5 -1 7 -1 7 5 -1 7 -1 7 5 -1 7 -1 7 5 -1 7 -1 7 5 -1 7 -1 7 5 -1 7 -1 7 5 -1 7 -1 7 5 -1 7 -1 7 5 -1 7 -1 7 5 -1 7 -1 7 5 -1 7 -1 7 5 -1 7 -1 7 5 -1 7 -1 7 5 -1 7 -1 7 5 -1 7 -1 7 5 -1 7 -1 7 5 -1 7 -1 7 5 -1 7 -1 7 5 -1 7 -1 7 5 -1 7 -1 7 5 -1 7 -1 7 5 -1 7 -1 7 5 -1 7 -1 7 5 -1 7 -1 7 5 -1 7 -1 7 5 -1 7 -1 7 5 -1 7 -1 7 5 -1 7 -1 7 5 -1 7 -1 7 5 -1 7 -1 7 5 -1 7 -1 7 5 -1 7 -1 7 5 -1 7 -1 7 5 -1 7 -1 7 5 -1 7 -1 7 5 -1 7 -1 7 5 -1 7 -1 7 5 -1 7 -1 7 5 -1 7 -1 7 5 -1 7 -1 7 5 -1 7 -1 7 5 -1 7 -1 7 5 -1 7 -1 7 5 -1 7 -1 7 5 -1 7 -1 7 5 -1 7 -1 7 5 -1 7 -1 7 5 -1 7 -1 7 5 -1 7 -1 7 5 -1 7 -1 7 5 -1 7 -1 7 5 -1 7 -1 7 5 -1 7 -1 7 5 -1 7 -1 7 5 -1 7 -1 7 5 -1 7 -1 7 5 -1 7 -1 7 5 -1 7 -1 1 7 -1 1 7 5 -1 7 -1 1 7 6 -1 7 -1 7 5 -1 7 -1 7 5 -1 7 -1 7 5 -1 7 -1 7 5 -1 7 -1 7 5 -1 1 7 5 -1 7 5 -1 1 7 5 -1 7 5 -1 1 7 5 -1 7 5 -1 7 -1 7 5 -1 7 -1 7 5 -1 7 -1 7 5 -1 7 -1 1 7 5 -1 7 -1 7 5 -1 7 -1 1 7 -1 7 -1 7 5 -1 7 -1 7 5 -1 7 -1 7 5 -1 1 7 5 -1 1 7 -1 7 -1 7 5 -1 7 -1 7 5 -1 7 -1 7 5 -1 7 -1 7 5 -1 7 -1 7 5 -1 7 -1 7 5 -1 7 -1 7 5 -1 7 -1 7 5 -1 7 -1 7 5 -1 7 -1 7 5 -1 7 -1 7 5 -1 7 -1 7 5 -1 7 -1 7 5 -1 7 -1 7 5 -1 7 -1 7 5 -1 7 -1 7 5 -1 7 -1 7 5 -1 7 -1 7 5 -1 7 -1 7 5 -1 7 -1 7 5 -1 7 -1 7 5 -1 7 -1 7 5 -1 7 -1 7 5 -1 7 -1 7 5 -1 7 -1 7 5 -1 7 -1 7 5 -1 1 7 5 -1 7 5 -1 7 -1 7 5 -1 1 7 5 -1 7 5 -1 1 7 5 -1 7 5 -1 1 7 5 -1 7 -1 1 7 -1 1 7 5 -1 1 5 -1 1 7 5 -1 1 7 -1 1 7 5 -1 1 7 -1 1 7 5 -1 1 4 7 5 -1 1 7 -1 1 7 5 -1 7 5 -1 7 -1 7 5 -1 1 7 5 -1 7 -1 7 5 -1 7 -1 7 5 -1 1 7 5 -1 7 -1 7 5 -1 7 -1 7 5 -1 1 7 5 -1 7 5 -1 1 7 5 -1 7 5 -1 1 7 5 -1 7 5 -1 1 7 5 -1 7 5 -1 1 7 5 -1 7 5 -1 1 7 5 -1 7 5 -1 1 7 5 -1 7 5 -1 1 7 5 -1 7 5 -1 1 7 5 -1 7 5 -1 1 7 5 -1 7 5 -1 1 7 5 -1 7 5 -1 1 7 5 -1 7 5 -1 1 7 5 -1 7 -1 1 7 5 -1 1 7 -1 7 -1 7 5 -1 7 -1 7 5 -1 7 -1 1 7 -1 7 -1 1 7 -1 7 5 -1 1 7 5 -1 7 5 -1 1 7 5 -1 7 5 -1 1 7 5 -1 7 5 -1 1 7 5 -1 7 5 -1 1 7 -1 1 7 5 -1 7 5 -1 1 7 5 -1 7 5 -1 1 7 5 -1 7 5 -1 7 -1 7 5 -1 1 7 -1 1 7 5 -1 1 7 -1 1 7 5 -1 7 5 -1 1 7 5 -1 1 7 -1 1 7 5 -1 7 5 -1 1 7 5 -1 7 5 -1 1 7 5 -1 1 5 -1 1 7 5 -1 7 -1 7 5 -1 1 7 5 -1 7 5 -1 1 7 5 -1 7 5 -1 1 7 5 -1 7 -1 7 5 -1 7 -1 7 5 -1 1 2 4 7 -1 2 4 7 -1 1 2 7 -1 1 7 -1 7 -1 1 7 5 -1 1 7 -1 7 -1 -2
7 -1 4 7 6 -1 4 7 -1 7 -1 1 7 -1 4 7 -1 7 -1 1 7 -1 1 -1 1 7 -1 4 7 -1 7 -1 1 4 7 -1 4 -1 1 4 7 -1 1 7 -1 7 -1 1 4 7 -1 4 7 -1 4 -1 4 7 -1 1 4 7 -1 4 7 -1 1 4 -1 1 4 7 -1 1 7 -1 1 2 -1 2 7 5 -1 1 4 7 -1 1 7 -1 7 -1 1 7 -1 7 -1 1 7 -1 1 -1 1 7 -1 1 -1 1 7 -1 7 -1 1 7 -1 7 -1 1 7 -1 7 -1 1 7 -1 7 -1 1 7 -1 7 -1 1 7 -1 1 -1 1 7 -1 7 -1 4 7 -1 1 7 -1 7 -1 1 7 -1 7 -1 1 7 -1 7 -1 1 7 -1 7 -1 1 7 -1 7 -1 1 7 -1 7 -1 1 7 -1 7 -1 1 7 -1 7 -1 1 7 -1 7 -1 1 7 -1 7 -1 1 7 -1 7 -1 1 7 -1 7 -1 1 7 -1 7 -1 1 7 -1 7 -1 1 7 -1 7 -1 1 7 -1 7 -1 1 7 -1 7 -1 1 7 -1 7 -1 1 7 -1 7 -1 1 7 -1 7 -1 1 7 -1 7 -1 1 7 -1 7 -1 1 7 -1 7 -1 1 7 -1 7 -1 1 7 -1 7 -1 1 7 -1 7 -1 1 7 -1 7 -1 1 7 -1 7 -1 1 7 -1 7 -1 1 7 -1 7 -1 1 7 -1 7 -1 1 7 -1 7 -1 1 7 -1 7 -1 1 7 -1 7 -1 1 7 -1 7 -1 1 7 -1 7 -1 1 7 -1 7 -1 1 7 -1 7 -1 1 7 -1 7 -1 1 7 -1 7 -1 1 7 -1 7 -1 1 7 -1 7 -1 1 7 -1 7 -1 1 7 -1 7 -1 1 7 -1 7 -1 1 7 -1 7 -1 1 7 -1 7 -1 1 7 -1 7 -1 1 7 -1 7 -1 1 7 -1 7 -1 1 7 -1 7 -1 1 7 -1 7 -1 1 7 -1 7 -1 1 7 -1 7 -1 1 7 -1 7 -1 1 7 -1 7 -1 1 7 -1 7 -1 1 7 -1 7 -1 1 7 -1 7 -1 1 7 -1 7 -1 1 7 -1 7 -1 1 7 -1 7 -1 1 7 -1 7 -1 1 7 -1 7 -1 1 7 -1 7 -1 1 7 -1 7 -1 1 7 -1 7 -1 1 7 -1 7 -1 1 7 -1 7 -1 1 7 -1 7 -1 1 7 -1 7 -1 1 7 -1 1 -1 1 7 -1 7 -1 1 7 -1 7 -1 1 7 -1 7 -1 1 7 -1 7 -1 1 7 -1 1 4 7 -1 1 7 -1 1 -1 1 7 -1 1 4 -1 1 -1 1 7 -1 1 -1 1 7 -1 1 4 7 -1 4 7 -1 7 -1 1 7 -1 1 -1 1 7 -1 1 -1 1 7 -1 7 -1 1 7 -1 7 -1 1 7 -1 7 -1 1 7 -1 1 -1 1 7 -1 1 4 7 -1 4 -1 1 4 7 -1 1 7 -1 -2
7 -1 7 5 -1 7 -1 7 5 -1 7 -1 7 5 -1 2 7 5 -1 2 5 -1 2 7 5 -1 7 5 -1 7 -1 2 7 -1 7 -1 7 5 -1 7 -1 7 5 -1 7 -1 7 5 -1 7 -1 7 5 -1 7 -1 7 5 -1 7 -1 7 5 -1 7 -1 7 5 -1 7 -1 1 7 -1 7 -1 1 7 -1 7 -1 1 7 -1 2 7 5 -1 7 5 -1 1 7 -1 1 2 7 -1 7 5 -1 7 -1 2 4 7 -1 4 7 -1 7 -1 2 7 -1 7 -1 7 5 -1 7 -1 7 5 -1 4 7 5 -1 4 7 -1 7 -1 7 5 -1 7 -1 7 5 -1 7 -1 7 5 -1 7 -1 7 5 -1 7 -1 7 5 -1 7 -1 7 5 -1 7 -1 7 5 -1 7 -1 7 5 -1 7 -1 7 5 -1 7 -1 7 5 -1 7 -1 7 5 -1 7 -1 7 5 -1 7 -1 7 5 -1 2 7 5 -1 7 5 -1 5 -1 7 5 -1 7 -1 7 5 -1 7 -1 7 5 -1 7 -1 7 5 -1 7 -1 7 5 -1 2 7 5 -1 5 -1 7 -1 7 5 -1 7 -1 2 7 -1 7 -1 2 7 -1 2 7 5 -1 7 5 -1 2 7 -1 7 -1 2 7 -1 2 7 5 -1 7 5 -1 5 -1 7 5 -1 2 7 5 -1 7 5 -1 5 -1 2 7 5 -1 7 5 -1 7 -1 7 5 -1 7 -1 7 5 -1 7 -1 7 5 -1 1 7 -1 7 5 -1 7 -1 1 7 -1 7 -1 1 7 -1 7 -1 7 5 -1 7 -1 7 5 -1 1 7 -1 1 7 5 -1 1 7 -1 1 7 5 -1 1 7 -1 1 7 5 -1 7 5 -1 7 -1 7 5 -1 7 -1 7 5 -1 5 -1 7 5 -1 2 7 5 -1 7 5 -1 2 7 5 -1 7 5 -1 2 7 -1 7 -1 2 7 -1 7 5 -1 2 7 5 -1 7 -1 2 7 -1 7 -1 2 7 -1 7 -1 1 7 5 -1 1 7 -1 7 -1 1 7 -1 7 -1 1 2 7 -1 7 -1 1 7 -1 7 -1 7 5 -1 1 7 5 -1 7 -1 1 7 -1 1 7 5 -1 1 7 -1 1 7 5 -1 1 7 -1 1 7 5 -1 1 7 -1 7 -1 1 7 -1 7 -1 7 5 -1 7 -1 7 5 -1 7 -1 7 5 -1 7 -1 7 5 -1 7 -1 1 7 -1 7 -1 1 7 -1 7 -1 7 5 -1 7 -1 1 7 -1 7 -1 1 7 -1 7 -1 7 5 -1 7 -1 7 5 -1 7 -1 1 7 -1 1 7 5 -1 7 -1 1 7 -1 7 -1 1 7 5 -1 7 5 -1 7 -1 1 7 5 -1 7 5 -1 7 -1 7 5 -1 1 7 5 -1 7 5 -1 1 7 5 -1 7 5 -1 1 7 5 -1 7 5 -1 7 -1 7 5 -1 7 -1 7 5 -1 7 -1 7 5 -1 7 -1 7 5 -1 7 -1 1 7 -1 1 7 5 -1 7 5 -1 2 7 5 -1 5 -1 2 5 -1 2 7 5 -1 7 5 -1 5 -1 7 5 -1 5 -1 2 5 -1 7 5 -1 2 7 5 -1 7 5 -1 1 7 -1 1 7 5 -1 7 5 -1 1 7 5 -1 7 5 -1 1 7 -1 1 7 5 -1 7 5 -1 1 2 7 -1 7 -1 7 5 -1 7 -1 7 5 -1 7 -1 7 5 -1 7 -1 1 7 -1 7 -1 1 7 -1 7 -1 1 7 -1 7 5 -1 7 -1 7 5 -1 7 -1 7 5 -1 1 7 -1 7 5 -1 1 7 -1 7 -1 1 7 -1 7 -1 1 7 -1 4 7 -1 2 4 7 -1 7 5 -1 2 7 -1 7 -1 7 5 -1 1 7 5 -1 7 5 -1 7 -1 7 5 -1 7 -1 1 7 -1 7 -1 1 7 -1 7 -1 1 7 -1 7 -1 1 7 -1 7 5 -1 7 -1 7 5 -1 7 -1 7 5 -1 7 -1 7 5 -1 7 -1 7 5 -1 2 7 -1 7 -1 7 5 -1 7 -1 7 5 -1 7 -1 4 7 -1 2 4 7 -1 4 7 -1 7 -1 7 5 -1 2 7 5 -1 2 5 -1 7 5 -1 2 7 5 -1 3 7 5 -1 4 7 -1 7 -1 7 5 -1 2 7 -1 2 4 7 -1 7 -1 7 5 -1 7 -1 7 5 -1 7 -1 7 5 -1 7 -1 7 5 -1 7 -1 7 5 -1 7 -1 7 5 -1 7 -1 7 5 -1 7 -1 7 5 -1 7 -1 7 5 -1 5 -1 7 5 -1 1 7 -1 7 -1 1 7 -1 7 -1 1 7 -1 7 -1 1 7 -1 7 -1 1 7 -1 7 -1 1 7 -1 7 5 -1 1 7 -1 1 4 7 -1 4 7 -1 1 7 -1 7 -1 2 7 -1 2 5 -1 2 7 5 -1 7 -1 4 7 -1 7 -1 2 4 7 -1 7 -1 2 7 -1 7 -1 -2
7 -1 4 7 -1 7 -1 4 7 -1 7 -1 1 7 -1 7 -1 7 5 -1 7 -1 7 5 -1 7 -1 4 7 -1 4 -1 4 7 -1 7 -1 4 7 -1 7 -1 4 7 -1 4 -1 4 7 -1 7 5 -1 7 -1 4 7 5 -1 4 -1 4 7 -1 4 7 5 -1 4 7 -1 4 7 5 -1 7 -1 7 5 -1 7 -1 7 5 -1 7 -1 7 5 -1 7 -1 4 7 -1 7 -1 7 5 -1 4 7 -1 7 -1 7 5 -1 7 -1 7 5 -1 7 -1 7 5 -1 7 -1 7 5 -1 7 -1 7 5 -1 7 -1 4 7 -1 7 -1 7 5 -1 7 -1 7 5 -1 7 -1 7 5 -1 7 -1 7 5 -1 7 -1 7 5 -1 7 -1 7 5 -1 7 -1 7 5 -1 7 -1 7 5 -1 7 -1 7 5 -1 7 -1 7 5 -1 7 -1 7 5 -1 7 -1 7 5 -1 7 -1 7 5 -1 7 -1 7 5 -1 7 -1 7 5 -1 7 -1 7 5 -1 7 -1 7 5 -1 7 -1 7 5 -1 7 -1 7 5 -1 7 -1 1 7 -1 7 -1 1 7 -1 7 -1 7 5 -1 7 -1 7 5 -1 7 -1 7 5 -1 7 -1 7 5 -1 7 -1 1 7 -1 7 5 -1 7 -1 7 5 -1 7 -1 7 5 -1 7 -1 7 5 -1 7 -1 7 5 -1 7 -1 7 5 -1 7 -1 7 5 -1 7 -1 7 5 -1 7 -1 7 5 -1 7 -1 7 5 -1 7 -1 7 5 -1 7 -1 7 5 -1 7 -1 7 5 -1 7 -1 7 5 -1 7 -1 7 5 -1 7 -1 7 5 -1 7 -1 7 5 -1 7 -1 7 5 -1 7 -1 7 5 -1 7 -1 7 5 -1 7 -1 7 5 -1 7 -1 7 5 -1 7 -1 7 5 -1 7 -1 7 5 -1 7 -1 7 5 -1 7 -1 7 5 -1 7 -1 1 7 5 -1 7 -1 1 7 -1 7 -1 1 7 -1 7 -1 1 7 -1 7 -1 1 7 -1 7 5 -1 7 -1 7 5 -1 7 -1 7 5 -1 7 -1 7 5 -1 7 -1 7 5 -1 1 7 -1 7 5 -1 7 -1 7 5 -1 7 -1 7 5 -1 7 -1 7 5 -1 7 -1 7 5 -1 7 -1 7 5 -1 7 -1 7 5 -1 7 -1 7 5 -1 7 -1 7 5 -1 7 -1 7 5 -1 7 -1 7 5 -1 7 -1 7 5 -1 7 -1 7 5 -1 7 -1 7 5 -1 7 -1 7 5 -1 7 -1 7 5 -1 7 -1 7 5 -1 7 -1 7 5 -1 7 -1 7 5 -1 7 -1 7 5 -1 7 -1 7 5 -1 7 -1 7 5 -1 7 -1 7 5 -1 7 -1 7 5 -1 7 -1 7 5 -1 7 -1 7 5 -1 7 -1 1 7 -1 7 -1 1 7 -1 7 -1 1 7 -1 7 -1 1 7 -1 7 -1 1 7 -1 7 5 -1 7 -1 7 5 -1 7 -1 7 5 -1 7 -1 7 5 -1 7 -1 7 5 -1 7 -1 7 5 -1 7 -1 7 5 -1 7 -1 7 5 -1 7 -1 7 5 -1 7 -1 7 5 -1 7 -1 7 5 -1 7 -1 7 5 -1 7 -1 7 5 -1 7 -1 7 5 -1 7 -1 7 5 -1 7 -1 7 5 -1 7 -1 7 5 -1 7 -1 7 5 -1 7 -1 7 5 -1 7 -1 7 5 -1 7 -1 1 7 -1 7 -1 7 5 -1 7 -1 7 5 -1 7 -1 7 5 -1 7 -1 7 5 -1 7 -1 7 5 -1 7 -1 7 5 -1 7 -1 7 5 -1 7 -1 1 7 5 -1 1 7 -1 1 7 5 -1 1 7 -1 1 7 5 -1 1 7 -1 1 7 5 -1 1 7 -1 1 7 5 -1 1 7 -1 1 7 5 -1 1 7 -1 1 7 5 -1 1 7 -1 1 7 5 -1 1 7 -1 7 5 -1 1 7 5 -1 1 7 -1 1 7 5 -1 1 7 -1 1 7 5 -1 1 7 -1 7 5 -1 7 -1 7 5 -1 7 -1 7 5 -1 7 -1 7 5 -1 7 -1 7 5 -1 7 -1 7 5 -1 1 7 -1 7 -1 1 7 -1 1 7 5 -1 7 -1 7 5 -1 7 -1 7 5 -1 7 -1 7 5 -1 7 -1 7 5 -1 1 7 5 -1 1 2 7 -1 7 -1 7 5 -1 1 7 5 -1 7 5 -1 1 7 5 -1 7 5 -1 1 7 5 -1 7 5 -1 1 7 5 -1 7 5 -1 1 7 5 -1 7 5 -1 1 7 5 -1 7 5 -1 1 7 5 -1 7 5 -1 1 7 5 -1 7 5 -1 1 7 5 -1 7 5 -1 1 7 5 -1 7 5 -1 1 7 5 -1 7 5 -1 1 7 5 -1 7 5 -1 1 7 5 -1 7 5 -1 1 7 5 -1 7 5 -1 1 7 5 -1 7 5 -1 1 7 5 -1 7 5 -1 1 7 5 -1 7 5 -1 1 7 5 -1 7 5 -1 1 7 5 -1 7 5 -1 1 7 5 -1 1 7 -1 1 7 5 -1 1 7 -1 1 7 5 -1 1 7 -1 1 7 5 -1 1 7 -1 7 5 -1 1 7 5 -1 1 7 -1 1 7 5 -1 1 7 -1 1 7 5 -1 1 7 -1 1 7 5 -1 7 5 -1 7 -1 1 7 5 -1 7 5 -1 1 7 -1 1 7 5 -1 1 7 -1 1 7 5 -1 1 7 -1 7 -1 7 5 -1 1 7 5 -1 1 7 -1 1 7 5 -1 1 7 -1 1 7 5 -1 1 7 -1 1 7 5 -1 1 7 -1 1 7 5 -1 7 5 -1 7 -1 1 7 -1 7 5 -1 1 7 5 -1 1 2 4 7 -1 1 7 -1 1 4 7 -1 4 7 -1 1 4 7 -1 7 -1 4 7 -1 1 4 7 -1 1 7 -1 7 -1 1 7 -1 7 -1 1 7 -1 7 5 -1 1 7 5 -1 1 4 7 -1 4 7 -1 7 -1 7 5 -1 7 -1 7 5 -1 7 -1 7 5 -1 7 -1 7 5 -1 7 -1 7 5 -1 7 -1 7 5 -1 7 -1 7 5 -1 7 -1 7 5 -1 7 -1 1 7 -1 7 -1 1 7 -1 7 -1 1 7 -1 7 -1 1 7 -1 7 -1 1 7 -1 1 7 5 -1 1 7 -1 1 7 5 -1 1 7 -1 1 7 5 -1 1 7 -1 7 -1 7 5 -1 7 -1 7 5 -1 7 -1 7 5 -1 1 7 5 -1 1 7 -1 1 4 7 -1 4 7 -1 7 -1 1 7 -1 4 7 -1 7 -1 4 7 -1 7 -1 -2
4 7 -1 2 4 7 -1 7 -1 4 7 -1 7 -1 7 5 -1 7 -1 7 5 -1 7 -1 7 5 -1 7 -1 4 7 -1 7 -1 7 5 -1 7 -1 7 5 -1 7 -1 7 5 -1 7 -1 7 5 -1 7 -1 7 5 -1 7 -1 7 5 -1 7 -1 7 5 -1 7 -1 7 5 -1 7 -1 7 5 -1 7 -1 7 5 -1 7 -1 7 5 -1 7 -1 7 5 -1 7 -1 7 5 -1 7 -1 7 5 -1 7 -1 7 5 -1 7 -1 7 5 -1 7 -1 4 7 -1 7 -1 4 7 -1 7 -1 4 7 -1 7 -1 7 5 -1 7 -1 4 7 -1 7 -1 4 7 -1 7 -1 4 7 -1 7 -1 4 7 -1 7 -1 7 5 -1 7 -1 4 7 -1 7 -1 7 5 -1 7 -1 1 7 -1 1 -1 1 7 -1 7 -1 7 5 -1 7 -1 7 5 -1 7 -1 4 7 -1 4 7 5 -1 7 -1 1 7 -1 1 -1 1 7 -1 7 -1 1 7 -1 7 -1 4 7 -1 7 -1 7 6 -1 7 -1 4 7 -1 7 -1 7 5 -1 7 -1 1 7 -1 7 -1 1 7 -1 7 -1 1 7 -1 7 -1 7 6 -1 7 -1 2 4 7 -1 4 7 -1 2 4 7 -1 7 -1 4 7 -1 7 -1 4 7 -1 7 -1 1 7 -1 7 -1 1 7 -1 1 7 6 -1 7 6 -1 7 -1 4 7 -1 7 -1 2 7 -1 4 7 -1 7 -1 7 6 -1 7 -1 7 6 -1 7 -1 1 7 -1 7 -1 7 6 -1 7 -1 7 5 -1 7 -1 7 5 -1 7 -1 7 5 -1 7 -1 7 5 -1 1 2 7 5 -1 7 -1 7 5 -1 7 -1 1 7 -1 7 -1 7 5 -1 7 -1 1 7 -1 1 7 5 -1 7 5 -1 7 -1 4 7 -1 -2
2 4 -1 2 4 7 -1 2 4 -1 2 4 7 -1 4 7 -1 2 4 -1 2 4 7 -1 4 7 -1 7 -1 2 4 7 -1 7 -1 2 7 -1 2 -1 2 5 -1 5 -1 2 5 -1 2 -1 7 -1 2 -1 2 5 -1 2 -1 2 5 -1 2 -1 7 -1 2 -1 2 4 -1 2 -1 2 4 7 -1 2 4 -1 2 4 7 -1 7 -1 2 -1 7 -1 2 -1 2 7 -1 7 -1 1 7 -1 7 -1 2 7 5 -1 2 7 -1 2 5 -1 2 7 5 -1 7 -1 2 5 -1 2 7 5 -1 2 -1 7 -1 2 7 -1 2 -1 2 5 -1 5 -1 2 7 5 -1 2 5 -1 2 -1 2 5 -1 2 -1 2 5 -1 2 -1 2 4 -1 4 -1 2 4 -1 4 -1 2 4 -1 2 4 7 -1 2 4 -1 2 -1 2 4 -1 2 4 7 -1 4 -1 2 4 -1 2 -1 2 4 -1 2 -1 2 4 -1 2 -1 4 -1 2 4 -1 2 -1 2 4 -1 2 -1 2 4 -1 4 -1 2 4 7 5 -1 7 5 -1 1 4 7 -1 4 7 -1 2 4 7 -1 4 7 -1 1 4 7 -1 4 7 -1 1 4 7 -1 4 7 -1 1 4 7 -1 1 2 4 7 -1 4 7 -1 2 4 7 -1 4 7 -1 2 4 7 -1 4 7 -1 2 4 7 -1 4 7 -1 2 4 7 -1 4 7 -1 1 7 -1 2 4 7 -1 4 7 -1 7 -1 2 7 -1 7 -1 2 7 -1 7 -1 2 7 -1 2 4 7 -1 2 7 -1 2 4 7 -1 4 7 -1 7 -1 2 7 -1 7 -1 2 4 7 -1 7 -1 2 7 -1 7 -1 2 7 -1 7 -1 2 7 -1 7 -1 2 7 -1 2 -1 7 -1 2 -1 1 2 7 5 -1 7 5 -1 1 4 7 -1 4 7 -1 1 4 7 -1 4 7 -1 1 4 7 -1 4 7 -1 1 4 7 -1 4 7 -1 7 -1 1 7 -1 7 -1 2 7 -1 1 7 -1 1 2 7 -1 1 7 -1 7 -1 2 7 -1 4 7 -1 7 -1 2 7 -1 1 4 7 -1 7 -1 1 7 -1 7 -1 2 -1 7 -1 4 7 -1 2 7 5 -1 2 5 -1 5 -1 2 -1 7 -1 2 -1 7 -1 5 -1 7 -1 2 -1 2 7 -1 2 -1 2 7 5 -1 7 5 -1 7 -1 1 7 -1 7 -1 1 7 -1 4 7 -1 1 7 -1 1 2 7 -1 1 7 -1 1 4 7 -1 1 2 7 -1 1 7 -1 1 2 7 -1 1 7 -1 1 2 7 -1 7 -1 1 7 -1 4 7 -1 7 -1 2 7 -1 7 -1 2 7 -1 7 -1 2 -1 7 -1 7 5 -1 2 7 5 -1 7 5 -1 7 -1 7 5 -1 7 -1 7 5 -1 7 -1 7 5 -1 7 -1 2 7 -1 7 -1 7 5 -1 7 -1 7 5 -1 7 -1 1 7 -1 7 -1 1 7 -1 7 -1 1 7 -1 7 -1 1 7 -1 7 -1 1 7 -1 2 7 5 -1 2 5 -1 5 -1 4 -1 7 -1 2 7 5 -1 4 7 -1 7 -1 4 7 -1 7 -1 4 7 -1 7 -1 2 7 -1 4 7 -1 7 -1 2 7 -1 7 -1 2 7 -1 7 -1 2 7 -1 7 -1 2 7 -1 7 -1 2 7 -1 7 -1 2 7 -1 7 -1 2 7 -1 7 5 -1 7 -1 2 -1 5 -1 2 -1 1 2 -1 5 -1 2 -1 1 7 -1 2 7 -1 2 4 7 -1 4 -1 4 7 -1 2 4 7 -1 4 7 -1 2 4 7 -1 7 -1 2 7 -1 7 -1 2 7 -1 7 -1 2 7 -1 4 7 -1 2 7 5 -1 2 5 -1 2 4 5 -1 2 4 -1 2 7 -1 4 -1 2 4 -1 2 -1 2 7 5 -1 7 5 -1 2 4 7 -1 7 -1 1 7 -1 7 -1 1 7 -1 1 4 7 -1 4 7 -1 7 -1 2 7 -1 7 -1 4 7 -1 1 2 4 7 -1 2 7 -1 7 -1 2 7 -1 7 -1 1 7 -1 7 -1 1 7 -1 1 2 7 -1 1 7 -1 7 -1 2 7 -1 7 -1 2 7 -1 7 -1 2 7 -1 7 -1 1 7 -1 7 -1 1 7 -1 5 -1 2 5 -1 2 4 -1 4 7 -1 7 -1 2 -1 1 7 -1 7 -1 7 5 -1 7 -1 1 7 -1 7 -1 1 7 -1 7 -1 1 7 -1 7 -1 1 7 -1 7 -1 1 7 -1 7 -1 1 7 -1 7 -1 1 7 -1 7 -1 1 7 -1 2 -1 7 -1 2 5 -1 7 5 -1 7 -1 2 -1 7 -1 2 5 -1 1 7 -1 2 -1 7 -1 2 -1 7 -1 4 7 -1 7 -1 2 -1 7 -1 2 4 7 -1 2 4 -1 7 -1 2 -1 7 -1 2 -1 7 -1 2 -1 7 -1 2 -1 5 -1 7 -1 2 7 -1 7 -1 2 -1 2 5 -1 7 -1 2 7 5 -1 7 -1 5 -1 7 -1 4 7 -1 -2
1 2 4 -1 1 2 -1 1 2 7 -1 1 2 4 -1 1 2 -1 1 2 7 -1 1 2 -1 1 -1 1 7 -1 1 -1 1 7 -1 1 -1 1 7 -1 1 -1 1 7 -1 1 -1 1 7 -1 1 -1 1 7 -1 1 2 7 -1 1 2 4 -1 1 4 -1 1 7 -1 1 2 7 -1 1 7 -1 1 2 7 -1 1 -1 1 7 -1 1 -1 1 7 -1 7 5 -1 1 7 -1 1 -1 1 7 -1 1 -1 1 7 -1 1 -1 1 7 -1 1 -1 1 7 -1 1 -1 1 7 -1 1 -1 1 7 -1 1 -1 1 7 -1 1 -1 1 7 -1 1 -1 1 7 -1 1 2 7 -1 1 -1 1 7 -1 1 2 7 -1 1 7 -1 1 -1 1 7 -1 1 2 7 -1 1 -1 1 7 -1 1 -1 1 7 -1 1 -1 1 7 -1 1 -1 1 7 -1 1 2 7 -1 1 7 -1 1 2 7 -1 1 2 4 7 -1 1 4 7 -1 1 2 4 7 -1 1 2 4 -1 2 4 -1 1 2 4 -1 2 -1 2 7 -1 2 -1 1 2 -1 1 2 7 -1 2 7 -1 1 2 7 -1 1 2 -1 1 2 7 -1 1 2 -1 1 2 7 -1 2 -1 1 2 7 -1 1 7 -1 1 2 7 -1 1 7 -1 1 2 7 -1 1 7 -1 1 2 7 -1 1 7 -1 1 2 7 -1 1 7 -1 1 2 7 -1 1 7 -1 1 -1 1 7 -1 1 -1 1 7 -1 1 -1 1 7 -1 1 -1 1 7 -1 1 -1 1 7 -1 1 -1 1 7 -1 1 -1 1 7 -1 1 -1 1 7 -1 7 -1 1 7 -1 1 -1 1 7 -1 1 -1 1 7 -1 1 -1 1 7 -1 1 -1 1 7 -1 1 -1 1 7 -1 1 -1 1 7 -1 1 -1 1 7 -1 1 -1 1 7 -1 1 -1 1 7 -1 1 -1 1 7 -1 1 -1 1 7 -1 1 -1 1 7 -1 1 -1 1 7 -1 1 -1 1 7 -1 1 -1 1 7 -1 1 -1 1 7 -1 1 -1 1 7 -1 1 -1 1 7 -1 1 -1 1 7 -1 1 -1 1 7 -1 1 -1 1 7 -1 1 -1 1 7 -1 1 -1 1 7 -1 1 -1 1 7 -1 1 -1 1 7 -1 1 -1 1 7 -1 1 -1 1 7 -1 1 -1 1 7 -1 1 -1 1 2 7 -1 1 7 -1 1 -1 1 7 -1 1 -1 1 7 -1 1 -1 1 7 -1 1 -1 1 7 -1 1 -1 1 7 -1 1 -1 1 7 -1 1 -1 1 7 -1 1 -1 1 7 -1 1 -1 1 7 -1 1 -1 1 7 -1 1 -1 1 7 -1 1 -1 1 7 -1 1 -1 1 7 -1 1 -1 1 7 -1 1 -1 1 7 -1 1 -1 1 7 -1 1 -1 1 7 -1 1 -1 1 7 -1 1 -1 1 7 -1 1 -1 1 7 -1 1 -1 1 7 -1 1 -1 1 7 -1 1 -1 1 7 -1 1 -1 1 7 -1 1 -1 1 7 -1 1 -1 1 7 -1 1 -1 1 7 -1 1 -1 1 7 -1 1 -1 1 7 -1 1 -1 1 7 -1 1 -1 1 7 -1 1 -1 1 7 -1 1 -1 1 7 -1 1 -1 1 7 -1 1 2 7 -1 1 2 4 7 -1 1 2 7 5 -1 1 2 7 -1 1 7 -1 1 2 7 -1 1 7 -1 1 -1 1 7 -1 1 -1 1 7 -1 1 -1 1 7 -1 1 -1 1 7 -1 1 -1 1 7 -1 1 -1 1 7 -1 1 -1 1 7 -1 7 -1 1 7 -1 1 -1 1 7 -1 1 -1 1 7 -1 1 -1 1 7 -1 7 -1 1 7 -1 1 -1 1 7 -1 1 -1 1 7 -1 1 -1 1 7 -1 1 -1 1 7 -1 1 -1 1 7 -1 1 -1 1 7 -1 1 -1 1 7 -1 1 -1 1 7 -1 1 -1 1 7 -1 1 -1 1 7 -1 1 -1 1 7 -1 1 -1 1 7 -1 1 -1 1 7 -1 1 -1 1 7 -1 1 -1 1 7 -1 1 -1 1 7 -1 1 -1 1 7 -1 1 -1 1 7 -1 1 -1 1 7 -1 1 -1 1 7 -1 1 -1 1 7 -1 1 -1 1 7 -1 1 -1 1 7 -1 1 -1 1 7 -1 1 -1 1 7 -1 1 -1 1 7 -1 1 -1 1 7 -1 1 -1 1 7 -1 1 -1 1 7 -1 1 -1 1 7 -1 1 4 7 -1 1 7 -1 1 -1 1 7 -1 1 -1 1 7 -1 1 7 6 -1 1 7 -1 1 -1 1 7 -1 1 -1 1 7 -1 1 -1 1 7 6 -1 1 7 -1 1 -1 1 7 -1 1 -1 1 7 -1 1 -1 1 7 -1 1 -1 1 7 -1 1 -1 1 7 -1 1 -1 1 7 -1 1 -1 1 7 -1 1 -1 1 7 -1 1 -1 1 7 -1 1 -1 1 7 -1 1 -1 1 7 -1 1 -1 1 7 -1 1 -1 1 7 -1 1 -1 1 7 -1 1 -1 1 7 -1 1 -1 1 7 -1 1 -1 1 7 -1 1 -1 1 7 -1 1 -1 1 7 6 -1 1 -1 1 7 -1 1 -1 1 7 -1 1 -1 1 7 -1 1 -1 1 7 -1 1 -1 1 7 -1 1 -1 1 7 -1 1 -1 1 7 -1 1 -1 1 7 -1 1 -1 1 7 -1 1 -1 1 7 -1 1 -1 1 7 -1 1 -1 1 7 -1 1 -1 1 7 -1 1 -1 1 7 -1 1 -1 1 7 -1 1 -1 1 7 -1 1 -1 1 7 -1 1 -1 1 7 -1 1 -1 1 7 -1 1 -1 1 7 -1 1 -1 1 7 -1 1 -1 1 7 -1 1 -1 1 7 -1 1 -1 1 7 -1 1 -1 1 7 -1 1 -1 -2
4 7 -1 7 -1 4 7 -1 7 -1 4 7 -1 7 -1 7 5 -1 4 7 -1 7 -1 7 5 -1 7 -1 4 7 -1 4 -1 4 7 -1 7 -1 7 5 -1 7 -1 7 5 -1 7 -1 7 5 -1 7 -1 7 5 -1 7 -1 7 5 -1 7 -1 7 5 -1 7 -1 7 5 -1 7 -1 7 5 -1 7 -1 7 5 -1 7 -1 7 5 -1 7 -1 4 7 -1 4 -1 4 7 -1 4 -1 4 7 -1 7 -1 4 7 -1 7 -1 4 7 -1 7 -1 4 7 -1 7 -1 4 7 -1 7 -1 4 7 -1 4 -1 4 7 -1 4 -1 4 7 -1 4 -1 4 7 -1 7 -1 4 7 -1 7 -1 4 7 -1 7 -1 4 7 -1 7 -1 7 5 -1 7 -1 7 5 -1 7 -1 4 7 -1 7 -1 4 7 -1 7 -1 7 5 -1 7 5 6 -1 7 -1 4 7 -1 7 -1 4 7 -1 7 -1 1 7 -1 4 7 -1 7 -1 7 5 -1 7 -1 7 5 -1 7 -1 7 5 -1 7 -1 4 7 -1 7 -1 4 7 -1 7 -1 4 7 -1 4 7 5 -1 4 7 -1 7 -1 4 7 -1 7 -1 4 7 -1 7 -1 1 7 -1 7 -1 4 7 -1 7 -1 7 5 -1 7 -1 4 7 -1 7 -1 4 7 -1 7 -1 4 7 -1 7 -1 4 7 -1 7 -1 4 7 -1 7 -1 4 7 -1 7 -1 4 7 -1 7 -1 4 7 -1 7 -1 4 7 5 -1 4 7 -1 7 5 -1 4 7 5 -1 4 7 -1 7 -1 4 7 -1 7 -1 4 7 -1 7 -1 4 7 -1 7 -1 4 7 -1 7 -1 4 7 -1 7 -1 4 7 -1 7 -1 4 7 -1 7 -1 4 7 -1 7 -1 4 7 -1 1 4 7 -1 1 7 -1 7 -1 4 7 -1 7 -1 7 6 -1 7 -1 2 7 -1 7 -1 4 7 -1 7 -1 4 7 -1 7 -1 4 7 -1 7 -1 7 5 -1 7 -1 7 6 -1 7 -1 4 7 -1 7 -1 4 7 -1 7 -1 4 7 -1 7 -1 4 7 -1 7 -1 4 7 -1 7 -1 4 7 -1 7 -1 4 7 -1 7 -1 4 7 -1 7 -1 7 5 -1 4 7 -1 7 -1 1 7 -1 7 -1 7 5 -1 7 -1 7 5 -1 7 -1 7 5 -1 7 -1 4 7 -1 -2
4 7 -1 2 4 7 -1 4 7 -1 2 4 7 -1 4 7 -1 2 4 7 -1 4 7 -1 7 -1 4 7 -1 1 7 -1 7 -1 2 4 7 -1 4 7 -1 7 -1 2 7 -1 7 -1 2 7 -1 7 -1 2 4 7 -1 4 7 -1 2 4 7 -1 4 7 -1 1 4 7 -1 7 -1 4 7 -1 2 4 7 -1 4 7 -1 2 4 7 -1 4 7 -1 7 -1 4 7 -1 2 4 7 -1 4 7 -1 2 7 -1 7 -1 1 7 -1 7 -1 1 7 -1 2 7 -1 7 -1 2 7 -1 7 -1 7 5 -1 7 -1 1 7 -1 7 -1 1 7 -1 7 -1 1 7 -1 7 -1 1 4 7 -1 7 -1 1 7 -1 7 -1 4 7 -1 7 -1 7 5 -1 1 7 5 -1 2 7 -1 1 7 5 -1 7 5 -1 7 -1 7 5 -1 7 -1 2 7 -1 7 -1 4 7 -1 7 -1 3 7 5 -1 4 7 5 -1 1 4 7 -1 4 7 -1 2 4 7 -1 2 4 -1 2 4 7 -1 2 -1 2 4 -1 2 4 7 -1 2 4 -1 2 4 7 -1 2 4 -1 4 7 -1 2 4 7 -1 4 7 -1 2 4 7 -1 4 7 -1 2 4 7 -1 2 4 -1 2 4 7 -1 4 7 -1 2 4 7 -1 4 7 -1 2 4 7 -1 4 7 -1 2 4 7 -1 4 7 -1 2 4 7 -1 4 7 -1 2 4 7 -1 4 7 -1 7 -1 4 7 -1 7 -1 2 4 7 -1 4 7 -1 7 -1 4 7 -1 7 -1 2 7 -1 7 -1 2 4 7 -1 4 7 -1 7 -1 4 7 -1 7 -1 4 7 -1 2 4 7 -1 7 -1 2 7 -1 7 -1 4 7 -1 2 7 5 -1 7 -1 2 7 -1 7 -1 7 5 -1 7 -1 7 5 -1 2 7 -1 7 5 -1 7 -1 7 5 -1 2 7 -1 7 -1 1 4 7 -1 4 7 -1 7 -1 4 7 -1 7 -1 4 7 -1 1 4 7 -1 4 7 -1 7 -1 1 7 -1 2 7 -1 1 4 7 -1 4 7 -1 1 4 7 -1 4 7 -1 1 4 7 -1 4 7 -1 1 4 7 -1 7 -1 2 7 -1 1 4 7 -1 4 7 -1 7 -1 4 7 -1 7 -1 2 7 -1 7 -1 2 7 -1 7 -1 1 2 7 -1 7 -1 1 7 -1 1 4 7 -1 4 7 -1 7 -1 2 7 -1 7 -1 2 7 -1 7 -1 2 7 -1 7 -1 2 7 -1 7 -1 2 7 -1 7 -1 2 7 -1 7 -1 7 5 -1 7 -1 1 7 -1 7 -1 1 7 -1 7 -1 1 7 -1 7 -1 1 7 -1 7 -1 7 5 -1 4 7 -1 1 4 7 -1 4 7 -1 1 4 7 -1 4 7 -1 7 -1 2 7 -1 7 -1 1 7 -1 7 -1 7 5 -1 2 5 -1 7 5 -1 4 7 -1 7 -1 7 5 -1 7 -1 7 5 -1 5 -1 7 -1 2 -1 5 -1 2 5 -1 7 -1 2 7 -1 7 -1 2 7 -1 7 -1 7 5 -1 2 7 5 -1 7 5 -1 7 -1 7 5 -1 7 -1 1 7 -1 7 -1 7 5 -1 7 -1 5 -1 2 5 -1 2 7 5 -1 7 -1 7 5 -1 7 -1 7 5 -1 7 -1 5 -1 7 -1 2 7 -1 7 -1 7 5 -1 2 7 5 -1 7 5 -1 7 -1 7 5 -1 7 -1 7 5 -1 7 -1 7 5 -1 1 7 -1 1 7 5 -1 2 7 5 -1 5 -1 7 -1 7 5 -1 7 -1 7 5 -1 7 -1 7 5 -1 7 -1 1 7 -1 7 -1 1 7 -1 7 -1 1 7 -1 7 -1 1 7 -1 7 -1 1 7 -1 7 -1 1 7 -1 7 -1 4 7 -1 1 7 -1 7 5 -1 7 -1 7 5 -1 7 -1 7 5 -1 7 -1 7 5 -1 7 -1 7 5 -1 7 -1 7 5 -1 2 7 5 -1 2 5 -1 2 7 5 -1 7 -1 7 5 -1 5 -1 7 -1 7 5 -1 7 -1 4 7 -1 7 5 -1 7 -1 7 5 -1 2 7 -1 4 7 -1 7 -1 1 7 -1 7 -1 1 7 -1 7 -1 4 7 -1 1 4 7 -1 1 7 -1 7 -1 1 7 -1 7 -1 1 7 -1 7 -1 2 7 5 -1 2 4 7 -1 2 4 5 -1 2 3 4 -1 3 4 5 -1 3 5 -1 2 4 5 -1 2 4 -1 2 4 7 -1 4 7 -1 7 -1 2 7 -1 7 -1 2 7 -1 4 7 5 -1 7 5 -1 7 -1 7 5 -1 2 7 5 -1 7 5 -1 2 7 5 -1 7 5 -1 2 7 5 -1 7 5 -1 7 -1 7 5 -1 5 -1 7 5 -1 7 -1 7 5 -1 7 -1 7 5 -1 2 5 -1 5 -1 4 7 5 -1 2 4 7 -1 4 7 -1 7 -1 4 7 -1 2 4 7 -1 2 7 -1 7 -1 7 5 -1 7 -1 7 5 -1 7 -1 4 7 -1 7 -1 4 7 -1 7 -1 7 5 -1 7 -1 7 5 -1 7 -1 7 5 -1 7 -1 7 5 -1 7 -1 7 5 -1 7 -1 7 5 -1 7 -1 7 5 -1 7 -1 7 5 -1 7 -1 1 2 7 -1 1 2 -1 2 7 -1 7 -1 7 5 -1 7 -1 7 5 -1 1 2 7 5 -1 7 -1 1 7 -1 7 -1 1 7 -1 7 -1 7 5 -1 7 -1 7 5 -1 7 -1 7 5 -1 7 -1 7 5 -1 7 -1 7 5 -1 7 -1 7 5 -1 7 -1 4 7 -1 7 -1 4 7 -1 7 -1 2 7 5 -1 7 -1 2 7 -1 7 -1 7 5 -1 5 -1 2 5 -1 2 7 -1 7 -1 2 7 -1 7 -1 1 2 4 7 -1 4 7 -1 1 7 -1 4 7 -1 1 4 7 -1 7 -1 1 4 7 -1 7 -1 2 7 -1 7 -1 2 7 -1 7 -1 4 7 -1 1 4 7 -1 7 -1 2 7 -1 7 -1 4 7 -1 2 4 7 -1 4 7 -1 7 -1 7 5 -1 2 7 5 -1 2 7 -1 7 -1 5 -1 7 5 -1 7 -1 4 7 -1 7 -1 2 7 -1 7 -1 7 5 -1 7 -1 4 7 -1 7 -1 4 7 -1 7 -1 4 7 -1 7 -1 7 5 -1 7 -1 7 5 -1 7 -1 4 7 -1 7 -1 2 7 -1 7 -1 2 7 5 -1 7 -1 4 7 -1 7 -1 7 5 -1 7 -1 1 4 7 -1 4 7 -1 7 -1 4 7 -1 7 -1 4 7 -1 7 -1 1 7 -1 4 7 -1 1 7 -1 7 -1 1 4 7 -1 7 -1 4 7 -1 7 -1 7 5 -1 7 -1 4 7 -1 7 -1 7 5 -1 7 -1 7 5 -1 7 -1 7 5 -1 7 -1 7 5 -1 7 -1 5 -1 7 5 -1 7 -1 7 5 -1 7 -1 7 5 -1 7 -1 7 5 -1 7 -1 7 5 -1 7 -1 1 7 -1 7 -1 1 7 -1 7 -1 7 5 -1 7 -1 7 5 -1 7 -1 4 7 -1 -2
1 2 4 7 -1 1 7 -1 1 -1 1 7 -1 1 -1 1 7 -1 1 2 4 7 -1 1 4 7 -1 1 7 -1 1 -1 1 7 -1 1 7 5 -1 1 7 -1 1 7 5 -1 1 7 -1 1 5 -1 1 7 -1 1 7 5 -1 1 7 -1 1 7 5 -1 1 7 -1 1 -1 1 7 -1 1 7 5 -1 1 7 -1 1 7 5 -1 1 7 -1 1 -1 1 7 -1 1 -1 1 7 -1 1 -1 1 7 -1 1 -1 1 7 -1 1 7 5 -1 1 7 -1 1 4 7 -1 1 2 4 7 -1 2 4 7 -1 1 2 4 7 -1 1 4 7 -1 1 2 4 7 -1 1 7 -1 1 4 7 -1 1 2 4 7 -1 1 2 7 -1 1 7 -1 1 2 7 -1 1 7 -1 1 2 7 -1 1 4 7 -1 1 7 -1 1 2 7 -1 1 7 -1 1 4 7 -1 1 7 -1 2 4 7 -1 1 2 7 -1 1 7 -1 4 7 -1 7 -1 1 7 -1 7 -1 1 7 -1 7 -1 1 7 -1 7 -1 4 7 -1 7 -1 1 7 -1 1 4 7 -1 1 7 -1 7 -1 1 7 -1 4 7 -1 1 7 -1 1 -1 1 7 -1 1 -1 1 7 -1 1 -1 1 7 -1 1 -1 1 7 -1 1 -1 1 7 -1 1 -1 1 7 -1 1 -1 1 7 -1 1 -1 1 7 -1 1 -1 1 7 -1 1 -1 1 7 -1 7 -1 1 7 -1 1 5 -1 1 7 5 -1 1 7 -1 1 7 5 -1 1 7 -1 1 7 5 -1 1 7 -1 1 -1 1 7 -1 1 -1 1 5 -1 1 7 -1 1 -1 1 7 -1 1 -1 1 7 -1 1 -1 1 7 -1 1 -1 1 5 -1 1 7 -1 1 -1 1 7 -1 1 -1 1 7 -1 1 7 5 -1 1 7 -1 1 7 5 -1 1 7 -1 1 4 7 5 -1 1 7 -1 1 7 5 -1 1 -1 1 5 -1 1 7 -1 1 7 5 -1 1 7 -1 1 7 5 -1 1 7 -1 1 7 5 -1 1 5 -1 1 -1 1 7 -1 1 -1 1 7 -1 1 -1 1 7 -1 1 -1 1 7 -1 1 -1 1 7 -1 1 -1 1 7 -1 1 -1 1 7 -1 1 -1 1 7 -1 7 -1 1 7 -1 1 -1 1 7 -1 1 5 -1 1 7 5 -1 1 7 -1 1 7 5 -1 1 7 -1 1 7 5 -1 1 7 -1 7 -1 1 7 -1 7 -1 1 7 -1 7 -1 1 7 -1 7 -1 1 7 -1 7 -1 1 7 -1 7 -1 1 7 -1 7 -1 1 7 -1 7 -1 1 7 -1 7 -1 1 7 -1 7 -1 7 5 -1 7 -1 7 5 -1 7 -1 7 5 -1 7 -1 7 5 -1 7 -1 7 5 -1 7 -1 1 7 -1 1 7 5 -1 1 5 -1 1 7 -1 1 7 5 -1 1 7 -1 1 7 5 -1 1 7 -1 1 7 5 -1 1 7 -1 1 7 5 -1 1 7 -1 1 7 5 -1 1 7 -1 7 -1 1 7 -1 7 -1 1 7 -1 7 -1 1 7 -1 7 -1 1 7 -1 1 2 7 -1 1 7 -1 7 -1 1 7 -1 7 -1 1 7 -1 7 5 -1 7 -1 1 7 5 6 -1 1 4 6 -1 1 4 5 6 -1 1 7 5 6 -1 1 2 7 5 -1 1 7 -1 7 -1 1 7 -1 7 -1 1 7 -1 7 -1 1 7 -1 7 -1 1 7 -1 1 7 6 -1 7 5 6 -1 1 7 5 -1 1 7 -1 7 6 -1 1 7 -1 7 -1 1 7 -1 1 7 5 -1 1 7 -1 7 -1 7 5 -1 7 -1 1 7 -1 7 -1 1 7 -1 7 -1 1 7 -1 7 -1 7 5 -1 1 7 -1 1 7 5 -1 1 7 -1 1 7 5 -1 1 7 -1 7 -1 1 7 -1 7 -1 1 7 5 -1 1 7 -1 7 5 -1 7 -1 1 7 -1 7 -1 7 5 -1 1 7 5 -1 1 7 -1 1 7 5 -1 7 5 -1 7 -1 7 5 -1 7 -1 1 7 -1 7 -1 1 7 -1 1 7 5 -1 1 7 -1 7 5 -1 1 7 5 -1 1 7 -1 7 5 -1 7 -1 1 7 -1 7 -1 1 7 -1 1 7 5 -1 1 7 -1 7 5 -1 7 -1 1 7 -1 7 -1 1 7 -1 7 -1 1 7 -1 1 7 5 -1 1 7 -1 7 -1 1 7 -1 7 -1 1 7 -1 7 -1 1 7 -1 1 7 5 -1 1 7 -1 1 7 5 -1 1 7 -1 1 7 5 -1 1 7 -1 7 -1 1 7 5 -1 7 -1 1 7 -1 7 -1 1 7 -1 7 -1 1 7 -1 1 7 5 -1 1 7 -1 1 7 5 -1 1 7 -1 1 7 5 -1 1 7 -1 1 7 5 -1 1 7 -1 1 7 5 -1 1 7 -1 1 7 5 -1 7 5 -1 7 -1 1 7 5 -1 1 7 -1 1 7 5 -1 1 7 -1 1 7 5 -1 1 7 -1 1 7 5 -1 1 7 -1 1 7 5 -1 1 7 -1 1 7 5 -1 1 7 -1 1 7 5 -1 1 7 -1 1 7 5 -1 1 7 -1 1 7 5 -1 1 7 -1 1 7 5 -1 1 7 -1 1 7 5 -1 1 7 5 6 -1 7 6 -1 1 7 -1 1 7 5 -1 1 7 -1 1 7 5 -1 1 7 -1 1 7 5 -1 1 7 -1 1 7 5 -1 1 7 -1 1 7 5 6 -1 1 7 -1 1 -1 1 7 -1 1 7 5 -1 1 7 -1 1 7 5 -1 1 7 -1 1 7 5 -1 1 7 -1 1 -1 1 7 -1 1 -1 1 7 -1 7 6 -1 7 -1 1 7 -1 1 -1 1 7 -1 1 -1 1 7 -1 1 -1 1 7 -1 1 -1 1 7 -1 1 -1 1 7 -1 1 -1 1 7 -1 1 -1 1 7 -1 1 -1 1 7 -1 1 -1 1 7 -1 1 -1 1 7 -1 1 -1 1 7 -1 1 -1 1 7 -1 1 -1 1 7 -1 1 -1 1 7 -1 1 -1 1 7 -1 1 7 5 -1 1 7 -1 1 -1 1 7 -1 1 7 5 -1 1 7 -1 1 -1 1 7 -1 1 -1 1 7 -1 1 -1 1 7 -1 1 -1 1 7 -1 1 -1 1 7 -1 1 -1 1 7 -1 1 -1 1 7 -1 1 -1 1 7 -1 1 -1 1 7 -1 1 -1 1 7 -1 1 -1 1 7 -1 1 -1 1 7 -1 1 -1 1 7 -1 1 -1 1 7 -1 1 -1 1 7 -1 1 -1 1 7 -1 1 -1 1 7 -1 1 -1 1 7 -1 1 -1 1 7 -1 1 5 -1 1 -1 1 7 -1 1 -1 1 7 -1 1 -1 1 7 -1 1 -1 1 7 -1 1 -1 1 7 -1 1 -1 1 7 -1 1 -1 1 7 -1 1 -1 1 7 -1 1 -1 1 7 -1 1 -1 1 7 -1 1 -1 1 7 -1 1 -1 1 7 -1 1 5 -1 1 -1 1 7 -1 1 -1 1 7 -1 1 -1 1 7 -1 1 -1 1 7 -1 1 -1 1 7 -1 1 7 5 -1 1 -1 1 7 -1 1 7 5 -1 1 7 -1 1 7 5 -1 1 7 -1 1 7 5 -1 1 7 -1 1 7 5 -1 1 7 -1 1 5 -1 1 -1 1 7 -1 1 7 5 -1 1 5 -1 1 7 -1 1 7 5 -1 1 7 -1 1 7 5 -1 1 7 -1 1 7 5 -1 1 7 -1 1 5 -1 1 7 5 -1 1 7 -1 1 7 5 -1 1 -1 1 7 5 -1 1 7 -1 1 7 5 -1 1 7 -1 1 7 5 -1 1 7 -1 1 7 5 -1 1 7 -1 1 7 5 -1 1 7 -1 1 7 5 -1 1 7 -1 1 7 5 -1 1 7 -1 1 7 5 -1 1 7 -1 1 7 5 -1 1 7 -1 1 4 7 -1 -2
2 4 7 5 -1 2 4 7 -1 4 7 -1 7 -1 4 7 -1 7 -1 2 7 -1 7 -1 7 5 6 -1 7 5 -1 7 -1 1 7 -1 7 -1 2 7 -1 4 7 -1 7 -1 4 7 -1 2 4 7 -1 2 7 -1 7 5 -1 2 7 -1 2 7 5 -1 7 5 -1 7 -1 2 7 -1 7 -1 2 7 -1 7 -1 2 7 -1 7 -1 2 7 -1 7 -1 1 7 -1 1 2 7 -1 7 -1 7 5 -1 7 -1 1 7 -1 7 -1 4 7 -1 2 4 -1 2 -1 2 4 5 -1 2 4 -1 4 -1 2 4 -1 4 7 -1 2 4 7 -1 4 7 -1 4 -1 2 4 -1 4 -1 2 4 7 -1 4 7 -1 4 -1 4 7 -1 4 -1 4 7 -1 4 -1 4 7 -1 7 -1 4 7 -1 7 -1 4 7 -1 7 -1 4 7 -1 7 -1 4 7 -1 7 -1 4 7 -1 7 -1 4 7 -1 1 2 7 -1 1 4 7 -1 4 7 -1 7 -1 4 7 -1 7 -1 4 7 -1 7 -1 2 7 -1 7 -1 1 7 -1 1 7 5 -1 7 5 -1 7 -1 7 5 -1 7 -1 1 7 -1 7 -1 1 7 -1 7 -1 1 7 -1 7 -1 4 7 -1 1 4 7 -1 1 7 -1 7 -1 7 5 -1 7 -1 7 5 -1 1 7 -1 7 -1 1 7 -1 7 -1 1 7 -1 7 -1 1 7 -1 7 -1 1 7 -1 7 -1 1 7 -1 7 -1 4 7 -1 1 7 -1 7 -1 1 7 -1 7 -1 1 7 -1 4 7 -1 7 -1 1 7 -1 7 -1 1 7 -1 7 -1 1 7 -1 7 -1 1 7 -1 7 -1 1 7 -1 1 -1 1 7 -1 1 -1 1 7 -1 1 -1 1 7 -1 1 -1 1 7 -1 7 -1 1 7 -1 7 -1 1 7 -1 1 -1 1 7 -1 7 -1 1 7 -1 1 -1 1 7 -1 7 -1 1 7 -1 7 -1 1 7 -1 7 -1 7 6 -1 7 -1 1 7 -1 7 -1 1 7 -1 7 -1 1 7 -1 1 4 7 -1 4 7 -1 7 -1 4 7 -1 7 -1 1 7 -1 7 -1 1 7 -1 7 -1 1 7 -1 7 -1 1 7 -1 7 -1 1 7 -1 1 -1 1 2 7 -1 2 7 -1 1 2 7 -1 1 7 -1 1 -1 1 7 -1 1 -1 1 7 -1 1 -1 1 7 -1 1 -1 1 7 -1 1 -1 1 7 -1 1 -1 1 7 -1 1 -1 1 7 -1 1 -1 1 7 -1 1 -1 1 7 -1 1 -1 1 7 -1 7 -1 1 7 -1 7 -1 1 7 -1 7 -1 1 7 -1 7 -1 1 7 -1 7 -1 1 7 -1 1 4 7 -1 1 7 -1 7 -1 1 7 -1 7 -1 1 7 -1 7 -1 1 7 -1 7 -1 1 7 -1 7 -1 1 2 7 -1 2 7 -1 1 7 5 -1 1 7 -1 7 -1 1 7 -1 1 -1 1 7 -1 7 -1 1 7 -1 7 -1 1 7 -1 7 -1 1 7 -1 7 -1 1 7 -1 7 -1 1 7 -1 7 -1 1 7 -1 7 -1 1 7 -1 1 -1 1 7 -1 7 -1 1 7 -1 4 7 -1 7 -1 1 7 -1 7 -1 1 7 -1 7 -1 1 7 -1 1 2 7 -1 7 -1 2 7 -1 2 4 7 -1 7 -1 2 7 -1 1 7 -1 4 7 -1 7 -1 1 7 -1 4 7 -1 7 -1 1 7 -1 7 -1 1 4 7 -1 4 7 -1 7 -1 4 7 -1 7 -1 4 7 -1 7 -1 4 7 -1 7 -1 1 4 7 -1 7 -1 1 7 -1 7 -1 1 7 -1 7 -1 1 7 -1 1 7 5 -1 1 7 -1 7 -1 1 7 -1 7 -1 1 7 -1 7 -1 1 7 -1 1 -1 1 7 -1 7 -1 1 7 -1 7 -1 1 7 -1 7 -1 1 7 -1 1 2 7 -1 7 -1 1 7 -1 7 -1 1 7 -1 7 -1 1 7 -1 7 -1 1 7 -1 7 -1 1 7 -1 7 -1 1 7 -1 7 -1 1 7 -1 7 -1 1 7 -1 7 -1 1 7 -1 7 -1 1 7 -1 7 -1 1 7 -1 7 -1 1 7 -1 7 -1 1 7 -1 7 -1 1 7 -1 7 -1 1 7 -1 7 -1 1 7 -1 7 -1 1 7 -1 7 -1 1 7 -1 4 7 -1 7 -1 1 7 -1 7 -1 1 7 -1 7 -1 1 7 -1 7 -1 1 7 -1 7 -1 1 7 -1 7 -1 1 7 -1 7 -1 7 6 -1 7 -1 1 7 -1 7 -1 1 7 -1 7 -1 1 7 -1 7 -1 1 7 -1 7 -1 1 7 -1 7 -1 1 7 -1 7 -1 2 7 5 -1 7 5 -1 7 -1 2 7 -1 7 -1 1 2 7 -1 2 7 -1 7 -1 2 7 -1 7 -1 1 7 -1 7 -1 1 7 -1 7 -1 1 7 -1 7 -1 1 7 -1 7 -1 1 7 -1 7 -1 1 7 -1 7 -1 1 7 -1 7 -1 1 7 -1 7 -1 1 7 -1 7 -1 1 7 -1 7 -1 2 7 -1 7 -1 1 7 -1 7 -1 1 7 -1 7 -1 2 4 7 -1 -2
2 4 7 -1 7 -1 4 7 -1 7 -1 4 7 -1 7 -1 4 7 -1 2 4 7 -1 4 7 -1 2 4 7 -1 4 7 -1 7 -1 2 4 7 -1 7 -1 4 7 -1 2 4 7 -1 4 7 -1 7 -1 2 4 7 -1 2 4 -1 4 7 -1 7 -1 4 7 -1 2 4 7 -1 4 7 -1 7 -1 4 7 -1 7 -1 4 7 -1 7 -1 1 7 -1 7 -1 1 7 -1 7 -1 1 7 -1 7 -1 1 7 -1 7 -1 4 7 -1 7 -1 1 7 -1 7 -1 1 7 -1 7 -1 1 7 -1 7 -1 1 7 -1 7 -1 1 7 -1 7 -1 1 7 -1 7 -1 1 7 -1 7 -1 1 7 -1 7 -1 1 7 -1 7 -1 2 4 7 -1 2 4 -1 4 -1 4 7 5 -1 4 7 -1 4 -1 4 7 -1 2 4 7 -1 4 7 -1 7 -1 4 7 -1 2 4 7 -1 4 7 -1 2 4 7 -1 4 7 -1 7 -1 4 7 -1 7 -1 4 7 -1 7 -1 4 7 -1 2 4 7 -1 7 -1 4 7 -1 7 -1 2 4 7 -1 4 7 -1 2 4 7 -1 7 -1 4 7 -1 7 -1 2 4 7 -1 4 7 -1 7 -1 4 7 -1 7 -1 2 4 7 -1 4 7 -1 7 -1 4 7 -1 7 -1 4 7 -1 2 4 7 -1 4 7 -1 7 -1 4 7 -1 2 4 7 -1 7 -1 2 4 7 -1 7 -1 2 4 7 -1 7 -1 2 4 7 -1 7 -1 7 5 -1 7 -1 2 7 -1 7 -1 4 7 -1 7 -1 4 7 -1 7 -1 4 7 -1 7 -1 4 7 -1 2 4 7 -1 4 7 -1 7 -1 4 7 -1 7 -1 4 7 -1 7 -1 4 7 -1 7 -1 7 5 -1 7 -1 4 7 -1 7 -1 3 4 7 -1 4 7 -1 7 -1 7 5 -1 7 -1 7 5 -1 7 -1 7 5 -1 7 -1 7 5 -1 7 -1 7 5 -1 7 -1 7 5 -1 7 -1 7 5 -1 7 -1 7 5 -1 7 -1 7 5 -1 7 -1 7 5 -1 7 -1 7 5 -1 7 -1 7 5 -1 7 -1 7 5 -1 7 -1 7 5 -1 7 -1 7 5 -1 7 -1 7 5 -1 7 -1 1 7 -1 7 -1 1 7 -1 7 -1 7 5 -1 7 -1 7 5 -1 7 -1 7 5 -1 7 -1 7 5 -1 7 -1 7 5 -1 7 -1 7 5 -1 7 -1 4 7 -1 7 -1 7 5 -1 7 -1 7 5 -1 7 -1 7 5 -1 7 -1 7 5 -1 7 -1 7 5 -1 7 -1 1 7 -1 7 -1 7 5 -1 7 -1 7 5 -1 7 -1 7 5 -1 7 -1 7 5 -1 7 -1 7 5 -1 7 -1 7 5 -1 7 -1 7 5 -1 7 -1 7 5 -1 7 -1 7 5 -1 7 -1 7 5 -1 7 -1 7 5 -1 7 -1 7 5 -1 7 -1 2 7 5 -1 2 4 7 -1 2 4 -1 4 -1 2 4 -1 4 7 -1 2 4 7 -1 7 -1 7 5 -1 7 -1 7 5 -1 7 -1 2 7 -1 7 -1 7 5 -1 7 -1 7 5 -1 7 -1 7 5 -1 7 -1 7 5 -1 7 -1 7 5 -1 7 -1 1 7 5 -1 7 5 -1 7 -1 1 7 -1 2 7 -1 1 7 -1 7 -1 2 7 5 -1 5 -1 7 5 -1 4 7 -1 7 -1 1 7 -1 7 -1 1 7 -1 7 -1 1 7 -1 7 -1 1 7 -1 7 -1 1 7 -1 7 -1 1 7 -1 7 -1 1 7 -1 2 7 -1 7 -1 7 5 -1 7 -1 1 7 -1 7 -1 1 7 -1 7 -1 1 7 -1 7 -1 1 7 -1 7 5 -1 7 -1 7 5 -1 7 -1 7 5 -1 7 -1 7 5 -1 7 -1 1 7 -1 7 -1 1 7 -1 7 -1 1 7 -1 7 -1 1 7 -1 7 -1 1 7 -1 7 -1 1 7 -1 7 -1 1 7 -1 7 -1 1 7 -1 7 -1 1 7 -1 7 -1 1 7 -1 7 -1 1 7 -1 7 -1 1 7 -1 7 -1 1 7 -1 7 -1 1 7 -1 3 4 7 -1 4 7 -1 7 -1 1 7 -1 7 -1 1 7 -1 7 -1 1 7 -1 7 -1 1 7 -1 7 -1 1 7 -1 7 -1 1 7 -1 7 -1 1 7 -1 7 -1 1 7 -1 7 -1 1 7 -1 7 -1 1 7 -1 7 -1 1 7 -1 7 -1 1 7 -1 7 -1 1 7 -1 7 -1 4 7 -1 7 -1 4 7 -1 7 -1 2 4 7 -1 7 -1 1 7 -1 7 -1 1 7 -1 7 -1 1 7 -1 7 -1 1 7 -1 7 -1 1 7 -1 7 -1 1 7 -1 7 -1 1 7 -1 7 -1 1 7 -1 7 -1 1 7 -1 7 -1 1 7 -1 7 -1 1 7 -1 7 -1 1 7 -1 7 -1 1 7 -1 7 -1 1 7 -1 7 -1 1 7 -1 7 -1 1 7 -1 7 -1 1 7 -1 7 -1 1 7 -1 7 -1 1 7 -1 7 -1 1 7 -1 7 -1 1 7 -1 7 -1 1 7 -1 7 -1 1 7 -1 7 -1 4 7 -1 -2
4 7 -1 4 7 5 -1 7 5 -1 7 -1 7 5 -1 7 -1 7 5 -1 7 -1 7 5 -1 7 -1 7 5 -1 1 7 5 -1 7 5 -1 7 -1 7 5 -1 1 4 7 5 -1 1 4 -1 1 4 7 -1 4 7 -1 4 7 5 -1 7 5 -1 7 -1 4 7 5 -1 7 -1 7 5 -1 1 7 5 -1 7 5 -1 7 -1 4 7 -1 7 -1 7 5 -1 1 7 5 -1 7 -1 1 7 -1 7 -1 7 5 -1 7 -1 1 7 5 -1 7 -1 7 5 -1 7 -1 7 5 -1 7 -1 7 5 -1 7 -1 4 7 5 -1 1 4 7 -1 4 7 -1 1 4 -1 4 -1 1 4 -1 4 5 -1 1 4 5 -1 1 4 7 5 -1 4 7 5 -1 4 5 -1 1 4 7 5 -1 1 4 5 -1 4 7 5 -1 4 5 -1 4 7 5 -1 4 7 -1 4 7 5 -1 4 5 -1 4 7 5 -1 4 -1 4 5 -1 4 7 5 -1 4 7 -1 4 7 5 -1 4 7 -1 4 7 5 -1 4 7 -1 4 7 5 -1 4 7 -1 4 7 5 -1 4 7 -1 4 7 5 -1 4 7 -1 4 7 5 -1 4 7 -1 4 7 5 -1 4 7 -1 4 7 5 -1 4 7 -1 4 7 5 -1 7 -1 4 7 5 -1 1 4 7 -1 1 4 7 5 -1 1 7 5 -1 4 7 5 -1 7 5 -1 4 7 5 -1 7 5 -1 7 -1 1 4 7 -1 7 -1 1 7 -1 1 4 7 -1 1 4 -1 1 4 7 -1 4 7 -1 4 7 5 -1 7 5 -1 7 -1 7 5 -1 7 -1 7 5 -1 1 4 7 5 -1 1 7 5 -1 4 7 5 -1 7 5 -1 4 7 5 -1 1 4 7 5 -1 4 7 5 -1 1 4 7 5 -1 4 7 5 -1 7 5 -1 4 7 5 -1 7 5 -1 7 -1 1 4 7 5 -1 1 7 -1 1 7 5 -1 7 5 -1 1 7 5 -1 1 7 -1 7 -1 1 7 -1 7 -1 4 7 5 -1 1 4 7 -1 1 7 -1 7 5 -1 7 -1 7 5 -1 7 -1 1 7 -1 7 -1 7 5 -1 7 -1 4 7 -1 1 4 7 -1 7 -1 1 7 5 -1 7 -1 7 5 -1 7 -1 7 5 -1 1 4 7 5 -1 1 4 7 -1 1 7 -1 7 -1 7 5 -1 7 -1 1 7 -1 7 -1 4 7 -1 1 4 7 -1 1 7 -1 7 -1 1 7 -1 7 -1 1 7 -1 7 -1 1 7 -1 7 -1 1 7 -1 7 -1 1 7 -1 7 -1 1 7 -1 7 -1 1 7 -1 7 -1 1 7 -1 7 -1 1 7 -1 1 7 5 -1 7 5 -1 7 -1 7 5 -1 7 -1 1 7 -1 7 -1 1 7 -1 7 -1 1 7 -1 7 -1 1 4 7 5 -1 1 7 -1 1 7 5 -1 7 5 -1 1 7 -1 7 -1 1 7 -1 1 4 7 5 -1 4 7 5 -1 1 7 5 -1 1 7 -1 7 5 -1 7 -1 1 7 -1 7 -1 7 5 -1 7 -1 7 5 -1 1 7 -1 7 -1 7 5 -1 7 -1 7 5 -1 7 -1 1 7 -1 1 7 5 -1 1 7 -1 7 -1 1 7 5 -1 1 7 -1 1 7 5 -1 1 7 -1 7 -1 1 7 -1 1 7 5 -1 7 -1 1 7 -1 1 7 5 -1 7 -1 1 7 -1 7 -1 1 7 -1 7 -1 1 7 -1 7 -1 1 7 -1 1 7 5 -1 7 -1 1 7 5 -1 7 5 -1 7 -1 1 7 -1 7 -1 1 7 -1 7 -1 1 7 -1 7 -1 1 7 -1 7 -1 1 7 -1 7 -1 1 7 -1 1 4 7 5 -1 1 4 5 -1 1 7 5 -1 7 5 -1 4 7 5 -1 7 5 -1 7 -1 7 5 -1 7 -1 7 5 -1 1 7 5 -1 1 7 -1 7 -1 1 7 -1 7 -1 1 7 -1 1 7 5 -1 1 4 7 5 -1 1 4 5 -1 1 4 -1 1 4 5 -1 4 7 5 -1 7 5 -1 7 -1 1 7 -1 1 4 7 -1 1 7 -1 1 4 7 -1 1 7 -1 1 4 7 -1 1 7 -1 1 4 7 -1 1 7 -1 1 4 7 -1 7 -1 1 7 -1 1 7 5 -1 1 7 -1 1 4 7 5 -1 1 7 5 -1 7 5 -1 7 -1 1 7 -1 7 -1 7 5 -1 7 -1 1 7 -1 7 -1 1 7 5 -1 1 7 -1 7 -1 1 7 -1 7 -1 1 7 -1 7 -1 1 7 -1 7 -1 1 7 -1 7 -1 1 7 -1 7 -1 1 7 -1 7 -1 4 7 5 -1 4 7 -1 7 -1 1 7 -1 7 -1 1 7 -1 7 -1 7 5 -1 7 -1 1 7 -1 7 -1 1 7 -1 7 -1 1 2 7 5 -1 1 7 -1 1 2 7 -1 1 7 -1 7 -1 1 7 -1 7 -1 1 7 -1 7 -1 1 2 7 -1 1 7 5 -1 1 5 -1 1 7 5 -1 7 5 -1 1 7 5 -1 7 5 -1 7 -1 1 7 -1 1 7 5 -1 7 5 -1 1 7 5 -1 7 5 -1 7 -1 1 7 -1 7 -1 1 7 -1 7 -1 7 5 -1 7 -1 7 5 -1 7 -1 1 7 -1 7 -1 1 7 -1 7 -1 7 5 -1 7 -1 7 5 -1 7 -1 7 5 -1 7 -1 1 7 -1 7 -1 1 7 -1 7 -1 1 7 -1 7 -1 7 5 -1 7 -1 1 7 5 -1 7 -1 1 7 -1 1 7 5 -1 1 7 -1 1 7 5 -1 7 5 -1 7 -1 7 5 -1 7 -1 7 5 -1 7 -1 7 5 -1 7 -1 7 5 -1 7 -1 1 7 -1 7 -1 7 5 -1 7 -1 7 5 -1 7 -1 7 5 -1 7 -1 1 7 -1 -2
4 5 -1 4 7 -1 4 -1 4 7 -1 2 4 7 -1 2 7 -1 1 4 7 -1 1 7 -1 1 2 7 -1 1 7 -1 7 -1 1 7 -1 1 2 7 -1 2 7 -1 7 -1 1 7 -1 4 7 -1 7 -1 4 7 -1 7 -1 4 7 -1 2 4 7 -1 2 7 -1 7 -1 1 7 -1 2 7 -1 4 7 -1 7 -1 1 7 -1 7 -1 1 7 -1 7 -1 1 7 -1 1 4 7 -1 7 -1 1 7 -1 7 -1 1 7 -1 1 2 7 -1 2 7 5 -1 7 5 -1 7 6 -1 1 7 -1 7 -1 1 7 -1 7 -1 7 6 -1 7 -1 1 7 -1 7 -1 1 7 -1 7 -1 1 7 -1 7 -1 1 7 -1 7 -1 1 7 -1 7 -1 1 7 -1 7 -1 1 7 -1 7 -1 1 7 -1 7 -1 1 7 -1 7 -1 1 7 -1 4 7 -1 2 -1 2 5 -1 2 -1 2 4 -1 2 4 7 -1 2 4 -1 4 -1 4 7 -1 4 -1 4 7 -1 1 4 7 -1 1 4 -1 4 -1 4 7 -1 7 -1 4 7 -1 2 4 7 -1 4 7 -1 2 4 7 -1 4 7 -1 2 4 7 -1 4 7 -1 7 -1 4 7 -1 7 -1 4 7 -1 4 -1 2 4 7 -1 1 2 7 -1 1 7 -1 7 -1 4 7 -1 7 -1 1 7 -1 7 -1 4 7 -1 7 -1 4 7 -1 7 -1 4 7 -1 7 -1 4 7 -1 7 -1 1 7 -1 7 -1 1 4 7 -1 1 7 -1 7 -1 1 7 -1 7 6 -1 4 7 -1 7 -1 4 7 -1 7 -1 1 7 -1 7 -1 1 7 -1 7 -1 1 7 -1 7 -1 1 7 -1 7 -1 1 7 -1 7 -1 1 7 -1 7 -1 1 7 -1 4 7 -1 7 -1 1 7 -1 7 -1 1 7 -1 7 -1 1 7 -1 7 -1 4 7 -1 7 -1 1 7 -1 7 -1 1 7 -1 7 -1 1 2 7 -1 7 -1 7 6 -1 7 -1 1 7 -1 1 4 7 -1 7 -1 1 7 -1 7 -1 1 7 -1 7 -1 1 7 -1 7 -1 4 7 -1 7 -1 1 7 -1 7 -1 4 7 -1 1 4 7 -1 7 -1 1 7 -1 1 -1 1 7 -1 1 -1 1 7 -1 1 -1 1 7 -1 1 -1 1 7 -1 1 -1 1 7 -1 1 7 5 -1 1 7 -1 1 -1 1 7 -1 7 -1 1 7 -1 7 -1 1 7 -1 7 -1 1 7 -1 7 -1 1 7 -1 7 -1 1 7 -1 7 -1 1 7 -1 7 -1 1 7 -1 1 -1 1 2 7 -1 2 7 -1 7 -1 1 7 -1 1 -1 1 7 -1 1 -1 1 7 -1 1 -1 1 7 -1 1 -1 1 7 -1 1 -1 1 7 -1 1 -1 1 7 -1 1 -1 1 7 -1 1 -1 1 7 -1 1 -1 1 7 -1 1 -1 1 7 -1 1 -1 1 7 -1 1 -1 1 7 -1 1 -1 1 7 -1 1 -1 1 7 -1 1 -1 1 7 -1 1 -1 1 7 -1 1 4 7 -1 1 7 -1 7 -1 1 7 -1 1 -1 1 7 -1 1 -1 1 7 -1 1 -1 1 7 -1 1 -1 1 7 -1 1 -1 1 7 -1 1 -1 1 7 -1 7 -1 1 7 -1 7 -1 1 7 -1 7 -1 1 7 -1 7 -1 1 7 -1 7 -1 1 7 -1 7 -1 1 7 -1 1 -1 1 7 -1 1 -1 1 7 -1 1 4 7 -1 4 7 -1 7 -1 1 7 -1 7 -1 1 7 -1 1 4 7 -1 1 7 -1 1 2 7 -1 2 7 -1 1 7 -1 1 2 7 5 -1 2 7 -1 7 -1 7 6 -1 1 4 7 6 -1 2 4 7 5 -1 7 -1 1 7 -1 1 4 7 -1 4 7 -1 7 -1 1 7 -1 7 -1 1 7 -1 7 -1 1 7 -1 7 -1 1 7 -1 7 -1 1 7 -1 7 -1 1 4 7 -1 4 7 -1 1 4 7 -1 4 7 -1 1 4 7 -1 7 -1 1 7 -1 1 -1 1 7 -1 7 -1 1 7 -1 7 -1 1 7 -1 1 -1 1 4 7 -1 1 7 -1 7 -1 1 7 -1 7 -1 1 7 -1 7 -1 1 7 -1 1 7 5 -1 7 5 6 -1 7 6 -1 6 -1 1 7 6 -1 1 7 -1 7 -1 1 7 -1 7 -1 1 7 -1 7 -1 1 7 -1 7 -1 1 7 -1 1 -1 1 7 -1 1 -1 1 7 -1 7 -1 1 7 -1 7 -1 1 7 -1 7 -1 1 7 -1 7 -1 1 7 -1 7 -1 1 7 -1 7 -1 1 7 -1 7 -1 1 7 -1 7 -1 1 7 -1 7 -1 1 7 -1 7 -1 1 7 -1 7 -1 1 7 -1 7 -1 1 7 -1 7 -1 1 7 -1 7 -1 1 7 -1 1 -1 1 7 -1 7 -1 1 7 -1 7 -1 1 7 -1 7 -1 1 7 -1 4 7 -1 7 -1 1 7 -1 7 -1 1 7 -1 7 -1 1 7 -1 7 -1 1 7 -1 7 -1 1 7 -1 7 -1 1 7 -1 7 5 -1 7 -1 1 7 -1 7 -1 1 7 -1 1 -1 1 7 -1 7 -1 1 7 -1 7 -1 1 7 -1 7 -1 1 7 -1 7 -1 2 7 -1 7 -1 1 7 -1 7 -1 4 7 -1 7 -1 2 7 -1 7 -1 1 7 -1 7 -1 1 7 -1 7 -1 1 7 -1 7 -1 1 7 -1 7 -1 1 7 -1 7 -1 1 7 -1 7 -1 1 7 -1 7 -1 1 7 -1 7 -1 1 7 -1 7 -1 1 7 -1 7 -1 1 7 -1 7 -1 1 7 -1 7 -1 1 7 -1 7 -1 1 7 -1 7 -1 1 7 -1 7 -1 2 7 -1 7 -1 1 7 -1 1 -1 1 7 -1 1 2 7 -1 7 -1 1 7 -1 7 -1 7 5 -1 1 7 -1 7 -1 1 7 -1 7 -1 1 7 -1 7 -1 1 7 -1 7 -1 1 7 -1 7 -1 1 7 -1 7 -1 1 7 -1 7 -1 1 7 -1 7 -1 1 7 -1 7 -1 1 7 -1 7 -1 1 7 -1 7 -1 1 7 -1 7 -1 1 7 -1 7 -1 1 7 -1 7 -1 1 7 -1 7 -1 1 7 -1 7 -1 1 7 -1 7 -1 1 7 -1 7 -1 1 7 -1 7 -1 1 7 -1 7 -1 2 7 5 -1 -2
4 7 -1 2 7 -1 7 -1 4 7 -1 7 -1 4 7 -1 7 -1 4 7 -1 2 4 7 -1 4 7 -1 7 -1 2 4 7 -1 7 -1 4 7 -1 7 -1 4 7 -1 7 -1 4 7 -1 7 -1 2 4 7 -1 4 7 -1 7 -1 4 7 -1 7 -1 4 7 -1 7 -1 2 4 7 -1 1 7 -1 7 -1 1 7 -1 7 -1 1 7 -1 7 -1 1 7 -1 7 -1 1 7 -1 7 -1 1 7 -1 7 -1 1 7 -1 7 -1 1 7 -1 7 -1 1 7 -1 7 -1 1 7 -1 7 -1 1 7 -1 7 -1 1 7 -1 7 -1 1 7 -1 7 -1 1 7 -1 7 -1 1 7 -1 7 -1 1 7 -1 7 -1 1 7 -1 7 -1 1 7 -1 7 -1 4 7 -1 4 -1 2 4 7 -1 4 7 -1 7 -1 4 7 -1 7 -1 4 7 -1 7 -1 4 7 -1 7 -1 4 7 -1 7 -1 4 7 -1 7 -1 4 7 -1 7 -1 4 7 -1 2 4 7 -1 7 -1 4 7 -1 7 -1 4 7 -1 7 -1 4 7 -1 7 -1 4 7 -1 7 -1 4 7 -1 7 -1 4 7 -1 7 -1 4 7 -1 7 -1 7 5 -1 7 -1 4 7 -1 7 -1 4 7 -1 7 -1 4 7 -1 7 -1 4 7 -1 7 -1 4 7 -1 7 -1 4 7 -1 7 -1 4 7 -1 7 -1 1 7 -1 7 -1 7 5 -1 7 -1 4 7 -1 7 -1 1 7 -1 7 -1 1 4 7 -1 1 7 -1 7 -1 4 7 -1 2 4 7 6 -1 4 7 -1 7 -1 7 5 -1 7 -1 7 5 -1 7 -1 7 5 -1 7 -1 7 5 -1 7 -1 7 5 -1 7 -1 7 5 -1 7 -1 7 5 -1 7 -1 7 5 -1 7 -1 7 5 -1 7 -1 7 5 -1 7 -1 7 5 -1 7 -1 7 5 -1 7 -1 7 5 -1 7 -1 7 5 -1 7 -1 7 5 -1 7 -1 7 5 -1 7 -1 7 5 -1 7 -1 7 5 -1 7 -1 7 5 -1 7 -1 7 5 -1 7 -1 7 5 -1 7 -1 7 5 -1 7 -1 7 5 -1 7 -1 7 5 -1 7 -1 7 5 -1 7 -1 7 5 -1 7 -1 7 5 -1 7 -1 7 5 -1 7 -1 7 5 -1 7 -1 7 5 -1 7 -1 7 5 -1 7 -1 7 5 -1 7 -1 7 5 -1 7 -1 7 5 -1 7 -1 7 5 -1 7 -1 7 5 -1 7 -1 4 7 -1 7 -1 4 7 -1 7 5 -1 4 7 -1 2 4 -1 4 -1 2 4 -1 2 4 7 -1 7 -1 7 5 -1 7 -1 7 5 -1 7 -1 7 5 -1 7 -1 2 7 -1 7 -1 7 5 -1 7 -1 1 7 -1 7 -1 1 7 -1 7 -1 1 7 -1 7 -1 1 7 -1 7 -1 1 7 -1 1 2 7 5 -1 5 -1 7 5 -1 7 -1 1 7 -1 7 -1 1 7 -1 7 -1 1 7 -1 7 -1 2 4 7 -1 7 -1 7 5 -1 7 -1 7 5 -1 7 -1 1 7 -1 7 -1 1 7 -1 7 -1 1 7 -1 7 -1 1 7 -1 7 -1 1 7 -1 7 -1 1 7 -1 7 -1 7 5 -1 7 -1 7 5 -1 7 -1 7 5 -1 7 -1 7 5 -1 7 -1 7 5 -1 7 -1 1 7 -1 7 -1 1 7 -1 7 -1 1 7 -1 7 -1 1 7 -1 7 -1 1 7 -1 7 -1 1 7 -1 7 -1 1 7 -1 7 -1 1 7 -1 7 -1 1 7 -1 7 -1 1 7 -1 7 -1 1 7 -1 7 -1 1 7 -1 7 -1 1 7 -1 7 -1 1 7 -1 7 -1 3 4 7 -1 7 -1 1 7 -1 7 -1 1 7 -1 7 -1 1 7 -1 7 -1 1 7 -1 7 -1 1 7 -1 7 -1 1 7 -1 7 -1 1 7 -1 7 -1 1 7 -1 7 -1 1 7 -1 7 -1 7 5 -1 7 -1 4 7 -1 7 -1 4 7 -1 7 -1 4 7 -1 7 -1 4 7 -1 7 -1 1 7 -1 7 -1 1 7 -1 7 -1 1 7 -1 7 -1 7 5 -1 7 -1 7 5 -1 7 -1 4 7 -1 -2
4 7 -1 1 4 7 -1 4 7 -1 1 4 7 -1 4 7 -1 1 4 7 -1 4 7 -1 1 4 7 -1 7 -1 1 7 -1 7 -1 1 4 7 -1 7 -1 1 4 7 -1 4 7 -1 7 -1 4 7 -1 2 4 7 -1 2 4 -1 4 -1 4 7 -1 1 4 7 -1 4 7 -1 4 -1 4 7 -1 1 4 7 -1 4 7 -1 1 4 7 -1 4 7 -1 7 5 -1 7 -1 7 5 -1 7 -1 7 5 -1 7 -1 7 5 -1 7 -1 4 7 -1 7 -1 4 7 -1 1 4 7 -1 1 7 -1 4 7 -1 1 4 7 -1 7 -1 1 7 -1 7 -1 1 7 -1 7 -1 7 5 -1 7 -1 7 5 -1 7 -1 7 5 -1 1 7 -1 1 7 5 -1 1 7 -1 1 7 5 -1 1 7 -1 7 5 -1 7 -1 1 7 -1 7 -1 1 7 -1 7 -1 7 5 -1 7 -1 1 7 -1 7 -1 7 5 -1 7 -1 1 7 -1 7 -1 1 7 -1 7 -1 1 7 -1 7 -1 1 7 -1 7 -1 1 7 -1 7 -1 1 7 -1 7 -1 1 7 -1 7 -1 7 5 -1 7 -1 1 7 -1 7 -1 1 7 -1 7 -1 1 7 -1 7 -1 1 7 -1 7 -1 1 7 -1 1 4 7 -1 4 -1 4 7 -1 4 -1 1 4 -1 4 -1 1 4 -1 4 7 -1 4 -1 4 7 -1 4 -1 4 7 -1 4 -1 4 7 -1 4 -1 4 7 -1 2 4 7 -1 4 7 -1 4 -1 4 7 -1 1 4 7 -1 4 7 -1 7 -1 4 7 -1 1 7 -1 1 4 7 -1 1 4 7 5 -1 1 4 7 -1 4 7 -1 1 4 7 -1 4 7 -1 1 7 -1 4 7 -1 7 -1 1 7 -1 4 7 -1 7 -1 1 7 -1 4 7 -1 1 4 7 -1 4 7 -1 1 4 7 -1 4 7 -1 7 -1 4 7 -1 1 4 7 -1 7 -1 4 7 -1 7 -1 4 7 -1 1 4 7 -1 4 7 -1 1 4 7 -1 1 7 -1 1 7 5 -1 1 5 -1 1 4 7 5 -1 4 7 -1 1 7 -1 7 -1 1 7 -1 7 -1 1 7 -1 7 -1 1 7 -1 7 -1 1 7 -1 7 -1 1 7 -1 7 -1 1 7 -1 7 -1 1 7 -1 7 -1 1 7 -1 7 -1 1 7 -1 7 -1 1 7 -1 7 -1 1 7 -1 7 -1 1 7 -1 1 4 7 6 -1 1 4 7 5 -1 1 7 -1 7 -1 4 7 -1 7 -1 1 7 -1 7 -1 1 7 -1 7 -1 1 7 -1 1 4 7 -1 1 7 -1 7 -1 1 7 -1 7 -1 1 7 -1 7 -1 1 7 -1 7 -1 1 7 -1 7 -1 1 7 -1 7 -1 1 7 -1 7 -1 1 7 -1 7 -1 1 7 -1 1 7 5 -1 1 7 -1 7 -1 1 7 -1 7 -1 1 7 -1 7 -1 1 7 -1 7 -1 1 7 -1 7 -1 1 7 -1 7 -1 1 7 -1 7 -1 1 7 -1 7 -1 1 7 -1 1 7 5 -1 1 7 -1 7 -1 4 7 -1 7 -1 1 7 -1 7 -1 1 7 -1 7 -1 1 7 -1 7 -1 1 7 -1 7 -1 1 7 -1 7 -1 1 7 -1 7 -1 1 7 -1 4 7 -1 7 -1 1 7 -1 7 -1 1 7 -1 1 5 -1 1 7 -1 7 -1 1 7 -1 7 -1 1 7 -1 7 -1 1 7 -1 7 -1 1 7 -1 1 4 7 -1 1 7 -1 1 4 7 -1 1 7 -1 1 4 7 -1 1 7 -1 1 4 7 -1 1 7 -1 1 4 7 -1 1 7 -1 7 -1 1 7 -1 7 -1 1 7 -1 1 4 7 -1 1 7 5 -1 1 7 -1 7 -1 1 7 -1 7 -1 1 7 -1 1 4 7 -1 1 7 -1 1 4 7 -1 1 7 -1 1 4 7 -1 1 7 -1 7 -1 1 7 -1 7 -1 1 7 -1 1 4 7 -1 1 7 -1 1 4 7 -1 1 7 -1 1 4 7 -1 7 -1 1 7 -1 1 4 7 -1 1 7 -1 1 4 7 -1 1 7 -1 7 -1 1 7 -1 7 -1 1 7 -1 7 -1 1 7 -1 7 -1 1 7 -1 7 -1 1 7 -1 7 -1 1 7 -1 7 -1 1 7 -1 1 4 7 -1 1 7 -1 1 4 7 -1 1 7 -1 7 -1 1 4 7 -1 4 7 -1 1 7 -1 7 -1 1 7 -1 4 7 -1 4 -1 1 4 5 -1 1 4 7 -1 1 7 -1 1 4 7 -1 1 7 -1 7 -1 1 7 -1 7 -1 1 7 -1 7 -1 1 7 -1 7 -1 1 7 -1 7 -1 1 7 -1 1 4 7 -1 4 7 -1 1 4 7 -1 4 7 -1 1 4 7 -1 4 7 -1 1 4 7 -1 1 7 -1 4 7 -1 1 4 7 -1 7 -1 1 4 7 -1 1 7 -1 1 4 7 -1 1 7 -1 7 -1 1 4 7 -1 4 7 -1 7 -1 4 7 -1 7 -1 1 7 -1 7 -1 4 7 -1 1 7 -1 7 -1 4 7 -1 1 4 7 -1 4 7 -1 1 4 7 -1 1 7 -1 1 4 7 -1 1 7 -1 7 -1 1 7 -1 1 4 7 -1 1 7 -1 7 -1 1 7 -1 1 4 7 -1 1 7 -1 7 -1 1 7 -1 7 -1 1 7 -1 7 -1 1 7 -1 1 4 7 -1 1 7 -1 7 -1 1 7 -1 7 -1 1 7 -1 7 -1 1 7 -1 7 -1 1 7 -1 7 -1 1 7 -1 7 -1 1 7 -1 7 -1 1 7 -1 7 -1 1 7 -1 7 -1 1 7 -1 1 7 5 -1 7 5 -1 1 7 5 -1 1 7 -1 1 7 5 -1 7 5 -1 1 7 5 -1 7 5 -1 1 7 5 -1 7 5 -1 1 7 5 -1 1 7 -1 1 7 5 -1 1 7 -1 7 -1 1 7 -1 7 -1 1 7 -1 7 -1 1 7 -1 7 -1 1 7 -1 7 -1 1 7 -1 7 -1 1 7 -1 7 -1 1 7 -1 7 -1 1 7 -1 7 -1 4 7 -1 4 7 5 -1 7 -1 1 7 -1 7 -1 1 7 -1 7 -1 1 7 -1 7 -1 1 7 -1 1 4 7 -1 1 7 -1 7 -1 1 7 -1 7 -1 1 7 -1 1 7 5 -1 1 2 7 5 -1 1 2 -1 1 2 7 -1 7 -1 1 7 -1 7 -1 1 7 -1 7 -1 1 7 -1 1 7 5 -1 1 7 -1 7 5 -1 1 7 -1 1 7 5 -1 7 5 -1 1 7 5 -1 7 5 -1 7 -1 1 7 -1 1 4 7 -1 1 7 -1 1 4 7 -1 1 4 -1 1 7 -1 1 4 7 -1 4 7 -1 1 4 7 -1 4 7 -1 1 4 7 -1 1 7 -1 7 -1 1 7 -1 7 -1 1 7 -1 7 -1 1 7 -1 7 -1 1 7 -1 7 -1 1 7 -1 7 -1 1 7 -1 7 -1 1 7 -1 7 -1 1 7 -1 7 -1 1 7 -1 7 -1 1 7 -1 7 -1 1 7 -1 7 -1 1 7 -1 7 -1 1 7 -1 7 -1 1 7 -1 7 -1 1 7 -1 7 -1 1 7 -1 7 -1 1 7 -1 7 -1 1 7 -1 7 -1 1 7 -1 7 -1 1 7 -1 7 -1 1 7 -1 1 7 5 -1 1 7 -1 1 7 5 -1 1 7 -1 7 -1 1 7 -1 7 -1 1 7 -1 7 -1 1 7 -1 7 -1 1 7 -1 7 -1 1 7 -1 7 -1 1 7 -1 -2
2 4 7 -1 4 7 -1 7 -1 4 7 -1 4 -1 4 7 -1 7 -1 1 7 -1 7 -1 1 7 -1 7 -1 1 7 -1 7 -1 1 7 -1 1 7 5 -1 7 5 -1 7 -1 1 7 -1 7 -1 1 7 -1 7 -1 1 7 -1 7 -1 1 7 -1 7 -1 2 7 -1 7 -1 7 6 -1 7 -1 1 7 -1 1 7 5 -1 1 7 -1 7 -1 7 6 -1 7 -1 1 7 -1 7 -1 7 5 -1 7 -1 7 5 -1 7 -1 1 7 -1 1 7 5 -1 1 2 7 -1 1 7 -1 7 -1 3 7 -1 7 -1 2 7 -1 2 -1 2 5 -1 2 7 5 -1 7 5 -1 7 -1 2 7 -1 7 -1 2 7 -1 2 7 5 -1 2 5 -1 5 -1 7 5 -1 7 -1 1 7 -1 7 5 -1 2 7 5 -1 7 5 -1 7 -1 3 7 -1 3 -1 3 7 -1 7 -1 7 5 -1 7 6 -1 1 7 6 -1 1 7 -1 7 -1 7 6 -1 7 -1 7 6 -1 7 -1 1 7 -1 7 6 -1 6 -1 7 6 -1 7 -1 7 6 -1 7 -1 7 6 -1 6 -1 7 6 -1 7 -1 7 6 -1 7 -1 1 7 -1 7 5 -1 7 -1 7 6 -1 7 -1 7 5 -1 7 -1 2 7 5 -1 7 -1 2 7 -1 7 5 -1 7 -1 7 6 -1 2 7 -1 1 2 7 -1 7 6 -1 7 -1 7 5 -1 7 -1 7 5 -1 2 7 5 -1 7 5 -1 7 -1 7 5 -1 7 -1 7 5 -1 7 -1 7 5 -1 7 -1 2 7 -1 7 -1 2 7 5 -1 2 7 -1 2 7 5 -1 7 5 -1 7 -1 3 7 -1 7 -1 7 5 -1 7 -1 7 5 -1 7 -1 7 5 -1 7 -1 7 5 -1 7 -1 7 5 -1 7 -1 7 5 -1 7 -1 7 5 -1 7 -1 7 5 -1 7 -1 7 5 -1 7 -1 7 5 -1 2 5 -1 1 7 5 -1 7 -1 7 5 -1 7 -1 7 5 -1 7 -1 7 5 -1 7 -1 7 5 -1 7 -1 7 5 -1 7 -1 7 5 -1 7 -1 2 7 -1 3 7 -1 7 -1 2 7 5 -1 7 -1 7 5 -1 7 -1 7 5 -1 7 -1 7 5 -1 7 -1 2 7 5 -1 2 3 7 5 -1 2 7 -1 7 -1 7 5 -1 7 -1 7 5 -1 7 -1 7 5 -1 7 -1 7 5 -1 7 -1 7 5 -1 7 -1 7 5 -1 7 -1 2 7 -1 2 7 5 -1 7 5 -1 7 -1 7 5 -1 7 -1 7 6 -1 3 7 -1 3 7 6 -1 7 6 -1 6 -1 7 6 -1 7 -1 7 5 -1 7 -1 1 7 -1 1 -1 1 7 -1 7 -1 2 7 -1 7 -1 7 6 -1 6 -1 7 6 -1 6 -1 7 6 -1 6 -1 7 6 -1 1 7 5 -1 7 5 -1 7 -1 2 7 -1 4 7 5 -1 7 5 -1 7 -1 2 7 -1 7 6 -1 7 -1 2 3 7 -1 2 7 5 -1 2 7 -1 7 -1 7 5 -1 7 -1 2 7 -1 7 -1 2 7 -1 2 7 5 -1 2 7 -1 2 7 5 -1 7 6 -1 6 -1 7 6 -1 7 -1 4 7 -1 4 7 5 -1 7 5 -1 7 -1 7 5 -1 2 7 5 -1 2 7 -1 7 -1 7 5 6 -1 7 5 -1 7 5 6 -1 7 6 -1 7 -1 2 7 -1 2 3 7 -1 7 -1 7 5 -1 7 -1 7 5 -1 7 -1 2 7 5 -1 2 3 7 -1 2 7 -1 2 7 5 -1 7 5 6 -1 7 6 -1 7 -1 7 6 -1 6 -1 7 6 -1 7 -1 1 7 5 -1 1 7 -1 1 7 6 -1 1 7 -1 7 6 -1 7 -1 2 7 -1 2 7 5 -1 7 -1 7 5 -1 7 -1 7 6 -1 7 -1 3 7 -1 7 -1 7 6 -1 7 -1 7 6 -1 7 -1 7 6 -1 2 7 5 6 -1 2 5 -1 5 -1 7 5 -1 1 4 7 -1 7 -1 7 5 -1 4 7 5 -1 7 5 -1 2 7 5 -1 2 4 7 5 -1 4 7 -1 7 -1 7 6 -1 2 4 7 6 -1 2 4 6 -1 4 7 6 -1 2 4 7 5 6 -1 2 7 -1 1 7 -1 1 2 7 -1 2 7 -1 2 3 7 -1 7 -1 1 7 6 -1 1 7 -1 7 -1 2 7 -1 2 7 5 -1 2 7 -1 7 -1 2 7 5 -1 7 -1 7 6 -1 4 7 -1 7 6 -1 7 -1 1 7 -1 7 -1 7 6 -1 7 -1 7 5 6 -1 7 -1 7 6 -1 7 5 6 -1 5 6 -1 7 6 -1 3 7 6 -1 7 -1 7 5 -1 7 -1 7 5 -1 4 7 -1 2 4 7 5 -1 2 5 -1 2 7 -1 1 7 -1 1 7 5 -1 5 -1 7 5 -1 1 7 5 -1 7 5 -1 1 7 5 -1 5 -1 7 5 -1 5 -1 7 5 -1 1 7 5 -1 7 -1 7 5 -1 5 -1 7 5 -1 4 7 -1 2 7 5 -1 7 5 -1 2 7 5 -1 7 -1 7 5 -1 2 7 5 -1 7 -1 1 7 5 -1 1 7 -1 7 -1 7 6 -1 7 -1 7 5 -1 7 -1 1 7 -1 7 -1 1 7 5 -1 7 5 -1 7 -1 7 5 -1 1 7 5 -1 7 5 -1 5 -1 7 5 -1 5 -1 7 5 -1 5 -1 7 5 -1 5 -1 1 5 -1 1 7 5 -1 7 -1 1 7 -1 7 -1 1 7 -1 7 -1 1 7 -1 1 7 5 -1 7 5 -1 7 -1 1 7 -1 7 -1 1 7 -1 7 -1 1 7 -1 7 -1 3 7 -1 3 7 6 -1 7 6 -1 1 7 -1 7 6 -1 7 -1 7 6 -1 1 7 -1 7 -1 1 7 -1 1 7 6 -1 1 7 -1 7 -1 1 7 -1 7 -1 1 7 -1 7 -1 1 7 -1 7 -1 3 7 5 -1 3 5 -1 3 7 -1 7 -1 7 5 -1 1 7 5 -1 1 -1 1 2 -1 2 -1 2 7 -1 2 -1 1 2 -1 1 2 5 -1 5 -1 2 5 -1 2 7 5 -1 7 5 -1 2 7 5 -1 2 5 -1 2 7 5 -1 1 4 7 5 -1 7 5 -1 7 -1 2 7 -1 1 2 7 -1 1 7 -1 7 -1 7 5 -1 7 -1 1 2 7 5 -1 1 2 7 -1 1 2 5 -1 1 2 7 -1 7 -1 7 6 -1 7 5 6 -1 7 5 -1 2 7 5 -1 2 7 -1 2 7 5 -1 2 5 -1 2 7 5 -1 7 -1 7 5 -1 2 5 -1 1 2 5 -1 1 2 -1 1 2 7 -1 1 2 7 5 -1 7 5 -1 5 -1 7 5 -1 5 -1 2 3 5 -1 2 3 7 5 -1 3 7 5 -1 7 5 -1 7 -1 1 7 -1 7 -1 7 5 -1 2 7 5 -1 2 7 -1 7 5 -1 5 -1 1 7 5 -1 5 -1 7 5 -1 2 7 5 -1 1 7 5 -1 7 5 -1 5 -1 7 5 -1 5 -1 7 5 -1 2 7 5 -1 2 5 -1 2 7 5 -1 7 -1 1 7 5 -1 1 5 -1 1 7 5 -1 7 5 -1 7 -1 7 5 -1 7 -1 1 7 -1 7 -1 2 7 -1 7 -1 7 5 6 -1 1 7 6 -1 1 7 -1 7 -1 2 7 5 -1 2 5 -1 5 -1 2 7 5 -1 7 -1 7 5 -1 7 -1 7 5 -1 7 -1 2 7 5 -1 2 5 -1 2 7 5 -1 1 2 7 -1 2 7 -1 1 2 4 5 -1 2 5 -1 2 7 5 -1 2 4 7 5 -1 7 5 -1 7 -1 7 5 -1 7 -1 7 5 -1 5 -1 1 5 -1 1 -1 1 7 -1 7 -1 7 5 -1 4 7 -1 -2
4 -1 1 2 4 -1 2 4 -1 1 2 4 -1 2 4 -1 4 -1 1 4 -1 2 4 -1 4 -1 1 4 -1 2 4 -1 2 4 7 -1 4 7 -1 7 -1 1 4 7 -1 4 7 -1 2 4 7 -1 7 -1 2 4 7 -1 1 2 4 7 -1 4 7 -1 2 4 7 -1 1 7 -1 1 2 4 7 -1 2 -1 2 7 -1 1 2 4 7 -1 1 7 -1 7 -1 1 7 -1 2 -1 1 2 7 -1 1 7 -1 1 2 7 -1 1 7 -1 2 7 -1 2 -1 2 7 -1 2 -1 2 7 -1 7 -1 2 7 -1 1 7 -1 1 -1 2 -1 1 -1 1 7 -1 7 -1 7 5 -1 7 -1 1 2 7 -1 2 7 -1 1 2 7 -1 2 7 -1 2 -1 1 2 7 -1 1 7 -1 2 -1 7 -1 1 -1 1 7 -1 1 -1 7 -1 2 7 -1 2 -1 1 2 7 -1 1 7 -1 1 2 4 7 -1 1 2 4 -1 2 -1 2 4 -1 7 -1 1 7 -1 1 4 7 -1 1 7 -1 1 -1 1 7 -1 1 -1 2 -1 1 7 -1 1 -1 1 7 -1 1 -1 1 7 -1 1 -1 1 7 -1 7 -1 2 7 -1 7 -1 1 7 -1 7 -1 1 7 -1 1 -1 1 7 -1 7 -1 2 4 7 -1 1 2 7 -1 1 7 -1 1 7 5 -1 5 -1 7 5 -1 7 -1 2 4 7 -1 2 4 -1 1 2 4 7 -1 1 7 -1 1 4 7 -1 1 -1 1 2 7 -1 1 4 7 -1 2 4 7 -1 2 4 -1 1 -1 1 7 -1 7 -1 2 7 -1 7 -1 1 7 -1 7 -1 1 7 -1 1 2 7 -1 2 7 -1 4 7 -1 7 -1 4 7 -1 1 -1 2 7 -1 1 7 -1 1 7 5 6 -1 7 5 -1 2 7 -1 7 -1 1 7 -1 7 -1 2 7 -1 1 2 7 -1 2 7 -1 7 -1 2 7 -1 1 2 7 -1 1 7 -1 1 2 7 -1 1 7 -1 1 2 7 -1 1 7 -1 7 -1 2 7 -1 7 -1 2 7 -1 7 -1 2 7 -1 1 7 -1 1 2 7 -1 1 7 -1 7 -1 1 2 7 -1 1 7 -1 1 2 7 6 -1 1 2 7 -1 2 7 -1 1 7 -1 1 2 7 -1 1 7 -1 1 2 7 -1 2 7 -1 1 2 7 -1 2 7 -1 7 5 -1 7 -1 2 7 -1 1 2 7 -1 2 -1 7 -1 2 -1 7 -1 1 2 4 7 -1 2 7 -1 7 -1 1 7 -1 7 -1 1 7 -1 7 -1 5 -1 7 5 -1 1 7 -1 7 -1 1 7 -1 1 2 -1 7 -1 1 -1 1 7 -1 7 -1 1 7 -1 2 7 -1 2 4 7 -1 2 7 -1 4 7 -1 7 -1 1 7 -1 1 -1 7 -1 1 7 -1 1 -1 1 2 7 -1 1 2 -1 1 2 7 -1 1 4 7 -1 1 7 -1 1 2 7 -1 7 -1 1 7 -1 7 -1 1 7 -1 7 -1 1 7 -1 7 -1 7 5 -1 7 -1 1 7 -1 7 -1 1 7 -1 7 -1 1 7 -1 1 7 5 -1 2 5 -1 5 -1 7 5 -1 7 -1 1 7 -1 7 -1 1 7 -1 7 -1 1 7 -1 7 -1 1 7 -1 7 -1 2 -1 7 -1 1 7 -1 1 -1 1 7 -1 1 4 7 -1 1 7 -1 7 -1 1 7 -1 7 -1 1 7 -1 7 -1 1 7 -1 1 7 5 -1 4 7 5 -1 7 5 -1 7 -1 1 7 -1 7 -1 1 7 -1 7 -1 1 7 -1 7 -1 1 7 -1 7 -1 1 7 -1 7 -1 1 7 -1 1 4 7 -1 7 -1 1 7 -1 1 2 7 -1 1 7 -1 1 -1 1 7 -1 2 7 -1 1 7 -1 1 2 7 -1 2 7 5 -1 7 5 -1 7 -1 1 7 -1 1 2 7 -1 2 7 5 -1 2 7 -1 1 2 4 7 -1 7 -1 2 7 -1 7 -1 2 7 -1 2 7 6 -1 2 7 -1 2 7 6 -1 7 6 -1 7 -1 2 7 -1 7 -1 2 7 -1 7 -1 1 7 -1 7 -1 2 -1 4 7 -1 2 7 -1 2 -1 7 -1 2 7 -1 7 -1 2 -1 7 -1 2 7 -1 2 -1 2 6 -1 2 7 6 -1 2 4 -1 4 -1 1 4 7 -1 1 7 -1 7 -1 1 7 -1 7 -1 4 7 -1 1 4 7 -1 4 7 -1 7 -1 2 4 7 -1 1 7 -1 2 4 7 -1 2 7 -1 7 6 -1 7 -1 1 2 7 -1 2 7 -1 1 2 7 -1 2 4 7 -1 2 7 -1 7 -1 2 4 7 -1 7 -1 4 7 -1 1 2 7 6 -1 1 7 6 -1 1 2 7 -1 2 7 -1 1 2 7 -1 1 2 4 7 -1 1 2 7 -1 1 7 -1 1 2 7 -1 1 7 -1 7 -1 1 2 4 7 -1 2 4 7 -1 7 -1 7 5 -1 2 7 5 -1 1 7 -1 7 -1 7 5 -1 7 -1 1 7 -1 1 2 7 5 -1 7 5 -1 2 7 -1 1 7 -1 7 5 -1 5 -1 7 5 -1 2 7 5 -1 7 -1 4 7 -1 1 4 7 -1 7 -1 1 7 -1 1 4 7 -1 1 7 -1 7 -1 7 5 -1 7 -1 7 5 -1 2 7 -1 2 -1 1 7 -1 2 7 -1 1 4 7 -1 7 -1 1 7 -1 7 5 -1 4 7 5 -1 7 5 -1 7 -1 1 7 -1 7 -1 1 7 -1 1 7 5 -1 1 7 -1 7 -1 1 7 -1 2 7 -1 7 -1 2 7 -1 2 -1 2 5 -1 2 7 -1 7 -1 4 7 -1 4 -1 4 7 -1 7 -1 2 4 7 5 -1 2 7 -1 1 7 -1 4 5 -1 5 -1 2 5 -1 5 -1 2 5 -1 2 7 5 -1 2 5 -1 2 7 5 -1 7 5 -1 1 2 7 -1 1 2 4 -1 4 -1 2 4 -1 1 2 4 7 -1 1 4 7 -1 2 7 -1 7 -1 1 7 -1 1 2 7 -1 4 7 -1 7 -1 4 7 -1 1 7 -1 7 -1 1 2 7 -1 2 4 6 -1 2 4 -1 4 -1 2 4 7 -1 2 7 -1 7 5 -1 2 7 -1 2 4 7 6 -1 7 -1 7 5 -1 2 4 7 6 -1 4 7 -1 7 -1 5 -1 2 7 6 -1 7 6 -1 1 7 6 -1 7 6 -1 2 7 6 -1 7 6 -1 1 7 -1 1 4 7 -1 4 7 -1 2 -1 2 4 7 -1 2 4 -1 2 -1 2 7 -1 7 -1 7 5 -1 2 7 5 -1 7 5 -1 4 7 5 -1 4 7 -1 2 4 7 -1 1 2 4 -1 2 -1 2 5 -1 2 -1 2 7 -1 2 -1 2 4 7 -1 2 4 -1 2 -1 2 4 -1 2 -1 2 4 7 -1 7 -1 4 7 -1 4 -1 1 2 -1 1 -1 1 7 -1 1 2 -1 1 2 4 -1 2 -1 1 2 7 -1 1 2 -1 2 -1 1 2 -1 2 -1 1 2 7 -1 2 -1 2 4 7 -1 2 4 7 5 -1 4 7 -1 1 2 -1 1 2 7 -1 2 -1 1 2 7 -1 1 2 -1 2 -1 2 4 -1 1 2 -1 2 4 -1 1 2 -1 2 -1 1 2 -1 2 -1 1 2 -1 1 2 4 -1 1 2 -1 1 2 7 -1 1 2 4 -1 1 2 7 -1 1 2 -1 1 2 7 -1 1 2 -1 1 2 7 -1 1 2 4 7 -1 1 2 4 -1 1 2 7 -1 1 7 -1 2 -1 1 2 -1 1 7 -1 1 2 7 -1 1 2 -1 2 -1 1 2 7 -1 1 7 -1 2 -1 2 4 -1 7 5 -1 5 -1 7 -1 5 -1 1 2 -1 2 -1 1 -1 1 2 7 -1 1 4 -1 1 2 -1 1 7 -1 2 -1 6 -1 2 5 -1 2 6 -1 2 4 -1 2 4 6 -1 2 4 -1 2 4 6 -1 2 4 -1 2 4 6 -1 2 6 -1 2 -1 2 4 -1 2 -1 1 -1 1 2 7 -1 2 7 -1 2 -1 2 7 -1 1 2 7 -1 2 -1 2 7 -1 1 2 -1 2 -1 1 2 -1 2 -1 1 2 -1 1 2 7 -1 1 2 -1 1 2 7 -1 1 7 -1 1 2 7 6 -1 2 6 -1 2 5 -1 2 -1 1 2 7 -1 1 7 -1 1 2 6 -1 2 6 -1 2 7 -1 1 2 -1 2 7 -1 1 2 7 -1 1 2 -1 1 2 7 6 -1 2 -1 1 2 -1 2 6 -1 2 -1 1 2 -1 1 2 6 -1 1 2 7 -1 2 -1 2 7 -1 2 -1 1 2 7 -1 1 2 -1 1 2 7 -1 7 -1 1 2 7 -1 1 2 -1 1 7 -1 1 4 7 -1 1 7 -1 1 4 7 -1 4 7 -1 7 -1 4 7 -1 7 -1 2 4 7 -1 1 4 7 -1 2 5 -1 2 7 -1 2 4 7 -1 4 -1 2 5 -1 2 -1 2 7 6 -1 6 -1 7 -1 4 -1 4 7 -1 7 -1 2 7 -1 2 -1 2 7 -1 1 2 4 7 -1 2 4 7 -1 2 7 -1 1 2 7 -1 1 7 -1 7 -1 2 -1 2 6 -1 7 -1 1 7 -1 4 7 -1 7 -1 1 7 -1 7 -1 1 7 -1 1 2 7 -1 2 7 -1 7 -1 2 4 7 -1 7 -1 2 7 -1 2 -1 1 2 7 -1 1 7 -1 1 -1 2 4 5 -1 2 5 -1 2 -1 1 2 -1 2 -1 2 7 -1 1 2 7 -1 2 7 -1 2 -1 2 7 -1 7 -1 2 4 7 -1 2 4 -1 2 4 7 -1 4 7 -1 4 -1 1 4 7 -1 4 7 -1 2 4 -1 -2
2 4 -1 1 2 4 -1 2 4 -1 1 2 4 -1 1 2 4 7 -1 1 2 7 -1 2 7 -1 1 2 4 7 -1 1 2 -1 1 2 4 -1 1 2 -1 1 2 4 7 -1 1 2 4 -1 1 2 4 7 -1 4 7 6 -1 1 2 7 6 -1 1 2 4 7 -1 1 7 -1 1 4 7 6 -1 2 4 7 6 -1 2 4 -1 2 4 7 -1 4 7 -1 2 4 7 -1 4 7 6 -1 2 4 7 6 -1 2 4 7 -1 2 4 7 6 -1 2 7 6 -1 2 4 7 6 -1 1 2 4 7 -1 2 4 7 -1 7 -1 2 4 7 -1 1 2 7 -1 1 2 7 6 -1 1 7 -1 7 -1 1 7 -1 1 2 7 -1 2 7 -1 1 2 7 -1 1 2 4 7 6 -1 1 2 -1 1 -1 1 7 -1 1 2 -1 1 2 7 -1 1 -1 1 2 7 -1 1 -1 1 2 7 -1 2 7 -1 1 2 7 -1 1 -1 1 7 -1 7 -1 7 5 -1 7 -1 1 2 7 -1 1 7 -1 1 -1 1 7 -1 7 -1 1 7 6 -1 1 7 -1 7 -1 2 7 -1 1 2 7 -1 1 7 -1 1 -1 1 7 -1 7 -1 1 7 -1 1 2 7 -1 1 7 -1 1 -1 1 2 -1 1 2 7 -1 1 7 -1 1 -1 1 2 7 -1 1 7 -1 1 2 7 -1 1 7 -1 1 -1 1 2 -1 1 2 7 -1 1 2 4 7 -1 4 7 -1 2 7 -1 7 -1 4 -1 4 7 -1 7 6 -1 1 2 7 6 -1 1 2 -1 1 2 7 -1 1 7 -1 1 -1 1 7 -1 1 2 7 -1 1 7 -1 1 2 7 -1 1 7 -1 1 2 7 -1 1 7 -1 1 7 5 -1 7 -1 7 5 -1 7 -1 1 2 7 -1 1 7 5 -1 7 -1 1 7 -1 1 7 5 -1 1 2 7 5 -1 1 7 -1 1 2 7 -1 1 7 -1 1 5 -1 1 7 5 -1 1 7 -1 1 7 5 -1 1 4 7 -1 7 -1 2 7 -1 1 2 7 -1 1 4 7 -1 1 7 -1 1 2 7 -1 1 7 -1 1 2 7 -1 1 7 -1 1 2 7 -1 1 7 -1 1 2 7 -1 1 7 -1 1 2 7 -1 1 7 -1 1 2 7 -1 2 7 5 -1 1 2 7 -1 2 7 -1 1 2 7 -1 2 -1 1 2 7 -1 1 2 -1 1 2 7 -1 7 -1 1 7 -1 1 2 7 -1 1 7 -1 1 2 7 -1 1 7 -1 1 2 7 -1 1 7 -1 4 7 -1 2 7 -1 1 7 -1 1 2 7 -1 1 7 -1 1 2 7 -1 1 7 -1 1 2 7 -1 1 7 -1 1 2 7 -1 1 7 -1 1 2 7 -1 1 7 -1 1 2 7 -1 1 7 -1 1 2 7 -1 1 7 -1 1 2 7 -1 1 7 -1 1 2 7 -1 1 7 -1 1 2 7 -1 1 7 -1 1 2 7 -1 1 7 -1 1 2 7 -1 1 7 -1 1 2 7 -1 1 7 -1 1 2 7 -1 1 7 -1 1 2 7 -1 1 7 -1 1 2 7 -1 1 7 5 -1 1 2 7 -1 1 7 -1 7 -1 1 7 -1 1 2 7 -1 1 7 -1 1 2 7 -1 1 7 -1 1 2 7 -1 1 7 -1 1 4 7 -1 7 -1 4 7 -1 1 7 -1 1 2 7 -1 1 7 -1 1 2 7 -1 1 7 -1 1 2 7 -1 1 7 -1 1 2 7 -1 1 7 -1 1 2 7 -1 1 7 -1 1 2 7 -1 1 7 -1 1 2 7 -1 1 7 -1 1 2 7 -1 1 7 -1 1 2 7 -1 1 7 -1 1 2 7 -1 1 7 -1 1 2 7 -1 1 7 -1 1 2 7 -1 1 7 -1 1 2 7 -1 1 7 -1 1 2 7 -1 1 7 -1 7 -1 7 5 -1 7 -1 7 5 -1 7 -1 4 7 -1 1 4 7 -1 1 7 -1 7 -1 1 7 -1 1 2 7 -1 1 7 -1 1 2 7 -1 1 7 -1 7 -1 2 7 -1 1 2 7 -1 1 7 -1 1 2 7 -1 2 7 -1 1 7 -1 1 2 7 -1 1 2 7 5 -1 7 -1 2 7 5 -1 2 7 -1 2 5 -1 2 7 5 -1 2 5 -1 2 -1 1 2 7 -1 2 7 -1 1 2 7 -1 2 7 -1 1 2 7 -1 2 7 -1 7 -1 1 2 7 -1 2 7 -1 1 2 7 -1 1 7 -1 7 -1 1 2 7 -1 1 7 -1 1 2 7 -1 1 7 -1 1 2 7 -1 1 7 -1 1 2 7 -1 2 7 -1 7 -1 2 7 -1 7 -1 2 7 -1 7 -1 2 7 -1 1 2 7 -1 7 -1 1 7 -1 7 -1 1 7 -1 1 2 7 -1 2 7 -1 1 2 7 -1 7 -1 1 2 7 -1 1 7 -1 1 2 7 -1 2 7 -1 1 7 -1 1 2 7 -1 7 -1 2 7 -1 1 2 7 -1 1 7 -1 7 5 -1 1 7 5 -1 7 -1 1 7 -1 1 2 7 -1 7 5 -1 7 -1 2 7 -1 1 2 7 -1 1 7 -1 1 2 7 -1 1 7 -1 7 -1 1 7 -1 4 7 -1 2 7 -1 2 4 7 6 -1 1 2 4 7 -1 2 4 7 -1 2 4 7 5 -1 7 -1 7 5 -1 7 -1 1 7 -1 7 -1 1 7 -1 7 -1 1 7 -1 7 -1 1 7 -1 4 7 -1 1 7 -1 7 -1 1 7 -1 7 -1 1 7 -1 7 -1 1 2 7 -1 2 7 6 -1 2 6 -1 1 2 4 7 6 -1 1 2 4 7 -1 7 5 -1 1 7 -1 1 7 6 -1 7 6 -1 1 2 7 6 -1 7 -1 7 5 -1 7 -1 1 7 -1 1 7 6 -1 1 7 -1 1 -1 1 7 -1 1 2 7 -1 1 2 -1 1 7 6 -1 1 -1 1 7 -1 1 -1 1 7 -1 1 6 -1 1 -1 1 7 -1 7 -1 1 -1 7 -1 7 5 -1 1 2 4 7 5 -1 1 2 4 7 -1 2 4 7 -1 2 4 7 5 -1 1 2 4 7 -1 1 4 7 -1 2 4 7 -1 2 4 7 5 -1 2 4 7 -1 2 4 7 5 -1 7 5 -1 7 5 6 -1 7 5 -1 7 6 -1 7 5 -1 2 4 7 6 -1 4 7 5 -1 7 -1 1 7 -1 1 2 7 -1 7 6 -1 7 5 6 -1 7 6 -1 7 5 6 -1 1 2 4 7 5 6 -1 1 7 -1 1 2 4 7 -1 1 2 7 -1 2 7 5 -1 1 2 7 5 -1 1 2 7 -1 7 5 -1 2 7 5 -1 1 2 7 5 -1 7 5 6 -1 4 7 5 6 -1 4 7 -1 4 7 5 -1 4 7 -1 4 -1 4 7 -1 4 7 5 -1 4 -1 4 7 6 -1 -2
2 4 7 -1 4 7 -1 4 -1 4 7 -1 4 -1 4 7 -1 4 -1 4 7 -1 7 -1 4 7 -1 7 -1 7 6 -1 7 -1 1 7 -1 7 -1 2 3 4 7 -1 2 7 -1 7 -1 2 7 5 -1 2 5 -1 2 7 5 -1 7 5 -1 7 -1 7 6 -1 7 5 6 -1 7 5 -1 7 -1 7 6 -1 1 7 6 -1 7 -1 7 6 -1 7 -1 1 7 -1 7 -1 7 6 -1 6 -1 7 6 -1 7 -1 7 6 -1 7 -1 7 5 -1 7 -1 7 5 -1 7 6 -1 6 -1 7 6 -1 7 -1 7 6 -1 6 -1 7 6 -1 7 -1 7 6 -1 7 -1 7 6 -1 7 -1 7 6 -1 7 -1 7 6 -1 2 7 -1 1 2 7 6 -1 7 6 -1 7 -1 7 5 -1 7 -1 7 5 -1 7 6 -1 7 -1 7 5 -1 7 -1 7 5 -1 7 -1 7 5 6 -1 7 -1 7 6 -1 7 -1 7 5 -1 7 -1 7 5 -1 7 -1 7 6 -1 6 -1 5 6 -1 7 5 6 -1 7 5 -1 1 7 5 -1 7 5 -1 7 -1 7 6 -1 7 -1 7 6 -1 6 -1 7 6 -1 7 -1 7 5 6 -1 7 6 -1 7 -1 7 6 -1 7 -1 7 6 -1 7 5 -1 7 5 6 -1 7 6 -1 6 -1 5 6 -1 6 -1 5 6 -1 6 -1 5 6 -1 6 -1 7 5 6 -1 7 -1 7 5 -1 7 -1 7 5 -1 7 -1 7 5 -1 7 -1 7 5 -1 7 -1 7 5 -1 7 -1 7 5 -1 7 -1 7 5 -1 7 6 -1 7 -1 7 5 -1 7 -1 7 5 -1 7 -1 7 5 -1 7 -1 7 5 -1 7 -1 7 5 -1 7 -1 7 5 -1 4 7 5 -1 4 7 5 6 -1 3 7 6 -1 3 7 -1 7 -1 7 6 -1 7 -1 7 6 -1 6 -1 7 6 -1 1 4 7 -1 1 7 -1 7 5 -1 7 -1 2 7 5 -1 7 5 -1 7 -1 7 5 -1 2 7 5 -1 7 -1 7 5 -1 7 -1 7 6 -1 7 -1 7 5 -1 7 -1 7 5 -1 7 -1 7 5 -1 7 -1 7 5 6 -1 7 6 -1 7 -1 7 6 -1 7 -1 7 5 -1 7 -1 7 5 -1 7 -1 7 5 -1 7 -1 7 6 -1 7 -1 4 7 -1 7 -1 7 6 -1 7 -1 7 6 -1 7 -1 7 5 -1 7 -1 4 7 -1 7 -1 7 6 -1 7 5 6 -1 6 -1 7 6 -1 7 -1 7 6 -1 7 -1 7 6 -1 6 -1 7 6 -1 7 -1 7 6 -1 6 -1 1 7 6 -1 7 6 -1 7 -1 7 5 -1 7 -1 7 5 -1 7 -1 7 5 -1 7 -1 7 6 -1 7 -1 1 7 5 -1 7 5 -1 4 7 5 -1 7 -1 7 6 -1 7 -1 7 5 6 -1 6 -1 7 6 -1 7 -1 7 6 -1 7 5 6 -1 5 6 -1 7 5 6 -1 7 6 -1 7 -1 7 5 -1 7 6 -1 4 7 5 6 -1 4 7 -1 7 -1 7 6 -1 6 -1 3 6 -1 1 3 -1 1 -1 1 3 7 -1 1 7 -1 1 -1 1 7 -1 1 2 7 -1 1 2 -1 1 7 -1 7 -1 7 5 -1 7 -1 7 5 -1 7 -1 7 5 -1 7 -1 7 6 -1 7 -1 7 6 -1 7 -1 4 7 6 -1 4 7 5 -1 4 7 -1 4 7 6 -1 7 6 -1 6 -1 7 6 -1 7 -1 7 6 -1 6 -1 7 6 -1 7 5 6 -1 7 -1 7 6 -1 6 -1 7 6 -1 6 -1 7 6 -1 7 -1 1 7 -1 1 -1 1 7 -1 1 2 7 5 -1 2 7 5 -1 2 7 -1 2 4 -1 2 4 7 -1 2 7 -1 7 -1 2 7 -1 7 6 -1 4 7 6 -1 2 4 7 -1 2 7 -1 7 -1 2 7 5 -1 2 7 -1 7 -1 2 7 -1 7 -1 2 7 5 -1 7 -1 2 7 -1 2 7 5 -1 7 -1 2 7 5 -1 2 7 -1 7 -1 7 5 -1 2 7 5 -1 7 5 6 -1 7 6 -1 7 -1 7 6 -1 7 -1 7 6 -1 7 -1 7 5 -1 1 7 5 -1 7 5 -1 1 7 5 -1 1 7 -1 7 -1 1 7 -1 1 2 7 5 -1 7 -1 1 7 -1 7 -1 7 5 -1 1 2 7 5 -1 1 7 5 -1 5 -1 7 5 -1 1 7 5 -1 1 2 5 -1 5 -1 1 5 -1 1 7 5 -1 7 5 -1 7 -1 7 5 -1 7 -1 7 6 -1 7 -1 7 6 -1 7 -1 1 7 -1 7 -1 7 6 -1 7 -1 1 7 -1 7 6 -1 7 -1 1 7 -1 7 -1 7 6 -1 7 -1 7 5 -1 7 -1 2 7 -1 1 2 7 -1 1 -1 1 2 -1 1 7 -1 1 2 7 -1 1 2 7 5 -1 2 7 5 -1 2 7 -1 2 7 5 -1 2 5 -1 7 5 -1 7 -1 2 7 6 -1 2 7 -1 1 7 5 6 -1 7 5 6 -1 4 7 5 -1 2 4 7 -1 1 2 4 6 -1 1 3 6 -1 3 7 -1 3 7 6 -1 7 -1 7 6 -1 7 -1 7 6 -1 6 -1 7 6 -1 7 -1 2 7 -1 7 -1 7 5 -1 1 7 5 -1 1 5 -1 1 7 5 -1 1 7 -1 1 7 5 -1 5 -1 7 5 -1 7 -1 7 5 -1 5 -1 7 5 -1 5 -1 7 5 -1 5 -1 7 5 -1 2 7 5 -1 2 5 -1 2 7 5 -1 1 2 7 5 -1 2 7 5 -1 7 5 -1 7 -1 7 5 -1 7 -1 7 5 -1 2 7 5 -1 5 6 -1 5 -1 7 5 -1 7 5 6 -1 7 5 -1 7 -1 7 5 -1 5 -1 7 5 -1 5 -1 7 5 -1 5 -1 7 5 -1 7 -1 7 5 -1 7 -1 7 5 -1 7 -1 7 5 -1 1 7 -1 7 -1 1 7 -1 1 7 5 -1 1 5 -1 1 7 5 -1 7 -1 1 7 -1 7 5 -1 7 -1 2 7 -1 7 -1 2 7 -1 7 -1 4 7 5 -1 7 5 -1 5 -1 7 5 -1 7 -1 7 5 -1 5 -1 2 5 -1 2 7 5 -1 7 5 -1 7 -1 1 7 6 -1 1 7 5 6 -1 5 -1 2 7 5 -1 2 5 -1 7 5 -1 1 7 5 -1 7 5 -1 7 -1 7 5 -1 7 -1 7 5 -1 7 -1 7 6 -1 4 7 -1 -2
1 4 -1 1 4 7 -1 4 -1 1 4 -1 4 -1 4 7 -1 2 4 7 -1 7 -1 4 7 -1 1 4 7 -1 4 7 -1 2 4 7 -1 1 4 7 -1 4 7 -1 1 4 7 -1 1 2 7 -1 1 4 7 -1 4 7 -1 1 2 4 7 -1 1 4 7 -1 1 7 -1 1 2 4 7 -1 2 7 5 -1 1 7 -1 1 2 4 7 -1 1 4 7 -1 7 -1 4 7 -1 1 4 7 -1 1 7 -1 1 4 7 -1 1 7 -1 1 4 7 -1 1 7 -1 7 -1 1 7 -1 7 -1 1 7 -1 7 -1 1 2 7 -1 2 -1 1 2 7 -1 2 7 -1 1 2 7 -1 2 7 -1 1 2 7 -1 2 7 -1 1 7 -1 7 -1 1 2 7 -1 1 7 -1 2 7 -1 1 2 7 -1 1 7 -1 1 2 7 -1 2 7 -1 1 7 -1 1 -1 1 2 -1 1 4 7 -1 1 7 -1 7 5 -1 1 7 5 -1 7 -1 2 7 -1 7 -1 2 7 -1 7 -1 1 7 -1 1 2 -1 1 2 7 6 -1 1 2 7 -1 1 7 -1 1 2 7 -1 1 7 -1 1 2 7 -1 1 7 -1 7 -1 7 5 -1 7 -1 1 2 7 -1 1 2 4 7 -1 1 7 -1 1 2 7 -1 1 7 -1 7 5 -1 7 -1 1 7 -1 7 -1 1 7 -1 1 2 7 -1 1 7 -1 7 -1 4 7 -1 4 -1 2 4 -1 1 2 4 -1 1 2 4 7 -1 1 7 -1 1 4 7 -1 2 4 7 -1 4 7 -1 1 4 7 -1 1 7 -1 1 4 7 -1 1 7 -1 7 5 -1 1 7 -1 1 -1 1 7 -1 7 -1 1 7 -1 7 -1 1 7 -1 7 -1 1 7 -1 1 7 5 -1 7 5 -1 7 -1 1 7 -1 1 4 7 -1 1 7 -1 7 -1 2 7 -1 1 2 7 -1 1 7 -1 2 4 -1 1 7 -1 7 -1 1 7 -1 7 -1 7 6 -1 7 -1 7 5 -1 7 -1 1 7 -1 7 -1 2 7 -1 7 5 -1 7 -1 7 5 -1 7 -1 7 5 -1 7 -1 7 5 -1 7 -1 1 7 -1 7 -1 7 5 -1 7 -1 7 5 -1 7 -1 1 7 -1 1 2 7 -1 1 2 -1 1 7 -1 1 2 7 -1 1 7 -1 2 -1 1 2 7 -1 2 7 -1 7 -1 1 7 -1 7 5 -1 7 -1 1 7 -1 7 -1 1 7 -1 7 -1 1 7 -1 7 -1 7 5 -1 7 -1 7 5 -1 7 -1 1 7 -1 7 -1 1 7 -1 1 2 7 -1 2 4 7 -1 1 4 7 -1 1 7 -1 7 -1 2 7 -1 2 -1 1 7 -1 7 -1 1 7 -1 7 -1 1 7 -1 7 -1 1 7 -1 7 -1 1 7 -1 1 2 7 -1 2 7 -1 7 -1 1 7 -1 1 2 7 -1 1 7 -1 2 7 -1 2 -1 2 5 -1 2 7 5 -1 7 -1 7 5 -1 7 -1 1 7 -1 7 -1 1 7 -1 7 5 -1 2 7 5 -1 7 5 -1 7 -1 1 7 -1 7 -1 1 7 -1 7 -1 1 7 -1 7 -1 1 7 -1 7 -1 1 7 -1 7 -1 1 7 -1 7 -1 1 7 -1 1 2 7 -1 1 7 -1 1 4 7 -1 1 7 -1 7 -1 1 7 -1 7 -1 7 5 -1 2 7 5 -1 7 5 -1 7 -1 7 5 -1 7 -1 7 5 -1 7 -1 1 7 -1 7 5 -1 7 -1 1 7 -1 7 -1 1 7 -1 7 -1 1 7 -1 2 -1 1 2 7 -1 1 7 -1 7 -1 1 7 -1 7 -1 1 7 -1 7 -1 1 7 -1 7 -1 1 7 -1 1 7 5 -1 7 5 -1 5 -1 7 -1 1 7 -1 7 5 -1 2 7 -1 7 5 6 -1 2 7 5 -1 7 -1 7 6 -1 7 -1 7 6 -1 7 5 -1 1 7 -1 1 2 7 -1 1 2 4 7 -1 1 2 7 -1 2 -1 2 7 -1 2 4 7 -1 4 7 -1 2 4 7 -1 2 7 -1 2 4 -1 2 -1 2 4 -1 2 -1 2 4 -1 2 4 7 -1 2 4 -1 4 -1 4 7 -1 2 4 7 -1 2 4 -1 2 4 7 -1 2 4 -1 2 4 7 -1 2 4 -1 2 4 7 -1 2 4 -1 2 4 7 -1 4 7 -1 7 5 -1 7 -1 1 7 -1 7 -1 1 7 -1 7 -1 1 7 -1 7 -1 1 7 -1 7 -1 1 7 -1 7 -1 1 7 -1 7 -1 1 7 -1 7 -1 1 7 -1 7 -1 1 7 -1 7 -1 2 7 -1 2 7 6 -1 7 6 -1 2 7 -1 2 7 6 -1 7 6 -1 7 -1 1 7 -1 1 2 7 6 -1 7 -1 7 5 -1 2 7 5 -1 7 5 -1 1 7 5 -1 2 7 -1 7 -1 1 2 7 -1 7 -1 2 7 -1 7 -1 1 2 4 7 -1 2 4 7 -1 4 7 -1 7 -1 1 7 -1 7 -1 2 7 -1 7 -1 7 5 -1 7 -1 1 4 7 -1 7 5 -1 7 -1 7 5 -1 7 -1 1 7 -1 7 -1 1 7 -1 1 7 6 -1 7 -1 2 7 -1 7 -1 7 5 -1 7 -1 1 7 -1 7 -1 1 7 -1 7 5 -1 7 -1 1 7 -1 7 -1 1 7 -1 7 -1 1 7 -1 7 -1 1 7 -1 7 -1 1 7 -1 7 -1 2 7 -1 1 7 -1 1 2 7 -1 1 7 -1 1 7 5 -1 2 7 5 -1 7 5 -1 1 2 7 5 -1 1 7 -1 1 2 7 -1 1 7 -1 7 -1 1 7 -1 7 -1 1 7 -1 7 -1 7 5 -1 7 -1 7 5 -1 7 -1 7 5 -1 7 -1 7 5 -1 7 -1 1 7 -1 7 -1 1 7 -1 7 -1 1 7 5 -1 1 -1 1 7 -1 1 2 7 -1 1 7 -1 2 7 5 -1 2 7 -1 2 7 5 -1 7 5 -1 7 -1 7 5 -1 7 -1 7 5 -1 7 -1 2 4 7 -1 7 -1 1 7 -1 1 2 7 -1 2 -1 1 7 -1 1 2 7 -1 2 7 -1 7 -1 2 7 -1 1 7 -1 7 -1 2 4 7 -1 4 7 -1 4 7 5 -1 7 5 -1 7 -1 2 7 -1 2 -1 2 7 -1 7 5 -1 7 -1 2 7 5 -1 7 -1 2 5 -1 5 -1 5 6 -1 7 5 6 -1 7 5 -1 7 -1 1 2 7 -1 1 2 4 6 -1 4 -1 2 4 -1 2 4 7 -1 7 -1 2 7 -1 1 2 4 7 -1 1 4 7 -1 1 4 7 5 -1 7 5 -1 7 -1 7 5 -1 7 -1 7 5 -1 7 -1 1 7 -1 7 -1 7 5 -1 7 -1 1 2 7 6 -1 1 2 4 6 -1 2 4 -1 2 4 7 -1 2 7 -1 7 -1 7 5 -1 7 5 6 -1 2 7 6 -1 7 6 -1 2 7 5 -1 7 6 -1 7 -1 7 5 -1 7 6 -1 7 -1 2 7 6 -1 1 2 7 -1 1 7 6 -1 7 -1 1 7 6 -1 1 7 5 -1 1 4 7 -1 1 2 4 7 -1 1 7 -1 1 2 7 -1 1 7 -1 1 -1 1 7 -1 1 -1 1 7 -1 1 2 4 7 -1 2 4 -1 4 -1 4 7 -1 2 7 -1 2 7 5 -1 2 -1 2 4 7 -1 2 4 -1 2 4 7 -1 2 7 -1 1 2 7 -1 1 2 4 -1 1 2 -1 2 -1 1 2 -1 2 -1 1 2 -1 2 -1 1 2 -1 1 2 5 -1 1 2 7 -1 1 2 7 5 -1 1 2 -1 2 -1 2 5 -1 1 2 5 -1 2 -1 1 2 5 -1 1 2 -1 7 -1 2 4 7 5 -1 1 2 4 -1 1 2 4 7 -1 7 -1 4 7 -1 1 2 4 7 -1 1 2 7 -1 1 7 -1 1 2 7 -1 1 7 -1 1 2 4 7 -1 1 7 -1 1 2 7 -1 1 2 -1 1 2 7 -1 1 7 -1 1 2 -1 1 -1 1 2 4 -1 1 2 -1 1 2 7 -1 2 7 -1 2 4 -1 1 4 7 -1 1 7 -1 1 2 7 -1 1 2 -1 1 2 7 -1 1 2 -1 1 2 4 -1 1 2 7 -1 1 2 4 -1 1 2 -1 1 2 7 -1 1 7 -1 1 2 -1 1 7 -1 1 -1 1 2 7 -1 1 2 -1 1 7 -1 1 -1 1 2 7 -1 1 7 -1 1 2 -1 1 7 -1 1 2 -1 1 2 7 -1 1 7 -1 1 2 7 -1 1 -1 1 2 -1 1 2 7 -1 1 2 -1 1 2 4 7 -1 2 -1 1 2 4 7 -1 2 -1 2 4 -1 1 7 -1 7 -1 2 -1 1 2 -1 1 2 7 -1 1 7 -1 1 2 7 -1 1 2 -1 1 7 -1 2 -1 2 6 -1 1 2 6 -1 1 2 4 7 5 6 -1 1 2 7 -1 2 -1 2 4 -1 2 6 -1 1 2 6 -1 2 4 -1 1 2 4 -1 2 4 -1 2 -1 1 2 4 -1 2 4 -1 1 2 -1 2 -1 1 2 7 -1 1 7 -1 1 2 7 -1 2 7 5 -1 7 -1 1 7 -1 1 2 7 -1 1 7 -1 1 2 -1 1 7 -1 1 2 7 -1 1 7 -1 1 2 7 -1 1 7 -1 1 2 7 -1 2 7 -1 2 7 5 -1 7 -1 2 7 6 -1 1 2 7 6 -1 1 7 -1 7 -1 1 2 7 -1 1 2 7 6 -1 7 -1 1 7 -1 1 7 6 -1 1 2 7 -1 7 -1 1 2 7 -1 1 2 -1 1 7 -1 7 -1 1 7 -1 2 7 -1 7 5 -1 1 2 7 5 -1 1 2 7 -1 7 -1 1 7 -1 1 2 7 -1 1 7 -1 1 2 7 -1 1 2 -1 1 2 7 -1 7 -1 1 2 7 -1 1 2 -1 1 2 7 -1 1 7 -1 7 -1 1 2 4 7 -1 7 -1 1 7 -1 1 4 7 -1 1 2 4 7 -1 2 -1 2 4 7 -1 1 7 -1 1 -1 1 4 -1 1 2 4 -1 1 2 4 7 -1 1 2 4 -1 7 5 -1 1 4 7 -1 4 7 -1 4 7 5 -1 5 -1 4 7 -1 6 -1 5 -1 7 5 -1 2 5 -1 5 -1 2 5 -1 2 7 5 -1 2 4 7 -1 2 4 7 5 -1 7 5 -1 2 4 -1 2 -1 2 7 -1 2 5 -1 2 7 5 -1 1 2 4 7 -1 1 4 7 -1 1 7 -1 1 4 7 -1 4 7 -1 1 2 4 7 -1 1 4 7 -1 1 2 7 -1 1 4 7 -1 7 -1 4 7 -1 1 4 7 -1 4 7 -1 1 4 7 -1 4 7 -1 7 -1 4 7 -1 1 4 7 -1 1 7 -1 7 -1 1 2 7 -1 1 4 7 -1 4 7 -1 7 -1 1 7 -1 1 2 7 -1 1 7 5 -1 1 7 -1 1 2 7 5 -1 1 -1 1 2 -1 1 2 7 -1 1 2 7 6 -1 2 6 -1 7 -1 1 2 4 7 5 -1 7 -1 1 7 -1 7 -1 1 7 -1 1 2 7 -1 2 7 -1 7 5 -1 2 4 7 5 -1 7 -1 1 7 -1 1 2 7 -1 7 -1 2 -1 1 2 4 7 6 -1 5 6 -1 2 7 6 -1 2 7 5 6 -1 7 6 -1 2 7 6 -1 2 7 -1 7 -1 7 6 -1 1 7 6 -1 7 6 -1 1 7 6 -1 2 6 -1 6 -1 7 6 -1 1 7 6 -1 7 6 -1 6 -1 7 6 -1 6 -1 4 -1 4 7 -1 1 4 7 -1 4 7 -1 1 4 7 -1 1 2 7 -1 1 4 7 -1 4 -1 1 4 -1 1 -1 1 4 7 -1 2 4 -1 -2
7 -1 1 4 7 -1 4 -1 1 2 4 7 -1 1 4 7 -1 4 -1 4 7 -1 7 -1 1 7 -1 1 2 7 -1 2 7 -1 7 -1 1 7 -1 2 7 -1 7 -1 7 5 -1 1 7 -1 1 7 5 -1 1 7 -1 7 -1 7 5 -1 7 -1 7 5 -1 7 -1 1 7 -1 7 -1 1 2 7 -1 2 7 -1 1 7 -1 7 -1 1 7 -1 1 2 7 -1 1 7 -1 7 -1 7 5 -1 7 -1 1 7 -1 7 -1 1 7 -1 7 -1 1 7 -1 7 -1 1 7 -1 7 -1 1 7 -1 7 -1 1 7 -1 7 -1 1 7 -1 7 -1 1 7 -1 7 -1 7 5 -1 7 -1 7 5 -1 7 -1 7 5 -1 7 -1 7 5 -1 7 -1 7 5 -1 1 7 -1 7 -1 1 7 -1 1 2 7 -1 1 7 -1 7 -1 7 5 -1 7 -1 1 2 7 -1 2 7 -1 7 -1 1 7 -1 7 -1 1 7 -1 7 -1 7 5 -1 7 -1 7 5 -1 7 -1 7 5 -1 7 -1 7 5 -1 7 -1 7 5 -1 7 -1 7 5 -1 7 -1 7 5 -1 7 -1 7 5 -1 7 -1 7 5 -1 7 -1 4 7 -1 7 -1 7 5 -1 7 -1 7 5 -1 7 -1 7 5 -1 7 -1 1 7 -1 7 -1 7 5 -1 7 -1 1 7 -1 1 -1 1 7 -1 7 -1 1 7 -1 7 -1 1 7 -1 7 -1 7 5 -1 7 -1 7 5 -1 7 -1 1 7 -1 7 -1 1 7 -1 7 -1 1 7 5 -1 7 5 -1 7 -1 7 5 -1 7 -1 7 5 -1 7 -1 7 5 -1 7 -1 7 5 -1 7 -1 1 7 -1 7 -1 1 7 -1 7 -1 7 5 -1 7 -1 7 5 -1 7 -1 7 5 -1 7 -1 1 7 -1 1 2 7 -1 1 7 -1 7 5 -1 7 -1 2 7 -1 7 -1 7 6 -1 4 7 -1 4 7 6 -1 4 7 -1 7 -1 7 5 -1 7 -1 7 6 -1 7 -1 4 7 6 -1 1 4 7 -1 1 2 4 7 -1 2 4 7 -1 7 -1 1 7 -1 7 -1 4 7 5 -1 2 7 -1 7 -1 7 5 -1 7 -1 7 5 -1 7 -1 7 5 6 -1 7 6 -1 7 -1 1 7 -1 7 -1 1 7 -1 7 -1 1 7 -1 1 7 5 -1 7 5 -1 7 -1 1 7 -1 1 7 5 -1 7 5 -1 7 -1 7 5 -1 7 -1 7 5 -1 1 7 -1 7 5 -1 1 7 -1 7 -1 1 7 -1 7 -1 7 5 -1 7 -1 1 7 -1 7 -1 7 5 -1 1 7 5 -1 7 5 -1 7 -1 7 5 -1 7 6 -1 7 -1 7 5 -1 7 -1 -2
1 7 -1 4 7 -1 4 -1 4 7 -1 7 -1 4 7 -1 4 -1 4 7 -1 7 -1 4 7 -1 2 7 -1 2 4 7 -1 7 -1 2 7 -1 2 4 7 -1 2 7 -1 2 4 7 -1 4 7 -1 7 -1 1 7 -1 7 -1 1 7 -1 7 -1 1 7 -1 7 -1 1 7 -1 7 -1 1 7 -1 7 -1 1 7 -1 7 -1 1 7 -1 7 -1 1 7 -1 7 -1 1 7 -1 7 -1 1 7 -1 7 -1 1 7 -1 7 -1 1 7 -1 7 -1 1 7 -1 7 -1 1 7 -1 7 -1 1 7 -1 7 -1 1 7 -1 7 -1 1 7 -1 7 -1 1 7 -1 2 7 -1 1 2 7 -1 2 7 -1 1 7 -1 7 -1 1 7 -1 7 -1 1 7 -1 7 -1 1 7 -1 7 -1 1 7 -1 7 -1 1 7 -1 7 -1 1 7 -1 7 -1 1 7 -1 7 -1 1 7 -1 7 -1 1 7 -1 7 -1 1 7 -1 1 2 7 -1 7 6 -1 1 7 6 -1 1 6 -1 1 -1 1 7 6 -1 1 7 -1 7 -1 1 7 -1 7 -1 1 7 6 -1 4 7 -1 1 4 6 -1 1 7 6 -1 1 6 -1 1 -1 1 2 -1 1 2 7 -1 1 2 -1 1 7 -1 1 2 7 -1 1 -1 1 7 -1 7 -1 1 7 -1 7 -1 1 7 -1 1 -1 1 7 -1 7 -1 1 7 -1 2 7 -1 1 2 7 -1 1 7 -1 1 -1 1 7 -1 7 -1 1 7 -1 7 -1 1 7 -1 7 -1 1 7 -1 7 -1 1 7 -1 7 -1 1 7 -1 7 -1 1 7 -1 7 -1 1 4 7 -1 1 4 -1 4 -1 1 4 -1 1 7 -1 7 -1 1 7 -1 7 -1 1 7 -1 1 2 7 -1 2 -1 1 2 -1 2 3 -1 1 2 -1 1 2 7 -1 1 7 6 -1 7 -1 1 7 -1 7 -1 1 7 -1 7 -1 1 7 -1 7 -1 1 7 -1 7 -1 1 7 -1 7 -1 1 7 -1 7 -1 1 7 -1 7 -1 1 7 -1 7 -1 1 7 -1 7 -1 1 7 -1 7 -1 1 7 -1 1 -1 1 7 -1 1 -1 1 7 -1 1 -1 1 7 -1 1 2 7 -1 1 7 -1 7 -1 1 7 -1 7 -1 1 7 -1 7 -1 1 7 -1 7 -1 1 7 -1 7 -1 1 7 -1 7 -1 1 7 -1 7 -1 1 7 -1 7 -1 1 7 -1 1 4 -1 1 4 7 -1 7 -1 1 7 -1 1 -1 1 7 -1 7 -1 1 7 -1 1 2 7 -1 1 7 -1 7 -1 1 7 -1 1 2 7 -1 2 7 -1 1 2 7 -1 1 4 7 -1 1 7 -1 7 -1 1 7 -1 7 -1 1 7 -1 7 -1 1 7 -1 7 -1 1 7 -1 1 2 7 -1 7 -1 1 7 -1 1 2 7 -1 1 2 -1 1 -1 1 7 -1 7 -1 1 7 -1 7 -1 1 7 -1 7 -1 1 7 -1 7 -1 1 7 -1 7 -1 1 7 -1 7 -1 1 7 -1 7 -1 7 5 6 -1 7 -1 1 7 -1 7 -1 1 7 -1 7 -1 1 7 -1 1 -1 1 7 -1 1 2 7 -1 1 7 -1 1 -1 1 2 -1 2 7 -1 7 -1 1 7 -1 7 -1 1 7 -1 7 -1 1 7 -1 7 -1 1 7 -1 1 -1 1 7 -1 7 -1 1 7 -1 7 -1 1 7 -1 1 2 4 7 -1 1 7 -1 7 -1 7 6 -1 7 -1 1 7 -1 7 -1 2 7 -1 2 4 7 -1 4 7 -1 7 -1 4 7 6 -1 4 7 -1 7 -1 1 7 -1 1 2 7 -1 2 7 -1 7 -1 4 7 6 -1 1 4 7 6 -1 1 7 -1 7 -1 1 7 -1 7 -1 1 7 -1 7 -1 4 7 -1 1 4 7 -1 7 -1 7 6 -1 1 2 7 6 -1 1 2 4 7 6 -1 1 2 4 7 -1 1 6 -1 1 7 6 -1 1 7 -1 7 -1 1 7 -1 1 2 7 -1 1 2 -1 2 7 -1 1 2 7 -1 1 7 -1 7 -1 1 7 -1 7 -1 2 7 -1 2 -1 2 7 -1 7 -1 2 7 -1 7 -1 1 7 -1 1 -1 1 7 -1 1 -1 1 7 -1 1 -1 1 7 -1 7 -1 1 7 -1 2 7 -1 1 7 -1 7 -1 1 7 -1 7 -1 1 7 -1 1 -1 1 7 -1 7 -1 1 7 -1 1 -1 1 7 -1 1 -1 1 7 -1 1 -1 1 7 -1 1 -1 1 7 -1 7 -1 1 7 -1 1 -1 1 7 -1 7 -1 1 7 -1 1 2 7 -1 1 7 -1 1 2 7 -1 2 7 -1 1 2 7 -1 1 7 -1 1 7 5 -1 1 7 -1 7 -1 1 7 -1 1 -1 1 7 -1 7 -1 1 7 -1 7 -1 1 7 -1 1 7 6 -1 1 -1 1 7 -1 7 -1 1 7 6 -1 1 6 -1 1 7 -1 7 -1 1 7 -1 7 -1 2 7 -1 1 7 -1 1 2 7 -1 1 2 7 6 -1 1 -1 1 7 6 -1 1 7 -1 7 -1 1 7 -1 1 7 6 -1 1 6 -1 1 7 6 -1 1 6 -1 1 7 6 -1 1 6 -1 1 7 -1 7 -1 1 7 -1 7 -1 1 7 -1 7 -1 1 7 -1 1 -1 1 7 -1 1 -1 1 7 -1 7 -1 1 7 -1 7 -1 1 7 -1 7 -1 1 2 7 -1 1 7 -1 1 -1 1 4 6 -1 1 4 7 -1 1 7 -1 7 -1 1 7 -1 7 -1 1 7 -1 7 -1 1 7 -1 7 -1 1 7 -1 1 -1 1 7 -1 7 -1 1 7 -1 1 2 7 -1 1 2 -1 1 -1 1 7 -1 1 -1 1 2 -1 1 -1 1 2 -1 1 2 7 -1 7 -1 1 7 -1 1 -1 1 7 -1 1 2 7 -1 7 -1 1 7 -1 4 7 -1 1 4 7 -1 1 7 -1 1 -1 1 7 -1 7 -1 1 7 -1 2 7 -1 7 -1 1 7 -1 2 7 -1 1 7 -1 7 -1 1 7 -1 7 5 -1 7 -1 7 5 -1 7 -1 1 7 -1 7 -1 1 7 -1 1 7 6 -1 1 7 -1 1 7 6 -1 7 6 -1 1 7 6 -1 1 7 -1 7 -1 1 7 -1 7 -1 1 7 -1 7 -1 1 7 -1 7 -1 1 7 -1 7 -1 1 7 -1 1 -1 1 7 -1 1 2 7 -1 2 -1 1 2 -1 1 -1 1 7 -1 7 -1 7 5 -1 1 7 5 -1 1 -1 1 7 5 -1 7 5 -1 1 7 -1 4 7 -1 7 -1 1 2 7 -1 2 7 -1 4 7 -1 1 4 7 -1 1 7 -1 1 -1 1 7 -1 7 -1 2 7 -1 1 2 7 -1 -2
1 4 7 -1 2 4 7 -1 2 4 -1 2 4 7 -1 2 4 -1 2 4 7 -1 4 7 -1 2 4 7 -1 4 7 -1 1 2 4 7 -1 4 7 -1 2 4 7 -1 4 7 -1 1 4 7 -1 4 7 -1 1 4 7 -1 4 7 -1 7 -1 2 4 7 -1 4 7 -1 1 7 -1 7 -1 1 7 -1 7 -1 1 7 -1 7 -1 1 7 -1 7 -1 1 7 -1 7 -1 1 7 -1 7 -1 1 7 -1 7 -1 1 7 -1 1 2 7 -1 2 7 -1 7 -1 4 7 -1 7 -1 1 7 -1 7 -1 1 7 -1 7 -1 1 7 -1 7 -1 1 7 -1 7 -1 1 7 -1 1 2 7 -1 7 -1 1 2 7 -1 1 7 -1 7 -1 4 7 -1 7 -1 1 7 -1 1 2 7 -1 1 7 -1 7 -1 2 7 -1 1 2 7 -1 2 7 -1 7 -1 1 7 -1 7 -1 1 7 -1 1 -1 1 7 -1 1 2 7 -1 1 7 -1 1 2 7 -1 1 7 -1 7 -1 1 7 -1 1 2 7 -1 7 -1 2 7 -1 7 -1 1 7 -1 7 -1 1 7 -1 7 -1 1 7 -1 7 -1 1 7 -1 1 2 7 -1 1 7 -1 1 2 7 -1 1 7 -1 1 2 7 -1 7 -1 2 7 -1 7 -1 2 7 -1 1 2 7 -1 1 7 -1 7 -1 1 2 7 -1 1 7 -1 1 2 7 -1 1 7 -1 7 5 6 -1 2 4 7 -1 7 -1 2 7 -1 1 2 7 -1 7 -1 4 7 -1 2 7 -1 7 -1 2 7 -1 7 -1 1 2 7 -1 1 7 -1 7 -1 1 7 -1 7 -1 1 7 -1 1 -1 7 -1 1 7 -1 7 -1 1 7 -1 7 -1 1 7 -1 7 -1 1 7 -1 7 -1 1 7 -1 7 5 -1 7 -1 1 7 -1 7 -1 1 7 -1 7 -1 2 7 -1 7 -1 4 7 -1 4 -1 4 7 -1 2 7 -1 1 7 -1 1 2 7 -1 7 -1 4 7 -1 7 -1 4 7 -1 7 -1 1 7 -1 7 -1 1 7 -1 7 -1 7 5 -1 7 -1 1 7 -1 7 -1 1 7 -1 7 -1 4 7 -1 4 -1 4 7 -1 7 -1 4 7 -1 7 -1 1 7 -1 1 2 7 -1 1 7 -1 7 -1 1 -1 7 -1 2 7 -1 7 -1 2 7 -1 7 -1 2 7 -1 7 -1 1 2 7 -1 1 4 7 -1 4 7 -1 7 -1 1 7 -1 7 -1 1 7 -1 7 -1 1 7 -1 7 -1 1 7 -1 7 -1 1 7 -1 7 -1 1 7 -1 1 2 7 -1 1 7 -1 7 -1 4 7 -1 4 -1 4 7 -1 7 -1 4 7 -1 2 7 -1 7 -1 1 7 -1 7 -1 1 7 -1 5 -1 1 7 -1 7 -1 1 2 7 -1 2 7 -1 7 -1 1 7 -1 1 2 7 -1 1 7 5 -1 7 5 -1 7 -1 1 7 -1 2 -1 1 2 7 -1 1 7 -1 7 -1 1 7 -1 7 -1 1 7 -1 1 2 7 -1 1 7 -1 7 -1 1 7 -1 1 2 7 -1 1 7 -1 1 2 -1 1 2 7 -1 1 7 -1 7 -1 7 5 -1 7 -1 1 7 -1 7 -1 1 7 -1 7 -1 1 7 -1 2 -1 2 7 -1 1 7 -1 7 -1 1 7 -1 7 -1 1 7 -1 1 2 7 -1 2 -1 2 7 -1 7 -1 1 7 -1 4 7 -1 7 -1 2 7 -1 7 -1 1 2 7 -1 1 7 -1 1 2 7 -1 7 -1 1 7 -1 7 -1 4 7 -1 7 -1 1 7 -1 7 -1 2 4 7 -1 4 7 -1 7 -1 1 7 -1 7 -1 4 7 -1 2 4 7 -1 4 7 -1 2 4 7 -1 2 7 -1 7 -1 2 7 -1 7 -1 2 7 -1 1 2 7 -1 7 -1 1 2 7 -1 7 -1 7 5 -1 7 -1 1 7 -1 7 -1 1 7 -1 1 2 7 -1 2 4 7 -1 4 -1 4 7 -1 1 7 -1 7 -1 1 7 -1 7 -1 1 7 -1 2 7 -1 1 2 7 -1 1 7 5 -1 7 5 -1 2 7 5 -1 7 5 -1 7 -1 1 7 -1 7 -1 1 7 -1 2 -1 1 -1 1 2 -1 1 7 -1 1 2 7 -1 1 7 -1 2 7 -1 1 7 -1 2 -1 2 7 -1 7 -1 2 7 -1 2 -1 1 -1 2 7 -1 1 2 7 -1 2 7 -1 1 7 -1 7 -1 1 7 -1 7 -1 1 7 -1 7 -1 2 7 6 -1 2 7 -1 7 -1 7 5 -1 7 -1 7 5 -1 7 -1 1 7 -1 7 -1 1 7 -1 7 -1 1 7 -1 7 -1 1 7 -1 7 -1 1 7 -1 7 -1 1 7 -1 7 -1 1 7 -1 7 -1 2 7 -1 2 4 7 -1 4 7 -1 7 -1 2 -1 1 2 7 -1 1 2 -1 2 4 7 -1 4 7 -1 7 -1 1 7 -1 7 -1 1 7 -1 1 -1 1 7 -1 7 -1 1 7 -1 7 -1 2 -1 2 7 -1 7 -1 7 5 -1 7 -1 7 5 -1 7 -1 2 4 7 -1 4 7 -1 7 -1 1 2 7 -1 2 6 -1 2 -1 1 2 -1 2 -1 1 2 7 -1 2 7 -1 1 2 4 -1 2 4 -1 2 4 7 -1 2 7 -1 7 -1 7 5 -1 7 6 -1 7 -1 1 7 -1 1 6 -1 6 -1 1 6 -1 7 5 6 -1 7 6 -1 7 -1 2 7 -1 2 -1 7 -1 1 7 -1 7 -1 2 7 -1 1 2 4 -1 2 4 -1 2 4 7 -1 7 -1 2 4 7 -1 2 3 4 7 -1 2 4 7 -1 4 7 -1 2 7 -1 7 -1 2 7 -1 2 7 5 -1 7 -1 4 7 -1 7 -1 2 7 -1 1 2 7 -1 1 7 -1 7 -1 1 7 -1 7 -1 1 7 -1 7 -1 7 5 -1 4 7 5 -1 7 -1 7 5 -1 7 -1 2 7 -1 2 7 5 -1 7 5 -1 7 -1 2 7 -1 7 -1 1 2 7 -1 2 7 -1 7 -1 2 7 -1 7 -1 1 2 7 -1 7 -1 7 5 -1 1 2 7 -1 7 -1 2 7 -1 7 -1 1 7 -1 7 -1 2 7 -1 1 7 -1 7 -1 1 7 -1 7 -1 2 7 -1 7 -1 1 7 -1 7 -1 2 7 -1 7 -1 2 7 -1 1 2 7 -1 2 7 -1 1 7 -1 7 -1 1 7 -1 1 2 7 -1 7 -1 1 7 -1 2 4 7 -1 2 4 -1 2 4 7 -1 2 -1 2 7 -1 2 -1 2 4 -1 2 7 -1 7 -1 2 7 -1 7 -1 2 7 -1 1 2 7 5 -1 2 7 -1 7 -1 1 7 -1 1 -1 1 2 7 -1 7 -1 4 7 -1 7 -1 7 5 -1 4 7 -1 7 -1 2 7 -1 7 -1 2 7 -1 7 -1 2 7 -1 7 -1 7 5 -1 2 7 5 -1 2 5 -1 2 7 5 -1 7 5 -1 2 7 5 -1 2 5 -1 2 7 5 -1 2 5 -1 7 5 -1 2 7 5 -1 2 4 7 -1 7 -1 2 4 7 -1 2 -1 2 7 -1 1 2 7 -1 1 7 -1 2 4 7 -1 4 7 -1 7 -1 1 7 -1 7 -1 1 2 7 -1 2 -1 1 2 7 -1 2 7 -1 7 -1 2 7 -1 1 7 -1 7 -1 2 7 -1 1 2 7 -1 1 7 -1 7 -1 1 2 7 -1 1 7 -1 7 -1 1 7 -1 7 -1 4 7 -1 7 -1 4 7 -1 2 4 7 -1 7 -1 1 7 -1 2 7 -1 7 -1 7 5 -1 7 -1 4 7 -1 2 4 -1 4 -1 4 7 -1 1 4 7 -1 4 7 -1 1 7 -1 1 4 7 -1 4 -1 2 4 -1 4 7 -1 7 -1 1 7 -1 1 4 7 -1 4 -1 4 7 -1 1 7 -1 1 4 7 -1 4 -1 4 7 -1 4 -1 4 7 -1 4 -1 1 4 7 -1 7 -1 4 7 -1 7 -1 4 7 -1 1 4 7 -1 7 -1 4 7 -1 1 7 -1 7 -1 1 7 -1 7 -1 1 7 -1 7 -1 1 7 -1 7 -1 1 7 -1 1 2 7 -1 1 2 -1 2 7 -1 7 -1 1 7 -1 7 -1 1 7 -1 2 7 -1 7 -1 7 5 -1 2 7 -1 1 2 7 -1 1 7 -1 7 -1 1 7 -1 7 -1 2 -1 1 -1 1 7 -1 1 4 7 -1 4 7 -1 4 -1 2 4 -1 4 -1 2 4 -1 2 7 5 -1 7 5 -1 7 -1 2 7 -1 7 -1 7 5 -1 7 -1 7 5 -1 7 -1 1 2 4 7 5 -1 2 4 7 -1 2 7 -1 2 4 -1 4 -1 2 4 -1 2 4 7 -1 1 2 7 -1 1 7 -1 7 -1 1 7 -1 7 -1 1 7 -1 7 -1 2 4 7 -1 -2
4 7 -1 2 4 7 -1 2 4 -1 4 7 -1 2 4 7 -1 4 7 -1 2 4 7 -1 1 2 4 7 -1 1 4 7 -1 1 2 7 -1 1 2 -1 1 2 4 7 -1 1 2 7 -1 1 2 4 -1 1 2 7 -1 1 2 -1 1 2 7 -1 1 7 -1 1 2 7 -1 1 7 -1 1 2 7 -1 1 7 -1 1 4 7 -1 1 -1 1 2 -1 1 2 7 -1 1 2 -1 1 -1 1 2 -1 1 -1 1 2 7 -1 1 7 -1 1 -1 1 7 -1 1 -1 1 2 7 -1 1 7 -1 1 2 7 -1 1 4 7 -1 4 7 -1 1 4 7 -1 1 2 -1 1 2 7 -1 2 7 -1 2 -1 1 2 -1 1 2 7 -1 1 7 -1 1 2 7 -1 1 7 -1 1 2 7 -1 1 7 -1 1 -1 1 7 -1 1 -1 1 7 -1 7 -1 2 7 -1 7 -1 1 2 7 -1 1 7 -1 7 -1 2 7 -1 7 -1 2 7 -1 1 2 7 -1 1 7 -1 1 2 7 -1 1 2 7 5 -1 1 7 -1 4 7 -1 7 -1 2 7 -1 1 2 7 -1 2 7 -1 7 -1 2 7 -1 1 7 -1 1 -1 1 2 -1 1 2 7 -1 1 2 -1 1 7 -1 7 -1 1 7 -1 7 -1 1 2 7 -1 7 -1 2 7 -1 7 -1 2 7 -1 7 -1 2 7 -1 7 -1 2 7 -1 1 2 7 -1 7 -1 2 7 -1 1 2 7 -1 1 7 -1 7 -1 1 2 7 -1 1 7 -1 7 -1 1 2 7 -1 1 2 -1 2 -1 1 2 -1 1 2 7 -1 1 7 -1 1 2 7 -1 1 2 -1 1 2 7 -1 7 -1 1 7 -1 7 -1 1 2 7 -1 7 -1 2 7 -1 7 -1 2 7 -1 7 -1 1 7 -1 7 -1 1 7 -1 1 2 7 -1 2 4 7 -1 1 2 4 -1 2 4 7 -1 1 2 4 -1 2 7 -1 1 2 7 -1 1 4 7 -1 1 2 -1 1 2 7 -1 2 7 -1 1 2 4 7 -1 1 4 7 -1 4 7 -1 7 -1 1 7 -1 7 -1 1 7 -1 1 2 -1 1 7 -1 7 -1 1 7 -1 7 -1 1 7 -1 1 2 7 -1 1 7 -1 7 -1 2 7 -1 7 -1 1 2 7 -1 1 7 -1 4 7 -1 1 7 -1 7 -1 1 7 -1 1 2 7 -1 2 7 -1 1 2 7 -1 1 7 -1 7 -1 1 7 -1 7 -1 1 2 7 -1 7 -1 1 7 -1 7 -1 1 7 -1 1 2 4 7 -1 4 7 -1 1 2 4 7 -1 1 2 -1 1 2 4 -1 1 2 7 -1 2 7 -1 1 2 7 -1 7 -1 2 7 -1 7 -1 2 7 -1 7 -1 2 7 -1 1 2 7 -1 2 7 -1 1 7 -1 7 -1 1 7 -1 1 2 7 -1 1 4 7 -1 1 2 4 -1 1 2 -1 1 2 7 -1 1 2 -1 1 2 7 -1 1 7 -1 1 2 7 -1 1 7 5 -1 1 7 -1 1 7 5 -1 1 7 -1 1 2 7 -1 1 2 7 5 -1 1 7 5 -1 1 7 -1 1 7 5 -1 1 2 7 5 -1 1 2 7 -1 1 2 -1 1 7 -1 1 -1 1 2 -1 1 2 5 -1 1 2 -1 1 2 4 -1 1 2 -1 1 2 7 -1 1 4 7 -1 4 7 -1 7 -1 1 7 -1 1 2 7 -1 2 7 -1 7 -1 1 2 7 -1 7 -1 2 7 -1 1 7 -1 7 -1 1 7 -1 1 2 7 -1 7 -1 1 2 7 -1 1 7 -1 1 2 7 -1 1 7 -1 1 2 7 -1 2 7 -1 1 2 7 -1 2 7 -1 1 7 -1 7 -1 1 2 7 -1 1 7 5 -1 1 2 7 -1 1 7 -1 1 2 7 -1 1 7 -1 1 2 7 -1 1 7 -1 1 2 7 5 -1 1 7 5 -1 1 2 7 -1 1 7 5 -1 1 7 -1 1 2 7 5 -1 1 2 7 -1 4 7 -1 1 7 -1 1 2 7 -1 1 7 -1 1 2 7 -1 1 2 -1 1 2 7 -1 7 -1 1 7 -1 7 -1 1 7 -1 1 7 5 -1 1 7 -1 4 7 -1 7 -1 1 7 -1 7 -1 1 7 -1 7 -1 1 7 -1 1 7 5 -1 7 -1 1 7 -1 7 -1 1 2 7 -1 1 7 -1 1 7 5 -1 1 7 -1 1 -1 1 7 -1 4 7 -1 1 7 -1 7 -1 2 7 -1 1 2 7 -1 1 2 7 5 -1 1 2 7 -1 1 2 7 5 -1 7 5 -1 1 7 5 -1 1 2 7 5 -1 1 2 7 -1 1 2 7 5 -1 1 2 7 -1 4 7 -1 2 7 -1 1 2 7 -1 1 2 7 5 -1 1 2 7 -1 1 2 -1 2 7 -1 1 2 7 5 -1 1 2 7 -1 1 2 7 5 -1 1 7 5 -1 1 2 7 5 -1 1 2 7 -1 1 7 -1 1 2 7 -1 4 7 -1 1 7 -1 1 2 7 -1 2 7 -1 1 2 7 -1 1 2 7 5 -1 1 7 -1 1 2 7 -1 1 7 -1 1 2 7 -1 1 7 -1 1 7 5 -1 1 2 7 -1 1 7 -1 1 2 7 -1 1 7 5 -1 1 2 7 -1 1 7 -1 1 2 7 -1 1 2 7 5 -1 1 7 -1 1 2 7 -1 1 7 -1 1 2 7 -1 1 7 -1 1 2 7 -1 1 7 -1 1 2 7 -1 1 7 -1 4 7 -1 1 2 7 -1 1 7 -1 1 2 7 -1 1 2 -1 1 7 -1 1 2 7 -1 1 2 -1 1 2 7 -1 1 7 -1 1 2 -1 1 -1 1 7 -1 1 2 7 -1 1 2 7 5 -1 1 7 -1 1 2 7 -1 1 2 7 5 -1 1 7 -1 1 2 7 -1 1 7 5 -1 1 7 -1 1 2 7 -1 2 7 -1 7 -1 2 7 -1 7 -1 1 2 7 -1 2 7 -1 1 2 7 -1 7 -1 1 2 7 -1 2 4 7 -1 4 7 -1 7 -1 1 7 -1 1 2 7 5 -1 1 7 5 -1 1 2 7 5 -1 1 7 -1 1 7 5 -1 7 5 -1 1 2 7 5 -1 1 7 -1 1 2 7 -1 1 7 -1 1 7 5 -1 1 7 -1 1 7 5 -1 1 7 -1 1 2 7 -1 1 7 -1 1 7 5 -1 1 -1 1 7 -1 7 -1 2 4 7 -1 1 2 7 -1 1 2 -1 1 2 7 -1 1 2 7 5 -1 1 2 5 -1 1 2 -1 1 2 7 -1 1 2 5 -1 1 2 7 -1 1 2 5 -1 1 2 7 -1 7 -1 1 2 7 -1 1 2 7 5 -1 1 7 -1 1 2 7 -1 1 7 -1 1 2 7 -1 1 2 7 5 -1 1 7 -1 1 2 7 -1 1 7 -1 1 2 7 -1 1 2 -1 1 2 4 -1 1 2 4 7 -1 2 7 -1 2 4 7 5 -1 2 4 5 -1 1 2 4 7 5 -1 1 2 4 5 -1 2 4 5 -1 1 2 4 5 -1 1 2 5 -1 1 2 7 -1 1 7 -1 7 -1 4 7 -1 7 -1 1 2 4 7 -1 1 2 -1 2 -1 1 2 -1 1 2 7 -1 1 7 -1 1 4 7 -1 1 7 -1 1 -1 1 7 -1 1 7 5 -1 1 7 -1 1 -1 1 7 -1 1 -1 1 7 -1 1 -1 1 7 5 -1 1 7 -1 1 -1 1 7 5 -1 1 2 7 5 -1 2 4 7 -1 2 4 -1 1 2 4 -1 1 2 -1 1 2 4 -1 1 2 4 7 -1 1 2 7 -1 1 2 4 7 -1 1 2 4 -1 1 2 4 7 -1 1 2 7 -1 1 2 4 7 -1 2 4 7 -1 2 7 5 -1 1 4 7 -1 1 2 4 7 -1 2 7 -1 1 7 -1 1 4 -1 1 7 -1 1 4 -1 1 4 7 -1 1 4 -1 1 4 7 -1 1 4 -1 1 4 7 -1 1 4 -1 1 4 7 -1 7 -1 1 7 -1 1 2 7 -1 1 7 -1 7 -1 1 2 7 -1 7 -1 1 2 7 -1 1 7 -1 1 2 7 -1 1 7 -1 2 7 -1 1 2 7 -1 1 2 7 5 -1 1 2 7 -1 1 2 7 5 -1 1 2 7 -1 1 2 5 -1 1 2 7 5 -1 1 2 5 -1 1 2 -1 1 2 7 -1 1 2 7 5 -1 1 2 5 -1 1 2 7 -1 1 2 4 7 5 -1 2 4 7 -1 1 2 4 -1 1 2 5 -1 1 2 -1 1 2 5 -1 1 2 -1 1 2 5 -1 1 2 -1 1 2 5 -1 1 2 -1 1 2 7 -1 1 7 -1 1 4 7 -1 1 2 7 -1 1 7 -1 2 7 5 -1 1 2 7 5 -1 1 2 5 -1 1 2 -1 1 2 7 -1 1 2 -1 1 2 7 -1 1 2 -1 1 2 7 -1 1 7 -1 1 2 7 -1 4 7 -1 1 4 7 -1 1 7 -1 1 2 7 -1 1 2 7 5 -1 1 2 5 -1 1 2 7 5 -1 1 2 7 -1 1 2 5 -1 1 2 -1 1 2 5 -1 1 2 -1 1 2 7 5 -1 1 2 7 -1 1 2 -1 1 2 5 -1 2 7 -1 7 5 -1 2 7 -1 2 7 5 -1 1 7 -1 7 -1 1 2 7 -1 2 7 5 -1 2 7 -1 7 -1 2 7 -1 7 -1 1 7 -1 7 -1 2 7 -1 1 7 -1 1 2 7 -1 2 7 -1 1 7 5 -1 1 7 -1 1 7 5 -1 1 7 -1 7 5 -1 1 2 7 -1 7 -1 2 7 -1 1 2 7 -1 2 7 -1 1 2 7 -1 2 7 -1 1 2 7 -1 7 -1 7 5 -1 2 7 -1 1 2 7 -1 1 2 7 5 -1 1 2 7 -1 1 2 7 5 -1 1 2 7 -1 1 2 7 5 -1 1 2 7 -1 1 2 7 5 -1 1 2 7 -1 1 7 -1 1 2 7 5 -1 1 2 7 -1 1 2 4 7 -1 2 4 7 5 -1 1 2 4 5 -1 1 2 5 -1 1 2 -1 1 2 7 -1 1 2 4 7 -1 4 7 -1 1 2 4 7 -1 1 2 7 -1 2 7 -1 1 2 7 -1 1 2 -1 1 2 7 -1 1 7 -1 1 -1 1 2 4 -1 1 2 4 7 -1 1 4 7 -1 1 7 -1 1 2 4 -1 1 4 -1 1 2 4 -1 1 4 7 -1 1 7 -1 7 -1 1 7 -1 1 4 7 -1 1 2 4 7 -1 1 2 7 -1 1 2 -1 1 2 7 -1 1 2 4 -1 1 2 7 -1 4 7 -1 7 -1 2 7 5 -1 1 2 4 7 5 -1 1 4 7 -1 7 -1 7 5 -1 7 -1 7 5 -1 7 -1 1 7 -1 2 7 5 -1 1 2 7 -1 1 2 4 7 -1 2 7 -1 1 2 7 -1 2 7 -1 1 7 -1 7 -1 2 7 -1 1 2 7 -1 2 4 7 -1 2 4 -1 1 2 4 -1 2 4 7 -1 2 7 -1 7 -1 4 7 -1 7 -1 1 2 7 -1 1 2 7 5 -1 2 7 5 -1 1 2 7 5 -1 1 7 5 -1 1 2 7 5 -1 1 2 5 -1 1 2 7 -1 1 2 -1 1 2 7 -1 1 2 -1 1 7 -1 1 2 7 -1 1 2 5 -1 1 2 7 5 -1 4 7 -1 1 2 4 7 -1 1 2 7 -1 1 2 7 5 -1 1 2 -1 1 2 7 -1 2 4 7 6 -1 2 4 -1 2 4 7 -1 1 2 4 7 -1 1 2 -1 1 2 4 7 -1 1 2 7 -1 1 2 4 7 -1 2 4 7 -1 2 7 -1 2 7 5 -1 2 7 -1 7 -1 2 7 -1 4 7 -1 2 4 7 -1 1 2 4 7 -1 4 7 -1 2 4 7 -1 1 2 7 -1 7 -1 2 7 -1 7 -1 2 7 -1 7 -1 2 7 -1 7 -1 7 6 -1 2 7 6 -1 7 6 -1 7 -1 1 7 -1 1 7 5 -1 1 7 -1 7 -1 1 2 7 -1 2 7 -1 7 -1 2 7 -1 7 -1 1 2 7 -1 2 7 -1 7 -1 1 7 -1 7 -1 2 7 -1 7 -1 2 7 -1 1 7 5 -1 7 -1 1 7 -1 2 7 -1 7 -1 1 7 -1 7 -1 1 7 -1 1 2 7 -1 1 7 -1 1 2 7 -1 1 7 -1 7 -1 1 7 -1 1 2 7 -1 1 7 -1 1 7 5 -1 1 7 -1 1 2 7 -1 7 -1 2 7 -1 1 7 -1 2 7 -1 7 -1 1 7 -1 1 2 7 -1 2 7 -1 7 -1 2 7 -1 7 -1 1 2 7 -1 7 -1 2 7 -1 7 -1 2 7 -1 7 -1 1 2 7 -1 2 7 -1 1 2 7 -1 2 -1 1 2 7 -1 2 6 -1 1 2 7 -1 2 7 -1 1 2 7 -1 2 7 -1 1 2 7 -1 7 -1 2 7 -1 1 2 7 -1 2 7 -1 7 -1 1 7 -1 7 -1 1 7 -1 7 -1 1 2 7 -1 1 7 -1 1 2 7 -1 2 7 -1 1 7 -1 7 -1 1 7 -1 7 -1 1 2 7 -1 1 7 -1 7 5 -1 1 7 -1 1 7 5 -1 1 7 -1 7 -1 1 7 -1 1 2 7 -1 1 7 -1 7 -1 1 7 -1 1 7 5 -1 1 7 -1 1 7 5 -1 1 7 -1 1 7 5 -1 1 7 -1 1 7 5 -1 1 2 7 -1 1 7 5 -1 1 5 -1 1 7 5 -1 7 -1 2 7 -1 1 2 7 -1 1 7 -1 7 -1 1 7 -1 2 7 -1 1 2 7 -1 7 -1 1 7 -1 7 -1 1 4 7 5 -1 2 4 7 6 -1 4 7 -1 7 -1 4 7 -1 7 -1 1 4 7 -1 4 7 6 -1 7 -1 7 6 -1 4 7 6 -1 7 6 -1 4 7 -1 4 7 6 -1 7 -1 7 6 -1 4 7 6 -1 7 6 -1 7 -1 1 7 -1 7 -1 7 5 -1 1 7 -1 7 -1 1 7 -1 7 -1 1 7 -1 7 -1 1 7 -1 1 4 7 -1 1 7 -1 1 7 6 -1 1 7 -1 1 7 6 -1 1 7 -1 1 7 5 -1 1 4 7 5 -1 4 7 -1 1 4 7 -1 1 2 7 -1 4 7 -1 7 -1 4 7 -1 7 -1 4 7 -1 7 -1 4 7 -1 4 7 5 -1 7 -1 4 7 5 -1 4 7 -1 4 7 5 -1 4 7 -1 4 7 5 -1 1 4 7 5 -1 1 4 7 -1 4 7 -1 7 -1 1 7 -1 1 4 7 -1 4 7 -1 1 4 7 6 -1 4 7 -1 4 7 5 -1 1 4 7 5 -1 1 7 5 -1 1 2 4 7 5 -1 1 4 7 5 -1 1 7 5 -1 1 2 7 5 -1 1 2 7 -1 7 -1 1 7 -1 7 5 -1 1 7 5 -1 1 7 -1 1 -1 1 7 -1 1 4 7 -1 4 7 -1 1 4 7 -1 7 -1 1 7 -1 7 -1 7 5 -1 1 4 7 5 -1 4 7 5 -1 1 4 7 5 -1 1 4 7 -1 4 7 -1 1 4 7 -1 7 -1 1 7 -1 7 -1 1 7 -1 7 -1 1 7 -1 7 -1 1 7 5 -1 1 7 -1 7 -1 7 5 -1 7 -1 1 7 -1 7 -1 1 7 -1 7 -1 7 5 -1 1 7 5 -1 1 2 7 -1 1 7 -1 1 7 5 -1 7 -1 1 7 5 -1 7 5 -1 1 7 5 -1 7 5 -1 7 -1 1 7 -1 1 4 7 -1 1 7 5 -1 1 5 -1 1 4 5 -1 1 5 -1 1 4 5 -1 1 4 7 5 -1 1 4 7 -1 1 7 -1 2 4 7 6 -1 7 6 -1 1 7 -1 1 4 7 -1 4 7 -1 1 4 7 -1 4 7 -1 1 4 7 -1 4 7 -1 1 4 7 -1 4 7 -1 1 4 7 -1 4 7 -1 1 4 7 -1 2 7 -1 7 -1 1 7 -1 1 7 5 -1 7 -1 1 7 -1 7 -1 4 7 -1 7 -1 1 7 -1 7 -1 4 7 -1 2 4 7 -1 -2
7 -1 4 7 -1 4 -1 4 7 -1 4 -1 4 7 -1 7 -1 2 7 -1 7 -1 2 7 -1 7 -1 4 7 -1 7 -1 1 7 -1 7 -1 1 7 -1 7 -1 1 7 -1 7 -1 1 7 -1 1 -1 1 7 -1 7 -1 1 7 -1 7 -1 1 7 -1 7 -1 1 7 -1 7 -1 1 7 -1 7 -1 1 7 -1 7 -1 1 7 -1 7 -1 1 7 -1 1 -1 1 7 -1 7 -1 1 7 -1 1 -1 1 7 -1 7 -1 1 7 -1 7 -1 1 7 -1 7 -1 1 7 -1 7 -1 1 7 -1 7 -1 1 7 -1 7 -1 1 7 -1 7 -1 1 7 -1 7 -1 1 7 -1 7 -1 1 7 -1 7 -1 1 7 -1 7 -1 1 7 -1 7 -1 1 7 -1 2 7 -1 1 7 -1 7 -1 1 7 -1 7 -1 1 7 -1 7 -1 1 7 -1 7 -1 1 7 -1 7 -1 1 7 -1 7 -1 1 7 -1 7 -1 1 7 -1 1 2 4 7 -1 1 2 -1 1 -1 1 7 -1 7 -1 1 7 -1 7 -1 1 7 -1 7 -1 1 7 -1 1 -1 1 7 -1 7 -1 1 7 6 -1 1 7 -1 7 -1 1 7 -1 1 -1 1 7 -1 1 -1 1 7 -1 7 -1 1 7 -1 7 -1 1 7 -1 1 -1 1 7 -1 7 -1 1 7 -1 1 2 7 -1 2 7 -1 7 -1 1 7 -1 1 6 -1 1 7 6 -1 1 7 -1 1 -1 1 7 -1 7 -1 1 7 -1 7 -1 1 7 -1 7 -1 1 7 -1 7 -1 1 7 -1 7 -1 1 7 -1 7 -1 1 7 -1 1 2 7 -1 2 4 -1 1 2 -1 1 2 4 -1 1 7 -1 7 -1 1 7 -1 7 -1 1 7 -1 1 -1 1 7 -1 1 -1 1 7 -1 1 -1 1 7 -1 1 -1 1 7 -1 7 -1 1 7 -1 7 -1 1 7 -1 7 -1 1 7 -1 7 -1 1 7 -1 1 -1 1 7 -1 1 -1 1 7 -1 1 -1 1 7 -1 7 -1 2 7 -1 7 -1 1 7 -1 7 -1 1 7 -1 7 -1 1 7 -1 7 -1 1 7 -1 7 -1 1 7 -1 7 -1 1 7 -1 1 2 7 -1 1 2 -1 1 -1 1 2 -1 1 -1 1 2 -1 1 -1 1 2 -1 1 -1 1 2 -1 1 7 -1 7 -1 1 7 -1 7 -1 1 7 -1 7 -1 1 7 -1 7 -1 2 7 -1 1 2 7 -1 1 4 6 -1 4 -1 2 4 -1 1 2 4 7 -1 1 2 7 6 -1 1 -1 1 7 -1 7 -1 1 7 -1 1 2 -1 1 -1 1 2 7 -1 1 7 -1 7 -1 1 7 -1 7 -1 1 7 -1 7 -1 1 7 -1 1 4 7 -1 2 4 7 -1 1 2 7 -1 1 2 -1 1 -1 1 2 -1 1 -1 1 7 -1 7 -1 1 7 -1 7 -1 1 7 -1 7 -1 1 7 -1 7 -1 7 5 -1 7 -1 1 7 -1 7 -1 1 7 -1 7 -1 1 7 -1 1 -1 1 7 -1 1 4 7 -1 1 2 4 7 -1 1 7 -1 1 2 -1 2 7 5 -1 1 7 5 -1 1 7 -1 1 -1 1 7 -1 1 -1 1 7 -1 1 -1 1 7 -1 1 -1 1 7 -1 1 -1 1 7 -1 7 -1 1 7 -1 7 -1 1 7 -1 7 -1 2 7 -1 7 -1 7 6 -1 7 -1 1 7 -1 2 7 -1 1 2 7 -1 1 4 7 -1 4 7 -1 4 7 6 -1 4 7 -1 7 -1 1 7 -1 2 7 -1 2 -1 1 2 7 -1 1 7 -1 7 -1 1 7 -1 7 -1 1 7 -1 2 7 -1 2 4 7 -1 1 4 7 -1 7 -1 1 7 -1 1 7 5 6 -1 1 7 -1 7 -1 1 7 -1 1 7 6 -1 6 -1 1 7 6 -1 1 7 -1 1 4 7 -1 1 7 -1 7 -1 1 7 -1 7 -1 1 7 -1 4 7 -1 7 -1 4 7 -1 1 7 -1 7 -1 1 2 7 -1 2 7 -1 1 2 7 -1 1 7 -1 7 -1 2 7 -1 1 2 7 -1 1 -1 1 7 -1 1 -1 1 7 -1 7 -1 1 7 -1 7 -1 1 7 -1 7 -1 1 7 -1 7 -1 1 7 -1 7 -1 1 7 -1 7 -1 1 7 -1 7 -1 1 7 -1 7 -1 1 7 -1 1 -1 1 7 -1 1 -1 1 7 -1 1 2 7 -1 1 7 -1 1 2 7 -1 1 -1 1 2 7 -1 2 7 -1 1 2 7 -1 7 -1 1 2 7 -1 1 7 -1 7 -1 1 7 -1 7 -1 1 7 -1 1 2 7 -1 1 7 -1 7 -1 1 7 -1 7 -1 1 7 -1 7 -1 1 7 -1 7 -1 1 7 -1 7 -1 1 7 -1 7 -1 1 7 -1 7 -1 1 7 -1 7 -1 1 7 6 -1 1 -1 1 7 6 -1 7 6 -1 1 7 6 -1 1 7 -1 1 -1 1 7 -1 7 -1 1 7 -1 1 -1 1 7 -1 1 -1 1 2 -1 1 7 -1 1 4 -1 1 7 -1 7 -1 1 7 -1 7 -1 1 7 -1 7 -1 1 7 -1 7 -1 1 7 -1 1 -1 1 7 -1 7 -1 1 7 -1 2 7 -1 2 4 7 -1 4 7 -1 4 -1 4 7 -1 2 7 -1 7 -1 2 7 -1 1 2 7 -1 1 7 -1 1 2 7 -1 1 7 -1 1 2 7 -1 1 2 -1 2 7 5 -1 2 4 -1 4 -1 2 4 -1 2 4 7 -1 1 4 7 -1 1 -1 1 7 -1 1 2 7 -1 2 -1 2 7 -1 1 2 -1 1 2 7 -1 1 2 -1 1 2 7 5 -1 1 7 5 -1 1 -1 1 7 -1 1 2 -1 2 7 -1 1 7 -1 2 7 -1 1 2 7 -1 1 -1 1 2 -1 2 7 -1 7 5 -1 1 7 5 -1 1 7 -1 1 2 7 -1 1 2 -1 1 -1 1 7 -1 1 -1 1 7 -1 1 -1 1 7 -1 1 -1 1 7 -1 1 -1 1 7 -1 1 7 5 -1 1 7 -1 1 -1 1 7 -1 1 -1 1 7 -1 1 -1 1 7 -1 1 -1 1 2 7 -1 1 7 -1 1 -1 1 7 -1 1 -1 1 7 -1 1 -1 1 7 -1 1 -1 1 2 7 -1 1 7 -1 1 2 7 -1 1 4 7 -1 4 -1 4 7 -1 7 -1 1 2 7 -1 1 2 -1 1 2 7 -1 1 7 -1 1 2 7 -1 2 7 -1 1 2 7 -1 1 7 -1 1 2 7 -1 1 7 5 -1 1 -1 1 6 -1 1 7 -1 7 -1 1 7 -1 1 -1 1 6 -1 1 -1 1 6 -1 1 -1 1 6 -1 1 7 6 -1 7 6 -1 1 7 -1 1 -1 1 7 -1 1 -1 1 7 -1 2 7 -1 1 2 7 -1 -2
7 -1 1 4 7 -1 2 4 7 -1 4 7 -1 2 4 7 -1 4 7 -1 7 -1 4 7 -1 7 -1 4 7 -1 1 7 -1 7 -1 4 7 -1 7 -1 1 7 -1 7 -1 1 7 -1 7 -1 1 7 -1 7 -1 1 7 -1 7 -1 1 7 -1 7 -1 2 7 -1 7 -1 1 7 -1 7 -1 1 7 -1 7 -1 1 7 -1 7 -1 1 7 -1 1 2 7 -1 7 -1 1 7 -1 7 -1 4 7 -1 7 -1 1 7 -1 7 -1 2 7 -1 7 -1 1 7 -1 7 -1 1 7 -1 7 -1 1 7 -1 7 -1 1 7 -1 7 -1 1 7 -1 7 -1 1 7 -1 7 -1 1 7 -1 7 -1 1 7 -1 7 -1 1 7 -1 7 -1 1 7 -1 7 -1 1 7 -1 7 -1 1 7 -1 2 7 -1 2 7 5 -1 4 7 -1 7 -1 1 7 -1 2 7 -1 1 7 -1 7 -1 2 7 -1 1 2 7 -1 2 7 -1 7 -1 1 7 -1 7 -1 1 7 -1 7 5 -1 7 -1 1 7 -1 7 -1 1 7 -1 7 5 -1 2 7 5 -1 7 5 -1 2 7 -1 7 5 -1 7 -1 7 5 -1 7 -1 1 7 -1 7 -1 4 7 -1 4 -1 4 7 -1 7 -1 1 7 -1 7 -1 4 7 -1 7 -1 7 5 -1 7 -1 7 5 -1 7 -1 7 5 -1 7 -1 4 7 -1 7 -1 4 7 -1 7 -1 1 7 -1 1 -1 2 -1 1 -1 7 -1 2 -1 1 -1 1 2 7 -1 7 -1 1 -1 2 7 -1 1 7 -1 1 -1 1 2 7 -1 4 7 -1 7 -1 1 7 -1 7 -1 7 5 -1 7 -1 1 7 -1 7 -1 4 7 -1 2 4 7 -1 4 -1 4 7 -1 2 7 -1 7 -1 1 7 -1 7 -1 1 7 -1 2 7 -1 7 -1 2 7 -1 1 7 -1 7 5 -1 2 5 -1 7 5 -1 7 -1 1 7 -1 2 -1 1 2 7 -1 7 -1 1 7 -1 7 -1 1 7 -1 7 -1 1 7 -1 7 -1 1 7 -1 7 -1 1 7 -1 7 -1 7 5 -1 7 -1 2 -1 1 2 7 -1 7 -1 1 7 -1 7 -1 1 7 -1 7 -1 1 7 -1 7 -1 1 7 -1 1 2 7 -1 1 2 -1 2 -1 2 7 -1 7 -1 1 7 -1 7 -1 4 7 -1 7 -1 2 7 -1 7 -1 4 7 -1 7 -1 4 7 -1 7 -1 4 7 -1 7 -1 4 7 -1 7 -1 2 7 -1 1 7 -1 1 2 7 -1 1 4 7 -1 1 7 -1 1 4 7 -1 4 -1 4 7 -1 4 -1 4 7 -1 1 4 7 -1 7 -1 4 7 -1 1 4 7 -1 4 7 -1 4 -1 2 4 -1 4 -1 4 7 -1 1 4 7 -1 1 7 -1 7 -1 7 6 -1 4 7 -1 7 -1 4 7 -1 7 -1 1 4 7 -1 4 7 -1 4 7 5 -1 7 5 -1 4 7 -1 2 4 7 -1 4 7 -1 7 -1 7 5 -1 7 -1 1 2 7 -1 2 7 -1 7 -1 2 7 -1 7 -1 7 5 -1 7 -1 7 5 -1 7 -1 4 7 -1 4 -1 4 7 -1 7 -1 2 7 -1 1 2 7 -1 7 5 -1 7 -1 1 7 -1 2 -1 1 2 7 -1 1 2 -1 1 7 -1 1 2 7 -1 1 2 -1 1 2 7 -1 1 7 -1 1 -1 1 2 -1 1 -1 1 2 -1 1 -1 1 2 -1 2 -1 1 2 7 -1 1 7 -1 7 -1 2 7 5 6 -1 2 7 5 -1 7 -1 7 5 -1 7 -1 7 5 -1 7 -1 1 7 -1 4 7 -1 7 -1 1 7 -1 1 2 -1 1 2 7 -1 1 7 -1 1 2 -1 2 4 7 -1 4 -1 2 4 7 -1 4 7 -1 7 -1 1 7 -1 7 -1 2 7 -1 7 6 -1 7 5 -1 7 -1 7 5 -1 7 -1 2 4 7 -1 4 7 -1 7 -1 1 2 7 6 -1 2 6 -1 2 7 -1 2 -1 2 7 -1 2 -1 2 7 -1 1 2 7 -1 2 4 7 6 -1 2 4 -1 2 4 7 -1 7 -1 2 7 6 -1 6 -1 7 6 -1 7 -1 1 7 6 -1 5 6 -1 1 5 6 -1 1 6 -1 5 6 -1 7 5 6 -1 7 -1 2 7 -1 1 7 -1 7 -1 2 7 -1 2 4 7 6 -1 2 4 -1 2 4 7 -1 7 -1 2 4 7 -1 2 5 -1 3 4 7 5 -1 2 4 7 6 -1 4 7 -1 2 7 -1 7 -1 2 7 -1 5 -1 7 -1 4 7 -1 3 4 7 -1 3 7 6 -1 3 4 7 -1 4 7 -1 7 -1 1 7 -1 7 -1 1 7 -1 7 -1 7 5 -1 2 7 5 -1 7 -1 7 5 -1 7 -1 7 5 -1 7 -1 2 -1 1 7 -1 7 -1 2 7 -1 7 -1 1 7 -1 7 -1 7 5 -1 7 -1 1 7 -1 7 -1 1 7 -1 7 -1 1 7 -1 7 -1 1 7 -1 7 -1 1 7 -1 7 -1 1 7 -1 7 -1 1 7 -1 7 -1 1 2 7 -1 7 -1 1 7 -1 7 -1 1 7 -1 1 2 7 -1 1 7 -1 7 -1 1 2 7 -1 1 7 -1 7 -1 1 7 -1 1 2 7 -1 1 7 -1 1 -1 4 7 -1 2 7 -1 2 4 7 -1 2 -1 2 7 -1 2 4 -1 2 7 -1 1 2 -1 2 7 -1 2 4 7 -1 1 7 -1 7 -1 2 7 -1 7 -1 2 7 -1 7 -1 1 7 -1 1 2 7 -1 1 2 -1 1 -1 1 2 -1 1 -1 1 7 -1 1 2 7 -1 7 -1 7 5 -1 7 -1 4 7 -1 7 -1 1 7 -1 7 -1 7 5 -1 2 7 5 -1 7 5 -1 2 7 5 -1 7 5 -1 7 -1 1 7 -1 7 -1 2 4 7 -1 1 2 7 -1 2 7 -1 7 -1 1 2 4 7 -1 1 2 7 -1 1 2 4 7 -1 4 7 -1 1 7 -1 7 -1 1 3 7 -1 7 -1 1 7 -1 7 -1 1 7 -1 1 2 7 -1 1 7 -1 7 -1 1 7 -1 7 -1 1 7 -1 7 -1 1 7 -1 7 -1 4 7 -1 2 4 7 -1 7 -1 4 7 -1 2 4 7 -1 2 -1 2 4 -1 2 -1 2 4 -1 2 -1 2 7 -1 1 2 7 -1 7 -1 2 7 -1 7 -1 2 7 -1 7 -1 2 7 -1 2 4 7 -1 4 -1 4 7 -1 1 4 7 -1 4 7 -1 4 -1 2 4 -1 4 -1 2 4 -1 3 4 -1 3 7 -1 1 7 -1 7 -1 1 7 -1 1 4 7 -1 4 7 -1 1 7 -1 4 7 -1 4 -1 4 7 -1 3 4 7 -1 4 7 -1 4 -1 4 7 -1 3 4 7 -1 4 7 -1 1 4 7 -1 4 7 -1 7 5 -1 7 -1 4 7 -1 7 -1 4 7 -1 7 -1 2 7 -1 2 -1 2 7 -1 7 -1 7 5 -1 7 -1 1 7 -1 7 -1 2 7 -1 7 5 -1 2 7 -1 7 -1 1 7 -1 7 -1 2 7 -1 7 -1 1 7 -1 4 7 -1 7 -1 2 4 7 -1 4 7 -1 2 4 7 -1 2 7 5 -1 7 5 -1 5 -1 2 7 5 -1 2 7 -1 4 7 -1 7 -1 2 7 -1 7 -1 2 7 -1 7 -1 1 2 4 7 -1 2 4 7 -1 2 7 -1 2 4 -1 2 -1 2 7 -1 2 -1 2 4 -1 2 -1 2 4 -1 2 -1 2 4 -1 2 4 7 -1 7 -1 2 7 -1 7 -1 1 7 -1 2 7 -1 7 -1 1 7 -1 7 -1 2 4 7 -1 -2
4 7 -1 4 -1 4 7 -1 4 -1 2 4 -1 4 7 -1 2 4 7 -1 1 2 4 7 -1 2 4 7 -1 1 2 4 -1 1 2 -1 1 2 4 -1 1 2 -1 1 2 7 -1 1 2 4 -1 1 2 -1 1 2 4 7 -1 2 4 7 -1 1 2 7 -1 1 2 4 -1 1 4 7 -1 4 7 -1 2 4 7 -1 1 2 4 7 -1 1 2 7 -1 2 4 7 -1 1 2 4 7 -1 2 4 7 -1 1 2 7 -1 1 2 4 7 -1 1 2 7 -1 2 7 -1 2 4 7 -1 2 7 -1 2 4 7 -1 2 7 -1 1 2 7 -1 1 4 7 -1 4 7 -1 2 4 7 -1 2 7 -1 1 2 7 -1 1 2 -1 1 2 4 -1 1 2 4 7 -1 1 2 -1 1 2 7 -1 1 7 -1 1 2 7 -1 2 7 -1 7 -1 1 7 -1 1 2 7 -1 1 2 -1 1 2 7 -1 7 -1 1 2 7 -1 2 7 -1 7 -1 1 2 7 -1 2 4 7 -1 1 2 -1 1 2 4 7 -1 1 2 -1 1 2 4 7 -1 4 7 -1 2 4 7 -1 4 7 -1 2 7 -1 7 -1 1 7 -1 7 -1 1 7 -1 1 2 7 -1 1 2 -1 1 2 7 -1 1 7 -1 7 -1 2 7 -1 1 2 7 -1 2 4 7 -1 4 7 -1 7 -1 1 7 -1 2 7 -1 7 -1 1 2 7 -1 1 7 -1 1 2 7 -1 1 7 -1 2 7 -1 7 -1 1 7 -1 1 2 7 -1 1 7 -1 1 2 7 -1 1 7 -1 1 2 7 -1 1 7 -1 1 2 7 -1 1 7 -1 2 7 -1 7 -1 4 7 -1 2 4 7 -1 4 7 -1 2 4 7 -1 2 7 -1 2 4 7 -1 7 -1 2 7 -1 7 -1 4 7 -1 7 -1 2 7 -1 7 -1 1 2 7 -1 1 7 -1 7 -1 1 2 7 -1 2 7 -1 1 2 7 -1 7 -1 4 7 -1 2 4 7 -1 4 7 -1 7 -1 4 7 -1 2 4 7 -1 2 7 -1 2 4 7 -1 4 7 -1 2 7 -1 7 -1 2 7 -1 7 -1 2 7 -1 7 -1 2 7 -1 7 -1 2 7 -1 7 -1 2 7 -1 4 7 -1 7 -1 1 7 -1 7 -1 1 7 -1 7 -1 1 7 -1 7 -1 1 7 -1 7 -1 2 7 -1 7 -1 1 7 -1 7 -1 2 7 -1 7 -1 4 7 -1 2 4 7 -1 2 7 -1 7 -1 1 7 -1 1 -1 1 7 -1 1 -1 1 7 -1 1 2 7 -1 1 7 -1 2 7 -1 7 -1 1 7 -1 7 -1 2 7 -1 7 5 -1 1 4 7 5 -1 4 -1 4 7 -1 2 4 7 -1 2 7 -1 2 4 7 -1 2 7 -1 2 4 7 -1 2 7 -1 7 -1 2 7 -1 7 5 -1 7 -1 7 5 -1 2 7 5 -1 2 7 -1 7 -1 2 7 -1 2 4 7 -1 4 7 -1 2 4 7 -1 7 -1 4 7 -1 7 -1 2 7 -1 1 7 -1 1 2 7 -1 1 7 -1 7 -1 1 7 -1 7 -1 1 7 -1 1 2 7 -1 1 7 -1 7 -1 1 7 -1 7 -1 4 7 -1 7 -1 1 2 7 -1 7 -1 4 7 -1 2 7 -1 7 -1 2 7 -1 7 -1 1 2 4 7 -1 2 4 7 -1 2 4 -1 2 4 7 -1 4 7 -1 2 4 7 -1 4 7 -1 7 -1 4 7 -1 7 -1 2 7 -1 7 -1 1 7 -1 1 4 7 -1 4 7 -1 2 4 7 -1 2 7 -1 7 -1 2 7 -1 7 -1 1 2 7 -1 1 7 5 -1 1 7 -1 7 -1 2 7 -1 7 -1 2 7 -1 7 -1 2 7 -1 7 -1 2 7 -1 7 -1 2 7 -1 7 -1 2 7 -1 7 -1 2 7 -1 7 -1 7 5 -1 7 -1 7 5 -1 7 -1 1 7 -1 1 4 7 -1 4 7 -1 7 -1 1 7 -1 1 2 7 -1 7 -1 1 2 7 -1 2 7 -1 7 -1 4 7 -1 7 -1 2 7 -1 7 -1 7 5 -1 2 7 -1 7 -1 7 5 -1 7 -1 4 7 -1 7 -1 1 7 -1 4 7 -1 7 -1 1 7 -1 7 -1 1 7 -1 2 7 -1 1 7 -1 7 -1 1 7 -1 7 -1 1 7 -1 7 -1 2 7 -1 1 2 7 -1 2 7 -1 7 -1 2 4 7 -1 4 7 -1 7 -1 4 7 -1 7 -1 4 7 -1 7 -1 4 7 -1 2 4 7 -1 2 7 -1 2 4 -1 2 4 7 -1 2 7 -1 1 2 7 -1 2 -1 1 2 -1 2 -1 2 7 -1 2 -1 2 7 -1 2 -1 2 7 -1 2 -1 2 4 7 -1 4 7 -1 7 -1 4 7 -1 2 4 7 -1 4 7 -1 2 4 7 -1 7 -1 2 4 7 -1 7 -1 4 7 -1 7 -1 2 7 -1 4 7 -1 2 7 -1 7 -1 2 4 7 -1 7 -1 2 7 -1 7 -1 2 7 -1 7 -1 4 7 -1 7 -1 4 7 -1 2 4 7 -1 4 7 -1 4 7 5 -1 4 7 -1 7 -1 4 7 -1 7 -1 4 7 -1 7 -1 4 7 -1 2 4 7 -1 4 7 -1 2 4 7 -1 4 7 -1 2 4 7 -1 4 7 -1 2 4 7 -1 4 7 -1 2 4 7 -1 4 7 -1 7 -1 7 5 -1 7 -1 7 5 -1 7 -1 4 7 5 -1 4 7 -1 2 4 7 -1 1 4 7 -1 2 7 -1 7 -1 7 5 -1 7 -1 7 5 -1 7 -1 7 5 -1 7 -1 7 5 -1 2 7 -1 7 -1 4 7 -1 7 -1 2 4 7 -1 7 -1 2 7 -1 7 -1 2 7 -1 7 -1 2 7 -1 7 -1 1 7 -1 7 -1 4 7 -1 7 -1 4 7 -1 7 -1 7 5 -1 4 7 -1 7 -1 2 7 -1 7 -1 4 7 -1 7 -1 2 7 -1 1 2 7 -1 1 2 4 7 -1 1 4 7 -1 4 7 -1 2 4 7 -1 4 7 -1 2 4 7 -1 2 7 -1 2 4 7 -1 7 -1 2 7 -1 2 4 7 -1 7 -1 4 7 -1 7 -1 2 7 -1 7 -1 2 7 -1 7 -1 2 7 -1 7 -1 1 4 7 -1 4 7 -1 2 4 7 -1 4 -1 2 4 -1 2 4 7 -1 4 7 -1 7 -1 4 7 -1 7 -1 4 7 -1 4 -1 4 7 -1 7 -1 2 7 -1 7 -1 2 7 -1 7 -1 2 7 -1 7 -1 4 7 6 -1 4 -1 4 7 -1 2 4 7 -1 4 7 -1 7 -1 7 5 -1 7 -1 7 5 -1 7 -1 7 5 -1 7 -1 7 5 -1 7 -1 4 7 -1 7 -1 4 7 6 -1 2 4 -1 4 -1 4 7 -1 2 4 7 -1 7 5 -1 4 7 5 -1 7 5 -1 7 -1 4 7 -1 7 -1 1 7 -1 7 -1 1 7 -1 4 7 5 -1 1 7 5 -1 1 7 -1 1 7 5 -1 1 7 -1 7 -1 1 7 -1 7 -1 1 7 -1 2 7 -1 1 2 7 -1 1 7 -1 7 -1 4 7 -1 7 -1 2 7 -1 7 -1 2 7 -1 7 -1 2 7 -1 1 7 -1 7 -1 1 4 7 -1 4 7 -1 1 4 7 -1 7 -1 1 7 -1 7 -1 1 7 -1 1 2 7 -1 2 7 -1 7 -1 1 7 -1 7 -1 2 7 -1 7 -1 2 7 -1 1 2 7 -1 1 7 -1 7 -1 1 7 -1 7 -1 1 7 -1 7 -1 1 7 -1 7 -1 1 7 -1 7 -1 1 2 7 -1 1 7 -1 7 -1 1 7 -1 7 -1 1 7 -1 7 -1 1 7 -1 7 -1 1 7 -1 7 -1 2 7 -1 7 -1 2 7 -1 1 2 4 -1 1 2 4 7 -1 1 2 7 -1 1 2 4 -1 1 2 -1 1 2 7 -1 1 2 -1 1 2 4 -1 1 2 -1 1 2 7 -1 1 2 4 7 -1 4 7 -1 1 4 7 -1 7 -1 1 2 7 -1 1 -1 1 7 -1 7 -1 2 7 -1 7 -1 2 7 -1 7 -1 1 2 7 -1 1 7 -1 1 2 4 7 -1 1 2 4 -1 1 4 -1 1 2 -1 1 7 -1 1 2 7 -1 1 2 -1 1 2 7 -1 1 2 5 -1 1 2 -1 1 2 7 -1 1 7 -1 1 2 7 -1 1 2 4 7 -1 1 2 4 -1 1 2 4 7 -1 1 2 4 -1 1 2 7 -1 1 2 4 -1 1 2 4 7 -1 1 2 7 -1 1 2 4 7 5 -1 1 2 4 -1 1 2 -1 1 2 4 7 5 -1 1 4 7 -1 1 2 7 -1 1 2 -1 1 2 4 -1 1 2 7 -1 1 7 -1 1 2 4 7 5 -1 1 2 7 -1 1 2 -1 1 2 7 5 -1 1 7 -1 1 2 7 -1 2 7 -1 1 7 -1 7 -1 1 7 -1 1 2 7 -1 1 2 -1 1 2 4 -1 1 2 -1 1 2 7 -1 1 2 -1 1 2 7 -1 2 7 -1 1 2 7 -1 1 2 -1 1 2 7 -1 1 2 4 7 -1 1 4 7 -1 1 2 7 -1 1 2 -1 1 2 7 -1 2 4 7 -1 4 7 -1 1 2 7 -1 1 2 4 7 -1 1 4 7 -1 1 7 -1 7 -1 1 7 5 -1 7 -1 1 7 -1 7 -1 4 7 -1 7 -1 2 4 7 -1 4 7 -1 7 -1 1 4 7 -1 1 7 -1 7 -1 4 7 -1 7 -1 7 5 -1 1 7 -1 7 -1 1 7 -1 7 -1 1 7 -1 7 -1 1 7 -1 1 4 7 -1 1 7 -1 1 7 5 -1 1 4 7 5 -1 1 4 7 -1 1 7 -1 1 4 7 5 -1 1 7 5 -1 1 5 -1 1 2 5 -1 1 2 7 5 -1 1 7 5 -1 1 5 -1 1 7 5 -1 1 2 7 5 -1 1 5 -1 1 -1 1 5 -1 1 -1 1 2 5 -1 1 2 4 7 -1 1 2 4 -1 4 -1 4 7 -1 1 4 7 -1 1 2 4 7 -1 1 2 4 -1 1 2 4 7 -1 1 4 7 -1 4 7 -1 1 4 7 -1 4 7 -1 1 4 7 -1 4 7 -1 1 7 -1 1 4 7 -1 1 2 4 7 -1 1 7 5 -1 1 4 7 5 -1 1 4 7 -1 1 4 -1 1 4 7 -1 1 4 7 5 -1 1 4 7 -1 2 4 7 -1 4 7 -1 1 4 7 -1 1 2 7 -1 7 -1 1 7 -1 1 4 7 -1 1 2 7 -1 7 -1 4 7 -1 1 4 7 -1 4 7 -1 7 -1 4 7 -1 7 -1 4 7 -1 2 7 -1 1 7 -1 7 -1 1 7 -1 1 2 5 -1 1 2 4 7 -1 1 4 7 -1 4 7 -1 2 4 7 -1 4 7 -1 7 -1 4 7 -1 7 -1 1 7 -1 7 -1 1 7 -1 1 4 7 -1 1 7 -1 1 4 7 -1 1 7 -1 1 4 7 -1 1 7 -1 1 4 7 -1 1 7 -1 1 2 7 -1 2 7 -1 7 -1 2 7 -1 4 7 -1 1 4 7 -1 1 7 -1 1 4 7 -1 2 4 7 -1 2 7 -1 1 2 7 -1 1 2 -1 1 2 7 -1 4 7 -1 7 -1 2 7 -1 4 7 -1 7 -1 2 4 7 -1 2 7 -1 1 2 7 -1 1 2 -1 1 2 5 -1 1 2 7 -1 1 7 -1 7 -1 4 7 5 -1 4 7 -1 7 -1 2 7 -1 7 -1 4 7 -1 7 -1 4 7 -1 7 -1 1 7 -1 1 2 7 6 -1 1 2 7 5 6 -1 1 2 5 -1 1 2 4 -1 1 2 4 7 -1 2 4 7 -1 2 4 -1 2 4 7 -1 1 2 4 -1 2 4 7 -1 2 4 -1 4 -1 2 4 -1 4 -1 1 2 4 -1 2 4 7 -1 7 -1 1 2 7 -1 1 2 -1 1 7 -1 1 4 7 -1 1 2 7 -1 1 2 -1 1 2 4 7 -1 7 -1 1 7 -1 1 4 7 -1 4 7 -1 7 -1 2 4 7 -1 2 4 -1 2 4 7 -1 -2
7 -1 7 5 -1 5 -1 1 5 -1 5 -1 7 5 -1 7 -1 7 5 -1 7 -1 7 5 -1 7 -1 3 7 -1 1 3 7 -1 1 7 -1 7 -1 3 7 -1 3 7 6 -1 6 -1 7 6 -1 7 -1 7 6 -1 7 -1 3 7 -1 3 7 5 -1 7 5 -1 7 -1 7 5 -1 7 -1 3 7 -1 7 -1 7 5 -1 7 -1 7 5 -1 7 -1 7 5 -1 3 7 -1 7 -1 3 7 -1 3 7 5 -1 3 7 -1 3 7 5 -1 3 7 -1 7 -1 7 5 -1 7 -1 7 6 -1 7 5 6 -1 7 5 -1 1 7 -1 7 -1 7 5 -1 5 -1 3 7 5 -1 3 7 -1 7 5 -1 5 -1 7 5 -1 5 -1 7 5 -1 3 7 5 -1 3 7 -1 3 7 5 -1 7 -1 7 5 -1 3 7 5 -1 7 5 -1 3 7 5 -1 3 7 -1 1 7 6 -1 7 5 -1 7 5 6 -1 3 7 5 -1 3 7 -1 3 7 6 -1 3 -1 3 5 -1 3 7 -1 3 -1 3 5 -1 3 7 -1 1 7 -1 7 -1 3 7 -1 7 5 -1 3 7 -1 3 7 5 -1 7 5 -1 7 -1 7 5 -1 5 -1 7 5 -1 4 7 -1 4 5 -1 4 7 -1 7 -1 7 5 -1 5 -1 7 5 -1 7 5 6 -1 7 6 -1 7 5 6 -1 3 7 6 -1 6 -1 3 7 6 -1 3 7 -1 3 6 -1 6 -1 7 6 -1 6 -1 7 6 -1 2 4 7 -1 4 7 -1 7 5 -1 7 -1 1 3 7 -1 3 7 -1 7 5 -1 3 7 -1 3 7 6 -1 7 6 -1 7 5 -1 3 7 -1 7 -1 7 5 -1 5 -1 7 5 -1 3 7 5 -1 7 -1 3 4 7 -1 4 7 -1 7 5 -1 7 6 -1 7 -1 7 6 -1 7 5 6 -1 7 6 -1 7 -1 1 7 -1 1 7 5 -1 7 5 -1 1 3 7 -1 7 -1 7 5 -1 7 6 -1 1 7 6 -1 7 6 -1 1 7 -1 1 7 5 -1 7 5 -1 3 7 5 -1 3 7 -1 7 5 -1 7 -1 7 5 -1 7 -1 7 5 -1 3 7 5 -1 1 3 7 -1 7 -1 7 5 -1 7 5 6 -1 7 6 -1 7 -1 3 7 -1 3 -1 3 7 6 -1 7 -1 7 5 -1 3 7 5 -1 7 5 6 -1 2 4 6 -1 2 7 5 -1 7 5 -1 7 -1 4 7 -1 7 -1 3 7 -1 7 -1 7 6 -1 3 7 6 -1 7 6 -1 3 7 5 -1 7 5 -1 7 -1 3 7 -1 7 -1 7 6 -1 7 -1 7 6 -1 3 7 -1 7 5 -1 7 -1 4 7 -1 7 -1 7 5 -1 7 -1 4 7 6 -1 2 4 6 -1 2 6 -1 2 7 6 -1 3 7 6 -1 7 6 -1 3 7 6 -1 3 7 -1 7 5 -1 3 7 5 -1 7 5 -1 7 -1 7 6 -1 7 -1 7 6 -1 7 5 6 -1 3 7 5 -1 3 7 5 6 -1 3 4 7 5 6 -1 4 7 6 -1 5 6 -1 5 -1 3 7 5 -1 3 -1 3 7 -1 3 7 6 -1 7 6 -1 3 6 -1 3 4 7 6 -1 5 6 -1 5 -1 7 5 -1 5 -1 7 5 -1 5 -1 7 5 -1 7 6 -1 7 5 6 -1 7 5 -1 7 6 -1 7 -1 3 7 -1 3 7 6 -1 3 7 -1 7 -1 7 6 -1 3 7 6 -1 3 7 -1 3 7 6 -1 7 6 -1 3 7 5 -1 2 3 4 7 5 -1 2 4 7 -1 7 -1 4 7 -1 7 -1 7 5 -1 4 7 -1 4 7 5 -1 5 -1 7 5 6 -1 7 6 -1 6 -1 7 6 -1 3 7 6 -1 3 7 -1 4 7 6 -1 4 7 5 6 -1 4 7 5 -1 7 5 -1 7 -1 4 7 -1 4 7 5 -1 5 -1 7 5 -1 7 -1 7 5 -1 7 -1 7 5 6 -1 5 6 -1 7 5 6 -1 7 -1 7 5 -1 2 3 4 7 -1 2 4 5 -1 5 -1 3 7 5 -1 3 5 -1 3 7 5 -1 7 5 -1 7 5 6 -1 5 6 -1 3 7 5 6 -1 3 7 5 -1 3 5 -1 5 -1 7 5 -1 7 -1 7 5 -1 7 -1 7 5 -1 2 4 7 5 -1 4 7 5 -1 7 5 -1 5 -1 7 5 -1 4 7 -1 7 5 -1 5 -1 7 5 -1 7 5 6 -1 7 -1 3 7 -1 7 5 -1 1 7 5 -1 1 7 -1 7 5 -1 7 -1 7 6 -1 7 -1 1 7 -1 4 7 5 -1 4 5 -1 4 7 5 -1 4 7 5 6 -1 7 5 -1 7 -1 1 2 7 -1 1 2 4 7 5 -1 7 5 -1 7 -1 7 5 -1 7 -1 7 5 -1 7 -1 7 5 -1 4 7 5 -1 5 -1 7 5 6 -1 7 6 -1 2 7 6 -1 2 7 -1 2 -1 2 7 5 -1 7 5 -1 3 7 -1 3 7 5 -1 7 5 -1 3 7 5 -1 3 5 -1 5 -1 3 7 5 -1 5 -1 3 5 -1 3 7 6 -1 7 6 -1 4 7 -1 3 4 7 -1 3 6 -1 3 7 6 -1 3 -1 3 7 -1 7 6 -1 7 -1 7 5 -1 7 -1 7 6 -1 7 5 -1 7 -1 7 5 -1 4 7 5 -1 5 -1 7 5 -1 7 -1 7 5 6 -1 7 5 -1 5 -1 7 5 -1 3 7 5 -1 3 -1 3 5 -1 3 7 5 6 -1 2 7 5 -1 2 7 -1 4 7 -1 7 -1 1 7 5 -1 5 -1 5 6 -1 5 -1 7 5 6 -1 7 6 -1 7 5 6 -1 7 6 -1 7 5 6 -1 5 6 -1 7 5 -1 7 6 -1 7 5 6 -1 7 5 -1 7 5 6 -1 5 6 -1 6 -1 5 6 -1 6 -1 5 6 -1 6 -1 5 6 -1 7 5 6 -1 5 6 -1 7 5 6 -1 7 5 -1 5 6 -1 7 5 6 -1 5 -1 3 7 5 6 -1 3 7 6 -1 3 7 -1 7 -1 3 7 -1 7 -1 7 5 -1 7 -1 3 7 -1 7 6 -1 7 -1 7 6 -1 7 5 6 -1 7 6 -1 7 5 6 -1 7 5 -1 3 7 5 6 -1 1 7 5 -1 1 4 7 5 -1 4 7 5 -1 7 5 -1 5 -1 7 5 -1 5 -1 5 6 -1 3 7 5 6 -1 5 -1 7 5 -1 7 5 6 -1 3 7 6 -1 7 6 -1 7 5 -1 7 6 -1 4 7 6 -1 3 4 7 6 -1 3 4 6 -1 4 -1 2 4 7 5 -1 7 5 -1 5 -1 7 5 -1 5 -1 3 5 -1 3 7 5 -1 3 7 -1 2 3 7 6 -1 2 6 -1 2 4 7 6 -1 4 7 5 -1 5 -1 7 5 -1 3 7 5 6 -1 3 7 -1 3 7 5 -1 5 -1 1 4 5 -1 1 4 -1 1 5 -1 5 -1 4 7 5 6 -1 7 5 -1 7 -1 4 7 5 -1 4 5 -1 4 7 5 -1 1 7 -1 1 2 7 5 -1 2 5 -1 5 6 -1 3 5 6 -1 5 -1 3 4 7 5 6 -1 4 7 -1 3 4 7 -1 3 7 5 -1 3 -1 3 7 -1 3 -1 3 7 -1 3 7 6 -1 7 6 -1 2 4 7 6 -1 2 4 7 -1 7 -1 7 5 -1 4 7 5 -1 4 7 -1 1 4 7 5 6 -1 1 6 -1 1 -1 1 7 5 -1 2 4 7 -1 4 7 -1 4 7 5 -1 7 5 -1 4 7 -1 4 7 5 -1 7 5 -1 4 7 5 -1 4 7 -1 2 7 -1 2 -1 2 7 -1 7 -1 2 7 5 -1 7 5 -1 2 5 -1 5 -1 7 5 -1 4 5 -1 4 7 5 -1 4 7 -1 7 5 -1 3 7 5 -1 3 7 -1 3 7 6 -1 3 7 -1 3 -1 3 7 -1 3 -1 3 7 -1 3 -1 3 7 -1 7 5 -1 3 7 5 -1 3 -1 3 7 -1 3 -1 3 5 -1 3 7 -1 7 5 -1 4 7 -1 4 7 5 -1 2 5 -1 5 6 -1 7 6 -1 5 -1 7 5 -1 7 5 6 -1 6 -1 7 6 -1 6 -1 7 6 -1 3 7 6 -1 3 4 7 6 -1 3 7 6 -1 7 6 -1 7 5 6 -1 7 5 -1 5 -1 3 5 -1 3 7 5 -1 3 7 -1 3 7 5 -1 3 -1 3 7 -1 3 7 6 -1 3 7 -1 3 7 6 -1 6 -1 7 6 -1 7 5 -1 3 7 5 -1 7 -1 7 5 -1 5 -1 7 5 -1 5 -1 7 5 -1 5 -1 7 5 -1 5 -1 7 5 -1 7 -1 3 7 5 -1 3 7 5 6 -1 3 7 6 -1 6 -1 2 5 6 -1 2 5 -1 4 7 5 -1 4 7 -1 7 5 -1 7 5 6 -1 7 6 -1 7 -1 7 5 -1 5 -1 7 5 6 -1 5 6 -1 7 5 6 -1 7 5 -1 7 5 6 -1 5 6 -1 7 5 6 -1 5 6 -1 7 5 6 -1 7 5 -1 7 5 6 -1 6 -1 4 7 6 -1 4 6 -1 7 5 6 -1 5 -1 7 5 -1 7 -1 7 6 -1 7 5 6 -1 7 -1 7 5 -1 7 5 6 -1 7 6 -1 1 7 6 -1 7 5 -1 5 -1 3 5 -1 5 6 -1 3 7 6 -1 6 -1 7 6 -1 5 6 -1 3 7 6 -1 3 7 5 6 -1 3 7 5 -1 3 7 5 6 -1 3 7 6 -1 3 7 5 6 -1 3 7 6 -1 7 5 6 -1 7 5 -1 7 -1 7 5 6 -1 3 7 6 -1 3 7 -1 3 -1 3 7 -1 3 7 5 6 -1 7 6 -1 7 -1 7 5 -1 5 6 -1 7 5 -1 7 -1 7 5 -1 3 7 5 -1 3 7 5 6 -1 7 6 -1 7 -1 3 7 6 -1 7 6 -1 7 -1 7 6 -1 7 -1 7 6 -1 3 7 6 -1 3 6 -1 3 4 7 -1 4 7 5 -1 4 7 -1 4 -1 4 7 -1 4 7 5 -1 7 5 -1 7 -1 7 5 -1 7 -1 3 7 -1 3 -1 3 7 -1 3 7 6 -1 7 -1 2 7 -1 2 -1 2 5 -1 5 -1 7 5 -1 1 7 -1 7 5 -1 7 -1 1 7 5 -1 7 5 -1 1 7 5 -1 7 5 -1 1 7 5 -1 1 7 -1 1 7 5 -1 1 7 5 6 -1 7 6 -1 1 7 6 -1 3 7 6 -1 7 -1 1 3 7 -1 3 7 -1 1 3 7 -1 1 7 -1 1 -1 1 6 -1 1 -1 1 7 -1 1 -1 1 6 -1 1 -1 1 7 6 -1 1 3 7 6 -1 3 7 6 -1 1 3 7 -1 1 7 -1 7 -1 1 7 -1 1 7 6 -1 7 6 -1 6 -1 3 7 6 -1 7 6 -1 3 7 6 -1 7 6 -1 6 -1 7 6 -1 3 7 6 -1 1 3 -1 1 3 6 -1 7 6 -1 3 7 6 -1 7 6 -1 3 -1 1 3 -1 3 -1 3 7 -1 3 -1 3 7 -1 3 -1 3 7 -1 3 -1 3 7 6 -1 6 -1 3 6 -1 3 7 6 -1 7 6 -1 3 4 7 -1 3 4 7 5 -1 3 4 7 -1 -2
1 2 4 -1 1 2 -1 1 2 4 -1 1 2 7 -1 1 2 -1 1 7 -1 7 -1 1 7 -1 7 -1 2 7 -1 2 4 7 -1 1 7 -1 1 2 7 -1 7 -1 7 6 -1 1 7 -1 7 -1 2 7 -1 1 7 -1 1 3 7 -1 1 2 7 -1 2 7 -1 1 2 7 -1 1 7 -1 1 3 7 -1 1 7 -1 1 3 7 -1 1 7 -1 1 3 7 -1 1 7 -1 1 3 7 -1 3 7 -1 1 3 7 -1 3 7 -1 7 -1 1 2 7 -1 1 7 -1 1 2 7 -1 2 7 -1 7 -1 1 7 -1 1 3 7 -1 3 7 -1 1 3 7 -1 7 5 -1 1 7 -1 7 -1 1 7 -1 1 3 7 -1 7 -1 1 3 7 -1 1 7 -1 1 3 7 -1 1 7 -1 7 -1 1 7 -1 1 3 7 -1 1 2 7 -1 1 7 -1 4 -1 2 4 7 -1 1 3 7 -1 1 7 -1 7 -1 1 2 7 -1 2 4 7 -1 2 4 -1 2 4 7 -1 7 -1 1 7 -1 1 3 7 -1 1 7 -1 1 3 7 -1 7 -1 1 7 -1 7 -1 1 3 7 -1 3 7 -1 1 3 7 -1 7 -1 1 7 -1 1 3 7 -1 1 7 -1 1 3 7 -1 2 4 7 -1 2 4 7 6 -1 1 7 -1 3 7 -1 1 3 7 -1 1 2 7 -1 1 3 7 -1 1 3 4 7 -1 4 7 -1 1 7 -1 1 2 7 -1 1 7 -1 1 2 7 -1 1 7 -1 1 2 7 -1 1 2 3 7 -1 2 4 7 6 -1 2 4 6 -1 1 2 4 6 -1 1 -1 1 7 -1 2 7 -1 7 -1 2 4 7 -1 2 7 -1 4 7 -1 2 7 -1 7 -1 2 7 -1 1 2 7 -1 1 7 -1 1 2 7 -1 7 -1 1 7 -1 1 3 7 -1 1 7 -1 1 2 7 -1 2 -1 2 7 -1 7 -1 2 7 -1 7 -1 2 7 -1 1 2 7 -1 1 7 -1 7 -1 1 7 -1 1 2 7 -1 2 -1 2 7 -1 7 -1 1 7 -1 1 2 -1 1 2 7 -1 1 3 7 -1 1 7 -1 1 3 7 -1 1 7 -1 1 2 7 -1 1 7 -1 1 2 7 -1 1 -1 1 2 -1 1 7 -1 1 2 7 -1 7 -1 2 7 -1 1 7 -1 1 2 7 -1 2 -1 2 7 -1 1 2 6 -1 1 2 -1 2 -1 2 7 -1 1 7 -1 1 2 7 6 -1 1 7 6 -1 1 7 -1 7 -1 1 7 -1 3 7 -1 1 3 7 -1 7 -1 1 7 -1 1 2 7 -1 1 7 -1 1 3 7 -1 1 2 3 7 -1 1 7 -1 1 2 7 -1 1 7 -1 7 -1 1 7 -1 7 -1 1 7 -1 7 -1 1 7 -1 7 -1 1 7 -1 7 -1 1 7 -1 1 3 7 -1 1 7 -1 7 -1 1 7 -1 1 2 7 -1 1 7 -1 1 2 7 -1 1 7 -1 1 2 7 -1 1 7 -1 1 2 -1 2 -1 2 7 -1 7 -1 1 7 -1 1 -1 1 6 -1 1 2 7 6 -1 7 -1 7 6 -1 7 -1 2 7 -1 2 -1 2 7 -1 7 -1 7 6 -1 7 -1 2 7 6 -1 1 7 -1 1 2 7 -1 2 7 6 -1 6 -1 2 7 6 -1 2 7 -1 7 -1 2 7 -1 1 7 -1 7 -1 1 7 -1 1 2 7 -1 2 -1 2 7 -1 7 -1 2 7 -1 2 -1 1 2 7 6 -1 1 7 6 -1 7 6 -1 6 -1 4 6 -1 6 -1 2 -1 1 2 7 -1 1 7 -1 7 -1 4 -1 4 6 -1 4 -1 4 6 -1 2 6 -1 2 4 6 -1 2 4 7 6 -1 4 -1 4 6 -1 4 7 6 -1 4 7 -1 4 6 -1 4 7 6 -1 4 7 -1 4 -1 4 7 -1 2 4 7 -1 4 7 -1 4 -1 2 4 -1 4 -1 2 4 -1 4 -1 2 4 -1 2 4 7 -1 2 4 -1 4 -1 2 4 7 6 -1 7 6 -1 2 4 7 -1 4 -1 4 7 -1 4 -1 4 7 -1 7 -1 3 4 7 -1 3 4 -1 3 4 7 -1 4 7 -1 4 -1 2 4 7 -1 4 7 -1 7 -1 4 7 -1 2 4 7 -1 4 7 -1 7 -1 2 7 -1 7 -1 2 7 -1 7 -1 1 7 -1 7 -1 1 7 -1 7 -1 1 7 -1 7 -1 7 5 -1 7 -1 3 7 -1 1 2 7 -1 7 -1 2 -1 2 7 -1 7 -1 7 6 -1 6 -1 5 -1 2 5 -1 2 -1 2 7 6 -1 2 7 -1 1 2 7 -1 1 7 -1 1 3 7 -1 1 2 7 6 -1 1 7 -1 1 7 6 -1 1 -1 1 4 7 -1 4 7 -1 7 -1 2 7 -1 7 -1 2 7 5 -1 2 7 -1 1 7 -1 7 -1 1 7 -1 7 6 -1 1 2 7 6 -1 1 7 6 -1 1 7 -1 7 -1 7 5 -1 5 -1 2 5 6 -1 2 6 -1 1 2 7 -1 1 7 6 -1 7 6 -1 1 7 -1 1 2 7 -1 1 7 -1 1 7 6 -1 7 6 -1 1 7 6 -1 7 6 -1 7 -1 1 7 -1 7 -1 1 7 -1 1 7 6 -1 7 6 -1 2 7 -1 1 2 7 6 -1 1 7 6 -1 7 6 -1 1 7 6 -1 1 7 -1 2 7 -1 7 -1 1 7 -1 1 7 6 -1 7 -1 1 7 6 -1 1 6 -1 1 7 6 -1 1 7 -1 1 -1 1 6 -1 1 7 -1 1 3 7 -1 1 7 -1 1 -1 1 7 -1 1 3 7 -1 1 7 -1 1 3 7 -1 1 7 -1 7 -1 2 7 5 -1 1 7 5 -1 1 2 7 -1 1 2 -1 1 2 7 6 -1 2 7 -1 2 7 6 -1 2 6 -1 2 7 6 -1 7 -1 1 7 -1 7 -1 2 3 7 -1 1 2 7 -1 7 -1 3 7 -1 3 4 -1 2 3 4 -1 1 3 7 -1 3 7 -1 1 2 3 7 -1 2 -1 2 7 -1 7 -1 1 2 7 -1 1 2 -1 2 4 7 -1 1 2 7 -1 2 7 -1 2 4 7 -1 2 4 7 6 -1 7 -1 7 5 -1 7 -1 1 2 7 -1 1 7 -1 7 -1 2 7 -1 7 5 -1 7 -1 1 2 7 6 -1 2 7 6 -1 2 7 5 6 -1 1 2 6 -1 1 7 5 6 -1 7 5 -1 1 7 -1 7 -1 2 7 -1 2 -1 1 2 -1 1 7 -1 1 7 6 -1 1 -1 1 7 -1 1 7 6 -1 1 7 -1 1 7 6 -1 1 7 -1 7 -1 4 -1 2 4 7 -1 2 5 -1 2 7 5 -1 7 -1 2 7 -1 2 -1 2 7 -1 7 -1 7 6 -1 1 2 7 -1 2 7 -1 7 -1 7 5 -1 1 7 5 -1 1 7 -1 7 -1 1 7 -1 7 -1 1 7 -1 7 -1 1 7 6 -1 7 -1 2 4 7 -1 1 3 7 -1 3 7 6 -1 1 3 7 -1 1 7 6 -1 2 7 -1 1 7 -1 1 2 7 6 -1 1 7 6 -1 1 7 -1 7 -1 1 7 -1 2 7 -1 7 -1 1 7 6 -1 2 7 6 -1 1 2 7 6 -1 1 7 6 -1 1 3 7 -1 7 -1 7 5 -1 7 -1 7 5 -1 2 7 5 -1 2 -1 2 7 5 -1 7 5 -1 5 -1 4 7 5 -1 1 7 -1 2 7 -1 2 7 6 -1 7 6 -1 7 5 6 -1 7 5 -1 2 7 5 -1 1 7 -1 7 -1 1 3 7 -1 7 -1 1 7 -1 1 3 7 -1 7 -1 1 7 -1 1 3 7 -1 1 7 -1 1 2 7 -1 2 4 -1 2 4 7 -1 7 -1 2 7 -1 7 -1 1 7 -1 7 -1 7 6 -1 1 7 -1 7 -1 1 7 -1 7 -1 1 7 -1 1 2 4 7 -1 2 4 7 -1 7 -1 2 7 6 -1 1 2 7 6 -1 2 7 6 -1 1 2 7 -1 7 -1 7 5 -1 7 5 6 -1 7 6 -1 7 -1 2 7 -1 1 2 7 -1 1 7 -1 7 -1 3 7 -1 1 3 7 6 -1 3 7 -1 1 2 4 7 -1 1 7 -1 1 3 7 -1 1 3 -1 3 -1 3 7 -1 7 -1 1 7 -1 7 -1 1 7 -1 1 2 4 -1 1 3 7 -1 3 7 -1 7 -1 3 7 -1 1 3 7 5 -1 1 7 -1 1 3 7 -1 1 7 -1 1 3 7 -1 1 7 -1 7 -1 1 7 -1 7 5 -1 3 7 5 -1 1 3 7 -1 1 7 -1 7 -1 2 7 -1 7 -1 1 7 -1 7 -1 7 5 -1 7 -1 7 5 -1 7 -1 3 7 -1 7 -1 7 5 -1 7 -1 2 7 -1 1 3 7 -1 7 -1 7 5 -1 7 -1 2 7 -1 1 2 7 -1 3 7 5 -1 7 -1 2 7 -1 2 -1 2 7 -1 1 7 -1 7 -1 1 7 -1 7 -1 1 7 -1 1 7 6 -1 7 -1 2 7 -1 -2
1 7 -1 7 -1 1 7 -1 7 -1 1 7 -1 7 -1 1 7 -1 7 6 -1 7 5 -1 7 6 -1 7 5 -1 7 6 -1 7 5 6 -1 7 6 -1 7 -1 7 6 -1 7 -1 7 5 -1 7 -1 7 5 -1 7 -1 7 5 -1 7 -1 7 5 -1 1 7 5 -1 7 5 -1 1 7 5 -1 1 7 5 6 -1 7 6 -1 7 -1 1 7 5 6 -1 7 5 6 -1 7 6 -1 7 -1 7 5 -1 7 -1 7 6 -1 7 -1 1 7 -1 7 -1 1 7 -1 7 -1 1 7 -1 1 7 6 -1 7 6 -1 7 -1 7 5 -1 7 -1 7 5 -1 7 5 6 -1 7 5 -1 7 5 6 -1 7 5 -1 7 6 -1 7 5 -1 7 6 -1 7 -1 7 6 -1 7 -1 7 5 -1 7 -1 7 6 -1 7 -1 7 6 -1 7 -1 7 5 6 -1 7 -1 7 6 -1 7 5 -1 7 -1 1 7 6 -1 7 6 -1 7 5 -1 7 6 -1 1 7 -1 7 5 -1 1 7 -1 7 -1 4 7 -1 7 -1 7 5 -1 7 -1 7 5 -1 1 7 5 -1 7 5 -1 7 -1 1 7 6 -1 1 7 -1 1 7 6 -1 7 -1 1 7 -1 1 -1 1 7 -1 1 7 5 -1 1 7 -1 1 7 5 -1 1 7 6 -1 1 7 5 -1 7 5 6 -1 1 7 5 -1 1 7 5 6 -1 7 5 6 -1 1 7 -1 1 4 7 6 -1 7 6 -1 7 -1 7 6 -1 7 -1 7 5 -1 7 5 6 -1 7 5 -1 7 -1 7 5 -1 7 5 6 -1 7 5 -1 7 5 6 -1 1 7 5 -1 1 5 -1 1 7 5 -1 1 7 -1 4 7 -1 1 7 -1 1 5 -1 1 7 5 6 -1 7 5 -1 1 7 5 -1 7 6 -1 1 7 -1 1 -1 1 7 -1 7 -1 7 6 -1 7 -1 7 5 -1 1 7 5 6 -1 1 7 -1 7 -1 1 7 -1 7 5 -1 7 -1 7 5 -1 7 -1 7 5 -1 7 -1 1 7 -1 1 7 5 -1 1 7 -1 1 7 5 -1 7 -1 1 7 -1 1 7 5 -1 1 2 4 7 -1 1 2 4 -1 1 2 4 7 -1 1 7 -1 1 -1 1 7 -1 2 7 -1 2 4 7 -1 7 5 -1 1 7 5 -1 7 -1 1 7 -1 1 7 5 -1 1 7 6 -1 1 6 -1 1 7 6 -1 1 7 -1 1 7 5 -1 7 5 -1 1 7 5 -1 7 5 -1 1 7 5 -1 7 5 -1 1 7 5 -1 1 7 -1 1 -1 1 7 -1 1 7 5 6 -1 1 7 -1 7 5 -1 7 -1 7 5 -1 1 2 7 5 -1 1 7 5 -1 1 7 5 6 -1 1 7 6 -1 7 6 -1 1 7 6 -1 1 7 5 -1 7 -1 4 7 5 -1 1 4 7 -1 1 7 -1 7 -1 1 7 -1 1 7 6 -1 7 -1 1 7 -1 7 -1 1 7 -1 7 -1 1 2 4 7 -1 2 4 7 -1 4 7 -1 7 -1 7 5 -1 4 7 -1 2 4 7 -1 1 7 -1 1 7 5 6 -1 7 5 6 -1 7 5 -1 7 -1 7 5 -1 7 -1 7 6 -1 7 -1 1 7 6 -1 1 7 5 6 -1 7 5 6 -1 7 -1 1 7 -1 1 7 5 -1 7 5 -1 1 7 -1 1 7 5 -1 1 7 -1 1 7 5 -1 1 5 -1 1 7 5 -1 1 5 -1 1 7 5 -1 1 6 -1 1 7 5 6 -1 1 5 6 -1 1 7 5 6 -1 1 6 -1 1 7 5 6 -1 7 5 -1 1 7 5 -1 1 7 -1 7 -1 7 5 -1 2 4 7 5 -1 2 4 7 -1 4 7 -1 4 7 5 -1 4 7 -1 4 7 5 -1 4 7 -1 4 7 5 -1 4 7 -1 1 4 7 5 -1 2 4 7 -1 1 2 4 -1 1 2 -1 1 2 4 7 -1 1 2 7 -1 1 7 -1 1 7 5 -1 1 2 7 -1 1 7 5 -1 1 7 -1 1 2 7 -1 1 7 -1 2 4 7 -1 7 -1 4 7 -1 7 -1 1 7 -1 1 7 5 -1 1 7 -1 1 2 7 -1 1 7 -1 4 7 6 -1 7 -1 4 7 -1 7 -1 7 6 -1 7 5 -1 7 -1 7 6 -1 7 -1 7 6 -1 7 -1 7 6 -1 7 -1 1 7 6 -1 4 7 6 -1 7 -1 1 7 -1 4 7 -1 7 6 -1 7 5 6 -1 7 6 -1 7 5 -1 7 6 -1 7 -1 7 5 -1 7 -1 7 6 -1 7 -1 7 6 -1 7 5 6 -1 7 5 -1 7 -1 7 6 -1 7 -1 7 6 -1 7 -1 7 5 -1 7 6 -1 7 -1 7 6 -1 1 7 6 -1 1 7 -1 1 7 5 -1 7 5 -1 7 6 -1 7 5 6 -1 7 5 -1 1 7 5 -1 1 7 -1 7 -1 7 5 -1 1 7 -1 1 7 5 -1 1 2 4 7 -1 4 7 -1 4 7 5 -1 1 7 5 -1 7 5 -1 1 7 5 -1 7 5 -1 7 -1 7 5 -1 1 7 5 -1 7 6 -1 7 5 -1 1 -1 1 7 -1 1 7 5 -1 1 5 -1 7 5 -1 5 -1 7 5 -1 1 7 5 -1 1 7 5 6 -1 1 4 7 -1 4 7 -1 7 -1 4 7 -1 7 -1 1 7 -1 7 -1 1 7 -1 7 -1 1 7 -1 7 -1 1 7 -1 1 7 5 -1 7 5 -1 7 -1 7 5 -1 7 -1 7 5 -1 7 -1 7 5 -1 7 -1 7 5 -1 7 5 6 -1 6 -1 7 6 -1 4 7 5 6 -1 2 4 7 -1 1 2 4 -1 1 4 7 -1 1 2 4 7 -1 1 2 4 -1 1 2 4 7 -1 2 4 7 -1 1 4 -1 1 2 4 -1 1 2 4 7 -1 1 4 7 -1 1 4 7 5 -1 1 4 7 -1 1 2 4 7 -1 1 2 4 -1 1 2 4 7 -1 1 4 7 -1 1 2 4 -1 1 4 -1 1 4 7 -1 1 2 4 -1 1 2 7 -1 2 4 7 -1 1 4 7 -1 1 2 4 7 -1 1 2 7 -1 1 2 4 7 -1 1 4 7 -1 1 2 4 7 -1 1 4 7 -1 1 2 4 7 -1 1 2 4 -1 1 2 7 -1 1 2 4 7 -1 1 2 4 -1 1 2 -1 1 2 4 -1 1 2 -1 1 2 4 -1 1 2 -1 1 2 4 -1 1 2 4 7 -1 1 2 4 -1 1 2 -1 1 2 4 -1 1 2 -1 1 2 4 -1 1 2 -1 1 2 4 -1 1 2 4 7 -1 1 2 4 -1 1 2 -1 1 2 4 7 -1 1 2 4 -1 1 4 -1 1 2 4 -1 1 4 -1 1 2 4 -1 1 4 -1 4 -1 1 4 -1 1 2 4 -1 1 4 -1 1 2 4 -1 2 4 -1 1 2 4 7 -1 1 2 4 -1 1 2 4 7 5 -1 7 5 6 -1 7 5 -1 5 -1 7 5 -1 1 7 -1 7 -1 7 5 -1 7 6 -1 7 5 6 -1 1 4 7 6 -1 2 4 7 6 -1 1 7 -1 1 7 5 -1 1 5 -1 1 7 5 -1 1 5 -1 1 7 5 -1 1 5 -1 1 7 5 -1 7 -1 1 7 -1 1 7 5 -1 1 2 4 7 6 -1 1 2 4 7 -1 1 7 -1 1 7 5 -1 1 7 -1 1 7 5 -1 1 7 -1 7 5 -1 1 7 5 -1 1 7 -1 1 7 5 -1 7 -1 7 5 -1 1 7 5 -1 1 7 -1 1 7 6 -1 1 7 -1 7 -1 7 5 -1 7 -1 7 5 -1 7 -1 7 5 -1 1 7 5 -1 1 7 -1 1 7 5 -1 7 5 -1 7 5 6 -1 7 5 -1 1 5 -1 1 7 5 -1 7 5 -1 1 7 5 -1 1 5 -1 1 7 5 -1 1 7 -1 1 7 5 -1 1 7 -1 7 5 -1 1 2 7 5 -1 1 2 7 -1 1 7 -1 7 -1 1 7 -1 1 7 6 -1 1 7 5 6 -1 1 2 7 -1 1 2 -1 1 2 7 -1 1 7 5 -1 7 5 -1 7 -1 1 7 -1 1 7 5 -1 7 5 -1 7 -1 7 5 -1 1 7 5 -1 7 -1 1 2 4 6 -1 2 4 6 -1 2 4 7 6 -1 2 4 6 -1 1 2 4 6 -1 2 4 7 6 -1 6 -1 4 7 6 -1 2 7 6 -1 7 6 -1 2 6 -1 7 6 -1 6 -1 4 7 5 6 -1 2 7 6 -1 2 6 -1 1 2 6 -1 2 6 -1 2 4 6 -1 2 6 -1 2 4 6 -1 2 6 -1 2 4 6 -1 2 4 7 6 -1 4 7 6 -1 4 7 -1 4 6 -1 1 2 4 6 -1 2 4 6 -1 4 6 -1 4 7 6 -1 4 -1 4 6 -1 4 -1 4 6 -1 4 7 6 -1 7 6 -1 4 7 6 -1 2 4 7 6 -1 2 4 -1 2 4 6 -1 2 4 7 6 -1 2 4 -1 2 4 6 -1 2 4 7 -1 4 7 -1 4 7 6 -1 4 7 5 6 -1 4 7 6 -1 4 7 5 6 -1 4 7 6 -1 2 4 7 6 -1 4 7 6 -1 4 -1 4 7 -1 4 7 6 -1 4 7 -1 4 7 6 -1 2 4 7 6 -1 4 7 5 6 -1 4 7 6 -1 2 4 7 5 6 -1 2 4 5 6 -1 2 4 7 6 -1 4 7 6 -1 7 6 -1 4 7 6 -1 4 7 5 6 -1 2 4 7 6 -1 4 7 6 -1 4 7 5 6 -1 2 4 7 5 -1 4 7 6 -1 2 4 7 6 -1 4 7 6 -1 4 7 5 6 -1 2 4 7 5 6 -1 2 4 7 5 -1 4 7 5 6 -1 2 4 7 5 6 -1 2 7 5 6 -1 7 5 6 -1 2 4 7 5 6 -1 2 7 5 6 -1 2 4 7 5 6 -1 4 7 5 6 -1 2 4 7 5 -1 2 4 7 -1 2 4 7 5 6 -1 2 4 7 6 -1 2 4 6 -1 2 4 7 6 -1 4 7 6 -1 4 7 5 6 -1 2 7 5 6 -1 7 5 6 -1 2 5 6 -1 2 4 5 6 -1 2 4 7 6 -1 2 4 7 5 6 -1 2 4 5 6 -1 2 6 -1 2 7 5 6 -1 4 7 6 -1 2 4 7 6 -1 2 7 5 6 -1 7 5 6 -1 2 7 5 6 -1 7 5 6 -1 2 7 5 6 -1 2 4 7 5 6 -1 2 4 7 6 -1 2 4 6 -1 2 7 6 -1 2 4 7 6 -1 2 4 7 5 6 -1 4 7 6 -1 2 4 6 -1 2 6 -1 2 4 6 -1 2 6 -1 2 4 6 -1 2 4 7 6 -1 2 4 6 -1 2 6 -1 2 7 6 -1 7 6 -1 6 -1 2 6 -1 4 7 6 -1 2 6 -1 2 4 6 -1 2 6 -1 2 4 7 6 -1 2 4 6 -1 2 4 7 6 -1 2 4 5 6 -1 2 4 6 -1 4 7 5 6 -1 2 7 6 -1 7 5 6 -1 2 4 7 5 6 -1 4 7 6 -1 4 7 -1 2 4 7 6 -1 2 4 7 -1 2 7 -1 2 4 7 -1 2 7 6 -1 2 7 -1 2 4 6 -1 7 6 -1 2 4 7 6 -1 2 7 6 -1 7 6 -1 1 2 4 7 6 -1 2 7 6 -1 2 4 6 -1 2 4 7 6 -1 4 7 6 -1 4 6 -1 4 7 6 -1 4 6 -1 4 7 6 -1 4 6 -1 4 7 6 -1 4 6 -1 4 7 6 -1 4 6 -1 4 7 6 -1 4 -1 7 6 -1 1 7 6 -1 1 7 -1 7 -1 7 5 -1 7 -1 7 5 -1 7 -1 7 6 -1 7 -1 7 5 -1 7 -1 7 5 -1 7 -1 7 5 -1 7 6 -1 7 -1 7 5 -1 7 6 -1 7 -1 7 6 -1 1 7 6 -1 1 7 -1 1 7 6 -1 1 7 -1 7 -1 7 5 -1 7 -1 1 7 5 -1 7 5 -1 7 -1 7 6 -1 7 -1 7 6 -1 7 5 -1 1 7 5 -1 7 6 -1 7 -1 7 5 -1 1 7 5 -1 1 7 -1 7 -1 7 6 -1 7 -1 7 6 -1 1 7 -1 7 -1 1 7 6 -1 7 5 6 -1 4 7 -1 -2
7 -1 7 5 -1 5 -1 7 5 -1 5 -1 7 5 -1 5 -1 7 5 -1 7 -1 7 5 -1 7 -1 7 5 -1 7 -1 7 5 -1 5 -1 7 5 -1 7 -1 7 5 6 -1 7 6 -1 7 -1 7 6 -1 7 5 6 -1 7 6 -1 7 5 6 -1 7 6 -1 1 5 6 -1 1 5 -1 1 7 5 -1 7 5 -1 7 -1 7 5 -1 7 5 6 -1 7 5 -1 7 -1 7 6 -1 7 5 6 -1 7 -1 7 5 -1 5 -1 7 5 -1 5 -1 7 5 -1 5 -1 1 5 -1 7 5 -1 1 7 5 -1 7 5 -1 5 -1 7 5 -1 7 -1 7 5 -1 3 7 -1 3 7 5 -1 7 5 -1 3 7 5 -1 7 5 -1 7 6 -1 7 5 6 -1 5 6 -1 5 -1 7 5 -1 5 -1 7 5 -1 7 5 6 -1 7 5 -1 7 5 6 -1 5 6 -1 7 5 6 -1 5 6 -1 7 6 -1 7 5 6 -1 7 5 -1 4 7 5 -1 4 7 -1 7 5 -1 7 -1 7 5 -1 5 -1 7 5 -1 5 -1 7 5 -1 1 5 -1 7 5 -1 7 5 6 -1 7 6 -1 7 5 6 -1 7 5 -1 5 -1 7 5 -1 3 7 5 -1 3 7 6 -1 7 6 -1 3 7 -1 7 -1 7 5 -1 5 -1 7 5 -1 7 -1 7 5 -1 5 -1 1 5 -1 5 -1 7 5 -1 1 5 -1 5 -1 7 5 -1 7 5 6 -1 5 -1 7 5 -1 7 -1 4 7 -1 7 5 -1 5 -1 7 5 -1 7 -1 7 6 -1 7 5 6 -1 3 7 6 -1 3 5 -1 1 5 -1 1 7 5 -1 5 -1 7 5 -1 5 -1 7 5 -1 7 -1 7 5 -1 7 -1 7 5 -1 5 -1 7 5 -1 5 -1 7 5 -1 5 -1 1 5 -1 5 -1 1 5 -1 1 7 5 -1 7 5 -1 5 -1 7 5 -1 5 -1 7 5 -1 5 -1 4 7 5 -1 4 7 -1 4 5 -1 4 7 5 6 -1 7 5 -1 5 -1 7 5 6 -1 4 7 -1 7 -1 4 7 -1 7 5 -1 4 7 -1 7 -1 7 5 -1 7 5 6 -1 7 5 -1 7 -1 7 5 -1 5 -1 7 5 -1 7 -1 7 6 -1 7 5 6 -1 7 -1 7 6 -1 7 5 -1 7 5 6 -1 2 7 6 -1 2 4 7 6 -1 7 6 -1 3 7 6 -1 6 -1 7 6 -1 7 5 6 -1 7 5 -1 5 -1 7 5 -1 5 -1 7 5 -1 5 -1 7 5 -1 3 7 5 6 -1 7 5 6 -1 3 7 5 6 -1 3 7 5 -1 4 7 5 6 -1 2 7 6 -1 2 6 -1 2 -1 2 7 -1 7 5 -1 5 -1 7 5 -1 5 6 -1 7 5 6 -1 7 6 -1 4 7 5 -1 5 -1 7 5 -1 7 5 6 -1 6 -1 7 5 6 -1 3 7 6 -1 7 -1 7 6 -1 5 6 -1 6 -1 7 6 -1 2 4 7 5 6 -1 2 4 7 -1 4 7 -1 3 4 7 5 -1 7 5 6 -1 7 6 -1 7 5 6 -1 7 6 -1 2 7 6 -1 2 4 7 5 6 -1 4 7 -1 4 7 5 -1 4 7 -1 4 7 5 -1 4 7 -1 4 7 5 6 -1 7 5 6 -1 7 5 -1 4 7 5 -1 5 6 -1 5 -1 7 5 6 -1 3 7 5 6 -1 1 2 3 5 6 -1 1 2 3 -1 2 -1 1 2 3 -1 2 3 -1 2 3 7 -1 3 7 5 -1 7 5 -1 4 7 5 -1 5 -1 7 5 6 -1 2 5 6 -1 1 6 -1 1 -1 1 6 -1 1 -1 1 6 -1 1 2 6 -1 1 2 7 -1 7 5 -1 7 5 6 -1 7 6 -1 4 7 6 -1 7 5 -1 5 -1 7 6 -1 7 5 6 -1 5 -1 5 6 -1 5 -1 5 6 -1 6 -1 5 6 -1 1 2 5 -1 1 2 -1 1 2 4 5 -1 2 4 7 5 -1 2 7 5 -1 2 5 -1 5 -1 7 5 -1 3 7 6 -1 3 7 5 -1 5 -1 7 5 -1 7 5 6 -1 7 6 -1 3 7 -1 7 -1 7 6 -1 2 4 7 6 -1 2 4 7 5 -1 4 7 5 -1 4 7 -1 4 7 5 -1 5 -1 7 5 6 -1 7 6 -1 7 5 6 -1 7 5 -1 4 7 -1 3 4 7 -1 4 7 -1 4 -1 4 7 -1 7 6 -1 2 6 -1 2 -1 2 4 -1 2 4 7 5 -1 5 -1 7 5 -1 7 -1 7 5 -1 4 7 -1 7 5 -1 4 7 6 -1 7 6 -1 7 -1 7 5 -1 5 -1 7 5 -1 5 -1 7 5 -1 3 7 -1 3 7 5 -1 7 5 -1 5 -1 7 5 -1 3 7 5 -1 3 5 -1 5 -1 7 5 6 -1 4 5 -1 4 7 -1 4 7 5 -1 3 4 5 -1 3 4 7 5 -1 4 7 5 -1 7 5 -1 4 7 5 -1 7 5 -1 5 -1 4 5 -1 2 4 5 -1 7 5 -1 5 -1 7 5 -1 5 -1 5 6 -1 5 -1 5 6 -1 7 5 6 -1 7 6 -1 7 5 6 -1 7 6 -1 7 5 6 -1 7 6 -1 7 5 6 -1 5 6 -1 7 5 6 -1 7 5 -1 3 7 -1 3 7 5 -1 7 5 -1 7 6 -1 2 -1 2 7 -1 2 4 7 -1 4 7 -1 4 7 5 -1 7 5 -1 4 7 5 -1 4 7 -1 4 7 5 -1 7 5 -1 2 7 -1 2 7 5 -1 5 -1 7 5 -1 7 6 -1 7 5 6 -1 7 5 -1 7 5 6 -1 7 5 -1 5 6 -1 5 -1 5 6 -1 7 5 6 -1 7 6 -1 4 7 5 -1 4 5 -1 4 7 5 -1 4 7 6 -1 4 6 -1 4 7 -1 4 7 5 -1 2 4 7 6 -1 2 6 -1 2 5 -1 5 -1 5 6 -1 2 5 -1 2 7 5 6 -1 2 -1 2 3 5 -1 5 6 -1 5 -1 3 7 5 6 -1 7 -1 7 5 -1 5 -1 7 5 -1 5 -1 7 5 6 -1 7 5 -1 1 7 6 -1 1 7 -1 7 -1 7 5 -1 5 -1 7 5 6 -1 5 6 -1 7 5 -1 5 6 -1 7 5 6 -1 5 6 -1 7 5 6 -1 7 6 -1 3 7 5 6 -1 5 6 -1 7 5 6 -1 4 6 -1 4 7 6 -1 3 4 7 6 -1 4 7 -1 7 5 6 -1 5 6 -1 7 5 6 -1 7 5 -1 5 -1 5 6 -1 7 5 6 -1 3 5 6 -1 1 3 5 6 -1 1 -1 1 7 -1 4 7 -1 4 7 5 -1 5 -1 7 5 6 -1 7 5 -1 5 -1 7 5 6 -1 7 5 -1 7 -1 7 5 6 -1 5 6 -1 7 5 6 -1 6 -1 2 7 5 6 -1 1 7 5 -1 1 5 -1 5 -1 7 5 -1 5 -1 7 5 -1 5 -1 7 5 -1 5 -1 3 5 -1 3 7 5 -1 7 -1 2 7 6 -1 2 7 5 -1 7 5 -1 7 5 6 -1 7 6 -1 1 2 6 -1 1 2 7 -1 1 6 -1 1 4 5 6 -1 4 7 6 -1 4 7 5 -1 7 5 -1 5 -1 7 5 -1 7 -1 7 5 -1 4 7 -1 4 7 5 -1 7 5 -1 5 6 -1 7 5 -1 3 7 5 -1 3 5 -1 1 2 3 5 6 -1 1 2 7 -1 7 5 -1 5 -1 7 5 6 -1 5 6 -1 4 7 6 -1 7 6 -1 5 6 -1 7 5 6 -1 7 5 -1 3 7 5 -1 5 -1 7 5 -1 3 7 -1 7 -1 7 5 -1 2 7 5 -1 3 7 5 -1 7 5 -1 7 6 -1 2 7 -1 2 4 7 -1 4 7 5 -1 5 -1 1 5 6 -1 1 5 -1 7 5 6 -1 7 6 -1 6 -1 7 6 -1 6 -1 7 6 -1 7 5 6 -1 7 6 -1 7 5 6 -1 5 6 -1 7 6 -1 3 6 -1 1 2 3 6 -1 1 2 -1 1 2 6 -1 7 6 -1 7 5 6 -1 7 -1 7 5 -1 3 7 5 -1 7 5 -1 7 5 6 -1 6 -1 7 5 6 -1 7 6 -1 3 7 5 6 -1 3 7 6 -1 7 6 -1 7 5 -1 7 5 6 -1 7 5 -1 5 -1 7 5 -1 5 -1 7 5 -1 5 -1 7 5 -1 5 -1 7 5 6 -1 7 6 -1 6 -1 7 6 -1 7 5 6 -1 2 7 5 6 -1 2 5 -1 5 -1 7 5 -1 5 -1 7 5 -1 5 -1 7 5 -1 7 5 6 -1 5 6 -1 5 -1 7 5 -1 5 -1 7 5 -1 7 5 6 -1 7 6 -1 5 -1 7 5 -1 7 5 6 -1 5 6 -1 5 -1 7 5 -1 4 7 5 -1 4 7 -1 4 7 5 -1 7 5 -1 3 7 5 -1 4 7 5 -1 2 7 5 -1 7 5 -1 5 -1 7 5 6 -1 7 5 -1 7 5 6 -1 1 7 6 -1 1 2 7 -1 1 2 4 7 -1 4 7 5 -1 5 -1 7 5 -1 5 -1 7 5 -1 7 -1 7 5 -1 5 -1 7 5 -1 7 5 6 -1 7 6 -1 7 5 6 -1 3 5 -1 7 5 -1 6 -1 7 5 6 -1 7 5 -1 5 -1 7 5 -1 7 5 6 -1 7 5 -1 7 -1 7 5 -1 7 -1 7 5 -1 7 6 -1 7 5 6 -1 7 6 -1 1 7 5 -1 7 5 6 -1 7 6 -1 7 5 6 -1 7 -1 3 7 6 -1 3 7 -1 7 6 -1 3 7 6 -1 2 7 6 -1 1 2 -1 2 4 7 -1 4 7 -1 7 5 -1 5 -1 7 5 -1 7 5 6 -1 6 -1 5 6 -1 3 7 5 6 -1 4 7 6 -1 4 7 5 6 -1 2 7 5 6 -1 2 5 -1 1 2 7 5 -1 1 7 -1 1 7 5 -1 7 5 -1 7 -1 7 5 -1 7 -1 7 5 -1 7 -1 1 7 5 -1 1 5 -1 5 -1 7 5 -1 7 -1 7 5 -1 5 -1 7 5 6 -1 5 6 -1 5 -1 3 7 5 -1 7 5 -1 3 7 5 6 -1 7 5 6 -1 7 6 -1 2 7 6 -1 2 -1 2 7 5 -1 7 5 -1 7 5 6 -1 7 5 -1 7 -1 7 5 -1 7 -1 7 5 -1 5 -1 1 7 5 -1 1 7 -1 7 -1 7 6 -1 1 7 6 -1 7 6 -1 6 -1 5 6 -1 1 5 6 -1 1 7 5 -1 1 7 -1 1 7 5 6 -1 1 5 -1 1 7 5 6 -1 1 7 6 -1 7 5 6 -1 1 5 6 -1 1 5 -1 1 7 5 6 -1 7 5 6 -1 7 6 -1 7 -1 7 5 6 -1 5 6 -1 7 5 6 -1 5 6 -1 5 -1 7 5 -1 7 -1 1 7 -1 1 -1 1 7 -1 1 7 6 -1 1 7 5 -1 7 5 -1 7 5 6 -1 1 5 -1 5 -1 1 5 -1 1 7 5 -1 5 -1 7 5 6 -1 7 6 -1 1 2 7 5 6 -1 1 2 5 -1 2 5 -1 2 7 5 -1 7 5 -1 1 7 5 -1 1 7 -1 1 7 5 -1 5 -1 5 6 -1 7 5 -1 7 5 6 -1 1 7 5 6 -1 1 7 5 -1 7 5 -1 5 -1 7 5 -1 5 -1 7 5 -1 5 -1 7 5 6 -1 7 6 -1 7 5 -1 7 -1 3 7 -1 7 -1 3 7 -1 7 5 -1 7 -1 7 5 -1 1 7 5 -1 1 7 -1 7 5 -1 7 -1 7 5 -1 1 7 -1 7 6 -1 7 -1 7 5 -1 7 -1 7 5 -1 7 6 -1 7 -1 7 5 -1 7 -1 7 5 -1 7 -1 7 6 -1 6 -1 1 7 6 -1 7 6 -1 7 -1 7 6 -1 4 7 6 -1 7 6 -1 3 7 -1 3 7 5 -1 3 7 -1 3 7 5 -1 7 5 -1 7 5 6 -1 7 6 -1 5 6 -1 4 5 6 -1 4 7 5 6 -1 4 7 -1 -2
1 2 -1 1 2 7 -1 1 2 -1 1 2 3 7 -1 3 7 -1 7 -1 1 7 -1 7 -1 2 7 -1 1 7 -1 7 -1 1 7 -1 2 7 -1 7 -1 1 7 -1 7 -1 1 7 -1 7 -1 1 7 -1 7 -1 1 7 -1 7 -1 1 7 -1 7 -1 1 7 -1 7 -1 1 7 5 -1 7 5 -1 7 -1 2 7 -1 7 -1 1 2 7 -1 7 -1 2 7 -1 1 7 -1 1 3 7 -1 1 7 -1 1 -1 1 2 7 -1 1 7 -1 7 -1 1 7 -1 7 -1 1 7 -1 7 -1 7 6 -1 7 -1 1 7 -1 7 -1 1 7 -1 7 -1 1 7 -1 7 -1 1 7 -1 1 3 7 -1 7 -1 1 3 7 -1 7 -1 1 7 -1 7 -1 1 3 7 -1 7 5 -1 7 -1 3 7 -1 1 3 7 -1 7 -1 1 7 -1 7 -1 1 7 -1 1 3 7 -1 1 7 -1 1 2 7 -1 3 7 -1 1 3 7 -1 2 7 -1 2 -1 1 2 7 -1 1 7 -1 2 7 -1 7 -1 2 7 -1 2 -1 2 7 -1 7 -1 2 7 -1 7 -1 2 7 -1 7 -1 2 7 -1 7 -1 2 7 -1 1 7 -1 7 -1 2 7 -1 7 -1 1 7 -1 7 -1 2 -1 1 7 -1 1 3 7 -1 1 7 -1 7 -1 1 7 -1 1 2 7 -1 1 7 -1 2 7 -1 7 -1 2 7 -1 2 -1 1 7 -1 7 -1 1 7 -1 7 -1 1 7 -1 1 3 7 -1 1 7 -1 7 -1 2 7 -1 1 2 7 -1 1 7 -1 7 -1 1 7 -1 7 -1 1 7 -1 1 3 7 -1 1 7 -1 7 -1 3 7 -1 3 -1 1 3 7 -1 1 2 7 -1 1 3 7 -1 1 2 7 -1 1 3 7 -1 1 7 -1 1 2 -1 1 2 7 -1 2 7 -1 7 -1 1 7 -1 7 -1 1 7 -1 7 -1 4 7 -1 2 4 7 -1 2 7 -1 1 2 7 -1 1 7 6 -1 7 -1 1 7 6 -1 1 7 -1 7 6 -1 1 7 -1 2 7 -1 7 -1 7 6 -1 2 7 6 -1 7 6 -1 7 -1 7 6 -1 7 -1 2 7 -1 2 -1 2 7 -1 7 -1 2 7 -1 7 -1 7 6 -1 7 -1 2 4 7 -1 2 4 -1 2 4 7 -1 1 7 5 -1 7 5 6 -1 5 -1 7 5 -1 7 5 6 -1 7 5 -1 7 -1 7 5 -1 7 5 6 -1 7 5 -1 2 4 7 5 -1 2 4 -1 2 4 7 -1 4 7 -1 4 7 5 -1 7 5 -1 2 7 -1 3 -1 1 3 7 -1 7 -1 1 7 -1 1 -1 1 7 -1 1 -1 1 2 7 -1 1 7 -1 7 -1 7 5 -1 7 -1 2 7 5 -1 7 -1 1 7 -1 7 -1 1 7 -1 7 -1 7 5 -1 1 2 7 5 -1 1 2 7 -1 1 7 -1 7 -1 4 7 -1 7 -1 2 7 -1 2 -1 7 6 -1 7 -1 7 6 -1 2 7 6 -1 7 6 -1 7 -1 2 -1 2 3 -1 2 -1 2 7 -1 7 -1 7 5 -1 1 7 -1 1 2 7 -1 1 7 5 -1 1 7 -1 7 -1 7 6 -1 2 5 -1 2 5 6 -1 2 6 -1 7 5 6 -1 7 5 -1 1 7 5 -1 1 7 -1 7 -1 4 7 -1 2 4 7 -1 4 7 -1 7 -1 1 7 -1 1 7 6 -1 1 7 5 6 -1 1 7 6 -1 1 7 -1 7 -1 1 7 -1 1 7 6 -1 7 6 -1 7 -1 2 5 6 -1 2 7 5 6 -1 1 7 6 -1 7 6 -1 1 7 -1 7 6 -1 7 -1 7 6 -1 7 -1 1 7 -1 7 -1 1 7 -1 7 -1 1 7 -1 7 -1 1 7 -1 7 6 -1 1 7 -1 2 7 5 6 -1 7 5 -1 7 -1 7 6 -1 1 7 -1 7 -1 1 7 -1 7 -1 1 7 -1 7 -1 1 7 -1 7 -1 1 7 -1 7 -1 7 5 -1 7 -1 1 2 7 -1 1 2 -1 1 2 7 -1 7 -1 7 5 -1 2 7 -1 1 7 -1 1 2 7 -1 2 7 -1 1 7 -1 7 -1 7 6 -1 7 -1 1 7 6 -1 1 7 -1 7 -1 7 5 -1 2 7 -1 1 2 7 -1 1 2 -1 1 2 4 -1 1 2 7 -1 2 7 -1 7 -1 2 7 -1 1 2 -1 1 -1 1 4 -1 1 7 -1 1 4 7 -1 2 4 7 -1 2 7 -1 7 6 -1 4 7 6 -1 7 5 -1 7 -1 7 5 -1 1 7 6 -1 7 5 -1 1 2 7 6 -1 7 -1 1 7 6 -1 2 7 6 -1 1 7 5 6 -1 7 5 -1 1 7 6 -1 1 7 5 -1 1 7 6 -1 7 5 -1 1 7 -1 7 -1 7 5 -1 7 6 -1 1 7 6 -1 2 7 6 -1 2 6 -1 7 -1 1 7 -1 1 7 6 -1 1 7 -1 1 7 6 -1 7 -1 1 7 -1 1 7 6 -1 7 -1 1 7 6 -1 7 6 -1 1 7 -1 7 -1 1 7 -1 1 7 6 -1 1 7 -1 7 -1 7 6 -1 7 -1 1 7 6 -1 7 -1 1 7 -1 7 -1 1 7 -1 1 2 7 -1 1 3 7 -1 1 7 -1 7 6 -1 1 7 -1 7 -1 1 7 6 -1 1 2 7 6 -1 1 7 6 -1 7 -1 1 7 5 -1 1 7 -1 1 7 5 -1 7 5 -1 7 -1 2 7 -1 7 -1 1 7 -1 2 7 -1 2 -1 4 -1 4 7 -1 1 7 -1 1 2 7 -1 2 -1 7 -1 1 7 -1 7 -1 1 7 6 -1 7 6 -1 1 7 -1 7 -1 1 7 -1 1 -1 1 2 7 -1 2 7 -1 7 -1 2 7 6 -1 2 -1 2 7 -1 7 -1 2 7 -1 2 -1 2 7 -1 7 -1 1 7 -1 1 7 6 -1 7 -1 2 7 -1 1 7 -1 1 3 7 -1 1 3 -1 1 3 6 -1 6 -1 2 7 6 -1 2 7 -1 2 7 6 -1 2 7 -1 2 -1 7 -1 2 7 -1 2 6 -1 7 -1 1 7 -1 7 -1 4 7 -1 1 4 7 -1 7 -1 1 7 -1 7 -1 1 7 -1 7 -1 1 7 -1 7 -1 7 5 -1 7 -1 1 7 -1 7 -1 1 7 -1 7 -1 1 7 -1 7 -1 1 7 -1 7 -1 1 7 -1 1 2 7 -1 2 7 -1 1 7 -1 7 -1 1 7 -1 7 -1 1 7 -1 7 -1 1 7 -1 1 7 6 -1 1 2 7 6 -1 1 2 7 -1 2 7 -1 2 -1 -2
1 7 -1 7 -1 1 7 5 6 -1 7 5 -1 1 5 -1 1 7 5 -1 7 6 -1 1 7 5 -1 7 5 -1 1 7 5 -1 7 5 -1 7 6 -1 7 5 -1 7 6 -1 7 -1 7 6 -1 7 -1 7 6 -1 7 -1 7 6 -1 7 -1 7 6 -1 7 -1 7 6 -1 7 -1 7 6 -1 7 -1 7 6 -1 7 -1 7 6 -1 7 5 -1 7 -1 7 6 -1 7 -1 1 7 -1 1 7 5 -1 7 5 -1 7 -1 7 5 -1 1 7 5 6 -1 1 7 6 -1 1 7 5 6 -1 1 7 5 -1 7 6 -1 7 -1 7 5 -1 7 -1 7 5 -1 7 -1 7 6 -1 7 -1 7 6 -1 7 5 6 -1 7 -1 7 6 -1 7 5 -1 7 -1 7 6 -1 7 5 -1 7 6 -1 7 -1 7 5 6 -1 7 -1 7 6 -1 7 -1 7 6 -1 7 5 6 -1 1 7 5 -1 7 5 -1 1 7 5 -1 7 -1 4 7 -1 7 -1 7 5 6 -1 7 6 -1 7 -1 7 6 -1 7 -1 7 6 -1 1 7 6 -1 7 6 -1 7 5 6 -1 7 6 -1 7 -1 7 6 -1 7 -1 7 5 6 -1 7 5 -1 1 7 5 6 -1 7 5 6 -1 7 5 -1 7 6 -1 7 5 6 -1 7 -1 7 6 -1 7 -1 7 5 6 -1 7 -1 7 6 -1 7 5 6 -1 7 5 -1 7 -1 7 6 -1 7 5 6 -1 1 7 5 -1 7 -1 7 5 -1 7 -1 1 7 -1 1 7 5 -1 7 5 -1 1 7 5 -1 7 5 -1 1 7 5 -1 7 5 -1 1 5 -1 1 7 5 -1 1 5 -1 7 5 -1 1 7 5 -1 7 -1 7 5 -1 7 -1 7 5 -1 7 -1 1 7 6 -1 1 7 5 -1 1 7 5 6 -1 1 7 5 -1 1 5 -1 1 5 6 -1 1 7 5 -1 4 7 5 -1 7 5 6 -1 1 7 5 6 -1 1 5 -1 1 7 5 -1 7 5 -1 7 -1 1 7 5 -1 7 5 -1 7 -1 7 5 -1 7 -1 7 5 -1 1 7 5 -1 1 7 -1 1 7 5 -1 1 7 -1 1 7 5 -1 7 5 -1 7 -1 7 5 -1 7 5 6 -1 7 5 -1 7 5 6 -1 7 6 -1 7 5 6 -1 7 6 -1 4 7 5 6 -1 7 5 6 -1 5 6 -1 7 5 6 -1 7 6 -1 7 5 6 -1 7 6 -1 7 5 6 -1 1 7 5 6 -1 1 7 -1 7 5 6 -1 4 7 5 -1 7 5 -1 2 7 -1 7 -1 2 7 -1 7 -1 4 7 -1 4 7 6 -1 4 7 -1 4 6 -1 4 -1 4 6 -1 4 -1 4 6 -1 4 7 5 6 -1 2 4 6 -1 1 2 4 -1 2 4 7 -1 4 7 5 -1 2 4 7 5 -1 4 7 5 -1 4 7 5 6 -1 4 7 5 -1 4 7 6 -1 4 7 5 -1 4 7 -1 4 7 5 6 -1 7 5 -1 1 7 -1 7 -1 7 5 -1 7 -1 7 5 -1 7 -1 7 5 -1 7 -1 7 5 6 -1 7 5 -1 4 7 -1 4 7 5 -1 7 -1 7 5 -1 1 7 5 -1 7 5 -1 1 7 5 -1 7 5 -1 7 -1 1 7 -1 1 7 5 -1 7 5 -1 7 6 -1 7 -1 4 7 -1 1 2 7 -1 1 7 5 -1 7 -1 7 5 -1 7 -1 7 6 -1 7 -1 7 6 -1 7 -1 7 5 -1 7 -1 7 5 6 -1 4 7 5 6 -1 4 6 -1 4 5 6 -1 4 6 -1 4 5 6 -1 5 6 -1 4 5 6 -1 7 5 6 -1 5 6 -1 7 5 6 -1 7 6 -1 6 -1 1 6 -1 7 6 -1 6 -1 2 7 6 -1 7 6 -1 1 2 4 7 6 -1 4 7 6 -1 7 6 -1 1 7 6 -1 4 7 6 -1 7 6 -1 6 -1 5 6 -1 4 6 -1 7 6 -1 6 -1 5 6 -1 4 6 -1 6 -1 4 5 6 -1 4 6 -1 4 5 6 -1 2 4 6 -1 2 4 7 5 6 -1 2 4 5 6 -1 2 4 6 -1 4 5 6 -1 6 -1 2 4 5 6 -1 4 7 6 -1 2 4 7 6 -1 7 6 -1 7 -1 7 6 -1 1 2 7 -1 1 2 7 6 -1 1 2 7 -1 1 2 4 7 6 -1 1 4 7 6 -1 1 7 -1 1 2 7 6 -1 1 2 4 7 6 -1 1 2 7 -1 1 2 4 7 6 -1 1 7 6 -1 1 2 7 -1 1 2 -1 1 2 4 -1 1 2 -1 2 7 -1 1 2 7 -1 1 2 -1 2 4 -1 4 -1 4 7 -1 2 4 -1 4 -1 1 2 4 -1 2 4 -1 2 4 7 -1 2 4 -1 1 2 4 -1 2 4 -1 2 4 7 -1 1 2 4 -1 2 4 7 -1 1 2 4 -1 2 4 -1 4 -1 2 4 -1 4 -1 2 4 -1 4 -1 1 2 4 7 -1 1 2 -1 1 2 4 -1 1 2 -1 2 -1 1 2 4 -1 2 4 -1 2 4 6 -1 4 6 -1 2 4 5 -1 4 7 -1 4 -1 4 7 -1 4 -1 4 6 -1 2 4 6 -1 4 7 6 -1 4 7 -1 4 -1 4 7 -1 4 -1 4 7 -1 4 -1 4 7 -1 4 -1 4 7 -1 4 6 -1 2 4 6 -1 4 7 -1 4 6 -1 4 7 -1 4 7 6 -1 4 7 -1 2 4 7 6 -1 4 6 -1 2 4 6 -1 4 6 -1 4 7 6 -1 4 6 -1 2 4 6 -1 4 7 6 -1 4 7 -1 4 -1 4 7 6 -1 4 7 -1 2 4 7 6 -1 4 7 -1 4 7 6 -1 4 6 -1 4 7 6 -1 4 7 -1 4 7 6 -1 4 6 -1 4 7 6 -1 4 7 -1 4 7 6 -1 4 7 -1 2 4 7 6 -1 4 7 6 -1 4 6 -1 2 4 -1 4 6 -1 2 4 6 -1 1 2 4 6 -1 1 2 4 7 6 -1 4 -1 4 7 -1 4 7 6 -1 4 7 -1 4 7 6 -1 4 7 -1 4 7 6 -1 4 6 -1 4 7 6 -1 4 -1 4 7 5 -1 4 7 -1 4 -1 4 7 -1 4 -1 4 7 6 -1 4 7 -1 4 7 6 -1 4 7 -1 7 -1 7 6 -1 7 -1 7 6 -1 7 -1 7 5 -1 7 -1 7 6 -1 7 5 -1 7 6 -1 1 7 -1 1 7 6 -1 7 6 -1 7 -1 7 6 -1 7 5 -1 7 5 6 -1 7 6 -1 1 7 -1 7 -1 7 6 -1 1 7 6 -1 1 7 -1 7 -1 1 7 -1 2 4 7 -1 7 6 -1 7 -1 7 6 -1 1 7 6 -1 7 6 -1 7 -1 1 7 -1 7 -1 1 7 -1 7 6 -1 7 -1 2 7 -1 2 -1 2 4 -1 2 4 7 6 -1 4 5 6 -1 4 7 6 -1 1 7 6 -1 1 4 7 -1 1 7 -1 7 6 -1 1 7 6 -1 1 4 7 6 -1 4 7 6 -1 7 6 -1 4 7 6 -1 4 7 -1 4 7 6 -1 7 6 -1 2 4 7 -1 4 7 -1 1 7 -1 1 2 7 -1 1 7 -1 1 7 6 -1 7 6 -1 7 -1 1 7 -1 1 2 7 6 -1 2 4 7 6 -1 2 4 7 -1 2 4 -1 2 4 7 -1 4 7 6 -1 1 4 7 6 -1 1 7 -1 4 7 -1 1 7 -1 7 -1 1 7 -1 2 4 7 6 -1 4 7 6 -1 4 7 -1 7 -1 7 6 -1 4 7 6 -1 4 7 -1 2 7 6 -1 2 4 7 6 -1 2 4 7 -1 4 7 6 -1 7 -1 7 6 -1 1 7 -1 7 6 -1 4 7 6 -1 2 7 6 -1 4 7 6 -1 4 6 -1 4 7 6 -1 1 7 6 -1 1 4 7 6 -1 2 4 6 -1 7 6 -1 4 7 6 -1 -2
1 7 -1 1 7 5 -1 1 5 -1 7 5 -1 1 7 -1 7 -1 1 7 -1 7 -1 1 7 -1 7 -1 1 7 -1 1 7 5 -1 1 5 -1 1 7 5 -1 1 -1 1 7 -1 1 -1 1 7 -1 1 7 5 -1 1 7 -1 1 -1 1 5 -1 1 7 5 -1 1 7 -1 7 -1 7 5 -1 1 7 -1 1 -1 1 7 -1 1 -1 1 7 -1 7 -1 1 7 -1 1 -1 1 7 -1 1 -1 1 7 -1 7 -1 1 7 -1 7 -1 1 7 -1 1 7 6 -1 7 6 -1 7 -1 1 7 -1 7 -1 1 7 -1 1 -1 1 7 -1 7 -1 1 7 -1 7 -1 1 7 -1 1 7 5 -1 7 -1 7 5 -1 7 -1 4 7 -1 7 -1 1 7 -1 1 -1 1 7 5 -1 7 5 -1 1 7 5 -1 7 -1 1 7 -1 1 -1 1 7 -1 7 -1 1 7 -1 1 7 5 -1 1 7 -1 1 -1 1 7 -1 1 -1 1 7 -1 1 3 7 -1 1 3 -1 1 -1 1 7 -1 1 3 7 -1 1 7 -1 1 -1 1 7 -1 7 -1 1 7 -1 1 -1 1 7 -1 1 -1 1 7 -1 7 -1 1 7 -1 1 4 7 -1 4 7 -1 1 7 5 -1 5 -1 7 5 -1 7 -1 7 5 -1 1 7 -1 7 -1 1 7 5 -1 1 -1 1 7 -1 1 -1 1 7 -1 1 -1 1 7 -1 7 -1 1 7 -1 7 5 -1 7 -1 1 7 -1 3 7 -1 7 -1 1 7 -1 7 5 -1 7 -1 1 7 -1 1 -1 1 7 -1 1 -1 1 7 -1 7 -1 1 7 -1 1 3 7 -1 3 7 -1 7 -1 3 7 -1 1 7 -1 1 7 5 6 -1 1 5 6 -1 7 -1 1 7 -1 1 -1 1 7 -1 7 -1 3 7 -1 7 6 -1 3 7 6 -1 1 7 -1 1 2 7 -1 2 3 7 6 -1 1 7 -1 1 3 7 -1 1 7 -1 1 3 7 -1 3 7 -1 2 7 -1 3 7 6 -1 7 -1 7 5 -1 7 -1 3 7 -1 7 -1 7 5 -1 7 -1 1 7 -1 1 7 5 -1 7 5 -1 7 -1 7 5 -1 3 7 5 -1 7 5 -1 7 -1 7 5 -1 7 -1 7 5 -1 7 -1 7 5 -1 7 -1 7 5 -1 7 -1 7 5 -1 7 -1 7 5 -1 7 -1 7 5 -1 7 -1 7 5 -1 5 -1 7 5 -1 7 -1 7 5 -1 2 7 5 -1 2 7 6 -1 7 5 6 -1 5 -1 7 5 -1 1 7 5 -1 1 7 -1 7 5 -1 1 7 6 -1 7 6 -1 4 7 6 -1 4 6 -1 4 -1 4 7 -1 1 4 7 -1 1 -1 1 7 6 -1 1 -1 1 7 6 -1 1 7 -1 1 -1 1 7 -1 1 4 7 6 -1 4 7 6 -1 7 6 -1 7 -1 7 6 -1 7 -1 7 6 -1 1 7 6 -1 1 7 -1 7 6 -1 6 -1 7 6 -1 7 -1 4 7 6 -1 7 6 -1 6 -1 7 5 6 -1 1 7 5 -1 7 5 6 -1 7 -1 7 5 -1 5 -1 7 5 -1 5 -1 3 7 5 -1 3 7 -1 7 5 -1 3 7 -1 7 -1 7 5 -1 1 4 7 5 6 -1 1 5 -1 7 5 -1 7 -1 7 5 -1 7 -1 7 5 -1 7 -1 7 5 -1 7 -1 7 5 -1 7 -1 7 5 -1 7 -1 7 5 -1 7 -1 3 4 7 -1 3 7 -1 1 3 7 5 -1 1 7 -1 1 7 6 -1 1 7 -1 7 -1 7 5 -1 1 5 -1 1 -1 1 7 -1 7 -1 1 7 -1 7 -1 7 5 -1 7 -1 7 5 -1 7 -1 7 5 -1 7 -1 7 5 -1 7 -1 1 7 -1 7 -1 7 5 -1 1 7 5 -1 1 5 -1 5 -1 1 5 -1 1 7 5 -1 7 5 -1 1 7 -1 1 2 7 -1 1 7 -1 7 -1 3 7 -1 3 7 6 -1 1 7 -1 7 -1 1 7 -1 7 -1 7 5 -1 5 -1 7 5 -1 5 -1 7 5 -1 1 7 -1 7 -1 7 5 -1 7 -1 7 5 -1 5 -1 7 5 -1 5 -1 7 5 -1 7 -1 1 7 5 -1 5 -1 7 5 -1 5 -1 7 5 -1 5 -1 7 5 -1 1 3 7 5 -1 1 3 7 -1 1 7 -1 7 -1 1 7 -1 7 -1 1 7 -1 7 -1 1 7 -1 7 -1 7 6 -1 1 7 5 -1 7 -1 7 6 -1 7 5 6 -1 7 5 -1 7 -1 7 5 -1 7 -1 1 7 -1 7 5 -1 7 -1 7 6 -1 7 5 -1 1 7 5 -1 1 7 -1 7 5 -1 1 7 5 -1 5 -1 1 5 -1 5 -1 1 5 -1 1 7 5 -1 7 -1 1 7 -1 7 -1 7 5 -1 7 -1 1 7 -1 7 5 -1 1 7 5 -1 1 5 -1 5 -1 1 5 -1 1 7 -1 1 7 5 -1 7 5 -1 1 7 5 -1 1 7 -1 7 -1 1 7 -1 1 7 5 -1 5 -1 1 5 -1 1 7 -1 1 7 5 -1 7 5 -1 5 -1 1 5 -1 1 7 5 -1 7 5 -1 7 -1 1 7 -1 7 -1 3 7 -1 7 -1 6 -1 7 6 -1 7 -1 3 7 -1 7 -1 1 7 -1 7 -1 1 7 -1 7 -1 1 7 -1 7 -1 7 5 -1 5 -1 7 5 -1 7 -1 7 5 -1 7 -1 1 7 -1 1 -1 1 7 -1 1 -1 1 7 -1 7 -1 7 5 -1 1 7 -1 7 5 -1 1 7 5 -1 7 5 -1 5 -1 1 5 -1 1 7 5 -1 7 5 -1 7 -1 7 5 -1 7 -1 7 5 -1 7 -1 1 7 -1 1 3 7 5 -1 7 -1 3 7 -1 7 -1 1 3 7 -1 3 7 -1 7 -1 2 7 -1 1 2 7 -1 1 7 -1 1 7 6 -1 6 -1 1 7 6 -1 7 -1 1 7 -1 7 -1 7 5 -1 7 -1 1 7 -1 1 7 5 -1 7 5 -1 1 7 5 -1 1 5 -1 1 7 5 -1 1 -1 1 5 -1 1 7 5 -1 7 5 -1 1 7 5 -1 1 -1 1 7 5 -1 7 -1 1 7 -1 7 5 -1 7 -1 1 7 5 -1 7 5 -1 3 7 5 -1 7 5 -1 5 -1 1 5 -1 1 7 5 -1 7 5 -1 5 -1 7 5 -1 1 7 -1 1 7 5 -1 1 7 -1 1 3 7 -1 1 2 7 6 -1 2 5 6 -1 7 5 -1 7 -1 7 5 -1 1 7 -1 7 5 -1 7 -1 7 5 -1 1 7 5 -1 7 5 -1 1 7 -1 1 7 6 -1 7 6 -1 1 7 -1 1 -1 1 7 5 -1 7 -1 3 7 -1 1 3 7 -1 1 -1 1 7 6 -1 1 7 5 -1 7 5 -1 1 7 5 -1 1 7 -1 1 7 5 -1 1 7 -1 7 -1 1 7 -1 3 7 -1 1 3 7 -1 1 7 -1 7 5 -1 3 7 5 -1 2 3 7 5 -1 1 2 -1 1 2 7 -1 1 2 -1 1 2 7 -1 7 5 -1 7 -1 7 5 -1 7 -1 7 5 -1 7 -1 3 7 -1 7 -1 1 7 -1 7 -1 1 7 -1 1 7 5 -1 7 5 -1 1 7 -1 1 -1 1 7 -1 1 -1 1 7 -1 1 -1 1 7 6 -1 1 6 -1 1 7 -1 1 -1 1 7 -1 1 -1 1 7 5 -1 1 -1 1 2 -1 1 7 -1 1 4 7 -1 1 7 6 -1 1 -1 1 3 7 -1 1 3 -1 1 7 -1 1 -1 1 7 -1 1 -1 1 7 -1 7 -1 1 7 -1 1 -1 1 3 4 -1 3 4 -1 3 4 7 -1 7 5 -1 5 -1 1 7 5 -1 1 7 -1 1 7 5 6 -1 1 7 5 -1 7 -1 1 7 5 -1 1 7 -1 7 -1 2 7 -1 2 -1 2 7 -1 7 -1 1 7 -1 1 -1 1 7 -1 7 -1 1 7 -1 1 -1 1 5 -1 1 7 5 -1 1 7 -1 1 7 5 -1 7 5 -1 7 -1 3 7 -1 1 3 7 -1 1 7 -1 1 7 5 -1 7 5 -1 7 -1 1 7 5 -1 1 7 -1 7 -1 2 7 -1 1 4 7 -1 1 7 -1 7 -1 1 7 -1 1 4 7 -1 1 -1 1 6 -1 1 2 6 -1 2 -1 1 2 -1 1 3 6 -1 3 7 6 -1 7 -1 7 5 -1 1 7 5 -1 7 -1 1 7 -1 1 7 6 -1 7 6 -1 1 7 -1 1 -1 1 7 -1 2 7 -1 1 2 5 -1 1 7 5 -1 1 -1 1 7 -1 1 -1 1 6 -1 1 7 6 -1 1 6 -1 1 7 6 -1 1 7 -1 7 -1 7 6 -1 7 -1 3 7 -1 1 7 -1 1 2 7 -1 1 7 -1 1 7 5 -1 1 7 -1 1 7 5 -1 1 5 -1 1 7 5 6 -1 1 7 -1 1 -1 1 6 -1 1 7 -1 7 5 -1 1 7 -1 1 2 -1 1 -1 1 7 -1 7 -1 7 6 -1 2 7 6 -1 2 7 -1 2 3 7 -1 2 7 -1 1 2 7 -1 1 6 -1 1 -1 1 5 -1 1 7 -1 1 -1 1 2 -1 1 -1 1 7 -1 1 -1 1 3 -1 1 -1 1 7 -1 1 -1 1 2 -1 1 7 -1 1 -1 1 3 -1 1 -1 1 3 -1 1 -1 1 3 7 -1 1 3 7 5 -1 3 7 -1 3 4 7 -1 3 4 -1 -2
2 7 -1 7 -1 1 7 -1 7 -1 7 5 -1 1 7 5 -1 7 -1 7 5 -1 7 -1 1 7 -1 1 7 5 -1 7 -1 1 7 -1 7 -1 1 7 -1 7 -1 7 5 -1 7 -1 7 5 -1 7 -1 7 5 -1 7 -1 7 5 -1 1 7 5 -1 7 -1 7 5 -1 1 7 -1 7 -1 1 7 5 -1 7 5 -1 7 -1 1 7 -1 1 7 6 -1 1 7 -1 1 7 5 -1 1 7 -1 1 3 7 -1 1 7 -1 7 -1 1 3 7 -1 1 7 -1 1 3 7 -1 1 7 -1 1 7 5 -1 1 7 -1 7 -1 1 7 -1 1 7 5 -1 1 7 -1 7 -1 1 7 -1 7 -1 7 5 -1 7 -1 1 7 -1 3 7 -1 1 7 -1 7 -1 7 5 -1 3 7 -1 7 -1 1 7 5 -1 7 -1 1 7 -1 7 -1 1 7 -1 1 7 5 -1 1 7 6 -1 1 7 -1 1 7 5 -1 1 7 -1 7 -1 7 5 -1 7 -1 4 7 -1 3 7 -1 7 5 -1 7 -1 1 7 -1 1 7 5 -1 1 7 -1 1 2 7 6 -1 1 7 6 -1 1 7 -1 1 3 7 -1 1 7 -1 1 3 7 -1 1 7 -1 1 7 5 -1 1 3 7 -1 1 7 -1 7 -1 1 7 -1 1 7 5 -1 2 7 5 -1 2 7 -1 7 5 -1 1 7 5 -1 1 7 -1 7 -1 1 7 -1 1 7 5 -1 1 7 -1 7 5 -1 1 7 -1 7 -1 1 7 -1 7 -1 7 5 -1 1 7 5 -1 7 -1 7 5 -1 7 -1 1 7 5 -1 1 7 -1 1 7 5 -1 7 5 -1 1 7 5 -1 7 5 -1 1 7 -1 1 7 5 -1 7 5 -1 1 7 5 -1 7 5 -1 1 7 5 -1 7 5 -1 1 7 5 -1 1 2 7 -1 1 7 -1 1 3 7 -1 1 7 -1 1 3 7 -1 1 7 -1 7 5 -1 7 -1 7 5 -1 1 7 5 -1 7 5 -1 1 7 5 -1 1 2 7 6 -1 7 6 -1 1 7 -1 1 -1 1 7 -1 7 5 -1 1 7 5 -1 7 5 -1 2 4 7 5 -1 2 4 7 -1 7 5 -1 5 -1 7 5 -1 1 7 5 -1 7 5 -1 7 5 6 -1 1 7 5 -1 1 7 -1 1 7 5 -1 1 7 -1 7 5 -1 1 7 5 -1 7 5 -1 1 7 5 -1 7 5 -1 1 7 5 -1 7 5 -1 2 7 5 -1 7 5 -1 2 7 6 -1 1 7 6 -1 1 7 -1 1 7 5 -1 7 5 -1 1 7 -1 2 7 6 -1 1 7 6 -1 1 7 -1 1 7 6 -1 1 7 -1 1 2 7 5 -1 2 7 -1 2 -1 2 7 -1 7 -1 1 7 5 -1 7 5 -1 5 -1 3 5 -1 3 7 5 -1 7 5 -1 3 7 5 -1 2 3 5 -1 7 5 -1 7 -1 1 7 5 -1 4 -1 4 7 -1 7 -1 7 5 -1 1 7 5 -1 7 5 6 -1 1 7 6 -1 1 7 5 -1 4 7 5 -1 4 7 -1 2 4 7 -1 4 7 -1 2 4 7 -1 4 7 -1 7 5 6 -1 7 -1 7 5 -1 7 -1 7 5 -1 7 -1 7 5 -1 7 -1 7 5 -1 7 -1 7 5 -1 1 7 -1 1 2 7 -1 1 2 7 6 -1 1 7 6 -1 1 7 -1 7 5 -1 3 7 5 -1 3 -1 3 7 5 -1 1 7 5 6 -1 1 7 6 -1 1 7 -1 7 5 -1 7 -1 7 5 -1 1 7 5 -1 7 5 -1 3 5 -1 3 7 5 -1 7 5 -1 2 7 5 -1 7 5 -1 5 -1 3 7 5 -1 7 5 -1 5 -1 1 2 7 6 -1 1 7 -1 7 5 -1 7 -1 7 5 -1 1 7 5 -1 7 5 -1 1 7 5 -1 7 5 -1 1 2 7 6 -1 1 2 6 -1 1 7 6 -1 1 6 -1 1 7 6 -1 1 7 -1 7 -1 7 5 -1 7 -1 1 7 5 -1 1 7 -1 7 -1 1 7 5 -1 1 7 -1 1 7 5 -1 1 7 -1 7 5 -1 7 -1 7 5 -1 1 7 5 -1 1 7 -1 7 -1 1 7 -1 7 6 -1 1 7 6 -1 1 7 -1 1 7 6 -1 1 7 -1 7 -1 2 7 -1 7 -1 7 5 -1 2 7 -1 7 5 -1 1 7 5 -1 7 5 -1 1 7 5 -1 7 5 -1 1 7 5 -1 7 5 -1 1 7 5 -1 1 7 -1 7 -1 7 5 -1 7 5 6 -1 1 7 6 -1 7 -1 1 7 5 -1 1 7 -1 7 5 -1 1 7 5 -1 7 5 -1 1 7 5 -1 1 7 -1 7 5 -1 5 -1 7 5 6 -1 2 7 6 -1 7 5 -1 1 7 5 -1 7 5 -1 1 7 5 -1 7 5 -1 1 7 5 -1 7 5 -1 7 5 6 -1 6 -1 1 7 6 -1 1 7 5 -1 7 5 -1 1 7 -1 7 -1 7 5 -1 2 7 5 -1 2 3 7 -1 3 4 -1 3 4 7 -1 3 4 5 -1 3 4 -1 2 3 4 7 5 -1 3 4 7 5 -1 3 4 5 -1 3 4 7 5 -1 2 3 4 7 -1 4 7 -1 3 4 7 -1 4 7 -1 3 4 -1 3 4 7 -1 2 4 7 -1 3 4 7 -1 4 7 -1 2 4 7 -1 2 4 -1 2 4 7 -1 3 4 7 5 -1 4 7 -1 2 4 7 -1 3 4 7 -1 2 3 7 5 -1 1 7 5 -1 1 7 -1 7 -1 7 5 -1 7 -1 7 5 -1 1 7 5 6 -1 1 -1 1 7 -1 1 7 6 -1 1 6 -1 7 6 -1 1 7 -1 7 -1 7 5 -1 1 7 6 -1 1 7 -1 7 -1 1 7 -1 1 2 7 -1 1 2 7 5 -1 7 5 6 -1 7 6 -1 2 7 5 6 -1 3 5 -1 3 7 5 -1 3 -1 2 3 5 -1 2 3 7 5 -1 3 5 -1 2 3 5 -1 2 7 5 -1 7 5 -1 7 -1 7 5 -1 5 -1 7 5 -1 1 7 5 -1 1 7 6 -1 1 7 -1 7 5 -1 7 -1 1 7 -1 7 -1 1 7 -1 6 -1 7 6 -1 7 -1 1 -1 1 7 -1 1 7 5 -1 7 5 -1 1 7 5 -1 7 5 -1 2 -1 2 7 5 -1 1 7 5 6 -1 1 7 -1 1 7 5 -1 1 7 -1 7 5 -1 1 7 -1 7 5 -1 7 -1 1 7 5 -1 7 5 -1 1 7 5 -1 7 5 -1 1 7 5 -1 7 5 -1 7 -1 7 5 -1 1 7 5 -1 7 5 -1 2 7 5 -1 2 7 -1 1 7 6 -1 7 5 6 -1 2 7 5 6 -1 1 2 7 6 -1 1 7 -1 1 3 7 -1 1 7 -1 7 5 -1 7 -1 1 7 5 -1 7 5 -1 1 7 5 -1 1 7 -1 1 7 5 -1 1 7 -1 1 7 5 -1 1 7 -1 1 3 7 -1 7 -1 1 2 3 4 7 5 6 -1 1 7 -1 1 -1 1 2 -1 1 7 -1 1 7 5 -1 7 5 -1 7 -1 7 5 -1 1 7 5 -1 7 5 -1 7 -1 7 5 -1 7 -1 7 5 -1 7 -1 1 7 -1 1 5 -1 1 2 7 5 -1 1 7 -1 7 5 -1 7 -1 7 5 -1 1 7 5 -1 7 5 -1 7 -1 1 7 5 -1 1 7 -1 7 5 -1 1 7 -1 7 -1 1 7 5 -1 1 3 7 5 -1 3 7 5 -1 1 7 5 -1 1 7 -1 7 -1 2 7 -1 7 -1 7 5 -1 7 -1 1 7 6 -1 1 7 -1 7 -1 1 7 -1 7 5 -1 1 7 5 -1 7 5 -1 1 7 -1 7 -1 1 7 5 -1 7 5 -1 1 7 5 -1 7 5 -1 1 7 6 -1 1 2 7 -1 7 -1 1 7 -1 7 -1 3 7 5 -1 7 -1 1 7 -1 1 3 7 -1 1 7 -1 1 3 7 -1 7 -1 7 5 -1 7 -1 3 7 -1 3 7 5 -1 7 -1 7 5 -1 1 7 5 -1 7 5 -1 7 -1 1 7 -1 7 -1 7 5 -1 3 7 5 -1 3 7 -1 7 -1 1 2 7 -1 7 -1 1 3 7 -1 7 -1 7 5 -1 1 7 5 -1 7 5 -1 1 7 5 -1 7 -1 1 7 -1 7 5 -1 1 7 5 -1 1 7 -1 1 3 7 -1 1 7 -1 7 -1 7 5 -1 3 4 7 -1 4 7 -1 3 7 -1 1 7 -1 7 -1 1 7 -1 7 -1 1 7 -1 1 7 5 -1 1 7 -1 7 -1 4 7 -1 7 -1 1 7 -1 7 -1 7 5 -1 7 -1 3 7 -1 7 -1 7 5 -1 7 -1 7 5 -1 7 -1 7 5 -1 7 -1 1 7 -1 1 7 5 -1 1 7 -1 1 7 5 -1 1 7 -1 1 7 5 -1 7 -1 1 7 -1 7 -1 7 5 -1 7 -1 7 5 -1 7 -1 7 5 -1 7 -1 7 5 -1 1 7 -1 7 5 -1 1 7 5 -1 7 5 -1 7 -1 1 7 -1 7 -1 7 5 -1 7 -1 1 7 -1 7 5 -1 7 -1 1 7 -1 1 7 5 -1 7 5 -1 7 -1 7 5 -1 7 -1 7 5 -1 1 7 -1 7 -1 7 5 -1 1 7 5 -1 7 5 -1 1 7 5 -1 2 7 -1 4 7 -1 7 -1 2 7 -1 2 7 6 -1 7 5 -1 2 7 -1 1 7 -1 7 5 -1 7 -1 1 7 -1 7 -1 2 7 -1 2 7 5 -1 7 5 -1 2 7 -1 2 6 -1 2 5 6 -1 7 5 -1 7 -1 7 5 -1 1 7 5 -1 7 5 -1 1 7 6 -1 1 7 5 -1 7 5 -1 1 7 5 -1 7 -1 1 7 -1 7 -1 1 7 -1 1 3 7 -1 1 7 5 -1 7 5 -1 1 7 5 -1 1 2 7 6 -1 1 3 7 -1 3 7 -1 7 -1 3 7 -1 1 7 5 -1 7 5 -1 1 7 -1 1 3 7 5 -1 1 7 -1 7 -1 1 7 -1 7 -1 1 7 -1 7 -1 1 7 -1 7 5 -1 7 -1 3 7 5 -1 7 5 -1 7 -1 1 7 -1 7 -1 3 7 5 -1 7 5 -1 7 -1 7 5 -1 7 -1 7 5 -1 7 -1 7 5 -1 7 -1 7 5 -1 7 -1 7 5 -1 7 -1 7 5 -1 1 7 5 -1 7 -1 7 5 -1 1 7 -1 7 -1 1 7 -1 7 -1 1 7 -1 7 -1 1 7 -1 7 -1 4 7 -1 7 -1 7 5 -1 7 -1 7 5 -1 7 -1 7 5 -1 7 -1 7 5 -1 7 -1 7 5 -1 1 7 5 -1 7 5 -1 7 -1 7 5 -1 7 -1 7 5 -1 1 7 5 -1 7 5 -1 2 7 5 -1 2 4 7 -1 2 3 4 -1 -2
4 7 -1 1 4 7 -1 7 -1 4 7 -1 7 -1 4 7 -1 7 -1 7 5 -1 7 -1 4 7 -1 7 -1 4 7 -1 7 -1 4 7 -1 7 -1 4 7 -1 7 -1 7 5 -1 7 -1 7 5 -1 4 7 -1 7 -1 7 5 -1 4 7 -1 1 7 -1 7 -1 4 7 -1 7 -1 4 7 -1 7 -1 4 7 -1 7 -1 7 5 -1 7 -1 7 5 -1 7 -1 4 7 -1 7 5 -1 4 7 5 -1 7 5 -1 7 -1 7 5 -1 7 -1 7 5 -1 7 -1 4 7 5 -1 7 -1 7 5 -1 7 -1 4 7 -1 7 -1 4 7 -1 1 7 -1 7 -1 7 5 -1 7 -1 7 5 -1 7 -1 1 7 -1 7 -1 4 7 -1 4 -1 4 7 -1 7 -1 1 7 -1 1 4 7 -1 1 7 -1 7 -1 1 7 5 -1 7 5 -1 7 -1 1 7 -1 1 4 7 -1 7 -1 7 5 -1 7 -1 7 5 -1 7 -1 7 6 -1 7 -1 7 5 -1 7 -1 7 5 -1 7 -1 4 7 -1 4 7 5 -1 1 7 5 -1 7 5 -1 7 -1 7 5 -1 7 6 -1 7 -1 7 5 -1 7 -1 1 4 7 5 -1 7 -1 1 7 -1 7 -1 7 5 -1 7 -1 1 7 -1 7 -1 1 7 -1 1 7 5 -1 7 -1 7 5 -1 1 7 5 -1 1 5 -1 1 7 5 -1 7 5 -1 7 -1 7 5 -1 1 7 5 -1 7 5 -1 1 7 5 -1 4 7 5 -1 4 7 -1 7 -1 7 6 -1 7 -1 7 6 -1 7 -1 1 7 5 -1 7 -1 4 7 -1 7 -1 7 6 -1 7 -1 7 6 -1 7 -1 7 6 -1 7 -1 7 6 -1 7 -1 7 5 -1 7 -1 7 5 -1 7 -1 7 5 -1 5 -1 7 5 -1 5 -1 7 5 -1 5 -1 7 5 -1 1 7 5 -1 7 5 -1 1 7 5 -1 7 -1 1 7 -1 7 -1 7 5 -1 7 -1 7 5 -1 7 -1 7 5 -1 7 -1 4 7 -1 7 5 -1 7 -1 7 6 -1 7 -1 7 5 -1 7 -1 7 5 -1 7 -1 7 5 -1 7 -1 7 5 -1 7 -1 7 5 -1 7 -1 7 5 -1 7 -1 7 5 -1 7 -1 7 5 -1 7 -1 7 5 -1 7 -1 4 7 -1 4 -1 1 4 7 -1 1 2 4 7 -1 2 4 7 -1 4 -1 2 4 -1 2 4 7 -1 4 7 5 -1 7 -1 7 5 -1 7 -1 7 5 -1 7 -1 7 5 -1 7 -1 7 5 -1 7 -1 7 5 -1 7 -1 7 6 -1 7 -1 1 7 5 -1 7 -1 7 6 -1 7 -1 7 5 -1 7 -1 7 5 -1 7 -1 7 5 -1 7 -1 1 7 -1 7 -1 7 5 -1 7 -1 7 5 -1 7 -1 7 5 -1 4 7 5 -1 7 5 -1 7 6 -1 1 7 -1 7 -1 1 7 -1 4 7 5 -1 7 5 -1 1 7 5 6 -1 7 5 -1 1 7 -1 7 -1 1 7 -1 7 -1 1 7 -1 1 4 7 5 -1 7 5 -1 7 -1 1 7 5 -1 7 5 -1 7 -1 7 5 -1 1 7 5 -1 1 7 -1 1 7 5 -1 7 5 -1 4 7 -1 1 4 7 -1 4 7 -1 7 -1 4 7 -1 7 -1 4 7 -1 1 7 -1 7 -1 7 5 -1 1 7 5 -1 7 -1 1 7 5 -1 7 -1 7 5 -1 7 -1 7 5 -1 7 -1 7 5 -1 7 -1 7 6 -1 7 -1 7 5 -1 1 7 5 -1 7 5 -1 7 -1 7 5 -1 7 -1 7 5 -1 7 -1 7 5 -1 1 7 5 -1 1 5 -1 5 -1 7 5 -1 4 7 -1 2 4 7 6 -1 2 4 7 -1 7 5 -1 1 7 5 -1 7 5 -1 5 -1 7 5 -1 5 -1 7 5 -1 5 -1 7 5 -1 4 7 5 -1 7 5 -1 4 7 5 -1 4 7 -1 4 -1 4 7 -1 7 5 -1 4 7 5 -1 4 7 -1 7 -1 7 5 -1 7 -1 7 5 -1 5 -1 7 5 -1 1 7 5 -1 7 5 -1 7 6 -1 7 -1 7 5 -1 7 -1 7 5 -1 7 -1 7 5 -1 5 -1 1 5 -1 5 -1 7 5 -1 1 7 5 -1 7 5 -1 5 -1 7 5 -1 4 7 -1 4 7 5 -1 7 5 -1 1 7 5 -1 7 5 6 -1 4 7 -1 2 4 7 -1 1 2 4 7 -1 1 7 -1 1 2 4 7 -1 1 2 7 -1 2 7 -1 1 2 7 -1 1 2 -1 1 2 4 7 -1 4 7 -1 4 7 6 -1 7 6 -1 4 7 -1 4 7 6 -1 4 7 -1 4 7 5 -1 1 2 4 7 -1 2 4 7 -1 7 5 -1 5 -1 7 5 -1 1 2 4 7 5 -1 1 2 4 -1 7 5 -1 5 -1 7 5 -1 1 5 -1 5 -1 7 5 -1 7 -1 7 5 -1 4 7 5 -1 7 5 -1 4 7 5 -1 1 7 5 -1 7 5 -1 5 -1 7 5 -1 5 -1 7 5 -1 7 -1 7 5 -1 5 -1 7 5 -1 5 -1 7 5 -1 5 -1 7 5 -1 5 -1 7 5 -1 7 -1 7 5 -1 7 -1 7 5 -1 5 -1 1 5 -1 5 -1 7 5 -1 7 -1 7 5 -1 7 -1 7 5 -1 5 -1 7 5 -1 5 -1 7 5 -1 5 -1 7 5 -1 5 -1 7 5 -1 5 -1 7 5 -1 5 -1 1 5 -1 7 5 -1 1 7 5 -1 7 -1 7 6 -1 7 -1 7 5 -1 1 7 5 -1 1 7 -1 7 -1 7 5 -1 1 7 5 -1 7 5 -1 1 7 5 -1 7 5 -1 1 7 5 -1 7 5 -1 1 5 -1 7 5 -1 1 5 -1 7 5 -1 1 7 5 -1 1 7 -1 1 7 6 -1 7 -1 7 5 -1 1 7 5 -1 7 5 -1 7 -1 4 7 -1 7 -1 7 5 -1 7 6 -1 4 7 -1 7 -1 7 5 -1 1 5 -1 1 7 5 -1 7 -1 7 5 -1 5 -1 7 5 -1 7 -1 1 2 7 -1 1 2 4 7 -1 1 2 4 -1 1 -1 7 -1 7 5 -1 5 -1 7 5 -1 1 7 5 -1 7 5 -1 4 7 -1 7 5 -1 7 -1 4 7 -1 7 -1 7 5 -1 7 -1 7 5 -1 7 -1 7 5 -1 7 -1 7 6 -1 7 -1 7 5 -1 1 7 5 -1 7 5 -1 1 7 5 -1 4 7 -1 4 -1 4 7 -1 7 -1 4 7 -1 7 -1 7 5 -1 1 2 4 5 -1 1 2 4 -1 1 2 4 7 -1 1 2 4 7 5 -1 1 2 4 -1 7 5 -1 1 7 5 -1 7 5 -1 1 7 5 -1 7 5 -1 7 -1 7 5 -1 1 7 5 -1 7 -1 1 7 -1 1 7 5 -1 1 2 7 -1 1 2 7 5 -1 1 2 -1 2 -1 1 2 -1 1 2 7 -1 1 2 7 5 -1 2 7 5 -1 1 2 -1 1 2 7 -1 1 2 5 -1 1 2 7 5 -1 1 7 5 -1 1 2 -1 1 2 7 -1 2 7 -1 1 2 4 -1 2 7 -1 1 2 5 -1 1 2 -1 1 7 5 -1 1 2 7 -1 2 7 -1 1 2 7 -1 7 5 -1 1 7 5 -1 1 2 7 5 -1 1 2 -1 1 2 5 -1 1 2 7 5 -1 2 7 5 -1 1 2 5 -1 1 2 -1 1 2 7 -1 1 2 7 5 -1 2 7 5 -1 1 2 7 -1 1 7 -1 1 2 7 5 -1 1 7 -1 1 2 -1 1 2 7 -1 1 7 -1 1 2 7 -1 2 7 -1 2 7 5 -1 1 7 5 -1 1 2 -1 1 2 7 -1 1 -1 1 7 5 -1 7 5 -1 1 7 5 -1 7 5 -1 1 2 7 5 -1 1 2 7 -1 1 2 -1 1 2 7 5 -1 7 5 -1 1 7 5 -1 1 5 -1 1 7 5 -1 2 7 5 -1 1 2 7 -1 1 2 -1 1 2 7 -1 2 7 -1 1 2 7 -1 1 2 7 5 -1 1 2 5 -1 1 2 7 -1 1 7 5 -1 1 7 -1 1 6 -1 1 7 6 -1 1 7 -1 1 7 5 -1 7 -1 7 5 -1 1 2 7 5 -1 1 2 4 -1 1 2 -1 7 5 -1 1 7 5 -1 7 5 -1 1 7 5 -1 7 5 -1 1 2 7 5 -1 1 2 7 -1 1 2 7 5 -1 1 2 -1 1 2 7 5 -1 7 5 -1 7 -1 7 5 -1 7 -1 1 2 7 -1 1 2 4 -1 1 2 -1 7 5 -1 7 -1 4 7 5 -1 2 7 -1 1 2 7 -1 1 2 -1 1 2 5 -1 1 2 7 5 -1 1 2 5 -1 7 5 -1 2 7 5 -1 2 7 -1 4 7 5 -1 4 7 -1 2 4 7 -1 4 7 5 -1 4 7 -1 4 7 5 -1 4 7 -1 7 -1 7 5 -1 4 7 5 -1 4 7 -1 4 7 5 -1 2 4 7 5 -1 7 -1 7 5 -1 4 7 -1 7 5 -1 2 4 7 -1 1 2 4 7 -1 7 -1 4 7 -1 2 4 7 -1 4 7 -1 2 4 7 -1 1 7 5 -1 4 7 5 -1 4 7 -1 7 -1 7 5 -1 7 -1 7 5 -1 7 5 6 -1 7 5 -1 4 7 -1 7 -1 7 5 -1 7 -1 7 5 -1 1 7 -1 1 7 5 -1 1 2 7 5 -1 1 7 5 -1 1 7 -1 7 5 -1 1 7 5 -1 7 5 -1 1 2 7 5 -1 1 2 7 -1 7 -1 1 2 7 5 -1 1 2 7 -1 1 2 7 5 -1 7 -1 2 7 -1 7 -1 1 2 7 -1 1 2 7 5 -1 1 2 7 -1 2 7 -1 1 2 7 -1 7 -1 7 5 -1 1 7 5 -1 1 7 -1 7 -1 7 5 -1 4 7 5 -1 1 4 7 5 -1 1 2 4 7 5 -1 1 2 7 -1 1 2 -1 7 -1 1 7 -1 1 2 7 5 -1 1 2 -1 1 2 4 7 -1 1 2 -1 7 -1 7 5 -1 7 -1 1 7 -1 1 2 7 -1 1 2 -1 1 2 7 5 -1 1 2 -1 1 2 4 -1 1 2 -1 1 7 5 -1 7 -1 1 7 -1 1 7 5 -1 7 5 -1 7 -1 7 5 -1 7 -1 7 5 -1 4 7 5 -1 2 4 7 -1 4 7 5 -1 4 -1 -2
7 -1 1 7 -1 1 -1 1 7 5 -1 1 7 -1 7 -1 1 7 -1 7 -1 1 7 -1 7 -1 1 7 -1 1 -1 1 7 -1 7 -1 1 7 -1 1 -1 1 7 -1 1 -1 1 7 -1 1 -1 1 7 -1 1 -1 1 7 -1 7 -1 1 7 -1 1 -1 1 7 5 -1 1 7 -1 1 -1 1 7 -1 1 -1 1 7 -1 1 -1 1 7 -1 7 -1 7 5 -1 1 7 5 -1 1 -1 1 7 -1 1 -1 1 7 -1 1 -1 1 7 -1 1 -1 1 7 -1 7 -1 1 7 -1 1 -1 1 7 -1 1 -1 1 7 -1 1 -1 1 7 -1 1 -1 1 7 -1 7 -1 1 7 -1 7 -1 1 7 -1 1 -1 1 2 7 -1 2 3 7 -1 1 7 -1 1 -1 1 7 -1 1 -1 1 7 -1 7 -1 7 5 -1 1 7 -1 1 -1 1 7 5 -1 7 -1 1 7 -1 7 5 -1 7 -1 4 7 -1 1 7 -1 1 -1 1 7 5 -1 7 5 -1 1 7 -1 1 -1 1 7 -1 1 -1 1 7 -1 1 -1 1 7 -1 7 -1 1 3 7 -1 1 -1 1 7 -1 1 3 7 -1 1 7 -1 1 -1 1 7 -1 1 -1 1 7 -1 1 -1 1 7 -1 7 -1 1 7 -1 4 7 -1 1 7 -1 1 7 5 -1 5 -1 1 5 -1 1 7 5 -1 7 -1 7 5 -1 5 -1 7 5 -1 1 7 -1 7 -1 1 7 -1 1 7 5 -1 1 7 -1 1 -1 1 7 -1 1 -1 1 7 -1 1 -1 1 7 -1 1 -1 1 7 -1 1 7 5 -1 7 5 -1 3 7 -1 1 7 -1 1 7 5 -1 3 4 7 5 -1 7 5 -1 1 7 -1 1 -1 1 7 -1 7 -1 1 7 -1 7 -1 1 7 -1 1 6 -1 1 7 5 6 -1 7 -1 3 7 -1 7 -1 1 7 -1 7 5 -1 7 -1 7 5 -1 1 7 -1 3 7 6 -1 1 7 -1 1 7 5 -1 1 7 -1 3 7 -1 7 -1 7 5 -1 3 7 5 -1 7 -1 7 5 -1 7 -1 3 7 -1 7 -1 7 6 -1 7 -1 7 5 -1 7 -1 7 5 -1 7 -1 7 5 -1 7 6 -1 7 5 -1 2 7 5 -1 2 5 -1 2 5 6 -1 7 6 -1 7 -1 7 5 -1 5 -1 7 5 -1 1 7 5 -1 1 -1 1 2 -1 1 2 4 7 -1 1 4 7 -1 4 7 5 -1 7 5 -1 2 7 5 -1 1 2 7 -1 1 2 7 5 -1 7 5 6 -1 7 6 -1 1 7 6 -1 7 6 -1 7 -1 2 7 -1 7 -1 2 7 -1 7 -1 4 7 -1 1 7 -1 1 4 6 -1 1 -1 1 4 7 -1 1 4 7 6 -1 1 7 -1 7 5 6 -1 7 5 -1 7 -1 1 7 -1 7 -1 7 6 -1 7 -1 7 5 -1 5 -1 7 5 -1 7 -1 1 7 -1 7 -1 1 7 -1 3 4 7 -1 4 7 -1 7 -1 2 7 -1 3 7 -1 7 -1 2 7 -1 7 5 -1 7 -1 3 7 -1 3 4 7 -1 3 -1 3 7 -1 7 -1 2 7 -1 2 7 5 -1 7 5 -1 1 7 5 -1 1 7 -1 7 -1 7 5 -1 1 7 -1 1 -1 1 7 -1 7 5 -1 1 5 -1 1 -1 1 7 -1 7 -1 4 7 -1 7 -1 4 7 -1 2 4 7 -1 2 7 -1 7 -1 7 5 -1 7 -1 7 5 -1 1 7 5 -1 1 7 -1 1 7 5 -1 1 7 -1 7 5 -1 1 7 -1 1 -1 1 5 -1 5 -1 1 7 5 -1 1 2 7 -1 2 7 -1 7 5 -1 7 -1 7 5 -1 5 -1 7 5 -1 7 -1 7 5 -1 7 -1 7 5 -1 7 -1 7 5 -1 3 7 5 -1 7 5 -1 5 -1 7 5 -1 5 -1 7 5 -1 7 -1 7 5 -1 7 -1 7 5 -1 7 -1 1 7 -1 1 -1 1 7 -1 1 -1 1 5 -1 5 -1 7 5 -1 1 7 -1 1 -1 1 5 -1 7 5 -1 1 7 -1 1 3 7 5 6 -1 7 6 -1 4 7 5 -1 4 7 -1 7 -1 7 5 -1 7 -1 2 7 5 -1 2 5 -1 2 7 5 -1 7 5 -1 4 7 -1 7 6 -1 6 -1 2 7 6 -1 7 6 -1 7 5 -1 1 5 -1 5 -1 7 5 -1 1 5 -1 5 -1 1 7 5 -1 5 -1 1 5 -1 5 -1 1 5 -1 7 5 -1 3 7 -1 7 -1 7 5 6 -1 7 5 -1 7 -1 1 7 -1 7 -1 7 5 -1 1 7 5 -1 1 7 -1 7 -1 1 7 5 -1 1 5 -1 1 2 -1 1 2 7 -1 2 -1 2 5 -1 5 -1 1 2 5 -1 1 2 7 -1 1 2 -1 1 2 7 -1 1 7 -1 1 2 7 -1 1 2 -1 1 2 7 -1 1 2 -1 1 2 7 -1 7 5 -1 1 7 -1 7 5 -1 5 -1 7 5 -1 1 7 5 -1 1 5 -1 5 -1 1 5 -1 1 7 5 -1 1 5 -1 1 7 5 -1 3 7 -1 3 4 7 5 -1 4 7 6 -1 4 6 -1 4 5 6 -1 5 -1 7 5 -1 1 7 -1 7 -1 7 5 -1 7 -1 3 7 -1 7 -1 7 6 -1 7 -1 4 7 6 -1 4 7 5 6 -1 7 5 -1 5 -1 7 5 -1 5 -1 7 5 -1 7 -1 7 5 -1 7 -1 1 7 5 -1 1 5 -1 7 5 -1 7 -1 7 5 -1 1 7 -1 1 5 -1 5 -1 4 7 5 -1 4 7 -1 1 7 -1 7 -1 4 7 -1 4 -1 4 7 -1 7 -1 7 5 -1 1 7 -1 7 -1 2 7 5 -1 7 5 -1 7 -1 7 5 -1 7 -1 7 5 -1 7 -1 7 5 -1 1 7 5 -1 1 7 6 -1 4 7 6 -1 4 7 5 6 -1 7 5 -1 7 5 6 -1 7 5 -1 1 7 6 -1 1 7 -1 7 -1 2 7 6 -1 2 6 -1 2 7 6 -1 7 -1 1 7 -1 7 -1 1 7 5 -1 1 5 -1 1 7 5 -1 7 5 -1 1 7 5 -1 1 7 -1 1 -1 1 5 -1 7 5 -1 7 -1 7 5 -1 7 -1 1 7 -1 7 5 -1 7 -1 1 4 7 -1 1 2 7 6 -1 7 6 -1 7 -1 7 6 -1 7 -1 7 5 -1 7 -1 7 5 -1 1 7 5 -1 7 5 -1 7 -1 7 5 -1 5 -1 7 5 -1 1 7 5 -1 1 5 -1 1 -1 1 7 5 -1 7 5 -1 5 -1 7 5 -1 5 -1 7 5 -1 5 -1 7 5 -1 1 7 -1 1 7 5 -1 1 2 5 -1 7 5 -1 1 7 -1 1 5 -1 5 -1 7 5 -1 7 -1 1 7 -1 7 -1 1 7 5 -1 1 -1 1 7 5 -1 1 5 -1 1 -1 1 7 -1 1 7 5 -1 1 5 -1 1 7 -1 1 -1 1 7 -1 7 -1 1 3 7 -1 1 2 7 -1 1 2 -1 2 -1 2 7 5 6 -1 3 7 5 -1 7 5 -1 7 -1 1 7 -1 1 5 -1 1 7 -1 1 -1 1 7 5 -1 1 7 -1 1 2 7 -1 2 7 6 -1 3 7 6 -1 3 7 -1 7 -1 1 7 -1 7 5 -1 7 -1 1 7 -1 3 7 6 -1 1 2 7 6 -1 1 6 -1 1 -1 1 7 -1 7 -1 1 7 -1 7 -1 3 7 -1 7 -1 3 7 -1 7 -1 2 3 7 -1 2 7 5 -1 7 -1 7 6 -1 7 5 6 -1 7 5 -1 1 7 -1 1 7 5 -1 1 7 -1 1 -1 1 7 -1 2 7 -1 1 2 7 -1 1 -1 1 7 -1 1 -1 1 7 -1 1 2 7 6 -1 2 7 6 -1 1 7 -1 7 -1 1 7 -1 1 -1 1 7 -1 1 -1 1 7 -1 7 5 -1 1 7 5 -1 1 5 -1 1 7 5 -1 1 5 -1 1 7 5 -1 1 -1 1 7 -1 1 -1 1 7 -1 1 -1 1 7 -1 1 2 -1 1 2 5 -1 1 5 -1 1 -1 1 2 -1 1 2 7 -1 1 7 5 -1 1 5 -1 1 7 5 -1 1 7 -1 1 7 5 -1 1 5 -1 5 -1 7 5 -1 7 -1 1 7 -1 1 7 5 -1 7 -1 7 6 -1 7 5 6 -1 5 -1 7 5 -1 1 7 5 -1 1 2 -1 1 -1 1 2 -1 1 -1 1 7 5 -1 2 7 5 -1 1 7 5 -1 1 7 -1 1 2 7 5 -1 7 5 -1 1 7 5 -1 1 2 -1 1 7 5 -1 1 7 -1 1 -1 1 7 -1 1 -1 1 2 -1 1 2 7 6 -1 1 2 7 5 6 -1 1 5 -1 1 7 5 -1 5 -1 1 5 -1 1 -1 1 2 5 -1 1 7 5 -1 1 7 6 -1 7 6 -1 7 -1 1 7 -1 1 -1 1 7 -1 1 7 5 -1 1 7 -1 7 -1 1 7 -1 1 -1 1 7 -1 1 -1 1 7 -1 1 -1 1 5 -1 1 -1 1 3 7 -1 1 3 7 5 -1 1 2 7 5 6 -1 1 2 7 6 -1 1 7 6 -1 7 6 -1 1 7 -1 1 7 5 -1 7 -1 7 5 -1 1 7 5 -1 1 7 -1 1 7 6 -1 7 -1 1 7 -1 7 -1 3 7 -1 1 3 -1 1 -1 1 7 -1 1 -1 1 7 -1 1 -1 1 7 -1 1 -1 1 7 -1 7 -1 1 7 -1 7 -1 1 7 -1 1 -1 1 7 6 -1 7 6 -1 2 7 -1 1 7 -1 7 -1 1 7 -1 1 7 6 -1 1 7 -1 7 -1 1 7 -1 1 7 5 -1 5 -1 7 5 -1 1 7 -1 1 -1 1 7 -1 1 -1 1 7 -1 1 7 5 -1 1 5 -1 1 2 -1 1 -1 1 7 -1 1 2 7 -1 1 7 -1 1 -1 1 7 -1 7 -1 7 5 -1 7 -1 1 7 -1 1 -1 1 7 -1 1 2 7 -1 1 2 -1 2 -1 1 2 7 -1 7 -1 1 2 7 -1 1 -1 1 2 7 -1 1 2 -1 1 2 7 -1 7 -1 1 7 -1 1 -1 1 2 6 -1 1 2 -1 1 2 7 -1 1 7 -1 1 -1 1 2 -1 1 2 7 -1 1 7 -1 1 -1 1 2 -1 2 7 -1 2 -1 2 7 5 -1 7 6 -1 1 2 7 5 -1 1 3 5 -1 1 -1 1 3 -1 1 3 7 -1 7 -1 7 5 -1 1 7 5 -1 1 4 7 -1 4 7 -1 7 -1 1 2 7 -1 1 2 -1 1 2 7 -1 2 7 -1 3 7 -1 7 5 -1 3 7 -1 3 4 7 -1 -2
2 7 -1 7 -1 1 7 -1 7 -1 7 5 -1 1 7 -1 7 -1 7 5 -1 7 -1 7 5 -1 7 -1 7 5 -1 1 7 -1 7 -1 1 7 -1 7 -1 7 5 -1 7 -1 7 5 -1 7 -1 7 5 -1 7 -1 7 5 -1 7 -1 7 5 -1 1 7 5 -1 7 5 -1 7 -1 7 5 -1 7 -1 7 5 -1 1 7 5 -1 7 5 -1 1 7 5 -1 7 5 6 -1 1 7 6 -1 1 7 5 -1 1 7 -1 1 3 7 -1 7 -1 1 7 -1 7 -1 1 3 7 5 -1 1 7 5 -1 1 7 -1 7 -1 1 7 -1 1 7 5 -1 1 7 -1 1 7 5 -1 1 7 -1 1 3 7 -1 1 7 -1 7 5 -1 7 -1 7 5 -1 1 7 -1 1 3 7 -1 1 7 -1 1 3 7 -1 1 7 -1 7 -1 7 5 -1 1 7 5 -1 7 5 -1 1 7 5 -1 7 5 -1 1 7 -1 7 5 -1 7 -1 1 7 6 -1 1 7 -1 1 3 7 -1 1 7 -1 1 7 5 -1 1 7 5 6 -1 1 7 6 -1 1 7 -1 1 7 5 -1 7 5 -1 1 7 -1 7 5 -1 7 -1 3 7 -1 3 7 5 -1 7 5 -1 1 7 5 -1 7 5 -1 1 7 -1 7 -1 1 7 -1 1 7 5 -1 1 7 -1 1 7 5 -1 1 7 -1 1 7 6 -1 1 7 -1 7 -1 1 3 7 -1 1 7 5 -1 1 3 7 5 -1 1 7 -1 7 -1 1 7 -1 1 7 5 -1 1 7 -1 7 5 -1 2 7 5 -1 7 5 -1 1 7 5 -1 1 7 -1 1 7 5 -1 1 7 -1 1 7 6 -1 7 -1 1 7 -1 7 5 -1 1 7 5 -1 1 7 -1 1 7 5 -1 1 7 -1 1 7 5 -1 7 5 -1 1 7 5 -1 1 7 -1 7 -1 1 7 -1 7 5 -1 1 7 -1 7 -1 1 7 5 -1 7 -1 7 5 -1 7 -1 7 5 -1 1 7 5 -1 7 5 -1 7 -1 1 7 5 -1 7 5 -1 1 7 5 -1 1 7 -1 1 7 5 -1 7 5 -1 1 7 5 -1 1 7 -1 1 7 5 -1 7 6 -1 1 7 5 6 -1 1 7 -1 7 -1 1 3 7 -1 1 7 -1 1 3 7 -1 1 7 -1 7 5 -1 1 7 6 -1 7 -1 1 7 -1 7 -1 1 7 -1 1 7 5 -1 7 5 -1 2 7 5 -1 7 5 -1 1 7 5 -1 7 5 -1 7 -1 7 5 -1 7 -1 7 5 -1 7 -1 7 5 -1 1 7 5 -1 7 -1 7 5 -1 1 7 5 -1 7 5 -1 1 7 5 -1 7 5 -1 2 7 -1 2 7 5 -1 7 5 -1 1 7 5 -1 7 5 -1 7 6 -1 1 7 6 -1 1 7 -1 7 -1 1 7 5 -1 7 5 -1 1 7 5 -1 7 5 -1 1 7 5 6 -1 1 7 6 -1 1 2 7 5 6 -1 2 7 5 -1 2 5 -1 2 7 5 -1 7 5 6 -1 1 7 6 -1 1 7 -1 7 5 -1 7 6 -1 1 7 -1 1 7 6 -1 1 7 -1 1 7 6 -1 1 7 -1 1 7 6 -1 1 7 -1 1 7 6 -1 1 7 -1 1 7 6 -1 1 7 -1 1 7 6 -1 1 7 -1 1 7 6 -1 7 -1 7 6 -1 1 7 6 -1 7 5 -1 3 7 5 -1 3 5 -1 3 -1 3 7 5 -1 7 5 -1 1 7 5 -1 1 7 -1 2 4 7 -1 4 7 -1 4 7 5 -1 7 5 -1 7 5 6 -1 1 7 -1 3 7 5 -1 4 7 -1 3 4 7 -1 4 7 -1 4 7 5 -1 7 5 -1 7 -1 7 5 -1 1 7 5 -1 1 2 7 -1 1 7 6 -1 1 7 -1 7 -1 7 6 -1 1 2 7 6 -1 1 7 -1 7 -1 1 7 6 -1 7 -1 7 5 -1 1 7 -1 3 7 5 -1 3 -1 3 5 -1 5 -1 7 5 -1 2 7 5 -1 7 5 -1 7 5 6 -1 7 6 -1 1 7 6 -1 1 7 -1 7 -1 7 5 -1 7 -1 7 5 -1 1 7 5 -1 7 5 -1 7 6 -1 1 2 7 -1 1 6 -1 1 7 6 -1 1 7 -1 1 7 5 -1 7 5 -1 1 7 6 -1 1 7 -1 1 7 6 -1 1 7 -1 1 7 6 -1 1 7 -1 1 7 6 -1 1 7 -1 1 7 6 -1 1 7 -1 1 7 6 -1 1 7 -1 7 -1 7 5 -1 7 -1 7 5 -1 1 7 5 -1 7 5 -1 1 7 5 -1 7 5 -1 1 7 5 -1 7 5 -1 1 7 5 -1 7 5 -1 1 7 5 -1 1 7 5 6 -1 1 7 6 -1 7 -1 7 5 -1 1 7 5 6 -1 1 7 6 -1 1 7 -1 7 -1 7 5 -1 1 7 5 -1 7 5 -1 1 7 5 -1 7 5 -1 1 7 -1 1 7 6 -1 7 6 -1 7 5 6 -1 7 5 -1 7 -1 7 5 -1 1 7 5 -1 7 5 -1 7 -1 7 5 -1 7 -1 1 7 6 -1 7 5 -1 7 -1 1 7 -1 1 7 5 -1 7 5 -1 1 7 -1 7 -1 7 5 -1 1 7 5 -1 1 7 -1 1 7 5 -1 7 5 -1 3 7 -1 3 7 5 -1 4 7 -1 3 -1 3 4 5 -1 3 5 -1 3 -1 7 5 -1 3 4 7 5 -1 3 4 7 -1 3 4 -1 3 5 -1 3 4 7 -1 3 -1 3 4 -1 3 7 5 -1 4 7 -1 3 4 7 -1 4 7 5 -1 4 7 -1 7 5 -1 1 7 5 -1 1 3 7 5 -1 1 7 5 -1 7 5 -1 7 -1 7 5 -1 7 -1 7 5 -1 1 2 7 6 -1 1 7 -1 1 7 6 -1 7 6 -1 1 7 -1 7 -1 7 5 -1 1 7 5 6 -1 1 7 -1 7 -1 7 6 -1 7 5 -1 3 7 5 -1 3 5 -1 3 7 5 -1 3 7 -1 7 -1 7 5 -1 7 -1 7 6 -1 1 7 6 -1 1 2 6 -1 1 7 5 -1 1 7 -1 7 5 -1 1 7 -1 7 -1 1 7 -1 7 -1 1 7 -1 6 -1 1 6 -1 1 7 6 -1 1 6 -1 1 -1 1 7 -1 1 7 6 -1 1 7 -1 7 -1 2 7 -1 1 7 6 -1 1 7 -1 7 -1 1 7 -1 1 7 5 -1 7 5 -1 1 7 5 -1 7 5 -1 1 7 5 -1 7 5 -1 7 -1 2 7 -1 7 6 -1 1 7 6 -1 1 7 5 6 -1 7 6 -1 1 7 6 -1 1 7 -1 1 3 7 -1 1 7 -1 7 -1 7 5 -1 1 7 -1 1 7 5 -1 1 7 -1 7 -1 1 7 -1 7 5 -1 1 7 -1 1 7 6 -1 1 3 7 -1 7 -1 1 7 -1 1 -1 1 7 -1 1 -1 1 7 -1 5 -1 1 7 5 -1 7 5 -1 5 -1 7 5 -1 7 -1 7 5 -1 1 7 5 -1 7 5 -1 7 -1 7 5 -1 7 -1 1 7 5 -1 1 7 -1 1 2 3 4 7 5 6 -1 1 7 -1 4 7 5 -1 4 7 -1 4 7 5 -1 7 5 -1 1 7 5 -1 7 5 -1 1 7 5 -1 7 5 -1 1 7 5 -1 7 6 -1 7 -1 2 7 5 -1 7 5 -1 7 -1 4 7 5 -1 4 -1 4 7 6 -1 7 6 -1 1 7 6 -1 1 7 -1 1 7 5 -1 1 7 -1 7 5 -1 1 7 5 -1 1 7 -1 1 7 5 -1 1 7 -1 7 -1 7 5 -1 1 7 -1 1 7 5 -1 2 4 7 5 -1 2 7 5 6 -1 1 7 6 -1 1 7 -1 2 7 6 -1 7 -1 1 7 -1 1 3 7 -1 7 -1 3 7 -1 3 7 5 -1 7 -1 1 7 -1 1 3 7 -1 3 7 -1 3 7 5 -1 1 7 5 -1 1 3 7 5 -1 7 5 -1 3 7 5 -1 1 7 5 -1 1 3 7 5 -1 1 3 7 -1 1 7 -1 3 7 -1 1 3 7 5 -1 1 7 -1 7 5 -1 7 -1 7 5 -1 1 7 5 -1 7 5 -1 1 7 5 -1 3 7 -1 1 2 7 -1 7 -1 3 7 -1 3 7 5 -1 1 3 7 -1 1 3 7 5 -1 1 7 5 -1 7 5 -1 1 3 7 5 -1 1 7 5 -1 1 7 -1 1 7 5 -1 1 7 -1 1 -1 1 7 -1 1 3 7 -1 1 3 7 5 -1 3 7 -1 1 7 -1 1 3 7 5 -1 1 7 -1 3 7 5 -1 3 7 -1 3 7 5 -1 1 7 -1 1 3 7 5 -1 3 7 5 -1 7 -1 7 5 -1 7 -1 7 5 -1 1 7 -1 7 -1 7 5 -1 3 7 5 -1 1 3 7 5 -1 3 7 -1 7 -1 7 5 -1 1 7 5 -1 7 5 -1 1 7 5 -1 7 5 -1 7 -1 7 5 -1 1 3 7 5 -1 3 7 5 -1 7 5 -1 3 7 5 -1 7 -1 7 5 -1 7 -1 7 5 -1 3 7 5 -1 3 7 -1 1 3 7 -1 7 -1 1 7 -1 1 3 7 5 -1 1 3 7 -1 1 3 7 5 -1 1 7 5 -1 7 -1 7 5 -1 1 3 7 5 -1 7 -1 7 5 -1 7 -1 7 5 -1 1 7 -1 7 5 -1 7 -1 1 7 5 -1 7 5 -1 7 -1 7 5 -1 7 -1 7 5 -1 1 7 5 -1 1 7 -1 1 7 6 -1 1 7 5 -1 1 7 -1 1 3 7 5 -1 1 3 7 -1 1 7 -1 1 3 7 5 -1 1 3 7 -1 1 3 7 5 -1 3 7 5 -1 7 5 -1 7 -1 1 7 5 -1 1 7 -1 7 5 -1 3 7 5 -1 1 3 7 -1 1 7 5 -1 7 5 -1 1 3 7 -1 1 7 -1 1 7 5 -1 7 5 -1 1 7 -1 1 3 7 -1 7 5 -1 7 -1 2 7 5 -1 2 7 -1 2 7 5 -1 7 5 -1 1 7 5 -1 7 5 -1 1 7 5 -1 7 -1 2 7 -1 7 -1 7 5 -1 2 7 -1 7 -1 7 5 -1 1 7 5 -1 3 4 7 5 -1 3 4 7 -1 3 7 -1 1 3 7 5 6 -1 1 7 5 -1 7 5 -1 1 7 5 -1 1 7 -1 1 3 7 -1 1 7 -1 1 7 5 -1 7 5 -1 1 7 6 -1 1 3 7 -1 7 5 -1 1 7 5 -1 1 7 -1 1 3 7 -1 1 3 7 5 -1 3 7 5 -1 1 7 -1 1 3 7 5 -1 1 7 5 -1 1 3 7 -1 1 3 7 5 -1 1 7 -1 7 -1 7 5 -1 7 -1 7 5 -1 7 -1 7 5 -1 7 -1 7 5 -1 7 -1 7 5 -1 7 -1 7 5 -1 7 -1 7 5 -1 7 -1 7 5 -1 7 -1 1 7 -1 7 -1 7 5 -1 3 7 5 -1 7 5 -1 7 -1 3 7 -1 1 7 -1 7 -1 7 5 -1 7 -1 7 5 -1 7 -1 7 5 -1 7 -1 7 5 -1 7 -1 7 5 -1 1 7 5 -1 7 5 -1 1 7 5 6 -1 1 7 -1 7 -1 1 7 -1 7 -1 1 7 -1 7 -1 1 7 -1 7 -1 7 5 -1 7 -1 7 5 -1 7 -1 7 5 -1 7 -1 7 5 -1 7 -1 7 5 -1 7 -1 7 5 -1 7 -1 7 5 -1 1 7 5 -1 7 5 -1 7 -1 7 5 -1 1 7 5 -1 7 5 -1 7 -1 7 5 -1 7 -1 1 7 5 -1 2 7 5 -1 2 4 7 5 -1 2 3 6 -1 4 -1 -2
7 -1 7 5 -1 4 7 -1 4 7 5 -1 7 5 -1 7 -1 7 5 -1 7 -1 7 5 -1 5 -1 7 5 -1 5 -1 1 7 5 -1 7 5 -1 5 -1 7 5 -1 1 7 5 -1 7 5 -1 1 7 5 -1 7 5 -1 1 7 5 -1 7 5 -1 1 7 5 -1 7 5 -1 7 -1 7 5 -1 7 -1 7 5 -1 4 7 5 -1 7 5 -1 4 7 5 -1 7 5 -1 7 -1 7 5 -1 7 -1 7 5 -1 7 -1 7 5 -1 1 7 -1 7 -1 7 5 -1 7 -1 7 5 -1 7 -1 7 5 -1 5 -1 7 5 -1 4 7 5 -1 4 7 -1 4 7 5 -1 7 5 -1 5 -1 7 5 -1 7 -1 7 5 -1 7 -1 7 5 -1 7 -1 7 5 -1 7 6 -1 7 5 6 -1 7 5 -1 7 5 6 -1 7 5 -1 7 -1 4 7 -1 7 5 -1 7 -1 7 5 -1 1 7 5 -1 7 5 -1 7 -1 4 7 -1 7 5 -1 5 -1 7 5 -1 7 -1 7 5 -1 7 -1 4 7 5 -1 7 -1 7 5 -1 7 -1 7 5 -1 7 -1 7 5 -1 7 -1 7 5 -1 5 -1 7 5 -1 7 -1 7 5 -1 7 -1 7 5 -1 7 -1 1 7 5 -1 7 5 -1 4 7 5 -1 7 5 -1 4 7 5 -1 4 7 -1 7 -1 7 5 -1 1 7 5 -1 7 5 -1 2 7 5 -1 1 7 6 -1 4 7 5 -1 7 5 -1 4 7 5 -1 7 5 -1 4 7 5 -1 4 7 -1 4 7 5 -1 4 7 -1 2 4 7 -1 4 7 -1 7 5 -1 4 7 5 -1 4 7 -1 4 -1 4 7 -1 7 -1 4 7 -1 2 4 7 -1 4 7 -1 4 7 5 -1 4 7 -1 7 -1 7 5 -1 7 -1 1 7 5 -1 1 5 -1 1 7 5 -1 1 5 -1 5 -1 1 5 -1 5 -1 7 5 -1 7 -1 4 7 -1 7 -1 7 5 -1 7 -1 4 7 5 -1 4 7 -1 7 5 -1 2 4 7 -1 4 7 -1 7 -1 2 7 5 -1 4 7 -1 2 7 -1 4 7 5 -1 4 -1 2 4 7 -1 4 7 -1 4 7 5 -1 7 5 -1 4 7 5 -1 4 7 -1 7 -1 4 7 -1 7 -1 4 7 -1 7 5 -1 7 -1 7 5 -1 4 7 5 -1 4 7 -1 7 5 -1 4 7 5 -1 7 5 -1 1 4 7 5 -1 4 7 6 -1 4 6 -1 4 7 6 -1 1 7 5 6 -1 7 5 6 -1 1 7 5 6 -1 7 5 -1 4 7 5 -1 4 5 -1 4 7 5 -1 7 5 -1 4 7 5 -1 2 4 7 6 -1 2 7 -1 7 -1 1 7 -1 7 -1 7 5 -1 7 -1 7 5 -1 7 -1 7 5 -1 7 -1 7 5 -1 7 -1 7 5 -1 7 -1 7 5 -1 7 -1 4 7 -1 2 4 -1 4 7 5 -1 4 5 -1 4 7 5 -1 4 5 -1 4 7 -1 4 7 5 -1 4 -1 4 7 5 -1 4 7 -1 4 7 5 -1 4 7 -1 7 -1 4 7 -1 7 -1 7 5 -1 7 6 -1 7 -1 7 5 -1 7 -1 7 5 -1 4 7 5 -1 4 7 -1 7 5 -1 4 7 5 -1 2 4 7 -1 4 7 5 -1 4 7 -1 4 7 5 -1 4 7 -1 4 7 5 -1 7 5 -1 4 7 5 -1 7 5 -1 7 -1 7 5 -1 5 -1 7 5 -1 5 -1 7 5 -1 5 -1 7 5 -1 7 -1 7 5 -1 7 -1 7 5 -1 7 -1 7 5 -1 7 -1 7 5 -1 7 -1 7 5 -1 5 -1 7 5 -1 7 -1 7 5 -1 5 -1 7 5 -1 5 -1 7 5 -1 5 -1 7 5 -1 1 5 -1 1 7 5 -1 5 -1 7 5 -1 7 -1 7 5 -1 2 4 7 5 -1 1 2 4 -1 7 -1 7 5 -1 4 7 5 -1 7 5 -1 7 -1 4 7 -1 4 -1 4 7 -1 7 -1 4 7 5 -1 4 7 5 6 -1 7 5 -1 7 -1 7 5 -1 7 -1 7 5 -1 7 -1 7 5 -1 7 -1 7 5 -1 4 7 5 -1 7 5 -1 5 -1 7 5 -1 7 -1 4 7 -1 4 7 5 -1 7 5 -1 7 5 6 -1 2 7 5 -1 2 7 -1 7 -1 7 5 -1 7 -1 7 5 -1 7 -1 7 5 -1 7 -1 7 5 -1 4 7 5 -1 4 7 -1 7 5 -1 7 -1 4 7 -1 4 7 5 -1 4 7 -1 7 5 -1 4 7 -1 2 4 7 -1 4 7 -1 2 4 7 -1 4 7 -1 2 4 7 -1 4 7 -1 2 4 7 -1 4 7 -1 2 4 7 -1 4 -1 4 7 5 -1 4 7 -1 4 -1 2 4 -1 2 4 7 -1 7 -1 7 5 -1 7 -1 7 5 -1 7 -1 7 5 -1 7 -1 7 5 -1 7 -1 4 7 5 -1 4 7 -1 4 7 5 -1 7 5 -1 4 7 5 -1 7 5 -1 1 2 4 7 5 -1 2 7 5 -1 2 4 7 -1 7 5 -1 4 7 5 -1 7 5 -1 7 -1 7 5 -1 7 -1 4 7 5 -1 7 -1 7 5 -1 7 5 6 -1 7 5 -1 7 -1 7 5 -1 7 -1 7 5 -1 7 -1 7 5 -1 1 7 -1 7 -1 7 5 -1 4 7 5 -1 7 5 -1 4 7 5 -1 1 7 5 -1 7 5 -1 5 -1 1 5 -1 7 5 -1 7 -1 7 5 6 -1 7 5 -1 4 7 5 -1 2 4 7 5 -1 4 7 5 -1 5 -1 7 5 -1 5 -1 7 5 -1 5 -1 7 5 -1 4 7 5 -1 4 7 -1 4 7 5 -1 7 5 -1 7 -1 2 4 7 -1 2 7 -1 7 5 -1 1 4 7 5 -1 4 7 -1 7 -1 7 5 -1 7 -1 7 5 -1 7 -1 7 5 -1 7 -1 7 5 -1 5 -1 4 5 6 -1 4 7 5 -1 7 5 -1 7 -1 4 7 5 -1 1 7 5 -1 7 5 -1 7 -1 7 5 -1 4 7 5 -1 4 5 -1 4 7 -1 2 4 7 -1 2 7 -1 1 2 -1 1 2 4 7 5 -1 7 5 -1 1 4 7 -1 4 7 5 -1 1 4 7 5 -1 1 2 7 -1 1 2 7 5 -1 2 7 5 -1 2 4 -1 1 2 4 -1 2 4 7 5 -1 1 2 7 5 -1 1 2 4 -1 1 2 -1 7 5 -1 1 7 5 -1 7 5 -1 1 7 5 -1 1 7 -1 1 7 5 -1 7 5 -1 1 7 5 -1 1 7 -1 1 2 7 -1 2 7 -1 7 5 -1 1 7 -1 1 7 5 -1 7 5 -1 1 7 5 -1 7 5 -1 1 2 7 5 -1 1 2 7 -1 1 7 -1 2 7 -1 2 7 5 -1 7 5 -1 1 7 5 -1 1 7 -1 1 7 5 -1 1 2 7 5 -1 1 7 -1 1 7 5 -1 7 5 -1 1 7 5 -1 7 5 -1 1 7 5 -1 7 5 -1 1 7 5 -1 1 5 -1 7 5 -1 1 7 5 -1 7 5 -1 1 7 5 -1 7 5 -1 1 7 5 -1 7 -1 2 7 -1 1 7 -1 7 5 -1 7 -1 7 5 -1 7 -1 1 7 5 -1 1 7 -1 1 7 5 -1 7 5 -1 7 -1 2 7 -1 1 2 7 5 -1 1 7 -1 1 7 5 -1 1 7 -1 1 7 5 -1 1 7 -1 1 7 5 -1 7 5 -1 7 -1 1 7 -1 7 -1 1 7 5 -1 1 7 -1 1 7 5 -1 1 7 -1 1 2 7 -1 2 7 -1 1 2 7 -1 1 7 -1 1 2 7 -1 1 2 -1 2 -1 7 5 -1 4 7 5 -1 4 7 -1 7 -1 4 7 -1 4 7 5 -1 7 5 -1 4 7 5 -1 4 7 -1 7 5 -1 7 -1 7 5 -1 2 7 5 -1 7 5 -1 4 7 5 -1 4 7 5 6 -1 1 4 7 5 -1 4 7 5 6 -1 1 7 -1 1 7 5 -1 7 5 -1 7 -1 7 5 -1 7 -1 7 5 -1 1 7 5 -1 7 5 -1 7 -1 7 5 -1 1 7 5 -1 2 5 -1 2 7 5 -1 1 2 -1 7 -1 1 7 5 -1 7 5 -1 1 7 5 -1 1 7 -1 1 7 5 -1 1 5 -1 1 7 5 -1 1 7 -1 1 7 5 -1 1 2 -1 1 2 7 5 -1 1 7 5 -1 1 2 7 5 -1 1 2 -1 1 7 5 -1 7 5 -1 1 7 5 -1 1 7 -1 1 2 7 5 -1 1 2 7 -1 1 2 7 5 -1 1 2 -1 1 2 5 -1 1 2 -1 1 2 7 -1 1 2 -1 1 7 -1 1 5 -1 1 7 5 -1 7 5 -1 1 7 5 -1 1 2 7 5 -1 1 2 7 -1 1 7 5 -1 1 -1 1 5 -1 1 7 -1 2 7 -1 1 2 7 -1 1 2 7 5 -1 1 2 5 -1 1 7 -1 1 5 -1 1 2 7 5 -1 2 7 -1 2 -1 1 2 -1 7 5 -1 5 -1 7 5 -1 5 -1 7 5 -1 5 -1 7 5 -1 5 -1 7 5 -1 5 -1 7 5 -1 1 7 5 -1 7 5 -1 1 5 -1 7 5 -1 1 5 -1 5 -1 1 7 5 -1 7 5 -1 5 -1 7 5 -1 5 -1 1 5 -1 5 -1 1 5 -1 5 -1 1 7 5 -1 7 5 -1 4 7 5 -1 4 5 -1 4 7 6 -1 -2
2 4 7 5 -1 4 7 5 -1 7 5 -1 7 -1 3 7 -1 7 -1 7 5 -1 3 7 5 -1 7 5 -1 3 7 5 -1 3 7 -1 3 7 5 -1 7 -1 7 5 -1 3 7 5 -1 3 7 -1 7 5 -1 7 -1 7 5 -1 7 -1 7 5 -1 3 7 5 -1 7 5 6 -1 7 5 -1 7 -1 7 5 -1 7 -1 7 5 -1 7 -1 7 5 -1 7 -1 7 5 -1 3 7 5 -1 7 5 -1 7 -1 7 5 -1 7 -1 7 5 -1 7 -1 7 5 -1 7 -1 7 5 -1 7 5 6 -1 7 -1 7 5 -1 7 -1 7 6 -1 7 5 -1 7 -1 7 6 -1 7 -1 7 5 -1 3 7 5 -1 3 7 -1 7 5 -1 3 7 5 -1 7 5 -1 3 7 5 -1 3 7 -1 3 7 5 -1 3 7 -1 3 7 5 -1 3 7 -1 3 7 5 -1 7 -1 7 5 -1 7 -1 7 5 -1 3 7 5 -1 7 5 -1 3 7 5 -1 7 5 -1 3 7 5 -1 7 5 -1 7 -1 7 5 -1 7 -1 7 5 -1 3 7 5 -1 7 5 -1 7 -1 7 5 -1 3 7 5 -1 7 5 -1 3 7 5 -1 7 5 -1 3 7 5 -1 7 5 -1 5 -1 7 5 -1 3 7 5 -1 7 -1 3 7 5 -1 7 5 -1 7 -1 3 7 5 -1 7 5 -1 3 7 5 -1 7 5 -1 5 -1 7 5 -1 5 -1 7 5 -1 5 -1 7 5 -1 5 -1 7 5 -1 5 -1 7 5 -1 5 -1 7 5 -1 5 -1 7 5 -1 5 -1 4 5 -1 4 7 5 -1 7 5 -1 7 -1 7 5 -1 3 7 5 -1 7 5 -1 3 7 5 -1 7 5 -1 3 7 -1 3 7 5 -1 7 5 -1 3 7 5 -1 7 5 -1 3 7 5 -1 7 5 -1 4 7 5 -1 3 4 7 5 -1 3 4 7 -1 3 4 7 5 -1 3 7 5 -1 7 5 -1 3 7 5 -1 3 7 -1 7 5 -1 3 7 5 -1 3 7 -1 7 5 -1 7 -1 7 5 -1 7 -1 4 7 5 -1 3 4 5 -1 3 4 -1 3 4 7 -1 3 7 -1 3 -1 3 7 5 -1 7 -1 7 5 -1 7 -1 3 7 5 -1 7 5 -1 3 7 5 -1 7 5 -1 3 7 5 -1 7 5 -1 7 -1 7 5 -1 3 7 5 -1 7 5 -1 3 7 5 -1 3 4 7 -1 3 7 -1 3 7 5 -1 7 5 -1 7 -1 7 5 -1 7 -1 7 5 -1 3 7 5 -1 7 5 -1 3 7 5 -1 3 7 -1 3 7 5 -1 3 7 -1 7 5 -1 2 7 5 -1 3 7 5 -1 2 3 7 5 -1 2 7 5 -1 7 5 -1 3 7 -1 3 7 5 -1 7 5 -1 3 7 5 -1 3 7 -1 7 5 -1 7 -1 7 5 -1 7 -1 7 5 -1 7 -1 7 5 -1 7 -1 7 5 -1 3 7 -1 7 -1 7 5 -1 3 7 5 -1 3 7 -1 3 7 5 -1 7 5 -1 3 7 5 -1 3 7 -1 7 5 -1 2 7 5 -1 7 5 -1 7 -1 7 5 -1 7 -1 7 5 -1 7 -1 3 7 -1 3 7 5 -1 7 -1 3 7 5 -1 3 7 -1 3 7 5 -1 3 7 -1 7 5 -1 7 -1 7 5 -1 7 -1 7 5 -1 3 7 5 -1 3 7 -1 3 7 5 -1 3 7 -1 7 -1 3 7 -1 7 -1 7 5 -1 3 7 -1 3 7 5 -1 7 5 -1 3 7 5 -1 7 5 -1 7 -1 7 5 -1 7 -1 7 5 -1 3 7 -1 7 5 -1 3 7 -1 3 7 5 -1 7 5 -1 3 7 -1 7 -1 7 5 -1 7 -1 7 5 -1 3 7 5 -1 7 5 -1 3 7 5 -1 7 5 -1 3 7 5 -1 3 7 -1 7 5 -1 3 7 -1 1 7 6 -1 1 3 7 -1 3 7 -1 3 7 5 -1 3 7 -1 7 5 -1 3 7 -1 3 7 5 -1 7 5 -1 7 -1 7 5 -1 7 -1 3 7 -1 3 7 5 -1 7 5 -1 3 7 5 -1 3 7 -1 7 -1 3 7 -1 7 -1 7 5 -1 3 7 5 -1 7 5 -1 2 7 5 -1 7 5 -1 7 -1 7 5 -1 3 7 5 -1 7 5 -1 7 -1 7 5 -1 3 7 -1 3 7 5 -1 7 5 -1 3 7 5 -1 7 -1 7 5 -1 7 -1 7 5 -1 4 7 5 -1 7 5 -1 5 -1 7 5 -1 7 -1 7 5 -1 7 -1 -2
2 4 7 -1 1 4 7 -1 7 -1 4 7 -1 7 -1 4 7 5 -1 4 7 -1 2 4 7 -1 1 4 7 -1 4 7 -1 2 4 7 -1 1 4 7 -1 1 2 4 -1 2 3 4 -1 2 4 -1 2 4 7 -1 2 4 -1 4 7 -1 2 4 7 -1 4 7 -1 2 4 7 -1 1 7 -1 1 2 7 -1 4 7 -1 2 4 7 -1 1 2 4 7 -1 1 7 -1 1 2 4 7 -1 2 4 7 -1 4 -1 7 -1 2 7 -1 7 -1 2 7 -1 1 7 -1 1 2 4 7 -1 1 2 7 -1 2 4 7 -1 2 7 -1 1 2 -1 2 4 7 -1 1 2 4 7 -1 2 4 -1 1 2 7 -1 1 7 -1 7 -1 2 4 7 -1 2 4 -1 2 4 7 -1 2 7 -1 2 4 -1 2 -1 2 7 -1 7 -1 4 7 -1 2 4 -1 1 7 -1 2 -1 2 4 7 -1 1 2 4 7 -1 2 4 7 5 -1 1 2 -1 1 2 4 -1 1 2 -1 1 2 4 -1 2 4 7 -1 1 2 4 -1 1 2 4 7 5 -1 7 5 -1 1 2 4 -1 2 4 -1 1 2 4 7 -1 1 2 7 -1 1 2 -1 7 -1 2 -1 7 -1 1 2 7 -1 1 2 -1 1 7 -1 1 2 -1 1 2 7 -1 1 2 5 -1 5 -1 2 5 -1 2 7 5 -1 2 4 7 5 -1 2 7 5 -1 2 7 -1 2 4 7 -1 1 7 -1 1 7 5 -1 1 2 7 -1 1 7 -1 1 3 7 -1 1 -1 1 2 -1 1 7 -1 7 5 -1 7 -1 1 2 7 -1 1 2 -1 2 4 7 5 -1 1 2 4 -1 1 2 -1 1 7 5 -1 5 -1 1 -1 1 5 -1 1 7 5 -1 7 -1 1 2 7 -1 2 -1 1 2 -1 1 2 7 -1 2 7 -1 7 -1 4 7 -1 7 -1 2 7 -1 2 4 7 -1 1 2 4 -1 1 2 7 -1 1 3 -1 1 2 -1 1 2 4 -1 1 4 -1 1 2 4 -1 2 4 -1 1 2 -1 1 2 7 -1 1 -1 1 2 7 -1 1 7 -1 1 2 -1 1 7 -1 7 -1 1 2 7 -1 2 -1 1 2 -1 2 -1 1 2 4 -1 2 4 7 -1 1 2 -1 1 7 -1 7 -1 1 7 -1 7 -1 2 7 -1 2 4 7 5 -1 4 7 5 -1 2 4 7 -1 1 2 4 7 -1 2 4 7 -1 1 2 4 -1 2 4 -1 1 2 -1 1 2 4 7 -1 1 7 -1 1 2 7 -1 1 2 -1 1 2 3 7 -1 1 2 7 -1 1 2 -1 2 -1 1 2 -1 1 2 5 -1 1 2 4 -1 1 2 -1 2 -1 1 7 -1 1 2 7 -1 4 7 -1 7 -1 4 7 5 -1 7 -1 2 4 7 -1 1 4 7 -1 2 4 7 5 -1 1 7 -1 1 -1 2 3 7 -1 1 2 -1 1 5 -1 1 7 5 -1 3 7 5 -1 1 3 7 -1 1 3 7 5 -1 1 3 7 -1 1 5 -1 1 -1 1 7 -1 2 3 7 -1 3 7 5 -1 7 5 -1 4 7 5 -1 2 4 -1 7 -1 7 5 -1 1 7 -1 7 -1 1 2 7 5 -1 1 5 -1 1 3 5 -1 2 5 -1 1 2 -1 1 7 -1 7 -1 2 7 -1 1 7 -1 7 -1 1 7 -1 7 -1 2 7 -1 7 -1 7 5 -1 7 -1 1 7 -1 3 7 -1 2 7 5 -1 2 4 5 -1 2 4 -1 7 5 -1 2 4 -1 1 2 -1 1 7 -1 1 3 7 -1 3 7 -1 3 7 5 -1 1 7 -1 1 3 5 -1 1 5 -1 2 5 -1 1 2 5 -1 3 5 -1 1 2 3 5 -1 1 3 -1 1 3 5 -1 1 5 -1 1 -1 1 5 -1 1 2 -1 1 5 -1 1 2 3 5 -1 1 2 5 -1 2 -1 1 2 5 -1 1 7 5 -1 7 5 -1 7 -1 7 5 -1 7 -1 7 5 -1 4 7 -1 4 -1 4 7 -1 2 4 7 -1 2 4 -1 4 -1 1 7 -1 1 4 7 -1 7 -1 1 7 -1 7 -1 1 4 7 -1 1 4 -1 4 7 -1 1 2 4 7 -1 7 -1 1 7 -1 1 2 7 -1 2 3 7 5 -1 7 -1 2 7 -1 7 -1 1 7 -1 1 2 -1 1 7 -1 7 -1 1 7 -1 7 -1 1 7 -1 7 -1 4 7 -1 1 7 -1 1 2 7 -1 1 7 -1 1 3 7 -1 4 7 -1 1 7 -1 1 -1 1 7 -1 3 7 -1 1 7 -1 1 4 7 -1 1 7 -1 7 -1 1 7 -1 1 2 3 7 -1 1 3 7 -1 1 3 -1 1 2 3 -1 1 3 -1 1 7 -1 4 7 -1 7 -1 2 7 -1 1 7 -1 1 3 -1 1 3 7 -1 1 7 -1 1 3 7 -1 1 7 -1 2 4 -1 1 4 -1 1 7 -1 1 3 7 -1 3 -1 3 7 -1 4 7 -1 3 4 7 -1 2 3 5 -1 1 3 5 -1 1 2 3 5 -1 1 2 -1 1 2 3 7 5 -1 3 7 5 -1 7 -1 3 7 -1 1 7 -1 7 -1 3 7 -1 7 -1 4 7 -1 7 -1 4 7 -1 3 4 7 -1 3 4 -1 1 3 4 7 -1 3 4 7 5 -1 3 5 -1 3 4 -1 1 3 4 -1 2 4 -1 3 5 -1 3 7 -1 2 3 7 -1 3 7 -1 1 7 -1 3 4 7 -1 1 7 -1 2 7 -1 4 7 -1 7 -1 1 -1 1 7 -1 1 -1 1 7 -1 1 -1 1 7 -1 1 2 7 -1 1 2 -1 2 7 -1 1 7 -1 1 2 4 7 -1 2 4 7 -1 1 -1 1 7 -1 1 2 -1 2 -1 1 2 7 -1 1 2 -1 1 7 -1 2 7 5 -1 2 -1 1 2 -1 1 2 7 -1 1 2 7 5 -1 1 -1 2 4 7 -1 7 -1 2 7 -1 7 -1 2 7 -1 2 3 7 -1 2 -1 1 2 7 -1 2 -1 1 2 -1 1 7 -1 7 -1 1 2 7 5 -1 1 5 -1 1 2 5 -1 1 5 -1 1 2 -1 1 -1 1 5 -1 1 2 -1 1 5 -1 1 7 5 -1 2 7 -1 7 5 -1 2 7 5 -1 1 3 7 -1 1 7 -1 1 2 7 -1 7 -1 1 2 7 -1 2 -1 2 5 -1 1 2 -1 1 7 -1 1 2 -1 1 -1 1 7 -1 2 -1 1 7 -1 2 -1 2 7 -1 7 -1 2 7 -1 2 -1 7 -1 2 -1 1 2 7 -1 1 -1 7 -1 1 2 7 -1 2 7 -1 7 -1 2 7 -1 2 4 7 -1 1 4 7 -1 4 7 -1 7 -1 1 7 -1 7 -1 2 7 -1 7 -1 4 7 -1 7 -1 1 2 7 5 -1 1 -1 1 2 7 -1 1 2 -1 1 7 -1 1 2 4 7 -1 2 7 -1 2 -1 7 -1 1 7 -1 1 -1 1 2 7 -1 1 -1 1 7 -1 1 2 7 -1 2 4 7 -1 2 -1 2 7 -1 2 -1 2 4 7 -1 1 2 4 -1 2 4 -1 2 4 7 -1 2 7 -1 7 -1 2 -1 7 -1 1 7 -1 1 2 3 -1 1 7 -1 4 7 -1 2 -1 7 5 -1 2 7 -1 2 7 5 -1 7 5 -1 2 7 5 -1 2 7 -1 1 2 7 -1 2 4 7 -1 2 7 -1 1 2 7 -1 7 -1 1 7 -1 1 2 7 -1 1 7 -1 1 -1 1 2 7 -1 1 7 -1 1 2 -1 1 7 -1 7 -1 1 7 -1 1 -1 1 2 -1 1 7 -1 1 7 5 -1 2 4 -1 4 7 -1 2 4 7 -1 2 7 -1 7 -1 2 7 -1 2 -1 2 7 -1 2 -1 2 7 -1 2 -1 2 7 -1 2 7 5 -1 2 7 6 -1 7 6 -1 7 -1 2 7 -1 7 -1 1 7 -1 7 5 -1 1 7 5 -1 1 7 -1 1 7 5 -1 3 7 5 -1 7 -1 1 -1 1 7 -1 1 2 7 5 -1 1 7 5 -1 1 7 -1 2 5 -1 1 2 -1 1 2 7 -1 1 7 6 -1 1 7 -1 2 7 -1 2 -1 2 7 -1 7 -1 2 7 -1 7 -1 2 7 -1 7 -1 2 7 -1 7 -1 1 4 7 -1 1 7 -1 7 -1 1 7 -1 7 -1 1 2 -1 1 2 7 -1 1 7 5 -1 7 5 -1 2 7 -1 7 -1 1 7 -1 7 -1 1 7 -1 7 -1 1 2 4 7 -1 2 4 7 -1 1 2 7 -1 7 -1 1 7 -1 7 -1 1 7 -1 1 7 5 -1 1 7 -1 1 7 5 -1 1 7 -1 1 5 -1 1 4 7 -1 4 -1 4 7 -1 2 4 7 -1 1 2 4 7 -1 2 7 -1 1 7 -1 1 2 7 -1 1 7 -1 1 2 -1 1 7 -1 7 -1 1 7 -1 7 -1 7 5 -1 7 -1 7 5 -1 7 -1 7 5 -1 7 -1 2 7 -1 7 -1 1 7 -1 2 7 -1 1 7 -1 2 7 -1 1 2 7 -1 2 7 -1 2 -1 2 5 -1 7 -1 1 7 -1 7 5 -1 7 -1 1 7 -1 7 -1 7 5 -1 7 -1 1 7 -1 7 -1 7 5 -1 7 -1 1 2 4 7 -1 1 2 4 -1 2 4 -1 2 4 7 -1 4 7 -1 -2
1 2 7 -1 1 7 -1 2 7 -1 1 2 7 -1 1 7 -1 1 2 7 -1 1 7 -1 1 2 7 -1 1 7 -1 1 7 5 -1 1 7 -1 1 2 7 -1 1 7 -1 1 7 5 -1 1 5 -1 1 7 -1 1 7 5 -1 1 7 -1 1 7 5 -1 7 5 -1 1 7 6 -1 1 7 -1 1 7 5 -1 1 5 -1 1 -1 1 7 -1 1 7 5 -1 7 5 -1 7 -1 1 7 -1 1 2 7 -1 1 7 -1 1 -1 1 7 6 -1 1 7 -1 1 2 7 -1 1 7 -1 7 -1 1 7 -1 1 -1 1 7 -1 1 2 7 -1 1 7 -1 1 2 7 -1 1 7 -1 1 2 7 -1 1 7 -1 1 2 7 -1 1 7 -1 1 2 7 -1 1 7 -1 1 4 7 -1 4 7 -1 1 2 4 -1 2 4 -1 1 2 4 7 -1 1 2 7 -1 1 7 -1 1 -1 1 7 -1 7 -1 1 7 -1 1 7 6 -1 1 7 -1 1 2 4 7 -1 4 -1 2 4 -1 2 4 7 -1 1 2 7 -1 1 7 -1 1 2 7 -1 1 7 -1 7 6 -1 1 7 6 -1 1 7 -1 7 -1 1 7 -1 1 2 7 -1 1 7 -1 4 7 -1 4 -1 4 7 -1 7 6 -1 7 -1 7 5 -1 1 7 -1 7 -1 1 7 -1 1 2 7 -1 2 7 -1 1 7 -1 2 7 -1 1 2 7 -1 4 7 -1 4 7 6 -1 1 4 7 6 -1 1 7 6 -1 7 6 -1 1 7 -1 7 -1 1 7 -1 1 -1 1 7 -1 1 7 5 -1 1 7 -1 1 -1 1 7 -1 1 -1 1 7 -1 1 7 6 -1 1 7 -1 1 -1 1 7 -1 1 -1 1 7 -1 1 -1 1 7 -1 1 -1 1 7 -1 1 2 7 -1 1 7 -1 1 -1 1 7 -1 1 2 7 -1 1 7 -1 1 -1 1 7 -1 1 -1 1 7 -1 1 2 7 -1 1 7 -1 1 -1 1 7 -1 1 -1 1 7 -1 1 -1 1 7 6 -1 1 7 -1 1 -1 1 7 -1 1 2 7 -1 1 7 -1 1 2 -1 1 2 7 -1 1 7 -1 1 7 6 -1 1 7 -1 7 -1 1 7 -1 1 2 7 -1 1 7 -1 1 4 7 -1 2 4 7 -1 4 7 -1 1 7 -1 1 -1 1 2 -1 1 2 7 -1 1 7 -1 1 -1 1 7 -1 1 -1 1 2 7 -1 1 7 -1 1 2 4 -1 -2
2 7 5 -1 7 5 -1 7 -1 3 7 -1 7 -1 7 6 -1 7 5 -1 7 -1 7 5 -1 7 -1 7 5 -1 5 -1 7 5 -1 7 5 6 -1 7 5 -1 7 -1 7 5 -1 7 -1 7 5 6 -1 5 -1 7 5 -1 7 -1 7 5 -1 7 -1 7 5 -1 7 -1 7 5 -1 7 6 -1 7 -1 7 6 -1 7 5 6 -1 7 5 -1 7 -1 7 5 -1 5 -1 7 5 -1 7 -1 7 5 -1 7 -1 7 6 -1 7 5 -1 5 -1 7 5 -1 5 -1 7 5 -1 5 -1 7 5 -1 7 -1 7 5 -1 5 -1 7 5 -1 7 -1 7 5 -1 7 -1 7 5 -1 5 -1 7 5 -1 7 5 6 -1 7 5 -1 3 7 -1 3 7 5 -1 7 5 -1 7 -1 7 5 -1 3 7 5 -1 7 5 -1 5 -1 7 5 -1 7 -1 7 5 -1 5 -1 7 5 -1 5 -1 2 5 -1 2 7 5 -1 2 7 -1 2 7 5 -1 7 5 -1 5 -1 7 5 -1 2 5 -1 2 7 5 -1 7 5 -1 5 -1 4 7 5 -1 7 5 -1 3 7 5 -1 7 5 -1 3 7 -1 3 7 5 -1 7 5 -1 7 -1 7 5 -1 4 7 5 -1 4 7 -1 3 7 5 -1 7 5 -1 3 7 5 -1 7 5 -1 3 7 -1 3 7 5 -1 7 -1 7 5 -1 7 -1 7 5 -1 7 -1 7 5 -1 7 -1 7 5 -1 4 7 5 -1 4 7 -1 3 7 -1 3 -1 3 7 -1 7 -1 7 5 -1 7 -1 7 5 -1 7 -1 7 5 -1 7 -1 7 5 -1 3 4 7 -1 3 7 5 -1 7 5 -1 7 -1 7 5 -1 7 -1 7 5 -1 7 5 6 -1 7 5 -1 7 -1 7 5 -1 7 5 6 -1 7 6 -1 7 -1 7 5 -1 5 -1 7 5 -1 3 7 5 -1 7 5 -1 7 -1 7 5 -1 7 -1 7 5 -1 7 -1 7 5 -1 7 -1 7 5 -1 7 -1 7 5 -1 7 5 6 -1 7 6 -1 7 5 -1 5 -1 7 5 -1 7 -1 3 7 -1 4 7 -1 4 7 5 -1 4 7 -1 4 7 5 -1 4 7 -1 7 5 -1 7 -1 7 5 -1 7 -1 7 5 -1 7 5 6 -1 7 6 -1 7 -1 7 5 -1 7 -1 7 6 -1 7 -1 7 5 -1 7 -1 7 5 -1 7 -1 7 5 -1 7 -1 7 5 -1 7 5 6 -1 7 -1 7 5 -1 7 -1 7 5 -1 7 -1 7 5 -1 7 -1 7 6 -1 7 5 -1 7 -1 7 5 -1 7 -1 7 5 -1 7 6 -1 3 7 6 -1 7 -1 7 6 -1 7 -1 7 5 -1 7 6 -1 7 -1 7 5 -1 5 -1 7 5 -1 5 -1 7 5 -1 7 -1 7 5 -1 7 -1 7 6 -1 7 5 -1 7 5 6 -1 7 5 -1 7 -1 7 5 -1 7 -1 7 5 -1 7 -1 7 5 -1 5 -1 7 5 -1 5 -1 7 5 -1 7 -1 7 5 -1 5 -1 7 5 -1 5 -1 4 7 5 -1 7 5 -1 5 -1 7 5 -1 7 -1 7 5 -1 7 -1 7 5 -1 7 -1 -2
2 4 7 -1 7 -1 7 5 -1 4 7 5 -1 4 7 -1 2 4 7 -1 1 7 -1 4 7 -1 2 4 7 -1 4 7 -1 1 4 7 -1 1 2 4 7 -1 2 4 7 -1 4 7 -1 2 4 -1 4 7 -1 2 7 -1 7 -1 1 7 -1 7 -1 4 7 -1 1 2 4 7 -1 1 7 -1 4 7 -1 2 4 7 -1 4 7 -1 7 -1 7 5 -1 1 7 -1 7 -1 1 7 -1 2 7 -1 1 7 -1 2 7 -1 7 -1 7 5 -1 7 -1 7 5 -1 7 -1 2 4 7 -1 1 2 4 7 -1 2 4 7 -1 1 2 4 7 -1 1 2 7 -1 1 7 -1 1 2 -1 2 7 -1 7 -1 2 7 -1 7 -1 4 7 -1 2 7 -1 7 -1 2 7 -1 2 4 7 -1 1 2 4 7 -1 1 7 -1 1 2 -1 1 2 4 7 -1 1 2 -1 1 7 -1 1 2 4 -1 2 4 -1 2 4 7 5 -1 7 5 -1 1 2 4 7 -1 1 4 7 -1 1 7 -1 7 5 -1 1 2 7 -1 7 -1 7 5 -1 1 2 7 -1 7 -1 1 7 -1 2 7 5 -1 1 2 5 -1 1 7 5 -1 7 5 -1 5 -1 2 5 -1 5 -1 7 5 -1 2 7 5 -1 1 4 7 5 -1 2 7 -1 2 7 5 -1 1 7 -1 1 4 7 -1 1 4 7 5 -1 1 7 -1 7 5 -1 7 -1 1 2 7 -1 2 4 7 5 -1 1 2 7 -1 1 2 -1 1 7 -1 1 -1 1 7 -1 1 7 5 -1 1 7 -1 1 3 7 5 -1 1 7 -1 7 -1 7 5 -1 1 7 -1 1 -1 1 2 7 -1 1 7 -1 7 -1 7 5 -1 7 -1 2 4 7 -1 1 2 4 7 -1 7 -1 1 2 7 -1 1 2 -1 1 2 4 -1 2 7 -1 1 2 7 -1 1 2 -1 1 7 -1 1 2 7 -1 1 -1 1 7 -1 7 -1 7 5 -1 1 2 7 -1 1 2 -1 1 7 -1 1 -1 1 7 -1 2 7 -1 1 7 -1 7 -1 7 5 -1 7 -1 7 5 -1 2 7 -1 2 4 7 5 -1 4 7 5 -1 1 2 4 7 -1 1 2 7 -1 2 4 7 -1 1 2 7 -1 1 7 -1 7 -1 1 2 7 -1 1 7 -1 1 2 7 -1 1 2 -1 1 2 5 -1 1 -1 1 7 -1 7 -1 4 7 5 -1 7 5 -1 7 -1 2 4 7 5 -1 4 -1 5 -1 1 7 5 -1 1 7 -1 7 -1 1 7 5 -1 7 -1 7 5 -1 1 7 5 -1 1 5 -1 1 -1 7 5 -1 7 -1 7 5 -1 4 7 -1 7 -1 7 5 -1 7 -1 7 5 -1 7 -1 1 2 7 -1 7 -1 7 5 -1 7 -1 7 5 -1 7 -1 7 5 -1 7 -1 1 7 5 -1 1 5 -1 2 4 5 -1 1 2 7 -1 1 7 5 -1 1 7 -1 1 7 5 -1 7 -1 7 5 -1 1 7 5 -1 5 -1 2 5 -1 1 2 7 5 -1 1 7 -1 7 -1 1 7 -1 7 -1 1 7 -1 7 5 -1 7 -1 7 5 -1 7 -1 7 5 -1 7 -1 4 7 -1 7 -1 4 7 -1 4 -1 2 4 7 -1 1 4 -1 1 7 -1 7 -1 1 7 -1 7 -1 1 7 -1 1 2 4 7 -1 1 2 7 -1 7 -1 7 5 -1 7 -1 1 2 5 -1 7 5 -1 7 -1 4 7 -1 7 -1 3 7 -1 7 -1 1 3 7 -1 7 -1 3 7 -1 7 -1 2 4 7 -1 3 7 -1 7 -1 3 4 7 -1 3 7 -1 3 7 5 -1 7 5 -1 7 -1 2 7 -1 7 5 -1 7 -1 7 5 -1 7 -1 1 3 7 -1 7 -1 4 7 -1 7 -1 1 4 7 -1 7 -1 3 4 7 -1 3 4 -1 2 3 7 -1 3 7 5 -1 3 5 -1 3 4 -1 3 4 5 -1 2 4 7 -1 3 7 5 -1 3 7 -1 7 -1 3 7 -1 7 -1 4 7 -1 1 7 -1 1 4 7 -1 1 7 -1 1 3 7 -1 1 7 -1 1 -1 1 7 -1 7 -1 1 3 7 -1 2 4 -1 2 4 7 -1 2 4 -1 1 2 4 7 -1 2 7 -1 1 7 -1 2 7 -1 1 -1 1 2 5 -1 1 2 4 5 -1 2 -1 1 2 7 -1 7 5 -1 2 7 5 -1 2 7 -1 7 5 -1 7 -1 2 7 -1 2 -1 5 -1 1 2 -1 2 7 -1 7 -1 7 5 -1 1 7 5 -1 1 7 -1 1 2 -1 1 -1 1 5 -1 1 7 5 -1 7 5 -1 1 7 -1 1 7 5 -1 7 5 -1 2 4 7 -1 2 -1 5 -1 1 5 -1 1 -1 1 7 5 -1 1 7 -1 7 -1 7 5 -1 7 -1 7 5 -1 7 -1 1 2 7 -1 1 7 -1 7 -1 1 7 -1 7 -1 2 7 -1 2 4 7 -1 1 7 -1 7 -1 7 5 -1 7 -1 4 7 -1 1 2 7 -1 1 7 -1 1 2 7 -1 7 5 -1 1 7 -1 7 -1 1 7 -1 1 2 7 -1 1 7 -1 1 5 -1 1 7 -1 2 4 7 5 -1 7 5 -1 7 -1 7 5 -1 2 7 -1 1 2 7 -1 1 4 7 -1 2 4 7 5 -1 1 4 7 -1 7 -1 2 7 -1 7 -1 1 2 -1 1 7 -1 7 -1 7 5 -1 7 -1 7 5 -1 4 7 -1 7 5 -1 1 7 -1 7 5 -1 1 7 -1 1 7 5 -1 1 5 -1 1 7 5 -1 1 7 -1 7 -1 1 2 7 -1 2 7 -1 4 -1 1 7 -1 7 -1 1 7 5 -1 1 -1 1 7 -1 7 -1 7 6 -1 2 4 7 -1 2 4 -1 2 4 7 -1 4 7 -1 2 4 7 -1 7 -1 2 7 -1 7 -1 2 7 -1 7 -1 7 5 -1 1 7 -1 1 7 5 -1 7 5 -1 7 -1 7 5 -1 3 7 5 -1 7 5 -1 7 -1 7 5 -1 1 7 5 -1 7 5 -1 1 5 -1 1 7 5 -1 7 5 -1 7 -1 2 7 -1 7 -1 2 7 -1 7 5 -1 7 -1 7 5 -1 7 -1 7 5 -1 7 -1 2 7 -1 7 -1 7 5 -1 7 -1 7 5 -1 7 -1 7 5 -1 7 -1 7 5 -1 7 -1 7 5 -1 7 -1 7 5 -1 7 -1 7 5 -1 7 -1 7 5 -1 1 2 7 5 -1 7 5 -1 7 -1 7 5 -1 7 -1 7 5 -1 4 7 -1 7 -1 2 7 -1 7 -1 7 5 -1 7 -1 7 5 -1 7 -1 7 5 -1 7 -1 7 5 -1 7 -1 7 5 -1 7 -1 7 5 -1 2 7 5 -1 2 5 -1 7 5 -1 7 -1 7 5 -1 7 -1 7 5 -1 1 7 -1 1 7 5 -1 7 -1 4 7 -1 2 4 7 -1 4 7 -1 -2
1 2 -1 1 2 7 -1 7 -1 1 2 7 -1 1 7 -1 7 5 -1 1 7 5 -1 1 2 4 7 5 -1 1 7 -1 1 7 5 -1 7 5 -1 1 7 5 -1 7 5 -1 7 -1 7 5 -1 1 7 5 -1 1 7 -1 7 5 -1 7 -1 7 5 -1 1 7 5 -1 7 5 -1 7 -1 7 5 -1 1 7 5 -1 7 5 -1 1 7 -1 1 7 5 -1 7 5 -1 1 7 5 -1 1 7 -1 1 7 5 -1 7 5 -1 1 7 5 -1 1 7 -1 1 7 5 -1 1 7 -1 1 7 5 -1 7 -1 1 7 -1 1 7 5 -1 7 -1 1 7 -1 7 -1 7 5 -1 7 -1 1 7 -1 1 7 5 -1 1 7 -1 1 7 5 -1 7 -1 7 5 -1 1 7 5 -1 7 5 -1 7 -1 7 5 -1 1 7 5 -1 1 7 -1 1 7 5 -1 7 5 -1 1 7 5 -1 1 7 -1 1 7 5 -1 7 5 -1 7 -1 1 7 -1 1 7 5 -1 1 7 -1 7 -1 1 7 5 -1 7 5 -1 7 -1 1 7 -1 7 -1 7 5 -1 1 7 5 -1 1 7 -1 1 7 5 -1 1 7 -1 1 7 5 -1 1 7 -1 1 7 5 -1 1 7 -1 1 7 5 -1 1 7 -1 7 5 -1 1 7 5 -1 1 7 -1 1 7 5 -1 1 7 -1 7 -1 1 7 -1 1 7 5 -1 1 7 -1 1 7 5 -1 1 7 -1 1 7 5 -1 1 7 -1 1 7 5 -1 1 7 -1 1 7 5 -1 1 7 -1 1 7 5 -1 1 5 -1 1 7 5 -1 1 7 -1 7 -1 1 7 -1 7 -1 7 5 -1 1 7 -1 1 7 5 -1 1 7 -1 1 7 5 -1 1 7 -1 1 7 5 -1 7 5 -1 1 7 5 -1 1 7 -1 1 7 5 -1 1 7 -1 1 7 5 -1 1 7 -1 1 7 5 -1 7 5 -1 1 7 5 -1 7 5 -1 1 7 5 -1 1 7 -1 1 7 5 -1 1 7 -1 1 7 5 -1 7 5 -1 7 -1 1 7 5 -1 7 5 -1 1 7 5 -1 1 7 -1 7 5 -1 7 -1 7 5 -1 7 -1 7 5 -1 1 7 5 -1 1 7 -1 7 5 -1 7 -1 1 7 -1 7 -1 7 5 -1 7 -1 7 5 -1 1 7 5 -1 7 5 -1 1 7 5 -1 7 5 -1 1 7 5 -1 7 5 -1 1 7 -1 1 7 5 -1 7 5 -1 1 7 -1 1 7 5 -1 7 5 -1 1 7 5 -1 4 7 5 -1 4 5 -1 4 7 5 -1 1 2 4 7 -1 1 7 -1 1 7 5 -1 1 -1 1 7 -1 1 -1 1 7 5 -1 1 7 -1 1 7 5 -1 7 5 6 -1 7 5 -1 1 7 -1 7 6 -1 7 -1 1 7 5 -1 1 5 -1 1 7 5 -1 4 7 5 -1 1 7 5 -1 7 5 -1 1 7 5 -1 7 5 -1 1 7 5 -1 1 5 -1 1 7 -1 7 6 -1 1 7 -1 1 7 5 -1 7 5 -1 1 7 5 -1 7 5 -1 7 -1 1 7 5 -1 1 7 -1 7 5 -1 1 7 5 -1 1 7 -1 7 -1 4 7 5 -1 4 7 -1 4 7 6 -1 7 6 -1 7 -1 7 6 -1 1 7 6 -1 7 5 -1 1 7 5 -1 1 7 -1 1 7 5 -1 1 7 -1 1 7 5 -1 7 5 -1 4 7 -1 4 7 6 -1 7 6 -1 1 7 5 6 -1 1 7 5 -1 7 5 -1 1 7 5 -1 7 5 -1 1 7 5 -1 1 7 -1 1 7 5 -1 1 7 -1 1 7 5 -1 1 7 -1 1 7 5 -1 7 5 -1 1 7 5 -1 1 7 -1 1 7 5 -1 1 7 -1 1 2 7 -1 1 7 -1 1 7 5 -1 1 7 -1 7 -1 1 7 -1 1 7 5 -1 1 7 -1 1 7 5 -1 1 5 -1 1 7 5 -1 1 5 -1 1 7 5 -1 1 2 7 -1 1 7 -1 1 7 5 -1 7 5 -1 1 7 5 -1 1 7 -1 1 7 5 -1 7 5 -1 1 7 -1 1 7 5 -1 1 7 -1 1 7 5 -1 1 7 -1 1 7 5 -1 7 5 -1 1 7 5 -1 1 7 -1 1 7 5 -1 7 -1 1 7 -1 7 -1 7 5 -1 1 7 -1 1 7 5 -1 7 5 -1 1 7 5 -1 7 5 -1 1 7 5 -1 7 5 -1 1 7 5 -1 7 5 -1 1 7 5 -1 7 5 -1 1 7 5 -1 7 5 -1 1 7 5 -1 1 7 -1 1 7 5 -1 1 7 -1 7 -1 1 7 5 -1 1 7 -1 7 -1 1 7 -1 1 7 5 -1 7 5 -1 1 7 5 -1 7 5 -1 1 7 5 -1 1 7 -1 1 7 5 -1 7 5 -1 2 7 -1 7 5 -1 1 7 5 -1 1 7 -1 1 7 5 -1 7 -1 1 7 -1 1 7 5 -1 1 7 -1 1 7 5 -1 1 7 -1 7 -1 7 5 -1 1 7 5 -1 7 5 -1 1 7 5 -1 1 7 -1 1 7 5 -1 1 7 -1 7 5 -1 1 7 5 -1 7 5 -1 1 7 5 -1 1 7 -1 1 7 5 -1 1 7 -1 1 2 7 -1 1 7 -1 7 5 -1 7 -1 7 5 -1 7 -1 7 5 -1 1 7 5 -1 1 7 -1 1 2 7 -1 1 7 -1 1 7 5 -1 7 -1 7 5 -1 1 7 5 -1 7 5 -1 1 7 -1 1 7 5 -1 7 -1 7 5 -1 1 7 -1 1 7 5 -1 7 -1 1 7 -1 7 5 -1 7 -1 7 5 -1 7 -1 7 5 -1 7 -1 7 5 -1 1 7 5 -1 7 5 -1 1 7 5 -1 7 5 -1 1 7 5 -1 7 5 -1 1 7 5 -1 7 5 -1 1 7 5 -1 7 5 -1 7 -1 1 7 -1 1 7 5 -1 7 5 -1 1 7 5 -1 7 5 -1 1 7 5 -1 7 5 -1 1 7 5 -1 7 5 -1 1 7 5 -1 7 5 -1 1 7 5 -1 7 5 -1 1 7 5 -1 7 5 -1 7 -1 7 5 -1 1 7 -1 7 -1 7 5 -1 1 7 5 -1 7 5 -1 7 -1 7 5 -1 1 7 5 -1 7 5 -1 1 7 5 -1 7 5 -1 1 7 -1 7 5 -1 7 -1 7 5 -1 1 7 5 -1 7 5 -1 1 2 4 7 5 -1 2 4 -1 4 7 5 -1 -2
4 7 -1 4 7 5 -1 7 5 -1 1 7 -1 7 -1 7 5 -1 7 -1 7 5 -1 7 -1 7 5 -1 7 -1 1 7 -1 7 -1 1 7 -1 7 -1 1 7 -1 7 -1 1 7 -1 7 -1 7 5 -1 7 -1 1 7 -1 7 -1 7 5 -1 1 7 -1 7 -1 7 5 -1 7 -1 7 5 -1 7 -1 7 5 -1 7 -1 1 7 -1 7 -1 7 5 -1 7 -1 7 5 -1 7 -1 7 5 -1 7 -1 1 7 -1 7 5 -1 7 -1 7 5 -1 7 -1 7 5 -1 7 -1 7 5 -1 7 -1 7 5 -1 7 -1 7 5 -1 1 7 5 -1 1 7 -1 7 -1 7 5 -1 2 7 -1 2 4 7 -1 4 7 -1 7 -1 1 7 -1 7 -1 4 7 -1 4 -1 4 7 -1 7 -1 1 7 -1 7 -1 4 7 -1 4 -1 4 7 -1 7 -1 1 7 -1 7 -1 7 5 -1 7 -1 1 7 -1 7 -1 1 7 -1 7 -1 1 7 -1 7 -1 1 7 -1 7 5 -1 7 -1 7 5 -1 7 -1 7 5 -1 7 -1 1 7 -1 1 -1 1 7 -1 7 -1 7 5 -1 7 -1 7 5 -1 7 -1 7 5 -1 7 -1 7 5 -1 7 -1 1 7 -1 1 7 5 -1 7 -1 7 5 -1 7 -1 7 5 -1 7 -1 7 5 -1 7 -1 1 7 -1 7 -1 1 7 -1 7 -1 1 7 -1 7 -1 1 7 -1 7 -1 1 7 -1 7 -1 7 5 -1 7 -1 7 5 -1 7 -1 4 7 -1 7 -1 7 5 -1 7 -1 7 5 -1 7 -1 7 5 -1 7 -1 7 5 -1 7 -1 7 5 -1 7 -1 -2
2 4 7 -1 7 -1 7 5 -1 7 -1 7 5 -1 7 -1 2 7 -1 7 -1 4 7 -1 7 -1 7 5 -1 7 -1 7 5 -1 7 -1 7 5 -1 7 -1 7 5 -1 7 -1 2 7 -1 7 -1 7 5 -1 7 -1 7 5 -1 7 -1 7 5 -1 7 -1 7 5 -1 7 -1 7 5 -1 7 -1 7 5 -1 7 -1 7 5 -1 7 -1 7 5 -1 7 -1 7 5 -1 7 -1 7 5 -1 7 -1 7 5 -1 7 -1 7 5 -1 7 -1 7 5 -1 7 -1 7 5 -1 7 -1 7 5 -1 7 -1 7 5 -1 7 -1 7 5 -1 7 -1 7 5 -1 7 -1 7 5 -1 7 -1 7 5 -1 7 -1 7 5 -1 7 -1 7 5 -1 7 -1 7 5 -1 7 -1 2 7 -1 1 2 7 -1 7 5 -1 7 -1 7 5 -1 7 -1 7 5 -1 7 -1 7 5 -1 7 -1 7 5 -1 7 -1 7 5 -1 7 -1 7 5 -1 7 -1 7 5 -1 7 -1 7 5 -1 7 -1 7 5 -1 7 -1 7 5 -1 7 -1 4 7 -1 7 -1 4 7 -1 7 -1 4 7 -1 7 -1 4 7 -1 4 -1 2 4 7 -1 7 -1 2 7 -1 7 -1 7 5 -1 7 -1 7 5 -1 7 -1 2 7 -1 7 -1 2 4 7 -1 7 -1 2 7 5 -1 7 5 -1 7 -1 7 5 -1 7 -1 7 5 -1 7 -1 7 5 -1 7 -1 7 5 -1 7 -1 2 7 -1 7 -1 7 5 -1 7 -1 7 5 -1 7 -1 7 5 -1 7 -1 7 5 -1 2 7 5 -1 7 -1 7 5 -1 7 -1 4 7 -1 7 -1 7 5 -1 7 -1 7 5 -1 7 -1 7 5 -1 2 7 5 -1 7 5 -1 7 -1 7 5 -1 7 -1 7 5 -1 7 -1 7 5 -1 7 -1 7 5 -1 7 -1 7 5 -1 7 -1 7 5 -1 7 -1 7 5 -1 7 -1 7 5 -1 7 -1 7 5 -1 7 -1 7 5 -1 7 -1 7 5 -1 7 -1 7 5 -1 7 -1 7 5 -1 4 7 -1 7 -1 7 5 -1 7 -1 7 5 -1 5 -1 7 5 -1 7 -1 7 5 -1 7 -1 7 5 -1 7 -1 7 5 -1 7 -1 2 4 7 -1 -2
4 7 -1 7 -1 1 7 -1 7 5 -1 7 -1 4 7 5 -1 4 7 -1 7 5 -1 7 -1 7 5 -1 7 -1 7 5 -1 7 -1 7 5 -1 1 7 5 -1 1 7 -1 7 -1 4 7 -1 7 -1 7 5 -1 7 -1 1 7 -1 7 5 -1 7 -1 7 5 -1 7 -1 1 7 -1 7 -1 7 5 -1 7 -1 7 5 -1 1 7 5 -1 1 7 -1 1 7 5 -1 7 5 -1 1 7 5 -1 4 7 -1 7 5 -1 7 -1 7 5 -1 7 -1 1 7 -1 7 -1 7 5 -1 7 -1 7 5 -1 7 -1 7 5 -1 7 -1 1 7 -1 1 7 5 -1 7 5 -1 7 -1 7 5 -1 1 7 -1 7 5 -1 1 7 -1 7 -1 7 5 -1 1 7 -1 7 -1 1 7 -1 1 7 5 -1 7 5 -1 1 7 5 -1 1 7 -1 1 7 5 -1 1 7 -1 1 7 5 -1 1 7 -1 7 -1 7 5 -1 7 -1 7 5 -1 1 7 -1 7 -1 1 7 -1 1 7 5 -1 7 -1 1 7 -1 7 -1 1 7 -1 7 5 -1 7 -1 1 7 -1 1 7 5 -1 7 -1 4 7 -1 7 -1 1 7 5 -1 7 5 -1 7 -1 7 5 -1 7 -1 7 5 -1 7 -1 1 7 -1 7 -1 1 7 -1 1 7 5 -1 1 7 -1 7 -1 1 7 -1 1 7 5 -1 1 7 -1 1 7 5 -1 1 7 -1 1 7 5 -1 1 7 -1 1 7 5 -1 1 4 7 -1 1 7 -1 7 -1 7 5 -1 7 -1 7 5 -1 7 -1 1 7 5 -1 1 7 -1 1 7 5 -1 7 5 -1 7 -1 7 5 -1 7 -1 7 5 -1 7 -1 4 7 -1 1 4 7 -1 1 7 -1 7 -1 7 5 -1 7 -1 7 5 -1 7 -1 7 5 -1 7 -1 7 5 -1 1 7 -1 7 5 -1 1 7 5 -1 7 -1 1 7 5 -1 7 -1 1 7 5 -1 7 5 -1 7 -1 7 5 -1 7 -1 7 5 -1 1 7 5 -1 7 5 -1 1 7 5 -1 1 7 -1 1 7 5 -1 1 7 -1 1 7 5 -1 7 5 -1 1 7 -1 1 7 5 -1 1 7 -1 1 7 5 -1 7 5 -1 1 7 5 -1 7 5 -1 1 7 5 -1 7 5 -1 1 7 -1 1 4 7 -1 4 -1 4 7 -1 1 4 5 -1 1 4 7 5 -1 4 7 5 -1 7 -1 1 7 -1 7 -1 1 7 -1 7 -1 1 7 -1 7 -1 1 7 -1 7 -1 1 7 -1 7 -1 7 5 -1 4 7 -1 4 -1 4 7 -1 7 -1 1 7 -1 7 -1 1 7 -1 7 -1 1 7 -1 7 -1 4 7 -1 7 -1 1 7 -1 7 -1 4 7 -1 4 -1 4 7 -1 7 -1 4 7 -1 7 -1 4 7 -1 1 7 -1 1 4 7 -1 4 7 -1 4 -1 4 7 -1 4 7 5 -1 7 5 -1 7 -1 4 7 -1 4 7 5 -1 1 7 -1 7 -1 1 7 -1 7 -1 1 7 -1 7 -1 1 7 -1 7 -1 1 7 -1 7 -1 1 7 -1 7 -1 1 7 5 -1 1 7 -1 7 5 -1 7 -1 1 7 -1 7 -1 7 5 -1 7 -1 7 5 -1 1 7 5 -1 7 5 -1 7 -1 7 5 -1 7 -1 4 7 -1 1 4 7 -1 1 7 -1 7 -1 1 7 -1 7 -1 1 7 -1 7 -1 7 5 -1 1 7 5 -1 1 7 -1 1 7 5 -1 7 -1 7 5 -1 7 -1 1 7 -1 7 -1 7 5 -1 7 -1 1 7 -1 7 -1 7 5 -1 7 -1 7 5 -1 4 7 5 -1 4 7 -1 1 7 -1 7 -1 1 7 -1 7 -1 7 5 -1 7 -1 1 7 -1 7 -1 4 7 -1 7 -1 7 5 -1 7 -1 7 5 -1 7 -1 7 5 -1 7 -1 1 7 -1 1 7 5 -1 7 5 -1 1 7 -1 1 7 5 -1 7 -1 1 7 -1 7 5 -1 7 -1 1 7 -1 7 -1 7 5 -1 7 -1 7 5 -1 7 -1 7 5 -1 1 7 -1 1 7 6 -1 7 -1 7 5 -1 1 7 5 -1 7 5 -1 1 7 5 -1 7 5 -1 7 -1 1 7 5 -1 7 5 -1 7 -1 7 5 -1 7 -1 7 5 -1 1 7 -1 7 -1 7 5 -1 1 4 7 -1 1 7 5 -1 7 5 -1 1 7 5 -1 1 7 -1 1 7 5 -1 1 7 -1 1 7 5 -1 7 5 -1 1 7 5 -1 1 7 -1 1 7 5 -1 7 5 -1 1 7 5 -1 7 5 -1 1 7 5 -1 1 7 -1 1 7 5 -1 1 7 -1 1 7 5 -1 1 7 -1 1 7 5 -1 1 7 -1 1 7 5 -1 1 7 -1 1 7 5 -1 1 7 -1 1 7 5 -1 1 7 -1 7 5 -1 1 7 5 -1 1 7 -1 1 7 5 -1 7 5 -1 1 7 -1 1 7 5 -1 7 5 -1 1 7 5 -1 7 5 -1 4 7 -1 1 7 5 -1 7 5 -1 1 7 5 -1 1 7 -1 1 7 5 -1 1 7 -1 1 7 5 -1 1 7 -1 7 5 -1 1 7 5 -1 7 5 -1 1 7 -1 7 5 -1 7 -1 7 5 -1 1 7 5 -1 1 7 -1 7 5 -1 1 7 5 -1 7 5 -1 7 -1 1 7 -1 7 5 -1 7 -1 1 7 -1 1 7 5 -1 1 7 -1 1 7 5 -1 7 5 -1 1 7 5 -1 7 -1 7 5 -1 4 7 -1 4 -1 -2
4 7 -1 7 5 -1 1 7 -1 7 -1 1 7 -1 7 -1 1 7 -1 7 -1 7 5 -1 7 -1 1 7 -1 7 -1 1 7 -1 7 -1 1 7 -1 7 -1 7 5 -1 7 -1 1 7 -1 7 -1 1 7 -1 7 -1 1 7 -1 7 -1 1 7 -1 7 -1 1 7 -1 7 5 -1 7 -1 7 5 -1 7 -1 1 7 -1 7 -1 1 7 -1 7 -1 7 5 -1 7 -1 1 7 -1 7 -1 7 5 -1 1 7 -1 7 -1 1 7 -1 7 -1 7 5 -1 7 -1 2 7 -1 2 4 7 -1 2 7 -1 4 7 -1 7 -1 1 7 -1 7 -1 1 7 -1 7 -1 4 7 -1 4 -1 4 7 -1 7 -1 4 7 -1 1 7 -1 7 -1 4 7 -1 7 -1 1 7 -1 7 -1 4 7 -1 7 -1 7 5 -1 7 -1 1 7 -1 7 -1 1 7 -1 7 -1 1 7 -1 7 -1 1 7 -1 7 -1 7 5 -1 7 -1 7 5 -1 7 -1 1 7 -1 7 -1 1 7 -1 7 -1 7 5 -1 7 -1 7 5 -1 7 -1 1 7 -1 7 -1 7 5 -1 7 -1 7 5 -1 1 7 -1 7 -1 1 7 -1 7 -1 1 7 -1 7 -1 1 7 -1 1 -1 1 7 -1 7 -1 1 7 -1 7 -1 4 7 -1 7 -1 1 7 -1 7 -1 7 5 -1 7 -1 1 7 -1 7 -1 7 5 -1 7 -1 4 7 -1 7 -1 -2
7 -1 7 5 -1 7 -1 7 5 -1 7 -1 7 5 -1 7 -1 7 5 -1 7 -1 7 5 -1 7 -1 7 5 -1 7 -1 7 5 -1 7 -1 7 5 -1 7 -1 7 5 -1 4 7 -1 7 -1 7 5 -1 7 -1 7 5 -1 7 -1 7 5 -1 7 -1 7 5 -1 7 -1 7 5 -1 7 -1 7 5 -1 7 -1 7 5 -1 7 -1 1 7 -1 7 -1 7 5 -1 7 -1 7 5 -1 7 -1 7 5 -1 7 -1 7 5 -1 7 -1 7 5 -1 7 -1 7 5 -1 7 -1 7 5 -1 7 -1 7 5 -1 7 -1 7 5 -1 7 -1 7 5 -1 7 -1 7 5 -1 7 -1 7 5 -1 7 -1 7 5 -1 7 -1 7 5 -1 7 -1 7 5 -1 7 -1 7 5 -1 7 -1 7 5 -1 7 -1 7 5 -1 7 -1 4 7 -1 7 -1 4 7 -1 7 -1 4 7 -1 3 4 -1 4 7 -1 7 -1 3 4 7 -1 2 4 7 -1 2 7 -1 7 -1 7 5 -1 7 -1 7 5 -1 7 -1 3 7 5 -1 7 5 -1 7 -1 7 5 -1 7 -1 7 5 -1 7 -1 7 5 -1 7 -1 7 5 -1 7 -1 7 5 -1 7 -1 7 5 -1 7 -1 7 5 -1 7 -1 7 5 -1 7 -1 7 5 -1 7 -1 7 5 -1 7 -1 7 5 -1 2 7 5 -1 2 7 -1 7 5 -1 7 -1 7 5 -1 7 -1 7 5 -1 7 -1 7 5 -1 7 -1 7 5 -1 7 -1 7 5 -1 7 -1 7 5 -1 7 -1 7 5 -1 7 -1 7 5 -1 7 -1 7 5 -1 7 -1 7 5 -1 7 -1 7 5 -1 7 -1 7 5 -1 7 -1 7 5 -1 7 -1 4 7 -1 7 -1 7 5 -1 7 -1 7 5 -1 7 -1 7 5 -1 7 -1 7 5 -1 7 -1 7 5 -1 7 -1 7 5 -1 7 -1 7 5 -1 4 7 -1 7 -1 7 5 -1 5 -1 7 5 -1 7 -1 1 7 -1 7 -1 7 5 -1 7 -1 7 5 -1 7 -1 7 5 -1 7 -1 4 7 -1 -2
7 -1 7 5 -1 7 -1 1 7 -1 1 7 5 -1 7 5 -1 4 7 -1 7 -1 7 5 -1 4 7 5 -1 4 7 -1 4 7 5 -1 1 4 7 5 -1 1 7 5 -1 4 7 5 -1 4 7 -1 7 5 -1 7 -1 1 7 5 -1 7 5 -1 7 -1 7 5 -1 4 7 -1 7 -1 7 5 -1 7 -1 7 5 -1 7 -1 7 5 -1 7 -1 7 5 -1 7 -1 1 7 -1 1 7 5 -1 7 5 -1 4 7 5 -1 1 4 7 5 -1 1 7 5 -1 1 7 -1 7 -1 7 5 -1 7 -1 7 5 -1 1 7 5 -1 7 -1 7 5 -1 1 7 5 -1 7 5 -1 7 -1 7 5 -1 1 7 5 -1 1 7 -1 7 -1 7 5 -1 1 7 -1 4 7 5 -1 7 -1 7 5 -1 7 -1 1 7 -1 7 -1 7 5 -1 7 -1 7 5 -1 1 7 -1 7 5 -1 7 -1 7 5 -1 7 -1 7 5 -1 7 -1 7 5 -1 7 -1 7 5 -1 1 7 -1 1 7 5 -1 1 7 -1 7 5 -1 1 7 -1 1 7 5 -1 1 7 -1 7 5 -1 7 -1 7 5 -1 1 7 5 -1 7 -1 7 5 -1 7 -1 1 7 -1 7 -1 7 5 -1 7 -1 7 5 -1 7 -1 7 5 -1 7 -1 7 5 -1 7 -1 7 5 -1 7 -1 7 5 -1 7 -1 7 5 -1 7 -1 7 5 -1 7 -1 7 5 -1 1 7 -1 7 -1 1 7 5 -1 1 7 -1 4 7 -1 1 4 7 -1 7 5 -1 7 -1 7 5 -1 1 7 5 -1 1 7 -1 7 5 -1 7 -1 7 5 -1 7 -1 7 5 -1 7 -1 7 5 -1 7 -1 7 5 -1 4 7 5 -1 4 -1 4 7 -1 1 4 7 -1 4 7 -1 7 -1 4 7 -1 7 -1 1 7 -1 7 -1 4 7 -1 7 -1 7 5 -1 7 -1 7 5 -1 7 -1 4 7 -1 4 -1 4 7 -1 7 -1 7 5 -1 7 -1 4 7 5 -1 7 -1 7 5 -1 7 -1 4 7 -1 7 -1 7 5 -1 7 -1 7 5 -1 4 7 -1 4 -1 4 7 -1 4 7 5 -1 7 5 -1 4 7 5 -1 7 5 -1 7 -1 4 7 -1 7 -1 4 7 -1 4 -1 4 7 -1 4 7 5 -1 7 5 -1 7 -1 7 5 -1 7 -1 4 7 -1 1 7 -1 4 7 -1 7 -1 7 5 -1 7 -1 7 5 -1 7 -1 7 5 -1 7 -1 7 5 -1 7 -1 7 5 -1 7 -1 4 7 -1 7 -1 1 7 -1 7 -1 7 5 -1 7 -1 7 5 -1 7 -1 1 7 5 -1 7 5 -1 7 -1 7 5 -1 7 -1 7 5 -1 1 7 5 -1 7 -1 7 5 -1 7 -1 7 5 -1 1 7 5 -1 7 5 -1 1 7 5 -1 1 7 -1 1 7 5 -1 1 7 -1 1 7 5 -1 7 -1 1 7 5 -1 7 5 -1 7 -1 1 7 5 -1 1 7 -1 4 7 -1 4 7 5 -1 4 7 -1 7 -1 7 5 -1 1 7 5 -1 7 -1 7 5 -1 7 -1 1 7 -1 1 7 5 -1 7 -1 1 7 -1 1 7 5 -1 4 7 -1 7 -1 7 5 -1 7 -1 7 5 -1 1 7 -1 7 -1 7 5 -1 7 -1 7 5 -1 7 -1 7 5 -1 1 7 -1 1 7 5 -1 7 5 -1 7 -1 7 5 -1 7 -1 7 5 -1 7 -1 7 5 -1 1 7 5 -1 7 5 -1 1 7 5 -1 7 5 -1 7 -1 7 5 -1 7 -1 1 7 5 -1 7 5 -1 1 7 5 -1 7 -1 1 7 -1 7 5 -1 7 -1 1 7 5 -1 7 -1 7 5 -1 7 -1 7 5 -1 1 7 -1 7 5 -1 7 -1 7 5 -1 7 -1 7 5 -1 7 -1 7 5 -1 7 -1 1 7 -1 7 -1 7 5 -1 1 7 5 -1 1 7 -1 7 -1 7 5 -1 4 7 5 -1 7 5 -1 7 -1 7 5 -1 4 7 5 -1 4 -1 4 7 -1 4 7 5 -1 7 5 -1 7 -1 7 5 -1 7 -1 7 5 -1 7 -1 1 7 -1 7 -1 7 5 -1 7 -1 7 5 -1 4 7 -1 -2
7 5 -1 7 -1 7 5 -1 7 -1 7 5 -1 5 -1 1 5 -1 5 -1 1 5 -1 5 -1 1 5 -1 1 7 5 6 -1 1 7 5 -1 7 5 -1 5 -1 7 5 -1 5 -1 7 5 -1 5 -1 7 5 -1 7 -1 1 7 -1 7 -1 7 5 -1 5 -1 7 5 -1 7 -1 7 5 -1 1 7 -1 7 6 -1 7 -1 1 7 -1 1 7 6 -1 7 6 -1 6 -1 7 6 -1 1 7 6 -1 7 6 -1 7 -1 7 5 -1 5 -1 7 5 -1 7 -1 7 6 -1 7 -1 7 5 -1 5 -1 7 5 -1 7 -1 3 7 5 -1 7 -1 7 5 -1 7 -1 7 5 -1 7 -1 7 5 -1 7 -1 7 5 -1 7 -1 4 7 -1 7 -1 4 7 -1 7 -1 7 5 -1 7 -1 7 5 -1 7 -1 7 5 -1 7 -1 7 5 -1 5 -1 7 5 -1 1 7 5 -1 1 6 -1 1 7 -1 1 6 -1 1 -1 1 5 -1 5 -1 7 5 -1 5 -1 7 5 -1 5 -1 4 7 5 -1 5 -1 7 5 -1 5 -1 7 5 -1 7 -1 7 6 -1 7 -1 7 6 -1 6 -1 7 5 6 -1 7 5 -1 7 -1 7 5 -1 3 7 5 -1 3 7 -1 1 3 7 -1 1 2 7 5 -1 1 2 7 -1 1 2 5 -1 1 2 7 5 -1 2 5 -1 2 7 5 -1 1 2 7 5 -1 1 2 5 -1 2 5 -1 1 2 5 -1 2 5 -1 1 2 5 -1 2 5 -1 1 2 7 5 -1 1 2 5 -1 1 2 7 5 -1 1 2 5 -1 1 2 7 5 -1 1 2 5 -1 1 2 7 5 -1 1 2 5 -1 1 2 7 5 -1 1 2 5 -1 1 2 7 5 -1 1 2 5 -1 2 7 5 -1 1 2 7 5 -1 1 2 4 7 5 -1 2 4 7 5 -1 4 5 -1 2 4 7 -1 4 -1 4 7 -1 4 -1 4 7 -1 4 7 5 -1 7 -1 4 7 -1 4 -1 4 7 -1 4 -1 4 5 -1 5 -1 7 5 -1 4 7 -1 3 4 7 -1 4 7 -1 7 -1 3 7 -1 7 -1 2 7 -1 7 5 -1 3 7 -1 7 5 -1 5 -1 1 5 -1 1 -1 1 7 -1 1 -1 1 7 5 -1 7 5 -1 5 -1 7 5 -1 7 -1 7 5 -1 5 -1 7 5 -1 5 -1 1 5 -1 5 -1 1 5 -1 5 -1 1 5 -1 5 -1 1 5 -1 5 -1 1 5 -1 5 -1 1 5 -1 5 -1 7 5 -1 7 -1 1 7 -1 7 -1 7 5 -1 7 -1 7 5 -1 7 -1 1 7 5 -1 7 5 -1 7 -1 7 5 -1 7 -1 7 5 -1 7 -1 7 5 -1 7 -1 7 5 -1 5 -1 2 5 -1 5 -1 7 5 -1 7 -1 7 5 -1 5 -1 7 5 -1 1 7 -1 7 -1 7 5 -1 1 7 5 -1 5 -1 7 5 -1 7 -1 7 5 -1 7 -1 7 5 -1 5 -1 7 5 -1 5 -1 7 5 -1 7 -1 1 7 -1 7 5 -1 1 7 5 -1 5 -1 7 5 -1 7 -1 7 5 -1 5 -1 7 5 -1 5 -1 7 5 -1 7 -1 7 5 -1 1 5 -1 5 -1 7 5 -1 7 -1 7 5 -1 5 -1 7 5 -1 7 -1 7 5 -1 5 -1 7 5 -1 7 -1 7 5 -1 5 -1 7 5 -1 7 -1 7 5 -1 5 -1 7 5 -1 7 -1 7 5 -1 7 -1 7 5 -1 7 -1 7 5 -1 5 -1 7 5 -1 5 -1 7 5 -1 4 7 5 -1 7 5 -1 5 -1 3 5 -1 3 4 7 5 -1 4 7 -1 2 -1 2 7 -1 7 -1 7 5 -1 1 3 7 5 -1 1 7 5 -1 7 5 -1 7 -1 7 5 -1 7 -1 7 5 -1 7 -1 7 5 -1 7 -1 7 5 -1 7 -1 7 5 -1 7 -1 7 5 -1 7 -1 7 5 -1 7 -1 7 5 -1 7 -1 7 5 -1 7 -1 7 5 -1 7 -1 7 5 -1 7 -1 7 5 -1 7 -1 7 6 -1 6 -1 7 6 -1 6 -1 7 5 6 -1 7 6 -1 6 -1 7 6 -1 6 -1 7 6 -1 6 -1 7 6 -1 6 -1 7 6 -1 7 -1 7 5 -1 4 7 5 -1 4 5 -1 4 7 5 -1 7 -1 7 5 -1 5 -1 1 5 -1 1 7 5 -1 1 5 -1 5 -1 1 5 -1 1 7 5 -1 1 5 -1 1 -1 1 5 -1 5 -1 1 5 -1 5 -1 1 5 -1 1 7 5 -1 1 5 -1 1 7 5 -1 1 5 -1 5 -1 1 5 -1 1 7 5 -1 1 5 -1 1 7 5 -1 1 5 -1 7 5 -1 7 -1 7 5 -1 5 -1 7 5 -1 5 -1 7 5 -1 5 -1 7 5 -1 7 -1 7 5 -1 7 -1 1 7 -1 1 7 5 -1 1 5 -1 5 -1 7 5 -1 5 -1 7 5 -1 5 -1 7 5 -1 7 -1 7 5 -1 5 -1 7 5 -1 7 -1 7 5 -1 5 -1 7 5 -1 5 -1 7 5 -1 5 -1 7 5 -1 5 -1 7 5 -1 1 5 -1 1 7 -1 7 5 -1 7 -1 4 7 -1 7 -1 4 7 -1 7 -1 4 7 -1 7 -1 4 7 -1 7 -1 7 5 -1 1 7 5 -1 1 5 -1 1 7 5 -1 7 5 -1 5 -1 1 5 -1 1 -1 1 5 -1 1 7 5 -1 1 -1 1 5 -1 1 -1 1 5 -1 5 -1 7 5 -1 7 -1 7 5 -1 5 -1 2 5 -1 5 -1 2 5 -1 5 -1 2 5 -1 5 -1 2 5 -1 5 -1 2 5 -1 5 -1 2 7 5 -1 7 5 -1 3 7 5 -1 7 5 -1 3 7 5 -1 3 7 -1 3 7 5 -1 5 -1 3 7 5 -1 5 -1 3 7 5 -1 7 5 -1 1 5 -1 5 -1 1 5 -1 5 -1 1 5 -1 1 -1 1 5 -1 1 -1 1 5 -1 1 7 5 -1 7 -1 7 5 -1 1 7 5 -1 1 4 5 -1 4 7 5 -1 7 5 -1 2 7 5 -1 7 5 6 -1 4 7 5 -1 4 7 -1 4 7 5 -1 2 7 5 -1 3 7 5 -1 3 5 -1 3 7 5 -1 1 3 5 -1 1 3 7 6 -1 6 -1 7 6 -1 1 7 -1 1 7 6 -1 1 3 7 6 -1 1 3 7 -1 1 7 -1 1 7 5 -1 7 5 -1 7 -1 2 7 -1 2 7 5 -1 1 7 5 -1 1 5 -1 1 7 -1 1 7 5 -1 1 7 -1 1 7 5 -1 5 -1 7 5 -1 5 -1 7 5 -1 5 -1 7 5 -1 7 -1 2 7 -1 2 7 5 -1 5 -1 7 5 -1 5 -1 7 5 -1 5 -1 1 5 -1 5 -1 1 5 -1 5 -1 1 5 -1 5 -1 7 5 -1 4 7 -1 7 5 -1 5 -1 7 5 -1 7 5 6 -1 5 -1 7 5 -1 5 -1 3 7 5 -1 7 5 -1 7 -1 7 5 -1 5 -1 1 5 -1 1 7 5 -1 7 5 -1 1 5 -1 2 7 5 -1 5 -1 2 5 -1 2 4 5 -1 2 5 -1 5 -1 7 -1 7 5 -1 5 -1 7 5 -1 2 7 5 -1 2 5 -1 5 -1 2 4 7 5 -1 3 7 -1 3 7 6 -1 7 6 -1 3 7 6 -1 7 -1 7 6 -1 7 -1 3 7 -1 7 -1 3 7 -1 7 -1 3 7 -1 7 -1 3 7 -1 7 -1 7 5 -1 3 7 5 -1 7 5 -1 7 -1 7 6 -1 7 -1 7 5 -1 7 -1 7 5 6 -1 3 5 -1 7 5 -1 3 7 5 -1 3 5 -1 5 -1 7 5 -1 5 -1 3 5 -1 2 3 7 5 -1 7 5 -1 3 5 -1 2 3 5 -1 2 5 -1 5 -1 3 5 -1 5 -1 3 5 -1 2 3 5 -1 2 5 -1 5 -1 3 7 5 -1 7 5 -1 5 -1 7 5 -1 3 7 -1 3 7 6 -1 7 -1 7 5 -1 7 -1 7 5 -1 7 -1 7 5 -1 7 -1 7 5 -1 7 -1 7 5 -1 7 -1 7 5 -1 3 7 5 -1 5 -1 7 5 -1 5 -1 7 5 -1 1 7 5 -1 5 -1 7 5 -1 5 -1 7 5 -1 5 -1 7 5 -1 7 -1 1 7 -1 7 -1 3 7 -1 7 -1 3 7 5 -1 7 5 -1 5 -1 7 -1 7 5 -1 7 -1 7 5 -1 5 -1 3 7 5 -1 7 5 -1 5 -1 7 5 -1 3 7 5 -1 4 7 -1 4 7 6 -1 4 6 -1 4 7 5 6 -1 7 5 -1 5 -1 7 5 -1 5 -1 1 5 -1 1 2 7 -1 2 -1 1 2 -1 1 -1 1 7 -1 1 -1 1 5 -1 5 -1 1 7 5 -1 1 5 -1 5 -1 1 5 -1 1 -1 1 5 -1 5 -1 1 5 -1 1 -1 1 5 -1 1 -1 1 5 -1 2 5 -1 1 2 5 -1 1 5 -1 1 -1 1 7 -1 1 7 5 -1 7 5 -1 7 -1 7 5 -1 7 -1 7 5 -1 7 -1 7 5 -1 2 5 -1 2 7 5 -1 7 5 -1 5 -1 7 5 -1 5 -1 7 5 -1 5 -1 7 5 -1 2 3 7 5 -1 3 4 7 -1 3 -1 3 4 -1 3 4 7 -1 3 7 -1 3 -1 3 7 -1 7 -1 3 7 -1 3 -1 3 7 -1 3 7 5 -1 3 7 -1 3 -1 3 7 -1 3 7 5 -1 3 5 -1 5 -1 2 5 -1 5 -1 7 5 -1 5 -1 7 5 -1 7 5 6 -1 1 5 -1 1 -1 1 7 -1 7 -1 1 7 -1 7 -1 7 5 -1 -2
2 4 -1 2 -1 2 7 -1 2 4 7 -1 2 -1 2 7 -1 2 7 5 -1 7 5 -1 2 7 -1 7 -1 7 5 -1 5 -1 7 5 -1 7 -1 2 7 -1 2 -1 7 -1 2 -1 7 -1 1 2 -1 1 -1 2 -1 1 -1 1 5 -1 1 -1 1 2 -1 2 -1 2 4 -1 2 7 -1 7 -1 7 5 -1 7 -1 7 5 -1 1 7 5 -1 7 -1 2 7 5 -1 2 7 -1 7 -1 2 7 -1 1 7 5 -1 7 -1 7 5 -1 2 5 -1 1 5 -1 5 -1 1 5 -1 1 7 5 -1 1 2 5 -1 2 5 -1 5 -1 7 5 -1 2 7 5 -1 7 5 -1 2 7 5 -1 1 2 7 5 -1 7 5 -1 7 -1 7 5 -1 5 -1 7 5 -1 5 -1 7 5 -1 5 -1 7 5 -1 5 -1 2 5 -1 5 -1 1 5 -1 7 5 -1 5 -1 7 5 -1 5 -1 7 5 -1 7 -1 7 5 -1 5 -1 7 5 -1 5 -1 7 5 -1 5 -1 7 5 -1 5 -1 7 5 -1 5 -1 7 5 -1 5 -1 7 5 -1 5 -1 7 5 -1 5 -1 7 5 -1 5 -1 7 5 -1 7 -1 7 5 -1 5 -1 7 5 -1 5 -1 7 5 -1 2 5 -1 1 7 5 -1 5 -1 1 5 -1 5 -1 2 5 -1 2 7 5 -1 2 -1 1 2 5 -1 2 -1 2 4 -1 2 5 -1 2 -1 2 5 -1 2 4 5 -1 2 5 -1 2 -1 2 4 -1 1 2 5 -1 1 2 -1 1 2 4 7 -1 2 4 -1 1 -1 5 -1 2 5 -1 5 -1 4 7 -1 2 4 7 5 -1 5 -1 2 5 -1 2 -1 2 5 -1 2 7 5 -1 1 2 7 5 -1 7 5 -1 2 5 -1 5 -1 2 5 -1 2 7 -1 2 6 -1 2 -1 2 7 -1 2 -1 2 7 -1 2 -1 2 7 -1 2 -1 2 7 -1 2 -1 2 7 -1 2 -1 2 7 -1 7 -1 2 7 -1 2 -1 2 7 -1 2 -1 2 7 -1 2 -1 2 7 -1 2 -1 2 7 -1 2 -1 2 7 -1 2 -1 2 7 -1 2 -1 2 7 -1 2 -1 2 7 -1 2 -1 2 7 -1 2 -1 2 7 -1 2 -1 2 7 -1 2 -1 2 7 -1 2 -1 2 7 -1 2 5 -1 2 7 5 -1 2 4 -1 2 5 -1 2 -1 2 5 -1 2 -1 2 5 -1 2 -1 2 5 -1 2 -1 2 4 -1 2 -1 2 5 -1 2 -1 2 4 -1 4 -1 2 4 -1 4 -1 2 4 -1 3 4 -1 2 4 -1 2 3 4 -1 2 4 -1 3 4 -1 3 -1 3 4 -1 3 -1 3 4 -1 3 -1 3 4 -1 3 -1 3 4 -1 3 -1 1 3 -1 3 -1 3 4 -1 4 -1 1 3 4 -1 3 4 -1 1 3 4 -1 3 4 -1 1 3 4 -1 3 4 -1 1 3 4 -1 3 4 -1 1 3 4 -1 3 4 -1 1 3 4 -1 3 4 -1 1 3 4 -1 3 4 -1 2 3 4 -1 1 2 3 4 -1 2 3 4 -1 2 3 -1 2 3 4 -1 1 2 3 4 -1 2 3 4 -1 2 3 -1 2 3 4 -1 1 2 3 -1 2 3 -1 2 4 -1 2 3 4 -1 2 4 -1 2 -1 2 4 -1 2 3 4 -1 2 3 -1 2 3 4 -1 2 4 -1 2 3 4 -1 2 4 -1 3 4 -1 2 3 4 -1 2 4 -1 2 3 4 -1 2 4 -1 2 3 4 -1 2 4 -1 2 3 -1 2 -1 2 4 -1 2 -1 2 4 -1 4 -1 2 4 -1 4 -1 2 4 -1 4 -1 2 4 -1 4 -1 2 4 -1 4 -1 2 4 -1 4 -1 2 4 -1 4 -1 2 4 -1 4 -1 2 4 -1 4 -1 2 4 -1 4 -1 2 4 -1 4 -1 2 4 -1 2 3 4 -1 3 4 -1 4 -1 3 4 -1 4 -1 3 4 -1 4 -1 3 4 -1 4 -1 3 4 -1 4 -1 3 4 -1 4 -1 3 4 -1 4 -1 3 4 -1 4 -1 3 4 -1 4 -1 3 4 -1 4 -1 3 4 -1 4 -1 3 4 -1 4 -1 3 4 -1 4 -1 3 4 -1 4 -1 3 4 -1 4 -1 3 4 -1 4 -1 3 4 -1 2 -1 2 4 -1 4 -1 2 3 4 -1 4 -1 3 4 -1 4 -1 3 4 -1 4 -1 3 4 -1 4 -1 3 -1 4 -1 3 4 -1 4 -1 3 4 -1 4 -1 3 -1 2 3 -1 3 4 -1 4 -1 3 4 -1 4 -1 3 4 -1 3 -1 3 4 -1 4 -1 3 -1 4 -1 3 4 -1 3 -1 2 -1 3 4 -1 3 -1 4 -1 3 4 -1 2 4 -1 2 3 4 -1 3 -1 3 4 -1 2 4 -1 3 4 -1 3 -1 3 4 -1 3 -1 3 4 -1 3 -1 3 4 -1 2 3 4 -1 2 4 -1 2 -1 2 4 -1 4 -1 2 4 -1 2 4 7 -1 1 2 -1 2 -1 1 2 -1 2 -1 1 2 -1 2 -1 1 2 -1 2 -1 1 2 -1 2 -1 1 2 -1 2 -1 1 2 7 5 -1 7 -1 2 7 -1 2 -1 2 7 -1 7 -1 2 7 -1 2 -1 1 2 7 5 -1 7 -1 7 5 -1 2 3 5 -1 2 3 4 -1 2 3 4 5 -1 2 3 -1 2 3 5 -1 3 -1 2 3 -1 3 -1 1 3 -1 3 -1 1 3 -1 1 2 3 -1 1 3 -1 3 -1 1 2 3 -1 1 3 -1 3 -1 1 3 -1 3 -1 1 2 3 -1 2 3 5 -1 3 -1 1 3 -1 1 2 3 -1 1 3 -1 1 2 3 -1 3 -1 1 3 -1 1 2 3 -1 3 -1 2 3 -1 1 3 -1 1 2 3 -1 2 3 -1 3 -1 2 3 5 -1 3 -1 2 3 -1 1 2 3 -1 1 3 -1 1 2 3 -1 2 3 -1 1 2 3 -1 3 -1 2 3 -1 1 2 -1 1 2 3 -1 2 3 -1 2 -1 1 2 3 -1 1 3 -1 3 -1 1 2 3 -1 2 4 -1 4 -1 2 4 -1 2 -1 2 5 -1 2 4 -1 2 5 6 -1 2 4 -1 2 -1 2 6 -1 2 5 6 -1 2 5 -1 2 -1 2 5 -1 2 -1 2 5 -1 2 6 -1 2 3 -1 2 -1 2 5 -1 2 -1 2 5 -1 2 6 -1 2 -1 2 6 -1 2 3 6 -1 2 -1 2 5 6 -1 1 2 -1 2 -1 2 3 4 -1 2 4 -1 2 4 5 -1 2 4 7 5 -1 2 4 7 -1 4 7 -1 2 4 7 -1 2 4 -1 4 -1 2 4 -1 4 -1 2 4 -1 4 -1 2 4 -1 4 -1 4 7 -1 1 4 7 -1 4 -1 2 4 -1 4 -1 2 4 -1 4 -1 2 4 -1 4 -1 2 4 -1 4 -1 2 4 -1 2 4 7 -1 2 4 -1 4 -1 1 2 4 7 -1 2 4 7 -1 2 4 -1 1 2 4 7 -1 2 4 -1 4 -1 2 4 -1 1 2 4 7 -1 2 4 7 -1 1 2 4 7 -1 2 4 -1 1 2 4 -1 2 -1 2 7 -1 7 -1 7 6 -1 6 -1 5 6 -1 5 -1 7 5 -1 5 -1 1 5 -1 5 -1 1 5 -1 5 -1 1 5 -1 5 -1 1 5 -1 5 -1 1 5 -1 2 7 -1 7 -1 2 7 -1 7 -1 7 5 -1 1 7 -1 7 -1 1 7 -1 7 -1 1 2 7 -1 2 5 -1 5 -1 2 5 -1 5 -1 1 2 5 -1 1 2 -1 2 -1 1 2 -1 2 -1 1 2 -1 2 -1 7 -1 2 -1 2 7 -1 2 7 5 -1 2 -1 2 7 -1 2 -1 2 7 -1 7 -1 7 5 -1 5 -1 1 5 -1 5 -1 1 7 5 -1 1 5 -1 5 -1 1 7 5 -1 1 2 7 5 -1 2 5 -1 2 7 -1 2 7 5 -1 1 7 5 -1 7 5 -1 5 -1 7 5 -1 1 7 5 -1 7 5 -1 3 4 7 5 -1 3 4 -1 2 3 4 -1 2 4 -1 4 -1 2 4 -1 4 -1 2 4 -1 4 7 5 -1 2 5 -1 2 3 5 -1 2 5 -1 2 7 5 -1 7 -1 2 7 -1 7 -1 2 7 -1 7 5 -1 5 -1 1 5 -1 5 -1 1 5 -1 1 -1 1 5 -1 2 5 -1 7 -1 7 5 -1 5 -1 7 5 -1 5 -1 7 5 -1 5 -1 7 5 -1 1 7 5 -1 1 5 -1 1 2 7 5 -1 1 7 5 -1 1 5 -1 1 7 5 -1 5 -1 2 7 5 -1 7 5 -1 5 -1 7 5 -1 5 -1 7 5 -1 7 -1 7 5 -1 1 5 -1 7 5 -1 1 7 5 -1 7 -1 7 5 -1 5 6 -1 7 5 -1 7 5 6 -1 5 -1 5 6 -1 7 5 -1 7 5 6 -1 7 5 -1 7 5 6 -1 7 5 -1 7 5 6 -1 7 5 -1 7 -1 4 7 -1 4 -1 3 7 5 -1 5 -1 7 5 -1 7 -1 2 7 -1 2 3 4 -1 2 -1 2 7 5 -1 7 5 -1 5 -1 1 2 5 -1 1 2 -1 1 2 5 -1 1 5 -1 1 2 5 -1 1 5 -1 1 2 5 -1 1 5 -1 1 7 5 -1 2 7 -1 7 -1 2 7 -1 7 -1 2 7 5 -1 2 -1 5 -1 1 2 5 -1 1 2 5 6 -1 1 2 -1 2 -1 1 2 6 -1 2 6 -1 1 2 -1 2 -1 2 7 -1 7 -1 7 5 -1 5 -1 2 -1 2 5 -1 2 -1 1 2 -1 2 -1 1 2 -1 2 -1 1 2 -1 2 -1 2 7 -1 7 -1 7 5 -1 5 -1 7 5 -1 1 2 7 5 -1 2 7 -1 2 -1 2 7 -1 7 -1 2 7 -1 2 -1 2 7 -1 2 -1 2 7 -1 1 7 -1 2 -1 1 2 -1 2 -1 1 2 -1 2 -1 1 2 -1 1 7 5 -1 7 5 -1 2 -1 2 7 -1 7 -1 7 5 -1 7 -1 7 5 -1 7 -1 2 7 -1 7 5 -1 7 -1 7 5 -1 7 -1 7 5 -1 7 -1 2 7 -1 1 7 -1 7 5 -1 2 7 -1 7 -1 2 7 -1 2 7 5 -1 5 -1 2 5 -1 2 -1 2 4 -1 2 -1 2 4 -1 2 4 7 -1 2 4 -1 2 4 7 -1 7 -1 2 7 -1 2 -1 2 4 -1 1 2 7 -1 1 7 -1 7 -1 2 7 -1 7 -1 -2
1 -1 1 7 -1 1 -1 1 7 -1 1 -1 1 7 -1 1 -1 1 7 -1 1 -1 1 7 -1 1 -1 1 7 -1 1 -1 1 7 -1 1 -1 1 7 -1 1 7 6 -1 1 7 -1 1 -1 1 7 -1 1 -1 1 5 -1 1 -1 1 6 -1 1 7 -1 1 6 -1 1 7 5 -1 7 5 -1 1 7 -1 7 -1 7 5 -1 1 7 5 -1 1 7 -1 1 -1 1 7 5 -1 7 -1 1 7 5 -1 1 7 6 -1 1 7 5 6 -1 1 5 6 -1 1 7 5 6 -1 1 5 6 -1 1 7 6 -1 1 6 -1 1 7 5 -1 1 6 -1 1 7 6 -1 1 6 -1 1 5 6 -1 1 6 -1 1 -1 1 7 -1 1 7 5 -1 1 7 5 6 -1 1 6 -1 1 7 6 -1 1 6 -1 1 7 6 -1 1 6 -1 1 7 5 6 -1 1 7 5 -1 7 5 -1 1 7 5 -1 1 7 5 6 -1 7 5 -1 1 7 5 6 -1 7 5 -1 1 7 5 6 -1 1 7 5 -1 7 5 -1 1 7 5 -1 1 7 5 6 -1 1 6 -1 1 7 6 -1 1 6 -1 1 7 6 -1 1 6 -1 1 7 6 -1 1 6 -1 1 7 6 -1 1 5 6 -1 1 7 6 -1 1 5 6 -1 1 6 -1 1 7 6 -1 1 5 6 -1 1 7 5 6 -1 1 5 6 -1 1 7 5 6 -1 1 7 6 -1 1 6 -1 1 7 5 6 -1 1 7 6 -1 1 7 5 6 -1 1 5 6 -1 1 7 5 6 -1 1 5 6 -1 1 7 5 6 -1 1 5 6 -1 1 7 5 6 -1 1 5 6 -1 1 7 5 6 -1 1 7 6 -1 1 6 -1 1 7 6 -1 1 6 -1 1 7 6 -1 1 7 5 6 -1 1 6 -1 1 7 5 6 -1 1 7 -1 1 7 5 6 -1 1 5 6 -1 1 7 6 -1 1 7 -1 1 7 6 -1 1 7 -1 1 7 6 -1 1 7 -1 1 7 5 -1 7 5 -1 7 -1 7 5 -1 7 -1 1 7 -1 1 7 5 -1 7 5 -1 1 7 5 -1 1 7 -1 1 7 5 6 -1 1 7 6 -1 7 -1 1 7 -1 1 -1 1 7 -1 1 2 4 7 6 -1 1 2 4 -1 1 2 7 -1 1 2 -1 1 2 7 -1 1 2 4 7 -1 1 2 4 -1 1 2 -1 1 2 4 -1 1 2 -1 1 2 4 -1 1 2 -1 1 2 4 -1 1 2 -1 1 2 4 -1 1 2 4 7 -1 1 2 4 -1 2 4 -1 1 2 4 -1 2 4 -1 1 2 4 -1 2 4 -1 1 2 4 -1 2 4 -1 1 2 4 7 -1 1 2 4 -1 2 4 -1 1 2 4 7 -1 2 4 -1 1 2 4 -1 2 4 -1 1 2 4 -1 1 2 4 7 -1 2 4 -1 2 4 6 -1 4 6 -1 4 7 6 -1 1 4 6 -1 1 4 7 6 -1 4 6 -1 1 4 6 -1 4 6 -1 4 7 6 -1 4 6 -1 1 4 6 -1 1 4 7 6 -1 1 4 6 -1 4 7 6 -1 1 4 7 6 -1 4 6 -1 1 4 6 -1 1 4 7 6 -1 1 4 6 -1 1 2 7 -1 1 2 -1 1 7 -1 1 -1 1 7 -1 1 -1 1 7 -1 1 2 7 -1 1 7 -1 1 -1 1 7 -1 1 -1 1 7 -1 1 -1 1 7 -1 7 -1 1 7 -1 1 4 7 -1 1 7 -1 1 4 7 -1 1 7 -1 1 4 7 -1 1 7 -1 1 4 7 -1 1 7 -1 1 4 7 -1 1 7 -1 1 4 7 6 -1 1 4 6 -1 1 7 6 -1 1 4 7 6 -1 1 7 6 -1 1 7 -1 1 7 6 -1 1 7 -1 1 7 6 -1 1 7 -1 1 7 6 -1 1 7 -1 1 7 6 -1 1 7 -1 1 7 6 -1 1 6 -1 1 -1 1 2 -1 1 2 4 -1 1 2 -1 1 -1 1 2 -1 1 -1 1 2 4 -1 1 2 4 7 -1 1 7 -1 1 2 7 -1 1 7 -1 1 7 6 -1 1 7 -1 1 7 6 -1 1 7 -1 1 7 6 -1 1 7 -1 1 7 6 -1 1 7 -1 1 7 6 -1 1 7 -1 1 7 6 -1 1 4 7 6 -1 1 7 6 -1 1 7 -1 1 7 6 -1 1 7 -1 1 7 6 -1 1 7 -1 1 7 6 -1 1 7 -1 1 7 6 -1 1 7 -1 1 6 -1 1 -1 1 7 -1 1 7 6 -1 1 7 -1 1 7 6 -1 1 7 -1 1 7 6 -1 1 7 -1 1 7 6 -1 1 7 -1 1 4 -1 1 7 6 -1 1 7 -1 1 -1 1 7 -1 1 7 6 -1 1 7 -1 1 7 6 -1 1 7 -1 1 -1 1 7 -1 1 -1 1 6 -1 1 7 6 -1 1 7 -1 1 7 6 -1 1 7 -1 1 -1 1 7 -1 1 -1 1 7 -1 1 2 7 -1 1 7 -1 1 2 7 -1 1 7 -1 1 2 7 -1 1 7 -1 1 2 7 -1 1 7 -1 1 2 7 -1 1 7 -1 1 2 7 -1 1 7 -1 1 2 7 -1 1 7 -1 1 -1 1 7 -1 1 2 7 -1 1 7 -1 1 -1 1 7 -1 1 2 -1 1 -1 1 7 -1 1 -1 1 7 -1 1 -1 1 7 -1 1 -1 1 7 -1 1 -1 1 7 -1 1 -1 1 7 -1 1 -1 1 7 -1 1 2 7 -1 1 7 -1 7 -1 1 7 -1 1 -1 1 7 -1 1 -1 1 7 -1 1 -1 1 7 -1 1 -1 1 7 -1 1 -1 1 7 -1 1 -1 1 7 -1 1 -1 1 7 -1 1 -1 1 7 -1 1 -1 1 7 -1 1 7 5 -1 7 5 -1 1 7 5 -1 1 -1 1 7 5 -1 1 7 -1 1 -1 1 7 -1 7 -1 1 7 -1 1 4 7 6 -1 2 7 -1 1 7 -1 1 2 7 -1 1 2 7 6 -1 1 2 7 -1 1 2 7 6 -1 1 2 7 -1 1 7 -1 1 2 7 -1 1 7 -1 1 2 7 -1 1 7 -1 1 2 7 -1 1 7 -1 1 2 7 -1 1 7 -1 1 2 7 -1 1 7 -1 1 2 7 -1 1 7 -1 7 5 -1 1 2 7 -1 1 2 -1 1 2 7 -1 1 2 -1 1 2 7 -1 1 2 -1 1 2 7 -1 1 2 -1 1 2 7 -1 1 2 -1 1 2 7 -1 1 2 7 5 -1 7 5 -1 1 7 5 -1 1 2 4 7 -1 1 4 7 -1 1 2 4 -1 1 2 4 7 -1 1 4 7 -1 1 2 4 7 -1 1 4 7 -1 1 2 4 -1 1 2 4 7 -1 1 4 7 -1 1 2 4 7 -1 1 2 7 -1 1 2 -1 1 2 7 -1 1 2 -1 1 -1 1 2 -1 1 -1 1 2 -1 1 -1 1 2 -1 1 -1 1 2 -1 1 -1 1 2 -1 1 -1 1 2 -1 1 -1 1 7 -1 1 -1 1 2 -1 1 -1 1 7 -1 1 -1 1 2 -1 1 -1 1 2 -1 1 -1 1 2 -1 1 -1 1 2 -1 1 -1 1 7 -1 1 -1 1 6 -1 1 -1 1 7 6 -1 1 2 7 6 -1 1 6 -1 1 7 6 -1 1 2 7 6 -1 1 7 6 -1 1 6 -1 1 -1 1 6 -1 1 -1 1 6 -1 1 -1 1 6 -1 1 2 6 -1 1 6 -1 1 7 6 -1 1 7 5 -1 7 5 -1 7 -1 7 5 -1 7 -1 1 7 -1 1 2 4 7 -1 1 2 7 -1 1 -1 1 7 6 -1 1 6 -1 1 7 6 -1 1 7 5 -1 7 6 -1 1 7 -1 7 6 -1 1 7 -1 7 -1 1 7 6 -1 1 7 -1 1 7 6 -1 1 7 -1 1 7 6 -1 1 7 -1 1 7 6 -1 1 7 -1 1 7 6 -1 1 7 -1 1 -1 1 7 6 -1 1 7 -1 1 -1 1 7 -1 1 6 -1 1 7 6 -1 1 7 -1 1 4 7 6 -1 1 4 7 -1 1 4 6 -1 1 6 -1 1 4 6 -1 1 2 4 6 -1 1 4 6 -1 1 6 -1 1 2 6 -1 1 6 -1 1 -1 1 7 -1 7 5 -1 7 -1 7 5 -1 7 -1 7 5 -1 7 -1 7 5 -1 7 -1 7 5 -1 7 -1 7 5 -1 7 -1 7 5 -1 7 -1 7 5 -1 1 7 5 -1 1 7 -1 7 -1 4 7 6 -1 1 2 7 -1 1 2 -1 1 2 7 -1 1 2 -1 1 2 7 -1 1 2 -1 1 2 7 -1 1 7 -1 1 7 5 -1 7 5 -1 1 7 5 -1 7 5 -1 4 7 -1 4 7 5 -1 7 6 -1 4 7 5 6 -1 4 7 5 -1 7 5 -1 4 7 5 -1 1 4 7 -1 1 7 -1 7 -1 4 7 5 -1 4 7 -1 4 -1 4 7 5 -1 1 7 5 -1 7 5 -1 7 -1 7 5 -1 7 -1 7 5 -1 7 -1 7 6 -1 2 7 -1 7 -1 1 2 4 7 -1 1 -1 1 2 -1 1 -1 1 7 -1 1 -1 1 4 7 6 -1 7 5 6 -1 7 6 -1 7 5 -1 7 -1 7 5 -1 7 -1 7 5 -1 7 -1 7 5 -1 7 -1 7 5 -1 7 -1 7 5 -1 7 -1 7 5 -1 7 -1 7 5 -1 7 6 -1 1 7 5 -1 1 7 5 6 -1 7 5 -1 1 7 5 -1 7 5 -1 7 -1 7 5 -1 1 2 7 5 -1 1 2 7 -1 1 7 -1 1 4 7 6 -1 1 7 5 6 -1 7 6 -1 1 7 6 -1 7 6 -1 1 7 6 -1 1 7 5 6 -1 1 7 -1 1 7 5 -1 1 7 -1 1 -1 1 7 -1 1 4 7 6 -1 1 4 6 -1 1 4 7 6 -1 1 7 6 -1 1 4 -1 1 -1 1 7 -1 1 -1 1 7 -1 1 -1 1 7 -1 1 -1 1 6 -1 1 7 -1 1 6 -1 1 7 6 -1 1 6 -1 1 7 -1 1 6 -1 1 7 6 -1 1 6 -1 1 -1 1 7 6 -1 1 6 -1 1 7 -1 1 7 6 -1 1 7 -1 1 -1 1 7 -1 1 -1 1 6 -1 1 -1 1 7 -1 1 7 6 -1 1 7 -1 1 -1 1 7 -1 1 -1 1 7 -1 1 7 6 -1 1 7 -1 1 7 5 -1 1 7 -1 1 7 6 -1 1 7 -1 7 -1 7 5 -1 7 -1 7 6 -1 7 -1 7 6 -1 7 -1 7 6 -1 7 -1 7 6 -1 7 -1 4 7 -1 7 6 -1 4 7 6 -1 7 6 -1 7 5 -1 4 7 6 -1 4 6 -1 4 7 5 6 -1 7 6 -1 7 -1 2 7 -1 1 2 4 7 -1 1 7 -1 4 7 5 6 -1 5 6 -1 6 -1 4 6 -1 5 6 -1 6 -1 5 6 -1 1 4 7 6 -1 1 7 6 -1 1 -1 1 2 6 -1 1 2 -1 1 2 6 -1 1 -1 1 2 6 -1 1 2 4 6 -1 1 2 6 -1 1 2 4 6 -1 1 2 6 -1 1 -1 1 7 -1 1 -1 1 7 -1 1 -1 1 7 -1 1 -1 1 7 -1 1 -1 1 6 -1 1 7 -1 7 -1 7 6 -1 7 -1 1 7 -1 1 7 6 -1 1 7 5 6 -1 1 6 -1 1 2 4 6 -1 1 2 4 7 6 -1 1 2 7 -1 1 7 -1 1 2 7 -1 2 7 -1 1 2 7 -1 1 7 -1 1 7 5 6 -1 7 6 -1 7 -1 7 6 -1 7 -1 7 6 -1 1 2 7 6 -1 1 2 6 -1 1 4 6 -1 1 6 -1 1 7 6 -1 1 6 -1 1 4 7 6 -1 1 7 6 -1 1 6 -1 1 7 6 -1 1 7 -1 1 6 -1 1 7 6 -1 1 4 7 6 -1 1 4 6 -1 1 4 7 6 -1 1 7 5 6 -1 7 6 -1 1 7 6 -1 1 6 -1 1 -1 1 4 -1 1 -1 1 7 -1 7 -1 1 -1 1 7 -1 1 -1 1 6 -1 6 -1 1 6 -1 7 6 -1 6 -1 7 6 -1 1 6 -1 6 -1 1 7 6 -1 1 7 -1 1 7 6 -1 7 6 -1 1 7 6 -1 7 6 -1 1 7 6 -1 7 6 -1 1 7 6 -1 7 6 -1 1 7 6 -1 7 6 -1 2 7 6 -1 7 6 -1 1 7 6 -1 1 2 7 6 -1 1 7 6 -1 1 2 7 6 -1 1 7 6 -1 1 2 7 6 -1 1 7 6 -1 1 6 -1 1 -1 1 6 -1 1 -1 1 2 6 -1 1 -1 1 7 6 -1 1 2 7 6 -1 2 7 6 -1 2 7 -1 2 7 6 -1 1 2 7 -1 1 -1 1 6 -1 1 -1 1 6 -1 1 -1 1 6 -1 1 -1 1 6 -1 1 -1 1 6 -1 1 -1 1 6 -1 1 -1 1 6 -1 1 -1 1 7 6 -1 1 6 -1 1 -1 1 6 -1 1 -1 1 6 -1 1 -1 1 6 -1 1 -1 -2
7 -1 7 6 -1 6 -1 7 6 -1 7 -1 7 6 -1 6 -1 7 6 -1 7 -1 7 5 -1 5 -1 7 5 -1 5 -1 7 5 -1 5 -1 7 5 -1 7 5 6 -1 5 6 -1 5 -1 7 5 6 -1 6 -1 5 6 -1 5 -1 7 5 -1 1 7 -1 1 7 6 -1 6 -1 7 6 -1 6 -1 7 5 6 -1 7 -1 7 6 -1 6 -1 7 5 6 -1 7 -1 7 6 -1 7 5 -1 7 -1 7 5 -1 7 -1 7 6 -1 1 7 -1 1 7 6 -1 7 6 -1 7 -1 7 5 -1 7 6 -1 7 -1 7 5 -1 7 6 -1 6 -1 7 6 -1 7 -1 7 5 -1 7 -1 7 5 -1 7 -1 7 5 -1 7 -1 7 5 -1 7 -1 7 5 -1 7 -1 7 5 -1 7 -1 7 5 -1 7 -1 7 5 -1 7 -1 7 5 -1 7 -1 7 6 -1 6 -1 7 6 -1 7 -1 7 6 -1 7 -1 7 6 -1 7 -1 7 6 -1 7 -1 7 5 -1 4 7 5 -1 7 -1 7 6 -1 7 5 6 -1 5 6 -1 6 -1 5 6 -1 7 5 6 -1 7 5 -1 7 -1 7 6 -1 5 6 -1 6 -1 5 6 -1 6 -1 5 6 -1 6 -1 5 6 -1 6 -1 7 5 6 -1 7 5 -1 7 -1 7 5 -1 5 -1 7 5 -1 7 5 6 -1 7 6 -1 7 5 6 -1 5 -1 7 5 -1 5 -1 4 5 -1 4 7 5 -1 4 7 -1 4 7 5 -1 4 7 -1 4 7 5 -1 2 7 5 -1 2 4 5 -1 2 4 7 5 -1 2 4 5 -1 4 5 -1 5 -1 4 7 5 -1 7 5 -1 2 5 -1 5 -1 2 5 -1 5 -1 4 7 5 -1 4 7 -1 4 7 5 -1 4 7 -1 4 7 5 -1 4 7 -1 4 7 5 -1 5 -1 7 5 -1 7 -1 7 6 -1 6 -1 7 6 -1 5 6 -1 7 5 -1 7 5 6 -1 7 6 -1 7 5 -1 7 -1 7 5 -1 7 5 6 -1 7 6 -1 7 5 -1 7 5 6 -1 6 -1 7 5 6 -1 7 5 -1 7 5 6 -1 7 6 -1 7 -1 7 5 -1 7 5 6 -1 6 -1 7 6 -1 7 -1 7 5 6 -1 7 6 -1 7 -1 7 5 -1 7 5 6 -1 6 -1 7 6 -1 7 -1 7 6 -1 7 5 -1 7 5 6 -1 7 6 -1 7 -1 7 5 -1 7 5 6 -1 6 -1 7 6 -1 7 -1 7 5 6 -1 7 6 -1 7 -1 7 5 6 -1 7 6 -1 7 -1 7 5 -1 7 5 6 -1 7 6 -1 7 -1 7 5 -1 7 5 6 -1 5 6 -1 7 6 -1 7 -1 7 5 -1 7 5 6 -1 7 6 -1 7 5 -1 7 5 6 -1 7 -1 7 5 -1 7 5 6 -1 7 6 -1 7 -1 7 5 -1 7 5 6 -1 7 5 -1 7 5 6 -1 7 6 -1 7 5 -1 7 5 6 -1 7 5 -1 7 5 6 -1 7 5 -1 7 5 6 -1 7 5 -1 7 5 6 -1 7 5 -1 7 5 6 -1 7 5 -1 2 5 -1 5 -1 1 7 5 -1 1 7 -1 1 -1 1 7 -1 1 -1 1 7 -1 7 -1 1 7 -1 1 -1 1 7 -1 1 -1 1 7 5 -1 7 5 -1 4 7 5 -1 7 5 -1 7 -1 7 5 -1 7 -1 7 5 -1 7 -1 7 5 -1 5 -1 1 5 -1 1 7 5 -1 7 5 -1 1 7 5 -1 7 5 -1 5 -1 7 5 -1 5 -1 1 7 5 -1 7 5 -1 1 7 5 -1 7 5 -1 1 7 5 -1 7 5 -1 1 7 5 -1 7 5 -1 1 7 5 -1 4 7 5 -1 7 5 -1 5 6 -1 1 5 -1 5 -1 1 5 -1 5 -1 1 5 -1 7 5 -1 5 -1 1 5 -1 5 -1 7 5 -1 7 -1 7 5 -1 1 5 -1 5 -1 1 5 -1 5 -1 7 5 -1 5 -1 1 5 -1 1 -1 1 5 -1 5 6 -1 5 -1 1 5 6 -1 1 5 -1 5 -1 1 5 -1 5 -1 1 5 -1 5 -1 1 5 -1 5 -1 1 5 -1 5 -1 7 5 -1 5 -1 7 5 -1 2 7 5 -1 2 5 -1 7 5 -1 2 7 5 -1 2 5 -1 5 -1 2 5 -1 2 -1 2 5 -1 5 -1 2 5 -1 2 -1 2 5 -1 2 4 7 5 -1 4 7 5 -1 5 -1 2 5 -1 2 -1 2 4 5 -1 4 5 -1 2 4 5 -1 2 -1 2 4 7 5 -1 2 5 -1 2 7 5 -1 5 -1 2 5 -1 2 4 5 -1 4 5 -1 5 -1 2 5 -1 2 -1 2 4 5 -1 4 5 -1 4 7 5 -1 1 5 -1 5 -1 1 5 -1 5 -1 1 5 -1 5 -1 7 5 -1 5 -1 1 5 -1 5 -1 1 5 -1 1 7 5 -1 5 -1 1 5 -1 1 7 5 -1 7 5 -1 5 -1 1 5 -1 1 7 5 -1 1 4 7 5 -1 7 5 -1 1 7 5 -1 1 4 7 5 -1 1 7 5 -1 1 5 -1 1 7 5 -1 1 4 7 5 -1 1 7 5 -1 1 5 -1 1 7 5 -1 1 4 7 5 -1 2 4 7 5 -1 1 7 5 -1 5 -1 2 7 5 -1 7 5 -1 7 -1 7 5 -1 7 -1 7 6 -1 6 -1 7 6 -1 7 -1 7 6 -1 7 -1 7 5 -1 5 -1 7 5 -1 7 -1 7 5 -1 7 -1 7 5 -1 7 -1 7 5 -1 7 -1 7 5 -1 7 -1 7 5 -1 7 5 6 -1 5 6 -1 7 5 6 -1 7 -1 7 5 -1 7 5 6 -1 5 6 -1 7 5 6 -1 7 -1 7 5 -1 7 -1 7 5 -1 7 5 6 -1 5 6 -1 7 5 6 -1 7 -1 7 5 -1 7 -1 7 5 -1 7 -1 7 5 -1 7 -1 7 5 -1 7 -1 7 5 -1 7 -1 7 5 -1 7 -1 7 5 -1 1 4 7 -1 1 7 -1 7 5 -1 1 2 7 -1 1 7 5 -1 5 -1 1 7 5 -1 5 -1 1 7 5 -1 1 5 -1 1 2 -1 1 -1 1 5 -1 1 2 5 -1 1 5 -1 5 -1 2 5 -1 5 -1 1 5 -1 1 2 -1 1 2 5 -1 1 5 -1 1 2 -1 1 -1 1 2 5 -1 1 2 -1 1 5 -1 5 -1 1 5 -1 1 -1 1 2 5 -1 2 5 -1 5 -1 1 5 -1 5 -1 1 5 -1 1 -1 1 5 -1 5 -1 1 5 -1 1 -1 1 5 -1 5 -1 1 5 -1 1 -1 1 5 -1 5 -1 1 5 -1 1 -1 1 7 -1 7 -1 1 2 7 -1 7 -1 4 7 -1 4 7 5 -1 4 5 -1 4 7 5 -1 7 -1 7 5 -1 7 5 6 -1 5 6 -1 4 5 6 -1 4 5 -1 7 5 -1 5 -1 7 5 -1 5 -1 7 5 6 -1 5 -1 5 6 -1 7 5 6 -1 5 6 -1 5 -1 4 5 -1 1 4 5 -1 5 -1 4 5 -1 4 7 5 -1 7 5 -1 5 -1 7 5 -1 5 -1 1 5 -1 7 5 -1 7 -1 7 5 -1 2 5 -1 7 5 -1 2 7 5 6 -1 2 5 -1 4 7 5 -1 7 5 -1 7 -1 7 5 -1 5 -1 7 5 -1 7 -1 7 5 -1 5 -1 7 5 -1 7 -1 4 7 5 -1 4 5 -1 4 7 5 -1 4 5 -1 4 7 5 -1 4 5 -1 5 -1 7 5 -1 2 7 5 -1 1 2 -1 1 2 5 -1 5 -1 7 5 -1 5 -1 7 5 -1 1 7 -1 7 5 6 -1 7 5 -1 5 -1 7 5 -1 2 7 5 -1 2 7 -1 7 -1 7 5 -1 5 -1 7 5 -1 5 -1 3 5 -1 3 5 6 -1 5 -1 7 5 -1 7 5 6 -1 5 6 -1 7 6 -1 7 5 -1 7 5 6 -1 7 5 -1 7 5 6 -1 5 6 -1 5 -1 2 5 6 -1 2 6 -1 1 2 6 -1 1 2 -1 1 2 6 -1 6 -1 2 5 6 -1 3 5 -1 7 5 -1 7 -1 4 7 -1 4 7 6 -1 7 6 -1 7 -1 7 5 -1 5 -1 7 5 -1 7 -1 7 5 -1 7 -1 7 5 -1 5 -1 7 5 -1 5 -1 7 5 -1 1 7 5 -1 5 -1 7 5 -1 7 -1 7 5 -1 5 -1 7 5 -1 5 -1 7 5 -1 5 -1 1 5 -1 1 -1 1 5 -1 5 -1 7 5 6 -1 7 5 -1 5 -1 2 5 -1 5 -1 2 7 5 -1 2 5 -1 1 5 -1 1 7 5 -1 7 5 -1 5 -1 7 5 -1 1 5 -1 5 -1 7 5 -1 5 -1 7 5 -1 1 2 7 5 -1 5 -1 7 5 -1 5 -1 4 7 -1 4 7 5 -1 2 3 5 -1 3 7 -1 7 -1 7 6 -1 7 -1 7 5 -1 7 -1 7 6 -1 7 -1 7 6 -1 6 -1 7 6 -1 6 -1 7 6 -1 6 -1 7 6 -1 6 -1 7 6 -1 6 -1 7 6 -1 6 -1 7 6 -1 6 -1 7 6 -1 6 -1 7 6 -1 7 -1 7 6 -1 7 -1 7 6 -1 7 -1 7 6 -1 7 -1 7 6 -1 7 -1 7 6 -1 7 5 6 -1 5 -1 7 5 -1 5 -1 2 5 6 -1 2 6 -1 2 5 6 -1 5 -1 7 -1 7 5 -1 7 6 -1 6 -1 5 6 -1 5 -1 5 6 -1 7 5 6 -1 2 7 5 -1 7 5 -1 5 -1 7 5 -1 5 -1 2 5 -1 1 2 5 -1 1 2 -1 1 2 7 -1 7 -1 7 5 -1 4 7 5 -1 7 -1 7 6 -1 6 -1 7 6 -1 6 -1 7 5 6 -1 7 5 -1 5 -1 7 5 6 -1 7 6 -1 6 -1 7 6 -1 6 -1 5 6 -1 5 -1 5 6 -1 5 -1 5 6 -1 5 -1 1 5 -1 1 -1 1 5 -1 2 7 5 -1 7 5 -1 5 -1 7 5 -1 3 7 -1 3 7 6 -1 7 6 -1 7 -1 7 6 -1 6 -1 2 5 6 -1 1 2 5 -1 5 -1 5 6 -1 6 -1 5 6 -1 6 -1 5 6 -1 7 5 6 -1 7 5 -1 5 -1 5 6 -1 5 -1 7 5 6 -1 5 6 -1 5 -1 5 6 -1 5 -1 5 6 -1 5 -1 1 5 -1 1 7 5 6 -1 7 5 -1 1 7 5 -1 7 5 -1 7 5 6 -1 7 6 -1 7 5 6 -1 7 5 -1 7 5 6 -1 5 -1 5 6 -1 5 -1 5 6 -1 5 -1 5 6 -1 5 -1 4 5 -1 5 -1 7 5 6 -1 6 -1 5 6 -1 5 -1 7 5 6 -1 7 6 -1 6 -1 5 6 -1 5 -1 4 5 -1 5 -1 7 5 6 -1 7 6 -1 6 -1 7 6 -1 7 5 -1 -2
2 7 -1 2 -1 2 7 -1 5 -1 7 5 -1 7 -1 7 5 -1 7 -1 7 5 -1 7 -1 2 7 -1 7 -1 5 -1 3 -1 7 -1 3 -1 1 -1 1 2 -1 2 -1 7 -1 2 7 -1 2 7 5 -1 7 -1 7 5 -1 7 -1 7 5 -1 7 -1 7 5 -1 7 -1 2 7 5 6 -1 2 7 -1 7 -1 2 7 -1 7 -1 2 7 -1 7 -1 2 7 -1 7 -1 7 5 -1 5 -1 7 5 -1 5 -1 7 5 -1 7 5 6 -1 7 5 -1 7 -1 7 5 -1 1 7 5 -1 7 5 -1 7 -1 7 5 -1 5 -1 7 5 -1 2 5 -1 2 7 5 -1 7 5 -1 5 -1 7 5 -1 7 -1 7 5 -1 7 -1 7 5 -1 7 -1 7 5 -1 7 -1 7 5 -1 7 -1 7 5 -1 7 -1 7 5 -1 3 5 -1 7 5 -1 1 7 -1 1 -1 1 2 -1 2 -1 1 2 -1 2 -1 1 2 -1 2 -1 1 2 -1 2 -1 1 2 7 -1 1 2 -1 2 -1 2 7 5 -1 2 4 7 5 -1 4 7 -1 2 4 7 -1 4 7 -1 2 7 5 -1 7 -1 7 5 -1 5 -1 1 7 5 -1 1 2 7 -1 1 2 -1 1 2 7 -1 1 7 -1 1 -1 1 7 -1 1 7 5 -1 1 7 -1 2 7 -1 7 -1 2 7 -1 7 -1 2 7 -1 7 -1 2 7 -1 7 -1 2 7 -1 7 -1 2 7 -1 7 -1 2 7 -1 7 -1 2 7 -1 7 -1 2 7 -1 7 -1 2 7 -1 7 -1 2 7 -1 7 -1 2 7 -1 7 -1 2 7 -1 7 -1 2 7 -1 7 -1 2 7 -1 7 -1 2 7 -1 7 -1 2 7 -1 7 -1 2 7 -1 7 -1 2 7 -1 7 -1 2 7 -1 7 -1 2 7 -1 7 -1 2 7 -1 7 -1 2 7 -1 7 -1 2 7 -1 7 -1 2 7 -1 7 -1 2 7 -1 2 7 5 -1 2 5 -1 1 2 7 5 -1 1 7 5 -1 7 5 -1 7 -1 5 -1 7 5 -1 2 5 -1 2 7 -1 7 -1 2 7 -1 7 -1 2 7 -1 7 -1 2 7 -1 7 -1 2 7 -1 1 2 7 -1 1 7 -1 1 2 7 -1 2 -1 2 7 -1 7 -1 2 7 -1 1 2 7 -1 7 5 -1 7 -1 7 5 -1 7 -1 7 5 -1 2 7 5 6 -1 2 7 -1 2 7 6 -1 2 6 -1 2 7 6 -1 2 6 -1 2 7 6 -1 2 6 -1 2 7 6 -1 7 6 -1 2 7 5 6 -1 2 7 6 -1 2 7 5 6 -1 2 6 -1 2 7 6 -1 2 6 -1 2 7 6 -1 2 7 5 6 -1 2 4 7 5 -1 2 6 -1 2 -1 2 6 -1 2 5 -1 2 5 6 -1 1 5 -1 5 -1 2 5 -1 2 -1 2 5 -1 1 5 -1 2 5 -1 2 -1 2 5 -1 2 -1 2 5 -1 2 -1 2 5 -1 1 2 5 -1 2 -1 2 5 -1 2 -1 2 5 -1 2 -1 2 5 -1 2 -1 2 5 -1 2 7 5 6 -1 2 7 -1 2 -1 2 7 -1 7 -1 2 -1 7 -1 2 -1 2 7 -1 2 -1 7 -1 2 7 -1 7 -1 2 7 -1 7 -1 2 -1 2 7 -1 7 -1 2 7 -1 2 -1 7 -1 2 7 -1 7 -1 2 -1 2 7 -1 7 -1 2 7 -1 1 7 -1 1 -1 1 7 -1 1 -1 2 -1 7 -1 1 7 -1 7 -1 3 -1 7 -1 2 -1 1 2 -1 1 -1 2 -1 1 -1 2 -1 2 5 -1 2 7 5 -1 7 5 -1 2 7 5 -1 5 -1 7 -1 3 -1 7 -1 3 -1 5 -1 7 5 -1 5 -1 3 5 -1 2 3 5 -1 2 5 -1 3 5 -1 3 7 -1 2 5 -1 2 -1 7 -1 5 -1 2 -1 5 -1 7 5 -1 5 -1 2 -1 7 -1 2 5 -1 5 -1 2 -1 7 -1 2 -1 2 7 5 -1 5 -1 7 5 -1 5 -1 7 5 -1 2 -1 7 -1 2 7 5 -1 2 7 6 -1 7 6 -1 7 -1 3 7 -1 7 -1 2 7 6 -1 2 4 7 5 6 -1 1 2 7 -1 1 7 5 -1 1 5 -1 1 2 5 -1 1 5 -1 1 2 5 -1 1 -1 1 2 5 -1 1 2 -1 1 -1 1 5 -1 1 -1 1 5 -1 1 -1 1 5 -1 1 -1 1 5 -1 1 -1 1 5 -1 1 -1 1 5 -1 1 2 -1 1 -1 1 5 -1 1 -1 1 5 -1 1 -1 1 5 -1 1 -1 1 5 -1 1 -1 1 5 -1 1 7 5 -1 7 5 -1 2 7 -1 2 -1 2 7 -1 2 -1 2 7 -1 2 -1 2 7 -1 1 2 7 -1 2 7 -1 2 -1 2 5 -1 2 -1 2 5 -1 2 -1 1 2 -1 2 -1 1 2 -1 1 -1 1 2 -1 1 -1 1 2 -1 2 -1 1 2 -1 1 -1 1 2 -1 1 -1 1 2 -1 1 -1 1 7 -1 1 2 5 -1 1 2 -1 1 2 5 -1 1 2 -1 1 -1 1 2 -1 1 -1 1 2 -1 1 2 5 -1 1 -1 1 2 -1 2 -1 1 2 -1 1 2 7 -1 1 -1 1 2 -1 1 2 5 -1 1 2 7 -1 2 -1 1 2 -1 1 2 5 -1 1 2 7 5 -1 7 -1 2 7 -1 2 7 5 -1 1 2 7 5 -1 1 2 5 -1 2 5 -1 1 2 5 -1 2 5 -1 5 -1 2 5 -1 2 -1 1 7 5 -1 1 5 -1 1 -1 1 7 5 -1 1 5 -1 5 -1 1 5 -1 1 -1 1 5 -1 1 -1 1 7 -1 1 -1 1 7 5 -1 1 7 -1 1 7 5 -1 1 5 -1 1 7 5 -1 1 7 -1 7 -1 7 5 -1 2 4 7 5 -1 2 7 5 -1 2 -1 2 5 -1 2 -1 2 5 -1 7 5 -1 5 -1 7 5 -1 2 7 5 -1 7 -1 2 -1 1 2 -1 2 -1 1 2 -1 2 -1 1 2 -1 2 -1 2 7 -1 2 -1 2 7 -1 1 -1 1 2 -1 2 -1 1 2 -1 2 5 -1 2 4 -1 2 -1 2 4 -1 2 -1 2 4 -1 2 -1 2 4 -1 2 7 5 -1 7 5 -1 2 7 5 -1 7 -1 2 5 -1 1 2 4 7 -1 4 7 -1 2 4 7 -1 2 4 -1 4 -1 2 4 -1 4 -1 2 4 -1 4 -1 2 4 -1 4 -1 2 4 -1 4 -1 2 4 -1 4 -1 2 4 -1 4 -1 2 4 -1 4 -1 2 4 -1 4 -1 2 4 -1 4 -1 2 4 -1 4 -1 2 4 -1 4 -1 2 4 -1 4 -1 2 4 -1 4 -1 2 4 -1 4 -1 2 4 -1 4 -1 2 4 -1 4 -1 2 4 -1 2 -1 1 4 -1 2 4 -1 2 -1 2 7 5 -1 7 5 -1 1 4 7 5 -1 1 4 7 -1 7 -1 1 7 -1 7 -1 4 7 -1 7 5 -1 7 -1 7 5 -1 7 -1 7 5 -1 7 -1 7 5 -1 1 7 5 -1 7 -1 7 5 -1 7 -1 1 7 -1 1 4 7 -1 7 -1 1 7 -1 7 -1 1 7 -1 7 -1 7 5 -1 7 -1 2 7 -1 2 -1 2 7 -1 7 -1 2 7 -1 2 -1 2 5 -1 7 5 -1 7 -1 3 7 5 -1 7 5 -1 4 7 5 -1 1 7 -1 7 5 -1 7 -1 7 5 -1 1 7 5 -1 7 -1 7 5 -1 7 -1 7 5 -1 7 -1 1 7 -1 4 7 5 -1 7 5 -1 7 -1 1 7 -1 7 5 -1 7 -1 7 5 -1 1 7 -1 7 -1 3 7 5 -1 7 5 -1 2 7 -1 2 6 -1 2 7 -1 7 -1 7 5 -1 7 -1 7 5 -1 7 -1 2 7 -1 2 -1 2 7 -1 7 -1 2 7 -1 7 -1 1 4 7 -1 1 7 -1 1 4 7 -1 1 7 -1 1 4 7 -1 1 7 -1 1 4 7 -1 1 7 -1 7 -1 7 5 -1 1 7 5 -1 1 7 -1 7 5 -1 1 7 5 -1 7 5 -1 1 7 5 -1 1 7 -1 1 7 5 -1 1 5 -1 1 7 5 -1 2 4 7 -1 2 4 -1 2 -1 4 -1 4 7 -1 7 -1 3 7 -1 7 5 -1 3 7 5 -1 7 -1 7 5 -1 7 -1 1 7 -1 7 -1 1 7 -1 1 -1 1 7 5 -1 5 -1 7 5 -1 7 -1 7 5 -1 7 -1 7 5 -1 1 7 5 -1 7 5 -1 7 -1 7 5 -1 7 -1 7 5 -1 7 -1 7 5 -1 7 -1 7 5 -1 7 -1 7 5 -1 7 5 6 -1 7 5 -1 3 7 5 -1 3 -1 3 5 -1 5 -1 2 7 5 6 -1 7 5 6 -1 7 5 -1 5 -1 7 5 -1 7 -1 7 5 6 -1 7 5 -1 2 7 5 -1 4 7 -1 2 4 -1 4 -1 4 7 -1 3 4 7 -1 2 4 -1 4 -1 3 4 -1 4 -1 3 4 -1 4 -1 4 7 -1 3 4 -1 4 -1 2 4 -1 4 -1 3 4 -1 3 4 7 -1 4 -1 3 -1 3 4 -1 3 -1 4 -1 7 -1 1 2 5 -1 1 7 5 -1 1 5 -1 1 7 5 -1 1 7 -1 1 7 5 -1 1 7 -1 1 7 5 -1 1 7 -1 1 7 5 -1 7 5 -1 7 -1 2 7 -1 7 -1 7 5 -1 5 -1 7 5 -1 5 -1 7 5 -1 5 -1 7 5 -1 7 -1 7 5 -1 7 -1 2 7 -1 2 -1 2 7 5 -1 7 5 -1 5 -1 7 5 -1 2 7 5 -1 7 5 -1 2 7 5 -1 1 4 7 5 -1 7 5 -1 7 -1 1 7 -1 1 7 5 -1 7 5 -1 7 -1 7 5 -1 7 -1 7 5 -1 7 -1 7 5 6 -1 2 7 -1 7 -1 2 7 -1 7 -1 2 7 -1 7 -1 2 7 -1 7 -1 7 5 -1 5 6 -1 7 5 -1 7 5 6 -1 7 5 -1 7 5 6 -1 7 -1 7 5 6 -1 7 6 -1 7 -1 7 6 -1 6 -1 7 6 -1 7 -1 7 6 -1 7 -1 7 5 6 -1 7 5 -1 1 7 -1 7 -1 7 5 -1 7 -1 2 7 5 -1 5 -1 7 5 -1 5 -1 7 5 -1 5 -1 7 5 -1 7 -1 2 7 -1 -2
1 4 7 -1 4 7 -1 1 4 7 -1 4 7 -1 4 7 5 -1 4 7 -1 4 7 5 -1 7 -1 4 7 5 -1 4 7 -1 4 7 5 -1 7 5 -1 7 -1 7 5 -1 7 -1 1 7 -1 1 7 5 -1 4 7 -1 1 4 7 -1 4 7 -1 1 4 7 -1 4 7 -1 1 7 -1 1 4 7 -1 4 7 -1 1 4 7 -1 1 7 -1 1 4 7 -1 1 7 -1 7 6 -1 7 -1 7 5 -1 1 7 5 -1 7 5 -1 1 7 -1 4 7 5 -1 1 7 5 -1 1 5 -1 1 7 5 -1 1 5 -1 1 7 5 -1 1 7 -1 7 -1 1 7 -1 1 7 5 -1 1 5 -1 1 7 5 -1 7 5 -1 7 -1 7 5 -1 7 -1 7 5 -1 1 7 5 -1 7 5 -1 7 5 6 -1 7 5 -1 1 7 5 -1 1 7 -1 7 -1 7 5 -1 7 -1 1 7 -1 7 5 -1 7 5 6 -1 7 5 -1 7 5 6 -1 7 5 -1 7 5 6 -1 7 5 -1 7 5 6 -1 7 5 -1 7 -1 7 5 -1 7 -1 7 5 -1 7 -1 7 5 -1 7 -1 1 7 -1 7 -1 1 7 -1 7 -1 7 5 -1 7 -1 1 7 -1 7 -1 7 5 -1 1 7 5 -1 7 5 -1 1 7 5 -1 7 5 -1 7 -1 7 5 -1 7 -1 7 5 -1 7 -1 7 5 -1 7 -1 7 5 -1 1 7 5 -1 1 7 -1 1 7 5 -1 7 5 -1 1 7 5 -1 7 -1 7 5 -1 7 5 6 -1 7 5 -1 7 -1 7 5 -1 7 5 6 -1 7 5 -1 7 -1 7 5 -1 7 -1 7 5 -1 7 -1 7 5 -1 1 7 5 -1 1 7 -1 7 5 -1 7 -1 1 7 5 -1 1 7 -1 1 7 5 -1 7 5 -1 1 7 5 -1 7 5 -1 1 7 5 -1 7 5 -1 1 7 5 -1 7 5 -1 1 7 5 -1 7 5 -1 1 7 5 -1 7 5 -1 1 7 5 -1 7 5 -1 1 7 5 -1 7 5 -1 1 7 5 -1 7 5 -1 1 7 5 -1 7 5 -1 1 7 5 -1 7 5 -1 1 7 5 -1 7 5 -1 1 7 5 -1 7 5 -1 1 7 5 -1 7 5 -1 1 7 5 -1 7 5 -1 1 7 5 -1 7 5 -1 1 7 5 -1 7 5 -1 1 7 5 -1 1 7 -1 1 7 5 -1 7 5 -1 1 7 5 -1 7 5 -1 1 7 5 -1 1 7 -1 1 7 5 -1 1 7 -1 7 -1 4 7 -1 4 7 5 -1 4 7 -1 4 7 5 -1 4 7 -1 4 7 5 -1 4 7 -1 4 7 5 -1 4 7 -1 4 7 5 -1 4 7 -1 4 7 5 -1 4 7 -1 4 7 5 -1 4 7 -1 4 7 5 -1 4 7 -1 4 7 5 -1 4 7 -1 4 7 5 -1 4 7 -1 4 7 5 -1 4 7 -1 4 7 5 -1 4 7 -1 7 5 -1 4 7 5 -1 4 7 -1 4 7 5 -1 4 7 -1 4 7 5 -1 4 7 -1 4 7 5 -1 4 7 -1 4 7 5 -1 7 -1 7 5 -1 7 -1 7 5 -1 7 -1 7 5 -1 7 -1 7 5 -1 7 -1 7 5 -1 7 -1 7 5 -1 7 -1 7 5 -1 7 -1 7 5 -1 7 -1 7 6 -1 7 -1 7 6 -1 7 5 6 -1 7 6 -1 7 -1 7 6 -1 7 -1 7 6 -1 7 -1 7 6 -1 7 -1 7 6 -1 7 -1 7 6 -1 7 -1 7 5 -1 7 -1 7 6 -1 7 -1 7 5 6 -1 7 6 -1 7 5 6 -1 7 6 -1 7 5 6 -1 7 6 -1 7 5 -1 7 6 -1 7 -1 7 6 -1 7 5 -1 7 5 6 -1 7 6 -1 7 5 6 -1 7 6 -1 7 -1 7 5 6 -1 7 5 -1 7 5 6 -1 7 6 -1 7 5 6 -1 7 5 -1 7 5 6 -1 7 -1 7 5 6 -1 7 6 -1 7 -1 7 6 -1 7 5 6 -1 7 5 -1 7 -1 7 6 -1 7 -1 7 6 -1 7 -1 7 5 -1 7 6 -1 7 5 -1 7 -1 7 6 -1 7 -1 7 6 -1 7 -1 7 5 6 -1 7 -1 7 5 -1 7 -1 7 5 -1 7 -1 7 5 -1 7 -1 7 5 -1 7 -1 7 5 -1 7 -1 7 5 -1 7 -1 7 5 -1 7 6 -1 7 5 6 -1 7 5 -1 7 -1 7 6 -1 7 -1 7 5 -1 7 -1 7 5 -1 7 -1 7 6 -1 7 -1 7 6 -1 7 -1 7 5 6 -1 7 6 -1 7 5 -1 7 -1 7 5 -1 1 7 5 -1 7 5 -1 1 7 5 -1 1 7 -1 1 7 5 -1 7 5 -1 1 7 5 -1 7 5 -1 1 7 5 -1 7 5 -1 1 7 5 -1 7 5 -1 7 -1 7 5 -1 1 7 5 -1 7 5 -1 1 7 5 -1 7 -1 1 7 -1 7 -1 7 5 -1 7 -1 1 7 5 -1 1 5 -1 1 7 5 -1 7 5 -1 1 7 5 -1 7 5 -1 1 7 5 -1 7 5 -1 1 7 5 -1 7 5 -1 1 7 5 -1 7 5 -1 1 7 5 -1 7 5 -1 1 7 5 -1 7 5 -1 1 7 5 -1 7 5 -1 1 7 5 -1 7 -1 7 5 -1 7 -1 1 7 -1 7 -1 1 7 -1 1 2 7 -1 1 2 7 5 -1 1 7 5 -1 1 7 -1 7 -1 2 7 -1 7 -1 2 7 -1 7 -1 2 7 -1 7 5 -1 2 7 -1 2 7 5 -1 7 -1 2 7 -1 7 5 -1 7 -1 7 5 -1 7 -1 2 7 -1 7 -1 7 5 -1 2 7 5 -1 1 2 7 5 -1 1 7 -1 1 7 5 -1 1 4 7 5 -1 1 4 5 -1 1 4 7 5 -1 4 7 5 -1 7 5 -1 1 4 7 5 -1 4 7 5 -1 4 7 -1 1 4 7 5 -1 4 7 5 -1 4 5 -1 4 7 5 -1 1 4 7 5 -1 1 7 5 -1 1 5 -1 1 7 5 -1 7 5 -1 1 4 7 5 -1 4 7 -1 1 4 7 -1 1 7 5 -1 1 4 7 5 -1 1 7 5 -1 7 5 -1 4 7 5 -1 7 5 -1 4 7 5 -1 7 5 -1 4 7 5 -1 7 5 -1 4 7 5 -1 2 4 7 -1 4 7 5 -1 2 4 7 -1 2 4 7 5 -1 4 7 5 -1 1 4 7 5 -1 4 7 5 -1 7 5 -1 1 4 7 5 -1 4 7 5 -1 1 4 7 5 -1 4 7 5 -1 1 4 7 5 -1 7 5 -1 1 4 7 5 -1 7 5 -1 2 4 7 5 -1 2 4 7 -1 7 5 -1 4 7 5 -1 2 7 -1 4 7 5 -1 2 4 7 5 -1 4 7 5 -1 2 4 7 5 -1 4 7 5 -1 1 4 7 5 -1 2 4 7 -1 4 7 5 -1 7 5 -1 1 2 7 5 -1 7 5 -1 1 4 7 -1 4 7 5 -1 7 5 -1 2 4 7 5 -1 1 7 5 -1 1 4 7 5 -1 1 7 5 -1 1 7 -1 7 -1 7 5 -1 7 -1 1 7 -1 1 7 5 -1 7 5 -1 1 7 5 -1 7 5 -1 1 7 5 -1 7 5 -1 1 7 5 -1 7 5 -1 1 7 5 -1 1 7 -1 1 7 5 -1 7 5 -1 1 7 5 -1 7 5 -1 1 7 5 -1 7 5 -1 1 7 5 -1 1 7 -1 7 -1 7 5 -1 1 4 7 -1 7 5 -1 7 -1 7 5 -1 7 -1 7 5 -1 7 -1 7 5 -1 1 7 -1 7 -1 1 7 -1 7 -1 7 5 -1 1 7 -1 1 7 5 -1 7 -1 1 7 -1 1 7 6 -1 4 7 -1 1 4 7 -1 2 4 7 -1 4 7 -1 7 -1 7 6 -1 7 -1 1 7 -1 1 7 5 -1 1 7 5 6 -1 4 7 5 6 -1 4 7 6 -1 4 6 -1 1 4 7 -1 1 4 7 5 -1 1 7 -1 7 -1 1 7 -1 7 -1 7 5 -1 7 -1 1 7 5 -1 7 -1 1 7 -1 7 -1 1 7 -1 7 -1 1 7 -1 7 5 -1 1 7 -1 1 7 5 -1 7 -1 7 5 -1 7 -1 7 5 -1 7 5 6 -1 7 5 -1 7 5 6 -1 7 5 -1 7 5 6 -1 7 5 -1 7 5 6 -1 7 5 -1 7 5 6 -1 7 5 -1 7 5 6 -1 7 6 -1 7 5 -1 7 5 6 -1 7 6 -1 7 -1 7 6 -1 4 7 6 -1 4 6 -1 2 4 7 -1 4 7 5 -1 4 -1 1 4 7 -1 1 4 -1 1 -1 1 4 7 -1 1 -1 1 4 7 -1 4 7 -1 7 6 -1 4 7 6 -1 1 7 -1 1 -1 1 7 -1 1 -1 1 7 -1 1 -1 1 7 -1 1 7 5 -1 1 5 -1 7 5 -1 1 5 6 -1 1 7 5 -1 7 5 -1 7 -1 7 5 -1 7 -1 7 5 -1 1 7 -1 7 -1 1 7 -1 7 5 -1 7 -1 7 5 -1 7 -1 1 7 -1 7 -1 1 7 -1 7 -1 1 7 6 -1 7 6 -1 7 -1 7 6 -1 7 5 6 -1 7 6 -1 7 -1 7 6 -1 7 -1 1 4 7 5 -1 4 7 5 -1 7 5 -1 7 -1 7 6 -1 7 5 6 -1 1 7 5 -1 1 7 -1 1 7 5 -1 7 5 -1 7 -1 7 5 -1 7 -1 7 5 -1 7 -1 7 6 -1 7 -1 7 6 -1 7 -1 1 7 -1 7 5 6 -1 5 6 -1 5 -1 7 5 -1 1 7 5 -1 1 7 -1 1 -1 1 6 -1 1 -1 1 6 -1 1 -1 1 6 -1 1 -1 1 6 -1 1 -1 1 6 -1 1 -1 1 7 -1 1 7 5 -1 1 7 -1 1 7 5 -1 1 7 -1 1 7 5 -1 7 5 -1 1 7 5 -1 7 5 -1 7 -1 1 7 5 -1 7 5 -1 7 -1 7 6 -1 7 -1 7 5 -1 7 -1 7 5 -1 1 7 -1 1 -1 1 7 -1 1 2 7 -1 1 7 -1 1 -1 1 7 -1 7 6 -1 7 5 6 -1 7 5 -1 7 6 -1 7 -1 7 5 -1 7 -1 2 7 -1 7 6 -1 7 5 -1 7 5 6 -1 7 6 -1 7 5 6 -1 7 6 -1 7 5 6 -1 7 5 -1 7 6 -1 7 5 -1 1 7 -1 7 -1 7 6 -1 7 -1 7 6 -1 7 -1 7 6 -1 7 -1 7 6 -1 7 -1 7 6 -1 7 -1 7 5 -1 1 7 5 -1 1 7 -1 7 -1 7 6 -1 7 -1 7 6 -1 7 5 6 -1 7 5 -1 7 6 -1 5 6 -1 6 -1 5 6 -1 1 5 6 -1 6 -1 1 6 -1 5 6 -1 6 -1 1 6 -1 6 -1 1 6 -1 6 -1 1 6 -1 6 -1 1 6 -1 1 7 6 -1 7 5 6 -1 7 -1 7 5 -1 1 7 5 -1 7 5 -1 1 7 5 -1 1 7 -1 7 -1 1 7 -1 7 -1 7 6 -1 7 -1 1 7 5 -1 7 5 -1 7 6 -1 7 -1 7 6 -1 7 -1 7 6 -1 7 -1 7 6 -1 7 -1 7 5 -1 7 -1 7 6 -1 7 -1 7 5 -1 7 -1 7 5 -1 7 -1 7 6 -1 7 -1 7 6 -1 7 -1 7 6 -1 7 -1 7 6 -1 7 -1 7 6 -1 7 -1 7 6 -1 7 -1 1 7 -1 7 -1 1 7 -1 1 -1 1 7 -1 1 -1 -2
7 -1 1 7 -1 1 -1 1 7 -1 1 -1 1 2 -1 1 -1 1 7 5 -1 1 -1 1 7 -1 7 -1 1 7 -1 1 -1 1 7 -1 7 -1 1 7 -1 1 -1 1 7 -1 7 -1 1 7 -1 1 -1 1 7 -1 7 -1 1 7 5 -1 1 2 7 5 -1 1 7 5 -1 5 -1 2 5 -1 2 -1 1 2 -1 1 -1 1 7 -1 1 7 5 -1 7 5 -1 5 -1 7 5 -1 1 7 5 -1 1 -1 1 7 -1 7 -1 7 5 -1 1 5 -1 1 -1 1 5 -1 5 -1 7 5 -1 7 -1 7 5 -1 7 -1 7 5 -1 5 -1 7 5 -1 5 -1 7 5 -1 5 -1 7 5 -1 5 -1 1 7 5 -1 5 -1 7 5 -1 5 -1 7 5 -1 7 -1 1 7 6 -1 1 6 -1 1 3 6 -1 1 2 3 6 -1 1 2 -1 1 -1 1 7 -1 1 -1 1 7 -1 1 7 5 -1 1 7 -1 1 7 5 -1 1 7 -1 1 7 5 -1 1 7 -1 1 7 5 -1 1 7 -1 1 7 5 -1 1 5 -1 1 7 -1 1 -1 1 7 -1 1 -1 1 7 -1 1 -1 1 7 -1 1 -1 1 5 -1 7 5 -1 7 -1 7 5 -1 7 -1 7 5 -1 7 -1 7 5 -1 7 -1 1 7 -1 7 -1 1 7 -1 1 -1 1 7 -1 1 -1 1 7 -1 1 -1 1 7 -1 1 -1 1 7 -1 1 -1 1 7 -1 1 -1 1 7 -1 1 -1 1 7 -1 1 -1 1 7 -1 1 -1 1 7 -1 1 -1 1 7 -1 1 -1 1 7 -1 1 -1 1 7 -1 1 -1 1 7 -1 1 -1 1 7 -1 1 -1 1 7 -1 1 -1 1 7 -1 1 -1 1 7 -1 1 -1 1 7 -1 1 -1 1 7 -1 1 -1 1 7 -1 7 -1 1 7 -1 1 -1 1 7 -1 7 -1 1 7 -1 1 -1 1 7 5 -1 7 -1 1 7 -1 1 -1 1 7 -1 1 -1 1 7 5 -1 7 -1 1 7 -1 1 -1 1 4 7 -1 4 7 -1 1 4 7 -1 1 7 -1 1 -1 1 4 7 -1 4 7 -1 1 4 7 -1 1 -1 1 4 7 -1 4 7 -1 1 4 7 -1 1 -1 1 7 -1 1 -1 1 7 -1 7 -1 7 5 -1 7 -1 1 7 -1 7 -1 1 7 -1 7 -1 1 7 -1 1 -1 1 7 -1 1 -1 1 7 -1 1 -1 1 7 -1 1 -1 1 7 -1 7 -1 1 7 -1 1 -1 1 7 -1 1 -1 1 7 5 -1 7 5 -1 7 -1 7 5 -1 7 -1 7 5 -1 1 7 5 -1 1 7 -1 1 7 5 -1 7 5 -1 1 7 5 -1 1 -1 1 7 5 -1 1 7 -1 1 -1 1 7 -1 1 -1 1 7 -1 1 -1 1 7 -1 1 2 -1 1 7 -1 1 2 -1 1 2 7 -1 1 7 -1 1 -1 1 7 -1 1 -1 1 7 -1 1 -1 1 7 -1 1 2 -1 1 2 7 -1 1 7 -1 1 2 -1 1 2 7 -1 1 7 -1 1 2 7 -1 1 7 5 -1 1 7 -1 1 4 7 -1 1 4 -1 1 -1 1 7 -1 1 7 5 -1 1 7 -1 1 7 5 -1 1 -1 1 7 -1 1 7 5 -1 5 -1 7 5 -1 1 7 -1 7 5 -1 5 -1 1 5 -1 1 7 5 -1 1 7 -1 1 -1 1 7 -1 1 -1 1 7 -1 1 7 5 -1 5 -1 1 5 -1 1 -1 1 7 -1 1 7 5 -1 1 7 -1 1 7 5 -1 1 7 -1 7 5 -1 1 7 5 -1 1 7 -1 1 7 5 -1 1 7 -1 7 5 -1 1 7 5 -1 1 7 -1 7 5 -1 7 -1 7 5 -1 1 7 5 -1 7 5 -1 1 7 5 -1 1 7 -1 1 7 5 -1 1 7 -1 1 -1 1 7 -1 1 7 5 -1 1 7 -1 1 -1 1 7 -1 1 -1 1 7 -1 1 -1 1 7 -1 1 -1 1 7 -1 1 -1 1 7 -1 1 7 5 -1 1 7 -1 1 -1 1 7 -1 1 -1 1 7 -1 1 -1 1 7 -1 1 -1 1 7 -1 1 -1 1 2 7 -1 7 -1 1 7 -1 1 -1 1 7 -1 1 -1 1 7 -1 1 -1 1 7 -1 7 -1 1 7 -1 7 -1 1 7 -1 1 -1 1 7 -1 1 -1 1 7 -1 1 -1 1 7 -1 1 -1 1 7 -1 1 -1 1 7 -1 1 -1 1 7 -1 1 -1 1 7 -1 1 -1 1 7 -1 1 -1 1 7 -1 1 -1 1 7 -1 7 -1 1 7 -1 1 -1 1 7 -1 1 4 7 -1 4 7 -1 7 -1 1 7 -1 1 7 5 -1 7 5 -1 1 7 5 -1 1 7 -1 7 -1 1 7 -1 1 -1 1 7 -1 7 -1 1 7 -1 1 7 6 -1 1 7 -1 1 -1 1 7 -1 1 -1 1 7 -1 1 -1 1 7 -1 1 -1 1 7 -1 1 -1 1 7 -1 1 -1 1 7 -1 1 -1 1 7 -1 1 -1 1 7 -1 1 7 6 -1 1 7 -1 1 6 -1 1 -1 1 2 -1 1 -1 1 7 -1 7 -1 7 6 -1 1 7 6 -1 1 -1 1 7 -1 7 6 -1 1 7 6 -1 1 6 -1 1 -1 1 4 7 -1 7 -1 7 5 -1 5 -1 7 5 -1 7 -1 7 5 -1 1 7 5 -1 1 7 -1 1 7 5 -1 1 7 -1 1 7 5 -1 7 5 -1 1 7 -1 7 -1 1 7 -1 1 7 5 -1 1 7 -1 7 -1 1 7 5 -1 7 5 -1 1 7 5 -1 1 7 -1 1 7 5 -1 1 7 -1 7 5 -1 5 -1 7 5 -1 7 -1 7 5 -1 5 -1 7 5 -1 1 7 5 -1 1 7 -1 1 7 5 -1 1 7 -1 1 7 5 -1 1 7 -1 1 2 7 -1 1 7 -1 7 5 -1 5 -1 7 5 -1 7 -1 7 5 -1 1 7 -1 2 7 5 -1 1 2 7 5 -1 7 -1 3 7 -1 7 -1 1 7 -1 7 -1 1 7 -1 7 -1 1 7 -1 7 -1 1 7 5 -1 7 5 -1 1 7 5 6 -1 1 7 -1 7 -1 7 5 -1 5 -1 7 5 -1 7 -1 4 7 -1 4 7 6 -1 6 -1 7 6 -1 4 7 6 -1 7 6 -1 1 7 6 -1 7 -1 4 7 -1 7 6 -1 7 -1 4 7 -1 4 7 6 -1 7 6 -1 1 7 6 -1 1 7 -1 7 5 -1 7 -1 4 7 -1 4 7 6 -1 1 7 6 -1 1 4 7 -1 4 7 6 -1 7 6 -1 1 7 6 -1 1 6 -1 1 7 -1 7 -1 2 7 -1 7 -1 2 7 -1 7 -1 2 7 -1 7 -1 2 7 -1 7 5 -1 1 7 -1 1 7 6 -1 4 7 6 -1 7 6 -1 6 -1 7 6 -1 7 -1 7 6 -1 6 -1 7 6 -1 6 -1 7 6 -1 1 7 -1 1 7 6 -1 6 -1 7 6 -1 6 -1 7 6 -1 7 -1 7 5 -1 5 -1 7 5 -1 5 -1 7 5 -1 5 -1 7 5 -1 5 -1 7 5 -1 5 -1 7 5 -1 5 -1 7 5 -1 1 7 5 -1 1 2 7 -1 2 7 -1 2 -1 2 7 -1 7 -1 7 5 -1 5 -1 7 5 -1 5 -1 7 5 -1 7 -1 3 7 5 -1 7 -1 3 7 -1 7 -1 3 7 -1 3 7 5 -1 7 5 -1 4 7 5 -1 1 7 5 -1 1 7 -1 1 7 5 -1 7 5 -1 1 7 -1 1 7 5 -1 5 -1 7 5 -1 1 7 5 -1 1 5 -1 1 7 5 -1 1 5 -1 1 7 5 -1 1 5 -1 1 7 5 -1 1 5 -1 1 7 5 -1 1 5 -1 1 7 5 -1 7 5 -1 7 6 -1 7 -1 7 5 -1 7 -1 1 7 -1 7 -1 7 5 -1 5 -1 7 5 -1 5 -1 7 5 -1 7 -1 1 7 -1 7 -1 4 7 -1 1 4 7 -1 7 -1 7 6 -1 7 -1 1 7 -1 1 7 5 6 -1 7 -1 7 5 -1 1 7 5 -1 1 7 -1 1 -1 1 7 -1 7 -1 1 7 -1 7 5 -1 3 7 -1 7 -1 3 7 -1 3 -1 3 7 -1 3 -1 3 7 -1 3 -1 3 7 -1 3 -1 3 7 -1 7 5 -1 3 7 -1 3 -1 3 7 -1 7 -1 3 7 -1 7 -1 3 7 -1 7 -1 3 7 -1 7 5 -1 7 -1 7 5 -1 7 -1 7 5 -1 4 7 5 -1 4 7 -1 2 4 7 -1 7 -1 1 4 7 -1 1 7 6 -1 1 7 -1 7 -1 1 7 6 -1 1 7 -1 7 -1 1 7 -1 7 -1 1 7 -1 1 -1 1 4 7 -1 4 7 -1 7 -1 1 7 6 -1 1 7 -1 7 -1 1 7 5 -1 1 7 -1 1 7 5 -1 7 5 -1 4 7 5 -1 4 7 -1 4 -1 4 7 -1 1 7 -1 1 -1 1 7 -1 1 -1 1 7 -1 1 6 -1 1 7 -1 1 -1 1 6 -1 1 7 6 -1 1 7 -1 1 -1 1 6 -1 1 -1 1 7 -1 1 -1 1 7 -1 1 -1 1 7 -1 7 -1 1 7 -1 7 -1 7 5 -1 7 -1 1 7 5 -1 7 -1 7 5 -1 5 -1 7 5 -1 7 -1 7 5 -1 7 -1 7 5 -1 3 7 5 -1 1 3 7 -1 1 7 -1 1 2 7 6 -1 1 7 -1 7 5 6 -1 1 7 -1 1 2 7 -1 2 7 6 -1 7 6 -1 2 7 6 -1 2 7 -1 2 7 6 -1 7 6 -1 7 -1 7 6 -1 7 5 6 -1 7 5 -1 7 -1 1 7 -1 1 4 7 -1 4 7 -1 1 4 7 -1 4 7 -1 1 4 7 -1 4 7 -1 1 4 7 -1 1 7 -1 1 4 7 -1 1 7 -1 1 -1 1 7 -1 1 7 5 -1 1 7 -1 1 -1 1 7 -1 7 -1 1 7 -1 1 -1 1 7 -1 1 2 7 -1 2 -1 2 5 -1 5 -1 2 7 -1 2 7 5 -1 7 5 -1 1 7 -1 1 6 -1 4 6 -1 1 4 6 -1 1 7 -1 1 4 7 -1 4 6 -1 1 6 -1 1 7 -1 1 -1 1 7 -1 1 7 5 -1 1 5 -1 1 2 5 -1 2 -1 2 4 -1 2 -1 1 2 -1 1 2 7 -1 1 7 -1 1 -1 1 7 -1 1 2 7 -1 1 -1 1 7 -1 7 -1 1 7 -1 7 -1 1 7 -1 7 -1 1 7 -1 7 -1 7 5 -1 5 -1 7 5 -1 5 -1 7 5 -1 1 7 5 -1 1 5 -1 5 -1 2 7 5 -1 2 7 -1 1 2 7 -1 1 -1 1 7 -1 4 7 -1 1 4 7 -1 2 7 5 -1 7 5 -1 7 -1 1 7 -1 1 2 7 -1 2 7 -1 1 7 -1 7 -1 7 5 -1 7 -1 7 5 -1 7 -1 7 5 -1 7 -1 2 7 -1 7 -1 1 7 -1 1 7 5 -1 7 5 -1 7 -1 2 7 -1 7 -1 2 7 -1 1 7 -1 2 7 -1 7 -1 1 7 -1 1 7 5 -1 7 5 -1 7 -1 1 7 -1 1 7 5 -1 7 5 -1 2 7 -1 1 2 7 -1 1 7 -1 7 5 -1 1 7 -1 7 -1 2 7 -1 1 2 7 -1 1 7 5 -1 7 5 -1 7 5 6 -1 1 7 6 -1 3 7 6 -1 3 6 -1 1 3 7 6 -1 1 7 -1 1 3 7 -1 1 3 7 6 -1 1 7 -1 1 -1 1 7 -1 1 4 7 -1 1 7 -1 1 3 7 -1 1 -1 1 4 7 -1 1 -1 1 7 -1 1 -1 1 7 -1 1 -1 1 4 7 -1 1 7 -1 4 7 -1 1 4 7 -1 1 7 -1 1 -1 1 2 7 -1 2 7 -1 1 7 -1 1 -1 1 7 -1 1 -1 1 7 -1 1 -1 1 7 -1 1 4 7 -1 1 7 -1 1 -1 1 7 -1 1 -1 1 7 -1 7 -1 -2
7 -1 7 5 -1 7 -1 1 7 -1 7 -1 7 5 -1 7 -1 7 5 -1 7 -1 7 5 -1 4 -1 4 7 -1 4 -1 4 7 -1 4 -1 4 7 -1 7 -1 4 7 -1 7 -1 4 7 -1 1 2 4 -1 2 4 -1 7 -1 1 7 -1 7 5 -1 7 -1 7 5 -1 7 -1 7 5 -1 1 7 5 -1 7 5 -1 7 -1 1 7 -1 1 7 5 -1 7 5 -1 7 -1 7 5 -1 7 -1 7 5 -1 1 7 5 -1 1 7 -1 7 -1 7 5 -1 7 -1 7 5 -1 7 -1 7 5 -1 7 -1 7 5 -1 7 -1 7 5 -1 7 -1 7 5 -1 7 -1 1 7 -1 7 -1 7 5 -1 7 -1 1 7 -1 7 -1 1 7 -1 7 -1 1 7 -1 7 -1 1 7 -1 7 -1 1 7 -1 7 -1 1 7 -1 4 7 -1 1 4 7 -1 1 7 -1 2 7 -1 4 -1 1 7 -1 1 4 7 -1 1 7 -1 1 7 5 -1 7 5 -1 7 -1 7 5 -1 1 7 5 -1 1 7 -1 7 5 -1 1 7 5 -1 1 7 -1 7 -1 4 7 -1 4 -1 4 7 -1 4 -1 4 7 -1 4 -1 2 4 7 5 -1 7 -1 7 5 -1 4 7 5 -1 4 7 -1 4 -1 4 7 -1 1 4 7 -1 1 7 -1 1 7 5 -1 2 5 -1 5 -1 2 5 -1 5 -1 2 5 -1 5 -1 2 5 -1 5 -1 2 5 -1 5 -1 2 5 -1 5 -1 2 5 -1 5 -1 2 5 -1 5 -1 2 5 -1 5 -1 2 5 -1 3 5 -1 5 -1 3 5 -1 5 -1 3 5 -1 5 -1 2 -1 5 -1 2 5 -1 2 -1 5 -1 2 5 -1 2 -1 7 -1 2 5 -1 5 -1 2 5 -1 1 -1 7 -1 1 7 -1 1 2 7 -1 1 2 -1 2 -1 1 2 -1 2 -1 1 2 7 -1 1 2 -1 1 2 7 -1 1 2 -1 2 -1 1 2 -1 2 -1 1 2 -1 1 -1 1 2 7 -1 1 2 -1 2 -1 1 2 -1 1 2 7 -1 1 2 -1 1 2 7 -1 2 -1 1 2 -1 2 -1 1 2 7 -1 1 7 5 -1 5 -1 7 5 -1 5 -1 2 5 -1 2 7 5 -1 1 7 -1 4 7 -1 7 5 -1 5 -1 7 5 -1 5 -1 7 5 -1 5 -1 7 5 -1 5 -1 7 5 -1 5 -1 7 5 -1 5 -1 7 5 -1 5 -1 7 5 -1 5 -1 7 5 -1 1 7 -1 1 -1 1 7 -1 1 -1 1 7 -1 1 2 7 -1 1 7 -1 1 -1 1 7 -1 1 -1 1 7 -1 1 -1 1 7 -1 1 -1 1 7 -1 1 -1 1 2 -1 1 7 -1 1 2 -1 1 -1 1 2 -1 1 -1 1 2 -1 1 -1 1 2 -1 1 2 7 -1 1 2 -1 1 2 7 -1 1 -1 1 2 -1 1 -1 1 7 -1 1 2 -1 1 2 7 -1 1 7 -1 1 -1 1 7 -1 1 2 7 -1 2 7 5 -1 2 5 -1 2 7 5 -1 1 7 5 -1 1 7 -1 1 7 5 -1 7 -1 4 7 -1 7 -1 4 7 -1 7 -1 4 7 -1 7 -1 4 7 -1 7 -1 4 7 -1 7 -1 4 7 -1 7 -1 4 7 -1 7 -1 4 7 -1 4 7 5 -1 7 5 -1 7 -1 7 5 -1 2 7 5 -1 7 5 -1 1 7 5 -1 1 7 -1 7 -1 7 5 -1 1 7 5 -1 7 5 -1 7 -1 7 5 -1 7 -1 7 5 -1 7 -1 7 5 -1 1 7 5 -1 7 5 -1 1 7 5 -1 1 7 -1 7 -1 1 7 -1 7 -1 1 7 -1 7 -1 1 7 -1 2 7 5 -1 2 5 -1 7 5 -1 1 7 5 -1 1 7 -1 1 2 -1 1 2 7 -1 1 7 -1 1 4 -1 4 7 -1 7 -1 4 7 -1 7 -1 2 4 7 -1 4 -1 4 7 -1 7 -1 4 7 -1 7 -1 4 7 -1 7 -1 4 7 -1 7 -1 4 7 -1 7 -1 4 7 -1 7 -1 4 7 -1 7 -1 4 7 -1 7 -1 4 7 -1 7 -1 4 7 -1 7 -1 4 7 -1 7 -1 4 7 -1 7 -1 4 7 -1 7 -1 4 -1 4 7 -1 4 -1 4 7 -1 4 -1 4 7 -1 7 -1 4 7 -1 4 -1 7 5 -1 7 -1 7 5 -1 5 -1 2 5 -1 5 -1 2 5 -1 5 -1 2 5 -1 5 -1 2 5 -1 5 -1 2 5 -1 5 -1 2 5 -1 5 -1 7 5 -1 1 4 7 -1 4 7 -1 4 -1 4 7 -1 4 -1 2 4 -1 4 -1 4 7 -1 4 -1 4 7 -1 4 -1 4 7 -1 4 -1 4 7 -1 4 -1 4 7 -1 2 4 -1 4 7 -1 4 -1 4 7 -1 4 -1 4 7 -1 4 -1 1 4 7 -1 7 5 -1 5 -1 7 -1 1 2 -1 1 -1 1 7 -1 7 -1 1 -1 7 -1 2 -1 1 2 -1 7 -1 1 2 4 7 -1 1 4 7 -1 4 7 -1 1 4 7 -1 4 7 -1 1 4 7 -1 4 7 -1 1 4 7 -1 1 7 -1 1 4 7 -1 1 7 -1 1 4 7 -1 4 7 -1 1 7 -1 1 4 7 -1 1 7 -1 4 7 -1 1 4 7 -1 4 7 -1 1 4 7 -1 4 7 -1 1 4 7 -1 7 -1 7 5 -1 7 -1 7 5 -1 5 -1 7 5 -1 5 -1 2 7 5 -1 7 5 -1 7 -1 7 5 -1 7 -1 7 5 -1 7 -1 7 5 -1 7 -1 7 5 -1 7 -1 7 5 -1 7 -1 4 7 5 -1 3 4 7 5 -1 3 7 5 -1 7 5 -1 1 7 -1 7 -1 1 7 -1 7 -1 1 7 -1 7 -1 1 7 -1 7 -1 1 7 -1 7 -1 1 7 -1 7 -1 1 7 -1 7 -1 1 7 -1 7 -1 7 5 -1 1 7 5 -1 7 5 -1 2 7 5 -1 2 5 -1 2 4 7 5 -1 2 4 7 -1 4 7 -1 7 5 -1 7 -1 2 7 5 -1 7 5 -1 7 -1 7 5 -1 7 -1 7 5 -1 1 7 -1 1 7 5 -1 7 5 -1 7 -1 7 5 -1 7 -1 7 5 -1 7 -1 7 5 -1 7 -1 7 5 -1 7 -1 7 5 -1 3 5 -1 5 -1 7 5 -1 7 -1 7 5 -1 5 -1 7 5 -1 5 -1 7 5 -1 7 -1 7 5 -1 5 -1 7 5 -1 7 -1 7 5 -1 3 7 5 -1 7 5 -1 7 -1 1 7 -1 7 -1 7 5 -1 7 -1 7 5 -1 2 7 5 -1 4 7 -1 7 -1 7 5 -1 5 -1 2 5 -1 5 -1 2 7 5 -1 2 5 -1 5 -1 7 5 -1 2 7 5 -1 4 7 5 -1 4 7 -1 7 -1 4 7 -1 4 7 5 -1 7 5 -1 7 -1 1 7 -1 7 -1 7 5 -1 7 -1 7 5 -1 3 4 7 5 -1 7 -1 4 7 -1 2 4 7 -1 7 -1 7 5 -1 7 -1 7 5 -1 7 -1 1 4 -1 4 -1 2 4 -1 4 -1 2 4 -1 4 -1 2 4 -1 4 -1 2 4 -1 4 -1 2 4 -1 4 -1 2 4 -1 4 -1 2 4 -1 4 -1 2 4 -1 4 -1 2 4 -1 4 -1 7 5 -1 5 -1 7 5 -1 2 7 5 -1 2 5 -1 5 -1 2 5 -1 5 -1 7 5 -1 5 -1 7 5 -1 2 7 5 -1 7 5 -1 5 -1 7 5 -1 5 -1 7 5 -1 7 -1 -2
7 -1 1 7 -1 1 2 7 -1 7 -1 1 7 -1 1 2 4 7 5 -1 5 -1 1 2 5 -1 1 2 7 -1 2 -1 1 2 4 7 -1 7 -1 1 7 -1 7 -1 1 7 -1 1 2 7 -1 1 2 -1 1 2 7 -1 1 2 4 7 -1 1 2 7 -1 1 7 -1 7 -1 1 7 -1 7 -1 1 7 -1 1 7 5 -1 1 2 7 5 -1 1 2 -1 1 2 7 5 -1 7 -1 1 7 -1 7 -1 1 7 -1 1 7 5 -1 1 7 -1 7 5 -1 1 7 5 -1 7 5 -1 7 -1 7 5 -1 7 -1 7 5 -1 1 7 -1 7 5 -1 1 7 5 -1 7 -1 1 7 -1 7 -1 1 7 -1 7 -1 1 7 -1 1 7 5 -1 7 5 -1 1 7 5 -1 7 -1 1 7 -1 7 -1 1 7 -1 1 7 5 -1 7 -1 7 5 -1 7 -1 1 7 -1 1 7 5 -1 7 5 -1 1 7 5 -1 1 7 -1 1 2 7 -1 1 7 -1 1 2 7 -1 2 7 -1 1 2 7 -1 2 7 -1 1 2 7 -1 2 7 -1 1 2 7 -1 2 7 -1 1 2 7 -1 7 5 -1 1 7 5 -1 7 5 -1 1 7 5 -1 7 -1 7 5 -1 1 7 -1 1 -1 1 7 -1 1 -1 1 5 -1 1 -1 1 5 -1 1 7 5 -1 7 -1 1 7 -1 7 -1 1 7 -1 7 -1 1 7 -1 7 -1 1 7 -1 7 -1 1 7 -1 7 -1 1 7 -1 1 -1 1 7 -1 1 -1 1 7 -1 1 -1 1 7 -1 1 -1 1 7 -1 7 -1 1 7 -1 1 -1 1 7 -1 1 2 -1 1 2 4 -1 1 7 -1 1 7 5 -1 1 -1 1 7 -1 1 -1 1 7 -1 1 7 5 -1 1 7 -1 1 -1 1 7 -1 1 7 5 -1 1 7 -1 1 7 5 -1 1 7 -1 7 -1 1 7 -1 1 -1 1 7 -1 1 -1 1 7 -1 1 -1 1 7 -1 1 -1 1 7 -1 7 -1 1 7 5 -1 1 7 -1 1 7 5 -1 1 7 -1 7 5 -1 1 7 -1 1 7 5 -1 1 7 -1 1 7 5 -1 1 7 -1 1 7 5 -1 1 7 -1 7 -1 1 7 -1 1 7 5 -1 1 7 -1 7 5 -1 7 -1 1 7 -1 1 7 5 -1 1 7 -1 7 -1 1 7 -1 1 -1 1 5 -1 1 -1 1 7 -1 1 -1 1 7 -1 1 7 5 -1 1 7 -1 1 -1 1 7 -1 1 -1 1 7 -1 1 -1 1 7 -1 1 -1 1 7 -1 1 -1 1 7 -1 1 -1 1 7 -1 1 -1 1 7 -1 1 -1 1 7 -1 1 -1 1 7 -1 1 -1 1 7 -1 1 -1 1 7 -1 1 -1 1 7 -1 1 -1 1 7 -1 1 -1 1 7 -1 1 7 5 -1 1 7 -1 1 7 5 -1 1 7 -1 1 7 5 -1 1 7 -1 1 -1 1 7 -1 1 -1 1 7 -1 1 -1 1 7 -1 1 -1 1 7 -1 1 -1 1 7 -1 1 -1 1 7 -1 1 4 7 5 -1 1 7 -1 1 7 5 -1 7 5 -1 7 -1 1 7 -1 7 -1 7 5 -1 7 -1 1 7 -1 7 5 -1 1 7 -1 7 -1 1 7 -1 1 7 5 -1 7 5 -1 1 7 -1 7 -1 4 7 -1 7 -1 4 7 -1 7 -1 4 7 -1 7 -1 4 7 -1 7 -1 4 7 -1 7 -1 4 7 -1 7 -1 1 4 7 -1 4 7 -1 4 -1 4 7 -1 1 4 7 -1 4 7 -1 4 -1 4 7 -1 4 -1 1 4 7 -1 1 7 -1 7 -1 7 5 -1 7 -1 7 5 -1 1 7 -1 1 7 5 -1 1 7 -1 1 7 5 -1 1 7 -1 1 7 5 -1 7 -1 1 7 5 -1 1 7 -1 1 7 5 -1 1 7 -1 1 7 5 -1 1 7 -1 1 7 5 -1 1 7 -1 1 7 5 -1 1 7 -1 1 -1 1 7 -1 7 -1 1 7 -1 1 7 5 -1 1 7 -1 1 -1 1 7 -1 1 -1 1 7 -1 1 -1 1 7 -1 1 -1 1 7 -1 1 -1 1 7 -1 7 -1 1 7 -1 7 -1 1 7 -1 7 -1 1 7 -1 7 -1 1 7 -1 7 -1 1 7 -1 1 7 6 -1 7 -1 1 7 -1 7 -1 7 5 -1 4 7 5 -1 4 7 -1 1 4 7 -1 1 7 -1 1 2 7 -1 1 7 -1 2 7 -1 1 2 7 -1 1 7 -1 7 -1 1 7 -1 7 -1 1 7 -1 7 -1 2 7 -1 1 2 7 -1 4 7 5 -1 4 -1 4 7 -1 4 -1 4 7 -1 1 4 7 -1 4 7 -1 1 4 7 -1 4 7 -1 2 4 7 -1 1 2 4 7 -1 2 4 7 -1 1 2 4 7 -1 2 4 -1 1 2 4 -1 2 4 7 -1 4 7 -1 2 4 7 -1 1 2 4 7 -1 2 4 -1 1 2 4 -1 1 2 -1 1 2 4 -1 2 4 -1 7 -1 1 7 -1 7 -1 1 7 -1 1 7 5 -1 1 7 -1 7 5 -1 1 7 -1 1 7 5 -1 7 5 -1 1 7 5 -1 7 -1 1 7 -1 1 2 7 5 -1 1 2 -1 2 -1 1 2 -1 2 -1 1 2 -1 2 -1 1 2 -1 2 -1 1 2 7 -1 1 7 -1 1 7 5 -1 1 -1 1 7 -1 1 7 5 -1 1 2 7 5 -1 1 2 7 -1 1 7 -1 1 2 7 5 -1 1 2 5 -1 2 5 -1 2 7 5 -1 1 7 5 -1 1 5 -1 1 7 5 -1 1 2 5 -1 1 5 -1 1 7 5 -1 1 5 -1 1 -1 1 5 -1 1 2 -1 1 2 5 -1 1 7 5 -1 1 2 5 -1 1 -1 1 2 7 5 -1 1 2 5 -1 1 5 -1 1 2 5 -1 1 5 -1 1 2 5 -1 1 2 7 5 -1 1 2 5 -1 1 2 7 -1 1 2 7 5 -1 1 2 5 -1 1 2 -1 1 2 7 5 -1 1 2 5 -1 1 5 -1 1 2 5 -1 1 2 7 5 -1 1 2 5 -1 1 5 -1 1 2 5 -1 1 5 -1 1 2 7 5 -1 1 5 -1 1 7 5 -1 7 -1 1 2 7 -1 1 -1 1 5 -1 1 -1 1 5 -1 1 -1 1 5 -1 1 2 7 5 -1 1 5 -1 1 -1 1 2 -1 1 2 7 -1 1 2 5 -1 1 2 -1 1 2 7 -1 1 2 5 -1 1 2 -1 1 2 5 -1 1 7 5 -1 7 -1 1 7 -1 1 7 5 -1 1 4 7 5 -1 1 7 5 -1 1 7 -1 1 4 7 5 -1 1 7 -1 1 4 7 5 -1 1 7 5 -1 1 4 7 5 -1 1 7 5 -1 1 7 -1 1 7 5 -1 1 7 -1 1 7 5 -1 1 7 -1 7 -1 1 7 5 -1 1 7 -1 7 -1 1 7 -1 7 5 -1 1 7 -1 7 -1 7 5 -1 7 -1 7 5 -1 7 -1 1 7 5 -1 7 -1 1 7 -1 -2
7 -1 1 7 -1 1 -1 1 7 -1 1 -1 1 7 -1 1 -1 1 7 -1 1 -1 1 7 -1 1 -1 1 7 -1 1 2 7 -1 1 2 -1 2 -1 1 2 7 -1 1 -1 1 7 5 -1 1 7 -1 1 -1 1 7 -1 1 -1 1 7 -1 1 -1 1 7 -1 1 -1 1 2 -1 1 7 -1 7 -1 1 7 -1 1 -1 1 7 -1 7 -1 1 7 -1 7 -1 1 7 -1 1 2 4 5 -1 2 4 5 -1 2 5 -1 1 2 5 -1 1 -1 1 7 5 -1 7 -1 1 7 -1 1 -1 1 7 5 -1 1 7 -1 1 -1 1 7 -1 1 -1 1 7 -1 1 -1 1 7 -1 7 -1 1 7 -1 1 -1 1 7 -1 7 -1 1 7 -1 1 -1 1 7 -1 1 -1 1 7 -1 1 -1 1 7 -1 1 -1 1 7 -1 1 -1 1 7 -1 1 -1 1 7 -1 1 -1 1 7 -1 7 -1 1 7 -1 1 -1 1 7 -1 7 -1 7 5 -1 7 -1 7 5 -1 7 -1 1 7 5 -1 7 5 -1 7 -1 1 7 5 -1 7 5 -1 7 -1 7 5 -1 7 -1 7 5 -1 7 -1 1 7 5 -1 7 5 -1 7 -1 1 7 -1 7 -1 1 7 -1 7 -1 1 7 -1 1 7 5 -1 7 -1 1 7 5 -1 1 7 -1 1 -1 1 5 -1 1 7 5 -1 3 7 5 -1 3 7 5 6 -1 3 7 -1 3 7 5 -1 3 7 5 6 -1 3 7 6 -1 7 5 -1 3 7 -1 7 5 -1 3 7 5 -1 7 5 -1 7 -1 3 7 6 -1 3 7 5 6 -1 3 5 -1 3 -1 3 6 -1 3 -1 3 7 -1 7 -1 3 7 -1 7 -1 3 7 -1 7 -1 1 7 -1 1 3 7 -1 7 -1 3 7 -1 7 5 -1 3 7 6 -1 3 7 -1 3 -1 3 7 6 -1 7 -1 1 7 -1 7 -1 1 7 -1 7 -1 1 7 -1 1 -1 1 7 -1 1 -1 1 7 -1 1 -1 1 7 -1 1 -1 1 7 -1 1 -1 1 7 -1 1 -1 1 7 -1 1 -1 1 7 -1 1 -1 1 7 -1 1 -1 1 7 -1 1 -1 1 7 -1 1 -1 1 7 -1 7 -1 7 5 -1 1 7 5 -1 1 7 -1 1 -1 1 7 -1 1 -1 1 7 -1 1 2 -1 1 -1 1 7 -1 1 2 7 -1 1 7 -1 1 -1 1 2 -1 1 -1 1 7 5 -1 7 5 -1 1 7 5 -1 1 -1 1 7 -1 7 -1 7 5 -1 1 7 5 -1 7 5 -1 5 -1 7 5 -1 1 4 5 6 -1 1 4 7 6 -1 1 7 -1 1 7 6 -1 1 6 -1 1 7 6 -1 1 7 -1 1 7 6 -1 1 2 7 6 -1 1 7 -1 1 7 6 -1 1 2 7 6 -1 1 7 6 -1 1 2 7 6 -1 1 7 6 -1 1 7 -1 1 7 6 -1 1 7 -1 1 7 6 -1 1 2 7 6 -1 1 7 6 -1 7 6 -1 7 5 -1 1 7 -1 7 -1 1 7 -1 7 -1 1 7 -1 7 -1 1 7 -1 7 -1 1 7 -1 7 5 -1 2 5 -1 2 7 -1 1 2 7 -1 2 -1 2 7 -1 2 -1 2 7 -1 2 -1 2 7 -1 7 -1 2 7 -1 1 2 7 -1 1 -1 1 2 -1 2 -1 1 2 4 -1 1 4 -1 1 2 -1 1 2 7 -1 1 7 -1 1 -1 1 2 -1 2 -1 1 2 -1 1 -1 1 2 -1 2 -1 1 2 7 -1 1 2 -1 1 -1 1 2 -1 2 7 -1 1 2 -1 2 -1 2 5 -1 7 5 -1 5 -1 7 5 -1 1 7 5 -1 1 -1 1 7 5 -1 5 -1 2 5 -1 2 7 5 -1 1 7 -1 1 -1 1 7 -1 1 -1 1 7 -1 1 -1 1 7 -1 1 -1 1 7 -1 1 -1 1 7 -1 1 -1 1 7 -1 1 -1 1 7 -1 7 -1 1 7 -1 1 -1 1 7 -1 1 -1 1 7 -1 1 -1 1 7 -1 1 7 6 -1 7 6 -1 1 7 -1 1 -1 1 7 -1 1 -1 1 7 -1 1 -1 1 7 -1 1 -1 1 7 -1 1 -1 1 7 -1 1 -1 1 7 -1 1 -1 1 7 -1 1 -1 1 7 -1 1 -1 1 7 -1 1 -1 1 7 -1 1 -1 1 7 -1 1 -1 1 7 -1 1 -1 1 7 -1 2 7 -1 1 7 -1 7 6 -1 1 7 6 -1 1 7 -1 1 -1 1 7 -1 1 -1 1 7 -1 1 -1 1 7 -1 1 -1 1 7 -1 1 -1 1 7 -1 1 -1 1 7 -1 1 -1 1 7 -1 1 -1 1 7 -1 1 4 7 -1 4 7 5 -1 7 5 -1 7 -1 1 7 -1 7 -1 1 7 -1 7 -1 1 7 -1 7 -1 1 7 -1 7 -1 1 7 -1 7 -1 7 5 -1 5 6 -1 7 6 -1 7 -1 7 6 -1 7 -1 7 6 -1 7 -1 7 6 -1 7 -1 7 6 -1 6 -1 7 6 -1 7 5 6 -1 7 -1 7 6 -1 7 5 6 -1 7 -1 7 6 -1 7 5 6 -1 7 -1 7 6 -1 7 5 6 -1 7 6 -1 7 5 6 -1 7 5 -1 7 6 -1 7 -1 2 7 -1 7 -1 2 7 -1 2 4 7 -1 1 2 7 -1 1 7 -1 1 2 -1 2 7 -1 2 7 5 -1 7 5 -1 1 7 -1 7 -1 3 7 -1 1 3 7 -1 1 -1 1 7 -1 1 -1 1 7 -1 1 -1 1 7 -1 1 -1 1 7 -1 1 -1 1 7 -1 1 -1 1 7 -1 7 -1 1 7 -1 1 -1 1 7 -1 1 -1 1 7 -1 1 -1 1 6 -1 7 6 -1 7 5 -1 1 7 5 -1 1 7 -1 7 -1 1 7 -1 7 -1 1 7 -1 7 -1 1 7 -1 7 -1 1 7 -1 7 -1 1 7 -1 7 -1 1 7 -1 1 6 -1 1 7 5 -1 7 -1 7 5 -1 7 -1 1 7 -1 7 -1 1 7 -1 7 -1 1 7 5 -1 1 7 -1 7 -1 1 7 -1 1 7 5 -1 7 5 -1 1 7 5 -1 1 7 -1 7 -1 1 7 -1 1 2 7 -1 1 7 -1 1 2 7 -1 1 7 5 -1 1 7 -1 7 -1 2 7 -1 1 2 7 -1 2 7 -1 7 -1 1 7 -1 2 7 -1 7 -1 2 7 -1 7 -1 7 5 -1 1 2 7 -1 7 -1 1 7 -1 7 -1 2 7 -1 1 7 -1 2 7 -1 7 -1 1 7 -1 1 2 7 -1 1 2 -1 1 2 7 -1 1 -1 1 7 -1 1 7 5 -1 7 5 -1 1 7 6 -1 6 -1 7 5 6 -1 7 6 -1 3 7 6 -1 3 7 -1 3 -1 3 7 -1 3 -1 3 7 -1 7 -1 7 6 -1 7 -1 3 7 -1 7 -1 3 7 -1 7 -1 7 6 -1 3 7 -1 7 6 -1 7 5 -1 4 5 -1 5 -1 4 5 -1 5 -1 7 5 -1 5 -1 7 5 -1 5 -1 7 5 -1 7 -1 2 7 -1 1 2 7 -1 2 7 5 -1 1 7 -1 1 2 7 -1 1 7 -1 1 2 -1 1 2 7 -1 7 -1 2 7 -1 4 7 -1 7 -1 7 5 -1 4 7 -1 7 -1 1 7 -1 7 -1 4 7 -1 7 -1 2 7 -1 2 7 5 -1 7 -1 7 5 -1 7 -1 7 5 -1 1 7 -1 7 -1 1 7 -1 7 5 -1 7 -1 4 7 -1 7 -1 7 5 -1 7 -1 1 7 -1 7 -1 7 5 -1 7 -1 7 5 -1 7 -1 7 6 -1 1 7 -1 7 -1 1 7 -1 4 7 5 -1 7 5 -1 7 -1 3 7 -1 7 -1 1 7 5 -1 7 5 -1 1 7 -1 1 -1 1 7 -1 1 -1 1 7 -1 7 -1 1 7 -1 1 -1 1 7 -1 1 -1 1 7 -1 1 -1 1 7 5 -1 3 7 5 -1 1 3 7 -1 1 7 -1 1 -1 1 3 7 -1 3 7 -1 7 -1 3 7 -1 7 -1 1 7 -1 7 -1 1 7 -1 1 -1 1 7 -1 7 -1 3 7 5 -1 7 5 -1 3 7 -1 7 -1 7 5 -1 7 -1 1 7 -1 7 -1 7 5 -1 5 -1 7 5 -1 1 7 5 -1 7 5 -1 4 7 -1 2 4 7 -1 2 7 -1 1 2 7 -1 1 -1 1 7 -1 1 -1 1 4 -1 1 4 7 -1 1 7 -1 1 -1 1 7 -1 7 -1 1 7 -1 7 -1 1 7 -1 7 -1 1 7 -1 7 -1 1 7 -1 7 -1 1 7 -1 1 7 6 -1 7 -1 1 7 -1 1 -1 1 7 -1 1 -1 1 7 -1 1 -1 1 7 -1 1 -1 1 7 -1 7 -1 7 5 -1 5 6 -1 4 5 6 -1 4 5 -1 7 5 6 -1 7 -1 7 5 -1 7 -1 1 7 -1 1 -1 1 7 -1 3 7 -1 7 -1 4 7 -1 7 -1 1 7 6 -1 1 7 -1 3 7 -1 7 5 -1 5 -1 7 5 -1 7 -1 7 6 -1 7 -1 7 6 -1 7 -1 1 7 5 6 -1 1 7 -1 1 2 7 -1 1 2 -1 1 2 7 -1 2 7 -1 7 -1 2 7 -1 1 2 7 -1 1 7 -1 1 2 7 -1 1 -1 1 2 7 -1 2 7 -1 1 7 -1 1 -1 1 6 -1 1 7 6 -1 1 7 -1 1 3 7 -1 1 3 7 5 -1 7 5 6 -1 7 -1 1 7 -1 7 -1 7 5 -1 7 -1 7 5 -1 1 7 -1 1 -1 1 2 7 -1 1 7 -1 1 2 7 -1 7 -1 1 2 7 -1 1 7 -1 1 2 7 -1 1 7 -1 7 -1 1 7 -1 7 -1 1 7 -1 7 -1 1 7 -1 7 -1 7 5 6 -1 7 6 -1 7 -1 7 5 -1 7 -1 1 7 -1 7 -1 7 5 -1 7 -1 1 7 -1 1 -1 1 7 -1 7 -1 1 7 -1 7 -1 1 7 -1 7 -1 7 5 -1 1 7 5 -1 3 7 5 -1 7 5 -1 3 7 -1 3 -1 3 7 -1 3 -1 3 7 -1 1 3 7 -1 3 7 -1 1 3 7 -1 1 7 -1 1 3 7 6 -1 1 7 6 -1 1 -1 1 7 5 -1 1 -1 1 7 -1 1 -1 1 7 -1 1 -1 1 7 5 -1 7 -1 3 7 -1 2 3 7 -1 7 -1 3 7 -1 7 -1 2 3 7 -1 2 7 -1 7 -1 3 7 -1 2 3 7 -1 2 7 -1 7 -1 2 7 -1 7 -1 2 7 -1 7 -1 2 7 -1 7 -1 2 7 -1 7 5 -1 5 -1 7 5 -1 1 7 -1 1 7 6 -1 2 7 -1 2 -1 1 2 7 -1 1 7 -1 7 -1 7 6 -1 2 7 6 -1 2 7 -1 7 6 -1 7 -1 2 7 -1 1 4 7 -1 1 7 -1 1 6 -1 1 7 6 -1 7 6 -1 2 7 6 -1 7 6 -1 7 -1 7 6 -1 2 7 6 -1 2 7 -1 7 -1 7 6 -1 7 -1 1 4 7 -1 1 7 -1 1 2 7 -1 2 7 -1 1 7 -1 1 -1 1 2 7 -1 2 7 -1 7 -1 2 7 -1 7 -1 1 7 -1 1 -1 -2
7 -1 7 5 -1 4 7 -1 4 -1 4 7 -1 7 -1 4 7 -1 7 -1 2 7 -1 1 -1 7 -1 1 7 5 -1 7 5 -1 7 -1 7 5 -1 7 -1 7 5 -1 7 -1 7 5 -1 1 7 5 -1 3 7 5 -1 7 5 -1 7 -1 1 7 -1 7 5 -1 7 -1 7 5 -1 7 -1 7 5 -1 7 -1 7 5 -1 7 -1 7 5 -1 7 -1 7 5 -1 7 -1 7 5 -1 1 4 7 -1 7 -1 1 7 -1 2 7 -1 1 7 -1 7 -1 1 7 -1 7 -1 1 7 -1 2 7 -1 1 7 -1 7 -1 7 5 -1 1 7 5 -1 7 5 -1 1 7 5 -1 1 7 -1 1 7 5 -1 7 5 -1 1 7 5 -1 1 7 -1 7 5 -1 1 7 5 -1 1 7 -1 1 7 5 -1 3 7 5 -1 3 7 -1 4 7 -1 7 -1 4 7 -1 7 -1 4 7 -1 7 -1 4 7 5 -1 7 5 -1 4 7 -1 4 -1 4 7 -1 4 -1 4 7 -1 1 7 -1 1 7 5 -1 7 5 -1 5 -1 7 5 -1 7 -1 7 5 -1 5 -1 7 -1 5 -1 7 -1 7 5 -1 5 -1 7 -1 7 5 -1 7 -1 7 5 -1 7 -1 5 -1 7 -1 5 -1 3 -1 7 -1 5 -1 7 -1 1 7 5 -1 1 7 -1 7 -1 4 7 -1 7 -1 4 7 -1 7 -1 4 7 -1 7 -1 4 7 -1 7 -1 4 7 -1 4 -1 7 -1 4 7 -1 7 -1 1 7 -1 1 -1 1 7 -1 1 7 5 -1 7 5 -1 1 7 5 -1 1 7 -1 7 -1 7 5 -1 5 -1 7 5 -1 1 7 5 -1 1 7 -1 1 7 5 -1 3 5 -1 7 5 -1 1 7 -1 1 7 5 -1 7 5 -1 4 7 -1 7 -1 4 7 -1 7 -1 4 7 -1 7 -1 4 7 -1 7 5 -1 1 7 5 -1 7 5 -1 1 7 5 -1 1 7 -1 7 -1 1 7 -1 7 -1 1 7 -1 7 -1 1 7 -1 7 -1 1 7 -1 7 5 -1 5 -1 1 7 5 -1 1 7 -1 1 4 7 -1 1 7 -1 4 -1 4 7 -1 7 -1 4 7 -1 7 -1 4 7 -1 4 -1 4 7 -1 7 -1 4 7 -1 7 -1 4 7 -1 7 -1 4 7 -1 7 -1 4 7 -1 7 -1 4 7 -1 7 -1 4 7 -1 7 -1 4 7 -1 7 -1 4 7 -1 7 -1 4 7 -1 7 -1 4 7 -1 7 -1 4 7 -1 7 -1 7 5 -1 2 5 -1 7 5 -1 2 5 -1 7 5 -1 2 7 5 -1 7 5 -1 5 -1 7 5 -1 5 -1 7 5 -1 2 5 -1 5 -1 7 5 -1 2 5 -1 5 -1 2 5 -1 5 -1 7 5 -1 4 -1 4 7 -1 7 5 -1 7 -1 7 5 -1 7 -1 7 5 -1 7 -1 7 5 -1 7 -1 7 5 -1 7 -1 1 2 7 -1 1 -1 2 -1 7 -1 1 -1 7 -1 1 4 7 -1 4 7 -1 4 -1 4 7 -1 4 -1 4 7 -1 4 -1 1 4 -1 4 -1 1 4 -1 4 -1 1 7 -1 7 -1 7 5 -1 7 -1 7 5 -1 7 -1 7 5 -1 7 -1 7 5 -1 7 -1 7 5 -1 5 -1 7 5 -1 5 -1 7 5 -1 5 -1 7 5 -1 5 -1 7 5 -1 7 -1 7 5 -1 7 -1 7 5 -1 7 -1 7 5 -1 7 -1 7 5 -1 7 -1 7 5 -1 7 -1 7 5 -1 4 7 5 -1 4 7 -1 7 5 -1 1 7 5 -1 1 7 -1 7 -1 1 7 -1 7 -1 1 7 -1 7 -1 1 7 -1 7 -1 1 7 -1 7 -1 1 7 -1 7 -1 1 7 -1 7 5 -1 3 7 5 -1 3 5 -1 3 7 5 -1 4 7 -1 7 -1 4 7 -1 7 -1 4 7 -1 7 -1 4 7 -1 7 -1 7 5 -1 7 -1 7 5 -1 7 -1 7 5 -1 1 7 -1 7 5 -1 7 -1 7 5 -1 7 -1 7 5 -1 3 5 -1 3 7 5 -1 7 5 -1 7 -1 2 4 7 -1 7 -1 4 7 5 -1 7 5 -1 5 -1 7 5 -1 7 -1 7 5 -1 7 -1 7 5 -1 7 -1 7 5 -1 7 -1 7 5 -1 7 -1 7 5 -1 7 -1 7 5 -1 7 -1 7 5 -1 7 -1 7 5 -1 7 -1 7 5 -1 7 -1 7 5 -1 4 7 -1 2 4 7 -1 2 4 -1 2 4 7 -1 4 7 -1 2 4 7 -1 4 7 -1 7 -1 1 7 -1 7 -1 7 5 -1 5 -1 7 5 -1 4 7 5 -1 4 7 -1 4 -1 4 7 -1 4 -1 4 7 -1 4 -1 4 7 -1 4 -1 4 7 -1 4 -1 4 7 -1 4 -1 4 7 -1 4 -1 4 7 -1 2 4 7 -1 2 4 -1 4 7 -1 4 -1 2 4 -1 2 4 7 -1 4 7 -1 4 -1 4 7 -1 4 -1 2 4 -1 4 7 -1 2 4 7 -1 4 7 -1 7 5 -1 7 -1 2 7 -1 7 -1 2 7 -1 7 -1 4 7 -1 4 -1 4 7 -1 4 -1 4 7 -1 4 -1 4 7 -1 4 -1 2 4 -1 4 7 -1 4 -1 4 7 -1 4 -1 4 7 -1 4 -1 2 4 -1 4 -1 4 7 -1 2 4 -1 4 7 -1 7 -1 7 5 -1 7 -1 2 4 7 -1 7 -1 7 5 -1 5 -1 7 5 -1 5 -1 7 5 -1 5 -1 7 5 -1 5 -1 7 5 -1 2 7 5 -1 7 5 -1 5 -1 7 5 -1 7 -1 1 7 -1 7 -1 1 2 4 7 -1 1 7 -1 1 4 7 -1 1 2 4 -1 1 4 -1 4 7 -1 1 4 7 -1 1 2 7 -1 1 7 -1 1 2 7 -1 1 -1 1 2 7 -1 1 4 7 -1 1 7 -1 1 4 7 -1 1 2 7 -1 1 7 -1 1 4 -1 1 2 7 -1 1 2 4 7 -1 1 7 -1 1 2 7 -1 1 4 7 -1 1 7 -1 1 4 7 -1 1 7 -1 1 4 7 -1 1 7 -1 1 4 7 -1 1 2 4 7 -1 1 2 7 -1 1 4 7 -1 1 7 -1 1 4 7 -1 1 7 -1 1 2 7 -1 1 4 7 -1 7 5 -1 7 -1 -2
4 7 -1 1 4 7 -1 7 -1 1 4 7 -1 1 7 -1 1 4 7 -1 4 7 -1 7 -1 1 7 -1 1 4 7 -1 1 7 -1 1 4 7 -1 7 5 -1 1 7 5 -1 7 -1 7 5 -1 1 7 -1 1 7 5 -1 1 7 -1 1 7 5 -1 1 7 -1 7 -1 4 7 -1 1 7 -1 7 -1 1 7 -1 1 2 7 -1 1 2 -1 1 2 7 5 -1 7 5 -1 7 -1 7 5 -1 5 -1 7 5 -1 5 -1 1 2 5 -1 1 2 -1 1 2 7 5 -1 5 -1 7 5 -1 1 7 5 -1 1 7 -1 7 -1 7 5 -1 7 -1 7 5 -1 7 -1 7 5 -1 7 -1 7 5 -1 4 7 5 -1 1 4 7 -1 1 7 -1 7 -1 1 7 -1 1 7 5 -1 7 -1 7 5 -1 4 7 5 -1 4 7 -1 7 -1 4 7 -1 1 4 7 -1 1 7 -1 7 -1 1 7 -1 1 2 7 -1 1 7 -1 1 7 5 -1 7 5 -1 7 -1 1 7 -1 7 -1 1 7 5 -1 7 5 -1 4 7 5 -1 7 5 -1 4 7 5 -1 7 5 -1 7 -1 1 7 -1 7 5 -1 7 -1 7 5 -1 7 -1 1 7 -1 7 -1 1 7 -1 1 7 5 -1 7 5 -1 7 -1 7 5 -1 7 -1 7 5 -1 1 7 -1 7 5 -1 7 -1 7 5 -1 7 -1 1 7 5 -1 7 5 -1 1 7 5 -1 1 7 -1 7 -1 7 5 -1 1 7 -1 7 -1 1 7 -1 7 -1 1 7 -1 7 5 -1 1 7 -1 7 -1 1 7 -1 7 -1 7 5 -1 1 7 -1 7 -1 1 7 -1 7 -1 1 7 5 -1 7 5 -1 1 7 -1 7 -1 7 5 -1 1 7 -1 7 -1 1 7 5 -1 1 7 -1 1 7 5 -1 1 7 -1 1 7 5 -1 7 -1 1 7 5 -1 1 7 -1 7 -1 1 7 -1 1 7 5 -1 1 7 -1 1 7 5 -1 7 5 -1 1 4 7 5 -1 1 4 7 -1 1 7 -1 1 7 5 -1 4 7 5 -1 4 -1 4 7 -1 7 -1 7 5 -1 7 -1 7 5 -1 7 -1 7 5 -1 7 -1 7 5 -1 7 -1 7 5 -1 7 -1 7 5 -1 7 -1 7 5 -1 7 -1 4 7 5 -1 1 4 7 5 -1 7 5 -1 1 7 5 -1 5 -1 7 5 -1 1 7 5 -1 7 5 -1 1 7 5 -1 1 5 -1 1 7 5 -1 1 5 -1 1 7 5 -1 1 5 -1 1 7 5 -1 1 5 -1 1 7 5 -1 1 5 -1 1 7 5 -1 1 5 -1 1 7 5 -1 1 7 -1 7 -1 1 7 -1 1 7 5 -1 1 5 -1 1 7 -1 1 4 -1 1 7 5 -1 1 5 -1 1 4 -1 1 4 7 -1 1 7 -1 1 4 7 -1 1 7 -1 1 4 7 -1 1 7 -1 1 4 7 -1 1 7 -1 1 4 7 -1 1 7 -1 1 4 7 -1 1 7 -1 1 4 7 -1 4 7 -1 1 4 7 -1 4 7 -1 1 4 7 -1 4 7 -1 1 4 7 -1 4 7 -1 1 4 7 5 -1 1 7 5 -1 1 7 -1 1 7 5 -1 1 7 -1 1 7 5 -1 1 5 -1 1 7 5 -1 1 7 -1 1 7 5 -1 7 -1 1 7 -1 1 7 5 -1 1 7 -1 7 -1 1 7 -1 7 -1 1 7 5 -1 1 7 -1 7 -1 1 7 -1 7 -1 1 4 7 -1 1 7 -1 7 -1 1 7 -1 7 -1 1 7 -1 7 -1 1 7 -1 7 -1 1 7 -1 7 -1 1 7 -1 1 7 5 -1 7 5 -1 1 7 5 -1 7 -1 7 5 -1 7 -1 7 5 -1 1 7 5 -1 1 7 -1 7 -1 7 5 -1 7 -1 7 5 -1 7 -1 7 5 -1 7 -1 1 7 -1 7 5 -1 1 7 -1 7 -1 7 5 -1 7 -1 1 7 -1 7 -1 1 7 -1 7 -1 1 7 -1 7 -1 1 7 -1 7 -1 1 7 -1 7 -1 1 7 -1 4 7 -1 7 5 -1 1 7 5 -1 7 5 -1 7 -1 7 5 -1 7 -1 7 5 -1 7 -1 7 5 -1 7 -1 7 5 -1 7 -1 7 5 -1 1 7 -1 1 7 5 -1 7 -1 1 7 5 -1 1 4 7 -1 1 7 -1 1 4 7 -1 4 7 -1 1 4 7 -1 4 7 -1 1 4 7 -1 4 7 -1 1 4 7 -1 4 7 -1 1 4 7 -1 4 7 -1 1 4 7 -1 4 7 -1 1 4 7 -1 4 7 -1 1 4 7 -1 4 7 -1 1 4 7 -1 4 7 -1 7 -1 7 5 -1 1 7 5 -1 7 5 -1 1 7 5 -1 7 5 -1 1 7 5 -1 7 5 -1 1 7 5 -1 7 5 -1 1 7 5 -1 1 7 -1 1 7 5 -1 7 -1 1 7 -1 1 7 5 -1 1 7 -1 1 7 5 -1 1 7 -1 1 4 -1 1 -1 1 4 -1 1 -1 1 4 -1 1 -1 1 4 -1 1 -1 1 4 -1 1 -1 1 4 -1 1 -1 1 4 -1 1 -1 1 4 -1 1 -1 1 4 -1 1 -1 1 4 -1 1 -1 1 4 -1 1 -1 1 4 -1 1 2 4 7 -1 1 2 4 7 5 -1 2 7 -1 7 5 -1 1 4 7 5 -1 1 4 7 -1 4 7 -1 4 7 5 -1 7 5 -1 1 7 5 -1 7 5 -1 1 7 5 -1 7 5 -1 1 7 5 -1 7 5 -1 1 5 -1 4 7 5 -1 7 5 -1 5 -1 7 5 -1 5 -1 7 5 -1 5 -1 1 7 5 -1 5 -1 7 5 -1 1 4 7 5 -1 1 4 6 -1 1 4 -1 1 4 7 -1 1 4 -1 1 4 7 -1 1 4 -1 1 4 7 -1 1 4 -1 1 2 4 7 -1 4 7 -1 2 4 7 5 -1 2 4 7 -1 1 4 7 -1 4 7 -1 1 7 -1 1 4 7 -1 7 -1 2 7 -1 7 -1 2 7 -1 2 7 5 -1 2 7 -1 2 7 5 -1 7 5 -1 7 -1 7 5 -1 7 -1 1 7 -1 1 4 7 -1 4 7 -1 1 4 7 -1 4 7 -1 1 4 7 -1 4 7 -1 1 4 7 -1 4 7 -1 1 4 7 -1 1 7 -1 1 4 7 -1 7 -1 4 7 -1 2 4 7 -1 2 7 -1 7 5 -1 4 7 -1 1 4 7 -1 4 7 -1 1 4 7 -1 4 7 -1 1 4 7 -1 1 7 -1 1 4 7 -1 1 7 -1 1 4 7 -1 1 7 -1 1 4 7 -1 1 2 4 7 -1 1 2 7 -1 2 7 -1 2 4 7 -1 1 2 4 7 -1 1 4 7 -1 1 7 -1 1 4 7 -1 1 7 -1 1 4 7 -1 1 7 -1 1 4 7 -1 1 7 -1 1 7 5 -1 1 7 -1 1 7 5 -1 7 -1 4 7 -1 1 4 7 -1 4 7 -1 1 4 7 -1 4 7 -1 1 4 7 -1 4 7 -1 1 4 7 -1 4 7 -1 1 4 7 -1 1 4 7 5 -1 4 7 5 -1 1 4 7 5 -1 1 4 5 -1 1 7 5 -1 1 4 7 -1 4 7 -1 7 -1 1 4 7 -1 4 7 -1 1 4 7 -1 1 4 -1 1 4 7 -1 7 -1 4 7 -1 4 -1 4 7 -1 4 -1 4 7 -1 4 -1 4 7 -1 4 -1 7 -1 4 7 -1 7 -1 4 7 -1 7 -1 4 7 -1 7 -1 7 5 -1 7 -1 7 5 -1 1 7 5 -1 1 4 7 5 -1 1 7 5 -1 7 5 -1 1 7 5 -1 1 5 -1 1 7 5 -1 1 7 -1 7 -1 1 7 -1 7 -1 1 7 -1 7 -1 1 7 -1 7 -1 7 5 -1 7 -1 1 7 -1 1 7 5 -1 1 7 -1 1 7 5 -1 1 7 -1 1 2 7 -1 1 2 7 5 -1 1 2 -1 1 2 7 -1 1 7 -1 1 -1 1 2 -1 1 2 4 -1 1 -1 1 2 4 -1 1 2 7 5 -1 1 7 5 -1 1 5 -1 1 -1 1 2 -1 1 2 4 -1 1 2 4 7 5 -1 1 7 5 -1 1 7 -1 1 2 7 -1 1 2 4 7 -1 1 2 4 -1 1 2 4 7 -1 1 7 5 -1 7 5 -1 1 7 -1 7 -1 1 7 -1 7 -1 1 7 -1 7 -1 1 7 -1 7 -1 1 7 -1 7 -1 1 7 -1 7 -1 1 7 -1 7 -1 1 7 -1 7 -1 1 7 -1 7 -1 1 7 -1 1 7 5 -1 7 5 -1 1 7 -1 1 2 7 -1 1 7 -1 -2
4 7 6 -1 1 7 6 -1 1 7 -1 1 7 5 6 -1 1 7 -1 1 -1 1 2 7 -1 1 2 7 5 -1 1 5 -1 1 -1 1 7 -1 1 5 -1 1 7 5 -1 1 7 -1 1 -1 1 2 -1 1 2 6 -1 7 6 -1 7 -1 7 6 -1 7 -1 7 6 -1 7 5 -1 7 -1 7 5 -1 1 7 5 6 -1 7 -1 7 5 -1 7 -1 7 5 -1 7 -1 7 5 -1 7 -1 7 5 -1 7 -1 7 5 -1 7 5 6 -1 7 5 -1 2 7 6 -1 7 6 -1 7 -1 7 6 -1 1 7 -1 7 6 -1 6 -1 1 7 6 -1 1 7 -1 7 5 -1 7 -1 7 6 -1 7 -1 7 6 -1 7 -1 7 5 -1 1 7 5 -1 7 -1 7 5 -1 7 -1 7 5 -1 7 -1 1 7 -1 7 -1 7 6 -1 7 -1 7 5 -1 7 6 -1 7 -1 7 6 -1 7 -1 7 5 -1 7 -1 7 5 6 -1 7 5 -1 7 -1 7 6 -1 7 -1 7 5 -1 7 -1 7 5 -1 7 -1 7 5 -1 7 -1 7 6 -1 7 5 -1 7 -1 7 6 -1 7 -1 7 6 -1 7 5 6 -1 7 -1 7 5 -1 7 6 -1 5 6 -1 7 5 6 -1 7 5 -1 1 7 -1 1 7 6 -1 1 6 -1 1 7 6 -1 1 7 -1 7 -1 1 7 -1 1 3 7 -1 7 -1 7 6 -1 6 -1 7 6 -1 7 -1 7 6 -1 7 5 6 -1 7 5 -1 7 6 -1 7 -1 7 6 -1 7 5 -1 7 -1 2 7 -1 7 -1 7 6 -1 6 -1 5 6 -1 5 -1 4 7 5 -1 4 7 -1 7 6 -1 4 6 -1 4 7 -1 7 -1 4 7 6 -1 7 6 -1 7 -1 7 6 -1 4 7 5 6 -1 7 5 -1 7 6 -1 7 5 6 -1 3 7 6 -1 2 3 7 6 -1 2 3 7 -1 2 7 -1 7 -1 4 7 5 -1 5 -1 7 5 -1 4 7 5 6 -1 4 6 -1 4 7 6 -1 7 -1 2 7 -1 2 7 6 -1 1 7 -1 7 -1 7 6 -1 3 7 6 -1 2 6 -1 2 7 6 -1 7 6 -1 2 7 6 -1 2 -1 2 7 -1 7 -1 1 4 7 -1 1 7 -1 1 7 5 -1 5 -1 7 5 -1 7 5 6 -1 1 7 5 6 -1 5 -1 7 5 -1 7 5 6 -1 7 6 -1 7 5 6 -1 7 5 -1 5 -1 7 5 -1 7 -1 3 7 5 -1 3 7 5 6 -1 3 7 6 -1 2 3 7 6 -1 2 -1 1 2 7 -1 1 7 -1 1 -1 1 7 -1 1 7 6 -1 6 -1 7 6 -1 2 7 5 6 -1 7 5 -1 3 7 5 -1 7 5 -1 1 4 7 5 -1 1 4 7 -1 4 7 -1 4 7 5 -1 5 -1 7 5 -1 4 7 5 -1 7 -1 7 5 -1 7 6 -1 7 -1 7 6 -1 7 -1 7 5 -1 7 -1 1 7 -1 1 -1 1 7 -1 7 -1 1 7 -1 1 -1 1 2 6 -1 2 6 -1 1 2 -1 1 2 7 -1 1 -1 1 7 -1 7 -1 7 5 -1 5 -1 4 7 5 -1 4 7 6 -1 7 6 -1 7 5 -1 2 7 6 -1 2 7 5 -1 2 7 -1 1 7 -1 1 -1 1 7 -1 1 -1 1 7 -1 7 -1 1 7 -1 1 -1 1 6 -1 1 2 6 -1 2 -1 2 6 -1 6 -1 1 6 -1 1 7 -1 1 -1 1 7 -1 7 5 -1 7 -1 1 7 -1 1 -1 1 6 -1 6 -1 7 6 -1 7 -1 7 5 -1 2 5 -1 7 5 -1 1 7 5 -1 1 7 -1 7 -1 7 6 -1 7 5 -1 2 7 5 -1 2 -1 2 7 -1 7 6 -1 1 7 6 -1 1 -1 1 2 -1 2 -1 2 6 -1 6 -1 7 6 -1 7 -1 7 6 -1 6 -1 7 5 6 -1 5 -1 7 5 -1 1 7 -1 1 7 5 -1 7 5 -1 5 -1 7 5 6 -1 5 6 -1 2 7 5 6 -1 7 6 -1 7 5 -1 7 -1 1 7 -1 7 -1 7 6 -1 7 5 6 -1 7 5 -1 7 -1 1 7 -1 7 6 -1 7 -1 7 6 -1 7 5 -1 7 5 6 -1 6 -1 7 6 -1 7 -1 7 5 6 -1 5 6 -1 2 5 -1 5 -1 2 7 5 -1 2 7 5 6 -1 2 5 6 -1 5 -1 7 5 6 -1 7 6 -1 7 -1 1 7 -1 1 7 6 -1 6 -1 7 6 -1 1 4 7 -1 7 -1 1 2 7 -1 1 2 7 5 -1 7 5 6 -1 7 6 -1 7 -1 7 5 6 -1 7 5 -1 5 6 -1 3 7 5 6 -1 3 7 -1 2 3 7 -1 2 -1 2 7 -1 7 5 -1 5 -1 7 5 -1 7 -1 1 7 -1 1 7 5 -1 7 5 -1 1 7 5 -1 1 4 7 5 -1 2 5 -1 2 7 5 -1 7 -1 1 7 -1 1 -1 1 7 -1 1 7 6 -1 7 6 -1 1 6 -1 1 7 6 -1 7 -1 7 5 -1 7 5 6 -1 7 6 -1 7 5 6 -1 5 -1 7 5 -1 7 5 6 -1 7 6 -1 6 -1 7 5 6 -1 7 5 -1 1 2 7 5 -1 1 2 -1 7 -1 1 7 -1 1 -1 1 7 -1 7 -1 1 7 -1 7 -1 7 5 -1 7 -1 1 7 -1 7 -1 7 5 -1 7 -1 7 5 -1 7 -1 7 5 -1 7 -1 7 5 -1 7 -1 1 7 -1 1 7 6 -1 1 6 -1 1 7 6 -1 7 -1 7 5 -1 7 -1 1 7 -1 1 7 5 -1 1 -1 1 7 -1 7 -1 7 5 6 -1 1 2 7 5 6 -1 1 7 -1 7 -1 1 7 -1 1 -1 1 5 -1 1 7 -1 7 6 -1 7 5 6 -1 2 7 5 -1 7 6 -1 7 -1 7 6 -1 7 -1 7 6 -1 7 -1 7 6 -1 7 -1 1 7 -1 7 -1 7 6 -1 7 -1 1 7 -1 7 -1 7 6 -1 1 7 -1 7 -1 7 6 -1 7 -1 1 7 -1 7 -1 1 7 -1 7 -1 1 7 -1 1 -1 1 7 6 -1 7 6 -1 7 -1 7 6 -1 7 -1 7 5 -1 7 -1 7 5 -1 1 7 5 -1 1 7 -1 1 -1 1 7 -1 7 -1 7 5 -1 1 7 5 -1 1 7 -1 7 -1 1 7 -1 7 -1 1 7 -1 7 -1 7 5 -1 5 -1 7 5 -1 5 -1 1 5 -1 1 5 6 -1 5 6 -1 7 5 -1 1 2 7 -1 7 6 -1 7 5 6 -1 2 5 -1 7 5 6 -1 7 6 -1 7 -1 7 5 -1 7 -1 1 7 -1 1 -1 1 7 -1 1 7 5 -1 1 7 -1 1 7 5 -1 7 5 -1 1 7 5 -1 1 7 -1 7 -1 7 5 -1 2 7 5 -1 1 2 7 5 -1 1 5 -1 1 -1 1 7 -1 1 -1 1 7 -1 1 -1 1 7 -1 1 7 6 -1 1 5 6 -1 7 5 -1 7 5 6 -1 7 6 -1 7 5 -1 7 -1 7 5 -1 7 -1 1 7 -1 7 5 -1 7 -1 7 5 -1 2 7 -1 7 6 -1 7 -1 7 6 -1 7 5 -1 7 6 -1 7 5 -1 7 5 6 -1 7 -1 7 5 -1 7 -1 7 5 -1 7 -1 7 5 -1 5 -1 7 5 -1 7 -1 7 6 -1 1 7 6 -1 1 7 5 -1 7 5 -1 7 -1 7 6 -1 7 -1 7 5 -1 7 -1 7 5 -1 7 -1 7 5 -1 7 -1 7 5 -1 7 -1 7 5 -1 7 -1 7 5 -1 7 -1 7 6 -1 7 5 6 -1 7 5 -1 7 -1 7 6 -1 7 -1 7 5 -1 7 -1 7 5 -1 7 -1 7 5 -1 7 -1 7 5 -1 7 -1 7 5 -1 7 -1 7 5 -1 7 -1 7 5 -1 7 -1 7 5 -1 7 -1 7 5 -1 5 -1 7 5 -1 5 -1 7 5 -1 7 -1 1 7 -1 7 5 -1 7 -1 7 5 -1 1 7 5 -1 1 7 -1 7 -1 1 7 5 -1 7 5 6 -1 7 -1 7 5 -1 5 -1 7 5 -1 5 -1 7 5 -1 5 -1 7 5 -1 7 5 6 -1 7 5 -1 7 -1 7 5 -1 7 -1 7 5 -1 7 5 6 -1 5 6 -1 1 7 5 6 -1 1 7 5 -1 7 5 -1 5 -1 7 5 -1 1 7 5 -1 1 7 5 6 -1 7 6 -1 7 -1 1 7 -1 7 -1 7 5 -1 5 -1 7 5 -1 1 7 5 -1 1 7 -1 7 5 -1 1 7 5 -1 7 5 -1 7 -1 7 5 -1 7 -1 7 5 -1 7 -1 1 7 -1 7 -1 1 7 -1 7 -1 7 5 -1 7 -1 7 5 -1 1 -1 1 7 5 -1 7 5 -1 5 -1 7 5 -1 1 7 5 -1 7 5 -1 7 -1 7 5 -1 7 -1 7 5 -1 7 6 -1 7 -1 7 6 -1 7 -1 7 6 -1 1 7 -1 7 -1 7 5 -1 7 -1 1 7 -1 7 5 -1 7 -1 7 5 -1 5 -1 7 5 -1 1 7 5 -1 7 5 -1 7 -1 1 7 -1 1 -1 1 7 -1 7 -1 1 7 -1 1 -1 1 7 -1 1 -1 1 7 -1 1 -1 1 7 -1 7 -1 7 5 -1 5 -1 7 5 -1 7 -1 1 7 -1 1 -1 1 7 -1 7 -1 7 5 -1 1 7 5 -1 7 5 -1 1 7 5 -1 7 -1 7 6 -1 7 -1 7 5 -1 7 -1 7 5 -1 7 -1 7 5 -1 7 -1 7 6 -1 7 5 -1 7 -1 7 5 -1 7 -1 7 5 -1 7 -1 7 5 -1 7 -1 2 7 -1 1 2 7 -1 1 -1 1 7 -1 1 -1 1 7 -1 7 -1 7 5 -1 7 -1 7 5 -1 7 -1 7 5 -1 7 5 6 -1 7 6 -1 7 5 6 -1 7 -1 7 5 -1 7 -1 7 5 -1 7 6 -1 7 -1 7 5 -1 1 7 5 -1 7 -1 7 6 -1 7 -1 7 5 -1 7 -1 7 5 -1 7 -1 7 5 -1 7 -1 7 5 -1 7 -1 7 5 -1 7 -1 7 5 -1 7 -1 7 5 -1 7 5 6 -1 7 5 -1 7 -1 1 7 5 -1 1 7 -1 7 -1 7 5 -1 5 -1 7 5 -1 7 -1 7 5 -1 7 -1 7 5 -1 7 -1 7 5 -1 7 -1 7 5 -1 7 5 6 -1 7 6 -1 1 7 6 -1 1 7 -1 7 6 -1 7 -1 7 5 -1 7 -1 7 5 -1 7 -1 7 5 -1 7 -1 7 5 -1 7 -1 7 5 -1 7 -1 7 5 -1 7 -1 7 5 -1 5 -1 7 5 -1 7 -1 7 5 -1 7 -1 1 2 7 -1 1 2 -1 1 -1 1 7 -1 1 -1 1 7 -1 7 5 -1 5 -1 7 5 -1 7 -1 7 5 -1 7 -1 1 7 -1 1 -1 1 7 -1 1 -1 1 7 -1 -2
2 4 7 -1 2 7 5 -1 2 -1 2 7 -1 1 7 -1 7 -1 1 4 7 5 -1 1 2 -1 4 -1 7 -1 2 7 -1 2 4 7 -1 2 7 -1 1 2 7 -1 7 -1 2 7 -1 1 7 -1 1 2 7 -1 1 7 -1 7 -1 2 7 5 -1 2 -1 1 2 -1 1 2 7 -1 1 2 -1 1 -1 1 2 -1 2 -1 2 7 5 -1 2 5 -1 2 -1 1 2 5 -1 1 2 -1 2 -1 1 2 -1 1 2 7 -1 7 -1 1 7 -1 7 -1 1 7 -1 7 -1 7 5 -1 4 7 -1 2 4 7 5 -1 2 7 -1 2 -1 2 7 -1 1 2 7 -1 2 7 -1 7 5 -1 7 -1 2 7 -1 1 2 7 -1 2 7 -1 7 -1 2 -1 1 2 7 -1 1 7 -1 2 7 -1 2 -1 7 -1 2 7 -1 7 -1 1 7 -1 2 7 -1 1 2 7 -1 2 7 -1 2 -1 1 2 7 -1 1 7 -1 1 2 7 -1 1 2 -1 1 2 7 -1 2 -1 2 5 -1 2 -1 2 7 -1 1 2 7 -1 1 7 -1 1 2 7 -1 2 7 -1 1 2 7 -1 1 2 -1 1 2 7 -1 1 2 -1 1 2 7 -1 1 2 -1 1 2 7 -1 1 7 -1 7 -1 1 7 -1 7 -1 1 2 7 -1 1 2 -1 1 2 7 -1 2 7 -1 2 -1 1 2 7 -1 2 7 5 -1 2 7 -1 2 -1 2 7 -1 2 -1 1 2 -1 1 2 7 -1 2 -1 1 2 -1 2 -1 1 2 7 -1 2 7 -1 1 2 7 -1 1 7 -1 1 2 7 -1 1 7 -1 2 7 -1 7 -1 1 7 5 -1 2 7 5 -1 2 7 -1 2 -1 1 2 7 -1 1 7 -1 1 7 5 -1 7 5 -1 7 -1 2 7 -1 7 5 -1 7 -1 7 5 -1 7 -1 2 7 -1 7 -1 7 5 -1 7 -1 7 5 -1 2 7 6 -1 2 7 -1 2 7 5 -1 7 5 -1 7 -1 7 5 -1 7 -1 7 5 -1 2 7 5 -1 2 7 -1 2 7 5 -1 5 -1 5 6 -1 2 6 -1 2 7 6 -1 7 -1 1 7 -1 7 -1 1 7 -1 7 -1 1 7 -1 1 7 5 -1 5 -1 2 5 -1 2 7 -1 7 -1 7 5 -1 2 7 5 -1 7 -1 5 -1 7 5 -1 5 -1 7 5 -1 7 -1 1 2 7 -1 1 7 -1 1 2 7 -1 7 -1 1 7 -1 1 2 7 -1 2 7 -1 1 2 7 -1 2 7 -1 2 7 5 -1 7 5 -1 7 -1 1 2 7 5 -1 2 5 -1 1 2 4 5 -1 5 -1 7 -1 4 -1 5 -1 4 7 5 -1 4 7 -1 7 5 -1 2 7 -1 2 4 7 -1 2 4 -1 5 -1 2 -1 2 5 -1 5 -1 2 7 -1 7 5 -1 5 -1 2 5 -1 2 -1 2 5 -1 2 5 6 -1 7 5 -1 7 -1 2 -1 2 7 -1 1 2 7 -1 2 -1 2 7 -1 7 -1 2 -1 1 2 7 -1 2 7 5 -1 7 5 -1 7 -1 1 7 -1 1 -1 1 7 -1 1 7 6 -1 1 6 -1 1 2 6 -1 2 -1 2 5 -1 5 -1 7 5 -1 2 7 5 -1 7 5 -1 7 -1 7 5 -1 7 -1 7 5 -1 7 -1 7 5 -1 7 -1 7 5 -1 7 -1 2 7 -1 7 5 -1 2 7 5 6 -1 2 7 -1 7 -1 7 5 -1 2 7 -1 7 -1 2 7 -1 7 -1 2 7 -1 7 -1 7 5 -1 7 -1 7 5 -1 7 -1 7 5 -1 7 -1 7 5 -1 7 -1 7 5 -1 7 -1 7 5 -1 7 -1 1 7 -1 7 -1 2 4 7 -1 2 -1 2 5 -1 2 7 5 -1 7 -1 2 7 -1 2 -1 2 7 -1 7 -1 1 2 7 5 -1 2 5 -1 2 4 5 -1 4 -1 7 -1 2 5 -1 2 7 5 -1 7 5 -1 2 7 5 -1 2 5 -1 5 -1 7 -1 7 5 -1 2 7 -1 7 -1 1 7 -1 7 -1 1 7 -1 7 -1 2 7 -1 2 -1 1 2 -1 1 2 7 -1 1 7 -1 7 -1 1 7 -1 7 -1 1 7 -1 7 -1 1 2 7 -1 2 7 -1 7 -1 2 7 -1 1 7 -1 7 -1 1 7 -1 2 7 -1 2 -1 7 -1 2 7 -1 2 4 7 -1 2 7 -1 2 4 -1 1 4 7 -1 1 2 4 7 -1 2 7 -1 7 -1 2 7 -1 1 2 7 -1 1 7 -1 2 -1 1 2 7 -1 7 -1 1 2 7 -1 2 7 5 -1 7 5 -1 2 7 5 -1 2 7 -1 7 5 -1 5 -1 1 2 7 -1 1 7 -1 1 2 7 -1 1 7 -1 1 2 7 -1 2 7 -1 1 2 7 -1 1 7 -1 7 -1 1 7 -1 7 -1 2 7 -1 1 2 7 -1 2 7 -1 7 -1 2 7 -1 2 -1 2 7 5 -1 2 -1 2 7 -1 1 2 -1 2 -1 2 7 -1 2 -1 2 7 -1 1 2 -1 2 -1 1 2 -1 2 -1 1 2 -1 1 2 7 -1 1 2 -1 1 2 7 -1 2 7 -1 1 2 7 -1 1 7 -1 7 -1 2 7 -1 7 -1 2 7 -1 7 -1 2 7 -1 7 -1 2 7 -1 7 -1 2 7 -1 7 -1 2 7 -1 7 -1 1 2 7 -1 2 7 -1 7 -1 2 7 -1 7 -1 2 7 -1 1 2 7 -1 2 7 -1 7 -1 2 7 -1 7 -1 2 7 -1 1 7 -1 2 7 -1 1 2 7 -1 1 7 -1 1 2 7 -1 2 7 -1 1 2 7 -1 7 -1 2 7 -1 1 7 -1 1 2 7 -1 2 -1 1 2 7 -1 2 7 -1 2 -1 1 2 6 -1 2 6 -1 1 2 -1 1 7 -1 1 2 7 -1 1 7 -1 1 2 7 -1 1 2 6 -1 2 6 -1 1 2 7 -1 1 7 -1 1 7 5 -1 1 2 7 5 -1 7 5 -1 1 7 -1 7 5 -1 2 5 -1 2 7 5 -1 2 7 -1 7 -1 2 7 5 -1 7 5 -1 7 -1 7 5 -1 1 7 -1 2 7 -1 7 -1 7 5 -1 1 7 5 -1 5 -1 7 5 -1 7 -1 7 5 -1 5 -1 2 -1 2 7 -1 1 2 -1 1 2 7 -1 1 7 -1 7 -1 1 7 -1 7 -1 1 7 -1 1 2 7 -1 1 2 -1 2 -1 2 5 -1 2 6 -1 2 -1 2 7 -1 2 4 7 6 -1 2 7 6 -1 7 -1 1 7 -1 1 2 7 -1 1 2 -1 2 7 -1 1 2 7 -1 2 7 -1 2 -1 2 7 -1 2 -1 2 7 -1 2 -1 2 7 -1 2 -1 1 2 7 -1 2 7 -1 2 -1 1 2 7 -1 2 7 -1 2 -1 2 7 -1 1 2 7 -1 2 7 -1 1 7 -1 2 7 -1 7 -1 2 7 -1 7 -1 2 -1 2 7 -1 1 2 7 -1 1 2 -1 1 7 -1 1 2 7 -1 1 2 -1 1 2 7 -1 1 7 -1 2 -1 1 2 -1 1 -1 1 2 -1 2 -1 1 2 -1 1 2 7 -1 2 -1 1 2 7 -1 7 -1 2 7 5 -1 2 -1 1 2 -1 2 -1 1 2 -1 1 7 -1 1 2 -1 1 7 -1 1 2 7 5 -1 1 -1 1 7 -1 1 -1 1 2 -1 2 -1 1 2 -1 1 2 5 -1 1 2 -1 1 -1 1 2 -1 2 -1 1 2 7 -1 1 7 -1 1 2 -1 1 2 7 -1 1 7 -1 1 2 7 -1 1 7 -1 1 2 7 -1 1 7 -1 1 2 7 -1 1 2 -1 2 -1 1 2 -1 1 2 7 -1 2 -1 1 2 7 -1 2 7 -1 1 2 7 -1 1 7 -1 1 -1 2 -1 1 2 7 -1 1 2 -1 1 2 7 -1 7 -1 1 7 -1 1 2 7 -1 7 -1 2 -1 1 2 7 -1 2 -1 1 2 -1 1 -1 1 7 -1 2 7 -1 1 2 7 -1 1 2 -1 1 2 7 -1 2 -1 1 2 -1 2 -1 1 2 -1 1 -1 1 2 7 -1 1 2 -1 1 7 -1 1 -1 1 2 -1 1 -1 1 2 7 -1 1 7 -1 1 2 7 -1 2 -1 1 2 -1 1 2 7 -1 2 7 -1 1 2 7 -1 7 -1 1 7 -1 1 2 7 -1 2 -1 1 2 7 -1 1 7 -1 7 -1 1 7 -1 1 2 7 -1 1 7 -1 1 2 7 -1 2 -1 1 2 -1 1 7 -1 1 -1 1 2 -1 2 -1 1 2 -1 2 -1 1 2 -1 1 -1 1 7 -1 1 -1 1 7 -1 7 -1 1 7 -1 1 2 7 -1 1 2 -1 1 -1 1 7 -1 1 2 7 -1 2 -1 1 2 -1 1 -1 1 7 -1 1 2 -1 2 -1 1 2 -1 2 -1 1 2 -1 2 -1 1 2 -1 2 -1 1 2 -1 2 -1 1 2 -1 1 -1 1 2 -1 1 -1 1 2 -1 1 -1 1 2 -1 1 2 7 -1 2 -1 1 -1 1 2 -1 1 -1 1 2 -1 1 -1 1 7 -1 1 -1 2 -1 2 7 -1 2 -1 1 2 -1 2 -1 1 2 -1 1 2 5 -1 1 2 -1 1 5 -1 1 -1 1 5 -1 1 -1 1 7 -1 1 -1 1 2 -1 1 2 7 -1 1 2 -1 1 7 -1 1 7 5 -1 1 7 -1 1 2 -1 1 -1 1 2 -1 2 -1 1 2 -1 1 2 5 -1 2 -1 1 2 -1 1 -1 1 2 -1 1 -1 1 2 -1 1 -1 1 2 -1 1 -1 1 2 -1 2 -1 1 2 -1 2 -1 1 2 -1 1 7 -1 1 2 -1 2 -1 1 2 -1 2 -1 1 2 -1 7 5 -1 1 7 -1 1 2 7 5 -1 1 7 5 -1 7 5 -1 7 -1 1 7 -1 1 2 7 -1 1 2 -1 1 7 -1 1 2 7 -1 1 -1 1 7 -1 1 2 -1 2 -1 1 2 -1 2 -1 1 2 -1 2 -1 1 2 7 -1 2 -1 1 2 7 -1 1 2 -1 2 -1 1 -1 1 2 -1 2 -1 1 2 7 -1 1 7 -1 1 2 7 5 -1 2 -1 1 2 7 -1 1 7 -1 7 -1 1 7 -1 1 2 7 -1 2 -1 1 2 -1 1 2 7 -1 1 7 -1 7 -1 2 -1 1 2 7 -1 1 7 -1 7 -1 1 7 -1 1 2 7 -1 1 2 -1 1 2 7 -1 2 -1 1 2 -1 2 7 -1 1 2 -1 1 7 -1 1 2 7 -1 2 -1 1 2 -1 2 -1 1 2 -1 2 -1 2 5 -1 1 2 7 5 -1 1 2 -1 1 -1 1 2 -1 1 -1 1 2 -1 1 -1 1 2 -1 1 -1 1 2 -1 1 -1 1 2 -1 1 -1 1 2 -1 1 -1 1 2 -1 1 -1 1 2 -1 1 -1 1 2 -1 1 7 -1 2 7 -1 7 5 -1 1 7 -1 7 -1 1 7 -1 1 2 7 -1 2 -1 1 2 -1 1 2 7 -1 1 2 -1 1 -1 1 2 -1 1 -1 1 7 -1 1 -1 1 2 -1 1 -1 1 2 -1 1 7 -1 1 -1 1 7 -1 1 -1 1 7 -1 7 -1 1 7 -1 1 2 7 -1 1 7 -1 7 -1 1 7 -1 7 -1 1 7 -1 7 -1 1 7 -1 7 -1 1 7 -1 7 -1 1 7 -1 1 2 7 5 -1 -2
4 7 -1 1 7 6 -1 1 7 -1 1 4 7 -1 4 7 -1 2 7 -1 7 5 6 -1 7 6 -1 7 5 -1 1 2 4 7 5 -1 1 4 7 -1 7 5 6 -1 7 6 -1 4 7 6 -1 1 7 5 6 -1 7 5 -1 4 7 -1 1 4 7 5 -1 1 7 -1 1 7 5 -1 1 7 -1 1 -1 1 7 -1 1 -1 1 7 -1 1 7 5 -1 1 7 -1 1 -1 1 7 -1 1 -1 1 7 -1 2 4 7 -1 1 2 4 7 -1 1 7 -1 1 7 6 -1 4 7 6 -1 1 7 -1 2 7 -1 7 -1 7 5 -1 1 7 5 -1 1 7 -1 7 5 -1 1 7 5 -1 7 -1 7 5 -1 1 7 5 -1 1 7 -1 1 -1 1 7 -1 1 -1 1 7 -1 1 -1 1 7 -1 1 -1 1 7 -1 1 -1 1 7 -1 1 -1 1 7 -1 1 -1 1 7 -1 1 -1 1 7 -1 1 -1 1 7 -1 1 7 5 -1 1 -1 1 7 -1 1 -1 1 7 -1 1 7 5 -1 1 -1 1 7 -1 1 -1 1 7 -1 1 -1 1 7 -1 1 -1 1 7 -1 1 -1 1 7 -1 1 -1 1 7 -1 1 -1 1 7 -1 1 -1 1 7 -1 1 4 7 -1 1 7 6 -1 1 2 7 -1 1 7 -1 1 2 7 -1 1 7 -1 1 2 7 -1 1 7 -1 1 2 7 -1 1 2 7 5 -1 1 7 -1 1 2 7 -1 1 7 -1 1 2 7 -1 1 7 -1 1 -1 1 7 -1 1 2 7 -1 1 2 4 7 -1 1 2 7 -1 1 7 -1 1 2 7 -1 1 7 -1 1 2 7 -1 1 7 -1 1 2 7 -1 1 4 7 -1 4 7 6 -1 7 6 -1 7 5 6 -1 7 6 -1 7 5 6 -1 7 6 -1 7 5 6 -1 4 7 5 6 -1 7 5 6 -1 1 7 -1 4 7 6 -1 2 4 7 -1 4 7 -1 4 -1 4 7 -1 1 7 -1 1 7 5 -1 7 5 -1 7 -1 7 6 -1 2 4 6 -1 4 6 -1 2 4 6 -1 4 7 6 -1 4 6 -1 2 4 6 -1 2 7 6 -1 7 6 -1 4 7 6 -1 6 -1 4 7 6 -1 6 -1 7 6 -1 1 2 4 7 6 -1 1 2 7 6 -1 1 7 6 -1 1 2 4 7 -1 2 4 7 6 -1 1 2 4 7 6 -1 1 7 6 -1 1 2 4 7 6 -1 1 2 4 7 -1 1 2 7 6 -1 1 7 6 -1 1 2 7 6 -1 2 7 6 -1 1 2 7 6 -1 2 4 7 6 -1 2 7 6 -1 1 2 6 -1 1 2 7 6 -1 2 7 -1 4 7 6 -1 1 2 4 6 -1 1 2 7 6 -1 1 2 6 -1 1 2 7 6 -1 1 2 6 -1 1 2 4 6 -1 1 2 7 6 -1 1 2 6 -1 1 2 7 -1 1 2 -1 1 2 7 -1 1 2 7 6 -1 1 2 6 -1 1 2 7 -1 1 2 7 6 -1 2 7 6 -1 1 2 7 6 -1 2 4 7 6 -1 7 6 -1 4 7 6 -1 4 6 -1 4 7 6 -1 1 4 7 6 -1 4 7 -1 1 7 -1 2 7 -1 7 -1 7 5 -1 7 -1 1 7 -1 1 7 6 -1 1 7 5 6 -1 1 7 5 -1 1 2 7 -1 7 -1 1 7 -1 7 -1 1 7 -1 1 2 7 -1 1 7 -1 7 -1 1 7 -1 7 -1 1 7 -1 1 2 4 7 -1 1 2 7 -1 1 7 -1 1 4 7 -1 1 7 -1 1 7 5 -1 7 5 -1 1 7 5 -1 2 7 5 -1 2 4 7 -1 1 2 4 7 5 -1 1 4 7 5 -1 1 2 4 -1 1 4 7 -1 1 7 -1 7 5 -1 1 7 -1 1 7 5 -1 7 5 6 -1 7 6 -1 7 5 6 -1 7 5 -1 7 5 6 -1 2 4 7 6 -1 7 6 -1 7 -1 2 7 -1 7 -1 1 2 4 7 6 -1 2 4 7 6 -1 1 7 6 -1 1 7 -1 7 -1 7 5 -1 7 -1 7 5 -1 7 -1 7 5 -1 2 4 7 5 6 -1 2 4 6 -1 2 4 7 6 -1 2 7 6 -1 7 5 -1 4 7 -1 2 7 -1 7 -1 7 6 -1 7 -1 7 5 -1 7 5 6 -1 1 7 5 -1 7 5 6 -1 1 7 6 -1 7 5 6 -1 5 6 -1 7 5 6 -1 1 7 -1 7 -1 7 5 -1 7 6 -1 1 7 -1 4 7 -1 2 4 7 6 -1 1 2 4 6 -1 1 2 6 -1 7 6 -1 1 2 4 7 6 -1 2 7 6 -1 1 7 6 -1 7 -1 4 7 6 -1 7 6 -1 7 -1 7 6 -1 4 7 6 -1 4 6 -1 6 -1 4 6 -1 6 -1 4 6 -1 4 7 6 -1 7 6 -1 6 -1 2 4 6 -1 4 7 6 -1 4 6 -1 2 4 6 -1 2 4 7 6 -1 2 4 6 -1 2 4 7 6 -1 4 7 6 -1 2 7 6 -1 2 4 7 6 -1 4 7 6 -1 1 2 7 -1 7 -1 1 7 -1 1 -1 1 7 -1 1 -1 1 7 -1 1 2 4 7 -1 1 4 7 -1 7 5 -1 1 4 7 -1 4 7 6 -1 1 4 7 6 -1 4 7 6 -1 4 7 5 6 -1 7 6 -1 4 7 6 -1 4 7 5 6 -1 7 5 -1 7 5 6 -1 7 6 -1 7 5 6 -1 4 7 6 -1 2 4 7 6 -1 1 2 4 7 6 -1 1 2 7 -1 1 7 5 -1 1 7 -1 1 -1 1 6 -1 1 -1 1 7 -1 1 7 6 -1 7 5 6 -1 4 7 5 -1 4 7 -1 1 4 7 -1 1 7 -1 1 7 6 -1 4 7 6 -1 1 7 -1 1 7 5 -1 7 5 -1 7 -1 7 6 -1 7 -1 7 6 -1 7 -1 7 6 -1 7 -1 7 6 -1 7 -1 7 6 -1 7 -1 7 6 -1 7 -1 1 7 -1 7 -1 1 7 -1 7 -1 1 7 -1 7 -1 1 7 -1 7 -1 1 7 -1 7 -1 1 7 -1 1 2 4 7 6 -1 2 4 7 6 -1 7 5 6 -1 4 7 5 6 -1 4 7 5 -1 7 5 -1 1 2 6 -1 1 7 -1 7 -1 1 7 5 -1 7 5 -1 1 7 5 -1 1 7 -1 2 7 -1 7 -1 7 6 -1 7 -1 7 5 -1 7 6 -1 2 7 -1 7 6 -1 1 4 7 6 -1 1 4 7 -1 1 7 6 -1 1 2 7 -1 1 2 4 7 -1 2 4 7 -1 1 2 4 7 -1 4 7 5 -1 1 7 -1 1 -1 1 7 -1 1 -1 1 7 -1 4 7 5 -1 1 7 -1 1 4 7 -1 1 2 4 -1 1 4 7 -1 1 2 4 7 -1 1 4 6 -1 1 2 4 7 6 -1 1 2 4 7 -1 1 4 -1 4 -1 1 2 4 6 -1 4 7 -1 1 4 7 5 -1 1 7 5 -1 1 7 -1 1 7 5 -1 1 7 -1 1 7 5 -1 7 5 -1 1 7 -1 1 7 5 -1 7 -1 4 7 -1 7 5 -1 4 7 5 -1 4 7 -1 4 7 6 -1 7 5 6 -1 4 7 6 -1 4 7 -1 4 7 5 -1 2 4 7 -1 4 7 6 -1 4 7 5 -1 4 7 6 -1 2 4 -1 1 2 4 7 -1 4 7 -1 7 5 6 -1 4 7 -1 4 7 6 -1 1 4 7 -1 4 7 6 -1 4 7 -1 2 4 7 -1 1 4 7 -1 4 7 -1 2 4 7 -1 1 2 4 -1 1 4 7 -1 4 7 -1 1 4 7 -1 4 7 -1 1 4 7 -1 4 7 -1 1 4 7 -1 1 4 -1 1 4 7 -1 1 7 6 -1 4 7 5 6 -1 4 7 -1 1 4 7 -1 1 7 -1 1 4 7 -1 1 7 -1 4 7 6 -1 1 2 4 7 6 -1 2 4 7 -1 4 7 -1 2 4 7 6 -1 1 4 6 -1 1 7 -1 1 -1 1 7 -1 1 2 7 -1 1 7 -1 1 -1 1 7 -1 1 -1 1 7 -1 1 7 6 -1 1 -1 1 7 -1 1 -1 1 7 -1 1 -1 1 7 -1 1 -1 1 7 -1 1 2 7 -1 7 -1 1 -1 1 7 -1 1 -1 1 7 -1 1 -1 1 7 -1 1 -1 1 7 -1 1 -1 1 7 -1 1 7 5 6 -1 1 7 -1 1 4 7 -1 1 7 -1 1 -1 1 7 -1 7 -1 1 7 -1 1 -1 1 7 -1 1 -1 1 6 -1 1 -1 1 7 -1 1 -1 1 7 -1 1 -1 1 7 -1 1 -1 1 7 -1 1 -1 1 7 -1 1 -1 1 7 -1 1 -1 1 7 -1 1 -1 1 7 -1 1 -1 1 7 -1 1 -1 1 7 -1 1 -1 1 7 -1 1 -1 1 7 -1 1 -1 1 7 -1 1 4 7 -1 1 2 4 7 -1 7 -1 1 7 -1 1 2 7 6 -1 2 7 6 -1 1 7 -1 1 2 7 -1 1 7 -1 7 -1 2 7 5 -1 7 5 -1 2 7 5 -1 7 5 -1 2 7 5 -1 7 5 -1 2 7 5 -1 7 5 -1 2 7 5 -1 7 5 -1 2 7 5 -1 2 7 5 6 -1 2 7 5 -1 2 7 -1 7 -1 7 5 -1 7 -1 7 5 -1 2 7 5 -1 7 5 -1 2 7 5 -1 7 5 -1 1 7 5 -1 7 5 -1 1 7 -1 1 7 5 -1 7 5 -1 1 7 5 -1 1 7 -1 1 -1 1 2 7 -1 1 7 5 -1 1 7 -1 1 2 7 -1 1 7 -1 1 2 7 -1 1 7 -1 1 7 6 -1 1 7 -1 1 2 7 -1 1 7 -1 1 7 5 -1 1 7 -1 1 7 5 -1 1 5 -1 1 7 5 -1 1 5 -1 1 7 5 -1 7 -1 1 2 7 -1 1 7 -1 1 -1 1 7 -1 1 -1 1 7 -1 1 -1 1 7 -1 1 2 -1 1 7 -1 7 -1 1 7 -1 1 2 7 -1 1 7 -1 1 2 7 -1 1 7 -1 1 4 7 -1 1 -1 1 7 -1 1 -1 1 2 7 -1 1 7 -1 1 -1 1 2 7 -1 1 7 -1 1 -1 1 7 -1 1 -1 1 7 -1 1 -1 1 7 -1 1 -1 1 7 -1 1 -1 1 7 -1 1 -1 1 7 -1 1 -1 1 7 -1 1 -1 1 7 -1 1 -1 1 7 -1 1 2 7 -1 1 7 -1 1 -1 1 7 -1 1 -1 1 7 -1 1 -1 1 7 -1 1 -1 1 7 -1 1 -1 1 7 -1 1 -1 1 7 -1 1 -1 1 7 -1 1 2 7 -1 1 7 -1 1 -1 1 7 -1 1 -1 1 7 -1 1 -1 1 7 -1 1 7 5 -1 1 7 -1 1 -1 1 7 -1 1 7 6 -1 1 -1 1 6 -1 1 -1 1 7 -1 1 -1 1 7 -1 1 -1 1 7 -1 1 -1 1 7 6 -1 1 7 -1 1 -1 1 7 -1 1 -1 1 7 -1 1 -1 1 6 -1 1 7 6 -1 1 6 -1 1 7 -1 1 -1 1 7 -1 1 -1 1 7 -1 1 -1 1 7 -1 1 -1 1 6 -1 1 -1 1 6 -1 1 -1 1 7 6 -1 1 6 -1 1 7 6 -1 1 6 -1 1 -1 1 7 -1 1 -1 1 6 -1 1 7 6 -1 1 6 -1 1 -1 1 6 -1 1 -1 1 7 -1 1 -1 1 7 -1 1 -1 1 7 -1 1 -1 1 7 -1 1 -1 1 7 -1 1 -1 1 7 -1 1 -1 1 7 -1 1 -1 1 7 -1 1 -1 1 7 -1 1 -1 1 7 -1 1 -1 1 7 -1 1 -1 1 7 -1 1 -1 1 7 -1 1 -1 1 7 -1 7 -1 1 7 -1 1 -1 1 5 -1 1 -1 1 7 -1 1 -1 1 6 -1 1 -1 1 7 -1 1 -1 1 7 -1 1 -1 1 7 -1 1 -1 1 7 -1 1 -1 1 7 6 -1 1 7 -1 1 -1 1 5 -1 1 -1 1 7 -1 1 -1 1 7 -1 1 -1 1 7 -1 1 -1 1 7 -1 1 2 7 -1 1 7 -1 1 2 7 -1 1 -1 1 7 -1 1 -1 1 7 -1 1 -1 1 7 -1 1 -1 1 7 -1 1 -1 1 6 -1 1 -1 1 7 -1 1 -1 1 7 -1 1 -1 1 7 -1 1 -1 1 7 -1 -2
4 7 6 -1 7 5 6 -1 1 7 6 -1 7 -1 1 7 6 -1 1 2 7 -1 1 7 -1 1 -1 1 2 7 -1 1 7 -1 1 -1 1 2 7 -1 1 7 5 -1 1 7 -1 1 -1 1 7 6 -1 7 6 -1 7 5 6 -1 7 5 -1 7 6 -1 7 5 6 -1 7 -1 7 5 -1 7 -1 7 6 -1 7 -1 7 5 -1 7 -1 7 5 -1 3 7 5 6 -1 4 7 6 -1 7 5 6 -1 2 7 -1 1 7 -1 1 2 7 -1 7 -1 7 6 -1 7 -1 7 5 -1 7 -1 7 5 -1 7 6 -1 7 -1 7 6 -1 7 -1 7 5 -1 7 -1 7 5 -1 7 -1 7 5 -1 7 -1 7 5 -1 7 -1 1 7 -1 7 -1 7 6 -1 7 -1 7 6 -1 7 -1 7 5 -1 7 -1 7 6 -1 7 5 6 -1 7 5 -1 7 5 6 -1 7 -1 7 5 -1 7 -1 7 5 -1 7 -1 7 5 -1 7 -1 7 5 -1 7 -1 7 5 -1 7 -1 7 5 -1 7 5 6 -1 7 6 -1 7 -1 7 5 -1 7 -1 7 5 -1 7 5 6 -1 7 6 -1 7 -1 1 7 -1 1 7 6 -1 6 -1 4 7 6 -1 4 7 -1 7 -1 3 7 -1 3 -1 3 7 -1 7 6 -1 7 -1 7 6 -1 7 5 -1 7 -1 1 7 -1 1 7 6 -1 7 6 -1 6 -1 7 6 -1 7 -1 7 6 -1 2 7 6 -1 2 6 -1 2 7 6 -1 7 6 -1 7 5 -1 1 3 7 6 -1 1 7 6 -1 1 7 -1 7 -1 7 5 6 -1 5 6 -1 7 5 6 -1 7 5 -1 2 7 5 -1 2 6 -1 2 7 6 -1 7 -1 2 5 -1 2 7 5 -1 7 -1 7 5 6 -1 6 -1 3 7 6 -1 3 7 -1 7 -1 2 7 5 -1 2 5 -1 2 7 5 -1 7 5 -1 7 5 6 -1 6 -1 3 6 -1 6 -1 5 6 -1 5 -1 5 6 -1 6 -1 7 6 -1 6 -1 7 6 -1 7 -1 7 6 -1 2 7 6 -1 2 7 -1 1 2 7 -1 1 2 -1 1 2 6 -1 6 -1 1 7 6 -1 1 7 -1 1 2 7 -1 1 2 -1 1 2 7 -1 2 7 -1 1 2 7 -1 1 7 -1 1 7 6 -1 6 -1 7 5 6 -1 7 5 -1 1 4 7 5 -1 7 -1 2 7 -1 1 2 7 -1 1 -1 1 2 -1 2 -1 2 5 -1 5 -1 1 5 -1 1 7 -1 1 -1 1 7 -1 1 2 7 -1 2 7 -1 1 2 7 -1 1 -1 1 7 -1 7 -1 4 7 6 -1 1 2 4 6 -1 1 2 -1 1 2 7 -1 1 2 7 5 -1 5 -1 1 5 -1 1 7 5 -1 1 7 -1 1 7 5 -1 5 -1 7 5 -1 5 -1 7 5 -1 7 -1 1 7 -1 1 -1 1 2 -1 1 2 7 -1 1 2 7 6 -1 2 -1 1 2 -1 2 6 -1 6 -1 7 6 -1 7 5 6 -1 7 5 -1 7 -1 1 2 7 5 -1 2 7 -1 7 -1 7 5 -1 1 7 -1 7 -1 1 7 -1 7 -1 7 5 -1 7 5 6 -1 7 5 -1 7 -1 7 6 -1 7 -1 7 5 -1 7 6 -1 7 5 6 -1 4 7 6 -1 7 6 -1 6 -1 7 6 -1 7 5 6 -1 7 5 -1 7 -1 7 5 6 -1 7 5 -1 5 -1 7 5 -1 2 7 5 -1 7 5 -1 7 5 6 -1 7 6 -1 7 5 -1 1 7 -1 7 -1 7 5 -1 5 -1 7 5 -1 7 -1 1 7 -1 1 4 7 -1 2 7 5 -1 7 5 6 -1 7 6 -1 7 5 6 -1 7 5 -1 7 5 6 -1 7 5 -1 2 3 5 6 -1 2 3 6 -1 5 6 -1 7 5 -1 2 7 5 -1 2 7 -1 2 7 5 -1 7 5 -1 5 -1 7 5 -1 1 7 5 -1 1 7 -1 1 -1 1 6 -1 6 -1 3 7 6 -1 1 7 5 -1 1 5 -1 2 7 5 -1 7 -1 2 7 -1 1 7 -1 1 -1 1 7 -1 1 7 6 -1 7 6 -1 6 -1 2 5 6 -1 2 5 -1 2 5 6 -1 6 -1 7 6 -1 7 -1 7 5 -1 7 5 6 -1 2 7 5 -1 1 2 7 5 -1 2 7 5 -1 7 -1 1 7 -1 7 -1 2 7 -1 2 7 5 -1 1 7 5 -1 7 -1 2 7 -1 1 7 -1 7 -1 7 6 -1 6 -1 7 6 -1 7 5 -1 1 7 -1 7 -1 2 7 6 -1 2 7 5 -1 1 2 5 -1 1 5 -1 1 7 -1 2 7 5 6 -1 6 -1 1 7 -1 7 -1 1 7 -1 7 -1 1 7 -1 7 -1 7 5 -1 7 -1 1 7 -1 2 7 -1 1 2 7 -1 1 7 -1 7 -1 7 5 -1 7 -1 7 6 -1 2 7 6 -1 2 5 -1 2 7 5 -1 7 -1 7 6 -1 1 7 -1 1 4 7 -1 7 -1 2 7 -1 1 2 7 -1 1 7 -1 7 -1 2 7 -1 2 7 5 6 -1 7 5 -1 7 -1 1 7 -1 1 7 5 -1 1 7 -1 7 5 -1 1 7 5 -1 7 -1 1 7 -1 7 -1 7 5 -1 7 -1 7 6 -1 7 5 6 -1 7 -1 7 5 -1 7 -1 7 5 -1 1 7 -1 7 -1 1 7 -1 7 -1 7 5 -1 1 7 5 -1 7 5 -1 7 -1 1 7 -1 7 -1 1 7 -1 7 -1 1 7 -1 1 -1 1 7 -1 1 -1 1 7 -1 7 -1 1 7 -1 1 -1 1 7 -1 7 -1 7 5 -1 7 -1 7 5 -1 7 -1 7 5 -1 7 -1 1 7 -1 1 -1 1 7 -1 1 -1 1 7 -1 1 -1 1 7 -1 7 -1 1 7 -1 7 -1 7 5 -1 5 -1 7 5 6 -1 7 5 -1 1 7 -1 7 5 -1 7 6 -1 6 -1 7 5 6 -1 2 7 5 6 -1 2 5 -1 5 -1 7 5 -1 7 6 -1 7 -1 7 6 -1 1 4 7 -1 1 -1 1 7 6 -1 7 6 -1 7 5 6 -1 7 5 -1 3 7 -1 1 3 7 -1 1 -1 1 7 -1 1 -1 1 7 5 -1 1 7 -1 1 -1 1 7 5 -1 1 7 -1 1 -1 1 7 -1 1 7 5 -1 1 7 -1 1 2 7 -1 1 2 -1 1 7 -1 1 2 7 -1 2 -1 1 2 -1 1 2 7 -1 2 7 -1 1 7 -1 1 7 6 -1 5 6 -1 7 5 6 -1 7 6 -1 7 5 -1 5 -1 7 5 -1 7 -1 7 5 -1 5 -1 7 5 -1 7 6 -1 7 -1 7 5 -1 7 5 6 -1 7 6 -1 7 5 -1 7 6 -1 7 -1 7 6 -1 7 -1 7 6 -1 7 -1 7 5 -1 7 -1 7 5 -1 7 -1 7 6 -1 7 -1 7 6 -1 7 -1 7 6 -1 7 -1 7 5 -1 7 -1 7 6 -1 7 -1 7 5 -1 7 -1 7 5 -1 7 -1 7 6 -1 7 -1 7 5 -1 7 -1 7 6 -1 7 -1 7 6 -1 7 -1 7 5 -1 7 -1 7 5 -1 7 -1 7 5 -1 7 -1 7 6 -1 7 -1 7 6 -1 7 -1 7 6 -1 7 -1 7 6 -1 1 7 6 -1 1 7 -1 7 -1 7 5 -1 7 -1 7 5 -1 7 -1 1 7 6 -1 7 -1 1 7 -1 7 6 -1 7 -1 7 5 -1 7 -1 7 5 -1 7 -1 7 6 -1 7 5 6 -1 7 -1 7 5 -1 7 -1 7 5 -1 7 -1 7 5 -1 5 -1 7 5 -1 7 6 -1 7 5 6 -1 7 5 -1 7 -1 1 7 -1 7 -1 1 7 -1 1 -1 1 7 -1 1 -1 1 7 -1 7 -1 7 5 -1 7 -1 7 5 -1 7 -1 7 5 -1 7 -1 7 5 -1 7 5 6 -1 7 6 -1 1 7 6 -1 1 7 5 -1 7 -1 7 5 -1 7 -1 1 7 -1 7 -1 7 5 -1 7 -1 7 5 -1 5 -1 7 5 -1 7 -1 7 5 -1 1 7 -1 7 -1 7 5 -1 7 -1 7 5 -1 7 -1 7 5 -1 7 -1 7 5 -1 7 -1 7 5 -1 7 -1 7 5 -1 7 -1 7 5 -1 7 -1 7 5 -1 7 -1 7 5 -1 7 -1 7 5 -1 7 -1 7 5 -1 7 -1 1 7 -1 7 -1 1 7 -1 7 -1 1 7 -1 7 -1 7 6 -1 7 -1 1 7 -1 7 -1 7 6 -1 7 -1 1 7 -1 7 -1 1 7 -1 7 -1 1 7 -1 7 -1 1 7 -1 7 -1 1 7 -1 7 -1 1 7 -1 7 -1 7 5 -1 3 5 -1 7 5 -1 7 -1 1 7 -1 7 -1 1 7 -1 7 -1 1 7 -1 7 -1 7 5 -1 7 -1 7 5 -1 7 -1 7 6 -1 1 7 -1 7 -1 7 6 -1 7 -1 7 6 -1 7 5 -1 7 -1 7 5 -1 7 -1 1 7 -1 7 -1 1 7 -1 7 -1 7 5 -1 7 -1 7 5 -1 7 -1 7 6 -1 7 -1 7 6 -1 7 5 6 -1 7 5 -1 7 -1 7 6 -1 7 -1 7 5 -1 7 -1 2 7 -1 1 2 7 -1 1 7 -1 7 -1 7 6 -1 7 5 -1 7 -1 7 5 -1 7 -1 7 5 -1 7 -1 7 5 -1 7 -1 1 7 -1 1 -1 1 7 -1 1 -1 1 7 -1 1 -1 1 7 -1 1 -1 1 7 -1 1 -1 1 7 -1 1 -1 1 7 -1 1 -1 1 7 -1 1 -1 1 7 -1 1 -1 1 7 -1 -2
2 4 7 -1 2 7 5 -1 2 5 -1 2 7 -1 4 7 -1 7 -1 4 7 -1 1 7 -1 2 7 -1 4 7 -1 1 4 7 -1 1 4 7 5 -1 1 2 4 7 -1 1 -1 1 7 -1 7 -1 1 7 -1 2 7 -1 7 5 -1 7 -1 2 7 5 -1 7 -1 2 7 -1 7 -1 1 2 7 -1 1 7 -1 1 2 7 -1 1 7 -1 7 -1 2 7 -1 7 -1 7 5 -1 2 5 -1 2 7 -1 1 7 -1 7 -1 7 5 -1 1 2 7 -1 1 7 -1 7 -1 7 5 -1 7 -1 7 5 -1 2 4 7 -1 7 5 6 -1 2 7 5 6 -1 2 5 -1 7 -1 7 5 -1 2 7 -1 7 -1 7 5 -1 7 -1 7 5 -1 2 7 -1 7 5 -1 2 7 -1 7 -1 7 5 -1 2 7 -1 1 7 -1 1 2 7 -1 2 -1 2 7 -1 7 5 -1 2 7 -1 1 7 -1 2 7 -1 2 -1 2 7 -1 1 7 -1 7 5 -1 1 7 5 -1 7 5 -1 7 -1 7 5 -1 1 2 7 -1 1 7 -1 7 -1 7 5 -1 7 -1 7 5 -1 7 -1 7 5 -1 7 -1 7 5 -1 7 -1 7 5 -1 2 7 -1 7 5 -1 2 7 -1 7 -1 2 7 5 -1 1 2 7 5 -1 1 7 5 -1 7 5 -1 7 -1 1 2 7 5 -1 7 -1 7 5 -1 7 -1 1 7 -1 7 -1 1 7 -1 1 7 5 -1 7 -1 1 7 -1 7 -1 1 7 -1 7 -1 7 5 -1 7 -1 7 5 -1 7 -1 7 5 -1 7 -1 7 5 -1 7 -1 7 5 -1 2 7 -1 2 7 6 -1 2 7 -1 7 5 -1 5 -1 2 5 -1 2 -1 2 7 -1 7 -1 7 5 -1 1 7 -1 1 7 6 -1 1 2 7 5 6 -1 2 7 5 -1 7 5 -1 2 7 5 -1 2 5 -1 2 4 5 -1 2 -1 2 7 -1 7 -1 7 5 -1 7 -1 7 5 -1 5 -1 7 5 -1 1 7 5 -1 7 5 -1 1 7 5 -1 7 5 -1 1 7 5 -1 1 7 -1 1 7 5 -1 7 5 -1 1 7 5 -1 7 5 -1 2 7 -1 2 7 5 -1 7 5 -1 1 7 -1 2 5 -1 2 7 5 6 -1 2 6 -1 2 -1 1 2 5 -1 1 5 -1 5 -1 7 5 -1 7 -1 5 -1 7 -1 1 7 -1 2 5 -1 5 -1 7 5 -1 7 -1 2 7 -1 2 -1 2 5 6 -1 5 6 -1 5 -1 7 5 -1 7 -1 1 7 -1 7 -1 1 7 5 -1 1 7 -1 7 5 -1 1 7 -1 7 -1 1 7 -1 1 2 7 -1 2 7 -1 7 -1 2 7 -1 2 7 5 -1 7 5 -1 7 -1 7 5 -1 7 -1 7 5 -1 2 7 5 -1 7 5 -1 1 7 5 -1 1 7 -1 1 7 5 -1 7 5 -1 7 -1 7 5 -1 7 -1 7 5 -1 7 -1 7 5 -1 7 -1 7 5 -1 7 -1 7 5 -1 7 -1 7 5 -1 7 -1 7 5 -1 7 -1 7 5 -1 7 -1 7 5 -1 7 -1 1 7 -1 7 -1 2 7 -1 1 2 7 -1 2 7 -1 1 2 7 -1 7 5 -1 2 5 -1 2 7 5 -1 7 5 -1 7 -1 2 7 -1 1 2 7 -1 7 -1 2 7 -1 2 -1 2 5 -1 1 7 5 -1 7 5 -1 7 -1 7 5 -1 2 5 -1 2 7 5 -1 7 5 -1 5 -1 7 5 -1 5 -1 7 5 -1 5 -1 7 5 -1 7 -1 7 5 -1 7 -1 2 -1 2 7 -1 7 -1 7 5 -1 7 -1 7 5 -1 7 -1 1 7 -1 7 -1 1 7 -1 7 -1 2 7 -1 2 7 5 -1 2 7 -1 2 4 7 5 -1 2 4 7 -1 7 -1 7 5 -1 2 7 6 -1 7 6 -1 7 -1 1 7 5 -1 7 -1 7 5 -1 7 -1 7 5 -1 7 -1 7 5 -1 7 -1 7 5 -1 1 7 -1 1 7 5 -1 5 -1 2 7 -1 1 7 5 -1 7 -1 7 5 -1 7 -1 7 5 -1 7 -1 2 7 -1 7 -1 1 2 7 -1 2 7 -1 1 7 -1 1 2 7 -1 1 7 -1 2 7 -1 1 7 -1 1 2 7 -1 2 7 -1 1 2 7 -1 2 7 -1 1 2 7 -1 1 7 -1 1 2 7 -1 7 -1 1 7 -1 7 -1 1 7 -1 7 -1 1 7 -1 7 -1 1 7 -1 7 -1 1 7 -1 7 -1 1 7 -1 7 -1 7 5 -1 7 -1 7 5 -1 7 -1 7 5 -1 7 -1 7 5 -1 2 7 -1 2 5 -1 1 2 7 5 -1 2 7 5 -1 1 2 7 -1 1 2 -1 2 6 -1 2 5 6 -1 5 6 -1 6 -1 2 6 -1 2 5 -1 1 2 5 -1 7 5 -1 7 -1 1 2 7 6 -1 2 7 6 -1 7 -1 1 7 5 -1 7 5 -1 7 -1 7 5 -1 7 -1 7 5 -1 2 -1 2 7 -1 1 7 -1 7 5 -1 7 -1 7 5 -1 7 -1 1 7 -1 1 -1 1 2 7 -1 2 -1 2 5 -1 2 -1 2 5 -1 2 -1 2 7 -1 7 -1 7 6 -1 7 -1 7 5 -1 7 -1 7 5 -1 7 -1 2 7 -1 2 -1 2 7 -1 2 -1 1 2 -1 1 2 7 -1 1 2 -1 2 7 -1 1 2 -1 2 -1 2 7 -1 1 2 7 -1 2 7 -1 1 2 7 -1 2 7 -1 1 2 7 -1 1 7 -1 7 -1 2 7 -1 7 -1 2 7 -1 1 7 -1 1 2 7 -1 1 7 -1 7 -1 1 7 -1 7 -1 1 2 7 -1 1 7 -1 7 -1 1 7 -1 7 5 -1 1 2 7 -1 1 7 -1 7 -1 1 7 -1 7 -1 1 2 7 -1 1 7 -1 1 2 7 -1 7 -1 1 7 -1 7 -1 1 7 -1 7 -1 2 7 -1 7 -1 1 2 7 -1 1 2 -1 1 7 -1 1 2 -1 1 -1 1 7 -1 7 -1 1 7 -1 1 -1 1 7 -1 1 7 5 -1 1 -1 1 7 -1 1 7 5 -1 1 7 -1 1 7 5 -1 7 -1 1 7 5 -1 1 7 -1 7 -1 7 5 -1 1 7 5 -1 7 5 -1 1 7 -1 7 -1 7 5 -1 1 7 -1 7 -1 1 7 -1 2 7 -1 7 -1 1 7 -1 7 -1 1 7 -1 7 -1 1 7 -1 7 -1 1 7 -1 7 -1 1 7 -1 7 -1 1 2 7 -1 2 -1 2 7 -1 1 2 7 -1 1 2 -1 1 2 7 -1 1 7 -1 1 -1 1 2 -1 1 2 7 -1 7 -1 1 7 -1 2 7 -1 1 2 7 -1 1 2 -1 1 -1 1 7 -1 7 5 -1 2 -1 1 2 -1 1 -1 1 2 -1 1 2 7 -1 1 -1 1 7 -1 1 -1 1 2 -1 1 7 -1 7 -1 1 7 -1 7 -1 1 7 -1 7 -1 1 7 -1 7 -1 1 7 -1 7 -1 1 7 -1 1 7 5 -1 7 -1 1 7 -1 7 -1 2 7 -1 7 5 -1 5 -1 2 5 -1 2 7 -1 7 -1 1 2 7 -1 1 7 -1 7 5 -1 7 -1 7 5 -1 7 -1 1 7 -1 1 2 7 -1 1 2 -1 2 -1 1 2 -1 1 7 -1 7 5 -1 1 7 -1 1 2 -1 1 2 7 -1 7 -1 1 2 7 -1 2 -1 1 7 -1 2 7 -1 1 2 7 -1 7 -1 7 5 -1 7 -1 1 7 -1 7 -1 1 7 -1 7 -1 1 2 7 -1 1 7 -1 2 -1 1 2 -1 1 7 -1 1 2 7 -1 7 -1 1 7 -1 7 -1 2 -1 1 2 7 -1 7 -1 2 4 7 -1 1 2 5 -1 1 7 -1 7 -1 7 5 -1 7 -1 7 5 -1 7 -1 7 5 -1 7 -1 1 7 -1 1 2 7 -1 7 -1 1 7 -1 7 -1 1 7 -1 7 -1 1 7 -1 1 -1 1 2 -1 1 -1 1 7 -1 7 -1 1 7 -1 7 -1 7 5 -1 7 -1 1 7 -1 7 -1 1 7 -1 7 -1 1 7 -1 1 -1 1 7 -1 1 -1 1 2 -1 2 -1 1 2 7 -1 1 7 -1 1 7 5 -1 7 -1 1 7 -1 1 -1 1 7 -1 1 2 -1 1 -1 1 7 -1 2 -1 1 2 7 -1 1 -1 1 7 -1 1 2 7 -1 1 7 -1 1 2 7 -1 1 7 -1 7 -1 1 7 -1 7 -1 7 5 -1 7 -1 1 7 -1 7 -1 1 7 -1 7 -1 1 7 -1 7 -1 7 5 -1 7 -1 7 5 -1 1 2 7 -1 1 7 -1 1 2 7 -1 1 7 -1 7 -1 1 7 -1 7 5 -1 7 -1 7 5 -1 1 7 -1 7 5 -1 7 -1 7 5 -1 1 7 -1 7 5 -1 7 -1 7 5 -1 1 2 7 5 -1 1 2 -1 1 2 7 -1 7 -1 1 7 -1 1 -1 1 7 -1 7 -1 1 7 -1 7 -1 1 7 -1 1 2 -1 1 7 -1 1 -1 1 7 -1 7 -1 1 7 -1 7 -1 1 2 7 -1 2 7 -1 1 7 -1 1 7 5 -1 1 2 7 -1 1 7 -1 1 -1 1 5 -1 1 -1 1 7 -1 1 -1 1 7 -1 1 -1 1 7 -1 7 -1 2 7 -1 1 2 7 -1 7 -1 7 5 -1 7 -1 7 5 -1 2 7 5 -1 7 5 -1 7 -1 7 5 -1 1 7 -1 7 5 -1 7 -1 1 2 7 -1 1 7 -1 7 -1 7 5 -1 1 2 7 5 -1 1 2 -1 2 -1 1 2 -1 2 7 -1 1 2 7 5 -1 1 7 -1 1 -1 1 7 -1 7 -1 1 7 -1 7 -1 1 7 -1 1 -1 1 7 -1 7 -1 1 7 -1 7 -1 7 5 -1 1 7 -1 7 -1 1 7 -1 7 -1 1 7 -1 7 -1 1 7 -1 7 -1 1 7 -1 7 -1 7 5 -1 2 7 -1 7 -1 7 5 -1 7 -1 7 5 -1 7 -1 7 5 -1 7 -1 7 5 -1 7 -1 7 5 -1 7 -1 7 5 -1 7 -1 7 5 -1 7 -1 7 5 -1 7 -1 7 5 -1 -2
4 7 -1 1 7 -1 1 7 6 -1 1 7 -1 7 -1 4 7 -1 1 4 7 -1 1 7 5 -1 1 7 -1 7 -1 1 7 -1 7 6 -1 1 7 -1 7 -1 1 7 -1 7 -1 1 7 -1 7 -1 1 7 -1 7 -1 1 7 -1 7 -1 1 7 -1 7 -1 1 7 5 -1 2 4 7 -1 4 7 6 -1 7 6 -1 7 -1 7 6 -1 7 5 -1 7 -1 1 7 -1 7 5 6 -1 2 7 6 -1 4 7 6 -1 1 7 -1 7 -1 1 2 7 -1 1 7 -1 1 2 7 -1 2 7 -1 4 7 -1 1 4 7 -1 1 7 -1 7 -1 1 7 -1 1 7 5 -1 1 7 -1 7 -1 1 7 -1 7 -1 1 7 -1 7 -1 1 7 -1 1 2 7 -1 1 7 -1 7 -1 1 7 -1 7 -1 1 7 -1 1 7 5 -1 7 -1 1 7 -1 1 7 5 -1 7 -1 1 7 -1 1 7 5 -1 7 -1 7 5 -1 1 7 -1 1 7 5 -1 7 5 -1 7 -1 1 7 -1 7 -1 1 7 -1 7 -1 1 7 -1 7 -1 1 7 -1 7 -1 1 7 -1 7 -1 2 7 -1 1 2 7 -1 1 7 6 -1 1 7 -1 2 7 6 -1 7 6 -1 2 7 6 -1 7 6 -1 2 7 6 -1 2 7 -1 2 7 6 -1 2 4 7 -1 7 5 -1 7 -1 7 5 -1 7 -1 7 5 -1 7 -1 7 5 -1 1 7 -1 7 -1 1 7 -1 7 -1 1 7 -1 1 2 7 -1 1 7 -1 1 2 7 -1 7 -1 1 7 -1 7 -1 1 2 7 -1 1 7 -1 1 2 7 -1 1 7 -1 1 7 6 -1 1 2 7 -1 1 2 4 7 6 -1 2 7 6 -1 7 -1 4 -1 2 4 -1 4 7 -1 4 -1 4 6 -1 4 -1 2 4 -1 4 -1 4 6 -1 7 -1 7 6 -1 2 7 -1 2 4 7 -1 4 7 -1 2 4 7 -1 7 -1 1 7 -1 7 -1 4 7 -1 7 -1 1 7 -1 7 -1 1 7 -1 4 7 -1 7 -1 1 4 7 -1 1 7 -1 4 7 -1 7 -1 1 7 -1 4 7 -1 1 4 7 -1 7 -1 1 7 -1 7 -1 7 5 -1 7 -1 7 5 -1 1 7 -1 1 7 5 -1 7 5 -1 1 2 4 7 5 -1 1 7 -1 7 -1 2 4 7 -1 7 5 -1 1 7 5 -1 7 5 -1 1 7 5 -1 7 5 -1 7 -1 7 6 -1 7 5 6 -1 7 -1 7 5 -1 1 7 -1 1 7 5 -1 7 5 -1 1 7 5 -1 1 2 4 7 5 -1 1 2 4 7 -1 7 5 -1 1 7 5 -1 4 7 5 6 -1 4 7 6 -1 1 7 5 -1 7 -1 1 7 -1 4 7 -1 1 4 7 -1 1 2 7 -1 1 2 -1 7 -1 1 7 -1 7 -1 2 7 -1 1 7 -1 7 5 -1 7 -1 7 5 -1 7 5 6 -1 7 6 -1 1 7 6 -1 1 2 7 5 6 -1 7 -1 1 7 6 -1 7 6 -1 2 7 6 -1 7 6 -1 2 7 -1 1 2 7 -1 1 2 7 6 -1 2 7 6 -1 7 6 -1 1 7 6 -1 7 5 -1 7 6 -1 1 7 -1 2 4 7 -1 1 2 4 7 -1 1 7 -1 7 -1 1 7 -1 7 -1 1 7 -1 4 7 -1 7 5 -1 7 5 6 -1 7 6 -1 7 5 6 -1 7 5 -1 7 5 6 -1 7 6 -1 1 7 -1 7 -1 1 7 -1 1 -1 1 7 -1 1 -1 1 7 -1 1 -1 1 7 -1 1 4 7 6 -1 4 7 5 -1 7 5 -1 7 5 6 -1 1 7 5 6 -1 1 7 -1 4 7 -1 1 7 -1 1 2 4 7 -1 1 7 -1 1 2 4 7 -1 1 4 7 -1 1 7 -1 1 7 5 -1 1 7 -1 7 -1 1 7 -1 7 -1 1 7 -1 7 -1 1 7 -1 7 -1 1 7 -1 7 -1 1 7 -1 7 -1 1 7 -1 7 -1 7 5 -1 7 -1 1 7 -1 7 -1 1 7 -1 7 -1 1 7 -1 7 -1 4 7 5 6 -1 4 7 6 -1 4 7 5 6 -1 7 5 -1 2 7 -1 1 7 -1 7 5 -1 1 7 5 -1 7 5 -1 1 7 -1 1 7 5 -1 1 7 -1 2 7 -1 4 7 -1 7 -1 7 6 -1 4 7 5 6 -1 7 5 6 -1 7 6 -1 1 2 7 6 -1 1 7 -1 1 7 5 -1 1 7 -1 1 7 6 -1 1 4 7 -1 1 7 -1 7 -1 1 7 5 -1 1 -1 1 7 -1 1 7 5 -1 1 5 -1 1 7 5 -1 7 5 -1 5 -1 7 5 -1 1 7 5 -1 2 7 -1 2 7 5 -1 2 7 -1 7 -1 2 7 -1 2 4 7 -1 2 7 -1 7 -1 2 7 -1 4 7 -1 1 7 -1 1 7 5 -1 1 7 -1 7 -1 7 5 -1 1 7 5 -1 1 7 -1 7 -1 7 5 -1 1 7 -1 4 7 -1 7 -1 4 7 -1 7 5 -1 7 -1 7 5 -1 4 7 -1 7 -1 1 2 7 -1 7 -1 2 7 5 -1 4 7 -1 1 2 7 -1 1 7 -1 1 7 5 -1 7 -1 1 7 5 -1 7 6 -1 1 4 6 -1 4 7 6 -1 7 6 -1 4 6 -1 7 6 -1 6 -1 7 6 -1 6 -1 7 6 -1 6 -1 7 6 -1 6 -1 7 6 -1 2 7 6 -1 7 6 -1 1 4 7 6 -1 4 7 6 -1 1 -1 1 7 -1 7 -1 1 7 -1 7 -1 1 7 -1 7 -1 1 7 -1 1 7 5 -1 7 -1 1 7 -1 7 -1 1 7 -1 7 -1 1 7 -1 7 -1 1 7 -1 7 -1 1 7 -1 7 -1 1 7 -1 7 -1 1 7 -1 7 -1 1 7 -1 7 -1 1 7 -1 7 -1 1 7 -1 7 -1 1 7 -1 7 -1 1 7 -1 7 -1 1 7 -1 7 -1 1 7 -1 1 7 5 -1 7 -1 7 6 -1 1 7 -1 1 2 7 -1 7 -1 7 6 -1 1 7 5 6 -1 1 7 5 -1 1 7 5 6 -1 7 -1 1 7 -1 7 5 -1 1 7 -1 7 -1 7 5 -1 7 -1 7 5 -1 7 -1 7 5 -1 1 7 5 -1 7 -1 7 5 -1 7 -1 7 5 -1 1 7 5 -1 7 5 -1 4 7 5 -1 7 5 -1 7 -1 1 7 -1 7 -1 1 7 -1 7 -1 1 7 -1 7 -1 7 5 -1 7 -1 2 7 -1 7 6 -1 7 -1 1 7 -1 7 -1 1 7 -1 7 -1 1 7 -1 7 -1 1 7 -1 7 -1 1 7 -1 1 7 5 -1 7 5 -1 7 -1 1 7 -1 1 7 5 -1 1 7 -1 1 7 5 -1 1 7 -1 7 -1 1 7 -1 1 2 7 -1 1 7 -1 7 -1 1 7 -1 7 -1 1 7 -1 1 -1 1 7 -1 1 -1 1 7 -1 7 -1 1 7 6 -1 1 7 -1 1 -1 1 7 -1 1 -1 1 7 -1 1 7 6 -1 1 7 -1 1 4 7 5 -1 1 7 5 -1 1 7 -1 1 -1 1 7 -1 1 -1 1 7 -1 1 -1 1 7 -1 1 2 7 -1 1 7 -1 7 -1 1 7 -1 1 -1 1 7 -1 1 -1 1 7 -1 1 -1 1 7 -1 1 -1 1 7 -1 1 -1 1 7 -1 1 -1 1 7 -1 1 -1 1 7 -1 1 -1 1 7 -1 1 -1 1 7 -1 1 -1 1 7 -1 1 -1 1 7 -1 1 -1 1 7 -1 1 -1 1 7 -1 1 -1 1 7 -1 1 -1 1 7 -1 1 -1 1 7 -1 1 -1 1 7 -1 1 2 7 -1 1 7 -1 1 -1 1 7 -1 7 -1 1 7 -1 -2
4 7 -1 1 4 7 -1 1 7 -1 1 7 6 -1 7 6 -1 3 7 6 -1 3 7 -1 3 -1 1 3 -1 1 3 6 -1 6 -1 7 6 -1 3 7 6 -1 2 3 7 6 -1 1 2 -1 1 -1 1 4 7 -1 4 7 -1 4 7 6 -1 1 7 6 -1 1 7 -1 1 -1 1 7 -1 1 -1 1 6 -1 1 7 -1 1 -1 1 7 -1 7 -1 4 7 -1 1 4 7 -1 1 -1 1 7 -1 7 -1 2 7 -1 1 2 7 -1 1 7 -1 1 -1 1 7 -1 1 7 5 -1 1 7 -1 1 -1 1 7 -1 1 -1 1 7 -1 1 -1 1 7 -1 1 -1 1 7 -1 1 7 6 -1 1 6 -1 1 -1 1 6 -1 1 7 -1 1 -1 1 7 -1 1 -1 1 7 -1 1 2 7 -1 1 2 -1 1 7 -1 1 -1 1 7 -1 1 -1 1 7 -1 1 -1 1 7 -1 1 -1 1 7 -1 1 -1 1 7 -1 1 -1 1 7 -1 7 -1 1 7 -1 1 -1 1 7 -1 7 -1 1 7 6 -1 1 7 -1 1 -1 1 7 -1 1 2 7 -1 1 -1 1 7 -1 1 -1 1 7 -1 1 -1 1 7 -1 1 -1 1 7 -1 1 -1 1 7 -1 7 -1 7 6 -1 7 -1 1 7 -1 7 -1 7 6 -1 1 7 6 -1 1 7 -1 1 4 7 -1 7 6 -1 1 4 7 -1 4 7 6 -1 4 7 -1 1 7 -1 7 -1 1 7 -1 1 2 7 6 -1 1 2 7 -1 7 -1 1 7 6 -1 1 2 -1 2 7 5 -1 1 4 7 -1 1 7 -1 1 -1 1 7 -1 1 7 6 -1 4 7 6 -1 4 7 -1 7 -1 4 7 6 -1 7 6 -1 4 7 6 -1 7 -1 1 7 6 -1 2 7 6 -1 1 7 -1 7 -1 7 6 -1 1 7 -1 2 7 -1 2 -1 2 7 -1 7 -1 4 7 -1 4 7 5 -1 7 5 -1 7 -1 2 7 -1 1 2 7 -1 1 7 -1 1 7 6 -1 7 -1 1 7 -1 1 -1 1 7 -1 1 -1 1 2 -1 1 -1 1 7 -1 1 -1 1 7 -1 7 -1 2 7 5 -1 7 -1 7 6 -1 7 5 -1 7 5 6 -1 7 6 -1 2 7 5 -1 7 -1 1 7 6 -1 1 -1 1 7 -1 7 -1 1 7 -1 7 -1 1 7 -1 1 4 7 -1 1 7 -1 4 7 -1 7 -1 1 7 -1 1 2 7 -1 1 7 -1 1 -1 1 2 -1 1 -1 1 6 -1 7 6 -1 1 7 6 -1 1 -1 1 7 -1 1 7 6 -1 3 7 -1 1 3 7 -1 3 4 7 -1 4 7 -1 7 -1 1 7 -1 1 2 7 -1 1 2 -1 1 -1 1 7 6 -1 7 6 -1 1 6 -1 1 2 6 -1 2 -1 2 5 6 -1 1 7 5 6 -1 1 -1 1 6 -1 6 -1 7 6 -1 7 -1 1 7 6 -1 1 4 7 6 -1 2 4 5 -1 1 -1 1 7 -1 1 7 6 -1 6 -1 3 7 6 -1 1 3 7 6 -1 1 7 -1 1 -1 1 2 -1 2 -1 1 2 6 -1 1 6 -1 1 7 6 -1 7 -1 1 7 -1 1 7 6 -1 1 -1 1 7 -1 1 7 6 -1 1 6 -1 1 2 6 -1 1 2 -1 1 2 7 -1 2 7 -1 2 -1 2 7 -1 7 5 -1 1 7 5 -1 1 5 -1 5 -1 1 5 -1 1 7 5 -1 1 7 -1 1 -1 1 2 5 -1 1 7 -1 1 -1 1 7 -1 1 -1 1 7 -1 7 -1 1 2 7 -1 1 2 -1 1 -1 1 7 -1 1 2 7 5 -1 3 5 -1 2 3 7 5 -1 4 7 -1 3 4 7 5 -1 7 5 -1 1 7 -1 1 7 6 -1 6 -1 1 6 -1 1 7 6 -1 1 7 -1 1 6 -1 1 4 7 -1 1 7 -1 1 -1 1 7 -1 1 -1 1 7 -1 1 -1 1 7 -1 7 -1 1 7 -1 1 2 7 -1 1 2 7 5 -1 1 7 -1 1 2 -1 2 -1 1 2 7 -1 1 7 -1 1 -1 1 7 -1 1 2 7 -1 1 -1 1 2 -1 1 -1 1 7 -1 1 2 -1 1 2 5 -1 1 2 -1 1 -1 1 2 -1 1 -1 1 2 -1 1 -1 1 2 -1 1 -1 1 6 -1 1 2 6 -1 1 7 6 -1 7 6 -1 1 7 6 -1 1 -1 1 2 -1 1 7 6 -1 1 7 -1 1 7 6 -1 1 2 7 -1 1 2 -1 2 -1 2 7 -1 4 7 -1 7 -1 1 7 -1 1 -1 1 7 -1 1 2 7 -1 1 7 -1 1 7 6 -1 7 6 -1 7 -1 1 7 6 -1 5 6 -1 7 5 6 -1 7 6 -1 4 7 -1 1 4 7 -1 4 7 -1 1 2 4 7 -1 1 2 -1 1 -1 1 7 -1 7 -1 1 7 -1 1 2 7 -1 1 7 -1 2 7 -1 1 2 7 -1 1 7 -1 1 -1 1 2 -1 2 -1 1 2 -1 1 -1 1 6 -1 1 -1 1 7 -1 7 -1 1 7 -1 1 -1 1 7 -1 1 -1 1 7 -1 7 -1 1 7 -1 1 7 6 -1 7 6 -1 6 -1 1 7 6 -1 1 7 -1 1 2 7 -1 1 2 -1 1 2 7 -1 7 -1 1 7 -1 1 7 6 -1 1 -1 1 7 -1 1 -1 1 2 -1 1 -1 1 7 6 -1 7 -1 1 7 -1 1 -1 1 7 -1 1 -1 1 7 6 -1 6 -1 7 6 -1 1 2 7 -1 1 2 -1 1 7 -1 7 -1 1 7 -1 1 -1 1 7 -1 3 7 -1 1 3 7 6 -1 1 7 6 -1 1 7 -1 1 -1 1 7 -1 2 7 -1 3 7 -1 3 7 6 -1 7 6 -1 1 2 7 6 -1 1 2 7 -1 1 7 -1 1 -1 1 4 -1 1 -1 1 4 7 -1 1 7 -1 1 -1 1 2 -1 1 -1 1 2 -1 1 -1 1 2 -1 1 2 7 -1 1 2 -1 1 2 7 -1 7 6 -1 3 6 -1 3 7 6 -1 1 2 3 -1 1 2 -1 1 -1 1 7 -1 1 7 6 -1 1 2 6 -1 1 2 -1 1 2 7 -1 1 -1 1 2 -1 1 -1 1 2 -1 1 -1 1 7 -1 1 2 7 -1 1 7 -1 1 -1 1 2 -1 1 -1 1 2 -1 1 -1 1 2 -1 1 -1 1 2 -1 1 -1 1 2 -1 1 -1 1 2 -1 2 -1 1 2 -1 1 2 7 -1 7 6 -1 7 -1 1 7 -1 1 -1 1 2 -1 1 2 7 6 -1 1 7 6 -1 7 -1 7 6 -1 2 7 6 -1 2 -1 1 2 7 -1 1 7 -1 1 6 -1 1 7 6 -1 1 6 -1 1 -1 1 6 -1 1 7 6 -1 1 7 -1 1 -1 1 7 -1 1 7 5 -1 1 2 7 -1 2 4 7 -1 4 7 -1 2 3 7 -1 3 4 7 -1 4 7 6 -1 1 7 6 -1 1 7 -1 1 7 6 -1 6 -1 1 3 6 -1 1 3 7 6 -1 7 6 -1 1 7 6 -1 1 7 -1 1 -1 1 7 -1 1 -1 1 7 -1 1 -1 1 7 -1 1 -1 1 7 -1 7 6 -1 7 -1 1 7 -1 1 -1 1 7 -1 1 -1 1 7 -1 1 -1 1 7 -1 1 -1 1 7 -1 1 -1 1 7 -1 1 -1 1 7 -1 1 -1 1 7 -1 1 -1 1 7 -1 1 -1 1 7 -1 1 -1 1 7 -1 1 -1 1 7 -1 1 -1 1 7 -1 1 -1 1 7 -1 1 -1 1 7 -1 1 -1 1 7 -1 1 -1 1 7 -1 1 -1 1 7 -1 7 -1 1 7 -1 1 -1 1 7 -1 1 -1 1 7 -1 1 -1 1 7 -1 1 -1 1 7 -1 7 -1 1 7 -1 1 -1 1 7 -1 7 -1 1 7 -1 1 -1 1 7 -1 1 -1 1 7 -1 1 -1 1 7 -1 7 -1 1 7 -1 7 -1 1 7 -1 1 -1 1 7 -1 7 -1 1 7 -1 1 -1 1 7 -1 1 -1 1 7 -1 1 -1 1 7 -1 1 -1 1 7 -1 1 -1 1 7 -1 1 -1 1 2 -1 1 7 -1 1 -1 1 7 -1 1 -1 1 7 -1 1 -1 1 7 -1 1 -1 1 7 -1 1 -1 1 7 -1 2 7 -1 1 2 -1 1 -1 1 7 -1 1 -1 1 2 7 -1 1 7 -1 1 -1 1 7 -1 1 2 7 -1 1 -1 1 7 -1 1 -1 1 7 -1 1 -1 1 2 -1 1 -1 1 7 -1 1 -1 1 7 -1 1 -1 1 7 -1 1 -1 1 2 -1 1 -1 1 7 -1 1 -1 1 7 -1 1 -1 1 7 -1 1 -1 1 7 -1 1 -1 1 7 -1 1 -1 1 7 -1 1 -1 1 7 -1 1 -1 1 7 -1 1 -1 1 7 -1 2 7 -1 1 2 7 -1 1 7 -1 1 -1 1 7 -1 1 -1 1 7 -1 1 -1 1 7 -1 1 -1 1 7 -1 1 -1 1 2 -1 1 -1 1 7 -1 1 -1 1 7 -1 1 -1 1 7 -1 1 -1 1 7 -1 1 -1 1 7 -1 7 -1 1 7 -1 1 -1 1 7 -1 1 -1 1 2 -1 1 -1 1 7 -1 1 -1 1 2 4 -1 1 7 -1 1 -1 1 7 -1 1 -1 1 7 -1 1 -1 1 7 -1 1 -1 1 7 -1 1 -1 1 7 -1 1 -1 1 2 -1 1 2 7 -1 1 2 -1 1 -1 1 7 -1 1 -1 1 7 -1 1 -1 1 7 -1 1 -1 1 7 -1 1 -1 1 2 7 -1 1 -1 1 2 7 -1 1 7 -1 1 2 7 -1 1 2 -1 1 2 7 -1 1 -1 1 2 -1 1 -1 1 2 -1 1 -1 1 2 -1 -2
4 7 -1 1 7 -1 4 7 -1 1 7 -1 7 5 -1 7 -1 1 7 -1 7 -1 4 7 -1 1 4 7 -1 7 -1 1 7 -1 7 -1 1 7 5 -1 1 7 -1 7 -1 1 7 -1 7 -1 1 7 -1 7 -1 1 7 -1 7 -1 1 7 -1 7 -1 7 5 -1 7 -1 7 5 -1 4 7 5 -1 4 7 -1 1 7 5 -1 7 -1 1 7 -1 1 2 7 -1 7 -1 7 5 -1 7 -1 7 5 -1 7 -1 7 5 -1 7 -1 7 5 -1 7 -1 1 7 -1 7 -1 7 5 -1 1 7 -1 7 5 -1 7 -1 1 7 -1 7 -1 1 7 -1 7 -1 1 7 -1 7 -1 1 7 -1 7 5 -1 1 7 5 -1 7 -1 7 5 -1 1 7 -1 7 -1 7 5 -1 7 -1 1 7 -1 7 -1 1 7 -1 7 -1 7 5 -1 7 -1 7 5 -1 7 -1 7 5 -1 7 -1 7 5 -1 7 -1 7 5 -1 4 7 -1 7 -1 7 5 -1 7 -1 7 5 -1 7 -1 7 5 -1 7 -1 3 7 5 -1 7 5 -1 4 7 5 -1 4 -1 2 4 -1 1 4 7 -1 1 7 -1 2 4 7 -1 1 7 -1 2 4 7 -1 2 7 -1 2 -1 2 7 -1 7 -1 2 7 5 -1 2 7 -1 1 2 4 7 -1 2 4 7 -1 2 4 -1 4 -1 4 7 -1 2 4 7 -1 4 -1 4 7 -1 7 5 -1 4 7 -1 7 5 -1 7 -1 7 5 -1 4 7 -1 2 4 7 5 -1 3 7 -1 7 5 -1 2 7 5 -1 2 4 -1 2 -1 2 4 -1 2 -1 2 4 -1 4 -1 2 7 -1 2 3 -1 2 3 5 -1 2 5 -1 2 4 -1 4 -1 4 7 -1 1 7 -1 7 -1 4 7 -1 7 -1 4 7 -1 7 -1 2 7 -1 7 5 -1 7 -1 7 5 -1 2 7 5 -1 7 5 -1 7 -1 4 7 -1 7 5 -1 7 -1 2 7 5 -1 1 7 -1 1 2 7 5 -1 2 7 5 -1 7 -1 7 5 -1 2 7 5 -1 7 5 -1 2 7 5 -1 7 5 -1 2 7 5 -1 7 5 -1 7 -1 1 7 -1 7 -1 1 7 -1 7 -1 1 7 -1 7 -1 1 7 -1 7 -1 2 4 -1 4 7 -1 1 7 -1 7 -1 4 7 -1 4 7 5 -1 2 7 5 -1 7 5 -1 2 7 5 -1 2 5 -1 2 -1 2 7 -1 7 -1 5 -1 1 7 5 -1 1 7 -1 7 -1 7 5 -1 5 -1 7 -1 1 7 -1 7 -1 1 7 -1 7 -1 4 -1 1 7 -1 1 7 5 -1 1 7 -1 7 5 -1 1 7 -1 7 -1 4 7 -1 1 2 4 7 -1 2 4 7 5 -1 1 4 7 -1 1 2 4 -1 2 -1 4 -1 1 7 -1 1 4 7 -1 7 -1 4 -1 7 5 -1 7 -1 5 -1 7 -1 1 7 -1 7 -1 1 7 -1 7 -1 1 7 -1 7 5 -1 2 4 7 5 -1 2 4 -1 2 4 7 -1 7 -1 2 7 -1 5 -1 1 -1 4 7 -1 2 4 7 -1 7 -1 2 7 5 -1 7 -1 2 -1 2 7 -1 7 -1 2 7 5 -1 7 5 -1 2 4 7 5 -1 2 4 -1 2 4 7 -1 2 7 5 -1 4 7 -1 1 7 -1 7 -1 7 5 -1 7 -1 4 7 -1 4 -1 4 7 -1 7 5 -1 4 7 5 -1 4 7 -1 1 4 7 -1 1 7 -1 1 4 7 -1 4 -1 4 7 -1 7 -1 7 5 -1 7 -1 7 5 -1 7 -1 3 7 -1 7 -1 2 4 7 -1 1 2 7 -1 1 4 7 -1 1 2 4 7 -1 4 7 -1 4 -1 4 7 -1 4 -1 2 4 7 -1 7 5 -1 2 7 -1 2 7 5 -1 7 5 -1 2 7 5 -1 7 -1 1 7 -1 7 -1 7 5 -1 5 -1 7 5 -1 7 -1 1 7 -1 4 7 -1 7 -1 5 -1 7 -1 7 5 -1 7 -1 1 7 5 -1 5 -1 7 5 -1 5 -1 2 -1 1 2 7 -1 7 -1 1 7 -1 7 -1 1 7 -1 7 -1 1 7 -1 7 -1 1 7 -1 4 7 -1 7 5 -1 2 5 -1 7 5 -1 7 -1 1 7 -1 4 7 -1 7 -1 4 7 -1 7 -1 2 4 7 -1 2 7 5 -1 7 5 -1 2 7 5 -1 2 7 -1 3 7 -1 2 7 -1 2 7 5 -1 7 -1 4 7 -1 4 -1 4 7 -1 7 -1 1 7 -1 1 2 4 7 -1 7 5 -1 7 -1 7 5 -1 7 -1 1 7 -1 7 -1 1 7 -1 7 -1 7 5 -1 7 -1 1 7 -1 7 5 -1 1 7 -1 7 -1 1 7 -1 7 -1 1 7 -1 7 5 -1 1 7 5 -1 7 5 -1 2 7 5 -1 2 4 -1 2 4 7 -1 2 7 5 -1 2 5 -1 2 7 5 -1 7 -1 2 4 7 -1 7 -1 1 7 -1 7 -1 7 5 -1 7 -1 7 5 -1 7 -1 1 7 -1 1 -1 7 -1 1 7 -1 7 -1 1 7 -1 7 -1 1 7 -1 7 -1 1 7 -1 7 -1 1 7 -1 7 -1 1 7 -1 7 -1 1 7 -1 7 -1 1 7 -1 7 -1 1 7 -1 7 -1 1 7 -1 7 -1 1 7 -1 7 -1 1 7 -1 7 -1 1 7 -1 7 -1 1 7 -1 7 -1 1 7 -1 7 -1 1 7 -1 7 -1 1 7 -1 7 -1 1 7 -1 7 -1 1 7 -1 7 -1 7 5 -1 7 -1 7 5 -1 7 -1 1 7 -1 7 -1 1 7 -1 7 -1 1 7 -1 7 -1 7 5 -1 7 -1 7 5 -1 7 -1 7 5 -1 7 -1 7 5 -1 7 -1 7 5 -1 7 -1 7 5 -1 7 -1 7 5 -1 7 -1 1 7 -1 7 -1 1 7 -1 7 -1 1 7 -1 7 -1 1 7 -1 7 -1 7 5 -1 1 2 7 5 -1 7 5 -1 1 7 -1 7 -1 7 5 -1 7 -1 7 5 -1 1 7 -1 7 5 -1 1 7 -1 7 -1 7 5 -1 7 -1 1 7 -1 7 -1 7 5 -1 7 -1 1 4 7 -1 1 7 -1 7 -1 7 5 -1 7 -1 7 5 -1 7 -1 7 5 -1 7 -1 7 5 -1 1 7 -1 7 5 -1 7 -1 7 5 -1 7 -1 1 7 -1 7 -1 7 5 -1 7 -1 7 5 -1 7 -1 7 5 -1 7 -1 1 7 -1 7 5 -1 1 7 5 -1 1 7 -1 7 5 -1 7 -1 7 5 -1 7 -1 7 5 -1 7 -1 1 7 -1 7 5 -1 7 -1 7 5 -1 1 7 -1 7 -1 1 7 -1 7 -1 1 7 -1 7 -1 1 7 -1 7 -1 7 5 -1 7 -1 7 5 -1 7 -1 7 5 -1 7 -1 7 5 -1 7 -1 1 7 -1 7 -1 1 7 -1 7 -1 1 7 -1 7 -1 4 7 -1 7 -1 7 5 -1 1 7 -1 7 5 -1 7 -1 1 7 -1 7 -1 1 7 -1 7 -1 1 7 -1 7 -1 7 5 -1 7 -1 1 7 -1 1 7 5 -1 1 7 -1 7 -1 1 7 -1 7 -1 1 7 -1 7 -1 1 7 -1 7 -1 1 7 -1 7 -1 1 7 -1 7 -1 7 5 -1 7 -1 1 7 -1 7 -1 7 5 -1 7 -1 1 7 -1 7 -1 7 5 -1 1 7 5 -1 7 -1 1 7 -1 7 -1 1 7 -1 7 -1 1 7 -1 7 -1 1 7 -1 7 -1 1 7 -1 7 -1 1 7 -1 7 -1 1 7 -1 7 -1 1 7 -1 7 -1 1 7 -1 7 -1 1 7 -1 7 5 -1 7 -1 7 5 -1 1 7 -1 7 -1 1 7 -1 7 -1 1 7 -1 7 -1 1 7 -1 7 -1 1 7 -1 7 -1 -2
4 7 -1 1 2 7 -1 1 7 -1 1 4 7 -1 1 7 -1 1 4 7 -1 1 7 -1 1 -1 1 7 -1 1 -1 1 7 -1 1 -1 1 7 -1 1 -1 1 7 -1 4 7 -1 1 4 7 -1 1 7 -1 7 -1 2 7 5 -1 1 7 -1 1 -1 1 7 -1 1 -1 1 7 -1 1 -1 1 7 -1 1 -1 1 4 7 -1 1 7 -1 1 -1 1 7 -1 7 -1 7 5 -1 1 7 5 -1 1 7 -1 1 7 5 -1 1 7 -1 1 7 5 -1 1 7 -1 1 -1 1 7 -1 1 4 7 -1 1 7 -1 7 -1 1 7 -1 1 -1 1 7 -1 1 4 7 -1 4 7 -1 4 -1 4 7 -1 4 -1 4 7 -1 1 4 7 -1 1 7 -1 7 5 -1 7 -1 1 7 -1 7 -1 1 7 -1 7 -1 1 7 -1 1 7 5 -1 1 2 7 -1 1 7 -1 2 7 5 -1 1 2 7 5 -1 1 7 5 -1 1 7 -1 7 5 -1 1 7 -1 1 2 7 -1 2 7 -1 1 2 7 -1 2 7 -1 1 2 7 -1 2 7 -1 7 5 -1 1 2 7 5 -1 1 7 5 -1 2 7 5 -1 1 2 7 -1 2 7 -1 1 2 7 -1 1 7 -1 1 4 7 -1 4 7 -1 2 4 7 6 -1 1 7 5 6 -1 1 4 7 5 -1 1 4 7 -1 1 7 -1 1 4 7 -1 1 7 -1 1 4 7 -1 1 7 -1 1 7 5 -1 1 7 -1 1 4 7 -1 1 4 7 5 -1 2 4 7 -1 1 2 7 -1 2 4 7 -1 7 -1 7 5 -1 1 7 5 -1 1 7 -1 1 4 7 -1 1 7 -1 1 4 7 -1 1 7 -1 1 2 4 7 5 -1 1 7 5 -1 1 7 -1 4 7 -1 4 7 5 -1 1 7 -1 1 -1 1 7 5 -1 1 7 -1 1 7 5 -1 1 7 -1 1 7 5 -1 1 5 -1 1 7 -1 1 7 5 -1 1 5 -1 1 7 5 -1 1 7 -1 7 5 -1 1 7 -1 1 7 5 -1 1 7 -1 1 4 7 -1 1 4 7 6 -1 1 7 -1 4 7 -1 1 4 7 -1 4 7 -1 1 7 -1 1 2 7 -1 2 4 7 -1 2 4 7 6 -1 2 4 7 -1 2 7 -1 2 4 7 -1 1 7 -1 1 2 4 7 -1 2 4 7 -1 2 7 -1 7 -1 2 7 -1 2 4 7 -1 1 2 4 7 -1 2 4 7 -1 2 7 -1 1 2 -1 1 2 4 6 -1 1 4 6 -1 4 6 -1 4 7 6 -1 7 -1 7 5 -1 7 -1 7 5 -1 1 7 5 -1 1 7 -1 1 4 7 -1 1 7 -1 7 -1 1 2 7 -1 1 7 -1 1 2 7 -1 1 2 -1 1 2 7 -1 1 7 -1 7 -1 1 7 -1 1 7 5 -1 7 5 -1 7 -1 7 5 -1 7 5 6 -1 1 7 5 6 -1 1 7 -1 7 -1 7 5 -1 7 5 6 -1 1 7 -1 4 -1 1 4 7 -1 4 7 -1 1 4 7 -1 7 5 -1 1 7 5 -1 7 5 -1 1 7 5 -1 2 7 5 -1 7 5 6 -1 7 6 -1 7 5 6 -1 7 -1 1 7 -1 1 4 7 -1 4 7 -1 1 4 -1 4 7 -1 1 4 7 -1 4 7 -1 1 4 7 -1 1 4 -1 1 4 7 -1 1 4 -1 1 2 4 -1 1 4 -1 1 4 7 -1 1 7 -1 1 2 7 -1 2 4 7 -1 1 2 4 7 -1 1 4 7 -1 4 7 -1 1 2 4 7 -1 1 2 7 -1 1 7 -1 1 2 7 -1 1 4 7 -1 1 7 -1 7 5 -1 4 7 5 -1 7 5 6 -1 4 7 5 -1 1 4 7 -1 1 2 4 7 -1 2 4 7 -1 4 7 -1 4 -1 2 4 7 -1 1 4 7 -1 1 7 -1 1 4 7 -1 1 7 -1 7 -1 1 7 5 -1 1 2 7 5 -1 1 2 7 -1 1 2 -1 1 2 7 -1 1 7 -1 1 4 7 -1 4 7 -1 4 7 5 -1 4 7 -1 4 7 5 -1 4 7 -1 1 4 7 -1 1 4 7 5 -1 1 4 7 -1 1 7 5 -1 1 7 -1 2 7 5 -1 7 5 -1 4 7 5 -1 4 7 -1 7 5 6 -1 7 -1 7 5 -1 1 7 5 -1 1 7 -1 1 7 5 -1 1 2 7 -1 1 4 7 -1 1 7 -1 7 -1 7 5 -1 1 7 5 -1 1 7 -1 7 -1 1 7 -1 7 6 -1 1 2 4 7 6 -1 1 7 -1 7 -1 1 7 -1 1 -1 1 7 -1 1 -1 1 7 -1 7 -1 1 7 -1 1 -1 1 7 -1 1 -1 1 7 -1 1 -1 1 7 -1 1 -1 1 7 -1 1 -1 1 7 -1 2 7 -1 4 7 -1 1 7 -1 7 -1 2 4 7 -1 1 2 4 7 -1 1 7 -1 1 -1 1 7 -1 1 4 7 -1 1 7 -1 1 2 4 7 -1 1 7 -1 1 4 7 -1 1 7 -1 1 -1 1 7 -1 1 4 7 -1 1 7 -1 1 2 7 5 -1 1 2 7 -1 1 7 -1 7 -1 1 7 -1 7 -1 1 7 -1 7 -1 1 7 -1 7 -1 1 7 -1 1 7 5 -1 1 7 -1 1 4 7 -1 1 7 -1 7 -1 2 4 7 -1 2 7 -1 2 4 7 -1 1 2 4 7 -1 1 2 4 -1 1 2 4 7 -1 1 2 4 -1 1 2 -1 1 2 4 -1 1 2 -1 1 2 4 -1 1 2 -1 1 2 7 -1 1 2 -1 1 2 7 -1 1 2 -1 1 2 4 -1 1 2 4 7 -1 1 2 4 -1 1 2 4 7 -1 1 7 -1 7 -1 7 5 -1 1 7 -1 1 7 5 -1 1 7 -1 7 -1 1 4 7 -1 1 7 -1 7 5 -1 7 -1 1 7 -1 7 -1 1 7 -1 1 -1 1 7 -1 1 -1 1 7 -1 1 -1 1 7 -1 1 -1 1 7 -1 1 7 6 -1 1 7 -1 1 2 7 -1 1 2 -1 1 -1 1 7 -1 7 -1 1 7 -1 1 -1 1 7 -1 1 2 7 -1 1 7 -1 1 4 7 -1 1 7 -1 1 -1 1 7 -1 1 -1 1 7 -1 1 -1 1 7 -1 1 -1 1 7 -1 1 -1 1 7 -1 1 -1 1 2 -1 -2
4 7 -1 1 4 7 -1 1 2 7 -1 1 7 -1 1 4 7 -1 4 7 -1 7 -1 1 2 7 -1 1 2 -1 1 2 7 -1 7 -1 4 7 -1 4 -1 1 4 7 -1 1 4 6 -1 1 7 6 -1 1 -1 1 7 -1 1 2 7 -1 1 7 6 -1 7 6 -1 1 3 7 -1 1 -1 1 7 -1 1 -1 1 7 -1 1 -1 1 7 -1 1 7 6 -1 1 -1 1 7 -1 1 -1 1 7 -1 1 -1 1 6 -1 1 -1 1 7 -1 1 -1 1 7 -1 1 -1 1 7 -1 1 2 7 5 6 -1 2 7 -1 1 2 7 -1 1 7 -1 1 6 -1 7 6 -1 7 -1 1 2 7 -1 1 2 -1 1 -1 1 7 -1 1 7 5 -1 1 7 -1 1 -1 1 7 -1 1 -1 1 6 -1 1 7 6 -1 7 6 -1 1 7 6 -1 1 -1 1 7 -1 1 6 -1 6 -1 1 2 7 6 -1 1 2 7 -1 1 7 6 -1 1 6 -1 1 -1 1 7 -1 1 7 6 -1 2 7 6 -1 1 2 7 5 -1 1 7 -1 1 -1 1 7 -1 1 -1 1 7 -1 1 -1 1 7 -1 1 -1 1 7 -1 1 -1 1 7 -1 1 -1 1 7 -1 1 -1 1 7 -1 1 -1 1 7 -1 1 2 7 -1 7 6 -1 1 6 -1 1 -1 1 7 -1 7 -1 1 7 -1 1 -1 1 7 -1 1 -1 1 7 -1 1 -1 1 7 -1 1 -1 1 7 -1 1 -1 1 7 -1 7 -1 1 7 -1 1 4 7 -1 1 7 -1 4 7 -1 1 7 -1 7 -1 2 7 -1 1 7 -1 1 7 6 -1 1 7 -1 1 7 6 -1 7 6 -1 4 7 -1 7 -1 1 7 -1 7 -1 1 7 -1 7 -1 1 7 -1 1 2 7 -1 2 7 6 -1 4 7 6 -1 4 6 -1 2 4 7 6 -1 2 7 -1 1 7 -1 7 6 -1 1 7 -1 1 3 7 -1 3 7 -1 7 6 -1 7 -1 4 7 -1 7 -1 7 6 -1 3 7 6 -1 7 -1 2 7 -1 2 -1 2 7 -1 7 -1 7 5 -1 1 7 -1 1 4 7 -1 1 7 -1 1 -1 1 2 7 -1 1 -1 1 7 -1 1 -1 1 2 -1 1 -1 1 7 -1 7 -1 1 7 -1 7 -1 2 7 -1 2 4 7 -1 4 7 6 -1 7 6 -1 7 -1 1 7 -1 7 -1 1 7 -1 7 -1 1 7 -1 7 -1 4 7 -1 4 -1 4 7 -1 1 2 4 7 -1 1 2 -1 1 2 7 -1 1 -1 1 7 -1 1 7 6 -1 1 -1 1 2 -1 1 2 7 -1 1 2 -1 1 2 4 7 -1 4 7 -1 1 4 7 -1 1 7 -1 1 3 7 6 -1 3 7 -1 2 3 7 -1 1 2 7 -1 7 -1 4 7 -1 4 7 6 -1 1 7 6 -1 1 4 -1 1 2 6 -1 1 2 -1 1 2 6 -1 1 6 -1 6 -1 7 6 -1 7 -1 1 7 6 -1 1 6 -1 1 7 6 -1 7 6 -1 1 7 6 -1 1 7 -1 1 2 7 6 -1 1 6 -1 1 2 7 -1 1 2 -1 2 6 -1 6 -1 7 6 -1 7 5 6 -1 1 7 5 -1 7 -1 1 7 -1 1 -1 1 7 -1 1 -1 1 6 -1 1 2 7 6 -1 2 4 7 -1 2 7 6 -1 2 7 -1 2 -1 2 7 -1 7 6 -1 7 5 6 -1 1 7 5 -1 1 2 7 5 -1 1 7 5 -1 1 2 7 -1 1 2 -1 1 -1 1 7 -1 1 2 7 -1 1 -1 1 7 -1 1 -1 1 7 -1 1 2 7 -1 2 3 -1 2 3 7 -1 1 2 7 -1 1 -1 1 7 -1 1 7 6 -1 1 7 -1 1 -1 1 7 -1 1 2 7 -1 2 7 -1 2 7 6 -1 6 -1 7 6 -1 4 7 -1 4 7 6 -1 1 7 6 -1 6 -1 1 6 -1 1 -1 1 6 -1 1 7 6 -1 1 7 -1 1 -1 1 7 -1 1 -1 1 7 -1 7 -1 1 7 -1 7 -1 1 7 -1 1 6 -1 6 -1 2 7 6 -1 7 -1 2 7 -1 2 -1 1 2 7 -1 1 -1 1 7 -1 1 2 7 -1 1 2 -1 1 2 7 -1 1 2 -1 2 -1 1 2 -1 2 -1 1 2 -1 1 2 7 -1 1 7 -1 7 -1 1 7 -1 1 -1 1 7 -1 1 2 7 -1 1 2 -1 1 2 7 -1 4 7 -1 7 6 -1 1 7 6 -1 1 7 -1 1 -1 1 7 -1 1 -1 1 7 -1 7 6 -1 1 6 -1 5 6 -1 5 -1 4 7 5 -1 4 7 -1 1 7 -1 7 -1 2 7 -1 1 2 7 -1 1 7 -1 1 -1 1 6 -1 6 -1 7 6 -1 1 7 -1 1 6 -1 1 7 6 -1 7 -1 1 7 -1 1 7 6 -1 2 7 6 -1 2 6 -1 1 2 7 6 -1 1 2 7 -1 1 2 -1 1 -1 1 7 -1 1 -1 1 7 -1 7 -1 4 7 -1 1 2 7 -1 1 2 -1 1 7 -1 1 -1 1 7 -1 1 7 5 -1 1 2 7 5 -1 1 -1 1 2 7 -1 1 7 -1 1 -1 1 6 -1 6 -1 7 6 -1 1 7 6 -1 1 6 -1 1 -1 1 7 -1 1 6 -1 6 -1 1 6 -1 1 -1 1 7 -1 4 7 -1 1 2 4 7 -1 1 2 7 -1 1 2 -1 1 -1 1 4 7 -1 1 -1 1 7 -1 1 -1 1 7 -1 1 -1 1 7 -1 7 -1 2 4 7 -1 1 2 7 -1 7 -1 1 7 -1 1 -1 1 7 -1 2 7 -1 1 2 7 6 -1 3 7 6 -1 1 2 -1 1 2 7 -1 1 7 -1 1 2 7 -1 1 2 -1 1 -1 1 2 -1 1 7 -1 1 -1 1 7 -1 7 -1 2 7 -1 2 7 6 -1 1 2 7 6 -1 1 2 -1 1 2 7 -1 1 7 -1 1 -1 1 2 4 -1 1 -1 1 2 -1 1 2 4 7 -1 1 4 7 -1 4 7 6 -1 1 7 6 -1 1 7 -1 1 7 6 -1 7 -1 4 7 -1 1 4 7 -1 1 -1 1 7 -1 1 2 -1 1 2 6 -1 1 2 7 6 -1 6 -1 3 6 -1 3 7 6 -1 6 -1 3 6 -1 3 7 6 -1 3 6 -1 3 7 6 -1 1 7 -1 1 7 6 -1 7 6 -1 3 6 -1 3 7 6 -1 1 7 6 -1 1 -1 1 2 -1 1 2 7 -1 1 7 -1 1 -1 1 7 -1 1 -1 1 4 7 6 -1 4 7 6 -1 1 2 7 6 -1 1 2 -1 1 -1 1 7 -1 1 2 7 -1 1 2 -1 1 -1 1 2 -1 1 2 7 6 -1 7 6 -1 4 7 6 -1 1 4 7 -1 7 -1 1 7 6 -1 4 7 -1 1 4 7 -1 4 7 -1 1 4 7 -1 4 7 -1 1 4 7 -1 1 -1 1 7 -1 1 6 -1 7 6 -1 7 -1 1 7 -1 7 -1 1 7 6 -1 7 6 -1 1 7 -1 7 -1 1 7 -1 7 -1 1 2 7 -1 2 7 -1 7 6 -1 1 2 7 6 -1 1 7 -1 1 -1 1 7 6 -1 1 7 -1 1 2 -1 1 -1 1 7 -1 1 -1 1 7 -1 1 7 5 -1 7 -1 2 7 -1 7 -1 7 6 -1 1 7 -1 1 4 7 -1 4 7 -1 1 4 7 6 -1 1 2 7 6 -1 2 7 6 -1 1 2 7 6 -1 1 -1 1 7 -1 7 -1 1 7 -1 1 -1 1 7 -1 1 7 6 -1 7 6 -1 1 7 6 -1 1 7 -1 1 -1 1 7 -1 1 -1 1 7 -1 1 -1 1 7 -1 1 -1 1 7 -1 1 -1 1 7 -1 1 -1 1 7 -1 1 -1 1 7 -1 1 -1 1 7 -1 1 -1 1 7 -1 1 -1 1 7 -1 1 -1 1 7 -1 1 -1 1 7 -1 1 -1 1 7 -1 1 -1 1 7 -1 1 -1 1 7 -1 1 7 6 -1 7 6 -1 1 7 6 -1 1 7 -1 1 -1 1 7 6 -1 1 6 -1 1 7 -1 1 -1 1 7 -1 1 -1 1 7 -1 7 -1 1 7 -1 7 -1 1 7 -1 1 -1 1 7 -1 1 -1 1 7 -1 1 -1 1 7 -1 1 -1 1 7 -1 1 6 -1 1 7 -1 1 -1 1 7 -1 1 -1 1 7 -1 1 -1 1 7 -1 1 7 6 -1 1 -1 1 7 -1 1 -1 1 7 -1 1 -1 1 7 -1 1 -1 1 7 -1 1 -1 1 2 -1 2 -1 2 7 -1 7 -1 1 7 -1 1 2 7 -1 1 7 -1 7 -1 1 7 -1 1 -1 1 2 -1 1 2 7 -1 1 -1 1 7 -1 1 -1 1 7 -1 1 -1 1 6 -1 3 7 6 -1 3 7 -1 3 -1 1 3 -1 1 7 -1 1 7 5 -1 1 -1 1 7 -1 1 -1 1 7 -1 1 -1 1 7 -1 1 -1 1 7 -1 1 -1 1 7 -1 1 -1 1 7 -1 1 -1 1 2 -1 1 7 -1 1 -1 1 2 -1 1 2 7 -1 1 2 -1 1 2 7 -1 1 2 -1 1 2 7 -1 1 2 -1 2 -1 1 2 -1 1 2 7 -1 1 2 -1 1 7 -1 1 -1 1 2 -1 1 2 7 -1 1 2 -1 1 2 7 -1 1 2 -1 1 2 7 6 -1 1 7 6 -1 1 6 -1 1 7 6 -1 1 2 -1 1 2 7 6 -1 -2
4 7 -1 1 7 -1 7 -1 1 7 -1 2 4 7 -1 4 -1 4 7 -1 7 -1 1 7 -1 1 4 7 -1 7 -1 4 7 -1 4 -1 1 4 7 -1 7 -1 1 7 -1 7 -1 1 7 -1 7 -1 1 7 -1 7 -1 1 7 -1 1 4 7 -1 1 7 -1 7 -1 1 7 -1 7 -1 1 7 -1 7 -1 1 7 -1 7 -1 7 5 -1 7 -1 7 5 -1 1 7 -1 7 -1 1 7 -1 7 -1 4 7 -1 4 7 5 -1 7 5 -1 7 -1 7 5 -1 7 -1 1 7 -1 1 4 7 -1 7 -1 1 7 -1 7 -1 1 7 -1 7 -1 1 7 -1 7 -1 1 7 -1 2 7 5 -1 1 2 7 -1 1 7 -1 7 -1 4 7 -1 7 -1 4 7 -1 7 -1 1 7 -1 7 -1 1 7 -1 7 -1 1 7 -1 7 -1 4 7 -1 7 -1 4 7 -1 7 -1 4 7 -1 7 -1 7 5 -1 7 -1 7 5 -1 5 -1 1 7 5 -1 7 5 -1 7 -1 7 5 -1 1 4 7 -1 7 -1 7 5 -1 7 -1 2 7 5 -1 7 5 -1 3 7 5 -1 7 -1 7 5 -1 7 -1 2 7 -1 7 -1 7 5 -1 4 7 -1 7 -1 1 7 -1 1 4 7 -1 2 4 7 -1 2 7 -1 4 7 -1 7 -1 4 7 5 -1 4 7 -1 2 4 7 -1 1 7 -1 1 4 -1 2 4 -1 4 7 -1 7 5 -1 7 -1 2 7 -1 2 7 5 -1 2 7 -1 7 -1 1 7 -1 7 -1 3 4 7 -1 4 7 -1 5 -1 7 5 -1 2 3 7 5 -1 2 7 5 -1 2 -1 2 7 5 -1 7 5 -1 2 7 -1 2 -1 2 4 7 -1 2 6 -1 6 -1 7 -1 4 7 -1 7 -1 2 4 7 5 -1 4 7 -1 7 -1 4 7 -1 2 4 7 5 -1 2 7 5 -1 7 5 -1 3 7 -1 3 5 -1 4 7 -1 7 -1 3 7 5 -1 7 5 -1 5 -1 7 5 6 -1 2 7 6 -1 2 7 -1 7 5 -1 4 7 5 -1 2 4 7 -1 7 5 -1 2 4 7 5 -1 2 5 -1 2 7 5 -1 3 7 5 -1 7 -1 7 5 -1 7 -1 7 5 -1 2 7 5 -1 7 5 -1 5 -1 2 7 5 -1 2 5 -1 2 7 5 -1 7 -1 1 7 -1 7 -1 1 7 -1 7 -1 7 5 -1 4 7 5 -1 2 4 -1 4 -1 3 4 7 -1 2 4 7 5 -1 2 -1 7 -1 1 7 -1 5 -1 7 -1 1 7 5 -1 1 7 -1 7 5 -1 1 7 -1 7 -1 4 7 -1 4 -1 4 7 -1 1 7 -1 7 -1 1 7 -1 1 4 7 -1 4 7 -1 7 5 -1 7 -1 4 5 -1 1 7 -1 7 -1 4 7 -1 4 -1 1 7 -1 7 -1 1 7 -1 7 -1 1 7 -1 7 -1 7 5 -1 5 -1 7 5 -1 7 -1 5 -1 7 -1 4 7 -1 2 4 7 -1 2 7 -1 7 -1 2 7 -1 2 -1 2 7 5 -1 7 5 -1 7 -1 1 7 -1 1 7 5 -1 7 -1 4 7 -1 2 7 -1 2 -1 2 4 -1 4 -1 4 7 -1 2 3 4 7 -1 2 4 -1 4 7 -1 7 -1 7 5 -1 7 -1 3 7 5 -1 7 -1 4 7 -1 1 4 7 -1 1 2 3 4 7 -1 1 4 7 -1 4 -1 4 7 -1 4 -1 4 7 -1 4 -1 7 -1 7 5 -1 7 -1 7 5 -1 7 -1 7 5 -1 7 -1 1 4 7 -1 1 7 -1 4 7 -1 7 -1 1 7 -1 7 5 -1 5 -1 7 5 -1 2 3 7 5 -1 3 4 7 -1 7 5 -1 5 -1 2 -1 1 2 7 -1 7 -1 4 7 -1 7 -1 4 7 -1 7 -1 1 7 -1 7 -1 4 7 -1 1 7 -1 7 -1 4 7 -1 7 -1 7 5 -1 2 7 -1 2 7 5 -1 7 5 -1 7 -1 2 5 -1 2 7 5 -1 7 -1 4 7 -1 2 4 -1 4 7 -1 7 -1 4 7 -1 7 -1 4 7 -1 7 -1 2 7 -1 2 7 5 -1 2 5 -1 2 7 5 -1 2 5 -1 2 7 5 -1 2 5 -1 2 4 7 5 -1 2 4 7 -1 4 -1 4 7 -1 7 -1 1 7 -1 1 7 5 -1 7 -1 4 7 -1 7 -1 4 7 -1 7 -1 4 7 -1 4 -1 4 7 -1 7 -1 4 7 -1 2 4 7 -1 4 7 -1 2 4 7 -1 4 7 -1 4 -1 4 7 -1 1 7 -1 7 5 -1 4 7 -1 7 -1 7 5 -1 7 -1 1 7 -1 7 -1 7 5 -1 7 -1 7 5 -1 7 -1 4 -1 7 -1 7 5 -1 1 7 -1 1 7 5 -1 1 7 -1 7 -1 1 7 -1 7 5 -1 2 4 7 -1 2 4 -1 2 4 7 -1 4 7 -1 7 -1 4 7 -1 7 -1 7 5 -1 5 -1 7 5 -1 7 -1 1 7 -1 7 -1 7 5 -1 7 -1 7 5 -1 5 -1 7 5 -1 7 -1 7 5 -1 7 -1 1 7 -1 7 -1 1 7 -1 7 -1 1 7 -1 7 -1 1 7 -1 7 -1 1 7 -1 7 -1 1 7 -1 7 -1 1 7 -1 7 -1 1 7 -1 7 -1 1 7 -1 7 -1 1 7 -1 7 -1 2 4 7 -1 7 -1 7 5 -1 1 7 -1 7 -1 7 5 -1 7 -1 7 5 -1 7 -1 7 5 -1 7 -1 7 5 -1 7 -1 7 5 -1 7 -1 4 7 -1 7 -1 4 7 -1 7 -1 1 7 -1 7 -1 1 7 -1 7 -1 1 7 -1 7 -1 1 7 -1 7 -1 1 4 7 -1 7 -1 1 7 -1 7 -1 4 7 -1 7 -1 7 5 -1 1 7 -1 7 -1 1 7 -1 7 -1 2 7 -1 7 -1 7 5 -1 1 7 -1 7 -1 4 7 -1 1 4 7 -1 7 -1 4 7 -1 7 -1 4 7 -1 2 7 -1 4 7 -1 7 -1 7 5 -1 1 7 -1 7 -1 7 5 -1 7 -1 1 7 -1 7 -1 4 7 -1 7 -1 2 7 -1 7 -1 1 7 -1 7 -1 7 5 -1 7 -1 7 5 -1 7 -1 1 7 -1 7 -1 4 7 -1 7 -1 4 7 -1 7 -1 1 7 -1 7 -1 1 7 -1 7 -1 1 7 -1 7 -1 1 7 -1 7 -1 4 7 -1 7 -1 7 5 -1 7 -1 4 7 -1 7 -1 4 7 -1 7 -1 4 7 -1 7 -1 4 7 -1 7 -1 4 7 -1 7 -1 4 7 -1 7 -1 4 7 -1 7 -1 4 7 -1 1 4 7 -1 1 7 -1 1 4 7 -1 7 -1 1 7 -1 4 7 -1 7 -1 4 7 -1 7 -1 2 7 -1 7 -1 4 7 -1 7 -1 2 4 7 -1 4 7 -1 1 7 -1 7 -1 7 5 -1 7 -1 1 7 -1 7 5 -1 7 -1 7 5 -1 1 7 -1 7 -1 1 7 -1 7 -1 1 7 -1 7 -1 1 7 -1 7 -1 1 7 -1 7 -1 1 7 -1 7 -1 7 5 -1 7 -1 1 7 -1 7 -1 7 5 -1 1 7 -1 7 -1 1 7 -1 7 -1 1 7 -1 7 -1 1 7 -1 7 -1 1 7 -1 7 -1 1 7 -1 7 -1 1 7 -1 7 -1 1 7 -1 7 -1 1 7 -1 7 -1 1 7 -1 7 -1 1 7 -1 7 5 -1 7 -1 7 5 -1 1 7 -1 7 -1 1 7 -1 7 -1 1 7 -1 7 -1 1 7 -1 7 -1 1 7 -1 7 -1 -2
4 7 -1 1 4 7 5 -1 1 7 -1 1 7 5 -1 7 5 -1 1 7 -1 7 5 -1 1 7 5 -1 1 7 -1 1 7 5 -1 1 7 -1 7 -1 1 7 -1 7 5 -1 1 4 7 -1 1 7 -1 1 4 7 -1 1 2 4 7 -1 1 4 7 -1 1 7 -1 1 7 5 -1 1 7 -1 7 5 -1 1 7 5 -1 1 7 -1 1 7 5 -1 7 5 -1 1 7 -1 1 2 7 -1 1 7 -1 1 7 5 -1 1 7 -1 1 7 5 -1 1 7 -1 7 -1 1 7 -1 7 -1 1 7 -1 7 -1 1 7 -1 1 4 7 -1 1 7 -1 7 5 -1 1 7 -1 7 5 -1 1 7 5 -1 1 7 -1 1 4 7 -1 1 7 -1 1 -1 1 7 -1 7 5 -1 4 7 -1 1 4 7 -1 1 7 -1 1 7 5 -1 1 2 7 5 -1 1 2 4 7 6 -1 1 4 7 -1 1 7 -1 1 4 7 -1 4 7 6 -1 4 7 5 -1 4 7 -1 1 7 -1 7 -1 1 7 5 -1 7 5 -1 1 7 -1 7 -1 4 7 -1 1 4 7 -1 1 7 -1 1 7 5 -1 7 -1 1 7 -1 4 7 -1 1 4 7 -1 1 7 -1 7 -1 7 5 -1 7 -1 7 5 -1 7 -1 1 7 5 -1 7 -1 1 7 -1 7 5 -1 1 7 5 -1 1 7 -1 7 -1 7 5 -1 1 7 5 -1 1 7 -1 1 7 5 -1 7 -1 7 5 -1 7 -1 2 7 -1 1 4 7 -1 7 -1 2 4 7 -1 1 2 4 7 -1 4 7 -1 7 -1 7 5 -1 1 7 5 -1 1 7 -1 1 4 7 -1 1 7 -1 4 7 -1 7 -1 4 7 -1 1 2 4 7 -1 1 4 7 -1 7 -1 7 5 -1 7 -1 7 5 -1 1 7 -1 7 5 -1 4 7 -1 7 -1 7 5 -1 7 -1 4 7 5 -1 4 7 -1 7 -1 7 5 -1 7 -1 7 5 -1 7 -1 1 7 5 -1 7 5 -1 4 7 5 -1 4 7 -1 1 7 -1 7 -1 4 7 -1 4 7 5 -1 7 5 -1 7 -1 7 5 -1 1 7 -1 1 7 5 -1 1 5 -1 5 -1 7 5 -1 1 5 -1 7 5 -1 1 7 5 -1 7 5 -1 5 -1 7 5 -1 1 7 5 -1 7 5 -1 1 7 5 -1 7 -1 7 5 -1 7 -1 1 7 -1 1 7 5 -1 1 4 7 -1 7 6 -1 1 4 7 6 -1 1 4 7 -1 1 7 -1 1 4 7 -1 7 -1 1 4 7 -1 1 7 -1 7 -1 1 7 -1 1 4 7 -1 1 4 7 5 -1 1 7 5 -1 1 7 -1 1 7 5 -1 1 7 -1 1 7 5 -1 1 4 7 5 -1 4 7 -1 4 7 6 -1 1 4 7 6 -1 4 7 -1 7 5 -1 1 7 5 -1 1 5 -1 7 5 -1 1 7 5 -1 1 7 -1 1 7 5 -1 1 7 -1 1 4 7 -1 1 7 -1 1 7 5 -1 7 5 -1 1 7 5 -1 7 5 -1 1 7 5 -1 1 7 -1 7 5 -1 1 7 5 -1 1 7 -1 7 -1 1 7 -1 1 7 5 -1 1 7 -1 7 -1 1 7 -1 7 -1 1 7 -1 1 4 7 -1 1 7 -1 1 7 5 -1 7 5 -1 1 7 5 -1 7 5 -1 1 7 5 -1 1 7 -1 7 -1 1 7 -1 7 5 -1 7 -1 7 5 -1 7 -1 7 5 -1 7 -1 1 7 -1 7 -1 1 7 -1 1 4 7 -1 1 7 -1 1 4 7 -1 1 7 -1 1 4 7 -1 1 7 -1 1 4 7 -1 1 7 -1 1 4 7 -1 4 7 -1 7 -1 1 7 -1 7 -1 1 7 5 -1 7 5 -1 7 -1 7 5 -1 4 7 5 6 -1 1 7 5 6 -1 1 7 5 -1 1 4 7 5 -1 7 -1 1 7 -1 1 7 5 -1 7 -1 1 4 7 -1 4 7 5 -1 1 4 7 5 -1 7 -1 1 7 -1 7 -1 4 7 -1 1 4 7 -1 1 7 -1 1 7 5 -1 7 5 -1 7 5 6 -1 7 5 -1 7 5 6 -1 7 5 -1 7 5 6 -1 7 6 -1 7 5 6 -1 7 5 -1 7 5 6 -1 1 7 5 -1 1 7 -1 1 4 7 5 -1 1 7 5 -1 7 5 -1 1 7 5 -1 7 5 -1 1 7 5 -1 7 5 -1 7 -1 1 7 -1 7 -1 7 5 -1 1 7 -1 1 7 5 -1 7 5 -1 4 7 5 6 -1 4 7 6 -1 1 4 7 5 -1 1 7 5 -1 7 5 -1 1 7 5 -1 1 7 -1 1 4 7 5 -1 1 4 7 -1 1 2 4 7 -1 1 7 -1 1 2 7 -1 1 7 -1 1 2 7 -1 2 7 5 -1 7 5 -1 1 7 5 -1 1 7 -1 7 -1 4 7 -1 1 4 7 -1 1 7 -1 1 4 7 -1 1 7 -1 1 4 7 -1 1 7 -1 1 7 5 -1 1 7 -1 7 -1 1 7 -1 7 -1 1 7 -1 1 4 7 -1 1 7 -1 1 4 7 -1 1 7 -1 1 4 7 -1 1 7 -1 1 4 7 -1 1 7 -1 1 4 7 -1 1 7 -1 1 4 7 -1 1 7 -1 1 7 5 -1 1 7 -1 1 7 5 -1 1 7 -1 7 -1 1 7 -1 7 5 -1 1 7 -1 7 -1 1 7 -1 1 7 5 -1 7 5 -1 7 -1 1 7 -1 1 7 5 -1 1 4 7 5 -1 1 4 7 -1 1 7 -1 1 4 7 5 -1 1 7 5 -1 1 7 -1 1 7 5 -1 7 5 -1 1 2 7 -1 7 -1 2 7 -1 7 -1 2 7 -1 7 -1 7 6 -1 7 -1 1 7 -1 1 2 7 -1 7 5 -1 7 -1 1 7 5 -1 1 7 -1 1 2 7 5 -1 1 7 5 -1 7 -1 2 7 -1 2 4 7 6 -1 7 -1 1 7 -1 7 -1 1 7 -1 7 -1 1 7 -1 7 5 -1 1 7 5 -1 1 7 -1 1 -1 1 7 -1 1 -1 1 7 -1 1 -1 1 7 -1 1 -1 1 7 -1 1 -1 1 7 -1 1 2 7 -1 1 2 -1 1 7 -1 1 -1 1 7 -1 1 2 7 -1 1 7 -1 1 -1 1 7 -1 1 -1 1 7 -1 1 -1 1 7 -1 1 7 5 -1 7 5 -1 1 7 5 -1 4 7 5 -1 4 7 -1 1 4 7 -1 1 7 -1 1 -1 1 7 -1 1 -1 1 7 -1 1 -1 1 7 -1 1 7 5 -1 1 7 -1 1 -1 1 7 -1 7 -1 7 5 -1 7 -1 1 7 -1 -2
2 7 -1 7 -1 2 7 5 -1 7 5 -1 2 7 5 -1 7 6 -1 7 -1 3 7 -1 7 -1 7 6 -1 4 7 6 -1 4 7 -1 7 -1 2 7 -1 7 -1 7 5 -1 7 6 -1 7 -1 2 7 -1 2 4 7 -1 4 7 -1 2 7 -1 2 4 7 -1 7 -1 7 6 -1 7 -1 7 6 -1 7 -1 7 6 -1 3 7 -1 2 7 6 -1 7 6 -1 7 -1 2 7 -1 2 7 5 -1 2 5 -1 2 7 5 -1 2 7 -1 7 -1 2 7 5 -1 2 7 -1 2 7 5 -1 2 5 -1 2 7 5 -1 1 2 7 5 -1 2 7 5 -1 2 5 -1 2 7 -1 7 -1 2 7 -1 2 7 5 -1 2 7 -1 2 7 6 -1 7 6 -1 7 -1 2 7 -1 7 6 -1 7 -1 7 6 -1 2 7 -1 7 6 -1 2 7 6 -1 2 7 -1 7 6 -1 7 -1 2 7 -1 7 5 -1 7 -1 7 6 -1 7 -1 2 7 -1 7 6 -1 2 7 -1 7 6 -1 7 -1 7 5 6 -1 7 -1 7 6 -1 2 7 6 -1 7 6 -1 2 7 -1 2 7 6 -1 2 7 -1 7 -1 7 6 -1 7 -1 7 6 -1 2 7 6 -1 7 6 -1 7 -1 7 5 -1 7 -1 7 5 -1 7 -1 7 5 6 -1 2 7 5 6 -1 7 5 6 -1 7 6 -1 5 6 -1 7 5 6 -1 7 6 -1 4 7 6 -1 2 7 -1 2 7 5 -1 2 7 -1 2 7 5 -1 2 5 -1 7 5 -1 2 7 5 -1 2 7 -1 4 7 -1 7 -1 4 7 -1 4 7 6 -1 2 7 6 -1 2 7 -1 7 5 -1 2 7 5 -1 2 5 -1 2 7 5 -1 2 7 -1 7 -1 7 5 -1 2 7 5 -1 2 7 -1 7 -1 2 7 -1 2 7 5 -1 2 7 5 6 -1 2 7 5 -1 7 5 -1 7 5 6 -1 3 7 6 -1 7 6 -1 7 5 6 -1 7 6 -1 7 -1 7 6 -1 7 -1 7 5 -1 2 7 -1 2 7 5 -1 7 5 -1 7 -1 7 5 -1 7 -1 2 7 5 -1 7 5 -1 2 7 5 -1 2 5 -1 7 5 6 -1 7 6 -1 4 7 6 -1 4 7 -1 2 7 -1 7 -1 4 7 -1 7 -1 3 7 -1 2 7 -1 2 7 5 -1 7 -1 7 5 -1 7 -1 7 6 -1 4 7 6 -1 4 7 -1 4 7 6 -1 4 7 -1 7 -1 3 7 6 -1 3 7 -1 7 -1 4 7 -1 7 -1 2 7 -1 7 -1 7 5 -1 7 -1 3 7 -1 3 7 6 -1 7 6 -1 7 5 6 -1 7 -1 2 7 -1 2 7 5 -1 2 5 -1 2 7 5 -1 2 7 -1 7 -1 7 6 -1 2 7 5 -1 7 -1 7 6 -1 7 -1 7 6 -1 4 7 -1 7 -1 3 7 -1 7 -1 3 7 -1 3 7 6 -1 3 7 -1 3 7 6 -1 7 6 -1 7 -1 7 5 -1 7 -1 2 7 5 -1 2 5 -1 4 7 5 -1 4 7 -1 7 -1 2 7 -1 2 3 7 -1 2 7 -1 2 7 5 -1 3 7 -1 2 3 7 -1 3 7 -1 3 4 7 -1 7 -1 4 7 6 -1 4 7 -1 4 7 6 -1 7 6 -1 4 7 -1 7 -1 4 7 -1 7 -1 3 7 -1 7 -1 4 7 -1 7 6 -1 4 7 6 -1 4 7 -1 2 4 7 -1 2 7 -1 4 7 -1 7 -1 4 7 -1 7 -1 4 7 -1 7 -1 4 7 -1 7 -1 4 7 -1 7 -1 4 7 -1 7 -1 4 7 -1 7 -1 4 7 -1 7 -1 4 7 -1 7 -1 4 7 -1 7 -1 4 7 -1 7 -1 7 5 -1 7 5 6 -1 7 6 -1 7 -1 4 7 -1 7 -1 7 6 -1 7 -1 4 7 -1 7 -1 4 7 -1 7 -1 4 7 -1 7 -1 4 7 -1 7 -1 4 7 -1 7 -1 3 7 -1 7 -1 7 5 -1 5 -1 7 5 -1 7 -1 7 5 -1 3 7 5 -1 3 7 -1 7 -1 7 5 -1 5 -1 7 5 -1 7 -1 7 5 -1 7 -1 7 5 -1 7 -1 4 7 -1 7 -1 3 7 -1 7 -1 7 6 -1 7 -1 7 5 -1 7 -1 7 5 -1 7 -1 7 5 -1 4 7 -1 7 -1 4 7 -1 7 -1 7 5 -1 7 -1 7 5 -1 7 -1 7 5 -1 7 -1 7 5 -1 7 -1 7 5 -1 7 -1 4 7 -1 7 -1 4 7 -1 7 -1 4 7 -1 7 -1 2 7 -1 2 7 5 -1 2 7 -1 2 7 5 -1 2 7 -1 2 7 5 -1 7 5 -1 2 7 5 -1 7 5 -1 7 -1 3 7 -1 7 -1 4 7 -1 7 -1 3 7 -1 7 -1 3 7 -1 7 -1 3 7 -1 4 7 -1 7 -1 4 7 -1 7 -1 7 5 -1 7 -1 4 7 -1 7 -1 4 7 -1 7 -1 4 7 -1 7 -1 7 5 -1 7 -1 7 5 -1 7 -1 7 5 -1 5 -1 7 5 -1 5 -1 7 5 -1 7 -1 7 5 -1 7 -1 7 5 -1 7 -1 7 5 -1 7 -1 4 7 -1 7 -1 7 6 -1 7 -1 7 6 -1 7 5 -1 7 -1 7 5 -1 7 6 -1 7 5 6 -1 7 6 -1 7 -1 7 5 -1 7 5 6 -1 7 -1 7 5 -1 2 7 5 -1 7 5 -1 2 7 5 -1 7 5 -1 5 -1 7 5 -1 7 -1 4 7 -1 7 -1 4 7 -1 7 -1 7 5 -1 7 -1 7 5 -1 5 -1 7 5 -1 5 -1 7 5 6 -1 3 7 -1 7 -1 4 7 -1 7 -1 7 5 -1 7 -1 4 7 -1 7 -1 4 7 -1 7 -1 4 7 -1 7 -1 7 5 -1 3 7 -1 7 -1 7 5 -1 7 -1 7 5 -1 7 -1 2 7 -1 7 -1 7 5 -1 7 -1 7 5 -1 7 -1 4 7 -1 7 -1 7 5 -1 7 -1 7 5 -1 7 6 -1 7 -1 7 6 -1 7 -1 7 6 -1 6 -1 2 7 5 6 -1 2 7 5 -1 7 5 -1 7 5 6 -1 2 7 5 6 -1 2 7 6 -1 2 7 -1 2 7 5 -1 2 7 -1 2 7 5 -1 2 7 -1 2 7 5 -1 7 5 -1 2 7 5 -1 7 -1 7 6 -1 7 -1 7 5 6 -1 2 7 5 6 -1 7 5 6 -1 7 5 -1 7 -1 2 7 5 -1 7 5 -1 7 -1 7 5 -1 2 7 5 -1 2 7 -1 7 -1 7 5 -1 2 7 5 -1 7 -1 7 5 -1 2 7 5 -1 2 5 -1 2 7 5 -1 7 -1 2 7 -1 7 5 -1 7 -1 7 5 -1 2 7 5 -1 2 7 -1 7 5 -1 2 7 5 -1 7 5 -1 7 -1 7 5 -1 2 7 5 -1 2 7 -1 2 7 5 -1 7 5 -1 1 7 5 -1 1 7 -1 2 7 -1 7 -1 7 5 -1 2 7 5 -1 2 7 -1 2 7 5 -1 7 5 -1 2 5 -1 7 5 -1 7 -1 3 7 -1 7 -1 7 5 -1 2 7 5 -1 7 5 -1 2 7 5 -1 7 5 -1 2 7 5 -1 2 7 -1 2 7 5 -1 7 -1 7 5 -1 2 7 5 -1 2 7 -1 2 7 5 -1 7 5 -1 2 7 5 -1 7 5 -1 7 5 6 -1 7 6 -1 7 -1 2 7 -1 7 -1 7 6 -1 3 7 6 -1 7 6 -1 7 5 6 -1 2 7 -1 7 -1 7 5 -1 2 7 5 -1 7 5 -1 7 5 6 -1 7 5 -1 7 -1 7 5 -1 2 7 5 -1 7 5 -1 7 6 -1 7 5 6 -1 7 5 -1 7 -1 7 5 -1 7 -1 7 5 -1 7 -1 7 5 -1 7 5 6 -1 7 6 -1 7 5 -1 2 7 5 -1 2 7 -1 2 7 5 -1 2 7 5 6 -1 7 5 6 -1 7 5 -1 2 7 5 -1 5 -1 2 7 5 -1 2 7 5 6 -1 7 5 6 -1 7 5 -1 7 -1 7 5 -1 7 5 6 -1 2 7 5 -1 2 7 5 6 -1 7 5 6 -1 7 -1 7 5 -1 7 5 6 -1 7 -1 7 5 -1 2 7 5 -1 2 4 7 5 -1 3 7 5 -1 3 7 -1 7 -1 2 7 -1 2 7 5 -1 2 7 -1 7 -1 3 7 -1 7 -1 7 6 -1 2 7 -1 7 -1 2 7 -1 7 -1 7 5 -1 7 -1 7 5 -1 2 7 -1 2 7 5 -1 2 7 -1 2 7 5 6 -1 2 7 5 -1 7 5 -1 7 -1 2 7 -1 7 -1 7 5 -1 7 -1 7 5 -1 7 -1 7 5 6 -1 7 6 -1 7 -1 2 7 -1 7 -1 7 5 6 -1 7 -1 7 5 -1 7 5 6 -1 7 6 -1 7 -1 7 5 -1 2 7 5 -1 7 5 -1 2 7 5 -1 7 -1 2 7 5 -1 2 5 -1 2 7 5 -1 7 -1 7 5 -1 3 7 -1 2 3 7 6 -1 2 7 6 -1 2 7 5 -1 2 6 -1 1 2 6 -1 1 2 -1 1 -1 1 2 7 6 -1 2 7 6 -1 7 -1 2 7 5 -1 2 5 -1 2 7 5 -1 2 7 -1 2 7 5 -1 2 4 7 5 -1 4 7 -1 2 4 7 -1 2 7 -1 7 6 -1 7 -1 7 6 -1 3 7 6 -1 7 -1 3 7 -1 3 4 7 -1 7 -1 2 7 -1 7 5 -1 2 7 5 -1 7 5 -1 2 7 -1 2 7 5 -1 7 5 -1 3 7 5 -1 7 5 -1 3 7 5 -1 7 5 -1 7 -1 7 5 -1 2 7 5 -1 5 -1 7 5 -1 7 -1 2 7 -1 2 7 5 -1 2 5 -1 2 7 5 -1 7 5 -1 2 7 5 -1 7 5 -1 7 -1 7 5 -1 2 7 5 -1 2 7 -1 2 7 5 -1 7 -1 2 7 -1 2 7 5 -1 2 7 -1 2 7 5 -1 2 7 -1 2 7 5 -1 3 7 5 6 -1 3 7 6 -1 2 7 -1 7 -1 7 5 -1 2 7 5 -1 2 7 -1 7 -1 7 5 -1 7 -1 2 7 -1 2 7 5 -1 2 7 -1 2 7 5 -1 7 5 -1 2 7 5 -1 3 7 5 -1 3 7 -1 7 -1 2 7 -1 2 7 5 -1 3 7 5 -1 7 5 -1 7 -1 2 7 5 -1 2 7 -1 7 -1 2 7 -1 7 -1 4 7 -1 -2
7 5 -1 1 7 -1 7 -1 7 5 -1 7 -1 2 7 -1 1 7 5 -1 7 -1 1 7 5 -1 2 7 5 -1 7 -1 7 5 -1 1 7 5 -1 7 5 -1 7 5 6 -1 7 -1 2 4 7 -1 2 7 -1 2 4 7 -1 7 -1 7 5 -1 7 5 6 -1 1 7 5 -1 7 5 -1 7 5 6 -1 7 5 -1 7 5 6 -1 7 5 -1 2 7 5 -1 7 5 -1 2 4 7 -1 2 7 -1 7 -1 2 7 -1 7 5 -1 2 7 -1 7 -1 1 2 7 -1 1 7 -1 1 7 5 -1 1 7 -1 2 5 -1 2 7 5 -1 2 7 -1 7 -1 1 7 -1 2 7 -1 1 2 7 -1 1 7 5 -1 1 7 -1 1 7 5 -1 7 5 -1 7 -1 1 2 4 7 -1 1 2 7 -1 1 7 -1 2 7 -1 1 2 7 -1 7 5 -1 1 7 5 -1 1 7 -1 7 -1 7 5 -1 5 -1 7 5 -1 5 -1 7 5 -1 7 5 6 -1 7 5 -1 2 7 5 -1 7 5 -1 7 -1 7 5 -1 2 7 5 -1 2 7 -1 7 -1 7 5 -1 7 -1 7 5 -1 5 -1 7 5 -1 7 5 6 -1 7 5 -1 2 7 5 -1 7 5 -1 7 -1 7 5 -1 7 -1 7 5 -1 1 7 -1 7 5 -1 1 7 -1 7 -1 7 5 -1 1 7 5 -1 1 7 -1 7 -1 7 5 -1 1 7 5 -1 7 5 -1 7 -1 7 5 -1 5 -1 7 5 -1 7 -1 2 4 7 -1 2 7 5 -1 1 7 -1 7 5 -1 7 -1 2 7 -1 1 7 -1 7 -1 7 5 -1 7 -1 1 7 -1 1 2 7 -1 1 7 -1 1 7 5 -1 2 7 5 -1 1 2 7 5 -1 7 -1 7 5 -1 7 -1 2 7 -1 7 5 -1 1 7 5 -1 7 -1 1 7 -1 7 -1 2 7 -1 7 -1 1 7 -1 7 5 -1 1 7 5 -1 1 7 -1 1 7 5 -1 7 5 -1 1 7 -1 7 -1 1 7 -1 7 -1 7 5 -1 5 -1 7 5 -1 5 -1 7 5 -1 2 7 -1 7 -1 7 5 -1 2 7 5 -1 7 5 -1 7 -1 7 5 -1 1 7 -1 1 7 5 -1 7 5 -1 1 7 -1 7 5 -1 2 7 5 -1 7 5 -1 5 -1 7 5 -1 7 -1 1 7 -1 1 7 5 -1 2 7 -1 7 5 -1 7 -1 1 7 -1 1 7 5 -1 7 5 -1 2 7 -1 7 -1 2 7 -1 7 -1 2 7 -1 1 7 -1 1 7 5 -1 7 5 -1 5 -1 7 5 -1 1 7 -1 1 7 5 -1 7 5 -1 7 -1 7 5 -1 7 -1 1 7 -1 7 -1 1 7 -1 7 -1 1 7 -1 7 -1 1 2 7 -1 1 7 -1 7 -1 7 5 -1 2 7 5 -1 1 7 5 -1 7 5 -1 2 7 5 -1 7 5 -1 7 -1 2 7 -1 2 4 7 -1 1 2 4 7 -1 1 4 7 -1 1 7 -1 1 7 5 -1 7 5 -1 1 7 5 -1 7 5 -1 5 -1 7 5 -1 7 -1 7 5 -1 7 -1 7 5 -1 7 -1 1 7 -1 1 2 7 -1 1 -1 1 7 -1 7 -1 7 5 -1 7 -1 2 7 5 -1 1 7 -1 7 5 -1 7 -1 7 5 -1 1 7 -1 1 2 7 -1 2 7 -1 7 5 -1 3 7 5 -1 7 5 -1 7 -1 4 7 -1 2 7 -1 7 -1 7 5 -1 5 -1 7 5 -1 7 -1 2 7 -1 7 -1 2 7 -1 7 -1 2 7 -1 2 -1 2 7 -1 7 -1 2 7 -1 7 -1 2 7 -1 7 -1 2 7 -1 7 -1 2 7 -1 7 -1 2 7 -1 7 -1 2 7 -1 7 -1 2 7 -1 7 -1 2 7 -1 7 5 -1 7 -1 2 7 -1 7 -1 2 7 -1 1 7 -1 7 -1 7 5 -1 7 -1 2 7 -1 7 -1 4 7 -1 1 4 7 -1 7 -1 7 5 -1 7 -1 5 -1 7 5 -1 7 -1 7 5 -1 7 -1 2 7 -1 7 -1 2 7 -1 7 5 -1 7 -1 7 5 -1 7 -1 7 5 -1 7 -1 7 5 -1 7 -1 2 7 -1 7 -1 7 5 -1 7 -1 7 5 -1 7 -1 2 7 -1 7 -1 7 5 -1 7 -1 7 5 -1 2 7 5 -1 2 7 -1 7 -1 7 5 -1 2 7 5 -1 2 7 -1 7 -1 7 5 -1 7 -1 2 7 5 -1 2 5 -1 5 -1 7 5 -1 7 -1 7 5 -1 5 -1 7 5 -1 7 -1 7 5 -1 5 -1 7 5 -1 7 -1 7 5 -1 7 -1 7 5 -1 7 -1 7 5 -1 7 -1 2 7 -1 2 -1 2 7 -1 7 -1 7 5 -1 2 7 5 -1 2 7 -1 7 5 -1 7 -1 7 5 -1 5 -1 7 5 -1 2 7 5 -1 7 -1 7 5 -1 2 7 5 -1 7 5 -1 7 -1 7 5 -1 7 -1 1 7 5 -1 7 5 -1 7 -1 1 7 -1 7 -1 7 5 -1 7 -1 7 5 -1 7 -1 7 5 -1 7 -1 7 5 -1 5 -1 7 5 -1 7 -1 7 5 -1 5 -1 7 5 -1 7 -1 7 5 -1 7 -1 7 5 -1 7 -1 7 5 -1 7 -1 7 5 -1 7 -1 7 5 -1 7 -1 2 7 -1 7 -1 1 7 -1 1 7 5 -1 1 7 -1 7 -1 7 5 -1 7 -1 7 5 -1 1 7 5 -1 7 -1 1 7 -1 7 5 -1 7 -1 1 7 -1 7 -1 7 5 -1 7 -1 7 5 -1 7 -1 7 5 -1 7 -1 7 5 -1 7 -1 7 5 -1 7 -1 7 5 -1 7 -1 7 5 -1 5 -1 7 5 -1 5 -1 7 5 -1 5 -1 7 5 -1 7 -1 7 5 -1 7 -1 7 5 -1 1 7 5 -1 1 7 -1 7 -1 2 7 -1 2 5 -1 5 -1 2 5 -1 2 7 5 -1 2 -1 2 5 -1 2 7 -1 2 5 -1 2 -1 2 7 5 -1 2 5 -1 2 7 5 -1 2 5 -1 2 7 5 -1 5 -1 7 5 -1 7 -1 7 5 -1 7 -1 2 7 -1 7 -1 7 5 -1 7 -1 7 5 -1 7 -1 7 5 -1 7 -1 7 5 -1 7 -1 7 5 -1 2 7 -1 7 -1 7 5 -1 7 -1 7 5 -1 7 -1 7 5 -1 7 -1 7 5 -1 7 -1 7 5 -1 7 -1 7 5 -1 2 7 5 -1 7 5 -1 7 -1 7 5 -1 5 -1 7 5 -1 7 -1 7 5 -1 2 7 5 -1 7 -1 7 5 -1 7 -1 2 7 -1 7 -1 1 7 -1 7 -1 7 5 -1 7 -1 7 5 -1 7 -1 7 5 -1 7 -1 7 5 -1 7 -1 7 5 -1 7 -1 7 5 -1 7 -1 7 5 -1 7 5 6 -1 7 6 -1 7 5 6 -1 7 5 -1 7 -1 7 5 6 -1 7 5 -1 4 7 -1 7 -1 7 5 -1 7 -1 5 -1 7 5 -1 2 7 -1 7 -1 7 5 -1 5 -1 7 5 -1 7 5 6 -1 5 -1 7 5 -1 7 -1 7 5 -1 1 7 -1 7 -1 7 5 -1 7 -1 1 7 5 -1 7 5 -1 1 7 5 -1 7 5 -1 7 -1 7 5 -1 7 -1 1 5 -1 1 7 5 -1 1 7 -1 7 -1 7 5 -1 2 7 -1 7 -1 2 7 -1 7 5 -1 2 7 5 -1 7 5 -1 2 7 5 -1 7 5 -1 5 6 -1 5 -1 7 5 -1 7 -1 7 5 -1 7 -1 7 5 -1 7 -1 2 7 5 -1 7 5 -1 7 -1 2 7 -1 7 5 -1 2 7 5 -1 2 5 -1 2 7 5 -1 1 7 -1 7 -1 2 7 -1 7 -1 2 7 5 -1 2 5 -1 2 7 5 -1 5 -1 7 5 -1 7 -1 7 5 -1 1 7 -1 7 -1 2 7 -1 2 7 5 -1 2 7 -1 2 7 5 -1 2 7 -1 2 7 5 -1 2 7 -1 7 -1 2 7 -1 7 -1 2 7 -1 7 -1 2 7 -1 7 -1 2 7 -1 7 -1 7 5 -1 2 7 -1 7 -1 2 7 -1 7 -1 1 7 -1 1 4 7 -1 7 -1 7 5 -1 5 -1 5 6 -1 7 5 6 -1 7 5 -1 2 7 5 -1 1 7 5 -1 7 5 -1 7 -1 7 5 -1 5 -1 7 5 -1 7 -1 7 5 -1 2 7 5 -1 7 5 -1 7 -1 2 7 -1 7 5 -1 1 2 7 5 -1 1 2 -1 1 2 5 -1 2 7 -1 7 -1 7 5 -1 5 -1 7 5 -1 7 5 6 -1 7 5 -1 1 7 -1 1 7 5 -1 7 -1 7 5 -1 7 5 6 -1 7 5 -1 2 7 -1 2 7 5 -1 2 7 -1 5 -1 7 5 -1 2 7 5 -1 7 5 -1 2 7 5 -1 7 5 6 -1 5 6 -1 7 5 6 -1 5 6 -1 2 5 6 -1 7 5 6 -1 7 5 -1 2 7 5 6 -1 7 5 -1 7 -1 7 5 -1 7 5 6 -1 7 5 -1 7 -1 1 7 -1 7 -1 4 7 -1 2 4 7 -1 1 7 -1 7 -1 7 5 -1 7 -1 7 5 -1 7 -1 7 5 -1 2 7 5 -1 7 5 -1 2 7 5 -1 2 7 -1 7 5 -1 2 7 -1 2 7 5 -1 2 7 -1 7 -1 2 7 -1 2 7 5 -1 2 7 -1 2 7 5 -1 2 5 -1 5 -1 7 5 -1 2 7 -1 7 -1 2 7 -1 7 -1 2 7 -1 2 7 5 -1 2 7 -1 2 7 5 -1 2 7 -1 2 7 5 -1 2 7 -1 2 7 5 -1 2 7 -1 2 7 5 -1 7 5 -1 2 7 5 -1 2 7 -1 7 -1 2 7 -1 7 -1 2 -1 2 4 -1 2 7 -1 2 7 5 -1 2 7 -1 1 2 7 -1 1 7 -1 1 2 7 -1 2 7 5 -1 7 -1 2 7 5 -1 2 7 -1 1 2 7 -1 1 7 -1 7 -1 4 7 -1 7 -1 7 5 -1 1 7 5 -1 4 7 -1 7 -1 4 7 -1 7 -1 1 2 4 7 -1 1 2 7 -1 1 7 -1 7 -1 1 7 -1 7 -1 7 5 -1 7 -1 7 5 -1 7 -1 2 7 -1 7 -1 2 7 -1 7 -1 2 7 -1 7 -1 2 7 -1 7 -1 2 7 -1 7 5 -1 7 -1 7 5 -1 7 -1 2 4 7 -1 7 -1 2 4 7 -1 7 -1 2 7 -1 7 -1 2 7 -1 7 -1 2 7 -1 7 -1 2 7 -1 7 -1 2 7 -1 7 -1 4 7 -1 7 -1 2 7 -1 7 -1 2 7 -1 7 -1 2 7 -1 7 -1 2 7 -1 7 -1 2 4 7 -1 7 -1 2 7 -1 7 -1 1 7 -1 7 -1 2 7 -1 7 -1 4 7 -1 7 -1 2 7 -1 1 7 -1 7 -1 2 7 5 -1 2 7 -1 7 -1 2 7 -1 7 -1 2 7 5 -1 7 5 -1 7 -1 2 7 5 -1 7 5 -1 7 -1 7 5 -1 7 -1 2 7 5 -1 7 5 -1 7 -1 2 7 -1 7 -1 2 4 7 -1 2 4 -1 2 4 7 -1 1 2 4 7 -1 -2
1 7 -1 7 -1 4 7 -1 1 7 -1 1 7 5 -1 7 -1 1 7 -1 4 7 5 -1 4 5 -1 4 7 5 -1 4 7 -1 7 -1 7 5 6 -1 7 6 -1 7 -1 4 7 -1 4 7 5 -1 4 7 -1 4 7 5 -1 7 5 -1 7 -1 1 7 5 6 -1 7 5 -1 4 7 -1 4 7 5 -1 4 5 -1 4 -1 4 7 -1 1 4 7 -1 1 4 7 5 -1 7 5 -1 7 -1 1 7 -1 7 -1 7 5 -1 1 7 -1 1 7 5 -1 7 -1 1 7 5 -1 1 7 -1 1 -1 1 7 5 -1 1 7 -1 1 4 7 -1 1 7 -1 7 -1 1 7 -1 1 7 5 -1 7 5 -1 4 7 -1 1 4 7 -1 1 7 -1 7 5 -1 4 7 -1 7 -1 7 5 -1 5 -1 7 5 -1 7 -1 7 5 -1 7 -1 1 7 -1 7 -1 7 5 -1 1 7 5 -1 5 -1 4 7 5 -1 7 5 -1 1 7 5 -1 1 7 -1 1 7 5 -1 1 7 -1 1 7 5 -1 7 5 -1 5 -1 7 5 -1 1 7 -1 7 -1 1 7 5 -1 7 5 -1 1 7 5 -1 1 7 -1 7 5 -1 7 -1 1 7 -1 1 7 5 -1 1 5 -1 1 7 5 -1 1 7 -1 1 -1 1 7 -1 1 -1 1 7 -1 1 7 6 -1 7 6 -1 7 5 6 -1 1 7 5 -1 1 7 -1 1 4 7 5 -1 4 7 5 -1 1 7 5 -1 1 4 7 5 -1 4 7 -1 7 -1 1 7 -1 7 -1 1 4 7 -1 4 7 5 -1 1 7 -1 7 5 -1 1 7 -1 1 4 7 -1 4 7 -1 1 4 7 -1 1 7 -1 1 7 5 -1 7 5 -1 7 -1 4 7 -1 4 7 5 -1 4 7 -1 1 7 -1 1 4 7 -1 1 7 -1 1 -1 1 7 -1 1 7 5 -1 1 7 -1 1 -1 1 7 -1 7 5 -1 7 -1 7 5 -1 5 -1 7 5 -1 1 7 -1 1 7 5 -1 7 5 -1 1 7 5 -1 7 -1 1 7 -1 7 -1 1 7 -1 7 -1 1 7 -1 1 7 5 -1 7 5 -1 5 -1 7 5 -1 4 7 -1 1 7 -1 7 -1 7 5 -1 1 7 -1 1 4 7 -1 1 7 -1 1 7 5 -1 7 5 -1 4 7 5 -1 4 7 -1 7 5 -1 1 7 5 -1 1 7 -1 7 -1 1 7 -1 1 7 5 -1 1 7 -1 1 7 5 -1 7 5 -1 5 -1 7 5 -1 5 -1 7 5 -1 7 -1 7 5 -1 5 -1 4 5 -1 4 7 5 -1 7 5 -1 7 -1 1 4 7 -1 1 7 -1 1 7 5 -1 7 5 -1 1 7 5 -1 7 5 -1 1 7 5 -1 1 7 -1 7 -1 1 7 -1 1 7 5 -1 7 5 -1 1 7 5 -1 7 5 -1 5 -1 7 5 -1 4 7 5 -1 1 7 -1 1 4 7 -1 4 7 -1 7 -1 7 5 -1 1 4 7 5 -1 1 7 -1 7 5 -1 7 -1 4 7 5 -1 5 -1 7 5 -1 5 -1 7 5 -1 4 7 5 -1 4 7 -1 1 7 -1 7 5 -1 4 7 5 -1 1 7 5 -1 7 5 -1 1 4 7 -1 1 7 -1 1 4 7 -1 1 7 5 -1 1 4 7 -1 1 4 7 5 -1 4 7 -1 4 7 5 -1 4 7 -1 4 7 5 -1 7 5 -1 5 -1 7 5 -1 5 -1 4 7 5 -1 7 5 -1 5 -1 7 5 -1 4 7 5 -1 4 7 -1 1 7 -1 1 4 7 -1 1 7 -1 1 4 7 -1 4 7 -1 7 -1 1 7 -1 1 7 5 -1 7 5 -1 1 7 5 -1 1 7 -1 1 7 5 -1 1 7 -1 1 7 5 -1 7 5 -1 4 7 5 -1 7 5 -1 4 7 -1 7 -1 1 4 7 -1 4 7 -1 1 7 -1 4 7 -1 1 7 -1 7 -1 1 4 7 -1 4 7 -1 7 5 -1 4 7 -1 7 5 -1 7 -1 4 7 -1 7 -1 4 7 -1 1 7 -1 7 -1 1 7 5 -1 1 7 -1 1 4 7 -1 1 7 -1 7 5 -1 7 -1 1 7 -1 7 5 -1 7 -1 7 5 -1 7 -1 7 5 -1 7 -1 7 5 -1 7 -1 4 7 -1 7 -1 1 4 7 -1 7 -1 1 7 -1 1 4 7 -1 1 7 -1 1 7 5 -1 7 5 -1 4 7 5 -1 4 7 -1 7 -1 7 5 -1 7 -1 7 5 -1 7 -1 4 7 -1 7 -1 4 7 -1 1 4 7 -1 4 7 -1 1 7 -1 7 -1 7 5 -1 7 -1 7 5 -1 7 -1 7 5 -1 7 -1 4 7 -1 1 4 7 -1 1 7 -1 1 7 5 -1 7 5 -1 7 -1 7 5 -1 7 -1 7 5 -1 1 7 -1 7 5 -1 7 -1 1 7 -1 1 4 7 -1 1 7 -1 1 4 7 -1 1 7 -1 1 7 5 -1 7 5 -1 1 7 5 -1 1 7 -1 7 5 -1 1 7 5 -1 1 7 -1 1 7 5 -1 7 5 -1 7 -1 7 5 -1 4 7 5 -1 4 7 -1 7 -1 7 5 -1 1 7 5 -1 7 5 -1 1 7 5 -1 1 7 -1 1 7 5 -1 7 5 -1 1 7 5 -1 7 5 -1 4 7 -1 1 4 7 -1 1 7 -1 1 4 7 -1 1 7 -1 7 -1 4 7 -1 7 -1 4 7 -1 1 4 7 -1 4 7 -1 1 7 -1 7 5 -1 1 7 5 -1 1 7 -1 1 7 5 -1 7 5 -1 1 7 5 -1 1 7 -1 1 7 5 -1 7 5 -1 7 -1 1 7 -1 7 -1 1 7 -1 7 -1 7 5 -1 7 -1 7 5 -1 7 -1 1 7 -1 7 -1 7 5 -1 7 -1 7 5 -1 1 7 5 -1 1 4 7 -1 4 7 -1 7 -1 1 7 -1 1 4 7 -1 1 7 5 -1 1 7 -1 1 7 5 -1 7 5 -1 1 7 5 -1 1 7 -1 7 -1 7 5 -1 1 7 5 -1 7 5 -1 7 -1 1 7 -1 7 -1 1 7 -1 7 -1 1 7 -1 1 7 5 -1 7 5 -1 7 -1 7 5 -1 4 7 5 -1 1 7 5 -1 1 5 -1 1 7 5 -1 1 7 -1 1 7 5 -1 1 7 -1 1 7 5 -1 7 5 -1 4 7 5 -1 7 5 -1 5 -1 7 5 -1 5 -1 7 5 -1 1 7 -1 1 7 5 -1 7 -1 7 5 -1 7 -1 7 5 -1 1 7 5 -1 7 -1 1 4 7 -1 1 -1 1 4 7 -1 1 7 -1 1 7 5 -1 1 7 -1 7 5 -1 7 -1 4 7 -1 1 4 7 -1 1 7 -1 1 7 5 -1 1 5 -1 1 -1 1 7 5 -1 1 5 -1 1 -1 1 5 -1 1 7 -1 1 5 -1 1 7 5 -1 1 5 -1 1 7 -1 1 5 -1 1 7 5 -1 1 -1 1 7 5 -1 7 5 -1 1 5 -1 5 -1 7 5 -1 1 5 -1 1 7 5 -1 7 5 -1 1 5 -1 1 7 5 -1 1 5 -1 1 7 5 -1 7 5 -1 1 7 -1 1 7 5 -1 1 5 -1 1 7 5 -1 1 5 -1 1 7 5 -1 1 5 -1 1 7 5 -1 1 5 -1 1 7 5 -1 1 5 -1 1 7 5 -1 1 7 -1 7 -1 7 5 -1 7 -1 7 5 6 -1 7 5 -1 7 -1 7 5 -1 1 7 -1 1 7 5 -1 1 7 -1 1 7 5 -1 7 5 -1 4 7 5 -1 7 5 -1 1 7 5 -1 1 5 -1 1 -1 1 7 5 -1 1 -1 1 7 -1 1 7 5 -1 1 7 -1 1 7 5 -1 7 5 -1 4 7 5 -1 7 5 -1 1 7 5 -1 1 5 -1 1 7 5 -1 1 5 -1 1 7 5 -1 1 5 -1 1 7 5 -1 1 5 -1 1 7 5 -1 7 5 -1 1 7 5 -1 7 5 -1 1 7 5 -1 1 7 -1 1 7 5 -1 7 5 -1 4 7 5 -1 1 4 7 5 -1 7 -1 1 7 5 -1 1 5 -1 1 -1 1 5 -1 1 7 5 -1 7 5 -1 1 7 5 -1 1 4 7 -1 4 7 5 -1 7 -1 7 5 -1 4 7 -1 7 -1 7 5 -1 1 7 5 -1 7 5 -1 4 7 5 -1 4 7 -1 4 7 5 -1 1 4 7 -1 1 7 -1 1 7 5 -1 1 5 -1 1 7 5 -1 1 5 -1 1 7 -1 1 7 5 -1 7 5 -1 7 -1 7 5 -1 1 7 5 -1 1 4 7 5 -1 7 5 -1 1 7 5 -1 1 5 -1 4 7 5 -1 4 5 -1 4 7 5 -1 7 5 -1 4 7 5 -1 7 5 -1 1 7 5 -1 7 5 -1 1 7 5 -1 7 5 -1 1 7 5 6 -1 1 7 5 -1 7 5 -1 1 7 5 -1 7 5 -1 1 7 5 -1 7 5 -1 7 5 6 -1 7 5 -1 1 4 7 -1 1 7 6 -1 1 5 6 -1 7 5 -1 7 -1 1 7 -1 7 -1 1 7 -1 1 7 5 -1 1 7 -1 1 7 5 -1 7 5 -1 1 7 -1 7 -1 1 7 5 -1 7 5 -1 1 7 -1 1 7 5 -1 1 7 -1 1 7 5 -1 1 7 -1 1 7 5 -1 7 5 -1 1 4 7 -1 7 -1 7 5 -1 4 7 5 -1 4 7 -1 7 5 -1 1 7 5 -1 1 7 -1 1 7 5 -1 7 5 -1 4 7 -1 7 -1 1 7 -1 7 -1 1 7 -1 4 7 -1 7 -1 1 7 -1 7 5 -1 7 -1 1 7 -1 1 4 7 -1 1 7 -1 1 7 5 -1 1 7 -1 1 7 5 -1 7 5 -1 7 -1 1 7 -1 7 5 -1 7 -1 1 7 -1 7 5 -1 1 7 -1 1 4 7 -1 1 4 7 5 -1 1 7 -1 7 -1 1 7 -1 7 5 -1 4 7 5 -1 4 7 -1 4 7 5 -1 7 -1 1 7 -1 7 5 -1 1 7 -1 1 7 5 -1 7 5 -1 1 7 -1 1 7 5 -1 1 4 7 5 -1 4 7 -1 7 -1 7 5 -1 4 7 5 -1 4 7 -1 7 -1 1 7 -1 1 4 7 -1 7 -1 7 5 -1 1 7 -1 7 5 -1 1 7 -1 1 7 5 -1 1 7 -1 1 7 5 -1 1 7 -1 1 4 7 5 -1 4 7 5 -1 4 7 -1 7 -1 1 4 7 -1 1 7 -1 1 4 7 5 -1 4 7 5 -1 1 4 7 5 -1 1 4 7 -1 1 7 -1 7 5 -1 5 6 -1 4 5 6 -1 5 6 -1 7 5 -1 1 7 5 -1 1 7 -1 1 7 5 -1 1 7 -1 7 5 -1 7 5 6 -1 7 5 -1 7 5 6 -1 1 7 -1 7 5 -1 1 7 -1 1 7 6 -1 1 7 -1 1 7 6 -1 1 7 -1 1 7 5 6 -1 7 6 -1 1 7 6 -1 1 7 -1 1 7 5 6 -1 1 7 5 -1 1 7 -1 1 7 6 -1 1 7 -1 1 -1 1 7 -1 4 7 -1 7 -1 7 5 -1 1 7 -1 7 -1 7 5 -1 7 -1 7 5 -1 7 -1 7 5 -1 4 7 5 -1 4 7 -1 1 7 -1 7 -1 1 7 -1 1 7 5 -1 7 5 -1 1 7 5 -1 1 7 -1 7 -1 7 5 -1 1 7 -1 7 5 -1 1 7 5 -1 1 7 -1 7 -1 1 7 -1 7 -1 7 6 -1 7 -1 1 7 -1 7 -1 1 7 -1 7 -1 1 7 -1 1 -1 1 7 -1 4 7 -1 1 7 -1 7 -1 1 7 -1 1 -1 1 7 -1 1 -1 1 7 -1 1 7 6 -1 1 7 -1 1 -1 1 7 -1 1 -1 1 7 -1 1 4 7 -1 1 7 -1 7 -1 1 4 7 -1 1 7 -1 1 4 7 -1 4 7 -1 1 4 7 -1 1 7 -1 4 7 -1 7 -1 4 7 -1 1 4 7 -1 4 7 -1 1 4 7 -1 1 4 -1 1 -1 1 7 -1 1 -1 1 7 -1 1 -1 1 7 -1 7 -1 1 7 -1 1 -1 1 7 -1 7 -1 1 7 -1 1 4 7 -1 1 2 7 -1 1 7 -1 1 -1 1 7 -1 1 -1 1 7 -1 1 -1 1 7 -1 7 -1 1 7 -1 1 -1 1 7 -1 1 -1 1 7 -1 1 -1 1 4 -1 1 -1 1 7 -1 7 -1 1 7 -1 1 -1 1 7 -1 1 -1 1 7 -1 1 -1 1 7 -1 1 4 -1 1 7 -1 1 4 7 -1 1 -1 1 7 -1 1 -1 1 7 -1 7 -1 1 7 -1 1 -1 1 7 -1 1 -1 1 7 -1 1 -1 1 7 -1 7 -1 1 7 -1 7 -1 1 7 -1 1 -1 1 7 -1 7 -1 4 7 -1 1 4 7 -1 4 7 -1 1 4 7 -1 -2
2 7 -1 7 -1 2 7 5 -1 7 -1 4 7 -1 2 4 7 -1 4 7 -1 7 -1 4 7 -1 7 -1 7 5 -1 4 7 -1 7 5 -1 7 -1 2 7 -1 2 4 7 -1 4 7 -1 7 -1 4 7 -1 7 -1 2 7 6 -1 2 7 5 6 -1 2 7 5 -1 7 -1 7 6 -1 7 -1 7 6 -1 4 7 -1 2 4 7 6 -1 4 7 -1 7 -1 2 7 -1 7 -1 2 7 -1 2 7 5 -1 7 -1 2 7 5 -1 2 -1 1 2 7 -1 4 7 -1 7 -1 2 7 -1 7 -1 2 7 -1 7 -1 2 7 -1 7 6 -1 7 -1 7 6 -1 3 7 6 -1 4 7 -1 7 -1 4 7 -1 2 4 7 -1 2 7 -1 7 -1 7 6 -1 7 -1 7 5 -1 7 -1 4 7 -1 4 -1 4 7 -1 7 -1 2 7 -1 7 5 -1 7 -1 2 7 -1 7 -1 2 7 -1 7 6 -1 7 -1 7 5 -1 7 -1 4 7 -1 7 6 -1 2 7 -1 7 -1 7 6 -1 7 -1 4 7 -1 7 -1 2 7 -1 7 -1 7 5 -1 7 -1 7 5 -1 7 -1 7 5 -1 7 5 6 -1 7 6 -1 4 7 6 -1 2 7 -1 2 7 5 -1 2 4 7 -1 4 7 -1 2 7 -1 7 -1 4 7 -1 7 -1 2 7 -1 2 7 5 -1 2 5 -1 2 7 -1 2 4 7 -1 4 7 6 -1 7 -1 2 7 -1 7 -1 2 7 -1 7 -1 2 7 -1 7 -1 2 7 -1 2 7 5 -1 7 -1 7 5 -1 2 7 5 -1 7 5 -1 5 -1 7 5 -1 7 -1 7 6 -1 7 -1 7 5 6 -1 7 -1 3 7 -1 3 7 6 -1 7 6 -1 7 -1 7 6 -1 2 7 5 -1 7 -1 2 7 -1 7 -1 7 5 -1 2 7 5 -1 2 7 -1 7 -1 7 6 -1 4 7 6 -1 4 7 -1 2 7 -1 7 -1 2 7 -1 7 -1 1 7 -1 1 7 6 -1 7 6 -1 7 -1 2 7 5 -1 2 7 -1 7 -1 2 7 -1 1 7 -1 7 -1 1 7 -1 7 -1 7 6 -1 4 7 6 -1 4 7 -1 4 7 6 -1 4 7 -1 4 7 6 -1 7 6 -1 4 7 6 -1 4 7 -1 7 -1 7 6 -1 7 -1 4 7 -1 7 -1 2 7 -1 2 7 5 -1 2 7 -1 7 -1 2 7 -1 4 7 -1 7 -1 2 7 -1 2 7 5 -1 2 4 7 5 -1 4 7 -1 4 7 6 -1 7 6 -1 4 7 -1 4 7 6 -1 4 7 -1 7 -1 4 7 -1 3 7 -1 7 -1 7 6 -1 7 -1 4 7 -1 2 7 5 -1 4 7 -1 7 -1 2 7 -1 4 7 -1 2 7 -1 2 4 7 -1 2 7 -1 7 -1 4 7 -1 4 7 6 -1 4 7 -1 7 -1 4 7 -1 7 -1 4 7 -1 4 7 6 -1 7 6 -1 4 7 -1 7 -1 7 6 -1 4 7 -1 7 -1 4 7 -1 4 7 6 -1 4 7 -1 7 -1 4 7 -1 7 -1 4 7 -1 4 -1 4 7 -1 4 -1 4 7 -1 4 -1 4 7 -1 4 -1 4 7 -1 4 -1 4 7 -1 4 -1 4 7 -1 7 -1 4 7 -1 7 -1 4 7 -1 4 -1 4 7 -1 7 -1 4 7 -1 4 -1 4 7 -1 7 -1 4 7 -1 7 -1 4 7 -1 7 -1 4 7 -1 7 5 -1 7 5 6 -1 4 7 -1 7 -1 4 7 -1 4 -1 4 7 -1 7 -1 4 7 -1 7 -1 4 7 -1 7 -1 4 7 -1 7 -1 4 7 -1 7 -1 4 7 -1 7 -1 4 7 -1 7 -1 4 7 -1 7 -1 4 7 -1 7 -1 7 5 -1 7 -1 4 7 -1 7 -1 7 5 -1 5 -1 7 5 -1 7 -1 7 5 -1 7 -1 4 7 -1 7 -1 7 5 -1 7 -1 7 5 -1 7 -1 4 7 -1 4 -1 4 7 -1 7 -1 7 5 -1 7 5 6 -1 7 5 -1 7 -1 7 5 -1 7 -1 7 5 -1 7 -1 7 5 -1 7 -1 4 7 -1 7 -1 4 7 -1 2 7 -1 4 7 -1 7 -1 4 7 -1 7 -1 4 7 -1 7 -1 7 5 -1 7 -1 7 5 -1 7 -1 7 5 -1 7 -1 4 7 -1 7 -1 4 7 -1 7 -1 4 7 -1 7 -1 4 7 -1 7 -1 7 5 -1 7 -1 1 7 -1 7 -1 1 7 -1 7 -1 7 5 -1 5 -1 7 5 -1 5 -1 2 7 5 -1 7 5 -1 7 -1 4 7 -1 7 -1 4 7 -1 7 -1 7 5 -1 7 -1 7 5 -1 2 7 5 -1 7 5 -1 7 -1 7 5 -1 7 -1 7 5 -1 7 -1 7 5 -1 7 5 6 -1 7 5 -1 4 7 -1 7 -1 7 5 -1 7 5 6 -1 7 5 -1 7 5 6 -1 7 5 -1 7 -1 7 5 -1 7 -1 7 5 -1 5 -1 7 5 -1 7 -1 7 5 -1 7 -1 7 5 -1 7 -1 7 5 -1 7 -1 4 7 -1 7 -1 4 7 -1 7 -1 7 5 -1 7 -1 7 5 -1 7 -1 7 5 -1 7 -1 7 5 -1 7 5 6 -1 7 6 -1 7 -1 4 7 -1 7 -1 7 6 -1 7 -1 4 7 -1 7 -1 4 7 -1 7 -1 4 7 -1 7 -1 7 5 -1 7 -1 1 7 -1 1 -1 1 7 -1 7 -1 4 7 -1 7 -1 4 7 -1 7 -1 1 7 -1 1 -1 1 7 -1 7 -1 1 7 -1 1 -1 1 7 -1 1 -1 1 7 -1 7 -1 7 5 -1 7 -1 7 5 -1 7 -1 7 6 -1 7 -1 7 6 -1 7 -1 7 6 -1 7 5 6 -1 7 5 -1 7 -1 7 5 -1 7 -1 7 5 -1 2 7 -1 2 7 5 -1 7 5 -1 2 7 -1 7 -1 2 7 -1 7 -1 2 7 5 -1 2 7 -1 7 -1 2 7 -1 2 7 5 -1 2 7 -1 2 7 5 -1 2 7 -1 7 -1 7 5 -1 7 -1 7 5 -1 5 -1 7 5 -1 7 -1 7 5 -1 2 7 5 -1 2 7 -1 2 4 7 -1 4 7 -1 7 -1 2 7 -1 2 7 6 -1 7 5 -1 7 -1 2 7 -1 7 -1 2 7 -1 2 7 5 -1 7 5 -1 2 7 5 -1 7 5 -1 2 7 -1 7 5 -1 2 7 5 -1 7 -1 2 7 -1 7 -1 2 7 -1 7 -1 2 7 -1 7 -1 7 5 -1 7 -1 2 7 5 -1 7 5 -1 5 -1 7 5 -1 3 7 5 -1 7 -1 7 5 -1 2 7 5 -1 7 -1 7 5 -1 5 -1 7 5 -1 4 7 5 -1 7 -1 7 5 -1 3 7 -1 7 -1 7 5 -1 2 7 5 -1 2 7 -1 7 -1 2 7 -1 2 7 5 -1 7 5 -1 2 7 5 -1 7 5 -1 5 -1 7 5 -1 5 -1 2 7 5 -1 2 7 -1 2 7 5 -1 2 7 -1 2 7 5 -1 7 -1 7 5 -1 7 -1 7 5 -1 2 7 5 -1 2 7 -1 2 7 5 -1 7 -1 4 7 -1 7 -1 2 7 -1 7 -1 4 7 -1 7 6 -1 3 7 6 -1 3 7 -1 7 5 6 -1 7 -1 7 5 6 -1 7 5 -1 7 -1 7 5 -1 2 7 5 -1 7 5 -1 5 -1 5 6 -1 5 -1 7 5 -1 7 -1 7 5 -1 7 5 6 -1 7 5 -1 2 7 5 -1 7 5 -1 7 5 6 -1 7 5 -1 7 5 6 -1 7 5 -1 7 5 6 -1 7 6 -1 7 5 -1 2 7 5 -1 7 5 -1 2 7 5 -1 7 5 6 -1 7 5 -1 7 -1 2 7 5 -1 2 7 -1 7 -1 3 7 -1 7 -1 3 7 -1 7 -1 3 7 -1 7 -1 3 7 -1 7 -1 7 5 -1 7 -1 2 7 -1 2 7 5 -1 2 7 -1 7 -1 7 5 -1 3 7 5 6 -1 7 5 6 -1 7 5 -1 3 7 5 -1 7 5 -1 7 -1 7 5 -1 2 7 5 -1 2 5 -1 2 7 5 -1 7 -1 7 5 -1 3 7 -1 2 3 7 -1 2 7 -1 2 7 5 -1 2 -1 2 7 6 -1 7 -1 2 7 -1 7 -1 4 7 -1 2 7 5 -1 7 -1 2 7 5 -1 4 7 -1 7 -1 3 7 -1 7 -1 4 7 -1 7 -1 4 7 6 -1 4 7 -1 7 -1 7 5 -1 2 7 5 -1 7 5 -1 7 -1 7 5 -1 7 -1 7 5 -1 5 -1 7 5 -1 7 -1 7 5 -1 2 7 5 -1 2 7 -1 2 7 5 -1 7 -1 7 5 -1 7 -1 7 5 -1 2 7 5 -1 2 7 -1 2 7 5 -1 2 7 -1 7 -1 2 7 -1 7 -1 7 5 -1 7 -1 7 5 -1 7 -1 2 7 5 -1 2 7 -1 2 7 5 -1 7 -1 2 7 -1 7 -1 2 7 -1 7 -1 7 5 -1 7 -1 2 7 -1 7 -1 2 7 5 -1 2 7 -1 7 -1 7 5 -1 2 7 5 -1 7 5 -1 7 -1 7 5 -1 7 -1 7 5 -1 7 -1 4 7 -1 -2
7 5 -1 1 7 -1 1 7 5 -1 7 5 -1 2 7 5 -1 5 -1 7 5 -1 7 -1 1 7 -1 7 -1 7 6 -1 1 7 6 -1 7 5 -1 1 7 -1 7 5 -1 7 5 6 -1 7 -1 2 7 5 -1 7 5 -1 2 7 -1 2 4 7 -1 2 7 -1 1 7 5 -1 7 6 -1 7 5 -1 7 -1 7 5 6 -1 7 5 -1 2 7 5 -1 7 5 -1 2 5 -1 2 4 -1 2 4 7 -1 2 7 -1 1 7 -1 1 7 5 -1 7 -1 7 5 -1 1 7 -1 2 4 7 -1 7 -1 7 5 -1 7 5 6 -1 7 -1 7 5 -1 2 7 5 6 -1 2 7 -1 7 5 -1 1 2 7 5 -1 1 2 4 7 -1 1 2 7 -1 1 7 -1 7 -1 7 5 -1 7 -1 7 5 -1 7 -1 2 4 7 -1 1 7 -1 7 5 -1 7 -1 7 5 -1 5 -1 7 5 -1 3 7 5 -1 5 -1 7 5 -1 5 -1 7 5 -1 1 7 5 -1 7 -1 1 7 -1 7 -1 7 5 -1 7 -1 7 5 6 -1 5 6 -1 7 5 6 -1 7 5 -1 2 7 5 -1 2 7 -1 7 5 -1 7 -1 7 5 -1 1 7 -1 7 5 -1 7 -1 7 5 -1 5 -1 7 5 -1 7 5 6 -1 7 6 -1 1 7 5 -1 7 5 -1 7 -1 7 5 -1 7 -1 7 5 -1 7 5 6 -1 7 5 -1 7 -1 7 5 -1 5 -1 7 5 -1 7 -1 1 7 -1 7 5 -1 7 -1 7 5 -1 7 -1 7 5 -1 7 -1 7 5 -1 7 -1 7 5 -1 7 -1 2 4 7 -1 1 2 7 -1 1 7 -1 7 -1 7 5 -1 7 -1 1 7 -1 2 7 -1 1 7 -1 7 -1 2 7 -1 1 2 7 -1 7 -1 1 7 -1 7 5 -1 1 7 -1 7 -1 7 5 -1 1 7 5 -1 2 7 -1 7 5 -1 7 -1 1 7 -1 7 -1 1 7 -1 7 -1 2 7 5 -1 1 7 -1 7 -1 7 5 -1 7 -1 7 5 -1 7 -1 1 7 -1 7 -1 1 7 -1 7 5 -1 5 -1 5 6 -1 5 -1 7 5 -1 7 5 6 -1 7 5 -1 7 -1 7 5 -1 7 -1 7 5 -1 2 7 5 -1 7 5 -1 7 -1 7 5 -1 7 -1 1 7 5 -1 7 -1 7 5 -1 2 7 5 -1 7 5 -1 5 -1 7 5 -1 5 -1 7 5 -1 1 7 -1 7 -1 1 7 5 -1 1 7 -1 7 -1 1 7 -1 7 5 -1 2 7 5 -1 7 5 -1 1 7 5 -1 7 -1 7 5 -1 5 -1 7 5 -1 5 -1 7 5 -1 7 -1 7 5 -1 7 -1 7 5 -1 7 -1 1 2 7 -1 1 7 -1 7 -1 1 7 -1 1 2 7 -1 1 7 -1 7 -1 1 7 5 -1 1 7 -1 7 5 -1 5 -1 7 5 -1 7 -1 1 2 4 7 -1 2 4 7 -1 1 2 4 7 -1 1 7 -1 7 -1 1 7 -1 7 -1 1 2 7 -1 1 7 5 -1 7 5 -1 5 -1 3 7 5 -1 7 5 -1 7 -1 7 5 -1 5 -1 7 5 -1 7 -1 2 7 -1 1 7 -1 7 -1 2 7 -1 2 4 -1 2 4 7 -1 7 5 -1 2 4 7 -1 2 7 -1 1 2 7 -1 2 4 7 -1 1 7 -1 2 4 7 -1 2 7 -1 7 -1 2 7 -1 1 2 7 -1 7 5 -1 3 7 5 -1 7 5 -1 7 -1 7 5 -1 5 -1 7 5 -1 7 -1 7 5 -1 5 -1 7 5 -1 7 -1 7 5 -1 2 7 5 -1 2 7 -1 7 -1 2 7 -1 7 -1 2 7 -1 7 -1 2 7 -1 7 -1 2 4 7 -1 7 -1 7 5 -1 4 7 -1 7 -1 2 7 -1 7 -1 1 7 -1 7 -1 7 5 -1 7 -1 7 5 -1 7 -1 7 5 -1 7 5 6 -1 7 -1 2 7 -1 7 -1 7 5 -1 7 -1 2 7 -1 7 -1 7 5 -1 2 5 -1 5 -1 7 5 -1 5 -1 7 5 -1 5 -1 7 5 -1 5 -1 7 5 -1 5 -1 7 5 -1 7 -1 7 5 -1 7 -1 2 7 -1 2 -1 2 7 -1 5 -1 7 5 -1 5 -1 7 5 -1 7 5 6 -1 7 5 -1 7 -1 7 5 -1 7 -1 2 7 -1 2 7 5 -1 7 -1 7 5 -1 5 -1 7 5 -1 5 -1 7 5 -1 5 -1 7 5 -1 7 -1 7 5 -1 7 -1 2 7 -1 2 4 7 -1 2 7 -1 7 -1 2 7 -1 2 -1 2 7 -1 2 -1 7 -1 2 7 -1 7 -1 3 4 -1 7 -1 3 4 7 -1 3 4 -1 3 4 7 -1 3 4 7 5 -1 7 5 -1 7 -1 2 7 -1 7 -1 7 5 -1 7 -1 7 5 -1 7 -1 7 5 -1 7 -1 7 5 -1 5 -1 2 5 -1 5 -1 7 5 -1 7 -1 7 5 -1 5 -1 7 5 -1 7 -1 7 5 -1 7 -1 7 5 -1 2 5 -1 2 7 -1 7 -1 2 5 -1 2 7 5 -1 1 7 5 -1 1 2 7 -1 2 7 -1 7 -1 2 7 -1 2 7 5 -1 1 2 7 -1 2 7 5 -1 2 5 -1 2 7 5 -1 2 7 -1 2 7 5 -1 2 7 -1 2 7 5 -1 2 7 -1 7 5 -1 5 -1 2 5 -1 5 -1 7 5 -1 7 -1 2 7 -1 7 5 -1 2 4 7 5 -1 2 4 -1 2 -1 2 7 5 -1 7 5 -1 7 -1 7 5 -1 7 -1 7 5 -1 2 7 -1 7 5 -1 7 -1 7 5 -1 7 -1 7 5 -1 7 -1 7 5 -1 7 -1 1 7 -1 7 -1 7 5 -1 7 -1 1 7 -1 7 -1 7 5 -1 7 -1 7 5 -1 7 -1 7 5 -1 7 -1 7 5 -1 7 -1 4 7 -1 7 -1 2 7 -1 2 7 5 -1 5 -1 7 5 -1 7 -1 7 5 -1 7 -1 1 7 -1 7 5 -1 5 -1 7 5 -1 7 -1 7 5 -1 2 7 5 -1 1 7 -1 2 7 -1 7 -1 7 5 -1 7 -1 7 5 -1 7 -1 7 5 -1 5 -1 7 5 -1 7 5 6 -1 7 -1 1 7 -1 7 -1 1 7 -1 1 7 5 -1 1 7 -1 7 -1 1 2 7 -1 7 -1 1 7 -1 7 -1 2 7 5 -1 7 5 -1 2 7 5 -1 2 7 -1 7 -1 2 7 -1 2 7 5 -1 5 6 -1 6 -1 7 -1 1 7 -1 7 -1 7 5 -1 7 -1 1 7 -1 7 -1 7 5 -1 2 7 -1 7 -1 7 5 -1 2 7 5 -1 7 5 -1 7 -1 2 7 5 -1 2 7 -1 2 7 5 -1 2 7 -1 2 7 5 -1 7 5 -1 2 7 5 -1 7 5 -1 2 7 5 -1 7 5 -1 2 7 -1 7 -1 1 7 -1 1 7 5 -1 7 5 -1 1 7 5 -1 7 -1 1 7 -1 7 -1 2 7 -1 7 5 -1 2 7 -1 2 7 5 -1 7 -1 2 7 -1 2 7 5 -1 7 5 -1 2 7 5 -1 7 5 -1 1 7 5 -1 1 7 -1 7 -1 2 7 -1 2 7 5 -1 2 7 -1 7 -1 2 7 -1 2 7 5 -1 7 5 -1 2 7 -1 7 5 -1 7 -1 7 5 -1 7 -1 1 2 7 -1 2 4 7 -1 1 2 4 7 -1 1 7 5 -1 7 5 -1 7 -1 7 5 -1 5 -1 7 5 -1 5 -1 7 5 -1 7 5 6 -1 7 5 -1 7 -1 7 5 -1 7 -1 7 5 -1 7 -1 7 5 -1 5 -1 7 5 -1 5 -1 7 5 -1 7 -1 2 7 -1 2 7 5 -1 7 5 -1 2 7 5 -1 7 5 -1 2 7 5 -1 7 5 -1 2 7 5 -1 7 5 -1 2 7 5 -1 7 5 -1 7 5 6 -1 7 5 -1 1 7 -1 7 5 -1 1 7 5 -1 1 7 -1 7 5 -1 7 -1 7 5 -1 2 5 6 -1 2 5 -1 7 5 -1 7 -1 7 5 -1 2 7 5 -1 2 5 6 -1 5 -1 2 5 -1 2 7 5 -1 7 5 -1 2 5 6 -1 5 6 -1 7 5 6 -1 5 6 -1 7 5 6 -1 5 6 -1 7 5 6 -1 7 5 -1 7 5 6 -1 1 7 5 -1 1 7 -1 1 7 5 -1 5 6 -1 7 5 6 -1 1 7 -1 7 5 -1 1 7 5 -1 1 7 -1 7 -1 1 7 -1 7 -1 7 5 -1 5 -1 7 5 -1 7 5 6 -1 5 -1 7 5 -1 5 -1 7 5 -1 5 -1 7 5 -1 7 -1 7 5 -1 2 7 5 -1 7 5 -1 7 -1 2 7 -1 7 -1 2 7 5 -1 2 7 -1 7 5 -1 7 -1 7 5 -1 5 -1 2 7 5 -1 7 -1 2 7 -1 7 -1 2 7 -1 2 7 5 -1 5 -1 7 5 -1 2 7 5 -1 7 5 -1 2 7 -1 2 7 5 -1 2 7 -1 7 -1 2 7 -1 2 7 5 -1 7 5 -1 1 7 5 -1 1 2 7 -1 7 -1 1 7 -1 7 5 -1 1 7 -1 2 7 -1 1 7 -1 7 -1 7 5 -1 1 7 5 -1 1 7 -1 2 7 -1 2 7 5 -1 7 5 -1 7 -1 1 7 -1 2 7 -1 2 4 7 -1 2 4 -1 2 7 -1 2 7 5 -1 7 -1 2 7 -1 7 -1 1 7 -1 1 2 7 5 -1 1 7 -1 1 7 5 -1 1 2 7 5 -1 2 7 -1 1 7 -1 7 5 -1 7 -1 7 5 -1 7 -1 1 7 -1 1 7 5 -1 2 7 5 -1 2 7 -1 7 -1 4 7 -1 7 -1 2 7 -1 1 7 -1 1 7 5 -1 1 7 -1 7 -1 1 7 -1 7 -1 7 5 -1 7 -1 7 5 -1 7 -1 1 7 -1 7 -1 1 7 -1 7 -1 1 7 -1 7 5 -1 7 -1 1 7 -1 7 -1 7 5 -1 5 -1 7 5 -1 7 -1 2 7 -1 7 -1 4 7 -1 2 7 -1 1 2 7 -1 7 -1 1 7 -1 2 7 -1 1 7 -1 1 4 7 -1 7 -1 2 7 -1 7 -1 7 5 -1 2 7 -1 7 -1 4 7 -1 2 4 7 -1 2 7 -1 7 -1 2 7 5 -1 7 5 -1 2 7 -1 7 -1 2 7 -1 7 -1 2 7 -1 7 -1 7 5 -1 2 7 -1 7 -1 2 7 -1 2 4 7 5 -1 2 7 -1 7 -1 2 7 -1 7 -1 7 5 -1 5 -1 7 5 -1 7 -1 7 5 -1 2 7 -1 7 -1 7 5 -1 2 7 -1 1 7 -1 2 7 5 -1 2 7 -1 7 -1 7 5 -1 7 -1 2 7 -1 7 -1 7 5 -1 5 -1 7 5 -1 2 7 5 -1 7 -1 7 5 -1 2 7 -1 7 -1 2 7 5 -1 7 5 -1 2 4 7 -1 1 2 7 -1 -2
7 -1 4 7 -1 7 -1 7 5 6 -1 7 -1 4 7 -1 7 -1 7 6 -1 4 7 6 -1 7 -1 7 5 -1 7 5 6 -1 7 -1 7 5 -1 7 -1 4 7 -1 7 -1 7 6 -1 7 5 -1 7 5 6 -1 7 -1 7 6 -1 7 -1 4 7 -1 2 4 7 -1 4 7 -1 7 -1 7 5 -1 7 -1 7 5 -1 7 -1 1 7 -1 7 -1 1 7 5 -1 7 5 -1 4 7 -1 7 -1 7 5 -1 7 -1 7 5 -1 4 7 5 -1 7 5 -1 5 -1 7 5 -1 7 -1 7 5 -1 7 -1 7 5 -1 7 -1 7 5 -1 7 -1 7 5 -1 1 4 7 5 -1 1 7 5 -1 7 -1 7 5 -1 7 -1 1 7 -1 7 -1 7 5 -1 7 -1 7 5 -1 7 -1 1 7 5 -1 7 5 -1 7 -1 7 5 -1 4 7 -1 7 -1 1 7 5 -1 7 -1 1 7 5 -1 1 5 -1 1 7 5 -1 7 5 -1 7 5 6 -1 7 6 -1 4 7 -1 7 -1 4 7 -1 7 -1 4 7 -1 7 -1 4 7 -1 7 -1 1 7 -1 1 7 5 -1 1 7 -1 7 -1 4 7 -1 7 5 -1 7 -1 7 5 -1 7 -1 7 5 -1 7 -1 7 5 -1 7 -1 7 5 -1 1 7 5 -1 7 5 -1 7 -1 7 5 -1 7 -1 7 6 -1 7 -1 4 7 -1 7 -1 7 6 -1 4 7 6 -1 4 7 -1 7 -1 4 7 -1 7 -1 4 7 -1 7 -1 4 7 -1 7 -1 4 7 -1 4 7 6 -1 4 7 -1 7 -1 4 7 -1 7 -1 4 7 6 -1 7 6 -1 7 5 6 -1 4 7 5 -1 4 7 -1 4 7 5 -1 7 5 -1 7 -1 4 7 -1 7 -1 4 7 6 -1 4 7 -1 7 -1 4 7 -1 7 -1 4 7 -1 4 7 6 -1 4 7 -1 1 4 7 -1 7 -1 4 7 -1 7 -1 4 7 -1 7 -1 4 7 -1 7 -1 2 7 -1 7 -1 4 7 -1 7 -1 4 7 -1 7 -1 4 7 -1 7 -1 4 7 -1 7 -1 4 7 5 -1 4 7 -1 7 -1 7 5 -1 7 -1 7 6 -1 4 7 6 -1 7 -1 4 7 -1 7 -1 4 7 6 -1 4 7 -1 7 -1 4 7 -1 7 -1 7 6 -1 4 7 6 -1 4 7 -1 4 7 6 -1 4 7 -1 4 7 6 -1 4 7 -1 7 -1 4 7 -1 7 -1 4 7 -1 4 7 5 -1 4 7 -1 4 7 6 -1 4 7 -1 7 -1 4 7 -1 7 -1 4 7 -1 7 -1 7 5 -1 7 -1 7 5 -1 7 -1 7 5 -1 4 7 5 -1 7 5 -1 7 -1 7 5 -1 4 7 -1 7 -1 4 7 -1 4 7 5 -1 7 -1 7 5 -1 7 -1 7 5 -1 4 7 -1 7 5 -1 7 -1 7 5 -1 4 7 -1 4 7 6 -1 7 -1 7 5 -1 7 5 6 -1 7 -1 4 7 -1 7 -1 4 7 -1 7 -1 1 7 -1 7 -1 4 7 -1 7 -1 1 7 5 -1 7 5 -1 7 -1 7 5 -1 7 -1 7 5 -1 7 -1 7 5 -1 7 -1 7 5 -1 7 -1 4 7 -1 7 -1 7 5 -1 7 -1 7 5 -1 7 5 6 -1 4 7 5 6 -1 7 -1 7 5 -1 7 -1 4 7 -1 4 7 5 -1 7 5 -1 7 5 6 -1 7 5 -1 5 -1 7 5 -1 4 7 5 -1 7 6 -1 7 -1 7 5 -1 4 7 -1 7 5 -1 7 -1 7 5 -1 7 5 6 -1 7 5 -1 7 -1 7 5 -1 7 -1 7 5 -1 7 -1 7 5 -1 7 5 6 -1 4 7 5 6 -1 7 5 6 -1 7 5 -1 7 -1 7 5 -1 7 5 6 -1 7 5 -1 7 5 6 -1 7 -1 4 7 -1 7 -1 7 5 -1 7 -1 4 7 5 -1 4 5 -1 4 7 5 6 -1 4 7 5 -1 7 5 -1 5 -1 7 5 -1 4 7 5 -1 7 5 -1 7 -1 7 5 -1 7 -1 7 5 -1 7 -1 7 5 -1 7 -1 7 5 -1 4 7 5 -1 7 5 -1 7 -1 4 7 -1 7 -1 7 5 -1 7 -1 7 5 -1 4 7 5 -1 4 7 -1 7 -1 7 5 -1 4 7 5 -1 7 5 -1 7 -1 7 5 -1 7 -1 4 7 -1 7 -1 4 7 -1 7 -1 4 7 -1 7 -1 7 5 -1 7 -1 4 7 -1 7 -1 7 5 -1 7 -1 7 5 -1 4 7 5 -1 7 5 -1 7 -1 7 5 -1 7 -1 7 5 -1 7 -1 7 6 -1 4 7 5 6 -1 4 7 5 -1 7 5 -1 4 7 5 -1 4 7 -1 7 5 -1 7 5 6 -1 7 5 -1 4 7 5 -1 4 5 -1 4 7 5 -1 7 5 -1 7 -1 7 5 -1 7 -1 7 5 -1 7 -1 7 5 -1 7 -1 7 5 -1 7 -1 7 5 -1 4 7 5 -1 7 5 -1 4 7 5 -1 7 5 -1 4 7 5 -1 7 5 -1 7 -1 4 7 -1 7 5 -1 7 -1 7 5 -1 7 -1 7 5 -1 7 -1 7 5 -1 7 -1 7 5 -1 4 7 5 -1 7 5 -1 7 -1 7 5 -1 7 -1 7 5 -1 4 7 5 -1 4 7 -1 7 -1 7 5 -1 7 -1 4 7 5 -1 4 7 -1 7 -1 7 5 -1 7 -1 7 5 -1 7 -1 7 5 -1 4 7 5 -1 7 5 -1 4 7 5 -1 7 5 -1 4 7 5 -1 7 5 -1 7 -1 7 5 -1 7 -1 7 5 -1 7 -1 7 5 -1 7 -1 4 7 5 -1 4 7 -1 7 -1 4 7 -1 7 -1 7 5 -1 7 -1 7 5 -1 7 -1 7 5 -1 7 -1 4 7 5 -1 4 5 -1 4 7 5 -1 7 -1 4 7 -1 7 5 -1 7 5 6 -1 7 5 -1 7 5 6 -1 4 7 5 -1 4 5 -1 4 7 5 -1 7 5 -1 1 7 5 -1 7 5 -1 1 7 5 -1 7 5 -1 5 -1 7 5 -1 5 -1 7 5 -1 1 7 5 -1 7 5 -1 1 7 5 -1 1 5 -1 1 7 5 -1 7 5 -1 1 7 -1 7 5 -1 1 7 5 -1 7 5 -1 7 -1 7 5 -1 5 -1 7 5 -1 1 7 5 -1 1 5 -1 1 7 5 -1 1 5 -1 1 4 7 -1 1 4 7 5 -1 7 5 6 -1 7 5 -1 1 7 5 -1 1 5 -1 1 4 7 5 -1 1 5 -1 5 6 -1 1 7 5 6 -1 1 7 -1 7 5 -1 1 7 5 -1 7 5 -1 1 7 5 -1 7 5 -1 1 7 5 -1 7 5 6 -1 5 6 -1 7 5 -1 7 5 6 -1 2 7 5 6 -1 7 5 -1 1 7 5 -1 1 4 7 5 -1 7 5 -1 1 7 5 -1 7 5 -1 1 7 5 -1 1 4 7 -1 4 7 5 -1 4 7 -1 7 -1 7 5 -1 7 -1 1 7 -1 1 7 5 -1 7 5 -1 7 -1 7 5 -1 1 7 5 -1 7 5 -1 7 -1 7 5 -1 1 7 5 -1 7 5 -1 1 7 5 -1 7 5 -1 1 7 5 -1 7 5 -1 1 7 5 -1 7 5 -1 1 7 5 -1 7 5 -1 1 7 5 -1 7 5 -1 1 7 5 -1 7 5 -1 4 7 -1 1 7 5 -1 4 7 -1 7 5 -1 7 -1 7 5 -1 1 7 5 -1 1 5 -1 1 7 5 -1 4 7 5 -1 4 7 -1 7 5 -1 1 7 5 -1 7 5 -1 1 7 5 -1 1 5 -1 1 7 5 -1 1 7 -1 1 7 5 -1 1 7 -1 1 4 7 -1 1 4 7 5 -1 1 7 5 -1 1 5 -1 1 7 -1 2 4 7 -1 4 7 -1 7 -1 1 7 -1 1 7 5 -1 7 -1 4 7 -1 7 -1 1 7 5 -1 1 4 7 -1 1 4 7 5 -1 4 7 -1 1 7 -1 1 7 5 -1 7 5 -1 7 -1 4 7 5 -1 4 7 5 6 -1 4 7 5 -1 4 7 -1 4 7 5 -1 1 7 5 -1 1 -1 1 7 5 -1 1 7 -1 7 5 -1 1 7 5 -1 7 5 -1 1 7 -1 7 -1 1 7 -1 7 5 -1 1 7 5 -1 2 4 7 -1 2 7 -1 2 4 7 -1 2 7 -1 7 -1 7 5 -1 7 -1 7 5 -1 7 -1 7 5 -1 1 7 -1 4 7 5 -1 4 7 -1 4 7 5 -1 7 -1 7 5 -1 4 7 -1 7 5 -1 4 7 5 -1 7 5 -1 7 -1 7 5 -1 4 7 5 -1 2 7 5 -1 4 7 5 -1 7 5 -1 4 7 -1 4 7 5 -1 7 5 -1 4 7 5 -1 7 -1 4 7 -1 7 5 -1 1 7 5 -1 1 7 -1 7 5 -1 1 4 7 5 -1 7 5 -1 7 -1 1 7 5 -1 7 -1 7 5 -1 7 -1 7 5 -1 7 -1 7 5 6 -1 4 7 6 -1 4 7 -1 4 -1 4 7 -1 -2
7 -1 4 7 -1 7 -1 4 7 -1 7 -1 1 7 -1 1 4 7 -1 4 7 -1 7 -1 1 7 -1 7 -1 4 7 -1 7 -1 4 7 -1 2 4 7 -1 4 7 -1 7 -1 4 7 -1 7 -1 1 7 -1 7 -1 1 7 -1 7 -1 1 7 -1 7 -1 4 7 -1 7 -1 4 7 6 -1 7 -1 4 7 -1 7 -1 4 7 -1 7 -1 7 6 -1 6 -1 7 6 -1 7 -1 4 7 -1 7 -1 4 7 -1 7 -1 4 7 -1 7 -1 4 7 -1 7 -1 4 7 -1 7 -1 4 7 -1 7 -1 1 7 -1 7 -1 4 7 -1 7 -1 4 7 -1 7 -1 1 7 -1 7 -1 4 7 -1 7 -1 4 7 -1 7 -1 4 7 -1 7 -1 4 7 -1 7 -1 4 7 -1 7 -1 4 7 -1 7 -1 4 7 -1 7 -1 4 7 -1 7 -1 4 7 -1 7 -1 4 7 -1 7 -1 2 7 -1 7 -1 4 7 -1 7 -1 4 7 -1 7 -1 4 7 -1 7 -1 1 7 -1 7 -1 4 7 -1 7 -1 4 7 -1 7 -1 4 7 -1 7 -1 4 7 -1 7 -1 4 7 -1 7 -1 4 7 -1 7 -1 4 7 -1 7 -1 4 7 -1 4 -1 4 7 -1 7 -1 4 7 -1 7 -1 4 7 -1 4 -1 4 7 -1 4 -1 4 7 -1 4 -1 4 7 -1 7 -1 4 7 -1 7 -1 4 7 -1 7 -1 4 7 -1 4 -1 4 7 -1 7 -1 4 7 -1 7 -1 4 7 -1 7 -1 4 7 -1 7 -1 4 7 -1 7 -1 4 7 -1 7 -1 4 7 -1 7 -1 4 7 -1 7 -1 4 7 -1 7 -1 4 7 -1 7 -1 1 7 -1 7 -1 4 7 -1 7 -1 4 7 -1 7 -1 4 7 -1 7 -1 4 7 -1 7 -1 1 7 -1 7 -1 4 7 -1 7 -1 4 7 -1 7 -1 4 7 -1 7 -1 4 7 -1 7 -1 4 7 -1 7 -1 4 7 -1 7 -1 4 7 -1 7 -1 4 7 -1 7 -1 1 7 -1 7 -1 1 7 -1 7 -1 1 7 -1 7 -1 4 7 -1 7 -1 1 7 -1 7 -1 1 7 -1 7 -1 4 7 -1 7 -1 4 7 -1 7 -1 4 7 -1 7 -1 4 7 -1 4 -1 4 7 -1 1 7 -1 4 7 -1 7 -1 4 7 -1 7 -1 4 7 -1 7 -1 4 7 -1 7 -1 4 7 -1 7 -1 4 7 -1 7 -1 4 7 -1 7 -1 7 5 -1 7 -1 4 7 -1 7 -1 4 7 -1 7 -1 4 7 -1 7 -1 4 7 -1 7 -1 4 7 -1 7 -1 4 7 -1 7 -1 4 7 -1 7 -1 4 7 -1 2 7 -1 7 -1 4 7 -1 7 -1 4 7 -1 7 6 -1 7 -1 4 7 -1 7 -1 4 7 -1 7 -1 4 7 -1 7 -1 4 7 -1 7 -1 4 7 -1 7 -1 4 7 -1 7 -1 4 7 -1 7 -1 4 7 -1 1 4 7 -1 4 7 -1 7 -1 1 7 -1 7 -1 1 7 -1 7 -1 1 7 -1 1 2 7 -1 7 -1 4 7 -1 1 7 -1 7 -1 4 7 -1 7 -1 4 7 -1 7 -1 4 7 -1 7 -1 4 7 -1 7 -1 4 7 -1 7 -1 4 7 -1 1 7 -1 7 -1 4 7 -1 7 -1 2 7 -1 7 -1 1 7 -1 7 -1 4 7 -1 7 -1 1 7 -1 7 -1 4 7 -1 1 7 -1 7 -1 4 7 -1 7 -1 4 7 -1 7 -1 4 7 -1 7 -1 4 7 -1 7 -1 -2
7 -1 7 5 -1 7 -1 2 7 -1 7 -1 2 7 -1 2 7 5 -1 7 5 -1 2 4 7 -1 2 7 -1 7 -1 2 7 -1 7 -1 4 7 -1 7 -1 2 4 7 -1 2 7 -1 2 4 7 -1 2 7 -1 7 5 -1 7 -1 2 4 7 -1 2 7 -1 7 -1 2 7 -1 7 -1 7 5 -1 7 -1 7 5 -1 7 -1 7 5 -1 4 7 -1 7 -1 2 7 -1 7 -1 7 5 -1 7 -1 7 5 -1 7 -1 7 5 -1 7 -1 7 5 -1 7 -1 7 5 -1 7 -1 7 5 -1 7 -1 7 5 -1 7 -1 7 5 -1 7 -1 7 5 -1 7 -1 7 5 -1 7 -1 7 5 -1 7 -1 7 5 -1 7 -1 7 5 -1 7 -1 7 5 -1 7 -1 7 5 -1 7 -1 4 7 -1 2 4 7 -1 4 7 -1 7 -1 2 7 -1 7 -1 2 7 -1 7 -1 2 7 5 -1 2 7 -1 7 5 -1 2 7 -1 7 5 -1 7 -1 2 7 -1 7 -1 7 5 -1 7 -1 7 5 -1 7 -1 7 5 -1 7 -1 2 7 -1 7 -1 7 5 -1 7 -1 4 7 -1 7 -1 2 7 -1 7 -1 2 7 -1 7 -1 2 7 -1 7 -1 4 7 -1 4 -1 4 7 -1 2 4 7 -1 4 7 -1 7 -1 2 7 -1 7 -1 4 7 -1 7 5 -1 7 -1 2 7 -1 7 -1 2 4 7 -1 7 -1 2 7 -1 7 -1 2 7 -1 7 -1 2 7 5 -1 2 7 -1 2 4 7 -1 2 7 -1 7 5 -1 2 7 -1 7 5 -1 7 -1 2 7 -1 7 -1 7 5 -1 2 7 -1 7 5 -1 7 -1 7 5 -1 2 7 5 -1 7 -1 2 7 -1 2 7 5 -1 7 -1 2 7 5 -1 7 5 -1 7 -1 2 7 -1 7 -1 7 5 -1 2 7 -1 2 7 5 -1 7 5 -1 7 -1 2 7 -1 7 -1 2 7 -1 4 7 -1 2 7 -1 7 5 -1 7 -1 2 7 -1 7 -1 2 7 -1 7 5 -1 2 7 5 -1 7 5 -1 2 7 5 -1 7 5 -1 7 -1 7 5 -1 2 7 5 -1 7 -1 7 5 -1 2 7 5 -1 2 7 -1 7 -1 2 7 -1 7 -1 2 7 -1 7 -1 4 7 -1 7 -1 7 5 -1 7 -1 7 5 -1 7 -1 7 5 -1 7 -1 2 7 -1 7 -1 7 5 -1 7 -1 2 7 -1 2 7 5 -1 7 -1 7 5 -1 7 -1 2 7 -1 7 -1 2 7 -1 2 7 5 -1 2 7 -1 7 -1 2 7 -1 7 -1 2 7 -1 4 7 -1 7 -1 7 5 -1 7 -1 2 7 -1 2 7 5 -1 7 -1 7 5 -1 7 -1 2 7 -1 7 -1 2 7 -1 7 -1 7 5 -1 2 7 5 -1 7 5 -1 7 -1 7 5 -1 2 7 5 -1 2 7 -1 2 7 5 -1 7 5 -1 2 7 -1 2 7 5 -1 2 7 -1 2 7 5 -1 7 5 -1 7 -1 7 5 -1 2 7 -1 2 5 -1 2 7 5 -1 7 5 -1 7 -1 7 5 -1 2 7 5 -1 2 7 -1 7 5 -1 7 -1 7 5 -1 7 -1 1 7 -1 7 -1 1 7 -1 7 -1 7 5 -1 7 -1 2 7 -1 7 -1 2 7 -1 7 -1 7 5 -1 2 7 -1 2 7 5 -1 2 7 -1 2 7 5 -1 7 5 -1 2 7 5 -1 7 -1 7 5 -1 7 -1 2 7 5 -1 7 5 -1 2 7 5 -1 7 5 -1 2 7 -1 7 -1 7 5 -1 7 -1 1 7 -1 7 -1 7 5 -1 7 -1 2 7 -1 7 -1 7 5 -1 7 -1 7 5 -1 7 -1 7 5 -1 2 7 5 -1 7 -1 7 5 -1 7 -1 7 5 -1 7 -1 7 5 -1 7 -1 7 5 -1 7 -1 7 5 -1 7 -1 7 5 -1 7 -1 2 7 5 -1 7 -1 2 7 5 -1 7 5 -1 7 -1 7 5 -1 7 -1 7 5 -1 7 -1 2 7 -1 7 5 -1 4 7 -1 7 -1 2 7 -1 7 -1 7 5 -1 7 -1 7 5 -1 2 7 5 -1 7 -1 7 5 -1 7 -1 7 5 -1 7 -1 7 5 -1 7 -1 2 7 -1 7 5 -1 7 -1 7 5 -1 7 -1 7 5 -1 7 -1 7 5 -1 7 -1 7 5 -1 7 -1 7 5 -1 1 7 -1 7 -1 1 7 -1 7 -1 2 7 -1 7 -1 7 5 -1 2 7 5 -1 7 -1 7 5 -1 2 7 5 -1 7 -1 2 7 5 -1 7 5 -1 2 7 -1 7 -1 7 5 -1 7 -1 2 7 -1 7 5 -1 2 7 -1 7 -1 2 7 5 -1 2 7 -1 7 -1 2 7 -1 7 -1 7 5 -1 7 -1 1 7 -1 7 -1 7 5 -1 7 -1 7 5 -1 7 -1 7 5 -1 7 -1 7 5 -1 7 -1 7 5 -1 7 -1 7 5 -1 7 -1 1 7 5 -1 7 5 -1 7 -1 7 5 -1 7 -1 7 5 -1 7 -1 7 5 -1 7 -1 7 5 -1 7 -1 7 5 -1 7 -1 7 5 -1 7 -1 2 7 5 -1 7 -1 7 5 -1 7 -1 7 5 -1 7 -1 7 5 -1 7 -1 7 5 -1 7 -1 7 5 -1 7 -1 7 5 -1 2 7 -1 7 -1 7 5 -1 7 -1 1 7 -1 7 -1 1 7 -1 7 -1 2 4 7 -1 4 7 -1 2 4 7 -1 7 -1 7 5 -1 7 5 6 -1 7 -1 7 5 -1 7 -1 7 5 -1 7 -1 7 5 -1 7 -1 7 5 -1 7 -1 7 5 -1 7 -1 7 5 -1 7 -1 7 5 -1 7 -1 7 5 -1 7 -1 4 7 -1 7 -1 7 5 -1 7 -1 7 5 -1 7 -1 7 5 -1 7 -1 7 5 -1 7 -1 7 5 -1 7 -1 7 5 -1 2 7 -1 2 4 7 -1 2 7 -1 7 -1 7 5 -1 7 -1 7 5 -1 7 -1 4 7 -1 7 -1 7 5 -1 7 -1 7 5 -1 7 -1 7 5 -1 7 -1 7 5 -1 7 -1 4 7 -1 7 -1 4 7 -1 7 -1 4 7 -1 7 -1 2 7 -1 4 7 -1 7 -1 2 4 7 -1 2 7 -1 7 -1 7 5 -1 7 -1 7 5 -1 2 7 5 -1 2 -1 2 7 5 -1 7 5 -1 2 7 5 -1 2 4 7 -1 2 4 -1 2 4 7 -1 7 -1 2 4 7 -1 2 7 -1 2 4 7 -1 2 7 -1 7 -1 2 4 7 -1 2 7 -1 7 -1 2 7 -1 2 4 7 -1 2 7 -1 7 -1 4 7 -1 7 -1 4 7 -1 7 -1 2 7 -1 2 4 7 -1 4 7 -1 7 -1 4 7 -1 7 -1 1 4 7 -1 4 7 -1 7 -1 4 7 -1 2 4 7 -1 7 -1 4 7 -1 1 4 7 -1 7 -1 4 7 -1 7 -1 4 7 -1 7 -1 4 7 -1 7 -1 4 7 -1 7 -1 4 7 -1 7 -1 4 7 -1 7 -1 2 7 -1 7 -1 4 7 -1 7 -1 4 7 -1 7 -1 4 7 -1 2 4 -1 2 7 -1 -2
7 -1 4 7 -1 7 -1 4 7 -1 4 -1 1 4 7 -1 4 7 -1 1 4 7 -1 4 7 -1 1 4 7 -1 7 -1 4 7 -1 7 -1 4 7 5 -1 7 -1 4 7 -1 4 -1 4 7 -1 7 -1 4 7 -1 7 -1 4 7 -1 7 -1 1 7 -1 1 4 7 -1 4 7 -1 1 4 7 -1 4 7 -1 7 -1 4 7 -1 7 -1 4 7 -1 7 -1 4 7 -1 7 -1 4 7 -1 7 -1 1 7 -1 7 -1 4 7 -1 7 -1 4 7 -1 7 -1 4 7 -1 7 -1 4 7 -1 7 -1 4 7 -1 7 -1 4 7 -1 7 -1 1 4 7 -1 7 -1 1 7 -1 7 -1 4 7 -1 7 -1 4 7 -1 1 4 7 -1 4 7 -1 1 7 -1 7 -1 4 7 -1 7 -1 1 7 -1 7 -1 7 5 -1 7 -1 4 7 -1 1 4 7 -1 4 7 -1 1 4 7 -1 4 7 -1 1 4 7 -1 1 7 -1 4 7 -1 7 -1 4 7 -1 7 -1 4 7 -1 7 -1 4 7 -1 7 -1 4 7 -1 7 -1 4 7 -1 7 -1 7 5 -1 7 -1 1 7 -1 7 -1 1 4 7 -1 7 -1 1 7 -1 7 -1 4 7 -1 7 -1 4 7 -1 7 -1 4 7 -1 7 -1 4 7 -1 7 -1 4 7 -1 7 -1 4 7 -1 7 -1 4 7 -1 7 -1 4 7 -1 7 -1 4 7 -1 7 -1 4 7 -1 7 -1 4 7 -1 1 4 7 -1 4 7 -1 4 -1 4 7 -1 7 -1 4 7 -1 4 -1 1 4 7 -1 4 7 -1 1 4 7 -1 4 7 -1 1 4 7 -1 4 7 -1 4 -1 4 7 -1 1 4 -1 4 7 -1 7 -1 4 7 -1 4 -1 4 7 -1 4 -1 4 7 -1 4 -1 4 7 -1 4 -1 4 7 -1 1 4 7 -1 4 7 -1 4 -1 4 7 -1 4 -1 4 7 -1 4 -1 4 7 -1 1 4 7 -1 1 4 -1 4 -1 4 7 -1 4 -1 4 7 -1 1 4 7 -1 4 7 -1 1 4 7 -1 4 -1 4 7 -1 4 -1 4 7 -1 4 -1 4 7 -1 1 4 7 -1 4 7 -1 4 -1 1 4 7 -1 4 7 -1 7 -1 4 7 -1 7 -1 4 7 -1 7 -1 4 7 -1 1 4 7 -1 1 4 -1 4 -1 4 7 -1 4 -1 4 7 -1 1 4 7 -1 4 7 -1 1 4 7 -1 4 7 -1 1 4 7 -1 4 7 -1 4 -1 4 7 -1 1 4 7 -1 4 7 -1 1 4 7 -1 4 7 -1 7 -1 1 4 7 -1 1 7 -1 7 -1 4 7 -1 1 4 7 -1 4 7 -1 1 4 7 -1 1 4 -1 4 -1 4 7 -1 1 4 7 -1 4 7 -1 7 -1 4 7 -1 7 -1 4 7 -1 1 4 7 -1 4 -1 4 7 -1 1 4 7 -1 4 7 -1 7 -1 1 7 -1 7 -1 1 7 -1 7 -1 7 5 -1 1 7 5 -1 1 7 -1 1 7 5 -1 7 5 -1 7 -1 4 7 -1 1 4 7 -1 4 7 -1 7 -1 4 7 -1 7 -1 1 4 7 -1 4 7 -1 4 -1 4 7 -1 1 4 -1 4 -1 4 7 -1 4 -1 1 4 7 -1 4 7 -1 7 -1 1 7 -1 7 -1 4 7 -1 7 -1 4 7 -1 7 -1 1 7 -1 7 -1 1 7 -1 7 -1 1 7 -1 4 7 -1 1 4 7 -1 4 7 -1 7 -1 4 7 -1 7 -1 4 7 -1 1 4 7 -1 4 7 -1 7 -1 7 5 -1 7 -1 4 7 -1 1 7 -1 7 -1 4 7 -1 1 4 7 -1 1 7 -1 1 4 7 -1 1 7 -1 7 -1 4 7 -1 7 -1 4 7 -1 1 4 7 -1 4 7 -1 1 4 7 -1 4 7 -1 1 4 7 -1 1 4 -1 1 4 7 -1 1 7 -1 7 -1 4 7 -1 1 4 7 -1 7 -1 1 7 -1 1 4 7 -1 4 7 -1 1 4 7 -1 1 4 -1 1 4 7 -1 4 7 -1 1 4 7 -1 1 7 -1 1 -1 1 7 -1 1 4 7 -1 4 7 -1 7 -1 4 7 -1 7 -1 1 7 -1 7 -1 1 7 -1 1 4 7 -1 1 7 -1 1 4 7 -1 1 7 -1 1 4 7 -1 7 -1 4 7 -1 1 4 7 -1 4 7 -1 1 7 -1 1 4 7 -1 4 7 -1 7 -1 1 7 -1 7 -1 4 7 -1 7 -1 7 5 -1 7 -1 1 7 -1 4 7 -1 7 -1 1 7 -1 7 -1 1 7 -1 7 -1 1 7 -1 7 -1 1 7 -1 1 4 7 -1 1 4 -1 1 4 7 -1 4 7 -1 1 4 7 -1 1 7 -1 1 7 5 -1 1 7 -1 7 -1 4 7 -1 1 4 7 -1 4 7 -1 7 -1 4 7 -1 1 4 7 -1 1 7 -1 4 7 -1 1 4 7 -1 1 7 -1 7 -1 7 5 -1 7 -1 1 4 7 -1 4 7 -1 1 4 7 -1 7 -1 1 4 7 -1 1 4 -1 1 4 7 -1 4 7 -1 1 4 7 -1 1 4 -1 1 4 7 -1 1 7 -1 1 4 7 -1 1 7 -1 4 7 -1 1 4 7 -1 7 -1 4 7 -1 7 -1 4 7 -1 7 -1 4 7 -1 1 4 7 -1 4 7 -1 7 -1 1 7 -1 1 4 7 -1 7 -1 1 7 -1 7 -1 1 7 -1 1 4 7 -1 4 7 -1 1 4 7 -1 4 7 -1 1 4 7 -1 4 7 -1 1 4 7 -1 4 7 -1 1 4 7 -1 4 7 -1 1 4 7 -1 1 7 -1 1 7 5 -1 4 7 5 -1 1 4 7 -1 1 7 -1 1 7 5 -1 7 -1 7 5 -1 1 7 5 -1 7 5 -1 4 7 -1 4 7 5 -1 1 7 5 -1 1 4 7 -1 4 7 -1 1 7 5 -1 7 5 -1 7 -1 4 7 -1 4 -1 4 7 -1 1 4 7 -1 1 7 -1 7 -1 4 7 -1 7 -1 4 7 -1 7 -1 4 7 -1 7 -1 4 7 -1 7 -1 4 7 -1 7 -1 4 7 -1 7 -1 1 7 -1 7 -1 4 7 -1 7 -1 4 7 -1 7 -1 4 7 -1 7 -1 4 7 -1 7 -1 4 7 -1 7 -1 4 7 -1 7 -1 1 7 -1 4 7 -1 7 -1 4 7 -1 7 -1 4 7 -1 7 -1 4 7 -1 7 -1 1 7 -1 7 -1 4 7 -1 7 -1 4 7 -1 7 -1 4 7 -1 4 7 5 -1 4 7 -1 7 -1 4 7 -1 7 -1 7 5 -1 7 -1 1 7 -1 7 -1 1 7 -1 7 -1 1 7 5 -1 7 5 -1 1 7 5 -1 1 4 7 5 -1 4 7 5 -1 7 5 -1 7 -1 7 5 -1 4 7 5 -1 4 7 -1 7 -1 1 7 5 -1 7 5 -1 7 -1 1 7 6 -1 7 -1 7 5 -1 1 7 5 -1 7 5 -1 7 -1 7 5 -1 7 6 -1 7 5 -1 7 -1 7 5 -1 1 4 7 5 -1 7 -1 4 7 -1 1 4 7 5 -1 4 7 5 -1 4 7 -1 7 -1 4 7 -1 7 -1 4 7 -1 7 -1 4 7 -1 7 -1 4 7 -1 7 5 -1 7 -1 1 7 -1 1 7 5 -1 7 -1 7 5 -1 7 -1 7 5 -1 7 -1 7 5 -1 7 -1 4 7 -1 1 4 7 -1 1 7 -1 7 -1 4 7 5 -1 7 5 -1 1 7 5 -1 1 7 -1 1 7 5 -1 4 7 5 -1 1 4 7 -1 4 7 -1 1 7 -1 7 -1 1 7 -1 7 -1 1 7 -1 1 7 5 -1 1 7 -1 1 7 5 -1 1 4 7 -1 1 7 -1 7 -1 1 7 5 -1 1 4 7 -1 4 7 -1 7 -1 1 7 -1 1 7 5 -1 1 4 7 -1 4 7 -1 1 4 7 -1 4 7 -1 4 7 5 -1 1 4 7 5 -1 4 7 -1 7 -1 4 7 -1 1 4 -1 1 4 7 5 -1 1 4 7 -1 1 7 5 -1 1 7 -1 1 4 7 -1 1 7 -1 4 7 5 -1 4 7 -1 4 7 5 -1 4 7 -1 4 7 5 -1 4 7 -1 1 4 7 -1 1 7 -1 1 4 7 -1 7 -1 4 7 -1 4 7 5 -1 4 7 -1 1 4 7 -1 4 7 -1 1 7 -1 1 4 7 -1 7 -1 1 7 -1 7 -1 1 4 7 -1 4 7 -1 1 7 -1 1 4 7 -1 1 7 -1 1 4 7 -1 1 7 -1 1 4 7 -1 1 7 -1 1 4 7 5 -1 4 7 5 -1 4 7 -1 1 4 7 -1 1 7 -1 1 4 7 -1 1 7 -1 1 4 7 -1 1 7 -1 7 -1 4 7 -1 1 7 -1 1 4 7 -1 1 7 -1 1 4 7 -1 1 7 -1 1 4 7 -1 4 7 -1 1 4 7 -1 1 7 -1 4 7 -1 1 7 -1 7 -1 4 7 -1 1 7 -1 4 7 -1 1 7 -1 4 7 -1 1 4 7 -1 4 7 -1 -2
7 -1 4 7 -1 7 -1 4 7 -1 7 -1 4 7 -1 1 7 -1 1 4 7 -1 4 7 -1 7 -1 1 7 -1 7 -1 4 7 -1 7 -1 2 7 -1 7 -1 4 7 -1 2 4 7 -1 2 7 -1 4 7 -1 7 -1 1 7 -1 1 2 7 -1 2 7 -1 7 -1 1 2 7 -1 7 -1 1 7 -1 7 -1 1 2 7 -1 1 7 -1 7 -1 1 2 7 -1 2 7 -1 7 -1 2 7 -1 7 -1 4 7 -1 7 -1 4 7 -1 7 -1 1 7 -1 7 -1 7 6 -1 7 -1 4 7 -1 7 -1 4 7 -1 7 -1 4 7 -1 7 -1 1 7 -1 7 -1 4 7 -1 7 -1 1 7 -1 7 -1 4 7 -1 2 4 7 -1 7 -1 2 4 7 -1 4 7 -1 7 -1 4 7 -1 7 -1 1 7 -1 7 -1 2 7 -1 2 4 7 -1 4 7 -1 7 -1 1 7 -1 1 4 7 -1 4 7 -1 7 -1 1 7 -1 7 -1 4 7 -1 7 -1 4 7 -1 7 -1 1 7 -1 4 7 -1 7 -1 4 7 -1 7 -1 4 7 -1 7 -1 4 7 -1 7 -1 1 2 7 -1 2 7 -1 7 -1 4 7 -1 7 -1 4 7 -1 4 -1 4 7 -1 4 -1 4 7 -1 7 -1 2 7 -1 4 7 -1 7 -1 4 7 -1 7 -1 2 4 7 -1 4 7 -1 4 -1 4 7 -1 4 -1 4 7 -1 4 -1 4 7 -1 4 -1 4 7 -1 4 -1 4 7 -1 7 -1 4 7 -1 2 7 -1 2 4 7 -1 4 7 -1 7 -1 4 7 -1 7 -1 4 7 -1 2 4 7 -1 4 7 -1 7 -1 4 7 -1 4 -1 4 7 -1 4 -1 4 7 -1 2 4 7 -1 4 7 -1 1 4 7 -1 1 7 -1 1 2 7 -1 1 -1 1 2 7 -1 1 7 -1 1 -1 1 7 -1 1 4 7 -1 4 7 -1 7 -1 4 7 -1 4 -1 4 7 -1 7 -1 4 7 -1 1 4 7 -1 1 7 -1 1 -1 1 7 -1 1 4 7 -1 4 -1 4 7 -1 7 6 -1 4 7 6 -1 1 4 7 6 -1 4 7 6 -1 7 -1 7 6 -1 4 7 6 -1 1 4 7 6 -1 1 2 4 7 -1 4 7 -1 4 -1 4 7 6 -1 7 6 -1 4 7 6 -1 2 7 -1 7 -1 4 7 6 -1 1 4 7 6 -1 4 7 -1 7 -1 4 7 -1 4 -1 4 7 -1 7 -1 4 7 -1 7 -1 4 7 -1 7 -1 4 7 -1 7 -1 4 7 -1 7 -1 4 7 -1 7 -1 4 7 -1 7 -1 1 7 -1 1 2 7 -1 7 -1 4 7 -1 7 -1 4 7 -1 7 -1 2 7 -1 1 2 7 -1 2 7 -1 7 -1 4 7 -1 7 -1 4 7 -1 7 -1 4 7 -1 7 -1 1 7 -1 1 -1 1 7 -1 7 -1 4 7 -1 7 -1 4 7 -1 1 4 7 -1 1 -1 1 2 7 -1 2 7 -1 1 2 7 -1 1 2 4 7 -1 4 7 -1 7 -1 4 7 -1 4 -1 4 7 -1 4 -1 4 7 -1 4 -1 4 7 -1 7 -1 1 2 7 -1 1 -1 1 2 -1 1 7 -1 7 -1 4 7 -1 7 -1 4 7 -1 7 -1 1 2 7 -1 1 7 -1 1 2 7 -1 1 7 -1 1 2 7 -1 1 7 -1 1 2 7 -1 1 7 -1 7 -1 1 7 -1 4 7 -1 7 -1 1 2 7 -1 7 -1 2 7 -1 1 2 7 -1 1 2 -1 1 2 7 -1 1 2 -1 1 -1 1 7 -1 1 4 7 -1 4 7 -1 7 -1 1 2 7 -1 2 7 -1 1 2 7 -1 2 7 -1 1 2 7 -1 2 7 -1 1 2 7 -1 1 7 -1 7 -1 2 7 -1 1 2 7 -1 7 -1 4 7 -1 7 -1 4 7 -1 7 -1 4 7 -1 7 -1 4 7 -1 7 -1 1 2 7 -1 1 7 -1 7 -1 1 7 -1 7 -1 1 7 -1 1 -1 1 7 -1 1 -1 1 7 -1 7 -1 1 7 -1 7 -1 4 7 -1 7 -1 1 2 7 -1 1 2 -1 1 -1 1 2 -1 1 2 7 -1 1 7 -1 1 2 7 -1 7 -1 2 7 -1 7 -1 4 7 -1 7 -1 4 7 -1 7 -1 4 7 -1 7 -1 4 7 -1 2 7 -1 2 4 7 -1 4 7 -1 7 -1 4 7 -1 7 -1 4 7 -1 7 -1 4 7 -1 1 2 7 -1 1 2 -1 1 2 7 -1 1 2 -1 1 7 -1 7 -1 4 7 -1 7 -1 4 7 -1 7 -1 4 7 -1 7 -1 4 7 -1 7 -1 1 2 7 -1 2 7 -1 7 -1 1 7 -1 1 -1 1 2 7 -1 1 7 -1 7 -1 7 6 -1 2 7 -1 7 -1 4 7 -1 7 -1 4 7 -1 7 -1 7 5 -1 7 -1 2 7 -1 7 -1 4 7 -1 7 -1 2 7 -1 4 7 -1 7 -1 2 7 -1 7 -1 1 7 -1 1 -1 1 7 -1 7 -1 1 7 -1 7 -1 2 7 -1 7 -1 4 7 -1 7 -1 4 7 -1 7 -1 4 7 -1 7 -1 1 7 -1 7 -1 2 7 -1 7 -1 4 7 -1 7 -1 1 7 -1 1 -1 1 7 -1 7 -1 4 7 -1 2 4 7 -1 2 7 -1 1 2 7 -1 1 7 -1 4 7 -1 7 -1 1 7 -1 7 -1 7 5 -1 7 -1 7 6 -1 7 -1 1 7 -1 7 -1 1 4 7 -1 4 7 -1 7 -1 4 7 -1 7 -1 1 7 -1 7 -1 4 7 -1 7 -1 4 7 -1 7 -1 4 7 -1 7 -1 4 7 -1 7 -1 1 2 7 -1 1 7 -1 7 -1 1 2 7 -1 2 7 -1 7 -1 4 7 -1 2 7 -1 7 -1 4 7 -1 1 4 7 -1 1 7 -1 7 -1 4 7 -1 2 7 -1 1 2 7 -1 7 -1 1 7 -1 1 4 7 -1 4 7 -1 7 -1 1 2 7 -1 1 2 4 7 -1 7 -1 4 7 -1 7 -1 4 7 -1 1 7 -1 1 -1 1 7 -1 1 2 7 -1 1 7 -1 7 -1 4 7 -1 7 -1 2 7 -1 7 -1 1 2 7 -1 1 2 -1 1 2 7 -1 7 -1 1 7 -1 7 -1 4 7 -1 7 -1 4 7 -1 7 -1 2 7 -1 1 2 7 -1 1 2 -1 1 2 7 -1 1 7 -1 7 -1 2 7 -1 7 -1 4 7 -1 7 -1 4 7 -1 7 -1 4 7 -1 7 -1 -2
7 -1 7 5 -1 7 -1 2 7 -1 7 -1 2 4 7 -1 2 7 -1 7 -1 7 5 -1 7 -1 4 7 -1 7 -1 2 4 7 -1 7 -1 7 5 -1 7 -1 7 5 -1 7 -1 2 4 7 -1 4 7 -1 7 -1 4 7 -1 7 -1 4 7 -1 7 -1 4 7 -1 7 -1 4 7 -1 7 5 -1 7 -1 4 7 -1 7 -1 2 4 7 -1 4 7 -1 7 -1 7 5 -1 7 -1 3 7 -1 3 7 5 -1 7 -1 7 5 6 -1 7 -1 2 7 -1 7 -1 7 5 -1 7 -1 7 5 -1 7 -1 7 5 -1 7 -1 7 5 -1 7 -1 7 5 -1 7 -1 7 5 -1 7 -1 7 5 -1 7 -1 7 5 -1 7 -1 7 5 -1 3 7 -1 4 7 -1 7 -1 4 7 -1 7 -1 2 4 7 -1 7 -1 4 7 -1 3 4 7 -1 4 7 -1 7 -1 4 7 5 -1 4 7 -1 2 7 -1 2 4 7 -1 2 7 -1 7 -1 4 7 -1 7 -1 7 5 -1 7 -1 7 5 -1 7 -1 7 5 -1 7 -1 7 5 -1 7 -1 4 7 -1 7 -1 3 4 7 -1 4 7 -1 7 -1 4 7 -1 7 -1 4 7 -1 7 -1 4 7 -1 7 -1 2 7 -1 7 -1 2 7 -1 7 -1 4 7 -1 7 -1 4 7 -1 2 4 -1 4 7 -1 7 -1 4 7 -1 7 -1 4 7 -1 7 -1 4 7 -1 7 -1 4 7 -1 7 -1 4 7 -1 7 -1 4 7 -1 7 -1 4 7 -1 2 4 7 -1 4 7 -1 7 -1 4 7 -1 7 -1 2 7 -1 7 -1 4 7 -1 7 -1 4 7 -1 7 -1 4 7 -1 7 -1 2 7 -1 2 4 7 -1 2 7 -1 2 4 7 -1 4 7 -1 2 4 7 -1 2 7 -1 4 7 -1 2 4 7 -1 4 7 -1 3 7 -1 7 -1 4 7 -1 7 -1 4 7 -1 7 -1 4 7 -1 3 4 7 -1 4 7 -1 4 -1 4 7 -1 7 -1 4 7 -1 2 7 -1 4 7 -1 7 -1 4 7 -1 3 4 7 -1 3 -1 3 4 -1 4 7 -1 7 -1 4 7 -1 7 -1 4 7 -1 2 7 -1 4 7 -1 7 -1 4 7 -1 7 -1 4 7 -1 7 -1 4 7 -1 3 4 7 -1 4 7 -1 3 4 7 -1 4 7 -1 3 4 7 -1 4 7 -1 7 -1 4 7 -1 7 -1 4 7 -1 3 4 7 -1 4 7 -1 2 7 -1 2 4 7 -1 4 7 -1 3 4 7 -1 4 7 -1 3 4 7 -1 3 7 -1 4 7 -1 7 -1 4 7 -1 7 -1 3 7 -1 3 4 -1 4 7 -1 7 -1 4 7 -1 3 4 7 -1 3 -1 3 7 -1 3 4 7 -1 3 -1 3 7 -1 7 -1 3 7 -1 3 -1 3 4 -1 3 -1 3 7 -1 7 -1 3 7 -1 3 4 7 -1 3 7 -1 7 5 -1 3 7 -1 7 -1 3 7 -1 3 4 -1 3 4 7 -1 2 4 7 -1 4 7 -1 3 4 7 -1 3 7 -1 7 -1 1 7 -1 7 -1 1 7 -1 7 -1 4 7 -1 7 -1 4 7 -1 7 -1 4 7 -1 7 -1 4 7 -1 2 4 7 -1 4 7 -1 7 -1 4 7 -1 7 -1 7 5 -1 7 -1 2 3 7 -1 3 7 -1 3 -1 3 4 7 -1 3 -1 3 4 -1 3 7 5 -1 3 -1 7 -1 3 7 -1 7 -1 4 7 -1 7 -1 7 5 -1 4 7 -1 7 5 -1 7 -1 4 7 -1 7 -1 4 7 -1 2 7 -1 7 -1 2 7 -1 4 7 -1 2 4 7 -1 4 7 -1 7 -1 1 7 -1 7 -1 4 7 -1 7 -1 4 7 -1 7 -1 4 7 -1 7 -1 4 7 -1 7 -1 4 7 -1 2 7 -1 4 7 -1 7 -1 7 5 -1 3 7 -1 7 -1 3 7 -1 7 -1 3 7 -1 3 -1 3 4 7 -1 4 7 -1 7 -1 3 7 -1 7 -1 4 7 -1 3 4 -1 3 -1 3 7 -1 3 -1 3 4 -1 3 -1 3 4 7 -1 4 7 -1 7 -1 2 7 -1 7 -1 4 7 5 -1 3 4 7 5 -1 7 -1 7 5 -1 7 -1 7 5 -1 7 -1 4 7 -1 3 4 7 -1 4 7 -1 3 4 7 -1 4 7 -1 7 -1 3 7 -1 3 -1 3 7 -1 7 5 -1 3 7 5 -1 3 -1 7 -1 2 7 -1 7 -1 4 7 -1 7 -1 7 5 -1 7 -1 7 5 -1 7 -1 7 5 -1 7 -1 4 7 -1 7 -1 4 7 -1 7 -1 1 7 -1 7 -1 4 7 -1 7 -1 4 7 5 -1 7 -1 7 5 -1 7 -1 7 5 -1 7 -1 3 4 7 -1 7 -1 4 7 -1 3 4 7 -1 7 -1 4 7 -1 3 4 7 -1 7 -1 4 7 -1 7 -1 4 7 -1 7 -1 4 7 -1 7 -1 7 5 -1 4 7 -1 2 4 7 -1 4 7 -1 7 -1 3 4 7 -1 2 4 7 -1 7 5 -1 7 -1 4 7 -1 7 -1 4 7 -1 2 7 -1 7 -1 4 7 -1 7 -1 4 7 -1 7 -1 4 7 -1 7 -1 4 7 -1 7 -1 4 7 -1 7 -1 4 7 -1 7 -1 4 7 -1 7 -1 4 7 -1 7 -1 4 7 -1 7 -1 4 7 -1 7 -1 2 7 -1 7 -1 4 7 -1 7 -1 4 7 -1 7 -1 4 7 -1 7 -1 7 5 -1 7 -1 7 5 -1 2 7 5 -1 7 -1 7 5 -1 7 -1 4 7 -1 7 -1 4 7 -1 7 -1 4 7 -1 7 -1 7 5 -1 7 -1 4 7 -1 7 -1 1 7 5 -1 7 -1 7 5 -1 7 -1 7 5 -1 7 -1 7 5 -1 7 -1 7 5 -1 7 -1 7 5 -1 7 -1 7 5 -1 7 -1 2 4 7 -1 7 -1 7 5 -1 7 -1 7 5 -1 7 -1 7 5 -1 7 -1 7 5 -1 7 -1 7 5 -1 7 -1 7 5 -1 7 -1 7 5 -1 4 7 -1 7 -1 7 5 -1 7 -1 7 5 -1 7 -1 7 5 -1 7 -1 7 5 -1 7 -1 7 5 -1 2 7 -1 4 7 -1 7 -1 1 7 -1 7 -1 7 5 -1 7 -1 7 5 -1 7 -1 4 7 -1 7 -1 2 4 7 -1 4 7 -1 7 -1 7 5 -1 7 -1 7 5 -1 7 -1 7 5 -1 7 -1 7 5 -1 7 -1 7 5 -1 7 -1 7 5 -1 7 -1 7 5 -1 7 -1 7 5 -1 7 -1 4 7 -1 7 -1 7 5 -1 7 -1 7 5 -1 7 -1 7 5 -1 7 -1 7 5 -1 7 -1 7 5 -1 2 4 7 -1 4 7 -1 7 -1 7 5 -1 7 -1 7 5 -1 7 -1 4 7 -1 7 -1 4 7 -1 7 -1 1 7 -1 7 -1 4 7 -1 2 4 7 -1 7 -1 4 7 -1 7 -1 4 7 -1 7 -1 2 7 5 -1 2 5 -1 2 7 -1 2 7 5 -1 7 5 -1 2 7 5 -1 2 4 7 -1 2 4 -1 2 4 7 -1 4 7 -1 7 -1 2 7 -1 2 4 7 -1 4 7 -1 7 -1 4 7 -1 2 4 7 -1 4 7 -1 7 -1 2 4 7 -1 7 -1 4 7 -1 2 4 7 -1 7 -1 4 7 -1 2 4 7 -1 4 7 -1 7 -1 4 7 -1 7 -1 4 7 -1 7 -1 4 7 -1 7 -1 2 4 7 -1 7 -1 1 7 -1 1 4 7 -1 4 7 -1 7 -1 4 7 -1 7 -1 4 7 -1 7 -1 4 7 -1 7 -1 4 7 -1 1 7 -1 7 -1 4 7 -1 7 -1 4 7 -1 7 -1 4 7 -1 7 -1 4 7 -1 7 -1 4 7 -1 7 -1 4 7 -1 7 -1 4 7 -1 7 -1 4 7 -1 7 -1 4 7 -1 7 -1 4 7 -1 7 -1 4 7 -1 4 -1 2 4 -1 2 4 7 -1 2 7 -1 -2
4 7 5 -1 4 5 -1 4 -1 4 7 -1 4 7 5 -1 4 7 -1 4 -1 4 7 5 -1 4 7 -1 4 7 5 -1 4 5 -1 4 7 -1 7 5 -1 4 7 -1 4 -1 4 7 -1 4 7 5 -1 1 4 7 5 -1 4 7 -1 7 5 -1 4 7 -1 4 7 5 -1 4 5 -1 4 7 5 -1 4 -1 4 7 -1 4 7 5 -1 4 7 -1 4 5 -1 4 7 5 -1 7 -1 4 7 -1 1 7 -1 4 7 -1 4 7 5 -1 4 7 -1 4 7 5 -1 4 7 -1 4 7 5 -1 4 7 -1 7 -1 4 7 -1 1 4 7 5 -1 4 7 5 6 -1 1 4 7 5 -1 1 4 5 -1 1 4 7 5 -1 4 7 5 -1 2 4 7 -1 4 7 -1 4 7 5 -1 1 4 5 -1 4 7 5 -1 4 7 -1 1 4 7 -1 1 4 7 5 -1 1 4 7 -1 4 7 -1 4 7 5 -1 1 4 7 5 -1 1 7 5 -1 4 7 5 -1 4 5 -1 1 4 5 -1 1 4 7 5 -1 1 4 5 -1 7 5 -1 4 7 5 -1 4 7 -1 1 4 7 5 -1 1 4 5 -1 7 5 -1 7 -1 4 7 -1 4 7 5 -1 7 -1 7 5 -1 1 7 5 -1 4 7 5 -1 4 7 -1 7 -1 4 7 -1 7 -1 4 7 5 -1 4 7 -1 7 -1 4 7 -1 1 4 7 5 -1 4 7 5 -1 1 4 7 5 -1 7 5 -1 4 7 5 -1 4 7 -1 4 7 5 -1 4 7 -1 7 -1 1 4 7 -1 7 -1 7 5 -1 4 7 5 -1 4 5 -1 4 -1 4 7 -1 4 5 -1 1 4 5 -1 4 5 -1 1 4 -1 4 -1 4 7 -1 4 7 5 -1 4 7 -1 4 7 5 -1 7 5 -1 4 7 5 -1 4 7 -1 4 7 5 -1 4 7 -1 1 4 7 5 -1 4 7 5 -1 4 -1 4 7 5 -1 4 7 -1 4 7 5 -1 1 4 7 5 -1 1 7 5 -1 1 4 7 -1 4 7 -1 1 4 7 5 -1 4 7 5 -1 4 5 -1 4 7 5 -1 7 5 -1 4 7 5 -1 4 7 -1 4 7 5 -1 4 5 -1 7 5 -1 7 -1 4 7 -1 1 4 7 5 -1 1 7 5 -1 7 -1 4 7 5 -1 7 5 -1 1 4 7 5 -1 4 7 -1 4 7 5 -1 1 7 5 -1 4 7 5 -1 4 7 -1 4 7 5 -1 4 -1 4 7 5 -1 4 7 -1 4 7 5 -1 4 7 -1 4 7 5 -1 1 4 7 5 -1 4 7 5 -1 4 7 -1 1 4 5 -1 4 7 5 -1 1 4 7 5 -1 4 7 -1 1 4 7 -1 1 4 7 5 -1 4 7 5 -1 1 4 7 5 -1 4 7 5 -1 4 5 -1 1 4 5 -1 4 5 -1 4 7 5 -1 7 5 -1 4 5 -1 4 7 5 -1 4 5 -1 4 7 -1 4 7 5 -1 7 -1 4 7 5 -1 4 7 -1 4 7 5 -1 4 5 -1 1 4 5 -1 4 5 -1 4 7 5 -1 4 5 -1 4 7 5 -1 1 4 5 -1 4 -1 4 7 -1 4 -1 4 7 -1 4 7 5 -1 1 4 5 -1 4 7 -1 4 7 5 -1 4 5 -1 4 7 5 -1 4 7 -1 4 7 5 -1 4 5 -1 4 7 5 -1 4 5 -1 4 7 -1 4 7 5 -1 1 4 7 5 -1 4 7 5 -1 4 7 -1 4 -1 4 7 -1 4 5 -1 4 7 5 -1 4 7 -1 4 7 5 -1 4 5 -1 4 7 5 -1 4 5 -1 4 7 5 -1 4 7 -1 4 7 5 -1 4 5 -1 4 7 5 -1 4 7 -1 4 -1 4 7 -1 4 -1 4 7 -1 7 -1 4 7 -1 7 -1 4 7 -1 7 -1 4 7 -1 4 7 5 -1 4 7 -1 4 7 5 -1 4 7 -1 7 5 -1 4 7 -1 4 7 5 -1 4 7 -1 4 -1 4 7 -1 1 4 7 -1 7 -1 4 7 -1 7 -1 7 5 -1 7 -1 4 7 -1 4 7 5 -1 7 5 -1 4 7 5 -1 4 7 -1 4 7 5 -1 4 7 -1 4 7 5 -1 4 5 -1 4 7 5 -1 4 7 -1 1 4 7 -1 4 7 5 -1 1 4 7 5 -1 4 7 -1 4 7 5 -1 4 5 -1 4 7 -1 4 7 5 -1 4 7 -1 4 -1 4 7 -1 1 4 7 -1 1 7 5 -1 1 4 7 5 -1 1 7 5 -1 1 4 5 -1 4 -1 4 5 -1 4 7 5 -1 1 4 5 -1 7 5 -1 4 5 -1 1 4 5 -1 4 -1 4 7 -1 4 7 5 -1 7 5 -1 4 7 -1 7 5 -1 4 7 5 -1 4 5 -1 4 7 5 -1 4 5 -1 4 7 5 -1 4 7 -1 4 7 5 -1 1 4 7 5 -1 4 7 -1 1 4 7 5 -1 4 7 5 -1 1 4 7 5 -1 7 5 -1 4 7 5 -1 1 4 7 5 -1 4 7 5 -1 4 5 -1 4 7 5 -1 4 5 -1 4 7 5 -1 7 5 -1 4 7 5 -1 4 5 -1 5 -1 7 5 -1 5 -1 7 5 -1 5 -1 7 5 -1 4 7 5 -1 7 5 -1 1 7 5 -1 7 5 -1 4 7 5 -1 4 5 -1 4 -1 4 7 -1 4 7 5 -1 4 7 -1 1 4 7 -1 4 7 -1 7 -1 1 7 -1 7 -1 1 7 -1 7 -1 7 5 -1 7 -1 4 7 -1 7 -1 4 7 -1 4 7 5 -1 7 5 -1 4 7 5 -1 2 4 7 -1 4 7 -1 4 -1 4 7 -1 4 7 5 -1 7 5 -1 4 7 -1 7 5 -1 1 7 5 -1 4 7 5 -1 1 4 5 -1 7 5 -1 4 7 -1 1 4 7 5 -1 7 5 -1 4 7 5 -1 4 5 -1 1 4 5 -1 4 5 -1 1 4 5 -1 4 5 -1 1 7 5 -1 4 7 5 -1 7 5 -1 1 7 5 -1 7 5 -1 1 4 7 5 -1 4 7 5 -1 7 -1 4 7 -1 1 4 7 5 -1 4 7 5 -1 7 5 -1 4 7 5 -1 1 4 7 -1 4 7 5 -1 7 5 -1 4 7 5 -1 7 5 -1 4 7 5 -1 4 7 -1 4 7 5 -1 4 7 -1 4 7 5 -1 7 5 -1 7 -1 7 5 -1 7 -1 4 7 5 -1 4 7 -1 4 7 5 -1 7 5 -1 4 7 5 -1 7 5 -1 4 7 5 -1 7 5 -1 4 7 5 -1 7 5 -1 4 5 -1 4 7 5 -1 7 5 -1 5 -1 4 5 -1 4 7 5 -1 4 5 -1 4 7 5 -1 7 5 -1 4 7 5 -1 4 7 -1 4 7 5 -1 7 5 -1 1 5 -1 5 -1 7 5 -1 4 5 -1 1 4 5 -1 1 5 -1 1 4 5 -1 4 5 -1 7 5 -1 4 7 5 -1 1 4 7 5 -1 4 7 -1 4 -1 4 7 -1 4 7 5 -1 7 5 -1 4 7 5 -1 4 5 -1 7 5 -1 4 7 5 -1 4 5 -1 4 7 5 -1 4 5 -1 4 7 5 -1 4 7 -1 4 7 5 -1 7 -1 7 5 -1 4 7 5 -1 7 5 -1 1 7 5 -1 7 5 -1 4 7 5 -1 4 5 -1 4 7 5 -1 5 -1 7 5 -1 4 7 5 -1 7 5 -1 4 7 5 -1 1 4 5 -1 4 7 5 -1 1 4 5 -1 7 5 -1 4 5 -1 4 7 5 -1 4 5 -1 5 -1 7 5 -1 4 7 5 -1 4 7 -1 4 7 5 -1 7 5 -1 4 7 5 -1 7 5 -1 4 7 5 -1 7 5 -1 4 7 5 -1 4 5 -1 7 5 -1 1 5 -1 5 -1 7 5 -1 4 7 5 -1 1 7 5 -1 7 5 -1 4 7 5 -1 7 5 -1 4 7 5 -1 7 5 -1 4 7 -1 7 -1 7 5 -1 5 -1 1 5 -1 1 7 5 -1 7 5 -1 1 5 -1 7 5 -1 4 5 -1 7 5 -1 1 7 5 -1 7 5 -1 5 -1 7 5 -1 7 -1 1 7 -1 7 -1 1 7 5 -1 1 7 -1 7 -1 7 5 -1 1 7 5 -1 7 5 -1 7 -1 1 7 5 -1 1 7 -1 1 7 5 -1 7 5 -1 1 7 5 -1 7 5 -1 1 7 5 -1 7 5 -1 4 7 5 -1 4 7 -1 7 5 -1 4 7 5 -1 7 5 -1 4 7 5 -1 7 5 -1 4 7 5 -1 7 5 -1 4 7 5 -1 7 5 -1 4 7 5 -1 7 5 -1 5 -1 4 5 -1 7 5 -1 4 7 5 -1 7 5 -1 4 7 5 -1 1 7 5 -1 7 5 -1 4 7 5 -1 4 5 -1 7 5 -1 4 7 5 -1 7 5 -1 4 7 5 -1 7 5 -1 4 7 5 -1 7 5 -1 4 7 5 -1 4 7 -1 7 5 -1 4 7 5 -1 4 5 -1 4 7 5 -1 4 7 -1 4 7 5 -1 4 7 -1 4 7 5 -1 7 5 -1 4 7 5 -1 4 5 -1 4 7 5 -1 4 7 -1 4 7 5 -1 7 5 -1 1 7 5 -1 4 7 -1 4 7 5 -1 7 5 -1 4 7 -1 4 7 5 -1 4 7 -1 7 -1 4 7 -1 7 -1 4 7 -1 1 4 7 -1 4 -1 4 7 -1 4 7 5 -1 7 5 -1 7 -1 7 5 -1 5 -1 1 7 5 -1 7 5 -1 4 7 5 -1 1 4 7 5 -1 7 5 -1 4 7 5 -1 4 7 -1 4 7 5 -1 4 7 -1 7 -1 4 7 5 -1 4 5 -1 4 7 5 -1 7 5 -1 4 7 5 -1 7 5 -1 4 7 5 -1 4 7 -1 7 -1 4 7 -1 7 -1 1 7 -1 1 7 5 -1 7 5 -1 7 -1 7 5 -1 4 5 -1 7 5 -1 4 5 -1 7 5 -1 4 7 5 -1 7 5 -1 1 4 5 -1 4 7 5 -1 7 5 -1 4 7 5 -1 4 7 -1 7 5 6 -1 7 5 -1 4 7 5 -1 4 7 -1 7 -1 7 5 -1 4 7 5 -1 7 5 -1 4 7 -1 7 5 -1 4 7 5 -1 7 5 -1 1 7 5 -1 7 5 -1 5 6 -1 4 5 6 -1 4 7 5 6 -1 4 7 -1 7 5 -1 4 7 5 -1 7 5 -1 1 7 5 -1 7 5 -1 4 7 5 -1 4 5 -1 5 -1 7 5 -1 1 7 5 -1 1 4 7 5 -1 4 7 5 -1 4 -1 4 7 5 -1 1 4 7 5 -1 4 7 5 -1 7 5 -1 1 7 5 -1 7 5 -1 4 7 5 -1 7 5 -1 4 7 5 -1 7 5 -1 4 7 5 -1 7 5 -1 1 4 7 5 -1 4 7 5 -1 1 7 5 -1 1 4 7 5 -1 1 7 5 -1 1 4 7 5 -1 4 7 5 -1 1 4 7 5 -1 4 7 5 -1 1 7 5 -1 7 5 -1 4 7 5 -1 4 7 -1 7 5 -1 1 7 5 -1 7 5 -1 1 7 5 -1 1 4 7 5 -1 4 5 -1 1 4 5 -1 4 5 -1 4 7 -1 4 7 5 -1 4 7 -1 4 7 5 -1 7 5 -1 4 7 5 -1 7 5 -1 4 7 5 -1 7 5 -1 1 7 5 -1 7 5 -1 1 4 7 5 -1 4 5 -1 4 7 5 -1 1 7 5 -1 4 5 -1 4 7 5 -1 4 7 -1 4 7 5 -1 7 5 -1 4 7 5 -1 4 7 -1 1 4 7 -1 7 5 -1 4 7 5 -1 1 7 5 -1 7 5 -1 1 7 5 -1 7 5 -1 1 4 7 -1 4 7 -1 7 -1 4 7 -1 4 7 5 -1 4 5 -1 4 7 -1 4 7 5 -1 4 5 -1 4 7 5 -1 4 5 6 -1 5 6 -1 4 5 6 -1 4 7 5 -1 4 5 -1 4 7 5 -1 7 5 -1 7 -1 7 5 -1 4 7 5 -1 7 5 -1 7 -1 1 7 -1 1 7 5 -1 4 7 -1 7 -1 7 5 -1 7 -1 7 5 -1 7 -1 7 5 -1 7 -1 1 7 5 -1 7 -1 4 7 -1 7 -1 4 7 -1 7 -1 4 7 -1 7 -1 4 7 5 -1 7 5 -1 7 -1 7 5 -1 7 -1 4 7 -1 1 4 7 -1 4 7 -1 7 -1 4 7 -1 1 4 7 -1 4 7 -1 4 7 5 -1 4 7 -1 4 7 5 -1 4 7 -1 4 7 5 -1 1 4 7 5 -1 4 7 -1 4 5 -1 4 7 -1 7 -1 4 7 5 -1 4 5 -1 4 7 5 -1 4 7 -1 7 -1 1 7 5 -1 7 -1 1 7 5 -1 7 -1 7 5 -1 7 -1 4 7 -1 7 -1 4 7 -1 7 -1 4 7 -1 7 -1 1 7 -1 1 4 7 -1 4 7 -1 2 4 7 -1 4 7 -1 7 -1 1 7 -1 7 -1 1 7 -1 1 4 7 -1 4 7 -1 1 4 7 -1 1 7 -1 7 -1 4 7 -1 7 -1 4 7 -1 7 -1 4 7 -1 7 -1 4 7 -1 1 4 7 -1 4 7 -1 4 -1 4 7 -1 7 -1 4 7 -1 1 4 7 -1 4 7 -1 4 -1 4 7 5 -1 4 5 -1 4 -1 4 7 -1 1 4 7 -1 4 7 -1 1 4 7 -1 4 7 -1 1 4 7 -1 4 7 -1 1 4 7 -1 1 7 -1 1 7 5 -1 1 4 7 -1 4 7 -1 1 7 -1 7 -1 4 7 -1 1 4 7 5 -1 1 4 7 -1 4 7 -1 1 4 7 -1 4 7 -1 7 -1 4 7 -1 1 4 7 -1 4 7 -1 7 -1 4 7 -1 1 7 -1 1 4 7 -1 4 7 -1 7 -1 4 7 -1 7 -1 1 7 -1 1 4 7 -1 4 7 -1 1 4 7 5 -1 4 7 -1 4 -1 2 4 7 -1 4 7 -1 1 4 7 -1 7 -1 4 7 -1 1 4 7 -1 4 7 -1 1 4 7 -1 4 7 -1 1 4 7 -1 4 7 -1 1 4 7 -1 4 7 -1 1 7 -1 4 7 -1 1 4 7 -1 1 7 -1 7 -1 4 7 -1 4 -1 -2
