rule_id,seq_id,od,do
0,0,0,2500
1,0,12500,15000
0,0,15000,17500
9,0,70000,72500
8,0,72500,75000
1,0,102500,105000
0,0,107500,110000
1,0,142500,145000
0,0,150000,152500
1,0,155000,157500
0,0,157500,160000
9,0,160000,162500
0,0,165000,167500
3,0,180000,182500
0,0,200000,202500
1,0,210000,212500
2,0,217500,220000
3,0,225000,227500
2,0,227500,230000
3,0,235000,237500
2,0,237500,240000
1,0,260000,262500
0,0,265000,267500
9,0,280000,282500
8,0,287500,290000
1,0,292500,295000
0,0,295000,297500
1,0,297500,300000
0,0,302500,305000
9,0,310000,312500
4,0,317500,320000
1,0,367500,370000
0,0,372500,375000
9,0,377500,380000
4,0,385000,387500
1,0,392500,395000
0,0,395000,397500
1,0,397500,400000
0,0,400000,402500
5,0,417500,420000
6,0,427500,430000
1,0,440000,442500
0,0,445000,447500
3,0,447500,450000
2,0,470000,472500
1,0,472500,475000
2,0,480000,482500
3,0,482500,485000
2,0,487500,490000
3,0,497500,500000
2,0,502500,505000
3,0,510000,512500
2,0,517500,520000
1,0,550000,552500
0,0,555000,557500
3,0,575000,577500
2,0,577500,580000
1,0,580000,582500
0,0,592500,595000
3,0,612500,615000
2,0,617500,620000
1,0,640000,642500
0,0,642500,645000
3,0,647500,650000
2,0,650000,652500
5,0,675000,677500
4,0,677500,680000
1,0,707500,710000
0,0,710000,712500
1,0,717500,720000
0,0,720000,722500
7,0,727500,730000
6,0,730000,732500
1,0,732500,735000
0,0,735000,737500
3,0,737500,740000
2,0,742500,745000
3,0,750000,752500
2,0,755000,757500
5,0,840000,842500
4,0,842500,845000
7,0,885000,887500
6,0,902500,905000
3,0,905000,907500
2,0,950000,952500
9,0,957500,960000
6,0,970000,972500
9,0,972500,975000
8,0,977500,980000
1,0,980000,982500
0,0,1000000,1002500
3,0,1020000,1022500
0,0,1062500,1065000
3,0,1105000,1107500
2,0,1107500,1110000
3,0,1117500,1120000
2,0,1120000,1122500
9,1,0,2500
6,1,22500,25000
1,1,35000,37500
0,1,37500,40000
7,1,47500,50000
6,1,57500,60000
7,1,65000,67500
6,1,67500,70000
1,1,72500,75000
0,1,75000,77500
3,1,80000,82500
2,1,82500,85000
7,1,202500,205000
6,1,222500,225000
3,1,287500,290000
2,1,290000,292500
3,1,302500,305000
2,1,305000,307500
3,1,310000,312500
4,1,342500,345000
7,1,357500,360000
0,1,367500,370000
3,1,370000,372500
2,1,380000,382500
1,1,387500,390000
0,1,402500,405000
1,1,407500,410000
4,1,432500,435000
5,1,442500,445000
0,1,450000,452500
5,1,455000,457500
2,1,467500,470000
1,1,470000,472500
2,1,487500,490000
7,1,492500,495000
6,1,495000,497500
3,1,497500,500000
2,1,500000,502500
3,1,505000,507500
6,1,540000,542500
7,1,542500,545000
6,1,545000,547500
5,1,550000,552500
4,1,552500,555000
7,1,577500,580000
6,1,580000,582500
7,1,582500,585000
0,1,635000,637500
7,1,670000,672500
5,2,350000,352500
4,2,367500,370000
9,2,377500,380000
8,2,382500,385000
9,2,392500,395000
8,2,395000,397500
9,2,420000,422500
8,2,427500,430000
9,2,440000,442500
8,2,447500,450000
1,2,487500,490000
8,2,512500,515000
1,2,520000,522500
0,2,530000,532500
9,2,532500,535000
8,2,547500,550000
5,2,585000,587500
2,2,610000,612500
5,2,612500,615000
4,2,615000,617500
5,2,670000,672500
4,2,672500,675000
9,2,685000,687500
8,2,697500,700000
3,2,710000,712500
8,2,765000,767500
9,2,782500,785000
8,2,790000,792500
0,3,0,2500
5,3,2500,5000
4,3,5000,7500
1,3,110000,112500
0,3,112500,115000
3,3,165000,167500
0,3,200000,202500
3,3,202500,205000
2,3,227500,230000
9,3,230000,232500
8,3,247500,250000
1,3,262500,265000
6,3,272500,275000
1,3,277500,280000
2,3,287500,290000
1,3,307500,310000
0,3,310000,312500
3,3,360000,362500
2,3,362500,365000
3,3,367500,370000
2,3,370000,372500
9,3,380000,382500
8,3,385000,387500
1,3,387500,390000
8,3,395000,397500
1,3,397500,400000
0,3,402500,405000
1,3,405000,407500
0,3,407500,410000
1,3,440000,442500
0,3,442500,445000
1,3,452500,455000
4,3,457500,460000
3,3,460000,462500
2,3,470000,472500
5,3,475000,477500
4,3,482500,485000
1,3,505000,507500
2,3,525000,527500
3,3,550000,552500
2,3,552500,555000
1,3,555000,557500
0,3,557500,560000
1,3,580000,582500
0,3,582500,585000
1,3,592500,595000
0,3,595000,597500
3,3,615000,617500
2,3,617500,620000
1,3,642500,645000
0,3,645000,647500
1,3,707500,710000
0,3,710000,712500
3,3,712500,715000
2,3,715000,717500
3,3,727500,730000
2,3,730000,732500
3,3,735000,737500
2,3,762500,765000
1,3,797500,800000
0,3,800000,802500
1,3,807500,810000
6,3,872500,875000
7,3,922500,925000
6,3,925000,927500
1,3,950000,952500
0,3,990000,992500
3,3,1115000,1117500
2,3,1122500,1125000
3,3,1175000,1177500
1,4,12500,15000
6,4,17500,20000
1,4,65000,67500
0,4,67500,70000
3,4,227500,230000
2,4,247500,250000
3,4,347500,350000
0,4,375000,377500
3,4,395000,397500
2,4,407500,410000
3,4,432500,435000
2,4,440000,442500
3,4,450000,452500
8,4,477500,480000
3,4,482500,485000
2,4,487500,490000
1,4,537500,540000
0,4,552500,555000
3,4,585000,587500
2,4,590000,592500
3,4,592500,595000
2,4,595000,597500
3,4,605000,607500
0,4,625000,627500
1,4,632500,635000
0,4,635000,637500
3,4,697500,700000
2,4,700000,702500
3,4,767500,770000
2,4,777500,780000
3,4,850000,852500
2,4,922500,925000
5,5,172500,175000
4,5,177500,180000
3,5,380000,382500
2,5,382500,385000
1,5,500000,502500
0,5,512500,515000
8,6,0,2500
5,6,2500,5000
4,6,5000,7500
9,6,20000,22500
8,6,27500,30000
9,6,32500,35000
8,6,50000,52500
9,6,57500,60000
8,6,65000,67500
9,6,67500,70000
8,6,75000,77500
9,6,82500,85000
8,6,87500,90000
9,6,100000,102500
8,6,107500,110000
9,6,110000,112500
8,6,117500,120000
9,6,127500,130000
8,6,140000,142500
9,6,165000,167500
8,6,170000,172500
9,6,210000,212500
8,6,217500,220000
9,6,257500,260000
8,6,270000,272500
9,6,272500,275000
8,6,275000,277500
9,6,380000,382500
8,6,385000,387500
3,6,387500,390000
2,6,397500,400000
9,6,432500,435000
8,6,435000,437500
1,6,437500,440000
0,6,440000,442500
9,6,480000,482500
8,6,482500,485000
9,6,540000,542500
8,6,542500,545000
7,6,580000,582500
6,6,582500,585000
9,6,590000,592500
8,6,595000,597500
9,6,602500,605000
8,6,607500,610000
9,6,617500,620000
8,6,620000,622500
9,6,627500,630000
8,6,632500,635000
3,6,660000,662500
8,6,665000,667500
9,6,715000,717500
8,6,717500,720000
9,6,827500,830000
8,6,832500,835000
3,6,872500,875000
2,6,880000,882500
3,6,897500,900000
2,6,915000,917500
1,6,942500,945000
0,6,950000,952500
9,6,952500,955000
8,6,960000,962500
9,6,965000,967500
8,6,980000,982500
9,6,992500,995000
8,6,997500,1000000
3,6,1007500,1010000
2,6,1010000,1012500
9,6,1032500,1035000
8,6,1037500,1040000
3,6,1052500,1055000
2,6,1062500,1065000
3,6,1122500,1125000
2,6,1127500,1130000
3,6,1132500,1135000
2,6,1157500,1160000
3,7,145000,147500
2,7,155000,157500
3,7,187500,190000
2,7,190000,192500
5,7,260000,262500
4,7,262500,265000
3,7,280000,282500
2,7,285000,287500
3,7,287500,290000
2,7,292500,295000
3,7,355000,357500
2,7,360000,362500
3,7,365000,367500
2,7,370000,372500
3,7,372500,375000
2,7,375000,377500
5,7,380000,382500
8,7,397500,400000
3,7,407500,410000
2,7,420000,422500
3,7,452500,455000
2,7,457500,460000
3,7,465000,467500
2,7,472500,475000
3,7,502500,505000
2,7,507500,510000
3,7,530000,532500
2,7,532500,535000
3,7,535000,537500
2,7,537500,540000
7,7,667500,670000
2,7,672500,675000
3,7,730000,732500
2,7,732500,735000
3,7,737500,740000
2,7,740000,742500
3,7,750000,752500
2,7,775000,777500
3,7,925000,927500
2,7,935000,937500
3,7,970000,972500
2,7,975000,977500
3,7,977500,980000
2,7,987500,990000
3,7,1010000,1012500
2,7,1012500,1015000
5,7,1045000,1047500
4,7,1082500,1085000
3,7,1105000,1107500
2,7,1107500,1110000
3,7,1112500,1115000
2,7,1115000,1117500
9,7,1147500,1150000
8,7,1150000,1152500
9,8,102500,105000
8,8,105000,107500
5,8,267500,270000
4,8,270000,272500
5,8,292500,295000
4,8,295000,297500
5,8,297500,300000
4,8,300000,302500
5,8,420000,422500
4,8,425000,427500
3,8,660000,662500
2,8,665000,667500
7,8,842500,845000
6,8,855000,857500
7,8,865000,867500
6,8,870000,872500
3,8,872500,875000
2,8,892500,895000
7,8,902500,905000
6,8,905000,907500
3,8,985000,987500
2,8,995000,997500
9,8,1037500,1040000
8,8,1050000,1052500
9,8,1052500,1055000
8,8,1072500,1075000
7,8,1077500,1080000
6,8,1080000,1082500
3,8,1082500,1085000
6,8,1092500,1095000
3,8,1097500,1100000
2,8,1102500,1105000
3,8,1107500,1110000
6,8,1147500,1150000
0,9,0,2500
5,9,2500,5000
4,9,5000,7500
9,9,17500,20000
8,9,50000,52500
9,9,57500,60000
8,9,65000,67500
9,9,67500,70000
8,9,87500,90000
9,9,90000,92500
8,9,92500,95000
9,9,100000,102500
8,9,117500,120000
9,9,127500,130000
8,9,140000,142500
9,9,165000,167500
8,9,170000,172500
3,9,172500,175000
2,9,175000,177500
3,9,177500,180000
0,9,187500,190000
9,9,232500,235000
8,9,235000,237500
9,9,245000,247500
8,9,250000,252500
9,9,257500,260000
8,9,265000,267500
9,9,267500,270000
8,9,275000,277500
9,9,310000,312500
8,9,315000,317500
9,9,382500,385000
8,9,385000,387500
9,9,387500,390000
8,9,412500,415000
9,9,427500,430000
8,9,435000,437500
1,9,440000,442500
0,9,442500,445000
5,9,467500,470000
4,9,470000,472500
1,9,497500,500000
0,9,500000,502500
9,9,540000,542500
8,9,545000,547500
7,9,580000,582500
6,9,582500,585000
9,9,585000,587500
8,9,592500,595000
9,9,600000,602500
8,9,610000,612500
9,9,617500,620000
8,9,620000,622500
9,9,627500,630000
8,9,632500,635000
9,9,645000,647500
8,9,647500,650000
9,9,660000,662500
8,9,667500,670000
9,9,715000,717500
8,9,717500,720000
9,9,720000,722500
8,9,722500,725000
1,9,817500,820000
8,9,832500,835000
9,9,840000,842500
8,9,857500,860000
3,9,860000,862500
8,9,870000,872500
3,9,875000,877500
2,9,887500,890000
9,9,892500,895000
8,9,897500,900000
9,9,900000,902500
8,9,907500,910000
9,9,910000,912500
8,9,935000,937500
9,9,940000,942500
8,9,950000,952500
9,9,952500,955000
8,9,965000,967500
9,9,967500,970000
8,9,970000,972500
9,9,992500,995000
8,9,995000,997500
9,9,1007500,1010000
8,9,1010000,1012500
9,9,1012500,1015000
8,9,1025000,1027500
9,9,1030000,1032500
8,9,1037500,1040000
9,9,1052500,1055000
8,9,1060000,1062500
9,9,1080000,1082500
8,9,1102500,1105000
9,9,1105000,1107500
8,9,1107500,1110000
9,9,1112500,1115000
8,9,1120000,1122500
9,9,1127500,1130000
8,9,1130000,1132500
9,9,1135000,1137500
8,9,1137500,1140000
9,9,1140000,1142500
8,9,1175000,1177500
3,10,150000,152500
2,10,155000,157500
3,10,190000,192500
2,10,192500,195000
1,10,210000,212500
0,10,217500,220000
5,10,262500,265000
4,10,265000,267500
3,10,282500,285000
2,10,285000,287500
3,10,287500,290000
2,10,292500,295000
3,10,362500,365000
6,10,367500,370000
3,10,370000,372500
4,10,377500,380000
9,10,380000,382500
8,10,400000,402500
3,10,405000,407500
2,10,407500,410000
3,10,410000,412500
4,10,417500,420000
3,10,425000,427500
2,10,427500,430000
3,10,452500,455000
2,10,455000,457500
3,10,462500,465000
2,10,470000,472500
3,10,500000,502500
2,10,505000,507500
5,10,512500,515000
4,10,515000,517500
3,10,527500,530000
2,10,530000,532500
1,10,565000,567500
0,10,567500,570000
3,10,600000,602500
2,10,602500,605000
3,10,667500,670000
2,10,670000,672500
3,10,727500,730000
2,10,730000,732500
3,10,747500,750000
2,10,772500,775000
5,10,805000,807500
4,10,817500,820000
3,10,965000,967500
2,10,987500,990000
3,10,990000,992500
2,10,992500,995000
5,10,1052500,1055000
4,10,1067500,1070000
9,11,7500,10000
8,11,25000,27500
9,11,37500,40000
8,11,40000,42500
9,11,42500,45000
8,11,50000,52500
9,11,67500,70000
8,11,72500,75000
9,11,80000,82500
8,11,82500,85000
9,11,85000,87500
8,11,87500,90000
9,11,102500,105000
8,11,105000,107500
3,11,180000,182500
2,11,182500,185000
3,11,185000,187500
2,11,187500,190000
9,11,272500,275000
8,11,275000,277500
9,11,302500,305000
8,11,305000,307500
9,11,380000,382500
8,11,387500,390000
3,11,690000,692500
2,11,692500,695000
3,11,760000,762500
2,11,762500,765000
3,11,770000,772500
2,11,772500,775000
9,11,840000,842500
8,11,855000,857500
3,11,860000,862500
8,11,870000,872500
9,11,885000,887500
4,11,892500,895000
9,11,902500,905000
8,11,907500,910000
9,11,922500,925000
8,11,925000,927500
9,11,955000,957500
8,11,957500,960000
9,11,965000,967500
2,11,970000,972500
9,11,1012500,1015000
8,11,1022500,1025000
9,11,1035000,1037500
8,11,1040000,1042500
3,11,1047500,1050000
2,11,1060000,1062500
9,11,1117500,1120000
8,11,1122500,1125000
2,12,0,2500
3,12,2500,5000
2,12,5000,7500
1,12,7500,10000
2,12,57500,60000
1,12,60000,62500
2,12,97500,100000
3,12,100000,102500
2,12,132500,135000
3,12,135000,137500
0,12,152500,155000
3,12,157500,160000
0,12,425000,427500
1,12,427500,430000
0,12,867500,870000
1,12,870000,872500
2,12,892500,895000
3,12,895000,897500
2,12,1030000,1032500
3,12,1037500,1040000
5,13,0,2500
4,13,2500,5000
3,13,7500,10000
2,13,12500,15000
3,13,17500,20000
2,13,22500,25000
3,13,25000,27500
2,13,37500,40000
3,13,40000,42500
2,13,57500,60000
3,13,67500,70000
2,13,75000,77500
3,13,77500,80000
2,13,87500,90000
3,13,90000,92500
2,13,107500,110000
7,13,120000,122500
6,13,122500,125000
5,13,140000,142500
4,13,142500,145000
3,13,152500,155000
2,13,170000,172500
3,13,185000,187500
6,13,192500,195000
3,13,195000,197500
2,13,202500,205000
3,13,207500,210000
2,13,210000,212500
3,13,222500,225000
2,13,225000,227500
3,13,242500,245000
2,13,245000,247500
7,13,260000,262500
6,13,272500,275000
3,13,282500,285000
2,13,295000,297500
7,13,315000,317500
6,13,322500,325000
3,13,342500,345000
6,13,350000,352500
3,13,352500,355000
6,13,357500,360000
7,13,362500,365000
2,13,377500,380000
7,13,402500,405000
6,13,405000,407500
3,13,415000,417500
6,13,435000,437500
3,13,437500,440000
2,13,440000,442500
7,13,442500,445000
2,13,447500,450000
3,13,452500,455000
2,13,457500,460000
3,13,465000,467500
2,13,467500,470000
7,13,470000,472500
6,13,472500,475000
7,13,480000,482500
6,13,482500,485000
3,13,487500,490000
2,13,490000,492500
7,13,492500,495000
6,13,497500,500000
7,13,520000,522500
6,13,522500,525000
3,13,537500,540000
2,13,540000,542500
7,13,545000,547500
6,13,547500,550000
3,13,560000,562500
2,13,562500,565000
3,13,570000,572500
2,13,572500,575000
3,13,577500,580000
0,13,587500,590000
1,13,590000,592500
2,13,595000,597500
3,13,625000,627500
2,13,627500,630000
3,13,630000,632500
2,13,632500,635000
3,13,635000,637500
2,13,657500,660000
7,13,660000,662500
2,13,720000,722500
3,13,722500,725000
2,13,730000,732500
3,13,737500,740000
2,13,740000,742500
3,13,742500,745000
2,13,765000,767500
3,13,767500,770000
2,13,782500,785000
3,13,790000,792500
2,13,820000,822500
3,13,822500,825000
2,13,827500,830000
3,13,832500,835000
2,13,835000,837500
3,13,840000,842500
2,13,852500,855000
3,13,862500,865000
4,13,870000,872500
7,13,892500,895000
6,13,895000,897500
3,13,897500,900000
2,13,900000,902500
3,13,907500,910000
2,13,925000,927500
3,13,937500,940000
2,13,945000,947500
3,14,7500,10000
2,14,12500,15000
3,14,15000,17500
8,14,65000,67500
9,14,67500,70000
8,14,97500,100000
3,14,100000,102500
2,14,105000,107500
3,14,107500,110000
2,14,120000,122500
9,14,127500,130000
8,14,130000,132500
9,14,140000,142500
8,14,142500,145000
3,14,147500,150000
2,14,150000,152500
9,14,152500,155000
8,14,155000,157500
3,14,162500,165000
8,14,175000,177500
9,14,177500,180000
2,14,192500,195000
3,14,195000,197500
8,14,200000,202500
9,14,217500,220000
2,14,277500,280000
3,14,280000,282500
2,14,345000,347500
3,14,347500,350000
8,14,375000,377500
9,14,377500,380000
8,14,480000,482500
9,14,482500,485000
2,14,520000,522500
9,14,525000,527500
2,14,540000,542500
3,14,542500,545000
2,14,570000,572500
3,14,575000,577500
2,14,617500,620000
3,14,622500,625000
8,14,652500,655000
3,14,655000,657500
2,14,672500,675000
9,14,675000,677500
8,14,677500,680000
3,14,680000,682500
2,14,685000,687500
3,14,687500,690000
2,14,697500,700000
3,14,700000,702500
2,14,765000,767500
9,14,772500,775000
2,14,792500,795000
3,14,795000,797500
8,14,810000,812500
3,14,812500,815000
8,14,840000,842500
3,14,850000,852500
2,14,865000,867500
5,14,867500,870000
2,14,882500,885000
9,14,887500,890000
0,14,895000,897500
9,14,900000,902500
2,14,930000,932500
3,14,932500,935000
2,14,935000,937500
9,14,950000,952500
8,14,972500,975000
9,14,975000,977500
8,14,980000,982500
9,14,985000,987500
8,14,990000,992500
9,14,992500,995000
2,14,1000000,1002500
3,14,1005000,1007500
2,14,1015000,1017500
3,14,1017500,1020000
2,14,1027500,1030000
9,14,1030000,1032500
8,14,1032500,1035000
3,14,1035000,1037500
2,14,1042500,1045000
3,14,1050000,1052500
8,14,1072500,1075000
3,14,1075000,1077500
2,14,1097500,1100000
3,14,1100000,1102500
2,14,1117500,1120000
3,14,1120000,1122500
2,14,1137500,1140000
2,15,0,2500
3,15,2500,5000
2,15,45000,47500
3,15,47500,50000
2,15,62500,65000
3,15,65000,67500
0,15,152500,155000
3,15,155000,157500
2,15,707500,710000
7,15,710000,712500
2,15,762500,765000
3,15,765000,767500
2,15,850000,852500
3,15,855000,857500
2,15,865000,867500
3,15,867500,870000
2,15,892500,895000
3,15,895000,897500
0,15,900000,902500
3,15,902500,905000
2,15,905000,907500
3,15,907500,910000
2,15,1030000,1032500
3,15,1032500,1035000
2,15,1132500,1135000
3,15,1135000,1137500
3,16,10000,12500
2,16,12500,15000
3,16,17500,20000
2,16,25000,27500
3,16,30000,32500
2,16,35000,37500
3,16,37500,40000
2,16,45000,47500
3,16,47500,50000
2,16,62500,65000
3,16,80000,82500
2,16,92500,95000
3,16,97500,100000
2,16,102500,105000
3,16,105000,107500
2,16,107500,110000
7,16,147500,150000
6,16,150000,152500
3,16,160000,162500
2,16,162500,165000
3,16,165000,167500
2,16,175000,177500
3,16,180000,182500
2,16,190000,192500
3,16,192500,195000
2,16,197500,200000
3,16,212500,215000
2,16,215000,217500
3,16,217500,220000
2,16,220000,222500
3,16,227500,230000
2,16,230000,232500
3,16,242500,245000
2,16,247500,250000
3,16,282500,285000
2,16,300000,302500
3,16,302500,305000
2,16,305000,307500
3,16,312500,315000
2,16,315000,317500
3,16,317500,320000
2,16,320000,322500
3,16,327500,330000
2,16,335000,337500
3,16,355000,357500
2,16,357500,360000
7,16,377500,380000
2,16,390000,392500
3,16,395000,397500
2,16,397500,400000
3,16,415000,417500
2,16,417500,420000
3,16,420000,422500
2,16,425000,427500
3,16,447500,450000
2,16,450000,452500
3,16,457500,460000
2,16,462500,465000
3,16,472500,475000
2,16,475000,477500
3,16,477500,480000
2,16,480000,482500
3,16,482500,485000
2,16,485000,487500
7,16,487500,490000
6,16,490000,492500
3,16,492500,495000
2,16,497500,500000
3,16,502500,505000
2,16,505000,507500
7,16,510000,512500
6,16,512500,515000
3,16,515000,517500
2,16,517500,520000
3,16,525000,527500
2,16,527500,530000
3,16,532500,535000
2,16,535000,537500
3,16,542500,545000
2,16,545000,547500
3,16,557500,560000
2,16,560000,562500
3,16,582500,585000
2,16,585000,587500
3,16,610000,612500
2,16,615000,617500
3,16,625000,627500
2,16,627500,630000
3,16,640000,642500
2,16,642500,645000
3,16,645000,647500
2,16,647500,650000
5,16,650000,652500
2,16,660000,662500
3,16,692500,695000
2,16,695000,697500
3,16,702500,705000
2,16,720000,722500
3,16,722500,725000
2,16,730000,732500
3,16,732500,735000
2,16,735000,737500
3,16,745000,747500
2,16,762500,765000
3,16,765000,767500
2,16,797500,800000
3,16,802500,805000
2,16,805000,807500
3,16,807500,810000
2,16,812500,815000
3,16,820000,822500
2,16,827500,830000
3,16,835000,837500
2,16,837500,840000
3,16,842500,845000
2,16,847500,850000
1,16,855000,857500
0,16,857500,860000
3,16,860000,862500
2,16,862500,865000
3,16,867500,870000
2,16,870000,872500
3,16,880000,882500
2,16,882500,885000
3,16,887500,890000
2,16,897500,900000
3,16,900000,902500
2,16,902500,905000
3,16,905000,907500
2,16,915000,917500
3,16,917500,920000
2,16,922500,925000
3,16,930000,932500
2,16,932500,935000
3,16,955000,957500
2,16,962500,965000
3,16,965000,967500
2,16,972500,975000
3,16,977500,980000
2,16,980000,982500
3,16,987500,990000
2,16,992500,995000
3,16,1002500,1005000
2,16,1005000,1007500
3,16,1012500,1015000
2,16,1015000,1017500
3,16,1022500,1025000
2,16,1027500,1030000
3,16,1030000,1032500
2,16,1032500,1035000
3,16,1035000,1037500
2,16,1052500,1055000
3,16,1065000,1067500
2,16,1072500,1075000
3,17,10000,12500
2,17,15000,17500
3,17,17500,20000
2,17,20000,22500
3,17,52500,55000
2,17,60000,62500
3,17,62500,65000
2,17,65000,67500
3,17,67500,70000
2,17,70000,72500
3,17,75000,77500
2,17,82500,85000
3,17,85000,87500
2,17,90000,92500
9,17,92500,95000
2,17,97500,100000
3,17,115000,117500
2,17,117500,120000
3,17,122500,125000
2,17,125000,127500
3,17,127500,130000
2,17,135000,137500
3,17,140000,142500
2,17,147500,150000
3,17,160000,162500
2,17,167500,170000
3,17,200000,202500
2,17,202500,205000
3,17,262500,265000
2,17,265000,267500
3,17,267500,270000
2,17,275000,277500
9,17,297500,300000
8,17,300000,302500
3,17,337500,340000
2,17,342500,345000
9,17,350000,352500
8,17,352500,355000
3,17,355000,357500
2,17,360000,362500
9,17,372500,375000
8,17,375000,377500
3,17,380000,382500
2,17,387500,390000
3,17,425000,427500
2,17,427500,430000
3,17,477500,480000
2,17,480000,482500
3,17,482500,485000
2,17,485000,487500
3,17,522500,525000
2,17,525000,527500
3,17,640000,642500
2,17,642500,645000
3,17,650000,652500
2,17,652500,655000
3,17,695000,697500
2,17,697500,700000
9,17,772500,775000
8,17,775000,777500
3,17,780000,782500
2,17,790000,792500
3,17,805000,807500
2,17,810000,812500
3,17,817500,820000
2,17,825000,827500
3,17,835000,837500
2,17,840000,842500
3,17,847500,850000
2,17,850000,852500
3,17,865000,867500
2,17,867500,870000
3,17,882500,885000
2,17,935000,937500
3,17,937500,940000
2,17,942500,945000
3,17,945000,947500
2,17,987500,990000
3,17,990000,992500
2,17,997500,1000000
3,17,1005000,1007500
2,17,1015000,1017500
3,17,1017500,1020000
2,17,1030000,1032500
3,17,1035000,1037500
2,17,1042500,1045000
3,17,1050000,1052500
2,17,1052500,1055000
3,17,1070000,1072500
2,17,1077500,1080000
3,17,1080000,1082500
2,17,1090000,1092500
3,17,1095000,1097500
2,17,1107500,1110000
3,17,1137500,1140000
8,18,0,2500
9,18,10000,12500
8,18,47500,50000
9,18,50000,52500
8,18,60000,62500
9,18,70000,72500
8,18,85000,87500
9,18,87500,90000
8,18,102500,105000
9,18,107500,110000
8,18,110000,112500
9,18,115000,117500
2,18,130000,132500
9,18,135000,137500
0,18,147500,150000
3,18,152500,155000
8,18,177500,180000
9,18,185000,187500
8,18,192500,195000
9,18,195000,197500
8,18,205000,207500
9,18,207500,210000
8,18,212500,215000
9,18,215000,217500
8,18,217500,220000
9,18,220000,222500
8,18,242500,245000
9,18,250000,252500
8,18,252500,255000
9,18,260000,262500
8,18,262500,265000
9,18,275000,277500
8,18,282500,285000
9,18,285000,287500
8,18,297500,300000
9,18,302500,305000
8,18,325000,327500
9,18,327500,330000
8,18,335000,337500
9,18,340000,342500
8,18,347500,350000
9,18,352500,355000
8,18,355000,357500
9,18,357500,360000
8,18,362500,365000
9,18,365000,367500
8,18,370000,372500
9,18,400000,402500
8,18,422500,425000
9,18,437500,440000
8,18,447500,450000
9,18,457500,460000
2,18,465000,467500
3,18,470000,472500
8,18,477500,480000
9,18,480000,482500
2,18,502500,505000
3,18,505000,507500
2,18,510000,512500
9,18,512500,515000
8,18,515000,517500
3,18,517500,520000
0,18,527500,530000
9,18,532500,535000
8,18,540000,542500
9,18,552500,555000
2,18,560000,562500
9,18,565000,567500
8,18,570000,572500
1,18,575000,577500
8,18,585000,587500
9,18,590000,592500
8,18,595000,597500
9,18,597500,600000
8,18,600000,602500
9,18,605000,607500
8,18,610000,612500
3,18,617500,620000
2,18,622500,625000
9,18,625000,627500
8,18,627500,630000
3,18,630000,632500
8,18,640000,642500
9,18,647500,650000
8,18,650000,652500
3,18,652500,655000
2,18,660000,662500
9,18,665000,667500
8,18,670000,672500
9,18,672500,675000
2,18,677500,680000
3,18,680000,682500
0,18,687500,690000
3,18,690000,692500
2,18,692500,695000
3,18,705000,707500
2,18,707500,710000
9,18,715000,717500
8,18,717500,720000
9,18,722500,725000
8,18,740000,742500
9,18,757500,760000
8,18,772500,775000
9,18,775000,777500
0,18,795000,797500
9,18,800000,802500
8,18,805000,807500
9,18,807500,810000
8,18,817500,820000
9,18,837500,840000
8,18,845000,847500
9,18,850000,852500
8,18,865000,867500
9,18,875000,877500
8,18,880000,882500
9,18,887500,890000
8,18,890000,892500
9,18,892500,895000
8,18,895000,897500
9,18,900000,902500
8,18,932500,935000
9,18,942500,945000
8,18,947500,950000
9,18,950000,952500
2,18,1030000,1032500
9,18,1035000,1037500
8,18,1037500,1040000
9,18,1042500,1045000
8,18,1055000,1057500
9,18,1057500,1060000
2,18,1070000,1072500
9,18,1077500,1080000
8,18,1107500,1110000
9,18,1112500,1115000
8,18,1120000,1122500
9,18,1122500,1125000
3,19,47500,50000
2,19,50000,52500
3,19,150000,152500
2,19,155000,157500
3,19,180000,182500
2,19,185000,187500
3,19,192500,195000
2,19,195000,197500
3,19,205000,207500
2,19,210000,212500
3,19,212500,215000
2,19,217500,220000
3,19,235000,237500
2,19,237500,240000
3,19,325000,327500
2,19,327500,330000
3,19,360000,362500
2,19,365000,367500
3,19,397500,400000
2,19,400000,402500
9,19,402500,405000
8,19,407500,410000
3,19,412500,415000
2,19,417500,420000
9,19,430000,432500
8,19,435000,437500
3,19,500000,502500
2,19,502500,505000
3,19,522500,525000
2,19,525000,527500
3,19,530000,532500
2,19,532500,535000
3,19,587500,590000
2,19,590000,592500
3,19,600000,602500
2,19,602500,605000
3,19,610000,612500
2,19,612500,615000
3,19,625000,627500
2,19,627500,630000
3,19,642500,645000
2,19,652500,655000
3,19,655000,657500
2,19,662500,665000
3,19,667500,670000
2,19,677500,680000
3,19,682500,685000
2,19,685000,687500
3,19,692500,695000
2,19,697500,700000
3,19,707500,710000
2,19,720000,722500
3,19,722500,725000
2,19,725000,727500
3,19,735000,737500
2,19,737500,740000
3,19,772500,775000
2,19,777500,780000
3,19,790000,792500
2,19,792500,795000
3,19,805000,807500
2,19,810000,812500
3,19,867500,870000
2,19,872500,875000
9,19,887500,890000
8,19,890000,892500
3,19,907500,910000
2,19,910000,912500
3,19,970000,972500
2,19,975000,977500
7,19,1002500,1005000
6,19,1005000,1007500
9,19,1095000,1097500
8,19,1097500,1100000
3,20,5000,7500
2,20,7500,10000
9,20,10000,12500
2,20,15000,17500
9,20,27500,30000
8,20,32500,35000
9,20,52500,55000
8,20,60000,62500
9,20,70000,72500
8,20,75000,77500
9,20,82500,85000
8,20,85000,87500
9,20,87500,90000
8,20,95000,97500
9,20,102500,105000
8,20,105000,107500
9,20,120000,122500
8,20,127500,130000
3,20,140000,142500
2,20,150000,152500
9,20,165000,167500
8,20,175000,177500
9,20,187500,190000
8,20,192500,195000
3,20,197500,200000
2,20,207500,210000
9,20,222500,225000
8,20,257500,260000
3,20,260000,262500
8,20,277500,280000
3,20,282500,285000
8,20,297500,300000
9,20,302500,305000
8,20,335000,337500
3,20,337500,340000
2,20,370000,372500
3,20,380000,382500
2,20,450000,452500
3,20,455000,457500
2,20,462500,465000
3,20,465000,467500
2,20,477500,480000
3,20,480000,482500
2,20,502500,505000
3,20,505000,507500
2,20,510000,512500
3,20,515000,517500
2,20,527500,530000
3,20,530000,532500
2,20,547500,550000
3,20,550000,552500
8,20,570000,572500
3,20,575000,577500
2,20,607500,610000
3,20,610000,612500
2,20,620000,622500
3,20,622500,625000
2,20,627500,630000
3,20,640000,642500
2,20,642500,645000
3,20,645000,647500
2,20,647500,650000
3,20,650000,652500
2,20,660000,662500
3,20,675000,677500
2,20,677500,680000
3,20,685000,687500
2,20,687500,690000
3,20,695000,697500
2,20,697500,700000
3,20,705000,707500
2,20,712500,715000
9,20,715000,717500
2,20,722500,725000
9,20,732500,735000
8,20,735000,737500
9,20,737500,740000
2,20,742500,745000
3,20,870000,872500
2,20,877500,880000
9,20,912500,915000
8,20,922500,925000
9,20,925000,927500
8,20,930000,932500
9,20,997500,1000000
8,20,1002500,1005000
3,20,1005000,1007500
2,20,1012500,1015000
3,20,1040000,1042500
8,20,1070000,1072500
3,20,1075000,1077500
2,20,1077500,1080000
9,20,1087500,1090000
8,20,1107500,1110000
3,20,1115000,1117500
8,20,1137500,1140000
8,21,0,2500
9,21,7500,10000
8,21,12500,15000
9,21,15000,17500
8,21,47500,50000
9,21,50000,52500
8,21,62500,65000
9,21,70000,72500
8,21,75000,77500
9,21,77500,80000
8,21,105000,107500
9,21,107500,110000
8,21,110000,112500
9,21,115000,117500
8,21,127500,130000
9,21,132500,135000
8,21,147500,150000
3,21,152500,155000
2,21,180000,182500
9,21,185000,187500
8,21,192500,195000
9,21,195000,197500
8,21,242500,245000
9,21,250000,252500
2,21,255000,257500
9,21,257500,260000
8,21,267500,270000
9,21,272500,275000
8,21,297500,300000
9,21,300000,302500
8,21,350000,352500
9,21,352500,355000
8,21,355000,357500
9,21,357500,360000
8,21,370000,372500
3,21,372500,375000
2,21,375000,377500
9,21,397500,400000
8,21,422500,425000
3,21,427500,430000
8,21,447500,450000
9,21,457500,460000
8,21,477500,480000
9,21,480000,482500
8,21,502500,505000
3,21,505000,507500
2,21,507500,510000
9,21,510000,512500
8,21,515000,517500
3,21,517500,520000
8,21,525000,527500
3,21,527500,530000
2,21,542500,545000
3,21,545000,547500
8,21,557500,560000
3,21,560000,562500
8,21,570000,572500
9,21,577500,580000
8,21,585000,587500
9,21,587500,590000
8,21,602500,605000
9,21,607500,610000
8,21,610000,612500
9,21,615000,617500
8,21,627500,630000
3,21,630000,632500
8,21,640000,642500
9,21,642500,645000
8,21,645000,647500
3,21,652500,655000
2,21,662500,665000
9,21,665000,667500
8,21,670000,672500
9,21,672500,675000
2,21,695000,697500
3,21,700000,702500
2,21,707500,710000
9,21,712500,715000
8,21,720000,722500
9,21,722500,725000
8,21,740000,742500
9,21,765000,767500
8,21,772500,775000
9,21,775000,777500
8,21,787500,790000
3,21,810000,812500
2,21,815000,817500
9,21,837500,840000
8,21,845000,847500
9,21,850000,852500
8,21,867500,870000
9,21,870000,872500
8,21,880000,882500
9,21,887500,890000
8,21,890000,892500
9,21,895000,897500
8,21,917500,920000
9,21,925000,927500
8,21,927500,930000
9,21,930000,932500
8,21,932500,935000
3,21,935000,937500
2,21,937500,940000
9,21,942500,945000
8,21,947500,950000
9,21,950000,952500
8,21,960000,962500
9,21,962500,965000
8,21,1017500,1020000
9,21,1020000,1022500
2,21,1030000,1032500
9,21,1035000,1037500
8,21,1055000,1057500
9,21,1057500,1060000
8,21,1070000,1072500
9,21,1077500,1080000
3,22,47500,50000
2,22,50000,52500
3,22,127500,130000
2,22,130000,132500
3,22,152500,155000
2,22,155000,157500
3,22,177500,180000
2,22,180000,182500
3,22,182500,185000
2,22,187500,190000
3,22,205000,207500
2,22,207500,210000
3,22,210000,212500
2,22,215000,217500
9,22,222500,225000
8,22,230000,232500
3,22,232500,235000
2,22,235000,237500
9,22,287500,290000
8,22,310000,312500
3,22,320000,322500
2,22,322500,325000
3,22,352500,355000
2,22,357500,360000
9,22,380000,382500
8,22,382500,385000
9,22,385000,387500
2,22,392500,395000
9,22,395000,397500
8,22,400000,402500
3,22,407500,410000
2,22,412500,415000
9,22,425000,427500
8,22,427500,430000
9,22,457500,460000
8,22,462500,465000
3,22,477500,480000
2,22,480000,482500
3,22,492500,495000
2,22,495000,497500
3,22,515000,517500
2,22,517500,520000
3,22,522500,525000
2,22,525000,527500
3,22,602500,605000
2,22,605000,607500
3,22,617500,620000
2,22,620000,622500
3,22,637500,640000
2,22,642500,645000
3,22,647500,650000
2,22,655000,657500
3,22,660000,662500
2,22,662500,665000
3,22,672500,675000
2,22,675000,677500
3,22,682500,685000
2,22,687500,690000
3,22,700000,702500
2,22,705000,707500
3,22,707500,710000
2,22,710000,712500
3,22,712500,715000
2,22,717500,720000
3,22,722500,725000
8,22,727500,730000
9,22,735000,737500
8,22,740000,742500
9,22,750000,752500
8,22,752500,755000
3,22,760000,762500
2,22,765000,767500
3,22,792500,795000
2,22,795000,797500
3,22,855000,857500
2,22,860000,862500
9,22,872500,875000
8,22,880000,882500
3,22,895000,897500
2,22,897500,900000
3,22,957500,960000
2,22,960000,962500
5,22,987500,990000
4,22,990000,992500
9,22,1020000,1022500
8,22,1022500,1025000
3,22,1025000,1027500
2,22,1027500,1030000
3,22,1067500,1070000
2,22,1070000,1072500
2,23,22500,25000
9,23,27500,30000
8,23,30000,32500
5,23,35000,37500
4,23,37500,40000
9,23,42500,45000
8,23,45000,47500
3,23,47500,50000
2,23,52500,55000
9,23,55000,57500
2,23,75000,77500
3,23,85000,87500
8,23,97500,100000
3,23,105000,107500
2,23,135000,137500
9,23,140000,142500
8,23,145000,147500
5,23,147500,150000
4,23,150000,152500
9,23,165000,167500
8,23,175000,177500
3,23,177500,180000
2,23,195000,197500
3,23,197500,200000
2,23,200000,202500
3,23,205000,207500
2,23,220000,222500
3,23,235000,237500
2,23,240000,242500
3,23,242500,245000
2,23,287500,290000
9,23,295000,297500
8,23,325000,327500
9,23,327500,330000
8,23,332500,335000
3,23,337500,340000
8,23,345000,347500
3,23,347500,350000
2,23,410000,412500
3,23,412500,415000
2,23,512500,515000
3,23,515000,517500
2,23,517500,520000
9,23,520000,522500
8,23,522500,525000
3,23,527500,530000
2,23,542500,545000
3,23,545000,547500
8,23,555000,557500
3,23,557500,560000
2,23,585000,587500
3,23,587500,590000
2,23,595000,597500
9,23,597500,600000
8,23,600000,602500
3,23,607500,610000
2,23,610000,612500
3,23,615000,617500
2,23,645000,647500
3,23,647500,650000
2,23,662500,665000
3,23,670000,672500
2,23,707500,710000
9,23,715000,717500
8,23,717500,720000
9,23,725000,727500
2,23,732500,735000
3,23,740000,742500
2,23,745000,747500
3,23,757500,760000
2,23,765000,767500
3,23,772500,775000
2,23,775000,777500
3,23,795000,797500
2,23,797500,800000
3,23,800000,802500
2,23,807500,810000
3,23,812500,815000
2,23,820000,822500
3,23,822500,825000
2,23,832500,835000
3,23,835000,837500
2,23,837500,840000
3,23,845000,847500
2,23,847500,850000
3,23,855000,857500
2,23,857500,860000
9,23,892500,895000
8,23,895000,897500
3,23,907500,910000
2,23,910000,912500
3,23,920000,922500
2,23,922500,925000
3,23,932500,935000
2,23,935000,937500
3,23,937500,940000
2,23,942500,945000
3,23,957500,960000
2,23,960000,962500
9,23,962500,965000
8,23,975000,977500
9,23,985000,987500
2,23,1005000,1007500
3,23,1007500,1010000
2,23,1012500,1015000
3,23,1037500,1040000
2,23,1042500,1045000
3,23,1055000,1057500
2,23,1057500,1060000
9,23,1060000,1062500
8,23,1065000,1067500
3,23,1070000,1072500
2,23,1082500,1085000
3,23,1087500,1090000
2,23,1100000,1102500
3,23,1107500,1110000
8,23,1127500,1130000
9,23,1130000,1132500
8,23,1135000,1137500
5,24,67500,70000
4,24,70000,72500
5,24,80000,82500
4,24,82500,85000
5,24,85000,87500
4,24,87500,90000
1,24,155000,157500
0,24,160000,162500
1,24,872500,875000
0,24,877500,880000
6,25,57500,60000
7,25,60000,62500
6,25,90000,92500
7,25,92500,95000
6,25,200000,202500
7,25,202500,205000
6,25,205000,207500
7,25,207500,210000
6,25,210000,212500
7,25,215000,217500
6,25,217500,220000
3,25,220000,222500
6,25,247500,250000
3,25,262500,265000
6,25,272500,275000
7,25,337500,340000
6,25,370000,372500
7,25,375000,377500
6,25,377500,380000
7,25,392500,395000
6,25,445000,447500
7,25,452500,455000
6,25,455000,457500
7,25,457500,460000
6,25,462500,465000
7,25,467500,470000
6,25,562500,565000
7,25,567500,570000
6,25,575000,577500
9,25,612500,615000
8,25,617500,620000
7,25,627500,630000
6,25,665000,667500
3,25,682500,685000
6,25,842500,845000
9,25,847500,850000
6,25,910000,912500
7,25,927500,930000
2,25,932500,935000
7,25,937500,940000
6,25,995000,997500
7,25,1020000,1022500
6,25,1035000,1037500
7,25,1037500,1040000
6,25,1117500,1120000
7,25,1120000,1122500
8,26,82500,85000
5,26,85000,87500
4,26,87500,90000
9,26,90000,92500
8,26,1055000,1057500
9,26,1057500,1060000
8,26,1162500,1165000
5,27,67500,70000
4,27,70000,72500
5,27,75000,77500
4,27,77500,80000
5,27,80000,82500
4,27,82500,85000
5,27,85000,87500
4,27,87500,90000
1,27,155000,157500
0,27,157500,160000
9,27,702500,705000
8,27,707500,710000
1,27,872500,875000
0,27,877500,880000
9,27,882500,885000
8,27,885000,887500
5,27,1120000,1122500
4,27,1122500,1125000
5,27,1127500,1130000
4,27,1132500,1135000
6,28,32500,35000
7,28,40000,42500
6,28,82500,85000
7,28,85000,87500
6,28,87500,90000
7,28,100000,102500
6,28,107500,110000
7,28,110000,112500
6,28,122500,125000
7,28,127500,130000
6,28,142500,145000
7,28,145000,147500
6,28,160000,162500
7,28,195000,197500
6,28,275000,277500
7,28,282500,285000
6,28,285000,287500
3,28,315000,317500
6,28,360000,362500
7,28,385000,387500
6,28,395000,397500
7,28,400000,402500
6,28,405000,407500
7,28,415000,417500
6,28,445000,447500
7,28,470000,472500
6,28,492500,495000
9,28,500000,502500
6,28,525000,527500
7,28,530000,532500
6,28,537500,540000
7,28,627500,630000
6,28,675000,677500
7,28,700000,702500
6,28,722500,725000
7,28,755000,757500
6,28,767500,770000
7,28,775000,777500
6,28,792500,795000
7,28,795000,797500
6,28,802500,805000
7,28,810000,812500
6,28,820000,822500
7,28,825000,827500
6,28,827500,830000
7,28,835000,837500
6,28,837500,840000
7,28,875000,877500
6,28,920000,922500
9,28,942500,945000
8,28,945000,947500
7,28,947500,950000
6,28,990000,992500
7,28,992500,995000
6,28,1020000,1022500
7,28,1062500,1065000
6,28,1072500,1075000
7,28,1077500,1080000
6,28,1085000,1087500
7,28,1092500,1095000
6,28,1132500,1135000
7,28,1135000,1137500
0,29,2500,5000
5,29,67500,70000
8,29,72500,75000
5,29,75000,77500
4,29,77500,80000
9,29,130000,132500
8,29,132500,135000
9,29,147500,150000
8,29,150000,152500
9,29,160000,162500
8,29,175000,177500
9,29,182500,185000
8,29,185000,187500
9,29,255000,257500
8,29,257500,260000
7,29,295000,297500
6,29,300000,302500
9,29,360000,362500
8,29,362500,365000
9,29,810000,812500
8,29,830000,832500
9,29,840000,842500
8,29,845000,847500
9,29,872500,875000
8,29,877500,880000
9,29,935000,937500
8,29,945000,947500
7,29,950000,952500
8,29,990000,992500
9,29,992500,995000
8,29,995000,997500
9,29,997500,1000000
8,29,1005000,1007500
9,29,1040000,1042500
8,29,1042500,1045000
9,29,1060000,1062500
8,29,1067500,1070000
9,29,1072500,1075000
8,29,1077500,1080000
9,29,1090000,1092500
8,29,1115000,1117500
9,29,1137500,1140000
8,29,1140000,1142500
3,29,1157500,1160000
2,29,1170000,1172500
3,29,1187500,1190000
2,29,1190000,1192500
3,29,1250000,1252500
9,30,17500,20000
8,30,22500,25000
9,30,35000,37500
8,30,37500,40000
9,30,40000,42500
8,30,45000,47500
5,30,67500,70000
4,30,70000,72500
5,30,75000,77500
4,30,82500,85000
9,30,85000,87500
8,30,92500,95000
9,30,97500,100000
8,30,105000,107500
9,30,1070000,1072500
8,30,1072500,1075000
9,30,1117500,1120000
8,30,1135000,1137500
9,30,1182500,1185000
8,30,1185000,1187500
9,30,1200000,1202500
8,30,1225000,1227500
9,30,1237500,1240000
4,30,1247500,1250000
9,30,1250000,1252500
5,31,67500,70000
4,31,70000,72500
7,31,77500,80000
6,31,82500,85000
3,31,225000,227500
2,31,227500,230000
3,31,265000,267500
2,31,267500,270000
3,31,697500,700000
2,31,720000,722500
5,31,1127500,1130000
4,31,1130000,1132500
5,32,67500,70000
4,32,70000,72500
5,32,75000,77500
4,32,77500,80000
5,32,85000,87500
4,32,87500,90000
9,32,100000,102500
8,32,102500,105000
3,32,617500,620000
2,32,620000,622500
3,32,1120000,1122500
2,32,1122500,1125000
9,32,1125000,1127500
8,32,1127500,1130000
9,32,1130000,1132500
8,32,1132500,1135000
9,32,1227500,1230000
8,32,1235000,1237500
9,33,17500,20000
8,33,25000,27500
9,33,35000,37500
8,33,37500,40000
9,33,40000,42500
8,33,45000,47500
5,33,67500,70000
4,33,70000,72500
5,33,75000,77500
8,33,87500,90000
9,33,90000,92500
8,33,92500,95000
9,33,97500,100000
8,33,105000,107500
9,33,172500,175000
8,33,175000,177500
9,33,645000,647500
8,33,647500,650000
9,33,1070000,1072500
8,33,1072500,1075000
9,33,1110000,1112500
8,33,1112500,1115000
9,33,1120000,1122500
8,33,1135000,1137500
9,33,1182500,1185000
8,33,1225000,1227500
9,33,1237500,1240000
3,34,225000,227500
2,34,227500,230000
3,34,265000,267500
2,34,267500,270000
3,34,342500,345000
2,34,350000,352500
3,34,420000,422500
2,34,422500,425000
3,34,700000,702500
2,34,722500,725000
3,34,1125000,1127500
2,34,1127500,1130000
5,35,67500,70000
4,35,70000,72500
5,35,75000,77500
4,35,77500,80000
5,35,80000,82500
4,35,82500,85000
5,35,85000,87500
4,35,87500,90000
9,35,1047500,1050000
8,35,1050000,1052500
9,35,1057500,1060000
8,35,1060000,1062500
9,35,1077500,1080000
8,35,1082500,1085000
9,35,1240000,1242500
8,35,1242500,1245000
5,36,202500,205000
4,36,207500,210000
5,36,367500,370000
4,36,370000,372500
9,36,447500,450000
8,36,450000,452500
5,36,460000,462500
4,36,465000,467500
5,36,467500,470000
4,36,472500,475000
4,37,2500,5000
7,37,5000,7500
6,37,32500,35000
7,37,35000,37500
6,37,40000,42500
7,37,42500,45000
6,37,105000,107500
7,37,187500,190000
6,37,190000,192500
7,37,327500,330000
6,37,332500,335000
7,37,385000,387500
6,37,387500,390000
8,38,42500,45000
9,38,45000,47500
8,38,512500,515000
9,38,515000,517500
8,38,540000,542500
9,38,545000,547500
8,38,657500,660000
9,38,667500,670000
8,38,747500,750000
9,38,750000,752500
8,38,762500,765000
9,38,765000,767500
8,38,902500,905000
9,38,905000,907500
8,38,1012500,1015000
9,38,1015000,1017500
5,39,0,2500
4,39,2500,5000
5,39,135000,137500
4,39,142500,145000
5,39,145000,147500
4,39,147500,150000
5,39,197500,200000
4,39,207500,210000
5,39,367500,370000
4,39,372500,375000
5,39,460000,462500
4,39,465000,467500
5,39,467500,470000
4,39,472500,475000
5,39,705000,707500
4,39,710000,712500
5,40,135000,137500
4,40,155000,157500
5,40,157500,160000
4,40,160000,162500
3,40,427500,430000
2,40,430000,432500
3,40,445000,447500
2,40,447500,450000
3,40,450000,452500
2,40,452500,455000
7,40,480000,482500
6,40,482500,485000
7,40,560000,562500
6,40,562500,565000
5,40,612500,615000
4,40,617500,620000
3,40,637500,640000
2,40,642500,645000
3,40,677500,680000
2,40,680000,682500
9,41,10000,12500
8,41,37500,40000
9,41,40000,42500
8,41,42500,45000
9,41,45000,47500
8,41,55000,57500
9,41,57500,60000
8,41,132500,135000
9,41,135000,137500
8,41,165000,167500
9,41,190000,192500
8,41,242500,245000
9,41,252500,255000
8,41,357500,360000
9,41,362500,365000
8,41,455000,457500
9,41,462500,465000
8,41,467500,470000
9,41,470000,472500
8,41,492500,495000
9,41,497500,500000
8,41,500000,502500
9,41,600000,602500
8,41,627500,630000
9,41,630000,632500
8,41,637500,640000
9,41,687500,690000
8,41,692500,695000
9,41,702500,705000
8,41,715000,717500
9,41,752500,755000
8,41,757500,760000
9,41,840000,842500
8,41,847500,850000
9,41,900000,902500
8,41,902500,905000
9,41,905000,907500
8,41,912500,915000
9,41,915000,917500
8,41,940000,942500
9,41,942500,945000
8,41,1012500,1015000
9,41,1017500,1020000
4,42,2500,5000
3,42,10000,12500
2,42,12500,15000
7,42,135000,137500
4,42,160000,162500
5,42,172500,175000
4,42,175000,177500
5,42,177500,180000
4,42,180000,182500
5,42,202500,205000
4,42,207500,210000
9,42,412500,415000
8,42,437500,440000
9,42,442500,445000
8,42,455000,457500
5,42,467500,470000
4,42,472500,475000
9,42,495000,497500
8,42,547500,550000
9,42,562500,565000
8,42,565000,567500
9,42,577500,580000
8,42,585000,587500
9,42,600000,602500
8,42,612500,615000
9,42,645000,647500
8,42,662500,665000
9,42,677500,680000
8,42,680000,682500
9,42,685000,687500
8,42,687500,690000
9,42,737500,740000
8,42,740000,742500
9,42,742500,745000
8,42,745000,747500
9,42,747500,750000
8,42,752500,755000
9,42,797500,800000
8,42,812500,815000
5,43,135000,137500
4,43,142500,145000
5,43,680000,682500
4,43,682500,685000
5,44,22500,25000
4,44,25000,27500
5,44,137500,140000
4,44,160000,162500
5,44,172500,175000
4,44,175000,177500
5,44,202500,205000
4,44,207500,210000
9,44,367500,370000
8,44,370000,372500
9,44,460000,462500
8,44,477500,480000
9,44,480000,482500
8,44,485000,487500
9,44,600000,602500
8,44,602500,605000
5,44,680000,682500
4,44,682500,685000
9,44,687500,690000
8,44,690000,692500
9,44,695000,697500
8,44,697500,700000
9,44,702500,705000
8,44,710000,712500
9,44,720000,722500
8,44,722500,725000
9,44,725000,727500
8,44,727500,730000
4,45,5000,7500
9,45,65000,67500
8,45,67500,70000
7,45,135000,137500
4,45,187500,190000
5,45,192500,195000
4,45,195000,197500
5,45,200000,202500
4,45,210000,212500
5,45,217500,220000
4,45,220000,222500
9,45,260000,262500
8,45,262500,265000
5,45,312500,315000
4,45,315000,317500
9,45,345000,347500
8,45,347500,350000
9,45,357500,360000
8,45,367500,370000
9,45,412500,415000
8,45,457500,460000
9,45,495000,497500
8,45,497500,500000
9,45,500000,502500
8,45,610000,612500
9,45,630000,632500
8,45,635000,637500
9,45,637500,640000
8,45,667500,670000
9,45,685000,687500
8,45,687500,690000
9,45,717500,720000
8,45,720000,722500
9,45,737500,740000
8,45,757500,760000
1,45,767500,770000
0,45,770000,772500
9,45,795000,797500
8,45,802500,805000
9,45,862500,865000
8,45,865000,867500
9,45,875000,877500
8,45,880000,882500
9,45,885000,887500
8,45,887500,890000
9,45,895000,897500
8,45,897500,900000
9,45,925000,927500
8,45,930000,932500
9,45,955000,957500
8,45,960000,962500
9,45,1005000,1007500
8,45,1007500,1010000
9,45,1042500,1045000
8,45,1045000,1047500
9,45,1047500,1050000
8,45,1050000,1052500
9,45,1097500,1100000
8,45,1100000,1102500
9,45,1162500,1165000
8,45,1167500,1170000
9,45,1217500,1220000
8,45,1227500,1230000
5,46,137500,140000
4,46,142500,145000
3,46,632500,635000
2,46,635000,637500
5,46,680000,682500
4,46,682500,685000
4,47,2500,5000
5,47,5000,7500
4,47,7500,10000
5,47,17500,20000
4,47,20000,22500
5,47,25000,27500
4,47,32500,35000
9,47,65000,67500
8,47,67500,70000
5,47,135000,137500
4,47,190000,192500
9,47,225000,227500
8,47,235000,237500
9,47,407500,410000
8,47,410000,412500
9,47,412500,415000
8,47,425000,427500
9,47,435000,437500
8,47,440000,442500
9,47,602500,605000
8,47,607500,610000
5,47,680000,682500
4,47,685000,687500
9,47,982500,985000
8,47,987500,990000
9,47,990000,992500
8,47,992500,995000
9,47,1095000,1097500
8,47,1100000,1102500
9,47,1125000,1127500
8,47,1140000,1142500
5,48,0,2500
4,48,5000,7500
7,48,132500,135000
6,48,135000,137500
7,48,155000,157500
6,48,160000,162500
9,48,207500,210000
0,48,212500,215000
1,48,235000,237500
0,48,240000,242500
7,48,292500,295000
6,48,295000,297500
3,48,395000,397500
2,48,397500,400000
1,48,475000,477500
0,48,485000,487500
9,48,492500,495000
8,48,507500,510000
1,48,532500,535000
0,48,542500,545000
7,48,557500,560000
6,48,560000,562500
7,48,575000,577500
0,48,582500,585000
7,48,642500,645000
6,48,647500,650000
1,48,665000,667500
0,48,667500,670000
9,48,675000,677500
8,48,677500,680000
3,48,715000,717500
2,48,720000,722500
3,48,722500,725000
2,48,725000,727500
7,48,737500,740000
6,48,740000,742500
5,48,750000,752500
4,48,752500,755000
1,48,760000,762500
0,48,765000,767500
3,48,775000,777500
2,48,777500,780000
7,48,780000,782500
6,48,782500,785000
3,48,785000,787500
2,48,792500,795000
3,48,795000,797500
2,48,802500,805000
3,48,877500,880000
2,48,885000,887500
9,48,940000,942500
6,48,957500,960000
7,48,977500,980000
6,48,980000,982500
3,48,985000,987500
2,48,1002500,1005000
3,48,1007500,1010000
6,48,1022500,1025000
9,48,1027500,1030000
2,48,1032500,1035000
3,48,1070000,1072500
2,48,1077500,1080000
3,48,1080000,1082500
2,48,1097500,1100000
3,48,1105000,1107500
2,48,1110000,1112500
4,49,5000,7500
9,49,22500,25000
8,49,27500,30000
7,49,35000,37500
6,49,47500,50000
9,49,50000,52500
6,49,57500,60000
7,49,62500,65000
6,49,65000,67500
9,49,67500,70000
6,49,72500,75000
7,49,75000,77500
8,49,85000,87500
9,49,87500,90000
8,49,95000,97500
9,49,105000,107500
8,49,107500,110000
9,49,110000,112500
8,49,115000,117500
5,49,120000,122500
4,49,132500,135000
9,49,135000,137500
8,49,137500,140000
9,49,140000,142500
8,49,145000,147500
9,49,157500,160000
8,49,160000,162500
7,49,162500,165000
6,49,165000,167500
9,49,180000,182500
8,49,185000,187500
7,49,200000,202500
6,49,205000,207500
7,49,207500,210000
6,49,212500,215000
9,49,222500,225000
8,49,230000,232500
7,49,242500,245000
6,49,247500,250000
9,49,252500,255000
8,49,255000,257500
9,49,257500,260000
8,49,262500,265000
9,49,265000,267500
8,49,275000,277500
9,49,332500,335000
8,49,335000,337500
9,49,390000,392500
8,49,392500,395000
9,49,395000,397500
8,49,397500,400000
9,49,405000,407500
6,49,410000,412500
7,49,437500,440000
8,49,447500,450000
9,49,480000,482500
8,49,482500,485000
9,49,510000,512500
8,49,515000,517500
9,49,517500,520000
8,49,520000,522500
9,49,582500,585000
8,49,590000,592500
7,49,602500,605000
6,49,605000,607500
5,49,632500,635000
4,49,637500,640000
3,49,642500,645000
4,49,652500,655000
5,49,677500,680000
4,49,680000,682500
3,49,685000,687500
2,49,687500,690000
7,49,695000,697500
6,49,697500,700000
7,49,702500,705000
6,49,722500,725000
5,49,725000,727500
8,49,842500,845000
5,49,860000,862500
4,49,890000,892500
7,49,902500,905000
6,49,910000,912500
7,49,922500,925000
6,49,925000,927500
7,49,935000,937500
6,49,955000,957500
7,49,962500,965000
4,50,20000,22500
7,50,25000,27500
6,50,27500,30000
9,50,37500,40000
8,50,50000,52500
9,50,55000,57500
8,50,57500,60000
9,50,62500,65000
8,50,65000,67500
9,50,75000,77500
8,50,77500,80000
9,50,82500,85000
8,50,107500,110000
9,50,115000,117500
8,50,130000,132500
7,50,135000,137500
6,50,137500,140000
9,50,157500,160000
8,50,182500,185000
9,50,230000,232500
8,50,235000,237500
9,50,262500,265000
8,50,265000,267500
9,50,287500,290000
6,50,292500,295000
9,50,350000,352500
8,50,352500,355000
9,50,367500,370000
8,50,370000,372500
9,50,385000,387500
8,50,387500,390000
9,50,452500,455000
8,50,455000,457500
9,50,457500,460000
8,50,460000,462500
9,50,462500,465000
8,50,467500,470000
7,50,577500,580000
6,50,580000,582500
9,50,672500,675000
8,50,675000,677500
7,50,712500,715000
6,50,722500,725000
1,50,747500,750000
0,50,750000,752500
9,50,822500,825000
8,50,875000,877500
9,50,877500,880000
8,50,925000,927500
9,50,935000,937500
8,50,937500,940000
5,50,940000,942500
4,50,945000,947500
5,50,1067500,1070000
4,50,1077500,1080000
4,51,7500,10000
3,51,132500,135000
2,51,137500,140000
1,51,210000,212500
0,51,212500,215000
1,51,227500,230000
0,51,230000,232500
1,51,235000,237500
0,51,240000,242500
1,51,290000,292500
6,51,295000,297500
1,51,447500,450000
0,51,452500,455000
1,51,477500,480000
0,51,487500,490000
3,51,510000,512500
2,51,512500,515000
3,51,520000,522500
2,51,522500,525000
1,51,537500,540000
0,51,542500,545000
1,51,632500,635000
0,51,635000,637500
1,51,675000,677500
0,51,677500,680000
3,51,705000,707500
2,51,707500,710000
1,51,712500,715000
0,51,717500,720000
5,51,722500,725000
8,51,732500,735000
3,51,735000,737500
2,51,737500,740000
5,51,750000,752500
0,51,757500,760000
1,51,760000,762500
0,51,765000,767500
9,51,772500,775000
6,51,777500,780000
3,51,875000,877500
2,51,885000,887500
7,51,940000,942500
2,51,952500,955000
5,51,955000,957500
8,51,960000,962500
1,51,962500,965000
0,51,967500,970000
3,51,977500,980000
2,51,995000,997500
3,51,997500,1000000
2,51,1012500,1015000
3,51,1015000,1017500
2,51,1022500,1025000
9,51,1027500,1030000
8,51,1030000,1032500
3,51,1052500,1055000
2,51,1055000,1057500
3,51,1070000,1072500
2,51,1095000,1097500
4,52,5000,7500
7,52,35000,37500
6,52,37500,40000
9,52,52500,55000
8,52,57500,60000
7,52,65000,67500
8,52,75000,77500
9,52,82500,85000
8,52,97500,100000
9,52,100000,102500
8,52,107500,110000
9,52,115000,117500
8,52,122500,125000
9,52,125000,127500
8,52,130000,132500
5,52,132500,135000
8,52,140000,142500
9,52,145000,147500
8,52,147500,150000
9,52,150000,152500
8,52,157500,160000
9,52,190000,192500
8,52,195000,197500
9,52,237500,240000
6,52,245000,247500
7,52,275000,277500
6,52,297500,300000
9,52,382500,385000
8,52,385000,387500
9,52,387500,390000
8,52,390000,392500
9,52,462500,465000
6,52,467500,470000
7,52,470000,472500
6,52,487500,490000
9,52,670000,672500
6,52,675000,677500
5,52,680000,682500
4,52,682500,685000
7,52,685000,687500
6,52,687500,690000
3,52,690000,692500
2,52,695000,697500
5,52,697500,700000
4,52,700000,702500
7,52,725000,727500
6,52,727500,730000
9,52,740000,742500
6,52,772500,775000
9,52,775000,777500
8,52,780000,782500
9,52,782500,785000
6,52,865000,867500
9,52,867500,870000
8,52,870000,872500
9,52,890000,892500
8,52,892500,895000
9,52,900000,902500
8,52,905000,907500
7,52,907500,910000
6,52,910000,912500
7,52,917500,920000
8,52,972500,975000
9,52,987500,990000
6,52,997500,1000000
7,52,1010000,1012500
6,52,1015000,1017500
1,52,1032500,1035000
0,52,1035000,1037500
1,52,1040000,1042500
4,52,1050000,1052500
5,52,1057500,1060000
4,53,2500,5000
5,53,722500,725000
4,53,725000,727500
1,53,877500,880000
0,53,880000,882500
4,54,2500,5000
9,54,35000,37500
8,54,37500,40000
9,54,50000,52500
8,54,55000,57500
9,54,60000,62500
8,54,75000,77500
9,54,132500,135000
8,54,135000,137500
9,54,187500,190000
8,54,192500,195000
9,54,205000,207500
8,54,217500,220000
9,54,230000,232500
8,54,232500,235000
9,54,240000,242500
8,54,245000,247500
9,54,252500,255000
8,54,255000,257500
5,54,262500,265000
8,54,267500,270000
9,54,272500,275000
8,54,277500,280000
7,54,290000,292500
6,54,295000,297500
9,54,365000,367500
8,54,370000,372500
9,54,385000,387500
8,54,397500,400000
9,54,400000,402500
8,54,420000,422500
9,54,445000,447500
8,54,450000,452500
9,54,455000,457500
8,54,460000,462500
9,54,462500,465000
8,54,467500,470000
9,54,472500,475000
8,54,475000,477500
9,54,490000,492500
8,54,512500,515000
9,54,535000,537500
8,54,537500,540000
9,54,540000,542500
6,54,545000,547500
9,54,570000,572500
8,54,572500,575000
9,54,577500,580000
8,54,592500,595000
9,54,615000,617500
8,54,617500,620000
9,54,625000,627500
8,54,627500,630000
9,54,667500,670000
8,54,672500,675000
9,54,675000,677500
8,54,677500,680000
9,54,697500,700000
8,54,705000,707500
9,54,755000,757500
8,54,757500,760000
9,54,760000,762500
6,54,765000,767500
7,54,775000,777500
6,54,777500,780000
9,54,785000,787500
8,54,797500,800000
9,54,810000,812500
8,54,815000,817500
9,54,817500,820000
8,54,820000,822500
9,54,832500,835000
8,54,835000,837500
9,54,837500,840000
8,54,855000,857500
9,54,857500,860000
8,54,862500,865000
9,54,867500,870000
8,54,872500,875000
9,54,875000,877500
8,54,885000,887500
9,54,887500,890000
8,54,890000,892500
9,54,895000,897500
8,54,902500,905000
9,54,905000,907500
8,54,910000,912500
9,54,912500,915000
8,54,920000,922500
9,54,922500,925000
8,54,932500,935000
9,54,942500,945000
8,54,947500,950000
9,54,962500,965000
8,54,967500,970000
9,54,977500,980000
6,54,987500,990000
9,54,990000,992500
8,54,1000000,1002500
9,54,1010000,1012500
8,54,1012500,1015000
9,54,1017500,1020000
8,54,1020000,1022500
9,54,1025000,1027500
8,54,1032500,1035000
9,54,1040000,1042500
8,54,1047500,1050000
9,54,1057500,1060000
8,54,1065000,1067500
9,54,1067500,1070000
8,54,1082500,1085000
5,54,1087500,1090000
8,54,1097500,1100000
9,54,1100000,1102500
8,54,1110000,1112500
4,55,5000,7500
5,55,10000,12500
4,55,12500,15000
9,55,70000,72500
8,55,75000,77500
9,55,90000,92500
8,55,95000,97500
5,55,185000,187500
8,55,190000,192500
5,55,227500,230000
4,55,230000,232500
5,55,270000,272500
4,55,272500,275000
9,55,292500,295000
8,55,295000,297500
9,55,297500,300000
8,55,300000,302500
9,55,380000,382500
8,55,382500,385000
9,55,390000,392500
8,55,392500,395000
5,55,520000,522500
4,55,522500,525000
5,55,555000,557500
4,55,560000,562500
7,55,585000,587500
8,55,590000,592500
7,55,595000,597500
6,55,597500,600000
5,55,647500,650000
8,55,652500,655000
7,55,692500,695000
6,55,702500,705000
1,55,707500,710000
0,55,710000,712500
7,55,727500,730000
6,55,730000,732500
5,55,737500,740000
4,55,742500,745000
7,55,755000,757500
6,55,757500,760000
5,55,852500,855000
6,55,860000,862500
9,55,867500,870000
8,55,872500,875000
3,55,910000,912500
2,55,917500,920000
7,55,920000,922500
6,55,922500,925000
5,55,955000,957500
4,55,957500,960000
5,55,967500,970000
4,55,972500,975000
5,55,975000,977500
4,55,980000,982500
5,55,982500,985000
4,55,992500,995000
5,55,1047500,1050000
4,55,1052500,1055000
5,55,1062500,1065000
4,55,1072500,1075000
4,56,2500,5000
7,56,5000,7500
8,56,30000,32500
7,56,35000,37500
8,56,50000,52500
9,56,60000,62500
8,56,65000,67500
9,56,77500,80000
8,56,82500,85000
7,56,107500,110000
8,56,115000,117500
7,56,132500,135000
6,56,135000,137500
7,56,170000,172500
6,56,172500,175000
9,56,187500,190000
8,56,190000,192500
5,56,202500,205000
8,56,217500,220000
9,56,222500,225000
8,56,245000,247500
9,56,280000,282500
8,56,282500,285000
9,56,287500,290000
8,56,295000,297500
9,56,320000,322500
8,56,340000,342500
7,56,342500,345000
6,56,345000,347500
9,56,347500,350000
8,56,350000,352500
7,56,355000,357500
8,56,372500,375000
9,56,385000,387500
8,56,392500,395000
9,56,397500,400000
8,56,420000,422500
9,56,447500,450000
8,56,450000,452500
9,56,455000,457500
8,56,475000,477500
7,56,477500,480000
8,56,487500,490000
7,56,490000,492500
8,56,560000,562500
9,56,570000,572500
8,56,592500,595000
7,56,597500,600000
8,56,607500,610000
9,56,612500,615000
8,56,620000,622500
9,56,625000,627500
6,56,632500,635000
9,56,660000,662500
8,56,670000,672500
9,56,672500,675000
8,56,692500,695000
9,56,697500,700000
8,56,705000,707500
7,56,712500,715000
6,56,715000,717500
7,56,722500,725000
6,56,725000,727500
3,56,735000,737500
8,56,745000,747500
7,56,747500,750000
6,56,755000,757500
5,56,760000,762500
4,56,762500,765000
9,56,855000,857500
8,56,857500,860000
7,56,877500,880000
6,56,885000,887500
9,56,895000,897500
8,56,897500,900000
9,56,980000,982500
8,56,985000,987500
5,56,1005000,1007500
4,56,1010000,1012500
5,56,1012500,1015000
8,56,1020000,1022500
9,56,1022500,1025000
8,56,1027500,1030000
9,56,1077500,1080000
8,56,1085000,1087500
4,57,2500,5000
9,57,35000,37500
8,57,40000,42500
9,57,62500,65000
8,57,67500,70000
9,57,77500,80000
8,57,80000,82500
9,57,132500,135000
8,57,135000,137500
9,57,187500,190000
8,57,190000,192500
9,57,205000,207500
8,57,210000,212500
9,57,212500,215000
8,57,217500,220000
9,57,230000,232500
8,57,235000,237500
7,57,237500,240000
8,57,247500,250000
9,57,250000,252500
8,57,257500,260000
9,57,272500,275000
8,57,275000,277500
7,57,290000,292500
6,57,295000,297500
9,57,297500,300000
8,57,320000,322500
9,57,322500,325000
8,57,340000,342500
9,57,365000,367500
8,57,372500,375000
9,57,395000,397500
8,57,397500,400000
9,57,400000,402500
8,57,420000,422500
9,57,445000,447500
8,57,447500,450000
9,57,450000,452500
8,57,452500,455000
9,57,455000,457500
8,57,457500,460000
9,57,462500,465000
8,57,467500,470000
9,57,487500,490000
8,57,512500,515000
5,57,535000,537500
8,57,547500,550000
9,57,550000,552500
8,57,552500,555000
9,57,570000,572500
8,57,572500,575000
9,57,577500,580000
8,57,592500,595000
9,57,607500,610000
8,57,620000,622500
9,57,627500,630000
8,57,630000,632500
9,57,657500,660000
8,57,662500,665000
9,57,667500,670000
8,57,672500,675000
9,57,677500,680000
8,57,705000,707500
5,57,727500,730000
6,57,732500,735000
7,57,750000,752500
6,57,752500,755000
1,57,760000,762500
0,57,765000,767500
9,57,782500,785000
8,57,785000,787500
9,57,787500,790000
8,57,797500,800000
9,57,837500,840000
8,57,852500,855000
9,57,855000,857500
8,57,885000,887500
9,57,905000,907500
8,57,907500,910000
9,57,915000,917500
8,57,917500,920000
9,57,922500,925000
8,57,925000,927500
9,57,927500,930000
8,57,932500,935000
9,57,935000,937500
8,57,950000,952500
9,57,957500,960000
8,57,967500,970000
5,57,977500,980000
4,57,980000,982500
9,57,985000,987500
8,57,1007500,1010000
9,57,1010000,1012500
8,57,1012500,1015000
9,57,1015000,1017500
8,57,1070000,1072500
5,57,1072500,1075000
8,57,1080000,1082500
9,57,1082500,1085000
5,58,0,2500
4,58,2500,5000
5,58,10000,12500
4,58,12500,15000
9,58,70000,72500
8,58,75000,77500
9,58,152500,155000
8,58,157500,160000
5,58,187500,190000
4,58,190000,192500
5,58,197500,200000
4,58,200000,202500
5,58,202500,205000
4,58,205000,207500
5,58,230000,232500
4,58,232500,235000
9,58,240000,242500
6,58,245000,247500
5,58,275000,277500
4,58,280000,282500
9,58,297500,300000
8,58,305000,307500
9,58,397500,400000
8,58,400000,402500
5,58,475000,477500
4,58,480000,482500
5,58,482500,485000
4,58,495000,497500
5,58,560000,562500
4,58,565000,567500
7,58,590000,592500
6,58,602500,605000
9,58,655000,657500
4,58,660000,662500
7,58,697500,700000
6,58,702500,705000
5,58,705000,707500
4,58,707500,710000
1,58,712500,715000
0,58,715000,717500
5,58,732500,735000
4,58,737500,740000
5,58,742500,745000
4,58,745000,747500
5,58,855000,857500
6,58,865000,867500
9,58,870000,872500
8,58,875000,877500
3,58,912500,915000
2,58,920000,922500
5,58,957500,960000
6,58,965000,967500
5,58,970000,972500
4,58,982500,985000
5,58,987500,990000
4,58,992500,995000
3,58,1055000,1057500
2,58,1057500,1060000
7,58,1065000,1067500
6,58,1075000,1077500
4,59,17500,20000
7,59,37500,40000
8,59,47500,50000
9,59,62500,65000
8,59,65000,67500
9,59,75000,77500
8,59,77500,80000
7,59,80000,82500
6,59,82500,85000
9,59,100000,102500
8,59,102500,105000
7,59,135000,137500
6,59,137500,140000
9,59,190000,192500
8,59,197500,200000
7,59,207500,210000
6,59,212500,215000
5,59,237500,240000
4,59,242500,245000
9,59,250000,252500
8,59,252500,255000
7,59,290000,292500
4,59,295000,297500
7,59,490000,492500
6,59,512500,515000
5,59,535000,537500
4,59,537500,540000
5,59,552500,555000
4,59,555000,557500
5,59,577500,580000
4,59,580000,582500
9,59,675000,677500
8,59,677500,680000
5,59,700000,702500
4,59,705000,707500
5,59,722500,725000
4,59,725000,727500
5,59,750000,752500
4,59,752500,755000
5,59,762500,765000
4,59,765000,767500
9,59,782500,785000
8,59,797500,800000
7,59,875000,877500
6,59,885000,887500
9,59,895000,897500
8,59,915000,917500
9,59,917500,920000
8,59,927500,930000
7,59,932500,935000
8,59,945000,947500
3,59,975000,977500
2,59,977500,980000
9,59,980000,982500
4,59,1002500,1005000
9,59,1007500,1010000
8,59,1010000,1012500
5,59,1017500,1020000
4,59,1020000,1022500
5,59,1027500,1030000
4,59,1030000,1032500
9,59,1060000,1062500
8,59,1062500,1065000
9,59,1067500,1070000
8,59,1070000,1072500
5,59,1085000,1087500
4,59,1095000,1097500
9,59,1097500,1100000
8,59,1105000,1107500
2,60,2500,5000
1,60,12500,15000
0,60,15000,17500
1,60,45000,47500
0,60,47500,50000
3,60,50000,52500
2,60,60000,62500
3,60,62500,65000
2,60,65000,67500
3,60,67500,70000
8,60,72500,75000
3,60,87500,90000
4,60,95000,97500
3,60,100000,102500
0,60,115000,117500
3,60,125000,127500
2,60,127500,130000
3,60,130000,132500
2,60,132500,135000
1,60,142500,145000
0,60,145000,147500
3,60,147500,150000
2,60,150000,152500
7,60,165000,167500
6,60,167500,170000
3,60,190000,192500
2,60,192500,195000
1,60,195000,197500
2,60,205000,207500
3,60,217500,220000
2,60,220000,222500
1,60,222500,225000
2,60,230000,232500
1,60,247500,250000
0,60,252500,255000
3,60,260000,262500
2,60,262500,265000
1,60,265000,267500
0,60,267500,270000
3,60,272500,275000
2,60,290000,292500
3,60,295000,297500
2,60,320000,322500
3,60,327500,330000
4,60,332500,335000
3,60,345000,347500
2,60,377500,380000
3,60,380000,382500
2,60,387500,390000
3,60,400000,402500
2,60,405000,407500
3,60,407500,410000
2,60,417500,420000
3,60,422500,425000
2,60,432500,435000
1,60,437500,440000
2,60,455000,457500
1,60,465000,467500
2,60,480000,482500
1,60,482500,485000
2,60,520000,522500
3,60,522500,525000
2,60,540000,542500
3,60,542500,545000
2,60,552500,555000
1,60,557500,560000
0,60,560000,562500
9,60,562500,565000
8,60,565000,567500
3,60,567500,570000
2,60,570000,572500
7,60,577500,580000
6,60,580000,582500
3,60,582500,585000
2,60,597500,600000
3,60,610000,612500
0,60,627500,630000
1,60,630000,632500
2,60,637500,640000
1,60,642500,645000
2,60,665000,667500
1,60,667500,670000
0,60,670000,672500
3,60,672500,675000
2,60,697500,700000
1,60,702500,705000
0,60,715000,717500
5,60,735000,737500
4,60,737500,740000
5,60,740000,742500
4,60,742500,745000
7,60,837500,840000
2,60,1002500,1005000
3,60,1007500,1010000
2,60,1015000,1017500
9,60,1020000,1022500
8,60,1032500,1035000
9,60,1035000,1037500
8,60,1050000,1052500
1,60,1052500,1055000
0,60,1055000,1057500
8,61,0,2500
5,61,52500,55000
4,61,55000,57500
9,61,80000,82500
8,61,90000,92500
7,61,105000,107500
6,61,107500,110000
9,61,115000,117500
8,61,117500,120000
9,61,120000,122500
8,61,125000,127500
7,61,127500,130000
8,61,140000,142500
9,61,145000,147500
8,61,147500,150000
7,61,172500,175000
6,61,175000,177500
9,61,177500,180000
8,61,180000,182500
7,61,200000,202500
6,61,202500,205000
7,61,207500,210000
6,61,215000,217500
1,61,217500,220000
4,61,247500,250000
5,61,250000,252500
4,61,277500,280000
5,61,295000,297500
4,61,302500,305000
5,61,307500,310000
4,61,312500,315000
7,61,377500,380000
6,61,380000,382500
3,61,395000,397500
2,61,400000,402500
9,61,405000,407500
8,61,410000,412500
3,61,432500,435000
2,61,442500,445000
7,61,462500,465000
6,61,465000,467500
9,61,485000,487500
8,61,492500,495000
7,61,505000,507500
6,61,512500,515000
9,61,515000,517500
8,61,522500,525000
7,61,535000,537500
6,61,540000,542500
9,61,570000,572500
8,61,580000,582500
5,61,587500,590000
6,61,600000,602500
7,61,687500,690000
6,61,690000,692500
1,61,717500,720000
0,61,720000,722500
7,61,725000,727500
6,61,727500,730000
7,61,917500,920000
9,62,87500,90000
8,62,90000,92500
5,62,92500,95000
4,62,95000,97500
9,62,105000,107500
8,62,110000,112500
9,62,132500,135000
8,62,137500,140000
9,62,170000,172500
8,62,175000,177500
9,62,177500,180000
8,62,182500,185000
7,62,185000,187500
6,62,190000,192500
9,62,197500,200000
8,62,202500,205000
9,62,205000,207500
8,62,215000,217500
9,62,220000,222500
8,62,222500,225000
3,62,247500,250000
2,62,250000,252500
3,62,282500,285000
8,62,290000,292500
7,62,307500,310000
6,62,310000,312500
9,62,315000,317500
8,62,320000,322500
9,62,402500,405000
8,62,405000,407500
5,62,420000,422500
8,62,447500,450000
3,62,452500,455000
2,62,455000,457500
3,62,457500,460000
2,62,470000,472500
9,62,472500,475000
2,62,480000,482500
1,62,515000,517500
4,62,630000,632500
3,62,632500,635000
2,62,640000,642500
9,62,645000,647500
8,62,665000,667500
9,62,687500,690000
8,62,690000,692500
3,62,712500,715000
2,62,717500,720000
7,62,737500,740000
8,62,742500,745000
3,62,747500,750000
4,62,807500,810000
5,62,817500,820000
0,62,832500,835000
1,62,835000,837500
4,62,887500,890000
5,62,945000,947500
2,63,15000,17500
3,63,22500,25000
2,63,32500,35000
3,63,45000,47500
2,63,47500,50000
3,63,50000,52500
2,63,72500,75000
3,63,75000,77500
2,63,77500,80000
3,63,80000,82500
4,63,95000,97500
3,63,97500,100000
2,63,107500,110000
3,63,110000,112500
0,63,115000,117500
3,63,120000,122500
2,63,127500,130000
3,63,130000,132500
0,63,135000,137500
3,63,137500,140000
2,63,142500,145000
3,63,145000,147500
2,63,167500,170000
3,63,172500,175000
2,63,175000,177500
3,63,177500,180000
2,63,185000,187500
1,63,195000,197500
0,63,240000,242500
5,63,245000,247500
4,63,255000,257500
3,63,257500,260000
2,63,315000,317500
3,63,322500,325000
2,63,325000,327500
5,63,330000,332500
6,63,335000,337500
3,63,337500,340000
2,63,340000,342500
3,63,365000,367500
2,63,415000,417500
7,63,417500,420000
6,63,420000,422500
3,63,425000,427500
0,63,485000,487500
1,63,490000,492500
2,63,555000,557500
3,63,560000,562500
8,63,565000,567500
3,63,567500,570000
2,63,570000,572500
3,63,572500,575000
2,63,597500,600000
3,63,602500,605000
2,63,607500,610000
3,63,610000,612500
6,63,632500,635000
3,63,635000,637500
0,63,642500,645000
3,63,645000,647500
0,63,682500,685000
3,63,690000,692500
2,63,697500,700000
3,63,700000,702500
2,63,722500,725000
7,63,725000,727500
6,63,727500,730000
3,63,730000,732500
2,63,740000,742500
3,63,755000,757500
2,63,765000,767500
3,63,817500,820000
2,63,887500,890000
3,63,892500,895000
2,63,902500,905000
1,63,927500,930000
2,63,962500,965000
9,63,970000,972500
2,63,992500,995000
3,63,995000,997500
2,63,1015000,1017500
9,63,1027500,1030000
8,63,1030000,1032500
1,63,1042500,1045000
0,63,1045000,1047500
1,63,1055000,1057500
8,64,0,2500
9,64,85000,87500
8,64,87500,90000
7,64,92500,95000
6,64,95000,97500
7,64,125000,127500
8,64,137500,140000
7,64,170000,172500
6,64,172500,175000
7,64,185000,187500
6,64,187500,190000
5,64,270000,272500
2,64,300000,302500
7,64,310000,312500
6,64,317500,320000
9,64,322500,325000
8,64,325000,327500
9,64,350000,352500
8,64,360000,362500
7,64,375000,377500
6,64,377500,380000
7,64,385000,387500
6,64,392500,395000
1,64,437500,440000
0,64,447500,450000
9,64,512500,515000
8,64,515000,517500
7,64,517500,520000
6,64,520000,522500
1,64,522500,525000
0,64,525000,527500
7,64,545000,547500
6,64,547500,550000
9,64,672500,675000
8,64,675000,677500
7,64,727500,730000
6,64,732500,735000
9,64,745000,747500
6,64,872500,875000
7,64,1055000,1057500
3,65,2500,5000
2,65,5000,7500
3,65,82500,85000
2,65,87500,90000
3,65,175000,177500
2,65,185000,187500
3,65,220000,222500
2,65,222500,225000
3,65,232500,235000
2,65,237500,240000
9,65,275000,277500
8,65,280000,282500
9,65,285000,287500
2,65,290000,292500
1,65,307500,310000
0,65,312500,315000
7,65,335000,337500
6,65,342500,345000
5,65,357500,360000
4,65,367500,370000
5,65,372500,375000
4,65,375000,377500
3,65,390000,392500
2,65,392500,395000
5,65,470000,472500
0,65,515000,517500
9,65,520000,522500
4,65,645000,647500
7,65,787500,790000
6,65,790000,792500
1,65,795000,797500
4,65,800000,802500
5,65,820000,822500
4,65,822500,825000
1,65,857500,860000
2,66,2500,5000
9,66,12500,15000
8,66,40000,42500
9,66,42500,45000
8,66,52500,55000
9,66,55000,57500
8,66,60000,62500
9,66,62500,65000
8,66,65000,67500
9,66,67500,70000
8,66,70000,72500
9,66,72500,75000
8,66,75000,77500
9,66,80000,82500
8,66,85000,87500
9,66,87500,90000
8,66,90000,92500
9,66,95000,97500
8,66,100000,102500
9,66,102500,105000
8,66,127500,130000
3,66,130000,132500
2,66,132500,135000
9,66,140000,142500
8,66,142500,145000
9,66,145000,147500
8,66,157500,160000
9,66,167500,170000
8,66,172500,175000
9,66,197500,200000
8,66,200000,202500
9,66,220000,222500
8,66,222500,225000
3,66,252500,255000
2,66,255000,257500
3,66,265000,267500
2,66,267500,270000
3,66,272500,275000
2,66,275000,277500
3,66,280000,282500
2,66,292500,295000
1,66,295000,297500
8,66,307500,310000
1,66,310000,312500
0,66,320000,322500
3,66,322500,325000
2,66,325000,327500
3,66,332500,335000
2,66,337500,340000
9,66,375000,377500
8,66,377500,380000
9,66,385000,387500
8,66,387500,390000
3,66,407500,410000
2,66,415000,417500
3,66,422500,425000
2,66,432500,435000
3,66,437500,440000
2,66,447500,450000
3,66,450000,452500
2,66,455000,457500
9,66,457500,460000
8,66,460000,462500
3,66,500000,502500
2,66,512500,515000
3,66,527500,530000
8,66,540000,542500
3,66,545000,547500
2,66,552500,555000
1,66,565000,567500
0,66,567500,570000
3,66,580000,582500
2,66,585000,587500
3,66,592500,595000
2,66,595000,597500
9,66,597500,600000
8,66,602500,605000
3,66,610000,612500
2,66,612500,615000
3,66,620000,622500
2,66,622500,625000
3,66,627500,630000
2,66,630000,632500
1,66,640000,642500
0,66,642500,645000
3,66,647500,650000
8,66,657500,660000
3,66,660000,662500
8,66,667500,670000
3,66,670000,672500
0,66,695000,697500
3,66,700000,702500
8,66,715000,717500
7,66,722500,725000
6,66,727500,730000
9,66,745000,747500
8,66,825000,827500
9,66,827500,830000
8,66,830000,832500
7,66,835000,837500
2,66,860000,862500
7,66,872500,875000
6,66,875000,877500
9,66,880000,882500
8,66,887500,890000
1,66,890000,892500
0,66,902500,905000
9,66,907500,910000
8,66,922500,925000
1,66,952500,955000
9,67,170000,172500
8,67,172500,175000
9,67,187500,190000
8,67,190000,192500
3,67,200000,202500
2,67,202500,205000
3,67,210000,212500
2,67,212500,215000
3,67,217500,220000
2,67,222500,225000
3,67,235000,237500
2,67,240000,242500
7,67,265000,267500
6,67,270000,272500
3,67,277500,280000
2,67,282500,285000
5,67,285000,287500
4,67,290000,292500
5,67,295000,297500
4,67,305000,307500
9,67,325000,327500
8,67,327500,330000
9,67,332500,335000
8,67,342500,345000
3,67,365000,367500
2,67,375000,377500
3,67,377500,380000
2,67,380000,382500
3,67,382500,385000
2,67,400000,402500
3,67,415000,417500
2,67,417500,420000
9,67,420000,422500
8,67,422500,425000
3,67,490000,492500
2,67,497500,500000
5,67,530000,532500
4,67,545000,547500
3,67,552500,555000
2,67,555000,557500
3,67,577500,580000
2,67,582500,585000
3,67,595000,597500
2,67,607500,610000
1,67,620000,622500
8,67,627500,630000
9,67,680000,682500
8,67,687500,690000
3,67,715000,717500
2,67,717500,720000
5,68,92500,95000
4,68,95000,97500
9,68,160000,162500
8,68,162500,165000
3,68,200000,202500
2,68,212500,215000
3,68,247500,250000
2,68,250000,252500
3,68,265000,267500
2,68,267500,270000
3,68,275000,277500
2,68,277500,280000
5,68,295000,297500
4,68,300000,302500
5,68,302500,305000
4,68,305000,307500
5,68,390000,392500
4,68,392500,395000
3,68,422500,425000
2,68,432500,435000
3,68,435000,437500
2,68,437500,440000
3,68,455000,457500
2,68,470000,472500
3,68,472500,475000
2,68,482500,485000
5,68,487500,490000
4,68,497500,500000
3,68,507500,510000
2,68,515000,517500
3,68,525000,527500
2,68,530000,532500
3,68,540000,542500
2,68,545000,547500
7,68,557500,560000
6,68,560000,562500
7,68,562500,565000
2,68,572500,575000
3,68,577500,580000
2,68,585000,587500
3,68,587500,590000
2,68,607500,610000
3,68,612500,615000
2,68,620000,622500
3,68,630000,632500
2,68,637500,640000
3,68,640000,642500
2,68,642500,645000
3,68,647500,650000
2,68,667500,670000
3,68,675000,677500
2,68,680000,682500
3,68,682500,685000
2,68,690000,692500
3,68,705000,707500
2,68,707500,710000
3,68,715000,717500
2,68,720000,722500
3,68,727500,730000
2,68,735000,737500
3,68,760000,762500
2,68,762500,765000
7,68,787500,790000
6,68,805000,807500
7,68,812500,815000
8,68,820000,822500
9,68,822500,825000
8,68,825000,827500
9,68,830000,832500
8,68,832500,835000
7,68,835000,837500
8,68,845000,847500
7,68,850000,852500
6,68,855000,857500
7,68,867500,870000
6,68,872500,875000
3,68,877500,880000
2,68,880000,882500
7,68,940000,942500
6,68,950000,952500
7,68,952500,955000
2,68,982500,985000
5,68,1037500,1040000
8,69,0,2500
9,69,10000,12500
8,69,85000,87500
9,69,87500,90000
8,69,90000,92500
9,69,95000,97500
8,69,127500,130000
3,69,130000,132500
8,69,160000,162500
9,69,167500,170000
8,69,172500,175000
9,69,195000,197500
8,69,200000,202500
9,69,217500,220000
8,69,220000,222500
3,69,247500,250000
2,69,250000,252500
3,69,252500,255000
2,69,262500,265000
3,69,265000,267500
4,69,292500,295000
7,69,297500,300000
8,69,305000,307500
3,69,322500,325000
2,69,325000,327500
7,69,362500,365000
6,69,365000,367500
9,69,377500,380000
8,69,382500,385000
9,69,402500,405000
2,69,412500,415000
3,69,417500,420000
2,69,420000,422500
3,69,432500,435000
2,69,440000,442500
3,69,447500,450000
2,69,450000,452500
9,69,452500,455000
8,69,462500,465000
3,69,467500,470000
2,69,470000,472500
3,69,475000,477500
2,69,507500,510000
9,69,520000,522500
6,69,535000,537500
3,69,537500,540000
2,69,555000,557500
3,69,572500,575000
2,69,577500,580000
3,69,582500,585000
2,69,587500,590000
3,69,590000,592500
2,69,592500,595000
5,69,595000,597500
4,69,600000,602500
3,69,607500,610000
2,69,610000,612500
3,69,620000,622500
2,69,622500,625000
3,69,625000,627500
8,69,632500,635000
1,69,635000,637500
0,69,637500,640000
9,69,642500,645000
8,69,645000,647500
9,69,647500,650000
8,69,652500,655000
3,69,665000,667500
2,69,690000,692500
9,69,695000,697500
6,69,705000,707500
9,69,707500,710000
8,69,712500,715000
9,69,717500,720000
8,69,722500,725000
9,69,737500,740000
2,69,792500,795000
3,69,795000,797500
2,69,797500,800000
1,69,800000,802500
8,69,862500,865000
9,69,875000,877500
8,69,885000,887500
9,69,887500,890000
8,69,890000,892500
9,69,892500,895000
8,69,895000,897500
9,69,900000,902500
8,69,920000,922500
9,69,937500,940000
8,69,960000,962500
9,69,995000,997500
4,69,1045000,1047500
7,69,1047500,1050000
6,69,1050000,1052500
5,69,1052500,1055000
3,70,217500,220000
2,70,222500,225000
3,70,237500,240000
2,70,240000,242500
3,70,275000,277500
2,70,277500,280000
5,70,282500,285000
4,70,287500,290000
5,70,292500,295000
4,70,302500,305000
9,70,332500,335000
8,70,340000,342500
9,70,342500,345000
8,70,347500,350000
3,70,375000,377500
2,70,380000,382500
9,70,435000,437500
8,70,437500,440000
1,70,487500,490000
0,70,492500,495000
3,70,527500,530000
4,70,535000,537500
3,70,550000,552500
2,70,552500,555000
9,70,570000,572500
8,70,572500,575000
3,70,575000,577500
2,70,577500,580000
1,70,612500,615000
8,70,620000,622500
9,70,672500,675000
8,70,682500,685000
3,70,707500,710000
2,70,710000,712500
9,70,765000,767500
8,70,767500,770000
3,71,12500,15000
2,71,20000,22500
3,71,22500,25000
2,71,37500,40000
3,71,72500,75000
2,71,75000,77500
3,71,90000,92500
2,71,92500,95000
3,71,95000,97500
2,71,102500,105000
3,71,150000,152500
2,71,155000,157500
3,71,177500,180000
2,71,185000,187500
3,71,200000,202500
2,71,205000,207500
3,71,220000,222500
2,71,222500,225000
5,71,230000,232500
4,71,240000,242500
3,71,247500,250000
2,71,252500,255000
5,71,272500,275000
4,71,275000,277500
5,71,295000,297500
4,71,297500,300000
5,71,300000,302500
2,71,305000,307500
5,71,355000,357500
4,71,360000,362500
3,71,377500,380000
2,71,380000,382500
5,71,390000,392500
4,71,395000,397500
3,71,405000,407500
2,71,412500,415000
3,71,430000,432500
2,71,432500,435000
3,71,447500,450000
2,71,467500,470000
3,71,475000,477500
2,71,482500,485000
5,71,487500,490000
4,71,492500,495000
3,71,505000,507500
2,71,512500,515000
3,71,550000,552500
2,71,552500,555000
3,71,582500,585000
2,71,595000,597500
5,71,602500,605000
4,71,607500,610000
3,71,692500,695000
2,71,695000,697500
3,71,697500,700000
2,71,702500,705000
3,71,705000,707500
2,71,715000,717500
3,71,745000,747500
2,71,747500,750000
3,71,752500,755000
2,71,762500,765000
3,71,772500,775000
2,71,775000,777500
3,71,777500,780000
6,71,782500,785000
7,71,785000,787500
6,71,790000,792500
3,71,795000,797500
2,71,800000,802500
3,71,805000,807500
2,71,807500,810000
3,71,810000,812500
8,71,815000,817500
3,71,835000,837500
2,71,842500,845000
9,71,855000,857500
8,71,857500,860000
9,71,862500,865000
8,71,865000,867500
7,71,867500,870000
6,71,872500,875000
3,71,877500,880000
2,71,880000,882500
3,71,892500,895000
2,71,895000,897500
3,71,915000,917500
6,71,920000,922500
9,71,925000,927500
8,71,935000,937500
7,71,937500,940000
8,71,960000,962500
9,71,962500,965000
2,71,985000,987500
3,71,987500,990000
2,71,1007500,1010000
3,71,1020000,1022500
3,72,27500,30000
2,72,35000,37500
3,72,77500,80000
2,72,80000,82500
3,72,90000,92500
2,72,92500,95000
3,72,97500,100000
2,72,105000,107500
3,72,117500,120000
2,72,130000,132500
3,72,132500,135000
2,72,172500,175000
3,72,177500,180000
2,72,182500,185000
3,72,187500,190000
2,72,190000,192500
3,72,192500,195000
2,72,205000,207500
5,72,217500,220000
4,72,220000,222500
3,72,225000,227500
2,72,227500,230000
3,72,245000,247500
2,72,252500,255000
3,72,255000,257500
2,72,257500,260000
3,72,262500,265000
2,72,265000,267500
3,72,285000,287500
2,72,287500,290000
3,72,320000,322500
2,72,322500,325000
3,72,335000,337500
2,72,337500,340000
3,72,367500,370000
2,72,372500,375000
3,72,385000,387500
2,72,387500,390000
3,72,402500,405000
2,72,417500,420000
3,72,420000,422500
2,72,437500,440000
3,72,447500,450000
2,72,450000,452500
3,72,452500,455000
2,72,455000,457500
3,72,460000,462500
2,72,465000,467500
5,73,2500,5000
4,73,7500,10000
5,73,12500,15000
4,73,15000,17500
7,73,17500,20000
6,73,22500,25000
5,73,27500,30000
6,73,32500,35000
7,73,35000,37500
6,73,45000,47500
7,73,47500,50000
6,73,55000,57500
9,73,57500,60000
8,73,62500,65000
9,73,65000,67500
8,73,70000,72500
7,73,72500,75000
6,73,75000,77500
9,73,77500,80000
6,73,92500,95000
5,73,102500,105000
6,73,115000,117500
9,73,120000,122500
8,73,130000,132500
9,73,135000,137500
8,73,137500,140000
7,73,147500,150000
6,73,150000,152500
9,73,152500,155000
8,73,162500,165000
5,73,167500,170000
4,73,172500,175000
9,73,182500,185000
8,73,185000,187500
5,73,190000,192500
8,73,197500,200000
9,73,200000,202500
8,73,205000,207500
9,73,207500,210000
4,73,217500,220000
5,73,230000,232500
4,73,235000,237500
9,73,240000,242500
8,73,247500,250000
9,73,252500,255000
6,73,257500,260000
7,73,262500,265000
6,73,265000,267500
9,73,267500,270000
8,73,272500,275000
7,73,277500,280000
6,73,287500,290000
7,73,292500,295000
6,73,295000,297500
9,73,302500,305000
8,73,307500,310000
9,73,310000,312500
6,73,317500,320000
9,73,335000,337500
8,73,337500,340000
5,73,342500,345000
4,73,345000,347500
7,73,350000,352500
6,73,355000,357500
5,73,420000,422500
4,73,422500,425000
8,74,0,2500
9,74,15000,17500
8,74,17500,20000
9,74,30000,32500
8,74,35000,37500
9,74,40000,42500
8,74,52500,55000
9,74,55000,57500
8,74,65000,67500
9,74,70000,72500
8,74,77500,80000
9,74,80000,82500
8,74,95000,97500
9,74,105000,107500
8,74,107500,110000
9,74,117500,120000
8,74,125000,127500
9,74,130000,132500
8,74,132500,135000
9,74,137500,140000
8,74,140000,142500
9,74,150000,152500
8,74,152500,155000
5,74,170000,172500
8,74,182500,185000
5,74,195000,197500
4,74,197500,200000
9,74,205000,207500
8,74,207500,210000
9,74,237500,240000
8,74,247500,250000
9,74,250000,252500
8,74,260000,262500
9,74,262500,265000
8,74,300000,302500
9,74,307500,310000
8,74,312500,315000
9,74,315000,317500
8,74,322500,325000
9,74,325000,327500
8,74,332500,335000
9,74,335000,337500
8,74,342500,345000
9,74,345000,347500
8,74,362500,365000
9,74,365000,367500
8,74,367500,370000
9,74,370000,372500
8,74,377500,380000
9,74,392500,395000
8,74,397500,400000
9,74,405000,407500
8,74,425000,427500
9,74,427500,430000
8,74,437500,440000
9,74,442500,445000
3,75,2500,5000
2,75,7500,10000
3,75,25000,27500
2,75,42500,45000
3,75,47500,50000
2,75,52500,55000
3,75,62500,65000
2,75,65000,67500
3,75,72500,75000
2,75,80000,82500
3,75,90000,92500
2,75,95000,97500
3,75,97500,100000
2,75,110000,112500
3,75,115000,117500
2,75,122500,125000
3,75,125000,127500
2,75,182500,185000
3,75,192500,195000
2,75,195000,197500
3,75,197500,200000
2,75,202500,205000
5,75,217500,220000
4,75,220000,222500
3,75,235000,237500
2,75,237500,240000
3,75,245000,247500
2,75,255000,257500
3,75,262500,265000
2,75,265000,267500
3,75,282500,285000
2,75,292500,295000
3,75,335000,337500
2,75,337500,340000
3,75,355000,357500
2,75,362500,365000
3,75,365000,367500
2,75,372500,375000
3,75,380000,382500
2,75,382500,385000
3,75,385000,387500
2,75,387500,390000
3,75,392500,395000
2,75,395000,397500
3,75,397500,400000
2,75,437500,440000
3,75,442500,445000
2,75,455000,457500
3,75,457500,460000
9,76,30000,32500
8,76,32500,35000
9,76,40000,42500
8,76,42500,45000
9,76,67500,70000
8,76,70000,72500
7,76,82500,85000
8,76,90000,92500
9,76,92500,95000
8,76,95000,97500
7,76,115000,117500
6,76,117500,120000
9,76,122500,125000
8,76,125000,127500
9,76,130000,132500
8,76,132500,135000
5,76,172500,175000
4,76,175000,177500
9,76,245000,247500
8,76,247500,250000
7,76,252500,255000
6,76,255000,257500
9,76,270000,272500
8,76,275000,277500
9,76,277500,280000
8,76,285000,287500
9,76,310000,312500
8,76,312500,315000
3,76,367500,370000
2,76,370000,372500
9,77,37500,40000
8,77,45000,47500
9,77,172500,175000
8,77,182500,185000
9,77,190000,192500
2,77,195000,197500
9,77,205000,207500
8,77,207500,210000
1,77,220000,222500
0,77,222500,225000
9,77,237500,240000
8,77,240000,242500
9,77,242500,245000
8,77,247500,250000
9,77,250000,252500
8,77,252500,255000
3,77,262500,265000
8,77,267500,270000
3,77,395000,397500
2,77,397500,400000
3,77,420000,422500
2,77,422500,425000
3,77,427500,430000
2,77,432500,435000
3,77,450000,452500
2,77,452500,455000
9,78,65000,67500
8,78,67500,70000
5,78,170000,172500
4,78,172500,175000
5,78,195000,197500
4,78,197500,200000
9,78,242500,245000
8,78,245000,247500
9,78,382500,385000
8,78,385000,387500
3,79,330000,332500
2,79,332500,335000
9,80,100000,102500
8,80,105000,107500
3,80,157500,160000
2,80,160000,162500
9,80,167500,170000
4,80,175000,177500
5,80,195000,197500
4,80,197500,200000
9,80,302500,305000
8,80,305000,307500
9,80,382500,385000
8,80,385000,387500
9,80,390000,392500
8,80,395000,397500
9,80,402500,405000
8,80,407500,410000
5,80,425000,427500
4,80,427500,430000
9,81,390000,392500
8,81,392500,395000
3,82,330000,332500
2,82,332500,335000
5,83,170000,172500
4,83,172500,175000
5,83,195000,197500
4,83,197500,200000
3,83,285000,287500
2,83,287500,290000
5,83,425000,427500
4,83,427500,430000
3,84,20000,22500
2,84,50000,52500
3,84,60000,62500
2,84,65000,67500
9,84,67500,70000
0,84,72500,75000
3,84,77500,80000
2,84,85000,87500
3,84,87500,90000
2,84,90000,92500
3,84,97500,100000
2,84,100000,102500
3,84,162500,165000
2,84,165000,167500
3,84,170000,172500
2,84,210000,212500
1,84,217500,220000
0,84,235000,237500
3,84,275000,277500
2,84,280000,282500
3,84,282500,285000
4,84,327500,330000
5,84,330000,332500
4,84,337500,340000
5,84,340000,342500
4,84,342500,345000
3,84,347500,350000
2,84,412500,415000
3,84,447500,450000
2,84,452500,455000
3,84,455000,457500
2,84,465000,467500
3,84,467500,470000
2,84,517500,520000
3,84,520000,522500
2,84,525000,527500
3,84,527500,530000
6,84,555000,557500
1,84,610000,612500
0,84,630000,632500
3,84,675000,677500
2,84,725000,727500
3,84,750000,752500
2,84,755000,757500
3,84,757500,760000
2,84,760000,762500
3,84,762500,765000
2,84,765000,767500
3,84,777500,780000
2,84,795000,797500
3,84,797500,800000
2,84,800000,802500
3,84,802500,805000
2,84,845000,847500
3,84,867500,870000
8,84,970000,972500
3,84,972500,975000
8,84,992500,995000
9,84,995000,997500
2,84,1055000,1057500
3,84,1062500,1065000
2,84,1090000,1092500
3,84,1175000,1177500
2,84,1202500,1205000
3,84,1215000,1217500
2,84,1245000,1247500
3,84,1255000,1257500
2,84,1257500,1260000
3,84,1262500,1265000
4,84,1275000,1277500
3,84,1277500,1280000
8,84,1345000,1347500
3,84,1347500,1350000
2,84,1350000,1352500
3,84,1357500,1360000
2,84,1382500,1385000
3,84,1395000,1397500
8,84,1435000,1437500
6,85,7500,10000
7,85,20000,22500
4,85,37500,40000
3,85,52500,55000
2,85,62500,65000
3,85,70000,72500
2,85,87500,90000
3,85,90000,92500
2,85,122500,125000
3,85,132500,135000
2,85,150000,152500
3,85,157500,160000
6,85,222500,225000
7,85,225000,227500
6,85,585000,587500
7,85,587500,590000
6,85,592500,595000
7,85,595000,597500
6,85,602500,605000
7,85,615000,617500
6,85,660000,662500
7,85,662500,665000
6,85,822500,825000
3,85,835000,837500
2,85,870000,872500
3,85,910000,912500
6,85,1007500,1010000
3,85,1012500,1015000
4,85,1057500,1060000
3,85,1062500,1065000
2,85,1077500,1080000
3,85,1080000,1082500
2,85,1082500,1085000
9,85,1087500,1090000
2,85,1097500,1100000
3,85,1102500,1105000
2,85,1107500,1110000
3,85,1120000,1122500
2,85,1145000,1147500
7,85,1152500,1155000
8,85,1202500,1205000
3,85,1212500,1215000
6,85,1275000,1277500
3,85,1277500,1280000
6,85,1300000,1302500
7,85,1302500,1305000
6,85,1307500,1310000
7,85,1310000,1312500
6,85,1317500,1320000
7,85,1355000,1357500
6,85,1387500,1390000
7,85,1410000,1412500
8,86,65000,67500
9,86,67500,70000
8,86,70000,72500
1,86,72500,75000
8,86,125000,127500
3,86,127500,130000
2,86,130000,132500
3,86,132500,135000
8,86,177500,180000
9,86,195000,197500
8,86,200000,202500
9,86,207500,210000
8,86,380000,382500
9,86,410000,412500
8,86,415000,417500
9,86,417500,420000
8,86,425000,427500
9,86,435000,437500
8,86,457500,460000
9,86,460000,462500
8,86,547500,550000
9,86,557500,560000
8,86,680000,682500
9,86,685000,687500
8,86,720000,722500
9,86,722500,725000
8,86,725000,727500
9,86,727500,730000
8,86,730000,732500
9,86,750000,752500
8,86,775000,777500
9,86,785000,787500
8,86,867500,870000
9,86,902500,905000
8,86,905000,907500
9,86,915000,917500
8,86,942500,945000
7,86,972500,975000
6,86,977500,980000
3,86,980000,982500
2,86,982500,985000
3,86,995000,997500
2,86,997500,1000000
5,86,1012500,1015000
4,86,1015000,1017500
9,86,1037500,1040000
8,86,1050000,1052500
9,86,1092500,1095000
8,86,1145000,1147500
9,86,1147500,1150000
8,86,1150000,1152500
1,86,1172500,1175000
0,86,1175000,1177500
1,86,1177500,1180000
0,86,1180000,1182500
1,86,1197500,1200000
8,86,1255000,1257500
9,86,1267500,1270000
8,86,1272500,1275000
1,86,1310000,1312500
8,86,1320000,1322500
1,86,1322500,1325000
0,86,1325000,1327500
9,86,1345000,1347500
8,86,1347500,1350000
9,86,1350000,1352500
0,86,1367500,1370000
1,86,1370000,1372500
0,86,1377500,1380000
9,86,1385000,1387500
1,87,0,2500
0,87,5000,7500
1,87,7500,10000
0,87,10000,12500
3,87,20000,22500
0,87,60000,62500
1,87,67500,70000
0,87,70000,72500
3,87,82500,85000
0,87,92500,95000
1,87,127500,130000
0,87,130000,132500
1,87,135000,137500
0,87,155000,157500
3,87,162500,165000
2,87,175000,177500
3,87,177500,180000
2,87,180000,182500
3,87,187500,190000
2,87,202500,205000
3,87,207500,210000
0,87,217500,220000
1,87,220000,222500
0,87,225000,227500
1,87,227500,230000
0,87,237500,240000
1,87,240000,242500
0,87,250000,252500
1,87,252500,255000
0,87,255000,257500
1,87,262500,265000
2,87,267500,270000
3,87,270000,272500
2,87,277500,280000
3,87,280000,282500
2,87,305000,307500
9,87,320000,322500
2,87,342500,345000
3,87,347500,350000
2,87,560000,562500
1,87,570000,572500
0,87,572500,575000
3,87,600000,602500
2,87,602500,605000
1,87,632500,635000
0,87,635000,637500
1,87,637500,640000
0,87,640000,642500
1,87,645000,647500
0,87,652500,655000
3,87,680000,682500
8,87,725000,727500
5,87,727500,730000
2,87,750000,752500
3,87,752500,755000
2,87,785000,787500
3,87,787500,790000
2,87,792500,795000
3,87,797500,800000
2,87,800000,802500
3,87,810000,812500
2,87,812500,815000
3,87,815000,817500
2,87,930000,932500
3,87,932500,935000
0,87,990000,992500
3,87,997500,1000000
2,87,1002500,1005000
3,87,1005000,1007500
2,87,1085000,1087500
1,87,1125000,1127500
0,87,1152500,1155000
3,87,1172500,1175000
2,87,1185000,1187500
3,87,1187500,1190000
6,87,1222500,1225000
3,87,1225000,1227500
2,87,1230000,1232500
1,87,1247500,1250000
6,88,2500,5000
3,88,7500,10000
2,88,10000,12500
3,88,37500,40000
2,88,47500,50000
3,88,55000,57500
2,88,57500,60000
3,88,60000,62500
2,88,72500,75000
3,88,75000,77500
2,88,92500,95000
3,88,117500,120000
2,88,122500,125000
3,88,145000,147500
2,88,147500,150000
3,88,152500,155000
2,88,155000,157500
7,88,160000,162500
6,88,170000,172500
3,88,177500,180000
8,88,190000,192500
3,88,267500,270000
2,88,302500,305000
3,88,322500,325000
2,88,325000,327500
7,88,345000,347500
6,88,355000,357500
7,88,357500,360000
6,88,412500,415000
7,88,420000,422500
6,88,422500,425000
7,88,430000,432500
6,88,432500,435000
7,88,435000,437500
8,88,440000,442500
7,88,445000,447500
6,88,450000,452500
3,88,452500,455000
2,88,465000,467500
9,88,480000,482500
8,88,520000,522500
7,88,522500,525000
6,88,540000,542500
7,88,547500,550000
6,88,595000,597500
3,88,597500,600000
8,88,637500,640000
7,88,662500,665000
6,88,697500,700000
5,88,702500,705000
6,88,755000,757500
7,88,842500,845000
6,88,847500,850000
7,88,882500,885000
6,88,885000,887500
7,88,907500,910000
6,88,937500,940000
3,88,982500,985000
2,88,985000,987500
9,88,990000,992500
6,88,1010000,1012500
3,88,1030000,1032500
2,88,1032500,1035000
3,88,1075000,1077500
2,88,1092500,1095000
5,88,1110000,1112500
4,88,1127500,1130000
9,88,1140000,1142500
8,88,1152500,1155000
3,88,1167500,1170000
2,88,1180000,1182500
7,88,1185000,1187500
6,88,1192500,1195000
3,88,1215000,1217500
2,88,1222500,1225000
3,88,1232500,1235000
2,88,1237500,1240000
3,88,1240000,1242500
2,88,1252500,1255000
3,88,1270000,1272500
2,88,1272500,1275000
3,88,1275000,1277500
2,88,1277500,1280000
3,88,1312500,1315000
2,88,1347500,1350000
9,89,47500,50000
8,89,52500,55000
3,89,57500,60000
2,89,60000,62500
3,89,62500,65000
2,89,65000,67500
3,89,92500,95000
2,89,107500,110000
3,89,180000,182500
2,89,187500,190000
3,89,225000,227500
2,89,227500,230000
5,89,292500,295000
4,89,295000,297500
3,89,332500,335000
2,89,335000,337500
3,89,560000,562500
2,89,565000,567500
3,89,600000,602500
8,89,632500,635000
3,89,750000,752500
2,89,762500,765000
5,89,765000,767500
4,89,767500,770000
3,89,775000,777500
2,89,777500,780000
5,89,987500,990000
4,89,990000,992500
3,89,1035000,1037500
2,89,1037500,1040000
5,89,1055000,1057500
8,89,1072500,1075000
9,89,1077500,1080000
8,89,1095000,1097500
3,89,1097500,1100000
2,89,1100000,1102500
1,89,1152500,1155000
0,89,1155000,1157500
3,89,1172500,1175000
2,89,1190000,1192500
9,89,1202500,1205000
8,89,1220000,1222500
9,89,1247500,1250000
8,89,1255000,1257500
1,89,1340000,1342500
0,89,1355000,1357500
1,89,1412500,1415000
0,89,1415000,1417500
9,89,1430000,1432500
9,90,0,2500
8,90,40000,42500
9,90,45000,47500
8,90,57500,60000
9,90,60000,62500
8,90,62500,65000
3,90,65000,67500
2,90,80000,82500
9,90,85000,87500
8,90,92500,95000
3,90,95000,97500
2,90,135000,137500
3,90,137500,140000
2,90,170000,172500
9,90,172500,175000
8,90,182500,185000
9,90,185000,187500
8,90,200000,202500
9,90,222500,225000
8,90,290000,292500
9,90,297500,300000
8,90,340000,342500
9,90,350000,352500
8,90,352500,355000
9,90,357500,360000
8,90,360000,362500
9,90,362500,365000
2,90,382500,385000
9,90,397500,400000
8,90,427500,430000
9,90,430000,432500
8,90,460000,462500
9,90,465000,467500
8,90,517500,520000
9,90,522500,525000
8,90,602500,605000
9,90,607500,610000
2,90,735000,737500
3,90,745000,747500
2,90,747500,750000
3,90,750000,752500
8,90,782500,785000
3,90,785000,787500
2,90,787500,790000
3,90,845000,847500
0,90,850000,852500
9,90,862500,865000
8,90,867500,870000
7,90,875000,877500
6,90,877500,880000
7,90,880000,882500
6,90,887500,890000
7,90,890000,892500
6,90,895000,897500
7,90,897500,900000
0,90,927500,930000
3,90,930000,932500
6,90,965000,967500
3,90,970000,972500
2,90,972500,975000
3,90,977500,980000
8,90,982500,985000
9,90,985000,987500
2,90,1000000,1002500
3,90,1012500,1015000
2,90,1015000,1017500
9,90,1037500,1040000
8,90,1040000,1042500
9,90,1047500,1050000
8,90,1050000,1052500
3,90,1062500,1065000
2,90,1065000,1067500
5,90,1080000,1082500
8,90,1087500,1090000
9,90,1090000,1092500
8,90,1092500,1095000
5,90,1097500,1100000
4,90,1100000,1102500
9,90,1102500,1105000
8,90,1107500,1110000
5,90,1112500,1115000
8,90,1155000,1157500
3,90,1165000,1167500
2,90,1170000,1172500
3,90,1172500,1175000
2,90,1177500,1180000
3,90,1187500,1190000
2,90,1190000,1192500
7,90,1195000,1197500
6,90,1197500,1200000
7,90,1202500,1205000
0,90,1207500,1210000
5,90,1215000,1217500
8,90,1245000,1247500
9,90,1247500,1250000
2,90,1287500,1290000
3,90,1302500,1305000
8,90,1335000,1337500
9,90,1342500,1345000
8,90,1345000,1347500
3,90,1350000,1352500
2,90,1362500,1365000
9,90,1367500,1370000
8,90,1377500,1380000
9,90,1420000,1422500
8,90,1422500,1425000
7,90,1425000,1427500
0,90,1432500,1435000
9,90,1437500,1440000
5,91,22500,25000
4,91,27500,30000
5,91,35000,37500
4,91,37500,40000
9,91,302500,305000
8,91,307500,310000
5,91,317500,320000
4,91,337500,340000
5,91,360000,362500
4,91,377500,380000
3,91,410000,412500
2,91,447500,450000
7,91,450000,452500
2,91,500000,502500
9,91,502500,505000
8,91,542500,545000
3,91,545000,547500
2,91,620000,622500
3,91,727500,730000
2,91,732500,735000
9,91,735000,737500
8,91,737500,740000
5,91,740000,742500
4,91,742500,745000
5,91,777500,780000
4,91,782500,785000
3,91,785000,787500
2,91,807500,810000
5,91,810000,812500
4,91,845000,847500
9,91,847500,850000
8,91,850000,852500
5,91,862500,865000
4,91,870000,872500
3,91,915000,917500
2,91,927500,930000
3,91,960000,962500
2,91,965000,967500
9,91,970000,972500
8,91,972500,975000
3,91,1090000,1092500
2,91,1092500,1095000
3,91,1102500,1105000
2,91,1105000,1107500
3,91,1107500,1110000
2,91,1112500,1115000
3,91,1135000,1137500
2,91,1142500,1145000
3,91,1227500,1230000
2,91,1235000,1237500
5,91,1247500,1250000
4,91,1252500,1255000
5,91,1320000,1322500
4,91,1352500,1355000
3,91,1355000,1357500
9,92,7500,10000
8,92,37500,40000
9,92,47500,50000
8,92,55000,57500
3,92,65000,67500
6,92,70000,72500
7,92,82500,85000
8,92,90000,92500
9,92,122500,125000
8,92,132500,135000
9,92,215000,217500
8,92,280000,282500
9,92,302500,305000
8,92,305000,307500
7,92,320000,322500
6,92,337500,340000
9,92,350000,352500
8,92,355000,357500
9,92,357500,360000
8,92,375000,377500
9,92,392500,395000
8,92,455000,457500
9,92,507500,510000
8,92,545000,547500
9,92,562500,565000
8,92,582500,585000
9,92,585000,587500
8,92,630000,632500
9,92,635000,637500
8,92,637500,640000
9,92,640000,642500
8,92,642500,645000
9,92,652500,655000
8,92,680000,682500
9,92,682500,685000
8,92,722500,725000
9,92,732500,735000
8,92,747500,750000
9,92,772500,775000
8,92,840000,842500
9,92,862500,865000
8,92,900000,902500
5,92,942500,945000
4,92,967500,970000
9,92,1000000,1002500
8,92,1007500,1010000
9,92,1030000,1032500
8,92,1032500,1035000
9,92,1035000,1037500
8,92,1047500,1050000
5,92,1080000,1082500
4,92,1085000,1087500
5,92,1177500,1180000
4,92,1192500,1195000
7,92,1195000,1197500
6,92,1202500,1205000
7,92,1225000,1227500
6,92,1242500,1245000
9,92,1252500,1255000
8,92,1307500,1310000
9,92,1317500,1320000
6,92,1340000,1342500
9,93,2500,5000
8,93,55000,57500
9,93,60000,62500
8,93,62500,65000
9,93,65000,67500
8,93,72500,75000
9,93,80000,82500
8,93,132500,135000
9,93,162500,165000
8,93,165000,167500
9,93,170000,172500
8,93,177500,180000
1,93,187500,190000
0,93,190000,192500
9,93,212500,215000
8,93,337500,340000
3,93,342500,345000
2,93,377500,380000
9,93,380000,382500
8,93,385000,387500
9,93,400000,402500
8,93,402500,405000
7,93,405000,407500
6,93,415000,417500
7,93,420000,422500
8,93,582500,585000
9,93,585000,587500
8,93,595000,597500
9,93,597500,600000
8,93,672500,675000
9,93,675000,677500
8,93,720000,722500
1,93,745000,747500
0,93,747500,750000
1,93,750000,752500
0,93,752500,755000
1,93,755000,757500
0,93,770000,772500
7,93,780000,782500
6,93,785000,787500
9,93,790000,792500
8,93,837500,840000
9,93,847500,850000
8,93,862500,865000
9,93,892500,895000
0,93,900000,902500
3,93,922500,925000
2,93,940000,942500
9,93,945000,947500
8,93,947500,950000
3,93,970000,972500
2,93,972500,975000
9,93,997500,1000000
8,93,1000000,1002500
9,93,1012500,1015000
8,93,1047500,1050000
9,93,1060000,1062500
8,93,1067500,1070000
3,93,1075000,1077500
8,93,1102500,1105000
9,93,1117500,1120000
8,93,1157500,1160000
3,93,1167500,1170000
2,93,1172500,1175000
3,93,1192500,1195000
2,93,1210000,1212500
9,93,1240000,1242500
8,93,1250000,1252500
7,93,1257500,1260000
6,93,1262500,1265000
9,93,1265000,1267500
8,93,1290000,1292500
9,93,1315000,1317500
8,93,1325000,1327500
9,93,1350000,1352500
8,93,1352500,1355000
3,93,1360000,1362500
2,93,1362500,1365000
9,93,1370000,1372500
8,93,1395000,1397500
3,93,1427500,1430000
6,93,1432500,1435000
7,93,1440000,1442500
0,93,1450000,1452500
9,93,1460000,1462500
8,93,1465000,1467500
5,94,22500,25000
4,94,25000,27500
5,94,362500,365000
4,94,377500,380000
3,94,412500,415000
2,94,415000,417500
9,94,480000,482500
8,94,490000,492500
9,94,492500,495000
8,94,520000,522500
3,94,522500,525000
2,94,530000,532500
9,94,532500,535000
8,94,545000,547500
9,94,555000,557500
8,94,572500,575000
3,94,587500,590000
2,94,600000,602500
9,94,602500,605000
8,94,650000,652500
5,94,652500,655000
4,94,657500,660000
5,94,690000,692500
4,94,695000,697500
3,94,757500,760000
2,94,762500,765000
3,94,815000,817500
4,94,875000,877500
9,94,902500,905000
8,94,910000,912500
5,94,912500,915000
4,94,940000,942500
3,94,970000,972500
2,94,980000,982500
3,94,1015000,1017500
2,94,1020000,1022500
3,94,1055000,1057500
2,94,1057500,1060000
3,94,1152500,1155000
2,94,1165000,1167500
5,94,1225000,1227500
4,94,1235000,1237500
3,94,1242500,1245000
4,94,1280000,1282500
5,94,1285000,1287500
4,94,1310000,1312500
3,94,1332500,1335000
2,94,1345000,1347500
3,94,1347500,1350000
2,94,1350000,1352500
3,94,1352500,1355000
2,94,1360000,1362500
5,94,1370000,1372500
8,94,1400000,1402500
9,95,35000,37500
8,95,37500,40000
7,95,52500,55000
6,95,55000,57500
3,95,65000,67500
2,95,72500,75000
3,95,75000,77500
2,95,80000,82500
9,95,285000,287500
8,95,287500,290000
9,95,302500,305000
8,95,305000,307500
9,95,307500,310000
8,95,310000,312500
9,95,312500,315000
8,95,315000,317500
3,95,340000,342500
2,95,362500,365000
9,95,380000,382500
8,95,395000,397500
9,95,420000,422500
8,95,422500,425000
9,95,427500,430000
8,95,435000,437500
9,95,450000,452500
8,95,455000,457500
9,95,467500,470000
8,95,470000,472500
9,95,475000,477500
8,95,477500,480000
9,95,482500,485000
8,95,490000,492500
3,95,677500,680000
2,95,725000,727500
9,95,777500,780000
8,95,785000,787500
9,95,860000,862500
8,95,902500,905000
3,95,905000,907500
4,95,972500,975000
9,95,992500,995000
8,95,997500,1000000
9,95,1025000,1027500
8,95,1030000,1032500
7,95,1035000,1037500
8,95,1047500,1050000
3,95,1070000,1072500
2,95,1072500,1075000
5,95,1075000,1077500
4,95,1090000,1092500
3,95,1172500,1175000
2,95,1175000,1177500
3,95,1180000,1182500
2,95,1185000,1187500
9,95,1222500,1225000
8,95,1250000,1252500
9,95,1255000,1257500
8,95,1312500,1315000
9,95,1315000,1317500
8,95,1345000,1347500
9,95,1347500,1350000
8,95,1350000,1352500
9,95,1365000,1367500
8,95,1400000,1402500
9,95,1437500,1440000
8,95,1462500,1465000
8,96,12500,15000
1,96,47500,50000
0,96,50000,52500
1,96,107500,110000
0,96,110000,112500
1,96,120000,122500
0,96,127500,130000
9,96,132500,135000
8,96,135000,137500
1,96,137500,140000
0,96,140000,142500
1,96,152500,155000
0,96,160000,162500
3,96,170000,172500
0,96,180000,182500
1,96,182500,185000
6,96,215000,217500
3,96,217500,220000
2,96,230000,232500
9,96,232500,235000
2,96,247500,250000
9,96,262500,265000
8,96,277500,280000
3,96,280000,282500
2,96,282500,285000
9,96,287500,290000
8,96,317500,320000
9,96,325000,327500
0,96,332500,335000
3,96,335000,337500
2,96,337500,340000
7,96,342500,345000
0,96,360000,362500
1,96,362500,365000
2,96,372500,375000
1,96,390000,392500
0,96,400000,402500
3,96,402500,405000
2,96,407500,410000
1,96,447500,450000
0,96,450000,452500
3,96,457500,460000
2,96,462500,465000
7,96,465000,467500
2,96,470000,472500
9,96,472500,475000
8,96,510000,512500
3,96,515000,517500
0,96,527500,530000
9,96,535000,537500
8,96,542500,545000
9,96,547500,550000
8,96,550000,552500
3,96,555000,557500
2,96,557500,560000
1,96,582500,585000
0,96,585000,587500
9,96,587500,590000
8,96,592500,595000
9,96,607500,610000
8,96,610000,612500
9,96,632500,635000
8,96,635000,637500
9,96,637500,640000
8,96,640000,642500
9,96,650000,652500
8,96,655000,657500
9,96,675000,677500
8,96,677500,680000
9,96,680000,682500
8,96,682500,685000
3,96,692500,695000
2,96,712500,715000
1,96,715000,717500
2,96,750000,752500
9,96,762500,765000
8,96,772500,775000
9,96,777500,780000
8,96,787500,790000
3,96,817500,820000
2,96,825000,827500
3,96,862500,865000
2,96,865000,867500
3,96,935000,937500
2,96,947500,950000
3,96,950000,952500
2,96,952500,955000
3,96,955000,957500
2,96,960000,962500
3,96,967500,970000
2,96,975000,977500
3,96,977500,980000
2,96,982500,985000
3,96,985000,987500
2,96,992500,995000
1,96,997500,1000000
2,96,1002500,1005000
3,96,1012500,1015000
2,96,1015000,1017500
3,96,1017500,1020000
2,96,1020000,1022500
9,96,1027500,1030000
8,96,1030000,1032500
9,96,1037500,1040000
2,96,1047500,1050000
3,96,1050000,1052500
2,96,1055000,1057500
3,96,1065000,1067500
2,96,1067500,1070000
3,96,1072500,1075000
2,96,1077500,1080000
9,96,1080000,1082500
8,96,1092500,1095000
3,96,1095000,1097500
2,96,1100000,1102500
9,96,1102500,1105000
8,96,1112500,1115000
3,96,1115000,1117500
2,96,1117500,1120000
9,96,1162500,1165000
8,96,1167500,1170000
9,96,1225000,1227500
8,96,1227500,1230000
3,96,1230000,1232500
2,96,1232500,1235000
3,96,1235000,1237500
2,96,1237500,1240000
3,96,1255000,1257500
2,96,1260000,1262500
3,96,1267500,1270000
2,96,1275000,1277500
9,96,1280000,1282500
2,96,1287500,1290000
9,96,1315000,1317500
7,97,20000,22500
6,97,35000,37500
7,97,40000,42500
6,97,47500,50000
7,97,62500,65000
6,97,65000,67500
7,97,67500,70000
6,97,72500,75000
7,97,75000,77500
8,97,80000,82500
7,97,82500,85000
6,97,105000,107500
7,97,120000,122500
8,97,127500,130000
7,97,185000,187500
6,97,220000,222500
7,97,230000,232500
0,97,240000,242500
3,97,267500,270000
2,97,270000,272500
7,97,275000,277500
6,97,277500,280000
5,97,290000,292500
2,97,297500,300000
7,97,302500,305000
2,97,330000,332500
7,97,332500,335000
6,97,337500,340000
9,97,347500,350000
8,97,350000,352500
9,97,352500,355000
2,97,360000,362500
3,97,415000,417500
4,97,422500,425000
3,97,427500,430000
2,97,447500,450000
9,97,472500,475000
8,97,475000,477500
5,97,507500,510000
4,97,510000,512500
7,97,552500,555000
6,97,572500,575000
7,97,582500,585000
6,97,585000,587500
7,97,597500,600000
6,97,600000,602500
7,97,630000,632500
0,97,652500,655000
7,97,655000,657500
6,97,657500,660000
3,97,685000,687500
2,97,687500,690000
7,97,692500,695000
6,97,697500,700000
7,97,700000,702500
6,97,715000,717500
7,97,720000,722500
6,97,787500,790000
9,97,797500,800000
6,97,870000,872500
7,97,872500,875000
6,97,917500,920000
9,97,920000,922500
8,97,950000,952500
9,97,960000,962500
6,97,1067500,1070000
9,97,1072500,1075000
8,97,1120000,1122500
7,97,1122500,1125000
6,97,1125000,1127500
7,97,1132500,1135000
8,97,1177500,1180000
7,97,1187500,1190000
8,97,1215000,1217500
9,97,1235000,1237500
8,97,1237500,1240000
9,97,1245000,1247500
8,98,2500,5000
5,98,12500,15000
8,98,35000,37500
9,98,40000,42500
8,98,42500,45000
9,98,50000,52500
8,98,120000,122500
9,98,122500,125000
8,98,125000,127500
9,98,145000,147500
8,98,152500,155000
1,98,170000,172500
0,98,172500,175000
5,98,175000,177500
4,98,177500,180000
1,98,182500,185000
0,98,217500,220000
9,98,222500,225000
8,98,225000,227500
9,98,245000,247500
8,98,250000,252500
9,98,252500,255000
8,98,257500,260000
9,98,260000,262500
8,98,267500,270000
9,98,282500,285000
8,98,287500,290000
1,98,335000,337500
0,98,340000,342500
1,98,347500,350000
0,98,365000,367500
9,98,367500,370000
8,98,375000,377500
9,98,382500,385000
8,98,385000,387500
9,98,390000,392500
8,98,397500,400000
9,98,470000,472500
8,98,477500,480000
5,98,480000,482500
8,98,490000,492500
5,98,505000,507500
4,98,507500,510000
5,98,512500,515000
4,98,517500,520000
5,98,525000,527500
8,98,530000,532500
5,98,535000,537500
8,98,540000,542500
9,98,547500,550000
8,98,557500,560000
9,98,560000,562500
8,98,577500,580000
9,98,580000,582500
8,98,600000,602500
9,98,602500,605000
8,98,630000,632500
9,98,632500,635000
8,98,707500,710000
9,98,740000,742500
2,98,760000,762500
9,98,762500,765000
8,98,777500,780000
9,98,782500,785000
8,98,795000,797500
9,98,800000,802500
8,98,1155000,1157500
9,98,1157500,1160000
9,99,0,2500
8,99,7500,10000
9,99,10000,12500
8,99,12500,15000
9,99,72500,75000
8,99,75000,77500
3,99,115000,117500
2,99,120000,122500
1,99,125000,127500
4,99,137500,140000
1,99,157500,160000
0,99,162500,165000
7,99,165000,167500
0,99,180000,182500
3,99,182500,185000
6,99,215000,217500
3,99,220000,222500
2,99,222500,225000
1,99,225000,227500
0,99,230000,232500
3,99,237500,240000
0,99,257500,260000
9,99,260000,262500
0,99,270000,272500
7,99,272500,275000
6,99,277500,280000
1,99,280000,282500
0,99,285000,287500
7,99,287500,290000
2,99,342500,345000
9,99,345000,347500
0,99,365000,367500
1,99,390000,392500
2,99,400000,402500
3,99,402500,405000
2,99,407500,410000
3,99,447500,450000
2,99,450000,452500
3,99,457500,460000
2,99,465000,467500
3,99,470000,472500
0,99,510000,512500
3,99,512500,515000
2,99,515000,517500
1,99,530000,532500
0,99,535000,537500
9,99,537500,540000
8,99,545000,547500
9,99,550000,552500
8,99,552500,555000
7,99,582500,585000
6,99,585000,587500
9,99,650000,652500
8,99,657500,660000
9,99,672500,675000
8,99,687500,690000
3,99,692500,695000
2,99,712500,715000
1,99,717500,720000
2,99,750000,752500
9,99,752500,755000
8,99,755000,757500
9,99,762500,765000
6,99,785000,787500
3,99,792500,795000
2,99,795000,797500
3,99,797500,800000
2,99,802500,805000
3,99,892500,895000
2,99,895000,897500
3,99,990000,992500
2,99,992500,995000
9,99,997500,1000000
8,99,1000000,1002500
9,99,1005000,1007500
8,99,1010000,1012500
3,99,1040000,1042500
2,99,1045000,1047500
3,99,1087500,1090000
2,99,1092500,1095000
9,99,1145000,1147500
8,99,1147500,1150000
9,99,1225000,1227500
8,99,1227500,1230000
3,99,1230000,1232500
2,99,1232500,1235000
9,99,1280000,1282500
8,99,1282500,1285000
3,99,1285000,1287500
2,99,1287500,1290000
9,99,1317500,1320000
7,100,62500,65000
6,100,65000,67500
7,100,67500,70000
6,100,70000,72500
3,100,122500,125000
2,100,125000,127500
9,100,165000,167500
6,100,220000,222500
7,100,232500,235000
6,100,245000,247500
3,100,262500,265000
2,100,267500,270000
3,100,272500,275000
2,100,275000,277500
7,100,277500,280000
6,100,280000,282500
7,100,285000,287500
2,100,295000,297500
3,100,297500,300000
2,100,327500,330000
3,100,332500,335000
2,100,337500,340000
7,100,345000,347500
2,100,357500,360000
3,100,385000,387500
2,100,387500,390000
7,100,432500,435000
6,100,437500,440000
7,100,445000,447500
6,100,450000,452500
3,100,467500,470000
2,100,475000,477500
3,100,492500,495000
2,100,510000,512500
7,100,547500,550000
6,100,550000,552500
7,100,677500,680000
6,100,710000,712500
9,100,757500,760000
6,100,772500,775000
7,100,787500,790000
6,100,807500,810000
9,100,860000,862500
8,100,872500,875000
7,100,912500,915000
8,100,917500,920000
9,100,925000,927500
8,100,927500,930000
7,100,930000,932500
8,100,935000,937500
7,100,1000000,1002500
6,100,1002500,1005000
9,100,1042500,1045000
8,100,1055000,1057500
9,100,1062500,1065000
8,100,1067500,1070000
9,100,1072500,1075000
8,100,1077500,1080000
9,100,1135000,1137500
8,100,1137500,1140000
9,100,1140000,1142500
8,100,1142500,1145000
9,100,1152500,1155000
8,100,1170000,1172500
9,100,1172500,1175000
8,100,1175000,1177500
7,100,1205000,1207500
6,100,1207500,1210000
9,101,60000,62500
8,101,62500,65000
5,101,187500,190000
4,101,200000,202500
3,101,275000,277500
2,101,280000,282500
7,101,290000,292500
6,101,297500,300000
1,101,322500,325000
0,101,325000,327500
9,101,350000,352500
8,101,360000,362500
9,101,365000,367500
8,101,367500,370000
9,101,372500,375000
8,101,377500,380000
9,101,430000,432500
2,101,442500,445000
9,101,502500,505000
8,101,505000,507500
1,101,510000,512500
0,101,522500,525000
1,101,527500,530000
0,101,542500,545000
9,101,545000,547500
8,101,547500,550000
9,101,557500,560000
8,101,567500,570000
9,101,600000,602500
8,101,610000,612500
9,101,765000,767500
8,101,767500,770000
9,101,852500,855000
8,101,907500,910000
9,101,910000,912500
8,101,935000,937500
9,101,937500,940000
8,101,990000,992500
9,101,992500,995000
8,101,1065000,1067500
9,101,1067500,1070000
8,101,1077500,1080000
9,101,1080000,1082500
8,101,1085000,1087500
9,101,1087500,1090000
8,101,1107500,1110000
9,101,1112500,1115000
8,101,1167500,1170000
9,101,1170000,1172500
8,101,1175000,1177500
9,101,1182500,1185000
8,101,1200000,1202500
9,101,1202500,1205000
8,101,1227500,1230000
9,101,1230000,1232500
8,101,1235000,1237500
9,101,1242500,1245000
8,101,1250000,1252500
9,101,1260000,1262500
8,101,1262500,1265000
9,101,1270000,1272500
8,102,40000,42500
9,102,42500,45000
8,102,45000,47500
9,102,47500,50000
8,102,120000,122500
9,102,122500,125000
8,102,125000,127500
9,102,127500,130000
8,102,150000,152500
9,102,170000,172500
8,102,175000,177500
1,102,177500,180000
0,102,180000,182500
7,102,187500,190000
6,102,190000,192500
7,102,197500,200000
6,102,205000,207500
9,102,220000,222500
8,102,227500,230000
9,102,250000,252500
8,102,277500,280000
9,102,282500,285000
0,102,312500,315000
9,102,320000,322500
6,102,347500,350000
7,102,352500,355000
2,102,380000,382500
1,102,382500,385000
8,102,400000,402500
9,102,402500,405000
6,102,450000,452500
9,102,455000,457500
8,102,457500,460000
5,102,462500,465000
8,102,482500,485000
7,102,492500,495000
8,102,530000,532500
7,102,537500,540000
6,102,540000,542500
9,102,550000,552500
8,102,597500,600000
9,102,600000,602500
8,102,607500,610000
9,102,610000,612500
6,102,702500,705000
9,102,705000,707500
8,102,755000,757500
9,102,757500,760000
0,102,777500,780000
9,102,787500,790000
8,102,810000,812500
9,102,812500,815000
8,102,890000,892500
9,102,895000,897500
8,102,922500,925000
9,102,925000,927500
8,102,942500,945000
9,102,950000,952500
8,102,1102500,1105000
9,102,1105000,1107500
8,102,1217500,1220000
9,102,1220000,1222500
5,103,167500,170000
4,103,170000,172500
5,103,175000,177500
4,103,180000,182500
7,103,192500,195000
4,103,220000,222500
5,103,390000,392500
4,103,392500,395000
5,103,432500,435000
4,103,437500,440000
5,103,442500,445000
4,103,445000,447500
5,103,452500,455000
4,103,457500,460000
3,103,472500,475000
2,103,480000,482500
3,103,490000,492500
2,103,495000,497500
3,103,497500,500000
6,103,502500,505000
7,103,702500,705000
6,103,707500,710000
9,104,5000,7500
8,104,10000,12500
9,104,12500,15000
8,104,35000,37500
9,104,40000,42500
8,104,42500,45000
9,104,47500,50000
8,104,60000,62500
9,104,62500,65000
8,104,82500,85000
9,104,87500,90000
8,104,95000,97500
9,104,97500,100000
8,104,117500,120000
9,104,135000,137500
8,104,147500,150000
9,104,150000,152500
8,104,162500,165000
9,104,167500,170000
4,104,180000,182500
7,104,207500,210000
6,104,210000,212500
9,104,217500,220000
8,104,222500,225000
9,104,240000,242500
8,104,242500,245000
9,104,247500,250000
8,104,250000,252500
9,104,272500,275000
8,104,275000,277500
9,104,277500,280000
8,104,290000,292500
7,104,310000,312500
6,104,315000,317500
9,104,345000,347500
8,104,347500,350000
9,104,355000,357500
8,104,357500,360000
5,104,367500,370000
4,104,372500,375000
9,104,385000,387500
4,104,427500,430000
5,104,445000,447500
8,104,452500,455000
9,104,455000,457500
6,104,460000,462500
5,104,467500,470000
4,104,470000,472500
9,104,472500,475000
8,104,480000,482500
9,104,495000,497500
8,104,497500,500000
9,104,502500,505000
8,104,512500,515000
9,104,530000,532500
8,104,562500,565000
9,104,567500,570000
8,104,577500,580000
9,104,580000,582500
8,104,587500,590000
9,104,602500,605000
8,104,615000,617500
9,104,672500,675000
8,104,690000,692500
7,104,700000,702500
6,104,727500,730000
9,104,737500,740000
8,104,752500,755000
9,104,757500,760000
8,104,770000,772500
9,104,775000,777500
8,104,777500,780000
9,104,782500,785000
8,104,792500,795000
9,104,795000,797500
8,104,885000,887500
9,104,890000,892500
8,104,917500,920000
9,104,920000,922500
8,104,927500,930000
9,104,935000,937500
8,104,1065000,1067500
9,104,1067500,1070000
8,105,0,2500
9,105,2500,5000
8,105,45000,47500
9,105,47500,50000
8,105,150000,152500
9,105,157500,160000
8,105,160000,162500
5,105,177500,180000
4,105,180000,182500
7,105,195000,197500
6,105,207500,210000
9,105,220000,222500
8,105,227500,230000
1,105,235000,237500
0,105,237500,240000
5,105,247500,250000
8,105,280000,282500
9,105,282500,285000
0,105,302500,305000
1,105,312500,315000
0,105,322500,325000
9,105,325000,327500
6,105,357500,360000
9,105,360000,362500
8,105,397500,400000
1,105,400000,402500
8,105,447500,450000
9,105,450000,452500
8,105,452500,455000
9,105,455000,457500
8,105,465000,467500
9,105,467500,470000
0,105,482500,485000
1,105,492500,495000
8,105,502500,505000
9,105,505000,507500
8,105,545000,547500
9,105,550000,552500
8,105,582500,585000
9,105,585000,587500
8,105,632500,635000
9,105,635000,637500
8,105,672500,675000
7,105,675000,677500
8,105,685000,687500
9,105,690000,692500
0,105,695000,697500
7,105,707500,710000
6,105,710000,712500
1,105,712500,715000
8,105,752500,755000
9,105,757500,760000
8,105,760000,762500
7,105,770000,772500
8,105,912500,915000
9,105,915000,917500
8,105,937500,940000
9,105,947500,950000
5,106,0,2500
4,106,5000,7500
5,106,10000,12500
4,106,12500,15000
3,106,122500,125000
2,106,125000,127500
5,106,175000,177500
4,106,180000,182500
3,106,187500,190000
2,106,190000,192500
7,106,205000,207500
0,106,220000,222500
5,106,270000,272500
6,106,275000,277500
5,106,315000,317500
4,106,322500,325000
5,106,332500,335000
4,106,335000,337500
3,106,342500,345000
2,106,345000,347500
7,106,350000,352500
6,106,352500,355000
5,106,395000,397500
4,106,412500,415000
5,106,425000,427500
4,106,430000,432500
3,106,457500,460000
2,106,462500,465000
3,106,465000,467500
6,106,472500,475000
7,106,525000,527500
4,106,535000,537500
5,106,547500,550000
4,106,552500,555000
5,106,555000,557500
4,106,562500,565000
5,106,645000,647500
4,106,660000,662500
5,106,682500,685000
4,106,685000,687500
3,106,702500,705000
2,106,710000,712500
8,107,0,2500
9,107,5000,7500
8,107,10000,12500
9,107,12500,15000
8,107,25000,27500
9,107,40000,42500
8,107,42500,45000
9,107,47500,50000
8,107,52500,55000
9,107,55000,57500
8,107,62500,65000
9,107,65000,67500
8,107,67500,70000
9,107,70000,72500
8,107,75000,77500
9,107,80000,82500
8,107,82500,85000
9,107,85000,87500
8,107,110000,112500
9,107,122500,125000
8,107,152500,155000
9,107,157500,160000
8,107,160000,162500
9,107,170000,172500
8,107,172500,175000
3,107,260000,262500
2,107,272500,275000
3,107,282500,285000
2,107,290000,292500
5,107,315000,317500
4,107,317500,320000
3,107,325000,327500
2,107,330000,332500
9,107,335000,337500
8,107,345000,347500
9,107,355000,357500
8,107,357500,360000
3,107,435000,437500
2,107,437500,440000
9,107,457500,460000
8,107,460000,462500
5,107,475000,477500
8,107,480000,482500
3,107,482500,485000
2,107,485000,487500
3,107,497500,500000
2,107,502500,505000
3,107,512500,515000
2,107,515000,517500
9,107,535000,537500
8,107,540000,542500
9,107,547500,550000
8,107,550000,552500
9,107,562500,565000
8,107,567500,570000
9,107,572500,575000
8,107,577500,580000
9,107,612500,615000
8,107,615000,617500
9,107,617500,620000
8,107,632500,635000
9,107,652500,655000
8,107,657500,660000
9,107,660000,662500
8,107,672500,675000
9,107,697500,700000
8,107,700000,702500
9,107,755000,757500
8,107,760000,762500
9,107,765000,767500
8,107,770000,772500
9,107,777500,780000
8,107,780000,782500
9,107,782500,785000
8,107,860000,862500
9,107,865000,867500
8,107,870000,872500
9,107,872500,875000
8,107,927500,930000
9,107,930000,932500
8,107,1005000,1007500
9,107,1010000,1012500
8,107,1122500,1125000
9,107,1127500,1130000
8,107,1237500,1240000
7,108,25000,27500
6,108,27500,30000
7,108,30000,32500
6,108,35000,37500
7,108,40000,42500
6,108,42500,45000
1,108,95000,97500
0,108,97500,100000
3,108,100000,102500
2,108,102500,105000
7,108,107500,110000
6,108,110000,112500
3,108,122500,125000
2,108,125000,127500
5,108,167500,170000
4,108,172500,175000
7,108,197500,200000
6,108,200000,202500
3,108,217500,220000
2,108,220000,222500
7,108,222500,225000
6,108,225000,227500
5,108,260000,262500
4,108,265000,267500
5,108,270000,272500
4,108,275000,277500
5,108,320000,322500
4,108,322500,325000
3,108,357500,360000
2,108,360000,362500
3,108,365000,367500
2,108,370000,372500
3,108,390000,392500
2,108,400000,402500
5,108,417500,420000
4,108,420000,422500
3,108,465000,467500
2,108,467500,470000
3,108,470000,472500
2,108,477500,480000
3,108,537500,540000
2,108,542500,545000
3,108,545000,547500
2,108,550000,552500
3,108,567500,570000
2,108,570000,572500
3,108,582500,585000
2,108,585000,587500
3,108,615000,617500
2,108,630000,632500
3,108,637500,640000
2,108,640000,642500
3,108,657500,660000
2,108,662500,665000
3,108,692500,695000
2,108,695000,697500
3,108,752500,755000
2,108,757500,760000
7,108,777500,780000
6,108,780000,782500
3,108,782500,785000
2,108,785000,787500
3,108,792500,795000
2,108,795000,797500
3,108,810000,812500
2,108,812500,815000
3,108,822500,825000
2,108,825000,827500
3,108,842500,845000
2,108,845000,847500
3,108,855000,857500
6,108,867500,870000
1,108,885000,887500
0,108,887500,890000
3,108,892500,895000
2,108,895000,897500
3,108,910000,912500
2,108,912500,915000
3,108,927500,930000
2,108,930000,932500
3,108,970000,972500
2,108,972500,975000
3,108,982500,985000
2,108,985000,987500
3,108,1002500,1005000
2,108,1010000,1012500
7,108,1015000,1017500
8,108,1020000,1022500
7,108,1022500,1025000
6,108,1025000,1027500
3,108,1040000,1042500
2,108,1042500,1045000
3,108,1045000,1047500
2,108,1047500,1050000
3,108,1052500,1055000
2,108,1062500,1065000
7,108,1065000,1067500
6,108,1067500,1070000
7,108,1072500,1075000
6,108,1077500,1080000
7,108,1080000,1082500
6,108,1082500,1085000
7,108,1087500,1090000
6,108,1090000,1092500
3,108,1107500,1110000
2,108,1110000,1112500
7,109,20000,22500
6,109,22500,25000
3,109,45000,47500
2,109,52500,55000
3,109,67500,70000
2,109,70000,72500
3,109,95000,97500
2,109,97500,100000
3,109,125000,127500
2,109,132500,135000
3,109,145000,147500
2,109,147500,150000
3,109,167500,170000
2,109,170000,172500
3,109,190000,192500
2,109,195000,197500
3,109,202500,205000
2,109,205000,207500
3,109,230000,232500
2,109,232500,235000
3,109,237500,240000
2,109,242500,245000
3,109,312500,315000
2,109,315000,317500
3,109,317500,320000
2,109,320000,322500
3,109,387500,390000
2,109,392500,395000
3,109,430000,432500
2,109,440000,442500
3,109,467500,470000
2,109,477500,480000
3,109,595000,597500
2,109,610000,612500
3,109,617500,620000
2,109,640000,642500
3,109,767500,770000
6,109,780000,782500
3,109,785000,787500
2,109,795000,797500
3,109,820000,822500
2,109,825000,827500
7,109,852500,855000
6,109,855000,857500
3,109,880000,882500
2,109,887500,890000
3,109,890000,892500
2,109,892500,895000
3,109,897500,900000
2,109,900000,902500
9,109,907500,910000
8,109,910000,912500
3,109,912500,915000
2,109,915000,917500
3,109,927500,930000
2,109,930000,932500
3,109,932500,935000
2,109,940000,942500
3,109,960000,962500
2,109,962500,965000
3,109,967500,970000
2,109,972500,975000
7,109,1012500,1015000
6,109,1017500,1020000
5,110,20000,22500
4,110,22500,25000
9,110,32500,35000
8,110,35000,37500
9,110,40000,42500
8,110,42500,45000
3,110,45000,47500
2,110,47500,50000
3,110,60000,62500
2,110,62500,65000
9,110,65000,67500
2,110,72500,75000
3,110,85000,87500
2,110,87500,90000
9,110,90000,92500
8,110,95000,97500
9,110,107500,110000
8,110,110000,112500
9,110,120000,122500
2,110,130000,132500
3,110,145000,147500
2,110,147500,150000
3,110,155000,157500
2,110,157500,160000
3,110,165000,167500
2,110,170000,172500
3,110,175000,177500
2,110,177500,180000
3,110,187500,190000
2,110,195000,197500
3,110,202500,205000
2,110,205000,207500
3,110,207500,210000
2,110,215000,217500
3,110,230000,232500
2,110,235000,237500
3,110,237500,240000
2,110,242500,245000
9,110,245000,247500
8,110,250000,252500
3,110,367500,370000
8,110,372500,375000
9,110,377500,380000
8,110,380000,382500
3,110,422500,425000
2,110,425000,427500
3,110,452500,455000
8,110,457500,460000
3,110,467500,470000
2,110,477500,480000
3,110,480000,482500
2,110,482500,485000
9,110,485000,487500
8,110,487500,490000
9,110,497500,500000
8,110,500000,502500
9,110,505000,507500
8,110,507500,510000
9,110,515000,517500
8,110,535000,537500
3,110,537500,540000
8,110,550000,552500
9,110,562500,565000
8,110,577500,580000
9,110,587500,590000
8,110,590000,592500
3,110,600000,602500
2,110,602500,605000
9,110,615000,617500
8,110,620000,622500
9,110,622500,625000
8,110,632500,635000
3,110,637500,640000
2,110,642500,645000
9,110,647500,650000
2,110,680000,682500
9,110,692500,695000
8,110,695000,697500
3,110,700000,702500
2,110,702500,705000
9,110,705000,707500
8,110,707500,710000
9,110,722500,725000
8,110,727500,730000
3,110,732500,735000
2,110,740000,742500
3,110,750000,752500
2,110,755000,757500
3,110,757500,760000
2,110,760000,762500
9,110,777500,780000
8,110,780000,782500
3,110,782500,785000
2,110,785000,787500
3,110,792500,795000
2,110,797500,800000
9,110,810000,812500
8,110,812500,815000
3,110,822500,825000
2,110,825000,827500
9,110,855000,857500
8,110,865000,867500
9,110,875000,877500
8,110,877500,880000
3,110,882500,885000
2,110,887500,890000
9,110,895000,897500
8,110,897500,900000
9,110,902500,905000
8,110,915000,917500
9,110,917500,920000
8,110,920000,922500
9,110,922500,925000
8,110,925000,927500
9,110,945000,947500
8,110,947500,950000
9,110,982500,985000
8,110,985000,987500
9,110,995000,997500
8,110,997500,1000000
9,110,1005000,1007500
8,110,1017500,1020000
9,110,1035000,1037500
8,110,1045000,1047500
9,110,1050000,1052500
8,110,1060000,1062500
9,110,1062500,1065000
8,110,1082500,1085000
9,110,1085000,1087500
8,110,1097500,1100000
9,110,1100000,1102500
8,110,1112500,1115000
9,110,1120000,1122500
7,111,32500,35000
6,111,35000,37500
7,111,107500,110000
6,111,110000,112500
3,111,125000,127500
2,111,127500,130000
3,111,140000,142500
2,111,142500,145000
1,111,170000,172500
0,111,172500,175000
7,111,197500,200000
6,111,200000,202500
7,111,222500,225000
6,111,225000,227500
5,111,242500,245000
4,111,245000,247500
5,111,250000,252500
4,111,252500,255000
5,111,257500,260000
4,111,280000,282500
5,111,282500,285000
4,111,287500,290000
5,111,292500,295000
4,111,297500,300000
5,111,302500,305000
4,111,307500,310000
5,111,320000,322500
4,111,325000,327500
5,111,332500,335000
4,111,337500,340000
3,111,357500,360000
2,111,360000,362500
3,111,367500,370000
2,111,370000,372500
3,111,390000,392500
2,111,392500,395000
3,111,395000,397500
2,111,400000,402500
5,111,415000,417500
4,111,420000,422500
3,111,537500,540000
2,111,547500,550000
3,111,567500,570000
2,111,570000,572500
3,111,582500,585000
2,111,585000,587500
3,111,605000,607500
2,111,607500,610000
3,111,617500,620000
2,111,620000,622500
3,111,657500,660000
2,111,662500,665000
9,111,695000,697500
8,111,700000,702500
9,111,727500,730000
8,111,730000,732500
9,111,737500,740000
8,111,742500,745000
3,111,792500,795000
2,111,795000,797500
3,111,822500,825000
2,111,827500,830000
3,111,840000,842500
2,111,845000,847500
3,111,857500,860000
6,111,867500,870000
3,111,892500,895000
2,111,915000,917500
3,111,927500,930000
2,111,932500,935000
3,111,935000,937500
2,111,937500,940000
3,111,940000,942500
2,111,942500,945000
3,111,965000,967500
2,111,975000,977500
3,111,977500,980000
2,111,980000,982500
3,111,982500,985000
2,111,985000,987500
3,111,995000,997500
2,111,1000000,1002500
3,111,1002500,1005000
2,111,1012500,1015000
3,111,1015000,1017500
2,111,1017500,1020000
3,111,1037500,1040000
2,111,1040000,1042500
3,111,1050000,1052500
2,111,1062500,1065000
7,112,20000,22500
6,112,22500,25000
3,112,45000,47500
2,112,52500,55000
3,112,67500,70000
2,112,72500,75000
3,112,82500,85000
2,112,85000,87500
3,112,95000,97500
2,112,97500,100000
3,112,125000,127500
2,112,132500,135000
3,112,145000,147500
2,112,147500,150000
3,112,165000,167500
2,112,170000,172500
3,112,187500,190000
6,112,200000,202500
3,112,210000,212500
2,112,215000,217500
3,112,230000,232500
2,112,232500,235000
3,112,242500,245000
2,112,245000,247500
7,112,292500,295000
6,112,295000,297500
7,112,335000,337500
6,112,347500,350000
3,112,390000,392500
2,112,405000,407500
7,112,415000,417500
6,112,425000,427500
3,112,427500,430000
2,112,432500,435000
3,112,435000,437500
2,112,437500,440000
3,112,455000,457500
2,112,470000,472500
7,112,485000,487500
6,112,500000,502500
7,112,510000,512500
6,112,522500,525000
5,112,547500,550000
4,112,552500,555000
3,112,587500,590000
2,112,597500,600000
3,112,610000,612500
2,112,615000,617500
7,112,617500,620000
2,112,625000,627500
3,112,627500,630000
2,112,630000,632500
7,112,640000,642500
6,112,670000,672500
7,112,672500,675000
6,112,675000,677500
3,112,727500,730000
2,112,730000,732500
3,112,757500,760000
2,112,760000,762500
3,112,782500,785000
2,112,787500,790000
1,112,815000,817500
0,112,817500,820000
3,112,867500,870000
2,112,870000,872500
3,112,877500,880000
2,112,882500,885000
3,112,885000,887500
2,112,887500,890000
3,112,890000,892500
2,112,897500,900000
3,112,905000,907500
2,112,912500,915000
3,112,920000,922500
2,112,937500,940000
3,112,955000,957500
2,112,967500,970000
3,112,987500,990000
2,112,990000,992500
3,112,995000,997500
2,112,997500,1000000
7,112,1010000,1012500
6,112,1012500,1015000
3,112,1037500,1040000
2,112,1040000,1042500
3,112,1050000,1052500
2,112,1055000,1057500
3,112,1090000,1092500
2,112,1092500,1095000
7,112,1115000,1117500
3,113,47500,50000
2,113,50000,52500
3,113,77500,80000
2,113,80000,82500
3,113,82500,85000
2,113,85000,87500
9,113,92500,95000
2,113,97500,100000
3,113,130000,132500
2,113,132500,135000
3,113,395000,397500
2,113,402500,405000
3,113,470000,472500
2,113,477500,480000
3,113,480000,482500
2,113,482500,485000
3,113,492500,495000
2,113,495000,497500
3,113,550000,552500
2,113,555000,557500
3,113,595000,597500
2,113,612500,615000
3,113,635000,637500
2,113,637500,640000
3,113,685000,687500
2,113,687500,690000
3,113,695000,697500
2,113,697500,700000
3,113,737500,740000
2,113,740000,742500
3,113,767500,770000
2,113,770000,772500
3,113,792500,795000
2,113,795000,797500
3,113,877500,880000
2,113,880000,882500
3,113,885000,887500
2,113,887500,890000
3,113,890000,892500
2,113,912500,915000
3,113,917500,920000
2,113,945000,947500
3,113,965000,967500
2,113,967500,970000
3,113,970000,972500
2,113,980000,982500
3,113,987500,990000
2,113,990000,992500
3,113,995000,997500
2,113,997500,1000000
3,113,1000000,1002500
8,113,1017500,1020000
9,113,1037500,1040000
8,113,1040000,1042500
3,113,1042500,1045000
2,113,1050000,1052500
3,113,1057500,1060000
2,113,1062500,1065000
3,113,1097500,1100000
2,113,1100000,1102500
5,113,1122500,1125000
5,114,20000,22500
4,114,22500,25000
5,114,157500,160000
4,114,160000,162500
5,114,210000,212500
4,114,215000,217500
5,114,232500,235000
4,114,242500,245000
5,114,257500,260000
4,114,262500,265000
5,114,270000,272500
4,114,272500,275000
5,114,285000,287500
4,114,287500,290000
5,114,292500,295000
4,114,295000,297500
5,114,312500,315000
4,114,322500,325000
5,114,327500,330000
4,114,337500,340000
5,114,347500,350000
4,114,350000,352500
5,114,360000,362500
4,114,365000,367500
5,114,375000,377500
4,114,377500,380000
5,114,477500,480000
4,114,482500,485000
5,114,487500,490000
4,114,495000,497500
5,114,535000,537500
4,114,537500,540000
5,114,550000,552500
4,114,560000,562500
5,114,640000,642500
4,114,645000,647500
9,114,652500,655000
8,114,655000,657500
5,114,662500,665000
4,114,667500,670000
5,114,675000,677500
4,114,677500,680000
5,114,682500,685000
4,114,687500,690000
5,114,695000,697500
4,114,697500,700000
5,114,737500,740000
4,114,745000,747500
5,114,1030000,1032500
4,114,1035000,1037500
7,115,242500,245000
6,115,245000,247500
5,115,1015000,1017500
4,115,1017500,1020000
5,115,1122500,1125000
5,116,2500,5000
4,116,5000,7500
5,116,10000,12500
4,116,12500,15000
5,116,20000,22500
4,116,25000,27500
9,116,55000,57500
8,116,57500,60000
5,116,100000,102500
4,116,107500,110000
5,116,172500,175000
4,116,175000,177500
5,116,197500,200000
4,116,202500,205000
5,116,207500,210000
4,116,215000,217500
5,116,222500,225000
4,116,227500,230000
5,116,232500,235000
4,116,240000,242500
5,116,242500,245000
4,116,247500,250000
5,116,257500,260000
4,116,300000,302500
5,116,302500,305000
4,116,310000,312500
5,116,320000,322500
4,116,325000,327500
5,116,332500,335000
4,116,347500,350000
5,116,360000,362500
4,116,365000,367500
5,116,377500,380000
4,116,380000,382500
5,116,382500,385000
4,116,387500,390000
5,116,415000,417500
4,116,420000,422500
5,116,450000,452500
4,116,452500,455000
5,116,480000,482500
4,116,482500,485000
5,116,492500,495000
4,116,497500,500000
5,116,512500,515000
4,116,515000,517500
9,116,520000,522500
8,116,525000,527500
9,116,550000,552500
8,116,552500,555000
9,116,560000,562500
8,116,562500,565000
9,116,565000,567500
8,116,570000,572500
9,116,640000,642500
8,116,642500,645000
9,116,647500,650000
8,116,657500,660000
5,116,675000,677500
4,116,677500,680000
5,116,682500,685000
4,116,690000,692500
9,116,692500,695000
8,116,695000,697500
5,116,710000,712500
4,116,712500,715000
5,116,717500,720000
4,116,720000,722500
5,116,737500,740000
4,116,745000,747500
9,116,1005000,1007500
8,116,1010000,1012500
5,116,1020000,1022500
4,116,1022500,1025000
5,116,1030000,1032500
8,116,1040000,1042500
9,116,1050000,1052500
8,116,1052500,1055000
9,116,1072500,1075000
8,116,1075000,1077500
9,116,1080000,1082500
8,116,1082500,1085000
9,116,1087500,1090000
8,116,1095000,1097500
9,116,1100000,1102500
8,116,1102500,1105000
5,116,1122500,1125000
5,117,157500,160000
4,117,160000,162500
5,117,172500,175000
4,117,177500,180000
5,117,207500,210000
4,117,215000,217500
5,117,225000,227500
4,117,227500,230000
5,117,232500,235000
4,117,235000,237500
5,117,237500,240000
4,117,242500,245000
5,117,250000,252500
4,117,252500,255000
5,117,257500,260000
4,117,265000,267500
5,117,272500,275000
4,117,277500,280000
9,117,282500,285000
4,117,297500,300000
5,117,302500,305000
4,117,307500,310000
5,117,310000,312500
4,117,320000,322500
5,117,327500,330000
4,117,337500,340000
5,117,347500,350000
4,117,350000,352500
5,117,360000,362500
4,117,365000,367500
5,117,382500,385000
4,117,385000,387500
9,117,457500,460000
8,117,460000,462500
9,117,480000,482500
8,117,482500,485000
5,117,487500,490000
4,117,495000,497500
9,117,502500,505000
8,117,505000,507500
9,117,522500,525000
8,117,527500,530000
7,117,542500,545000
6,117,545000,547500
7,117,547500,550000
8,117,555000,557500
5,117,557500,560000
4,117,560000,562500
9,117,622500,625000
8,117,630000,632500
9,117,647500,650000
8,117,650000,652500
9,117,652500,655000
8,117,655000,657500
5,117,662500,665000
4,117,665000,667500
5,117,685000,687500
4,117,687500,690000
7,117,692500,695000
8,117,697500,700000
9,117,737500,740000
8,117,740000,742500
7,117,752500,755000
6,117,755000,757500
9,117,817500,820000
8,117,820000,822500
9,117,857500,860000
8,117,860000,862500
5,117,880000,882500
4,117,882500,885000
9,117,1025000,1027500
8,117,1027500,1030000
5,117,1030000,1032500
4,117,1035000,1037500
5,117,1045000,1047500
4,117,1047500,1050000
9,117,1050000,1052500
8,117,1057500,1060000
9,117,1072500,1075000
8,117,1075000,1077500
9,117,1105000,1107500
8,117,1107500,1110000
5,117,1112500,1115000
4,117,1115000,1117500
5,117,1122500,1125000
5,118,257500,260000
4,118,277500,280000
5,118,287500,290000
4,118,297500,300000
5,118,320000,322500
4,118,322500,325000
5,118,332500,335000
4,118,337500,340000
5,118,345000,347500
4,118,347500,350000
5,118,360000,362500
4,118,362500,365000
5,118,372500,375000
4,118,375000,377500
4,119,7500,10000
5,119,10000,12500
2,119,15000,17500
5,119,17500,20000
4,119,30000,32500
5,119,40000,42500
4,119,47500,50000
5,119,50000,52500
4,119,52500,55000
5,119,55000,57500
2,119,60000,62500
3,119,67500,70000
2,119,70000,72500
5,119,97500,100000
4,119,107500,110000
5,119,110000,112500
4,119,115000,117500
3,119,120000,122500
2,119,122500,125000
5,119,125000,127500
2,119,130000,132500
3,119,145000,147500
4,119,180000,182500
3,119,190000,192500
4,119,202500,205000
5,119,205000,207500
4,119,217500,220000
5,119,220000,222500
4,119,247500,250000
5,119,257500,260000
4,119,262500,265000
5,119,267500,270000
4,119,270000,272500
5,119,272500,275000
4,119,277500,280000
5,119,282500,285000
4,119,295000,297500
5,119,297500,300000
4,119,302500,305000
5,119,305000,307500
4,119,310000,312500
5,119,312500,315000
4,119,322500,325000
5,119,327500,330000
4,119,345000,347500
3,119,352500,355000
2,119,370000,372500
3,119,372500,375000
4,119,382500,385000
5,119,412500,415000
4,119,420000,422500
3,119,422500,425000
2,119,437500,440000
3,119,470000,472500
2,119,482500,485000
3,119,487500,490000
4,119,497500,500000
3,119,500000,502500
4,119,515000,517500
3,119,525000,527500
2,119,527500,530000
3,119,532500,535000
2,119,560000,562500
3,119,570000,572500
2,119,585000,587500
3,119,605000,607500
2,119,617500,620000
3,119,635000,637500
2,119,640000,642500
3,119,655000,657500
2,119,667500,670000
3,119,670000,672500
2,119,675000,677500
3,119,682500,685000
2,119,687500,690000
3,119,695000,697500
2,119,697500,700000
5,119,710000,712500
4,119,712500,715000
5,119,717500,720000
4,119,720000,722500
3,119,727500,730000
2,119,730000,732500
3,119,735000,737500
2,119,740000,742500
3,119,755000,757500
4,119,765000,767500
3,119,780000,782500
2,119,785000,787500
5,119,787500,790000
2,119,807500,810000
3,119,817500,820000
2,119,820000,822500
3,119,822500,825000
4,119,830000,832500
3,119,837500,840000
2,119,840000,842500
3,119,845000,847500
4,119,852500,855000
5,119,867500,870000
4,119,870000,872500
5,119,880000,882500
2,119,887500,890000
5,119,945000,947500
4,119,950000,952500
5,119,952500,955000
4,119,960000,962500
5,119,990000,992500
4,119,992500,995000
5,119,997500,1000000
4,119,1000000,1002500
5,119,1017500,1020000
4,119,1025000,1027500
5,119,1030000,1032500
8,119,1040000,1042500
5,119,1042500,1045000
8,119,1055000,1057500
5,119,1062500,1065000
4,119,1065000,1067500
5,119,1072500,1075000
4,119,1075000,1077500
5,119,1082500,1085000
4,119,1085000,1087500
5,119,1090000,1092500
4,119,1095000,1097500
5,119,1122500,1125000
